deployment,dcim_folder,original_name,original_relpath,flat_name,size_bytes,mtime,action
CT14,100EK113,01080001.JPG,100EK113\01080001.JPG,01080001.JPG,6158062,2026-01-08 17:01:02,moved
CT14,100EK113,01080002.JPG,100EK113\01080002.JPG,01080002.JPG,6211054,2026-01-08 17:01:02,moved
CT14,100EK113,01080003.JPG,100EK113\01080003.JPG,01080003.JPG,5474304,2026-01-08 17:01:02,moved
CT14,100EK113,01080004.JPG,100EK113\01080004.JPG,01080004.JPG,5949973,2026-01-08 17:01:04,moved
CT14,100EK113,01080005.JPG,100EK113\01080005.JPG,01080005.JPG,5663327,2026-01-08 17:01:04,moved
CT14,100EK113,01080006.JPG,100EK113\01080006.JPG,01080006.JPG,6046530,2026-01-08 17:01:06,moved
CT14,100EK113,01080007.JPG,100EK113\01080007.JPG,01080007.JPG,5676542,2026-01-08 17:01:06,moved
CT14,100EK113,01080008.JPG,100EK113\01080008.JPG,01080008.JPG,5586437,2026-01-08 17:01:09,moved
CT14,100EK113,01080009.JPG,100EK113\01080009.JPG,01080009.JPG,5735053,2026-01-08 17:01:08,moved
CT14,100EK113,01080010.JPG,100EK113\01080010.JPG,01080010.JPG,5918708,2026-01-08 17:01:08,moved
CT14,100EK113,01080011.JPG,100EK113\01080011.JPG,01080011.JPG,5246974,2026-01-08 17:01:10,moved
CT14,100EK113,01080012.JPG,100EK113\01080012.JPG,01080012.JPG,5696130,2026-01-08 17:01:10,moved
CT14,100EK113,01080013.JPG,100EK113\01080013.JPG,01080013.JPG,5539462,2026-01-08 17:01:13,moved
CT14,100EK113,01080014.JPG,100EK113\01080014.JPG,01080014.JPG,5677806,2026-01-08 17:01:12,moved
CT14,100EK113,01080015.JPG,100EK113\01080015.JPG,01080015.JPG,5818532,2026-01-08 17:01:12,moved
CT14,100EK113,01080016.JPG,100EK113\01080016.JPG,01080016.JPG,5903159,2026-01-08 17:01:17,moved
CT14,100EK113,01080017.JPG,100EK113\01080017.JPG,01080017.JPG,5769865,2026-01-08 17:01:16,moved
CT14,100EK113,01080018.JPG,100EK113\01080018.JPG,01080018.JPG,5806464,2026-01-08 17:01:16,moved
CT14,100EK113,01080019.JPG,100EK113\01080019.JPG,01080019.JPG,5824053,2026-01-08 17:02:03,moved
CT14,100EK113,01080020.JPG,100EK113\01080020.JPG,01080020.JPG,5842001,2026-01-08 17:02:02,moved
CT14,100EK113,01080021.JPG,100EK113\01080021.JPG,01080021.JPG,5821330,2026-01-08 17:02:02,moved
CT14,100EK113,01080022.JPG,100EK113\01080022.JPG,01080022.JPG,6047652,2026-01-08 17:03:03,moved
CT14,100EK113,01080023.JPG,100EK113\01080023.JPG,01080023.JPG,5929980,2026-01-08 17:03:02,moved
CT14,100EK113,01080024.JPG,100EK113\01080024.JPG,01080024.JPG,5938446,2026-01-08 17:03:02,moved
CT14,100EK113,01080025.JPG,100EK113\01080025.JPG,01080025.JPG,5852582,2026-01-08 17:04:00,moved
CT14,100EK113,01080026.JPG,100EK113\01080026.JPG,01080026.JPG,5960749,2026-01-08 17:04:03,moved
CT14,100EK113,01080027.JPG,100EK113\01080027.JPG,01080027.JPG,5984366,2026-01-08 17:04:02,moved
CT14,100EK113,01080028.JPG,100EK113\01080028.JPG,01080028.JPG,5975227,2026-01-08 17:05:03,moved
CT14,100EK113,01080029.JPG,100EK113\01080029.JPG,01080029.JPG,5966649,2026-01-08 17:05:02,moved
CT14,100EK113,01080030.JPG,100EK113\01080030.JPG,01080030.JPG,5964640,2026-01-08 17:05:02,moved
CT14,100EK113,01080031.JPG,100EK113\01080031.JPG,01080031.JPG,6136596,2026-01-08 17:06:03,moved
CT14,100EK113,01080032.JPG,100EK113\01080032.JPG,01080032.JPG,6092520,2026-01-08 17:06:02,moved
CT14,100EK113,01080033.JPG,100EK113\01080033.JPG,01080033.JPG,6071879,2026-01-08 17:06:02,moved
CT14,100EK113,01080034.JPG,100EK113\01080034.JPG,01080034.JPG,5991981,2026-01-08 17:07:00,moved
CT14,100EK113,01080035.JPG,100EK113\01080035.JPG,01080035.JPG,5986590,2026-01-08 17:07:03,moved
CT14,100EK113,01080036.JPG,100EK113\01080036.JPG,01080036.JPG,5981386,2026-01-08 17:07:02,moved
CT14,100EK113,01080037.JPG,100EK113\01080037.JPG,01080037.JPG,6066688,2026-01-08 17:08:00,moved
CT14,100EK113,01080038.JPG,100EK113\01080038.JPG,01080038.JPG,6049619,2026-01-08 17:08:03,moved
CT14,100EK113,01080039.JPG,100EK113\01080039.JPG,01080039.JPG,6037531,2026-01-08 17:08:02,moved
CT14,100EK113,01080040.JPG,100EK113\01080040.JPG,01080040.JPG,6023950,2026-01-08 17:09:00,moved
CT14,100EK113,01080041.JPG,100EK113\01080041.JPG,01080041.JPG,6043885,2026-01-08 17:09:00,moved
CT14,100EK113,01080042.JPG,100EK113\01080042.JPG,01080042.JPG,6043969,2026-01-08 17:09:02,moved
CT14,100EK113,01080043.JPG,100EK113\01080043.JPG,01080043.JPG,6014986,2026-01-08 17:10:02,moved
CT14,100EK113,01080044.JPG,100EK113\01080044.JPG,01080044.JPG,6009689,2026-01-08 17:10:02,moved
CT14,100EK113,01080045.JPG,100EK113\01080045.JPG,01080045.JPG,6012884,2026-01-08 17:10:02,moved
CT14,100EK113,01080046.JPG,100EK113\01080046.JPG,01080046.JPG,6061155,2026-01-08 17:11:03,moved
CT14,100EK113,01080047.JPG,100EK113\01080047.JPG,01080047.JPG,6086224,2026-01-08 17:11:02,moved
CT14,100EK113,01080048.JPG,100EK113\01080048.JPG,01080048.JPG,6083909,2026-01-08 17:11:02,moved
CT14,100EK113,01080049.JPG,100EK113\01080049.JPG,01080049.JPG,6088376,2026-01-08 17:12:00,moved
CT14,100EK113,01080050.JPG,100EK113\01080050.JPG,01080050.JPG,6090238,2026-01-08 17:12:02,moved
CT14,100EK113,01080051.JPG,100EK113\01080051.JPG,01080051.JPG,6097536,2026-01-08 17:12:02,moved
CT14,100EK113,01080052.JPG,100EK113\01080052.JPG,01080052.JPG,6142705,2026-01-08 17:13:00,moved
CT14,100EK113,01080053.JPG,100EK113\01080053.JPG,01080053.JPG,6140233,2026-01-08 17:13:03,moved
CT14,100EK113,01080054.JPG,100EK113\01080054.JPG,01080054.JPG,6130187,2026-01-08 17:13:02,moved
CT14,100EK113,01080055.JPG,100EK113\01080055.JPG,01080055.JPG,6093854,2026-01-08 17:14:00,moved
CT14,100EK113,01080056.JPG,100EK113\01080056.JPG,01080056.JPG,6156813,2026-01-08 17:14:02,moved
CT14,100EK113,01080057.JPG,100EK113\01080057.JPG,01080057.JPG,6136932,2026-01-08 17:14:02,moved
CT14,100EK113,01080058.JPG,100EK113\01080058.JPG,01080058.JPG,6095675,2026-01-08 17:15:00,moved
CT14,100EK113,01080059.JPG,100EK113\01080059.JPG,01080059.JPG,6140374,2026-01-08 17:15:03,moved
CT14,100EK113,01080060.JPG,100EK113\01080060.JPG,01080060.JPG,6098771,2026-01-08 17:15:02,moved
CT14,100EK113,01080061.JPG,100EK113\01080061.JPG,01080061.JPG,6061945,2026-01-08 17:16:03,moved
CT14,100EK113,01080062.JPG,100EK113\01080062.JPG,01080062.JPG,6057570,2026-01-08 17:16:02,moved
CT14,100EK113,01080063.JPG,100EK113\01080063.JPG,01080063.JPG,6055306,2026-01-08 17:16:02,moved
CT14,100EK113,01080064.JPG,100EK113\01080064.JPG,01080064.JPG,6011578,2026-01-08 17:17:00,moved
CT14,100EK113,01080065.JPG,100EK113\01080065.JPG,01080065.JPG,6037760,2026-01-08 17:17:02,moved
CT14,100EK113,01080066.JPG,100EK113\01080066.JPG,01080066.JPG,6089292,2026-01-08 17:17:02,moved
CT14,100EK113,01080067.JPG,100EK113\01080067.JPG,01080067.JPG,6081960,2026-01-08 17:18:00,moved
CT14,100EK113,01080068.JPG,100EK113\01080068.JPG,01080068.JPG,6062308,2026-01-08 17:18:02,moved
CT14,100EK113,01080069.JPG,100EK113\01080069.JPG,01080069.JPG,6051870,2026-01-08 17:18:02,moved
CT14,100EK113,01080070.JPG,100EK113\01080070.JPG,01080070.JPG,6029746,2026-01-08 17:19:00,moved
CT14,100EK113,01080071.JPG,100EK113\01080071.JPG,01080071.JPG,6037146,2026-01-08 17:19:02,moved
CT14,100EK113,01080072.JPG,100EK113\01080072.JPG,01080072.JPG,6042386,2026-01-08 17:19:02,moved
CT14,100EK113,01080073.JPG,100EK113\01080073.JPG,01080073.JPG,6042799,2026-01-08 17:20:03,moved
CT14,100EK113,01080074.JPG,100EK113\01080074.JPG,01080074.JPG,6086893,2026-01-08 17:20:02,moved
CT14,100EK113,01080075.JPG,100EK113\01080075.JPG,01080075.JPG,6045896,2026-01-08 17:20:02,moved
CT14,100EK113,01080076.JPG,100EK113\01080076.JPG,01080076.JPG,6053022,2026-01-08 17:21:00,moved
CT14,100EK113,01080077.JPG,100EK113\01080077.JPG,01080077.JPG,6012431,2026-01-08 17:21:03,moved
CT14,100EK113,01080078.JPG,100EK113\01080078.JPG,01080078.JPG,6056151,2026-01-08 17:21:02,moved
CT14,100EK113,01080079.JPG,100EK113\01080079.JPG,01080079.JPG,6118601,2026-01-08 17:22:02,moved
CT14,100EK113,01080080.JPG,100EK113\01080080.JPG,01080080.JPG,6127396,2026-01-08 17:22:02,moved
CT14,100EK113,01080081.JPG,100EK113\01080081.JPG,01080081.JPG,6107749,2026-01-08 17:22:02,moved
CT14,100EK113,01080082.JPG,100EK113\01080082.JPG,01080082.JPG,6145603,2026-01-08 17:23:03,moved
CT14,100EK113,01080083.JPG,100EK113\01080083.JPG,01080083.JPG,6097630,2026-01-08 17:23:02,moved
CT14,100EK113,01080084.JPG,100EK113\01080084.JPG,01080084.JPG,6122273,2026-01-08 17:23:02,moved
CT14,100EK113,01080085.JPG,100EK113\01080085.JPG,01080085.JPG,6096930,2026-01-08 17:24:02,moved
CT14,100EK113,01080086.JPG,100EK113\01080086.JPG,01080086.JPG,6099285,2026-01-08 17:24:02,moved
CT14,100EK113,01080087.JPG,100EK113\01080087.JPG,01080087.JPG,6097373,2026-01-08 17:24:02,moved
CT14,100EK113,01080088.JPG,100EK113\01080088.JPG,01080088.JPG,6208362,2026-01-08 17:25:02,moved
CT14,100EK113,01080089.JPG,100EK113\01080089.JPG,01080089.JPG,6231456,2026-01-08 17:25:02,moved
CT14,100EK113,01080090.JPG,100EK113\01080090.JPG,01080090.JPG,6232973,2026-01-08 17:25:02,moved
CT14,100EK113,01080091.JPG,100EK113\01080091.JPG,01080091.JPG,6158290,2026-01-08 17:26:00,moved
CT14,100EK113,01080092.JPG,100EK113\01080092.JPG,01080092.JPG,6139509,2026-01-08 17:26:02,moved
CT14,100EK113,01080093.JPG,100EK113\01080093.JPG,01080093.JPG,6144225,2026-01-08 17:26:02,moved
CT14,100EK113,01080094.JPG,100EK113\01080094.JPG,01080094.JPG,5984521,2026-01-08 17:27:00,moved
CT14,100EK113,01080095.JPG,100EK113\01080095.JPG,01080095.JPG,5996142,2026-01-08 17:27:00,moved
CT14,100EK113,01080096.JPG,100EK113\01080096.JPG,01080096.JPG,5960954,2026-01-08 17:27:02,moved
CT14,100EK113,01080097.JPG,100EK113\01080097.JPG,01080097.JPG,6139312,2026-01-08 17:28:03,moved
CT14,100EK113,01080098.JPG,100EK113\01080098.JPG,01080098.JPG,6169685,2026-01-08 17:28:02,moved
CT14,100EK113,01080099.JPG,100EK113\01080099.JPG,01080099.JPG,6175202,2026-01-08 17:28:02,moved
CT14,100EK113,01080100.JPG,100EK113\01080100.JPG,01080100.JPG,6243557,2026-01-08 17:29:00,moved
CT14,100EK113,01080101.JPG,100EK113\01080101.JPG,01080101.JPG,6242020,2026-01-08 17:29:02,moved
CT14,100EK113,01080102.JPG,100EK113\01080102.JPG,01080102.JPG,6235730,2026-01-08 17:29:02,moved
CT14,100EK113,01080103.JPG,100EK113\01080103.JPG,01080103.JPG,6156549,2026-01-08 17:30:00,moved
CT14,100EK113,01080104.JPG,100EK113\01080104.JPG,01080104.JPG,6163010,2026-01-08 17:30:02,moved
CT14,100EK113,01080105.JPG,100EK113\01080105.JPG,01080105.JPG,6172847,2026-01-08 17:30:02,moved
CT14,100EK113,01080106.JPG,100EK113\01080106.JPG,01080106.JPG,6208787,2026-01-08 17:31:00,moved
CT14,100EK113,01080107.JPG,100EK113\01080107.JPG,01080107.JPG,6193059,2026-01-08 17:31:03,moved
CT14,100EK113,01080108.JPG,100EK113\01080108.JPG,01080108.JPG,6193419,2026-01-08 17:31:02,moved
CT14,100EK113,01080109.JPG,100EK113\01080109.JPG,01080109.JPG,6182847,2026-01-08 17:32:03,moved
CT14,100EK113,01080110.JPG,100EK113\01080110.JPG,01080110.JPG,6191461,2026-01-08 17:32:02,moved
CT14,100EK113,01080111.JPG,100EK113\01080111.JPG,01080111.JPG,6179731,2026-01-08 17:32:02,moved
CT14,100EK113,01080112.JPG,100EK113\01080112.JPG,01080112.JPG,6141978,2026-01-08 17:33:00,moved
CT14,100EK113,01080113.JPG,100EK113\01080113.JPG,01080113.JPG,6138837,2026-01-08 17:33:03,moved
CT14,100EK113,01080114.JPG,100EK113\01080114.JPG,01080114.JPG,6179475,2026-01-08 17:33:02,moved
CT14,100EK113,01080115.JPG,100EK113\01080115.JPG,01080115.JPG,6178153,2026-01-08 17:34:02,moved
CT14,100EK113,01080116.JPG,100EK113\01080116.JPG,01080116.JPG,6177759,2026-01-08 17:34:02,moved
CT14,100EK113,01080117.JPG,100EK113\01080117.JPG,01080117.JPG,6175544,2026-01-08 17:34:02,moved
CT14,100EK113,01080118.JPG,100EK113\01080118.JPG,01080118.JPG,6162339,2026-01-08 17:35:02,moved
CT14,100EK113,01080119.JPG,100EK113\01080119.JPG,01080119.JPG,6196170,2026-01-08 17:35:02,moved
CT14,100EK113,01080120.JPG,100EK113\01080120.JPG,01080120.JPG,6183699,2026-01-08 17:35:02,moved
CT14,100EK113,01080121.JPG,100EK113\01080121.JPG,01080121.JPG,6197219,2026-01-08 17:36:02,moved
CT14,100EK113,01080122.JPG,100EK113\01080122.JPG,01080122.JPG,6159400,2026-01-08 17:36:02,moved
CT14,100EK113,01080123.JPG,100EK113\01080123.JPG,01080123.JPG,6190403,2026-01-08 17:36:02,moved
CT14,100EK113,01080124.JPG,100EK113\01080124.JPG,01080124.JPG,6160238,2026-01-08 17:37:00,moved
CT14,100EK113,01080125.JPG,100EK113\01080125.JPG,01080125.JPG,6167827,2026-01-08 17:37:02,moved
CT14,100EK113,01080126.JPG,100EK113\01080126.JPG,01080126.JPG,6163587,2026-01-08 17:37:02,moved
CT14,100EK113,01080127.JPG,100EK113\01080127.JPG,01080127.JPG,5857645,2026-01-08 17:38:00,moved
CT14,100EK113,01080128.JPG,100EK113\01080128.JPG,01080128.JPG,5817174,2026-01-08 17:38:03,moved
CT14,100EK113,01080129.JPG,100EK113\01080129.JPG,01080129.JPG,5784731,2026-01-08 17:38:02,moved
CT14,100EK113,01080130.JPG,100EK113\01080130.JPG,01080130.JPG,5709256,2026-01-08 17:39:00,moved
CT14,100EK113,01080131.JPG,100EK113\01080131.JPG,01080131.JPG,6242943,2026-01-08 17:39:00,moved
CT14,100EK113,01080132.JPG,100EK113\01080132.JPG,01080132.JPG,5809925,2026-01-08 17:39:02,moved
CT14,100EK113,01080133.JPG,100EK113\01080133.JPG,01080133.JPG,5758095,2026-01-08 17:40:03,moved
CT14,100EK113,01080134.JPG,100EK113\01080134.JPG,01080134.JPG,5766376,2026-01-08 17:40:02,moved
CT14,100EK113,01080135.JPG,100EK113\01080135.JPG,01080135.JPG,5779442,2026-01-08 17:40:02,moved
CT14,100EK113,01080136.JPG,100EK113\01080136.JPG,01080136.JPG,6243628,2026-01-08 17:41:03,moved
CT14,100EK113,01080137.JPG,100EK113\01080137.JPG,01080137.JPG,6260148,2026-01-08 17:41:02,moved
CT14,100EK113,01080138.JPG,100EK113\01080138.JPG,01080138.JPG,5727044,2026-01-08 17:41:02,moved
CT14,100EK113,01080139.JPG,100EK113\01080139.JPG,01080139.JPG,5761807,2026-01-08 17:42:00,moved
CT14,100EK113,01080140.JPG,100EK113\01080140.JPG,01080140.JPG,5754113,2026-01-08 17:42:03,moved
CT14,100EK113,01080141.JPG,100EK113\01080141.JPG,01080141.JPG,5766984,2026-01-08 17:42:02,moved
CT14,100EK113,01080142.JPG,100EK113\01080142.JPG,01080142.JPG,5776847,2026-01-08 17:43:00,moved
CT14,100EK113,01080143.JPG,100EK113\01080143.JPG,01080143.JPG,5770799,2026-01-08 17:43:03,moved
CT14,100EK113,01080144.JPG,100EK113\01080144.JPG,01080144.JPG,5760468,2026-01-08 17:43:02,moved
CT14,100EK113,01080145.JPG,100EK113\01080145.JPG,01080145.JPG,5879378,2026-01-08 17:44:00,moved
CT14,100EK113,01080146.JPG,100EK113\01080146.JPG,01080146.JPG,5910477,2026-01-08 17:44:03,moved
CT14,100EK113,01080147.JPG,100EK113\01080147.JPG,01080147.JPG,5884592,2026-01-08 17:44:02,moved
CT14,100EK113,01080148.JPG,100EK113\01080148.JPG,01080148.JPG,5845545,2026-01-08 17:45:03,moved
CT14,100EK113,01080149.JPG,100EK113\01080149.JPG,01080149.JPG,5849694,2026-01-08 17:45:02,moved
CT14,100EK113,01080150.JPG,100EK113\01080150.JPG,01080150.JPG,5812685,2026-01-08 17:45:02,moved
CT14,100EK113,01080151.JPG,100EK113\01080151.JPG,01080151.JPG,5739750,2026-01-08 17:46:00,moved
CT14,100EK113,01080152.JPG,100EK113\01080152.JPG,01080152.JPG,5777383,2026-01-08 17:46:03,moved
CT14,100EK113,01080153.JPG,100EK113\01080153.JPG,01080153.JPG,5767472,2026-01-08 17:46:02,moved
CT14,100EK113,01080154.JPG,100EK113\01080154.JPG,01080154.JPG,6253935,2026-01-08 17:47:03,moved
CT14,100EK113,01080155.JPG,100EK113\01080155.JPG,01080155.JPG,6272174,2026-01-08 17:47:02,moved
CT14,100EK113,01080156.JPG,100EK113\01080156.JPG,01080156.JPG,5764287,2026-01-08 17:47:02,moved
CT14,100EK113,01080157.JPG,100EK113\01080157.JPG,01080157.JPG,5815353,2026-01-08 17:48:00,moved
CT14,100EK113,01080158.JPG,100EK113\01080158.JPG,01080158.JPG,5804444,2026-01-08 17:48:03,moved
CT14,100EK113,01080159.JPG,100EK113\01080159.JPG,01080159.JPG,5769807,2026-01-08 17:48:02,moved
CT14,100EK113,01080160.JPG,100EK113\01080160.JPG,01080160.JPG,5797241,2026-01-08 17:49:03,moved
CT14,100EK113,01080161.JPG,100EK113\01080161.JPG,01080161.JPG,5800812,2026-01-08 17:49:02,moved
CT14,100EK113,01080162.JPG,100EK113\01080162.JPG,01080162.JPG,5799047,2026-01-08 17:49:02,moved
CT14,100EK113,01080163.JPG,100EK113\01080163.JPG,01080163.JPG,5817357,2026-01-08 17:50:00,moved
CT14,100EK113,01080164.JPG,100EK113\01080164.JPG,01080164.JPG,5821036,2026-01-08 17:50:03,moved
CT14,100EK113,01080165.JPG,100EK113\01080165.JPG,01080165.JPG,5840101,2026-01-08 17:50:02,moved
CT14,100EK113,01080166.JPG,100EK113\01080166.JPG,01080166.JPG,5826690,2026-01-08 17:51:00,moved
CT14,100EK113,01080167.JPG,100EK113\01080167.JPG,01080167.JPG,5819621,2026-01-08 17:51:00,moved
CT14,100EK113,01080168.JPG,100EK113\01080168.JPG,01080168.JPG,5849926,2026-01-08 17:51:02,moved
CT14,100EK113,01080169.JPG,100EK113\01080169.JPG,01080169.JPG,5837030,2026-01-08 17:52:00,moved
CT14,100EK113,01080170.JPG,100EK113\01080170.JPG,01080170.JPG,5853389,2026-01-08 17:52:02,moved
CT14,100EK113,01080171.JPG,100EK113\01080171.JPG,01080171.JPG,5873708,2026-01-08 17:52:02,moved
CT14,100EK113,01080172.JPG,100EK113\01080172.JPG,01080172.JPG,5818488,2026-01-08 17:53:00,moved
CT14,100EK113,01080173.JPG,100EK113\01080173.JPG,01080173.JPG,5821785,2026-01-08 17:53:00,moved
CT14,100EK113,01080174.JPG,100EK113\01080174.JPG,01080174.JPG,5827329,2026-01-08 17:53:02,moved
CT14,100EK113,01080175.JPG,100EK113\01080175.JPG,01080175.JPG,5995323,2026-01-08 17:54:03,moved
CT14,100EK113,01080176.JPG,100EK113\01080176.JPG,01080176.JPG,5955912,2026-01-08 17:54:02,moved
CT14,100EK113,01080177.JPG,100EK113\01080177.JPG,01080177.JPG,5963173,2026-01-08 17:54:02,moved
CT14,100EK113,01080178.JPG,100EK113\01080178.JPG,01080178.JPG,5766777,2026-01-08 17:55:00,moved
CT14,100EK113,01080179.JPG,100EK113\01080179.JPG,01080179.JPG,5801461,2026-01-08 17:55:02,moved
CT14,100EK113,01080180.JPG,100EK113\01080180.JPG,01080180.JPG,5805994,2026-01-08 17:55:02,moved
CT14,100EK113,01080181.JPG,100EK113\01080181.JPG,01080181.JPG,5834926,2026-01-08 17:56:00,moved
CT14,100EK113,01080182.JPG,100EK113\01080182.JPG,01080182.JPG,5824334,2026-01-08 17:56:02,moved
CT14,100EK113,01080183.JPG,100EK113\01080183.JPG,01080183.JPG,5822435,2026-01-08 17:56:02,moved
CT14,100EK113,01080184.JPG,100EK113\01080184.JPG,01080184.JPG,5805027,2026-01-08 17:57:03,moved
CT14,100EK113,01080185.JPG,100EK113\01080185.JPG,01080185.JPG,5802645,2026-01-08 17:57:02,moved
CT14,100EK113,01080186.JPG,100EK113\01080186.JPG,01080186.JPG,5806827,2026-01-08 17:57:02,moved
CT14,100EK113,01080187.JPG,100EK113\01080187.JPG,01080187.JPG,5833720,2026-01-08 17:58:00,moved
CT14,100EK113,01080188.JPG,100EK113\01080188.JPG,01080188.JPG,5840942,2026-01-08 17:58:02,moved
CT14,100EK113,01080189.JPG,100EK113\01080189.JPG,01080189.JPG,5853584,2026-01-08 17:58:02,moved
CT14,100EK113,01080190.JPG,100EK113\01080190.JPG,01080190.JPG,5863509,2026-01-08 17:59:00,moved
CT14,100EK113,01080191.JPG,100EK113\01080191.JPG,01080191.JPG,5847826,2026-01-08 17:59:03,moved
CT14,100EK113,01080192.JPG,100EK113\01080192.JPG,01080192.JPG,5838443,2026-01-08 17:59:02,moved
CT14,100EK113,01080193.JPG,100EK113\01080193.JPG,01080193.JPG,5906786,2026-01-08 18:00:00,moved
CT14,100EK113,01080194.JPG,100EK113\01080194.JPG,01080194.JPG,5922041,2026-01-08 18:00:02,moved
CT14,100EK113,01080195.JPG,100EK113\01080195.JPG,01080195.JPG,5811429,2026-01-08 18:00:02,moved
CT14,100EK113,01080196.JPG,100EK113\01080196.JPG,01080196.JPG,5808352,2026-01-08 18:01:00,moved
CT14,100EK113,01080197.JPG,100EK113\01080197.JPG,01080197.JPG,5878922,2026-01-08 18:01:03,moved
CT14,100EK113,01080198.JPG,100EK113\01080198.JPG,01080198.JPG,5814721,2026-01-08 18:01:02,moved
CT14,100EK113,01080199.JPG,100EK113\01080199.JPG,01080199.JPG,5903598,2026-01-08 18:02:03,moved
CT14,100EK113,01080200.JPG,100EK113\01080200.JPG,01080200.JPG,5900209,2026-01-08 18:02:02,moved
CT14,100EK113,01080201.JPG,100EK113\01080201.JPG,01080201.JPG,5898186,2026-01-08 18:02:02,moved
CT14,100EK113,01080202.JPG,100EK113\01080202.JPG,01080202.JPG,5912712,2026-01-08 18:03:00,moved
CT14,100EK113,01080203.JPG,100EK113\01080203.JPG,01080203.JPG,5900254,2026-01-08 18:03:00,moved
CT14,100EK113,01080204.JPG,100EK113\01080204.JPG,01080204.JPG,5916019,2026-01-08 18:03:02,moved
CT14,100EK113,01080205.JPG,100EK113\01080205.JPG,01080205.JPG,5915612,2026-01-08 18:04:00,moved
CT14,100EK113,01080206.JPG,100EK113\01080206.JPG,01080206.JPG,5928547,2026-01-08 18:04:02,moved
CT14,100EK113,01080207.JPG,100EK113\01080207.JPG,01080207.JPG,5917774,2026-01-08 18:04:02,moved
CT14,100EK113,01080208.JPG,100EK113\01080208.JPG,01080208.JPG,5871191,2026-01-08 18:05:02,moved
CT14,100EK113,01080209.JPG,100EK113\01080209.JPG,01080209.JPG,5874266,2026-01-08 18:05:02,moved
CT14,100EK113,01080210.JPG,100EK113\01080210.JPG,01080210.JPG,5961106,2026-01-08 18:05:02,moved
CT14,100EK113,01080211.JPG,100EK113\01080211.JPG,01080211.JPG,5856352,2026-01-08 18:05:06,moved
CT14,100EK113,01080212.JPG,100EK113\01080212.JPG,01080212.JPG,6261980,2026-01-08 18:05:09,moved
CT14,100EK113,01080213.JPG,100EK113\01080213.JPG,01080213.JPG,5631795,2026-01-08 18:05:08,moved
CT14,100EK113,01080214.JPG,100EK113\01080214.JPG,01080214.JPG,5888617,2026-01-08 18:05:08,moved
CT14,100EK113,01080215.JPG,100EK113\01080215.JPG,01080215.JPG,5922526,2026-01-08 18:05:10,moved
CT14,100EK113,01080216.JPG,100EK113\01080216.JPG,01080216.JPG,5911994,2026-01-08 18:05:10,moved
CT14,100EK113,01080217.JPG,100EK113\01080217.JPG,01080217.JPG,5906193,2026-01-08 18:06:00,moved
CT14,100EK113,01080218.JPG,100EK113\01080218.JPG,01080218.JPG,5881835,2026-01-08 18:06:02,moved
CT14,100EK113,01080219.JPG,100EK113\01080219.JPG,01080219.JPG,5892325,2026-01-08 18:06:02,moved
CT14,100EK113,01080220.JPG,100EK113\01080220.JPG,01080220.JPG,5883379,2026-01-08 18:07:02,moved
CT14,100EK113,01080221.JPG,100EK113\01080221.JPG,01080221.JPG,5930087,2026-01-08 18:07:02,moved
CT14,100EK113,01080222.JPG,100EK113\01080222.JPG,01080222.JPG,5912641,2026-01-08 18:07:02,moved
CT14,100EK113,01080223.JPG,100EK113\01080223.JPG,01080223.JPG,5927001,2026-01-08 18:08:00,moved
CT14,100EK113,01080224.JPG,100EK113\01080224.JPG,01080224.JPG,5938460,2026-01-08 18:08:02,moved
CT14,100EK113,01080225.JPG,100EK113\01080225.JPG,01080225.JPG,5946697,2026-01-08 18:08:02,moved
CT14,100EK113,01080226.JPG,100EK113\01080226.JPG,01080226.JPG,5932300,2026-01-08 18:09:02,moved
CT14,100EK113,01080227.JPG,100EK113\01080227.JPG,01080227.JPG,5911657,2026-01-08 18:09:02,moved
CT14,100EK113,01080228.JPG,100EK113\01080228.JPG,01080228.JPG,5910891,2026-01-08 18:09:02,moved
CT14,100EK113,01080229.JPG,100EK113\01080229.JPG,01080229.JPG,5872556,2026-01-08 18:10:00,moved
CT14,100EK113,01080230.JPG,100EK113\01080230.JPG,01080230.JPG,5902039,2026-01-08 18:10:02,moved
CT14,100EK113,01080231.JPG,100EK113\01080231.JPG,01080231.JPG,5907482,2026-01-08 18:10:02,moved
CT14,100EK113,01080232.JPG,100EK113\01080232.JPG,01080232.JPG,5954491,2026-01-08 18:11:00,moved
CT14,100EK113,01080233.JPG,100EK113\01080233.JPG,01080233.JPG,5811418,2026-01-08 18:11:03,moved
CT14,100EK113,01080234.JPG,100EK113\01080234.JPG,01080234.JPG,5958440,2026-01-08 18:11:02,moved
CT14,100EK113,01080235.JPG,100EK113\01080235.JPG,01080235.JPG,5948498,2026-01-08 18:12:03,moved
CT14,100EK113,01080236.JPG,100EK113\01080236.JPG,01080236.JPG,5913439,2026-01-08 18:12:02,moved
CT14,100EK113,01080237.JPG,100EK113\01080237.JPG,01080237.JPG,5891570,2026-01-08 18:12:02,moved
CT14,100EK113,01080238.JPG,100EK113\01080238.JPG,01080238.JPG,5919431,2026-01-08 18:13:00,moved
CT14,100EK113,01080239.JPG,100EK113\01080239.JPG,01080239.JPG,5842686,2026-01-08 18:13:03,moved
CT14,100EK113,01080240.JPG,100EK113\01080240.JPG,01080240.JPG,5933222,2026-01-08 18:13:02,moved
CT14,100EK113,01080241.JPG,100EK113\01080241.JPG,01080241.JPG,5911910,2026-01-08 18:14:03,moved
CT14,100EK113,01080242.JPG,100EK113\01080242.JPG,01080242.JPG,5870663,2026-01-08 18:14:02,moved
CT14,100EK113,01080243.JPG,100EK113\01080243.JPG,01080243.JPG,5919445,2026-01-08 18:14:02,moved
CT14,100EK113,01080244.JPG,100EK113\01080244.JPG,01080244.JPG,5945710,2026-01-08 18:15:00,moved
CT14,100EK113,01080245.JPG,100EK113\01080245.JPG,01080245.JPG,5949417,2026-01-08 18:15:03,moved
CT14,100EK113,01080246.JPG,100EK113\01080246.JPG,01080246.JPG,5943658,2026-01-08 18:15:02,moved
CT14,100EK113,01080247.JPG,100EK113\01080247.JPG,01080247.JPG,5882364,2026-01-08 18:16:00,moved
CT14,100EK113,01080248.JPG,100EK113\01080248.JPG,01080248.JPG,5881699,2026-01-08 18:16:00,moved
CT14,100EK113,01080249.JPG,100EK113\01080249.JPG,01080249.JPG,5882455,2026-01-08 18:16:02,moved
CT14,100EK113,01080250.JPG,100EK113\01080250.JPG,01080250.JPG,5874020,2026-01-08 18:17:03,moved
CT14,100EK113,01080251.JPG,100EK113\01080251.JPG,01080251.JPG,5864195,2026-01-08 18:17:02,moved
CT14,100EK113,01080252.JPG,100EK113\01080252.JPG,01080252.JPG,5865295,2026-01-08 18:17:02,moved
CT14,100EK113,01080253.JPG,100EK113\01080253.JPG,01080253.JPG,5880208,2026-01-08 18:18:00,moved
CT14,100EK113,01080254.JPG,100EK113\01080254.JPG,01080254.JPG,5952849,2026-01-08 18:18:03,moved
CT14,100EK113,01080255.JPG,100EK113\01080255.JPG,01080255.JPG,5948808,2026-01-08 18:18:02,moved
CT14,100EK113,01080256.JPG,100EK113\01080256.JPG,01080256.JPG,5857129,2026-01-08 18:19:03,moved
CT14,100EK113,01080257.JPG,100EK113\01080257.JPG,01080257.JPG,5854575,2026-01-08 18:19:02,moved
CT14,100EK113,01080258.JPG,100EK113\01080258.JPG,01080258.JPG,5850976,2026-01-08 18:19:02,moved
CT14,100EK113,01080259.JPG,100EK113\01080259.JPG,01080259.JPG,5833466,2026-01-08 18:20:00,moved
CT14,100EK113,01080260.JPG,100EK113\01080260.JPG,01080260.JPG,5832218,2026-01-08 18:20:03,moved
CT14,100EK113,01080261.JPG,100EK113\01080261.JPG,01080261.JPG,5826320,2026-01-08 18:20:02,moved
CT14,100EK113,01080262.JPG,100EK113\01080262.JPG,01080262.JPG,5801355,2026-01-08 18:21:03,moved
CT14,100EK113,01080263.JPG,100EK113\01080263.JPG,01080263.JPG,5810263,2026-01-08 18:21:02,moved
CT14,100EK113,01080264.JPG,100EK113\01080264.JPG,01080264.JPG,5816772,2026-01-08 18:21:02,moved
CT14,100EK113,01080265.JPG,100EK113\01080265.JPG,01080265.JPG,5816423,2026-01-08 18:22:00,moved
CT14,100EK113,01080266.JPG,100EK113\01080266.JPG,01080266.JPG,5818623,2026-01-08 18:22:00,moved
CT14,100EK113,01080267.JPG,100EK113\01080267.JPG,01080267.JPG,5961697,2026-01-08 18:22:02,moved
CT14,100EK113,01080268.JPG,100EK113\01080268.JPG,01080268.JPG,5931392,2026-01-08 18:23:00,moved
CT14,100EK113,01080269.JPG,100EK113\01080269.JPG,01080269.JPG,5789146,2026-01-08 18:23:02,moved
CT14,100EK113,01080270.JPG,100EK113\01080270.JPG,01080270.JPG,6252303,2026-01-08 18:23:02,moved
CT14,100EK113,01080271.JPG,100EK113\01080271.JPG,01080271.JPG,5802655,2026-01-08 18:24:02,moved
CT14,100EK113,01080272.JPG,100EK113\01080272.JPG,01080272.JPG,5785699,2026-01-08 18:24:02,moved
CT14,100EK113,01080273.JPG,100EK113\01080273.JPG,01080273.JPG,5791393,2026-01-08 18:24:02,moved
CT14,100EK113,01080274.JPG,100EK113\01080274.JPG,01080274.JPG,5826914,2026-01-08 18:25:00,moved
CT14,100EK113,01080275.JPG,100EK113\01080275.JPG,01080275.JPG,5845763,2026-01-08 18:25:03,moved
CT14,100EK113,01080276.JPG,100EK113\01080276.JPG,01080276.JPG,5853669,2026-01-08 18:25:02,moved
CT14,100EK113,01080277.JPG,100EK113\01080277.JPG,01080277.JPG,5841315,2026-01-08 18:26:03,moved
CT14,100EK113,01080278.JPG,100EK113\01080278.JPG,01080278.JPG,5981878,2026-01-08 18:26:02,moved
CT14,100EK113,01080279.JPG,100EK113\01080279.JPG,01080279.JPG,5984950,2026-01-08 18:26:02,moved
CT14,100EK113,01080280.JPG,100EK113\01080280.JPG,01080280.JPG,5792407,2026-01-08 18:27:00,moved
CT14,100EK113,01080281.JPG,100EK113\01080281.JPG,01080281.JPG,5935597,2026-01-08 18:27:00,moved
CT14,100EK113,01080282.JPG,100EK113\01080282.JPG,01080282.JPG,5934644,2026-01-08 18:27:02,moved
CT14,100EK113,01080283.JPG,100EK113\01080283.JPG,01080283.JPG,5947475,2026-01-08 18:28:00,moved
CT14,100EK113,01080284.JPG,100EK113\01080284.JPG,01080284.JPG,5807449,2026-01-08 18:28:02,moved
CT14,100EK113,01080285.JPG,100EK113\01080285.JPG,01080285.JPG,5940814,2026-01-08 18:28:02,moved
CT14,100EK113,01080286.JPG,100EK113\01080286.JPG,01080286.JPG,5959443,2026-01-08 18:29:02,moved
CT14,100EK113,01080287.JPG,100EK113\01080287.JPG,01080287.JPG,5809421,2026-01-08 18:29:02,moved
CT14,100EK113,01080288.JPG,100EK113\01080288.JPG,01080288.JPG,5969421,2026-01-08 18:29:02,moved
CT14,100EK113,01080289.JPG,100EK113\01080289.JPG,01080289.JPG,5840593,2026-01-08 18:30:03,moved
CT14,100EK113,01080290.JPG,100EK113\01080290.JPG,01080290.JPG,5824498,2026-01-08 18:30:02,moved
CT14,100EK113,01080291.JPG,100EK113\01080291.JPG,01080291.JPG,5819465,2026-01-08 18:30:02,moved
CT14,100EK113,01080292.JPG,100EK113\01080292.JPG,01080292.JPG,5834652,2026-01-08 18:31:00,moved
CT14,100EK113,01080293.JPG,100EK113\01080293.JPG,01080293.JPG,5819796,2026-01-08 18:31:03,moved
CT14,100EK113,01080294.JPG,100EK113\01080294.JPG,01080294.JPG,5965252,2026-01-08 18:31:02,moved
CT14,100EK113,01080295.JPG,100EK113\01080295.JPG,01080295.JPG,5784111,2026-01-08 18:32:00,moved
CT14,100EK113,01080296.JPG,100EK113\01080296.JPG,01080296.JPG,5785886,2026-01-08 18:32:00,moved
CT14,100EK113,01080297.JPG,100EK113\01080297.JPG,01080297.JPG,5934445,2026-01-08 18:32:02,moved
CT14,100EK113,01080298.JPG,100EK113\01080298.JPG,01080298.JPG,5890246,2026-01-08 18:33:00,moved
CT14,100EK113,01080299.JPG,100EK113\01080299.JPG,01080299.JPG,5931116,2026-01-08 18:33:02,moved
CT14,100EK113,01080300.JPG,100EK113\01080300.JPG,01080300.JPG,5899056,2026-01-08 18:33:02,moved
CT14,100EK113,01080301.JPG,100EK113\01080301.JPG,01080301.JPG,5919914,2026-01-08 18:34:02,moved
CT14,100EK113,01080302.JPG,100EK113\01080302.JPG,01080302.JPG,5911575,2026-01-08 18:34:02,moved
CT14,100EK113,01080303.JPG,100EK113\01080303.JPG,01080303.JPG,5895263,2026-01-08 18:34:02,moved
CT14,100EK113,01080304.JPG,100EK113\01080304.JPG,01080304.JPG,6015790,2026-01-08 18:35:00,moved
CT14,100EK113,01080305.JPG,100EK113\01080305.JPG,01080305.JPG,5859169,2026-01-08 18:35:03,moved
CT14,100EK113,01080306.JPG,100EK113\01080306.JPG,01080306.JPG,5857325,2026-01-08 18:35:02,moved
CT14,100EK113,01080307.JPG,100EK113\01080307.JPG,01080307.JPG,5893772,2026-01-08 18:36:03,moved
CT14,100EK113,01080308.JPG,100EK113\01080308.JPG,01080308.JPG,5865126,2026-01-08 18:36:02,moved
CT14,100EK113,01080309.JPG,100EK113\01080309.JPG,01080309.JPG,5864559,2026-01-08 18:36:02,moved
CT14,100EK113,01080310.JPG,100EK113\01080310.JPG,01080310.JPG,5882690,2026-01-08 18:37:00,moved
CT14,100EK113,01080311.JPG,100EK113\01080311.JPG,01080311.JPG,5892733,2026-01-08 18:37:02,moved
CT14,100EK113,01080312.JPG,100EK113\01080312.JPG,01080312.JPG,5897728,2026-01-08 18:37:02,moved
CT14,100EK113,01080313.JPG,100EK113\01080313.JPG,01080313.JPG,6011345,2026-01-08 18:38:02,moved
CT14,100EK113,01080314.JPG,100EK113\01080314.JPG,01080314.JPG,5909046,2026-01-08 18:38:02,moved
CT14,100EK113,01080315.JPG,100EK113\01080315.JPG,01080315.JPG,5942408,2026-01-08 18:38:02,moved
CT14,100EK113,01080316.JPG,100EK113\01080316.JPG,01080316.JPG,5866769,2026-01-08 18:39:00,moved
CT14,100EK113,01080317.JPG,100EK113\01080317.JPG,01080317.JPG,5863985,2026-01-08 18:39:03,moved
CT14,100EK113,01080318.JPG,100EK113\01080318.JPG,01080318.JPG,5855679,2026-01-08 18:39:02,moved
CT14,100EK113,01080319.JPG,100EK113\01080319.JPG,01080319.JPG,5948530,2026-01-08 18:40:03,moved
CT14,100EK113,01080320.JPG,100EK113\01080320.JPG,01080320.JPG,5941428,2026-01-08 18:40:02,moved
CT14,100EK113,01080321.JPG,100EK113\01080321.JPG,01080321.JPG,5966591,2026-01-08 18:40:02,moved
CT14,100EK113,01080322.JPG,100EK113\01080322.JPG,01080322.JPG,5893952,2026-01-08 18:41:00,moved
CT14,100EK113,01080323.JPG,100EK113\01080323.JPG,01080323.JPG,6021188,2026-01-08 18:41:02,moved
CT14,100EK113,01080324.JPG,100EK113\01080324.JPG,01080324.JPG,6024723,2026-01-08 18:41:02,moved
CT14,100EK113,01080325.JPG,100EK113\01080325.JPG,01080325.JPG,5884448,2026-01-08 18:42:03,moved
CT14,100EK113,01080326.JPG,100EK113\01080326.JPG,01080326.JPG,5909327,2026-01-08 18:42:02,moved
CT14,100EK113,01080327.JPG,100EK113\01080327.JPG,01080327.JPG,5895825,2026-01-08 18:42:02,moved
CT14,100EK113,01080328.JPG,100EK113\01080328.JPG,01080328.JPG,5978038,2026-01-08 18:43:00,moved
CT14,100EK113,01080329.JPG,100EK113\01080329.JPG,01080329.JPG,5973995,2026-01-08 18:43:03,moved
CT14,100EK113,01080330.JPG,100EK113\01080330.JPG,01080330.JPG,5963426,2026-01-08 18:43:02,moved
CT14,100EK113,01080331.JPG,100EK113\01080331.JPG,01080331.JPG,6018499,2026-01-08 18:44:02,moved
CT14,100EK113,01080332.JPG,100EK113\01080332.JPG,01080332.JPG,6014962,2026-01-08 18:44:02,moved
CT14,100EK113,01080333.JPG,100EK113\01080333.JPG,01080333.JPG,6013632,2026-01-08 18:44:02,moved
CT14,100EK113,01080334.JPG,100EK113\01080334.JPG,01080334.JPG,5823585,2026-01-08 18:45:00,moved
CT14,100EK113,01080335.JPG,100EK113\01080335.JPG,01080335.JPG,5812255,2026-01-08 18:45:03,moved
CT14,100EK113,01080336.JPG,100EK113\01080336.JPG,01080336.JPG,5971341,2026-01-08 18:45:02,moved
CT14,100EK113,01080337.JPG,100EK113\01080337.JPG,01080337.JPG,5830267,2026-01-08 18:46:03,moved
CT14,100EK113,01080338.JPG,100EK113\01080338.JPG,01080338.JPG,5974080,2026-01-08 18:46:02,moved
CT14,100EK113,01080339.JPG,100EK113\01080339.JPG,01080339.JPG,5845348,2026-01-08 18:46:02,moved
CT14,100EK113,01080340.JPG,100EK113\01080340.JPG,01080340.JPG,5831478,2026-01-08 18:47:00,moved
CT14,100EK113,01080341.JPG,100EK113\01080341.JPG,01080341.JPG,5952987,2026-01-08 18:47:00,moved
CT14,100EK113,01080342.JPG,100EK113\01080342.JPG,01080342.JPG,5964149,2026-01-08 18:47:02,moved
CT14,100EK113,01080343.JPG,100EK113\01080343.JPG,01080343.JPG,5952919,2026-01-08 18:48:00,moved
CT14,100EK113,01080344.JPG,100EK113\01080344.JPG,01080344.JPG,5978007,2026-01-08 18:48:02,moved
CT14,100EK113,01080345.JPG,100EK113\01080345.JPG,01080345.JPG,5909855,2026-01-08 18:48:02,moved
CT14,100EK113,01080346.JPG,100EK113\01080346.JPG,01080346.JPG,5931987,2026-01-08 18:49:00,moved
CT14,100EK113,01080347.JPG,100EK113\01080347.JPG,01080347.JPG,5929043,2026-01-08 18:49:03,moved
CT14,100EK113,01080348.JPG,100EK113\01080348.JPG,01080348.JPG,5951337,2026-01-08 18:49:02,moved
CT14,100EK113,01080349.JPG,100EK113\01080349.JPG,01080349.JPG,5880996,2026-01-08 18:50:00,moved
CT14,100EK113,01080350.JPG,100EK113\01080350.JPG,01080350.JPG,5879401,2026-01-08 18:50:02,moved
CT14,100EK113,01080351.JPG,100EK113\01080351.JPG,01080351.JPG,5875655,2026-01-08 18:50:02,moved
CT14,100EK113,01080352.JPG,100EK113\01080352.JPG,01080352.JPG,5892856,2026-01-08 18:51:03,moved
CT14,100EK113,01080353.JPG,100EK113\01080353.JPG,01080353.JPG,5930639,2026-01-08 18:51:02,moved
CT14,100EK113,01080354.JPG,100EK113\01080354.JPG,01080354.JPG,5914610,2026-01-08 18:51:02,moved
CT14,100EK113,01080355.JPG,100EK113\01080355.JPG,01080355.JPG,5880975,2026-01-08 18:52:00,moved
CT14,100EK113,01080356.JPG,100EK113\01080356.JPG,01080356.JPG,5865742,2026-01-08 18:52:00,moved
CT14,100EK113,01080357.JPG,100EK113\01080357.JPG,01080357.JPG,5882025,2026-01-08 18:52:02,moved
CT14,100EK113,01080358.JPG,100EK113\01080358.JPG,01080358.JPG,5908515,2026-01-08 18:53:03,moved
CT14,100EK113,01080359.JPG,100EK113\01080359.JPG,01080359.JPG,5970949,2026-01-08 18:53:02,moved
CT14,100EK113,01080360.JPG,100EK113\01080360.JPG,01080360.JPG,5935803,2026-01-08 18:53:02,moved
CT14,100EK113,01080361.JPG,100EK113\01080361.JPG,01080361.JPG,5960228,2026-01-08 18:54:00,moved
CT14,100EK113,01080362.JPG,100EK113\01080362.JPG,01080362.JPG,5928851,2026-01-08 18:54:03,moved
CT14,100EK113,01080363.JPG,100EK113\01080363.JPG,01080363.JPG,5897369,2026-01-08 18:54:02,moved
CT14,100EK113,01080364.JPG,100EK113\01080364.JPG,01080364.JPG,5852662,2026-01-08 18:55:00,moved
CT14,100EK113,01080365.JPG,100EK113\01080365.JPG,01080365.JPG,5888212,2026-01-08 18:55:03,moved
CT14,100EK113,01080366.JPG,100EK113\01080366.JPG,01080366.JPG,5869270,2026-01-08 18:55:02,moved
CT14,100EK113,01080367.JPG,100EK113\01080367.JPG,01080367.JPG,5889218,2026-01-08 18:56:00,moved
CT14,100EK113,01080368.JPG,100EK113\01080368.JPG,01080368.JPG,5894593,2026-01-08 18:56:03,moved
CT14,100EK113,01080369.JPG,100EK113\01080369.JPG,01080369.JPG,5892737,2026-01-08 18:56:02,moved
CT14,100EK113,01080370.JPG,100EK113\01080370.JPG,01080370.JPG,5864764,2026-01-08 18:57:00,moved
CT14,100EK113,01080371.JPG,100EK113\01080371.JPG,01080371.JPG,5862073,2026-01-08 18:57:02,moved
CT14,100EK113,01080372.JPG,100EK113\01080372.JPG,01080372.JPG,5878166,2026-01-08 18:57:02,moved
CT14,100EK113,01080373.JPG,100EK113\01080373.JPG,01080373.JPG,5920390,2026-01-08 18:58:02,moved
CT14,100EK113,01080374.JPG,100EK113\01080374.JPG,01080374.JPG,5892963,2026-01-08 18:58:02,moved
CT14,100EK113,01080375.JPG,100EK113\01080375.JPG,01080375.JPG,5871853,2026-01-08 18:58:02,moved
CT14,100EK113,01080376.JPG,100EK113\01080376.JPG,01080376.JPG,6156903,2026-01-08 18:59:03,moved
CT14,100EK113,01080377.JPG,100EK113\01080377.JPG,01080377.JPG,5860432,2026-01-08 18:59:02,moved
CT14,100EK113,01080378.JPG,100EK113\01080378.JPG,01080378.JPG,5866830,2026-01-08 18:59:02,moved
CT14,100EK113,01080379.JPG,100EK113\01080379.JPG,01080379.JPG,5868562,2026-01-08 19:00:00,moved
CT14,100EK113,01080380.JPG,100EK113\01080380.JPG,01080380.JPG,5871681,2026-01-08 19:00:00,moved
CT14,100EK113,01080381.JPG,100EK113\01080381.JPG,01080381.JPG,5870740,2026-01-08 19:00:02,moved
CT14,100EK113,01080382.JPG,100EK113\01080382.JPG,01080382.JPG,5854749,2026-01-08 19:01:00,moved
CT14,100EK113,01080383.JPG,100EK113\01080383.JPG,01080383.JPG,5850584,2026-01-08 19:01:03,moved
CT14,100EK113,01080384.JPG,100EK113\01080384.JPG,01080384.JPG,5859476,2026-01-08 19:01:02,moved
CT14,100EK113,01080385.JPG,100EK113\01080385.JPG,01080385.JPG,5869349,2026-01-08 19:02:03,moved
CT14,100EK113,01080386.JPG,100EK113\01080386.JPG,01080386.JPG,5867877,2026-01-08 19:02:02,moved
CT14,100EK113,01080387.JPG,100EK113\01080387.JPG,01080387.JPG,5863882,2026-01-08 19:02:02,moved
CT14,100EK113,01080388.JPG,100EK113\01080388.JPG,01080388.JPG,5906143,2026-01-08 19:03:00,moved
CT14,100EK113,01080389.JPG,100EK113\01080389.JPG,01080389.JPG,6214246,2026-01-08 19:03:02,moved
CT14,100EK113,01080390.JPG,100EK113\01080390.JPG,01080390.JPG,5873507,2026-01-08 19:03:02,moved
CT14,100EK113,01080391.JPG,100EK113\01080391.JPG,01080391.JPG,6218845,2026-01-08 19:04:00,moved
CT14,100EK113,01080392.JPG,100EK113\01080392.JPG,01080392.JPG,6206545,2026-01-08 19:04:00,moved
CT14,100EK113,01080393.JPG,100EK113\01080393.JPG,01080393.JPG,5880714,2026-01-08 19:04:02,moved
CT14,100EK113,01080394.JPG,100EK113\01080394.JPG,01080394.JPG,5872248,2026-01-08 19:05:00,moved
CT14,100EK113,01080395.JPG,100EK113\01080395.JPG,01080395.JPG,5890487,2026-01-08 19:05:02,moved
CT14,100EK113,01080396.JPG,100EK113\01080396.JPG,01080396.JPG,6198557,2026-01-08 19:05:02,moved
CT14,100EK113,01080397.JPG,100EK113\01080397.JPG,01080397.JPG,6181973,2026-01-08 19:06:00,moved
CT14,100EK113,01080398.JPG,100EK113\01080398.JPG,01080398.JPG,5860821,2026-01-08 19:06:00,moved
CT14,100EK113,01080399.JPG,100EK113\01080399.JPG,01080399.JPG,5843538,2026-01-08 19:06:02,moved
CT14,100EK113,01080400.JPG,100EK113\01080400.JPG,01080400.JPG,6217844,2026-01-08 19:07:00,moved
CT14,100EK113,01080401.JPG,100EK113\01080401.JPG,01080401.JPG,6220250,2026-01-08 19:07:03,moved
CT14,100EK113,01080402.JPG,100EK113\01080402.JPG,01080402.JPG,6204999,2026-01-08 19:07:02,moved
CT14,100EK113,01080403.JPG,100EK113\01080403.JPG,01080403.JPG,6222293,2026-01-08 19:08:03,moved
CT14,100EK113,01080404.JPG,100EK113\01080404.JPG,01080404.JPG,6216670,2026-01-08 19:08:02,moved
CT14,100EK113,01080405.JPG,100EK113\01080405.JPG,01080405.JPG,5896940,2026-01-08 19:08:02,moved
CT14,100EK113,01080406.JPG,100EK113\01080406.JPG,01080406.JPG,5873311,2026-01-08 19:09:00,moved
CT14,100EK113,01080407.JPG,100EK113\01080407.JPG,01080407.JPG,5845058,2026-01-08 19:09:02,moved
CT14,100EK113,01080408.JPG,100EK113\01080408.JPG,01080408.JPG,5823503,2026-01-08 19:09:02,moved
CT14,100EK113,01080409.JPG,100EK113\01080409.JPG,01080409.JPG,5853091,2026-01-08 19:10:00,moved
CT14,100EK113,01080410.JPG,100EK113\01080410.JPG,01080410.JPG,5823224,2026-01-08 19:10:00,moved
CT14,100EK113,01080411.JPG,100EK113\01080411.JPG,01080411.JPG,6149087,2026-01-08 19:10:02,moved
CT14,100EK113,01080412.JPG,100EK113\01080412.JPG,01080412.JPG,5848336,2026-01-08 19:11:03,moved
CT14,100EK113,01080413.JPG,100EK113\01080413.JPG,01080413.JPG,5844538,2026-01-08 19:11:02,moved
CT14,100EK113,01080414.JPG,100EK113\01080414.JPG,01080414.JPG,6149900,2026-01-08 19:11:02,moved
CT14,100EK113,01080415.JPG,100EK113\01080415.JPG,01080415.JPG,5859640,2026-01-08 19:12:02,moved
CT14,100EK113,01080416.JPG,100EK113\01080416.JPG,01080416.JPG,5862208,2026-01-08 19:12:02,moved
CT14,100EK113,01080417.JPG,100EK113\01080417.JPG,01080417.JPG,5863282,2026-01-08 19:12:02,moved
CT14,100EK113,01080418.JPG,100EK113\01080418.JPG,01080418.JPG,6195087,2026-01-08 19:13:03,moved
CT14,100EK113,01080419.JPG,100EK113\01080419.JPG,01080419.JPG,6233274,2026-01-08 19:13:02,moved
CT14,100EK113,01080420.JPG,100EK113\01080420.JPG,01080420.JPG,5921635,2026-01-08 19:13:02,moved
CT14,100EK113,01080421.JPG,100EK113\01080421.JPG,01080421.JPG,5805884,2026-01-08 19:14:00,moved
CT14,100EK113,01080422.JPG,100EK113\01080422.JPG,01080422.JPG,5954732,2026-01-08 19:14:02,moved
CT14,100EK113,01080423.JPG,100EK113\01080423.JPG,01080423.JPG,5793699,2026-01-08 19:14:02,moved
CT14,100EK113,01080424.JPG,100EK113\01080424.JPG,01080424.JPG,5963622,2026-01-08 19:15:00,moved
CT14,100EK113,01080425.JPG,100EK113\01080425.JPG,01080425.JPG,5799712,2026-01-08 19:15:03,moved
CT14,100EK113,01080426.JPG,100EK113\01080426.JPG,01080426.JPG,5955713,2026-01-08 19:15:02,moved
CT14,100EK113,01080427.JPG,100EK113\01080427.JPG,01080427.JPG,5837087,2026-01-08 19:16:00,moved
CT14,100EK113,01080428.JPG,100EK113\01080428.JPG,01080428.JPG,5930890,2026-01-08 19:16:03,moved
CT14,100EK113,01080429.JPG,100EK113\01080429.JPG,01080429.JPG,5841378,2026-01-08 19:16:02,moved
CT14,100EK113,01080430.JPG,100EK113\01080430.JPG,01080430.JPG,5842791,2026-01-08 19:17:00,moved
CT14,100EK113,01080431.JPG,100EK113\01080431.JPG,01080431.JPG,5836316,2026-01-08 19:17:02,moved
CT14,100EK113,01080432.JPG,100EK113\01080432.JPG,01080432.JPG,5837920,2026-01-08 19:17:02,moved
CT14,100EK113,01080433.JPG,100EK113\01080433.JPG,01080433.JPG,5831763,2026-01-08 19:18:03,moved
CT14,100EK113,01080434.JPG,100EK113\01080434.JPG,01080434.JPG,5982794,2026-01-08 19:18:02,moved
CT14,100EK113,01080435.JPG,100EK113\01080435.JPG,01080435.JPG,5993954,2026-01-08 19:18:02,moved
CT14,100EK113,01080436.JPG,100EK113\01080436.JPG,01080436.JPG,5847123,2026-01-08 19:19:00,moved
CT14,100EK113,01080437.JPG,100EK113\01080437.JPG,01080437.JPG,5856025,2026-01-08 19:19:00,moved
CT14,100EK113,01080438.JPG,100EK113\01080438.JPG,01080438.JPG,5840667,2026-01-08 19:19:02,moved
CT14,100EK113,01080439.JPG,100EK113\01080439.JPG,01080439.JPG,5963540,2026-01-08 19:20:00,moved
CT14,100EK113,01080440.JPG,100EK113\01080440.JPG,01080440.JPG,6268890,2026-01-08 19:20:03,moved
CT14,100EK113,01080441.JPG,100EK113\01080441.JPG,01080441.JPG,6266251,2026-01-08 19:20:02,moved
CT14,100EK113,01080442.JPG,100EK113\01080442.JPG,01080442.JPG,6254602,2026-01-08 19:21:00,moved
CT14,100EK113,01080443.JPG,100EK113\01080443.JPG,01080443.JPG,5947236,2026-01-08 19:21:02,moved
CT14,100EK113,01080444.JPG,100EK113\01080444.JPG,01080444.JPG,5956646,2026-01-08 19:21:02,moved
CT14,100EK113,01080445.JPG,100EK113\01080445.JPG,01080445.JPG,6218171,2026-01-08 19:22:00,moved
CT14,100EK113,01080446.JPG,100EK113\01080446.JPG,01080446.JPG,6196781,2026-01-08 19:22:02,moved
CT14,100EK113,01080447.JPG,100EK113\01080447.JPG,01080447.JPG,6191096,2026-01-08 19:22:02,moved
CT14,100EK113,01080448.JPG,100EK113\01080448.JPG,01080448.JPG,5802414,2026-01-08 19:23:03,moved
CT14,100EK113,01080449.JPG,100EK113\01080449.JPG,01080449.JPG,6259244,2026-01-08 19:23:02,moved
CT14,100EK113,01080450.JPG,100EK113\01080450.JPG,01080450.JPG,6271381,2026-01-08 19:23:02,moved
CT14,100EK113,01080451.JPG,100EK113\01080451.JPG,01080451.JPG,5875190,2026-01-08 19:24:00,moved
CT14,100EK113,01080452.JPG,100EK113\01080452.JPG,01080452.JPG,5838383,2026-01-08 19:24:03,moved
CT14,100EK113,01080453.JPG,100EK113\01080453.JPG,01080453.JPG,5857237,2026-01-08 19:24:02,moved
CT14,100EK113,01080454.JPG,100EK113\01080454.JPG,01080454.JPG,5840942,2026-01-08 19:25:03,moved
CT14,100EK113,01080455.JPG,100EK113\01080455.JPG,01080455.JPG,5844799,2026-01-08 19:25:02,moved
CT14,100EK113,01080456.JPG,100EK113\01080456.JPG,01080456.JPG,5849182,2026-01-08 19:25:02,moved
CT14,100EK113,01080457.JPG,100EK113\01080457.JPG,01080457.JPG,5869630,2026-01-08 19:26:02,moved
CT14,100EK113,01080458.JPG,100EK113\01080458.JPG,01080458.JPG,5873269,2026-01-08 19:26:02,moved
CT14,100EK113,01080459.JPG,100EK113\01080459.JPG,01080459.JPG,5846375,2026-01-08 19:26:02,moved
CT14,100EK113,01080460.JPG,100EK113\01080460.JPG,01080460.JPG,5859569,2026-01-08 19:27:00,moved
CT14,100EK113,01080461.JPG,100EK113\01080461.JPG,01080461.JPG,5889436,2026-01-08 19:27:03,moved
CT14,100EK113,01080462.JPG,100EK113\01080462.JPG,01080462.JPG,5818699,2026-01-08 19:27:02,moved
CT14,100EK113,01080463.JPG,100EK113\01080463.JPG,01080463.JPG,5875669,2026-01-08 19:28:00,moved
CT14,100EK113,01080464.JPG,100EK113\01080464.JPG,01080464.JPG,5888460,2026-01-08 19:28:02,moved
CT14,100EK113,01080465.JPG,100EK113\01080465.JPG,01080465.JPG,5878180,2026-01-08 19:28:02,moved
CT14,100EK113,01080466.JPG,100EK113\01080466.JPG,01080466.JPG,5818141,2026-01-08 19:29:00,moved
CT14,100EK113,01080467.JPG,100EK113\01080467.JPG,01080467.JPG,5804548,2026-01-08 19:29:03,moved
CT14,100EK113,01080468.JPG,100EK113\01080468.JPG,01080468.JPG,5805716,2026-01-08 19:29:02,moved
CT14,100EK113,01080469.JPG,100EK113\01080469.JPG,01080469.JPG,5779567,2026-01-08 19:30:03,moved
CT14,100EK113,01080470.JPG,100EK113\01080470.JPG,01080470.JPG,5841372,2026-01-08 19:30:02,moved
CT14,100EK113,01080471.JPG,100EK113\01080471.JPG,01080471.JPG,5911559,2026-01-08 19:30:02,moved
CT14,100EK113,01080472.JPG,100EK113\01080472.JPG,01080472.JPG,5810213,2026-01-08 19:31:03,moved
CT14,100EK113,01080473.JPG,100EK113\01080473.JPG,01080473.JPG,5820345,2026-01-08 19:31:02,moved
CT14,100EK113,01080474.JPG,100EK113\01080474.JPG,01080474.JPG,5755912,2026-01-08 19:31:02,moved
CT14,100EK113,01080475.JPG,100EK113\01080475.JPG,01080475.JPG,5751135,2026-01-08 19:32:00,moved
CT14,100EK113,01080476.JPG,100EK113\01080476.JPG,01080476.JPG,5745362,2026-01-08 19:32:03,moved
CT14,100EK113,01080477.JPG,100EK113\01080477.JPG,01080477.JPG,5751308,2026-01-08 19:32:02,moved
CT14,100EK113,01080478.JPG,100EK113\01080478.JPG,01080478.JPG,5901506,2026-01-08 19:33:03,moved
CT14,100EK113,01080479.JPG,100EK113\01080479.JPG,01080479.JPG,5902915,2026-01-08 19:33:02,moved
CT14,100EK113,01080480.JPG,100EK113\01080480.JPG,01080480.JPG,5824793,2026-01-08 19:33:02,moved
CT14,100EK113,01080481.JPG,100EK113\01080481.JPG,01080481.JPG,5847130,2026-01-08 19:34:02,moved
CT14,100EK113,01080482.JPG,100EK113\01080482.JPG,01080482.JPG,5797853,2026-01-08 19:34:02,moved
CT14,100EK113,01080483.JPG,100EK113\01080483.JPG,01080483.JPG,5779147,2026-01-08 19:34:02,moved
CT14,100EK113,01080484.JPG,100EK113\01080484.JPG,01080484.JPG,5758265,2026-01-08 19:35:00,moved
CT14,100EK113,01080485.JPG,100EK113\01080485.JPG,01080485.JPG,5758646,2026-01-08 19:35:00,moved
CT14,100EK113,01080486.JPG,100EK113\01080486.JPG,01080486.JPG,5763264,2026-01-08 19:35:02,moved
CT14,100EK113,01080487.JPG,100EK113\01080487.JPG,01080487.JPG,5753518,2026-01-08 19:36:00,moved
CT14,100EK113,01080488.JPG,100EK113\01080488.JPG,01080488.JPG,5773647,2026-01-08 19:36:03,moved
CT14,100EK113,01080489.JPG,100EK113\01080489.JPG,01080489.JPG,5751544,2026-01-08 19:36:02,moved
CT14,100EK113,01080490.JPG,100EK113\01080490.JPG,01080490.JPG,5761006,2026-01-08 19:37:00,moved
CT14,100EK113,01080491.JPG,100EK113\01080491.JPG,01080491.JPG,5758235,2026-01-08 19:37:02,moved
CT14,100EK113,01080492.JPG,100EK113\01080492.JPG,01080492.JPG,5765866,2026-01-08 19:37:02,moved
CT14,100EK113,01080493.JPG,100EK113\01080493.JPG,01080493.JPG,6247618,2026-01-08 19:38:00,moved
CT14,100EK113,01080494.JPG,100EK113\01080494.JPG,01080494.JPG,6174987,2026-01-08 19:38:00,moved
CT14,100EK113,01080495.JPG,100EK113\01080495.JPG,01080495.JPG,6224614,2026-01-08 19:38:02,moved
CT14,100EK113,01080496.JPG,100EK113\01080496.JPG,01080496.JPG,6210531,2026-01-08 19:39:00,moved
CT14,100EK113,01080497.JPG,100EK113\01080497.JPG,01080497.JPG,6158197,2026-01-08 19:39:03,moved
CT14,100EK113,01080498.JPG,100EK113\01080498.JPG,01080498.JPG,6164803,2026-01-08 19:39:02,moved
CT14,100EK113,01080499.JPG,100EK113\01080499.JPG,01080499.JPG,6166340,2026-01-08 19:40:00,moved
CT14,100EK113,01080500.JPG,100EK113\01080500.JPG,01080500.JPG,6212324,2026-01-08 19:40:03,moved
CT14,100EK113,01080501.JPG,100EK113\01080501.JPG,01080501.JPG,6170514,2026-01-08 19:40:02,moved
CT14,100EK113,01080502.JPG,100EK113\01080502.JPG,01080502.JPG,6210946,2026-01-08 19:41:02,moved
CT14,100EK113,01080503.JPG,100EK113\01080503.JPG,01080503.JPG,6210616,2026-01-08 19:41:02,moved
CT14,100EK113,01080504.JPG,100EK113\01080504.JPG,01080504.JPG,6087227,2026-01-08 19:41:02,moved
CT14,100EK113,01080505.JPG,100EK113\01080505.JPG,01080505.JPG,6068239,2026-01-08 19:42:03,moved
CT14,100EK113,01080506.JPG,100EK113\01080506.JPG,01080506.JPG,6262358,2026-01-08 19:42:02,moved
CT14,100EK113,01080507.JPG,100EK113\01080507.JPG,01080507.JPG,6101059,2026-01-08 19:42:02,moved
CT14,100EK113,01080508.JPG,100EK113\01080508.JPG,01080508.JPG,6260726,2026-01-08 19:43:03,moved
CT14,100EK113,01080509.JPG,100EK113\01080509.JPG,01080509.JPG,6266201,2026-01-08 19:43:02,moved
CT14,100EK113,01080510.JPG,100EK113\01080510.JPG,01080510.JPG,6256977,2026-01-08 19:43:02,moved
CT14,100EK113,01080511.JPG,100EK113\01080511.JPG,01080511.JPG,5737157,2026-01-08 19:44:02,moved
CT14,100EK113,01080512.JPG,100EK113\01080512.JPG,01080512.JPG,6153861,2026-01-08 19:44:02,moved
CT14,100EK113,01080513.JPG,100EK113\01080513.JPG,01080513.JPG,5737977,2026-01-08 19:44:02,moved
CT14,100EK113,01080514.JPG,100EK113\01080514.JPG,01080514.JPG,6263214,2026-01-08 19:45:00,moved
CT14,100EK113,01080515.JPG,100EK113\01080515.JPG,01080515.JPG,6243524,2026-01-08 19:45:02,moved
CT14,100EK113,01080516.JPG,100EK113\01080516.JPG,01080516.JPG,6137744,2026-01-08 19:45:02,moved
CT14,100EK113,01080517.JPG,100EK113\01080517.JPG,01080517.JPG,6241374,2026-01-08 19:46:03,moved
CT14,100EK113,01080518.JPG,100EK113\01080518.JPG,01080518.JPG,6239297,2026-01-08 19:46:02,moved
CT14,100EK113,01080519.JPG,100EK113\01080519.JPG,01080519.JPG,6238237,2026-01-08 19:46:02,moved
CT14,100EK113,01080520.JPG,100EK113\01080520.JPG,01080520.JPG,6205088,2026-01-08 19:47:03,moved
CT14,100EK113,01080521.JPG,100EK113\01080521.JPG,01080521.JPG,6203736,2026-01-08 19:47:02,moved
CT14,100EK113,01080522.JPG,100EK113\01080522.JPG,01080522.JPG,6200049,2026-01-08 19:47:02,moved
CT14,100EK113,01080523.JPG,100EK113\01080523.JPG,01080523.JPG,5776326,2026-01-08 19:48:00,moved
CT14,100EK113,01080524.JPG,100EK113\01080524.JPG,01080524.JPG,6188849,2026-01-08 19:48:00,moved
CT14,100EK113,01080525.JPG,100EK113\01080525.JPG,01080525.JPG,6145624,2026-01-08 19:48:02,moved
CT14,100EK113,01080526.JPG,100EK113\01080526.JPG,01080526.JPG,6201020,2026-01-08 19:49:00,moved
CT14,100EK113,01080527.JPG,100EK113\01080527.JPG,01080527.JPG,6194670,2026-01-08 19:49:03,moved
CT14,100EK113,01080528.JPG,100EK113\01080528.JPG,01080528.JPG,6222388,2026-01-08 19:49:02,moved
CT14,100EK113,01080529.JPG,100EK113\01080529.JPG,01080529.JPG,6095866,2026-01-08 19:50:00,moved
CT14,100EK113,01080530.JPG,100EK113\01080530.JPG,01080530.JPG,6097669,2026-01-08 19:50:03,moved
CT14,100EK113,01080531.JPG,100EK113\01080531.JPG,01080531.JPG,6094090,2026-01-08 19:50:02,moved
CT14,100EK113,01080532.JPG,100EK113\01080532.JPG,01080532.JPG,6235426,2026-01-08 19:51:00,moved
CT14,100EK113,01080533.JPG,100EK113\01080533.JPG,01080533.JPG,6204992,2026-01-08 19:51:03,moved
CT14,100EK113,01080534.JPG,100EK113\01080534.JPG,01080534.JPG,6205084,2026-01-08 19:51:02,moved
CT14,100EK113,01080535.JPG,100EK113\01080535.JPG,01080535.JPG,5763727,2026-01-08 19:52:00,moved
CT14,100EK113,01080536.JPG,100EK113\01080536.JPG,01080536.JPG,5752497,2026-01-08 19:52:03,moved
CT14,100EK113,01080537.JPG,100EK113\01080537.JPG,01080537.JPG,6048009,2026-01-08 19:52:02,moved
CT14,100EK113,01080538.JPG,100EK113\01080538.JPG,01080538.JPG,5970767,2026-01-08 19:53:00,moved
CT14,100EK113,01080539.JPG,100EK113\01080539.JPG,01080539.JPG,5983412,2026-01-08 19:53:02,moved
CT14,100EK113,01080540.JPG,100EK113\01080540.JPG,01080540.JPG,5986732,2026-01-08 19:53:02,moved
CT14,100EK113,01080541.JPG,100EK113\01080541.JPG,01080541.JPG,6000861,2026-01-08 19:54:00,moved
CT14,100EK113,01080542.JPG,100EK113\01080542.JPG,01080542.JPG,6046226,2026-01-08 19:54:02,moved
CT14,100EK113,01080543.JPG,100EK113\01080543.JPG,01080543.JPG,6018062,2026-01-08 19:54:02,moved
CT14,100EK113,01080544.JPG,100EK113\01080544.JPG,01080544.JPG,6060911,2026-01-08 19:55:03,moved
CT14,100EK113,01080545.JPG,100EK113\01080545.JPG,01080545.JPG,6248806,2026-01-08 19:55:02,moved
CT14,100EK113,01080546.JPG,100EK113\01080546.JPG,01080546.JPG,5888127,2026-01-08 19:55:02,moved
CT14,100EK113,01080547.JPG,100EK113\01080547.JPG,01080547.JPG,6059257,2026-01-08 19:56:03,moved
CT14,100EK113,01080548.JPG,100EK113\01080548.JPG,01080548.JPG,6053586,2026-01-08 19:56:02,moved
CT14,100EK113,01080549.JPG,100EK113\01080549.JPG,01080549.JPG,6064751,2026-01-08 19:56:02,moved
CT14,100EK113,01080550.JPG,100EK113\01080550.JPG,01080550.JPG,6043359,2026-01-08 19:57:00,moved
CT14,100EK113,01080551.JPG,100EK113\01080551.JPG,01080551.JPG,6035148,2026-01-08 19:57:00,moved
CT14,100EK113,01080552.JPG,100EK113\01080552.JPG,01080552.JPG,6036513,2026-01-08 19:57:02,moved
CT14,100EK113,01080553.JPG,100EK113\01080553.JPG,01080553.JPG,5873508,2026-01-08 19:58:00,moved
CT14,100EK113,01080554.JPG,100EK113\01080554.JPG,01080554.JPG,5872757,2026-01-08 19:58:00,moved
CT14,100EK113,01080555.JPG,100EK113\01080555.JPG,01080555.JPG,5861493,2026-01-08 19:58:02,moved
CT14,100EK113,01080556.JPG,100EK113\01080556.JPG,01080556.JPG,6027942,2026-01-08 19:59:00,moved
CT14,100EK113,01080557.JPG,100EK113\01080557.JPG,01080557.JPG,6013592,2026-01-08 19:59:00,moved
CT14,100EK113,01080558.JPG,100EK113\01080558.JPG,01080558.JPG,6015170,2026-01-08 19:59:02,moved
CT14,100EK113,01080559.JPG,100EK113\01080559.JPG,01080559.JPG,6045754,2026-01-08 20:00:00,moved
CT14,100EK113,01080560.JPG,100EK113\01080560.JPG,01080560.JPG,6010408,2026-01-08 20:00:03,moved
CT14,100EK113,01080561.JPG,100EK113\01080561.JPG,01080561.JPG,6043994,2026-01-08 20:00:02,moved
CT14,100EK113,01080562.JPG,100EK113\01080562.JPG,01080562.JPG,5964584,2026-01-08 20:01:03,moved
CT14,100EK113,01080563.JPG,100EK113\01080563.JPG,01080563.JPG,5975633,2026-01-08 20:01:02,moved
CT14,100EK113,01080564.JPG,100EK113\01080564.JPG,01080564.JPG,5976532,2026-01-08 20:01:02,moved
CT14,100EK113,01080565.JPG,100EK113\01080565.JPG,01080565.JPG,5953120,2026-01-08 20:02:03,moved
CT14,100EK113,01080566.JPG,100EK113\01080566.JPG,01080566.JPG,5996620,2026-01-08 20:02:02,moved
CT14,100EK113,01080567.JPG,100EK113\01080567.JPG,01080567.JPG,5797800,2026-01-08 20:02:02,moved
CT14,100EK113,01080568.JPG,100EK113\01080568.JPG,01080568.JPG,5977187,2026-01-08 20:03:02,moved
CT14,100EK113,01080569.JPG,100EK113\01080569.JPG,01080569.JPG,5973173,2026-01-08 20:03:02,moved
CT14,100EK113,01080570.JPG,100EK113\01080570.JPG,01080570.JPG,5813241,2026-01-08 20:03:02,moved
CT14,100EK113,01080571.JPG,100EK113\01080571.JPG,01080571.JPG,5831081,2026-01-08 20:04:00,moved
CT14,100EK113,01080572.JPG,100EK113\01080572.JPG,01080572.JPG,5829458,2026-01-08 20:04:00,moved
CT14,100EK113,01080573.JPG,100EK113\01080573.JPG,01080573.JPG,5832815,2026-01-08 20:04:02,moved
CT14,100EK113,01080574.JPG,100EK113\01080574.JPG,01080574.JPG,5830797,2026-01-08 20:05:00,moved
CT14,100EK113,01080575.JPG,100EK113\01080575.JPG,01080575.JPG,5827039,2026-01-08 20:05:02,moved
CT14,100EK113,01080576.JPG,100EK113\01080576.JPG,01080576.JPG,5832198,2026-01-08 20:05:02,moved
CT14,100EK113,01080577.JPG,100EK113\01080577.JPG,01080577.JPG,5806376,2026-01-08 20:06:00,moved
CT14,100EK113,01080578.JPG,100EK113\01080578.JPG,01080578.JPG,5809489,2026-01-08 20:06:02,moved
CT14,100EK113,01080579.JPG,100EK113\01080579.JPG,01080579.JPG,5798548,2026-01-08 20:06:02,moved
CT14,100EK113,01080580.JPG,100EK113\01080580.JPG,01080580.JPG,5899027,2026-01-08 20:07:02,moved
CT14,100EK113,01080581.JPG,100EK113\01080581.JPG,01080581.JPG,5784683,2026-01-08 20:07:02,moved
CT14,100EK113,01080582.JPG,100EK113\01080582.JPG,01080582.JPG,5779838,2026-01-08 20:07:02,moved
CT14,100EK113,01080583.JPG,100EK113\01080583.JPG,01080583.JPG,5837319,2026-01-08 20:08:03,moved
CT14,100EK113,01080584.JPG,100EK113\01080584.JPG,01080584.JPG,5850453,2026-01-08 20:08:02,moved
CT14,100EK113,01080585.JPG,100EK113\01080585.JPG,01080585.JPG,5850120,2026-01-08 20:08:02,moved
CT14,100EK113,01080586.JPG,100EK113\01080586.JPG,01080586.JPG,5856071,2026-01-08 20:09:02,moved
CT14,100EK113,01080587.JPG,100EK113\01080587.JPG,01080587.JPG,5857540,2026-01-08 20:09:02,moved
CT14,100EK113,01080588.JPG,100EK113\01080588.JPG,01080588.JPG,5857496,2026-01-08 20:09:02,moved
CT14,100EK113,01080589.JPG,100EK113\01080589.JPG,01080589.JPG,5874918,2026-01-08 20:10:00,moved
CT14,100EK113,01080590.JPG,100EK113\01080590.JPG,01080590.JPG,5886250,2026-01-08 20:10:03,moved
CT14,100EK113,01080591.JPG,100EK113\01080591.JPG,01080591.JPG,5882485,2026-01-08 20:10:02,moved
CT14,100EK113,01080592.JPG,100EK113\01080592.JPG,01080592.JPG,5884273,2026-01-08 20:11:00,moved
CT14,100EK113,01080593.JPG,100EK113\01080593.JPG,01080593.JPG,5880276,2026-01-08 20:11:03,moved
CT14,100EK113,01080594.JPG,100EK113\01080594.JPG,01080594.JPG,5866067,2026-01-08 20:11:02,moved
CT14,100EK113,01080595.JPG,100EK113\01080595.JPG,01080595.JPG,5919088,2026-01-08 20:12:00,moved
CT14,100EK113,01080596.JPG,100EK113\01080596.JPG,01080596.JPG,5915356,2026-01-08 20:12:02,moved
CT14,100EK113,01080597.JPG,100EK113\01080597.JPG,01080597.JPG,5907110,2026-01-08 20:12:02,moved
CT14,100EK113,01080598.JPG,100EK113\01080598.JPG,01080598.JPG,5958980,2026-01-08 20:13:00,moved
CT14,100EK113,01080599.JPG,100EK113\01080599.JPG,01080599.JPG,5953429,2026-01-08 20:13:02,moved
CT14,100EK113,01080600.JPG,100EK113\01080600.JPG,01080600.JPG,5953501,2026-01-08 20:13:02,moved
CT14,100EK113,01080601.JPG,100EK113\01080601.JPG,01080601.JPG,5945454,2026-01-08 20:14:00,moved
CT14,100EK113,01080602.JPG,100EK113\01080602.JPG,01080602.JPG,5941925,2026-01-08 20:14:02,moved
CT14,100EK113,01080603.JPG,100EK113\01080603.JPG,01080603.JPG,5935664,2026-01-08 20:14:02,moved
CT14,100EK113,01080604.JPG,100EK113\01080604.JPG,01080604.JPG,5498609,2026-01-08 20:15:00,moved
CT14,100EK113,01080605.JPG,100EK113\01080605.JPG,01080605.JPG,5501898,2026-01-08 20:15:03,moved
CT14,100EK113,01080606.JPG,100EK113\01080606.JPG,01080606.JPG,5503200,2026-01-08 20:15:02,moved
CT14,100EK113,01080607.JPG,100EK113\01080607.JPG,01080607.JPG,5488261,2026-01-08 20:16:00,moved
CT14,100EK113,01080608.JPG,100EK113\01080608.JPG,01080608.JPG,5495774,2026-01-08 20:16:02,moved
CT14,100EK113,01080609.JPG,100EK113\01080609.JPG,01080609.JPG,5488888,2026-01-08 20:16:02,moved
CT14,100EK113,01080610.JPG,100EK113\01080610.JPG,01080610.JPG,5477182,2026-01-08 20:17:00,moved
CT14,100EK113,01080611.JPG,100EK113\01080611.JPG,01080611.JPG,5514802,2026-01-08 20:17:02,moved
CT14,100EK113,01080612.JPG,100EK113\01080612.JPG,01080612.JPG,5513854,2026-01-08 20:17:02,moved
CT14,100EK113,01080613.JPG,100EK113\01080613.JPG,01080613.JPG,5467437,2026-01-08 20:18:00,moved
CT14,100EK113,01080614.JPG,100EK113\01080614.JPG,01080614.JPG,5463039,2026-01-08 20:18:02,moved
CT14,100EK113,01080615.JPG,100EK113\01080615.JPG,01080615.JPG,5478615,2026-01-08 20:18:02,moved
CT14,100EK113,01080616.JPG,100EK113\01080616.JPG,01080616.JPG,5507683,2026-01-08 20:19:00,moved
CT14,100EK113,01080617.JPG,100EK113\01080617.JPG,01080617.JPG,5505587,2026-01-08 20:19:02,moved
CT14,100EK113,01080618.JPG,100EK113\01080618.JPG,01080618.JPG,5501566,2026-01-08 20:19:02,moved
CT14,100EK113,01080619.JPG,100EK113\01080619.JPG,01080619.JPG,5507099,2026-01-08 20:20:03,moved
CT14,100EK113,01080620.JPG,100EK113\01080620.JPG,01080620.JPG,5506126,2026-01-08 20:20:02,moved
CT14,100EK113,01080621.JPG,100EK113\01080621.JPG,01080621.JPG,5502578,2026-01-08 20:20:02,moved
CT14,100EK113,01080622.JPG,100EK113\01080622.JPG,01080622.JPG,5536129,2026-01-08 20:21:00,moved
CT14,100EK113,01080623.JPG,100EK113\01080623.JPG,01080623.JPG,5533034,2026-01-08 20:21:02,moved
CT14,100EK113,01080624.JPG,100EK113\01080624.JPG,01080624.JPG,5527867,2026-01-08 20:21:02,moved
CT14,100EK113,01080625.JPG,100EK113\01080625.JPG,01080625.JPG,5535596,2026-01-08 20:22:00,moved
CT14,100EK113,01080626.JPG,100EK113\01080626.JPG,01080626.JPG,5516577,2026-01-08 20:22:02,moved
CT14,100EK113,01080627.JPG,100EK113\01080627.JPG,01080627.JPG,5530333,2026-01-08 20:22:02,moved
CT14,100EK113,01080628.JPG,100EK113\01080628.JPG,01080628.JPG,5516715,2026-01-08 20:23:00,moved
CT14,100EK113,01080629.JPG,100EK113\01080629.JPG,01080629.JPG,5508410,2026-01-08 20:23:02,moved
CT14,100EK113,01080630.JPG,100EK113\01080630.JPG,01080630.JPG,5510914,2026-01-08 20:23:02,moved
CT14,100EK113,01080631.JPG,100EK113\01080631.JPG,01080631.JPG,5506989,2026-01-08 20:24:00,moved
CT14,100EK113,01080632.JPG,100EK113\01080632.JPG,01080632.JPG,5505599,2026-01-08 20:24:02,moved
CT14,100EK113,01080633.JPG,100EK113\01080633.JPG,01080633.JPG,5505193,2026-01-08 20:24:02,moved
CT14,100EK113,01080634.JPG,100EK113\01080634.JPG,01080634.JPG,5559947,2026-01-08 20:25:00,moved
CT14,100EK113,01080635.JPG,100EK113\01080635.JPG,01080635.JPG,5543002,2026-01-08 20:25:02,moved
CT14,100EK113,01080636.JPG,100EK113\01080636.JPG,01080636.JPG,5553653,2026-01-08 20:25:02,moved
CT14,100EK113,01080637.JPG,100EK113\01080637.JPG,01080637.JPG,5605891,2026-01-08 20:26:00,moved
CT14,100EK113,01080638.JPG,100EK113\01080638.JPG,01080638.JPG,5587913,2026-01-08 20:26:02,moved
CT14,100EK113,01080639.JPG,100EK113\01080639.JPG,01080639.JPG,5592104,2026-01-08 20:26:02,moved
CT14,100EK113,01080640.JPG,100EK113\01080640.JPG,01080640.JPG,5591869,2026-01-08 20:27:00,moved
CT14,100EK113,01080641.JPG,100EK113\01080641.JPG,01080641.JPG,5588192,2026-01-08 20:27:02,moved
CT14,100EK113,01080642.JPG,100EK113\01080642.JPG,01080642.JPG,5581867,2026-01-08 20:27:02,moved
CT14,100EK113,01080643.JPG,100EK113\01080643.JPG,01080643.JPG,5621890,2026-01-08 20:28:03,moved
CT14,100EK113,01080644.JPG,100EK113\01080644.JPG,01080644.JPG,5613903,2026-01-08 20:28:02,moved
CT14,100EK113,01080645.JPG,100EK113\01080645.JPG,01080645.JPG,5610329,2026-01-08 20:28:02,moved
CT14,100EK113,01080646.JPG,100EK113\01080646.JPG,01080646.JPG,5616907,2026-01-08 20:29:00,moved
CT14,100EK113,01080647.JPG,100EK113\01080647.JPG,01080647.JPG,5613461,2026-01-08 20:29:00,moved
CT14,100EK113,01080648.JPG,100EK113\01080648.JPG,01080648.JPG,5611990,2026-01-08 20:29:02,moved
CT14,100EK113,01080649.JPG,100EK113\01080649.JPG,01080649.JPG,5652235,2026-01-08 20:30:00,moved
CT14,100EK113,01080650.JPG,100EK113\01080650.JPG,01080650.JPG,5670694,2026-01-08 20:30:00,moved
CT14,100EK113,01080651.JPG,100EK113\01080651.JPG,01080651.JPG,5665220,2026-01-08 20:30:02,moved
CT14,100EK113,01080652.JPG,100EK113\01080652.JPG,01080652.JPG,5653233,2026-01-08 20:31:03,moved
CT14,100EK113,01080653.JPG,100EK113\01080653.JPG,01080653.JPG,5631346,2026-01-08 20:31:02,moved
CT14,100EK113,01080654.JPG,100EK113\01080654.JPG,01080654.JPG,5635560,2026-01-08 20:31:02,moved
CT14,100EK113,01080655.JPG,100EK113\01080655.JPG,01080655.JPG,5671705,2026-01-08 20:32:02,moved
CT14,100EK113,01080656.JPG,100EK113\01080656.JPG,01080656.JPG,5666492,2026-01-08 20:32:02,moved
CT14,100EK113,01080657.JPG,100EK113\01080657.JPG,01080657.JPG,5668174,2026-01-08 20:32:02,moved
CT14,100EK113,01080658.JPG,100EK113\01080658.JPG,01080658.JPG,5651291,2026-01-08 20:33:03,moved
CT14,100EK113,01080659.JPG,100EK113\01080659.JPG,01080659.JPG,5688962,2026-01-08 20:33:02,moved
CT14,100EK113,01080660.JPG,100EK113\01080660.JPG,01080660.JPG,5655569,2026-01-08 20:33:02,moved
CT14,100EK113,01080661.JPG,100EK113\01080661.JPG,01080661.JPG,5683512,2026-01-08 20:34:03,moved
CT14,100EK113,01080662.JPG,100EK113\01080662.JPG,01080662.JPG,5689071,2026-01-08 20:34:02,moved
CT14,100EK113,01080663.JPG,100EK113\01080663.JPG,01080663.JPG,5649289,2026-01-08 20:34:02,moved
CT14,100EK113,01080664.JPG,100EK113\01080664.JPG,01080664.JPG,5623926,2026-01-08 20:35:02,moved
CT14,100EK113,01080665.JPG,100EK113\01080665.JPG,01080665.JPG,5673181,2026-01-08 20:35:02,moved
CT14,100EK113,01080666.JPG,100EK113\01080666.JPG,01080666.JPG,5668767,2026-01-08 20:35:02,moved
CT14,100EK113,01080667.JPG,100EK113\01080667.JPG,01080667.JPG,5653430,2026-01-08 20:36:03,moved
CT14,100EK113,01080668.JPG,100EK113\01080668.JPG,01080668.JPG,5672940,2026-01-08 20:36:02,moved
CT14,100EK113,01080669.JPG,100EK113\01080669.JPG,01080669.JPG,5684346,2026-01-08 20:36:02,moved
CT14,100EK113,01080670.JPG,100EK113\01080670.JPG,01080670.JPG,5667453,2026-01-08 20:37:00,moved
CT14,100EK113,01080671.JPG,100EK113\01080671.JPG,01080671.JPG,5663215,2026-01-08 20:37:02,moved
CT14,100EK113,01080672.JPG,100EK113\01080672.JPG,01080672.JPG,5672185,2026-01-08 20:37:02,moved
CT14,100EK113,01080673.JPG,100EK113\01080673.JPG,01080673.JPG,5662980,2026-01-08 20:38:00,moved
CT14,100EK113,01080674.JPG,100EK113\01080674.JPG,01080674.JPG,5659624,2026-01-08 20:38:02,moved
CT14,100EK113,01080675.JPG,100EK113\01080675.JPG,01080675.JPG,5655843,2026-01-08 20:38:02,moved
CT14,100EK113,01080676.JPG,100EK113\01080676.JPG,01080676.JPG,5636500,2026-01-08 20:39:00,moved
CT14,100EK113,01080677.JPG,100EK113\01080677.JPG,01080677.JPG,5664360,2026-01-08 20:39:03,moved
CT14,100EK113,01080678.JPG,100EK113\01080678.JPG,01080678.JPG,5674445,2026-01-08 20:39:02,moved
CT14,100EK113,01080679.JPG,100EK113\01080679.JPG,01080679.JPG,5677423,2026-01-08 20:40:00,moved
CT14,100EK113,01080680.JPG,100EK113\01080680.JPG,01080680.JPG,5654518,2026-01-08 20:40:02,moved
CT14,100EK113,01080681.JPG,100EK113\01080681.JPG,01080681.JPG,5656915,2026-01-08 20:40:02,moved
CT14,100EK113,01080682.JPG,100EK113\01080682.JPG,01080682.JPG,5692295,2026-01-08 20:41:00,moved
CT14,100EK113,01080683.JPG,100EK113\01080683.JPG,01080683.JPG,5728753,2026-01-08 20:41:03,moved
CT14,100EK113,01080684.JPG,100EK113\01080684.JPG,01080684.JPG,5695547,2026-01-08 20:41:02,moved
CT14,100EK113,01080685.JPG,100EK113\01080685.JPG,01080685.JPG,5762159,2026-01-08 20:42:03,moved
CT14,100EK113,01080686.JPG,100EK113\01080686.JPG,01080686.JPG,5744094,2026-01-08 20:42:02,moved
CT14,100EK113,01080687.JPG,100EK113\01080687.JPG,01080687.JPG,5763952,2026-01-08 20:42:02,moved
CT14,100EK113,01080688.JPG,100EK113\01080688.JPG,01080688.JPG,5747009,2026-01-08 20:43:00,moved
CT14,100EK113,01080689.JPG,100EK113\01080689.JPG,01080689.JPG,5747165,2026-01-08 20:43:02,moved
CT14,100EK113,01080690.JPG,100EK113\01080690.JPG,01080690.JPG,5747165,2026-01-08 20:43:02,moved
CT14,100EK113,01080691.JPG,100EK113\01080691.JPG,01080691.JPG,5804800,2026-01-08 20:44:00,moved
CT14,100EK113,01080692.JPG,100EK113\01080692.JPG,01080692.JPG,5780667,2026-01-08 20:44:02,moved
CT14,100EK113,01080693.JPG,100EK113\01080693.JPG,01080693.JPG,5782602,2026-01-08 20:44:02,moved
CT14,100EK113,01080694.JPG,100EK113\01080694.JPG,01080694.JPG,5233423,2026-01-08 20:45:03,moved
CT14,100EK113,01080695.JPG,100EK113\01080695.JPG,01080695.JPG,5231521,2026-01-08 20:45:02,moved
CT14,100EK113,01080696.JPG,100EK113\01080696.JPG,01080696.JPG,5233650,2026-01-08 20:45:02,moved
CT14,100EK113,01080697.JPG,100EK113\01080697.JPG,01080697.JPG,5197714,2026-01-08 20:46:00,moved
CT14,100EK113,01080698.JPG,100EK113\01080698.JPG,01080698.JPG,5193796,2026-01-08 20:46:02,moved
CT14,100EK113,01080699.JPG,100EK113\01080699.JPG,01080699.JPG,5193698,2026-01-08 20:46:02,moved
CT14,100EK113,01080700.JPG,100EK113\01080700.JPG,01080700.JPG,5194184,2026-01-08 20:47:00,moved
CT14,100EK113,01080701.JPG,100EK113\01080701.JPG,01080701.JPG,5191099,2026-01-08 20:47:02,moved
CT14,100EK113,01080702.JPG,100EK113\01080702.JPG,01080702.JPG,5188239,2026-01-08 20:47:02,moved
CT14,100EK113,01080703.JPG,100EK113\01080703.JPG,01080703.JPG,5199628,2026-01-08 20:48:00,moved
CT14,100EK113,01080704.JPG,100EK113\01080704.JPG,01080704.JPG,5198013,2026-01-08 20:48:02,moved
CT14,100EK113,01080705.JPG,100EK113\01080705.JPG,01080705.JPG,5179016,2026-01-08 20:49:00,moved
CT14,100EK113,01180706.JPG,100EK113\01180706.JPG,01180706.JPG,5841303,2026-01-18 17:18:40,moved
CT14,100EK113,01180707.JPG,100EK113\01180707.JPG,01180707.JPG,5848819,2026-01-18 17:18:43,moved
CT14,100EK113,01180708.JPG,100EK113\01180708.JPG,01180708.JPG,5818978,2026-01-18 17:18:42,moved
CT14,100EK113,01180709.JPG,100EK113\01180709.JPG,01180709.JPG,5938874,2026-01-18 17:20:00,moved
CT14,100EK113,01180710.JPG,100EK113\01180710.JPG,01180710.JPG,5941987,2026-01-18 17:20:02,moved
CT14,100EK113,01180711.JPG,100EK113\01180711.JPG,01180711.JPG,5931214,2026-01-18 17:20:02,moved
CT14,100EK113,01180712.JPG,100EK113\01180712.JPG,01180712.JPG,5928224,2026-01-18 17:21:00,moved
CT14,100EK113,01180713.JPG,100EK113\01180713.JPG,01180713.JPG,5929490,2026-01-18 17:21:00,moved
CT14,100EK113,01180714.JPG,100EK113\01180714.JPG,01180714.JPG,5929018,2026-01-18 17:21:02,moved
CT14,100EK113,01180715.JPG,100EK113\01180715.JPG,01180715.JPG,5896007,2026-01-18 17:22:00,moved
CT14,100EK113,01180716.JPG,100EK113\01180716.JPG,01180716.JPG,5890483,2026-01-18 17:22:02,moved
CT14,100EK113,01180717.JPG,100EK113\01180717.JPG,01180717.JPG,5874739,2026-01-18 17:22:02,moved
CT14,100EK113,01180718.JPG,100EK113\01180718.JPG,01180718.JPG,5919691,2026-01-18 17:23:02,moved
CT14,100EK113,01180719.JPG,100EK113\01180719.JPG,01180719.JPG,5922954,2026-01-18 17:23:02,moved
CT14,100EK113,01180720.JPG,100EK113\01180720.JPG,01180720.JPG,5954272,2026-01-18 17:23:02,moved
CT14,100EK113,01180721.JPG,100EK113\01180721.JPG,01180721.JPG,5956378,2026-01-18 17:24:00,moved
CT14,100EK113,01180722.JPG,100EK113\01180722.JPG,01180722.JPG,5956730,2026-01-18 17:24:02,moved
CT14,100EK113,01180723.JPG,100EK113\01180723.JPG,01180723.JPG,5993978,2026-01-18 17:24:02,moved
CT14,100EK113,01180724.JPG,100EK113\01180724.JPG,01180724.JPG,5859822,2026-01-18 17:25:02,moved
CT14,100EK113,01180725.JPG,100EK113\01180725.JPG,01180725.JPG,5964143,2026-01-18 17:25:02,moved
CT14,100EK113,01180726.JPG,100EK113\01180726.JPG,01180726.JPG,5962040,2026-01-18 17:25:02,moved
CT14,100EK113,01180727.JPG,100EK113\01180727.JPG,01180727.JPG,5961120,2026-01-18 17:26:00,moved
CT14,100EK113,01180728.JPG,100EK113\01180728.JPG,01180728.JPG,5954647,2026-01-18 17:26:03,moved
CT14,100EK113,01180729.JPG,100EK113\01180729.JPG,01180729.JPG,5959774,2026-01-18 17:26:02,moved
CT14,100EK113,01180730.JPG,100EK113\01180730.JPG,01180730.JPG,5951448,2026-01-18 17:27:03,moved
CT14,100EK113,01180731.JPG,100EK113\01180731.JPG,01180731.JPG,5951187,2026-01-18 17:27:02,moved
CT14,100EK113,01180732.JPG,100EK113\01180732.JPG,01180732.JPG,5945477,2026-01-18 17:27:02,moved
CT14,100EK113,01180733.JPG,100EK113\01180733.JPG,01180733.JPG,5938143,2026-01-18 17:28:00,moved
CT14,100EK113,01180734.JPG,100EK113\01180734.JPG,01180734.JPG,5939303,2026-01-18 17:28:00,moved
CT14,100EK113,01180735.JPG,100EK113\01180735.JPG,01180735.JPG,5937509,2026-01-18 17:28:02,moved
CT14,100EK113,01180736.JPG,100EK113\01180736.JPG,01180736.JPG,6014552,2026-01-18 17:29:03,moved
CT14,100EK113,01180737.JPG,100EK113\01180737.JPG,01180737.JPG,6022432,2026-01-18 17:29:02,moved
CT14,100EK113,01180738.JPG,100EK113\01180738.JPG,01180738.JPG,6000363,2026-01-18 17:29:02,moved
CT14,100EK113,01180739.JPG,100EK113\01180739.JPG,01180739.JPG,5977854,2026-01-18 17:30:00,moved
CT14,100EK113,01180740.JPG,100EK113\01180740.JPG,01180740.JPG,5968205,2026-01-18 17:30:00,moved
CT14,100EK113,01180741.JPG,100EK113\01180741.JPG,01180741.JPG,5978773,2026-01-18 17:30:02,moved
CT14,100EK113,01180742.JPG,100EK113\01180742.JPG,01180742.JPG,6023520,2026-01-18 17:31:00,moved
CT14,100EK113,01180743.JPG,100EK113\01180743.JPG,01180743.JPG,6020786,2026-01-18 17:31:02,moved
CT14,100EK113,01180744.JPG,100EK113\01180744.JPG,01180744.JPG,6063566,2026-01-18 17:31:02,moved
CT14,100EK113,01180745.JPG,100EK113\01180745.JPG,01180745.JPG,6013209,2026-01-18 17:32:02,moved
CT14,100EK113,01180746.JPG,100EK113\01180746.JPG,01180746.JPG,6007608,2026-01-18 17:32:02,moved
CT14,100EK113,01180747.JPG,100EK113\01180747.JPG,01180747.JPG,5977646,2026-01-18 17:32:02,moved
CT14,100EK113,01180748.JPG,100EK113\01180748.JPG,01180748.JPG,6029703,2026-01-18 17:33:00,moved
CT14,100EK113,01180749.JPG,100EK113\01180749.JPG,01180749.JPG,6027991,2026-01-18 17:33:03,moved
CT14,100EK113,01180750.JPG,100EK113\01180750.JPG,01180750.JPG,6013360,2026-01-18 17:33:02,moved
CT14,100EK113,01180751.JPG,100EK113\01180751.JPG,01180751.JPG,5968352,2026-01-18 17:34:03,moved
CT14,100EK113,01180752.JPG,100EK113\01180752.JPG,01180752.JPG,5972706,2026-01-18 17:34:02,moved
CT14,100EK113,01180753.JPG,100EK113\01180753.JPG,01180753.JPG,6003025,2026-01-18 17:34:02,moved
CT14,100EK113,01180754.JPG,100EK113\01180754.JPG,01180754.JPG,6062443,2026-01-18 17:35:00,moved
CT14,100EK113,01180755.JPG,100EK113\01180755.JPG,01180755.JPG,6056601,2026-01-18 17:35:00,moved
CT14,100EK113,01180756.JPG,100EK113\01180756.JPG,01180756.JPG,6067429,2026-01-18 17:35:02,moved
CT14,100EK113,01180757.JPG,100EK113\01180757.JPG,01180757.JPG,6121381,2026-01-18 17:36:00,moved
CT14,100EK113,01180758.JPG,100EK113\01180758.JPG,01180758.JPG,6118757,2026-01-18 17:36:02,moved
CT14,100EK113,01180759.JPG,100EK113\01180759.JPG,01180759.JPG,6114048,2026-01-18 17:36:02,moved
CT14,100EK113,01180760.JPG,100EK113\01180760.JPG,01180760.JPG,6029235,2026-01-18 17:37:00,moved
CT14,100EK113,01180761.JPG,100EK113\01180761.JPG,01180761.JPG,6009652,2026-01-18 17:37:00,moved
CT14,100EK113,01180762.JPG,100EK113\01180762.JPG,01180762.JPG,6014806,2026-01-18 17:37:02,moved
CT14,100EK113,01180763.JPG,100EK113\01180763.JPG,01180763.JPG,6119181,2026-01-18 17:38:00,moved
CT14,100EK113,01180764.JPG,100EK113\01180764.JPG,01180764.JPG,6123186,2026-01-18 17:38:02,moved
CT14,100EK113,01180765.JPG,100EK113\01180765.JPG,01180765.JPG,6123382,2026-01-18 17:38:02,moved
CT14,100EK113,01180766.JPG,100EK113\01180766.JPG,01180766.JPG,6035888,2026-01-18 17:39:02,moved
CT14,100EK113,01180767.JPG,100EK113\01180767.JPG,01180767.JPG,6030532,2026-01-18 17:39:02,moved
CT14,100EK113,01180768.JPG,100EK113\01180768.JPG,01180768.JPG,6035375,2026-01-18 17:39:02,moved
CT14,100EK113,01180769.JPG,100EK113\01180769.JPG,01180769.JPG,6059299,2026-01-18 17:40:00,moved
CT14,100EK113,01180770.JPG,100EK113\01180770.JPG,01180770.JPG,6059391,2026-01-18 17:40:03,moved
CT14,100EK113,01180771.JPG,100EK113\01180771.JPG,01180771.JPG,6054195,2026-01-18 17:40:02,moved
CT14,100EK113,01180772.JPG,100EK113\01180772.JPG,01180772.JPG,6046762,2026-01-18 17:41:03,moved
CT14,100EK113,01180773.JPG,100EK113\01180773.JPG,01180773.JPG,6054736,2026-01-18 17:41:02,moved
CT14,100EK113,01180774.JPG,100EK113\01180774.JPG,01180774.JPG,6038991,2026-01-18 17:41:02,moved
CT14,100EK113,01180775.JPG,100EK113\01180775.JPG,01180775.JPG,6086312,2026-01-18 17:42:00,moved
CT14,100EK113,01180776.JPG,100EK113\01180776.JPG,01180776.JPG,6088240,2026-01-18 17:42:03,moved
CT14,100EK113,01180777.JPG,100EK113\01180777.JPG,01180777.JPG,6076157,2026-01-18 17:42:02,moved
CT14,100EK113,01180778.JPG,100EK113\01180778.JPG,01180778.JPG,6129358,2026-01-18 17:43:03,moved
CT14,100EK113,01180779.JPG,100EK113\01180779.JPG,01180779.JPG,6015627,2026-01-18 17:43:02,moved
CT14,100EK113,01180780.JPG,100EK113\01180780.JPG,01180780.JPG,6005123,2026-01-18 17:43:02,moved
CT14,100EK113,01180781.JPG,100EK113\01180781.JPG,01180781.JPG,6037091,2026-01-18 17:44:00,moved
CT14,100EK113,01180782.JPG,100EK113\01180782.JPG,01180782.JPG,6156702,2026-01-18 17:44:02,moved
CT14,100EK113,01180783.JPG,100EK113\01180783.JPG,01180783.JPG,6149125,2026-01-18 17:44:02,moved
CT14,100EK113,01180784.JPG,100EK113\01180784.JPG,01180784.JPG,6114925,2026-01-18 17:45:00,moved
CT14,100EK113,01180785.JPG,100EK113\01180785.JPG,01180785.JPG,6112426,2026-01-18 17:45:00,moved
CT14,100EK113,01180786.JPG,100EK113\01180786.JPG,01180786.JPG,6105249,2026-01-18 17:45:02,moved
CT14,100EK113,01180787.JPG,100EK113\01180787.JPG,01180787.JPG,6254492,2026-01-18 17:46:00,moved
CT14,100EK113,01180788.JPG,100EK113\01180788.JPG,01180788.JPG,6218557,2026-01-18 17:46:02,moved
CT14,100EK113,01180789.JPG,100EK113\01180789.JPG,01180789.JPG,6267307,2026-01-18 17:46:02,moved
CT14,100EK113,01180790.JPG,100EK113\01180790.JPG,01180790.JPG,6163920,2026-01-18 17:47:03,moved
CT14,100EK113,01180791.JPG,100EK113\01180791.JPG,01180791.JPG,6177434,2026-01-18 17:47:02,moved
CT14,100EK113,01180792.JPG,100EK113\01180792.JPG,01180792.JPG,6161987,2026-01-18 17:47:02,moved
CT14,100EK113,01180793.JPG,100EK113\01180793.JPG,01180793.JPG,6173021,2026-01-18 17:48:00,moved
CT14,100EK113,01180794.JPG,100EK113\01180794.JPG,01180794.JPG,6174127,2026-01-18 17:48:02,moved
CT14,100EK113,01180795.JPG,100EK113\01180795.JPG,01180795.JPG,6155912,2026-01-18 17:48:02,moved
CT14,100EK113,01180796.JPG,100EK113\01180796.JPG,01180796.JPG,6110177,2026-01-18 17:49:00,moved
CT14,100EK113,01180797.JPG,100EK113\01180797.JPG,01180797.JPG,6135064,2026-01-18 17:49:03,moved
CT14,100EK113,01180798.JPG,100EK113\01180798.JPG,01180798.JPG,6148231,2026-01-18 17:49:02,moved
CT14,100EK113,01180799.JPG,100EK113\01180799.JPG,01180799.JPG,6199765,2026-01-18 17:50:03,moved
CT14,100EK113,01180800.JPG,100EK113\01180800.JPG,01180800.JPG,6200556,2026-01-18 17:50:02,moved
CT14,100EK113,01180801.JPG,100EK113\01180801.JPG,01180801.JPG,6198953,2026-01-18 17:50:02,moved
CT14,100EK113,01180802.JPG,100EK113\01180802.JPG,01180802.JPG,6253878,2026-01-18 17:51:00,moved
CT14,100EK113,01180803.JPG,100EK113\01180803.JPG,01180803.JPG,6243873,2026-01-18 17:51:02,moved
CT14,100EK113,01180804.JPG,100EK113\01180804.JPG,01180804.JPG,6231203,2026-01-18 17:51:02,moved
CT14,100EK113,01180805.JPG,100EK113\01180805.JPG,01180805.JPG,6223865,2026-01-18 17:52:02,moved
CT14,100EK113,01180806.JPG,100EK113\01180806.JPG,01180806.JPG,6235278,2026-01-18 17:52:02,moved
CT14,100EK113,01180807.JPG,100EK113\01180807.JPG,01180807.JPG,6222435,2026-01-18 17:52:02,moved
CT14,100EK113,01180808.JPG,100EK113\01180808.JPG,01180808.JPG,6242359,2026-01-18 17:53:00,moved
CT14,100EK113,01180809.JPG,100EK113\01180809.JPG,01180809.JPG,6203544,2026-01-18 17:53:03,moved
CT14,100EK113,01180810.JPG,100EK113\01180810.JPG,01180810.JPG,6237240,2026-01-18 17:53:02,moved
CT14,100EK113,01180811.JPG,100EK113\01180811.JPG,01180811.JPG,6261179,2026-01-18 17:54:03,moved
CT14,100EK113,01180812.JPG,100EK113\01180812.JPG,01180812.JPG,6260793,2026-01-18 17:54:02,moved
CT14,100EK113,01180813.JPG,100EK113\01180813.JPG,01180813.JPG,6266654,2026-01-18 17:54:02,moved
CT14,100EK113,01180814.JPG,100EK113\01180814.JPG,01180814.JPG,6239801,2026-01-18 17:55:00,moved
CT14,100EK113,01180815.JPG,100EK113\01180815.JPG,01180815.JPG,6229834,2026-01-18 17:55:03,moved
CT14,100EK113,01180816.JPG,100EK113\01180816.JPG,01180816.JPG,6231850,2026-01-18 17:55:02,moved
CT14,100EK113,01180817.JPG,100EK113\01180817.JPG,01180817.JPG,6252949,2026-01-18 17:56:00,moved
CT14,100EK113,01180818.JPG,100EK113\01180818.JPG,01180818.JPG,6250230,2026-01-18 17:56:00,moved
CT14,100EK113,01180819.JPG,100EK113\01180819.JPG,01180819.JPG,6250001,2026-01-18 17:56:02,moved
CT14,100EK113,01180820.JPG,100EK113\01180820.JPG,01180820.JPG,6226642,2026-01-18 17:57:00,moved
CT14,100EK113,01180821.JPG,100EK113\01180821.JPG,01180821.JPG,6191762,2026-01-18 17:57:02,moved
CT14,100EK113,01180822.JPG,100EK113\01180822.JPG,01180822.JPG,6226882,2026-01-18 17:57:02,moved
CT14,100EK113,01180823.JPG,100EK113\01180823.JPG,01180823.JPG,6229312,2026-01-18 17:58:03,moved
CT14,100EK113,01180824.JPG,100EK113\01180824.JPG,01180824.JPG,6222487,2026-01-18 17:58:02,moved
CT14,100EK113,01180825.JPG,100EK113\01180825.JPG,01180825.JPG,6224283,2026-01-18 17:58:02,moved
CT14,100EK113,01180826.JPG,100EK113\01180826.JPG,01180826.JPG,6205798,2026-01-18 17:59:00,moved
CT14,100EK113,01180827.JPG,100EK113\01180827.JPG,01180827.JPG,6200208,2026-01-18 17:59:03,moved
CT14,100EK113,01180828.JPG,100EK113\01180828.JPG,01180828.JPG,6194345,2026-01-18 17:59:02,moved
CT14,100EK113,01180829.JPG,100EK113\01180829.JPG,01180829.JPG,6188762,2026-01-18 18:00:03,moved
CT14,100EK113,01180830.JPG,100EK113\01180830.JPG,01180830.JPG,6179438,2026-01-18 18:00:02,moved
CT14,100EK113,01180831.JPG,100EK113\01180831.JPG,01180831.JPG,6161440,2026-01-18 18:00:02,moved
CT14,100EK113,01180832.JPG,100EK113\01180832.JPG,01180832.JPG,6190307,2026-01-18 18:01:00,moved
CT14,100EK113,01180833.JPG,100EK113\01180833.JPG,01180833.JPG,6186334,2026-01-18 18:01:02,moved
CT14,100EK113,01180834.JPG,100EK113\01180834.JPG,01180834.JPG,6152406,2026-01-18 18:01:02,moved
CT14,100EK113,01180835.JPG,100EK113\01180835.JPG,01180835.JPG,6185138,2026-01-18 18:02:00,moved
CT14,100EK113,01180836.JPG,100EK113\01180836.JPG,01180836.JPG,6207654,2026-01-18 18:02:00,moved
CT14,100EK113,01180837.JPG,100EK113\01180837.JPG,01180837.JPG,6172863,2026-01-18 18:02:02,moved
CT14,100EK113,01180838.JPG,100EK113\01180838.JPG,01180838.JPG,6156680,2026-01-18 18:03:00,moved
CT14,100EK113,01180839.JPG,100EK113\01180839.JPG,01180839.JPG,6155650,2026-01-18 18:03:02,moved
CT14,100EK113,01180840.JPG,100EK113\01180840.JPG,01180840.JPG,6188360,2026-01-18 18:03:02,moved
CT14,100EK113,01180841.JPG,100EK113\01180841.JPG,01180841.JPG,6167489,2026-01-18 18:04:03,moved
CT14,100EK113,01180842.JPG,100EK113\01180842.JPG,01180842.JPG,6158815,2026-01-18 18:04:02,moved
CT14,100EK113,01180843.JPG,100EK113\01180843.JPG,01180843.JPG,6185419,2026-01-18 18:04:02,moved
CT14,100EK113,01180844.JPG,100EK113\01180844.JPG,01180844.JPG,6137043,2026-01-18 18:05:00,moved
CT14,100EK113,01180845.JPG,100EK113\01180845.JPG,01180845.JPG,6134709,2026-01-18 18:05:00,moved
CT14,100EK113,01180846.JPG,100EK113\01180846.JPG,01180846.JPG,6137744,2026-01-18 18:05:02,moved
CT14,100EK113,01180847.JPG,100EK113\01180847.JPG,01180847.JPG,6147419,2026-01-18 18:06:03,moved
CT14,100EK113,01180848.JPG,100EK113\01180848.JPG,01180848.JPG,6157999,2026-01-18 18:06:02,moved
CT14,100EK113,01180849.JPG,100EK113\01180849.JPG,01180849.JPG,6164170,2026-01-18 18:06:02,moved
CT14,100EK113,01180850.JPG,100EK113\01180850.JPG,01180850.JPG,6168471,2026-01-18 18:07:00,moved
CT14,100EK113,01180851.JPG,100EK113\01180851.JPG,01180851.JPG,6171147,2026-01-18 18:07:02,moved
CT14,100EK113,01180852.JPG,100EK113\01180852.JPG,01180852.JPG,6162902,2026-01-18 18:07:02,moved
CT14,100EK113,01180853.JPG,100EK113\01180853.JPG,01180853.JPG,6165667,2026-01-18 18:08:00,moved
CT14,100EK113,01180854.JPG,100EK113\01180854.JPG,01180854.JPG,6162833,2026-01-18 18:08:02,moved
CT14,100EK113,01180855.JPG,100EK113\01180855.JPG,01180855.JPG,6173884,2026-01-18 18:08:02,moved
CT14,100EK113,01180856.JPG,100EK113\01180856.JPG,01180856.JPG,6226516,2026-01-18 18:09:03,moved
CT14,100EK113,01180857.JPG,100EK113\01180857.JPG,01180857.JPG,6223311,2026-01-18 18:09:02,moved
CT14,100EK113,01180858.JPG,100EK113\01180858.JPG,01180858.JPG,6254051,2026-01-18 18:09:02,moved
CT14,100EK113,01180859.JPG,100EK113\01180859.JPG,01180859.JPG,6262448,2026-01-18 18:10:00,moved
CT14,100EK113,01180860.JPG,100EK113\01180860.JPG,01180860.JPG,5770247,2026-01-18 18:10:03,moved
CT14,100EK113,01180861.JPG,100EK113\01180861.JPG,01180861.JPG,5699523,2026-01-18 18:10:02,moved
CT14,100EK113,01180862.JPG,100EK113\01180862.JPG,01180862.JPG,5793818,2026-01-18 18:11:03,moved
CT14,100EK113,01180863.JPG,100EK113\01180863.JPG,01180863.JPG,5794851,2026-01-18 18:11:02,moved
CT14,100EK113,01180864.JPG,100EK113\01180864.JPG,01180864.JPG,6246240,2026-01-18 18:11:02,moved
CT14,100EK113,01180865.JPG,100EK113\01180865.JPG,01180865.JPG,5813194,2026-01-18 18:12:03,moved
CT14,100EK113,01180866.JPG,100EK113\01180866.JPG,01180866.JPG,5821654,2026-01-18 18:12:02,moved
CT14,100EK113,01180867.JPG,100EK113\01180867.JPG,01180867.JPG,5787368,2026-01-18 18:12:02,moved
CT14,100EK113,01180868.JPG,100EK113\01180868.JPG,01180868.JPG,5790458,2026-01-18 18:13:00,moved
CT14,100EK113,01180869.JPG,100EK113\01180869.JPG,01180869.JPG,6267815,2026-01-18 18:13:03,moved
CT14,100EK113,01180870.JPG,100EK113\01180870.JPG,01180870.JPG,6237530,2026-01-18 18:13:02,moved
CT14,100EK113,01180871.JPG,100EK113\01180871.JPG,01180871.JPG,5765042,2026-01-18 18:14:00,moved
CT14,100EK113,01180872.JPG,100EK113\01180872.JPG,01180872.JPG,5821300,2026-01-18 18:14:00,moved
CT14,100EK113,01180873.JPG,100EK113\01180873.JPG,01180873.JPG,5823799,2026-01-18 18:14:02,moved
CT14,100EK113,01180874.JPG,100EK113\01180874.JPG,01180874.JPG,6261026,2026-01-18 18:15:00,moved
CT14,100EK113,01180875.JPG,100EK113\01180875.JPG,01180875.JPG,6269438,2026-01-18 18:15:03,moved
CT14,100EK113,01180876.JPG,100EK113\01180876.JPG,01180876.JPG,6267815,2026-01-18 18:15:02,moved
CT14,100EK113,01180877.JPG,100EK113\01180877.JPG,01180877.JPG,6250628,2026-01-18 18:16:03,moved
CT14,100EK113,01180878.JPG,100EK113\01180878.JPG,01180878.JPG,6256203,2026-01-18 18:16:02,moved
CT14,100EK113,01180879.JPG,100EK113\01180879.JPG,01180879.JPG,6253423,2026-01-18 18:16:02,moved
CT14,100EK113,01180880.JPG,100EK113\01180880.JPG,01180880.JPG,5760320,2026-01-18 18:17:00,moved
CT14,100EK113,01180881.JPG,100EK113\01180881.JPG,01180881.JPG,5760284,2026-01-18 18:17:03,moved
CT14,100EK113,01180882.JPG,100EK113\01180882.JPG,01180882.JPG,5811051,2026-01-18 18:17:02,moved
CT14,100EK113,01180883.JPG,100EK113\01180883.JPG,01180883.JPG,5844398,2026-01-18 18:18:03,moved
CT14,100EK113,01180884.JPG,100EK113\01180884.JPG,01180884.JPG,5771932,2026-01-18 18:18:02,moved
CT14,100EK113,01180885.JPG,100EK113\01180885.JPG,01180885.JPG,5843646,2026-01-18 18:18:02,moved
CT14,100EK113,01180886.JPG,100EK113\01180886.JPG,01180886.JPG,5763047,2026-01-18 18:19:00,moved
CT14,100EK113,01180887.JPG,100EK113\01180887.JPG,01180887.JPG,5819991,2026-01-18 18:19:03,moved
CT14,100EK113,01180888.JPG,100EK113\01180888.JPG,01180888.JPG,5755863,2026-01-18 18:19:02,moved
CT14,100EK113,01180889.JPG,100EK113\01180889.JPG,01180889.JPG,5831722,2026-01-18 18:20:00,moved
CT14,100EK113,01180890.JPG,100EK113\01180890.JPG,01180890.JPG,5833669,2026-01-18 18:20:02,moved
CT14,100EK113,01180891.JPG,100EK113\01180891.JPG,01180891.JPG,5757831,2026-01-18 18:20:02,moved
CT14,100EK113,01180892.JPG,100EK113\01180892.JPG,01180892.JPG,5854080,2026-01-18 18:21:00,moved
CT14,100EK113,01180893.JPG,100EK113\01180893.JPG,01180893.JPG,5845888,2026-01-18 18:21:00,moved
CT14,100EK113,01180894.JPG,100EK113\01180894.JPG,01180894.JPG,5839706,2026-01-18 18:21:02,moved
CT14,100EK113,01180895.JPG,100EK113\01180895.JPG,01180895.JPG,5837051,2026-01-18 18:22:03,moved
CT14,100EK113,01180896.JPG,100EK113\01180896.JPG,01180896.JPG,5835996,2026-01-18 18:22:02,moved
CT14,100EK113,01180897.JPG,100EK113\01180897.JPG,01180897.JPG,5889448,2026-01-18 18:22:02,moved
CT14,100EK113,01180898.JPG,100EK113\01180898.JPG,01180898.JPG,5895234,2026-01-18 18:23:00,moved
CT14,100EK113,01180899.JPG,100EK113\01180899.JPG,01180899.JPG,5831733,2026-01-18 18:23:02,moved
CT14,100EK113,01180900.JPG,100EK113\01180900.JPG,01180900.JPG,5837534,2026-01-18 18:23:02,moved
CT14,100EK113,01180901.JPG,100EK113\01180901.JPG,01180901.JPG,5834474,2026-01-18 18:24:03,moved
CT14,100EK113,01180902.JPG,100EK113\01180902.JPG,01180902.JPG,5896035,2026-01-18 18:24:02,moved
CT14,100EK113,01180903.JPG,100EK113\01180903.JPG,01180903.JPG,5841988,2026-01-18 18:24:02,moved
CT14,100EK113,01180904.JPG,100EK113\01180904.JPG,01180904.JPG,5842176,2026-01-18 18:25:00,moved
CT14,100EK113,01180905.JPG,100EK113\01180905.JPG,01180905.JPG,5839525,2026-01-18 18:25:03,moved
CT14,100EK113,01180906.JPG,100EK113\01180906.JPG,01180906.JPG,5839486,2026-01-18 18:25:02,moved
CT14,100EK113,01180907.JPG,100EK113\01180907.JPG,01180907.JPG,5901231,2026-01-18 18:26:03,moved
CT14,100EK113,01180908.JPG,100EK113\01180908.JPG,01180908.JPG,5886736,2026-01-18 18:26:02,moved
CT14,100EK113,01180909.JPG,100EK113\01180909.JPG,01180909.JPG,5894240,2026-01-18 18:26:02,moved
CT14,100EK113,01180910.JPG,100EK113\01180910.JPG,01180910.JPG,5869973,2026-01-18 18:27:03,moved
CT14,100EK113,01180911.JPG,100EK113\01180911.JPG,01180911.JPG,5865211,2026-01-18 18:27:02,moved
CT14,100EK113,01180912.JPG,100EK113\01180912.JPG,01180912.JPG,5861204,2026-01-18 18:27:02,moved
CT14,100EK113,01180913.JPG,100EK113\01180913.JPG,01180913.JPG,5834703,2026-01-18 18:28:00,moved
CT14,100EK113,01180914.JPG,100EK113\01180914.JPG,01180914.JPG,5858544,2026-01-18 18:28:02,moved
CT14,100EK113,01180915.JPG,100EK113\01180915.JPG,01180915.JPG,5856700,2026-01-18 18:28:02,moved
CT14,100EK113,01180916.JPG,100EK113\01180916.JPG,01180916.JPG,5877343,2026-01-18 18:29:00,moved
CT14,100EK113,01180917.JPG,100EK113\01180917.JPG,01180917.JPG,5864230,2026-01-18 18:29:02,moved
CT14,100EK113,01180918.JPG,100EK113\01180918.JPG,01180918.JPG,5860195,2026-01-18 18:29:02,moved
CT14,100EK113,01180919.JPG,100EK113\01180919.JPG,01180919.JPG,5859009,2026-01-18 18:30:03,moved
CT14,100EK113,01180920.JPG,100EK113\01180920.JPG,01180920.JPG,5859370,2026-01-18 18:30:02,moved
CT14,100EK113,01180921.JPG,100EK113\01180921.JPG,01180921.JPG,5851899,2026-01-18 18:30:02,moved
CT14,100EK113,01180922.JPG,100EK113\01180922.JPG,01180922.JPG,5894096,2026-01-18 18:31:00,moved
CT14,100EK113,01180923.JPG,100EK113\01180923.JPG,01180923.JPG,5895556,2026-01-18 18:31:02,moved
CT14,100EK113,01180924.JPG,100EK113\01180924.JPG,01180924.JPG,5902632,2026-01-18 18:31:02,moved
CT14,100EK113,01180925.JPG,100EK113\01180925.JPG,01180925.JPG,5887663,2026-01-18 18:32:00,moved
CT14,100EK113,01180926.JPG,100EK113\01180926.JPG,01180926.JPG,5866933,2026-01-18 18:32:03,moved
CT14,100EK113,01180927.JPG,100EK113\01180927.JPG,01180927.JPG,5853870,2026-01-18 18:32:02,moved
CT14,100EK113,01180928.JPG,100EK113\01180928.JPG,01180928.JPG,5853790,2026-01-18 18:33:00,moved
CT14,100EK113,01180929.JPG,100EK113\01180929.JPG,01180929.JPG,5863984,2026-01-18 18:33:02,moved
CT14,100EK113,01180930.JPG,100EK113\01180930.JPG,01180930.JPG,5863257,2026-01-18 18:33:02,moved
CT14,100EK113,01180931.JPG,100EK113\01180931.JPG,01180931.JPG,5828085,2026-01-18 18:34:02,moved
CT14,100EK113,01180932.JPG,100EK113\01180932.JPG,01180932.JPG,5821106,2026-01-18 18:34:02,moved
CT14,100EK113,01180933.JPG,100EK113\01180933.JPG,01180933.JPG,5825621,2026-01-18 18:34:02,moved
CT14,100EK113,01180934.JPG,100EK113\01180934.JPG,01180934.JPG,5790323,2026-01-18 18:35:03,moved
CT14,100EK113,01180935.JPG,100EK113\01180935.JPG,01180935.JPG,5926586,2026-01-18 18:35:02,moved
CT14,100EK113,01180936.JPG,100EK113\01180936.JPG,01180936.JPG,5924704,2026-01-18 18:35:02,moved
CT14,100EK113,01180937.JPG,100EK113\01180937.JPG,01180937.JPG,5783271,2026-01-18 18:36:00,moved
CT14,100EK113,01180938.JPG,100EK113\01180938.JPG,01180938.JPG,5930535,2026-01-18 18:36:03,moved
CT14,100EK113,01180939.JPG,100EK113\01180939.JPG,01180939.JPG,5780367,2026-01-18 18:36:02,moved
CT14,100EK113,01180940.JPG,100EK113\01180940.JPG,01180940.JPG,5771319,2026-01-18 18:37:00,moved
CT14,100EK113,01180941.JPG,100EK113\01180941.JPG,01180941.JPG,6269601,2026-01-18 18:37:00,moved
CT14,100EK113,01180942.JPG,100EK113\01180942.JPG,01180942.JPG,6262457,2026-01-18 18:37:02,moved
CT14,100EK113,01180943.JPG,100EK113\01180943.JPG,01180943.JPG,5779757,2026-01-18 18:38:00,moved
CT14,100EK113,01180944.JPG,100EK113\01180944.JPG,01180944.JPG,5778392,2026-01-18 18:38:02,moved
CT14,100EK113,01180945.JPG,100EK113\01180945.JPG,01180945.JPG,6256706,2026-01-18 18:38:02,moved
CT14,100EK113,01180946.JPG,100EK113\01180946.JPG,01180946.JPG,6244886,2026-01-18 18:39:03,moved
CT14,100EK113,01180947.JPG,100EK113\01180947.JPG,01180947.JPG,6259037,2026-01-18 18:39:02,moved
CT14,100EK113,01180948.JPG,100EK113\01180948.JPG,01180948.JPG,6248161,2026-01-18 18:39:02,moved
CT14,100EK113,01180949.JPG,100EK113\01180949.JPG,01180949.JPG,5929084,2026-01-18 18:40:00,moved
CT14,100EK113,01180950.JPG,100EK113\01180950.JPG,01180950.JPG,5781264,2026-01-18 18:40:02,moved
CT14,100EK113,01180951.JPG,100EK113\01180951.JPG,01180951.JPG,6266509,2026-01-18 18:40:02,moved
CT14,100EK113,01180952.JPG,100EK113\01180952.JPG,01180952.JPG,5773360,2026-01-18 18:41:03,moved
CT14,100EK113,01180953.JPG,100EK113\01180953.JPG,01180953.JPG,6249258,2026-01-18 18:41:02,moved
CT14,100EK113,01180954.JPG,100EK113\01180954.JPG,01180954.JPG,5763567,2026-01-18 18:41:02,moved
CT14,100EK113,01180955.JPG,100EK113\01180955.JPG,01180955.JPG,5944746,2026-01-18 18:42:00,moved
CT14,100EK113,01180956.JPG,100EK113\01180956.JPG,01180956.JPG,5954958,2026-01-18 18:42:00,moved
CT14,100EK113,01180957.JPG,100EK113\01180957.JPG,01180957.JPG,5939568,2026-01-18 18:42:02,moved
CT14,100EK113,01180958.JPG,100EK113\01180958.JPG,01180958.JPG,5957628,2026-01-18 18:43:00,moved
CT14,100EK113,01180959.JPG,100EK113\01180959.JPG,01180959.JPG,5809512,2026-01-18 18:43:02,moved
CT14,100EK113,01180960.JPG,100EK113\01180960.JPG,01180960.JPG,5962092,2026-01-18 18:43:02,moved
CT14,100EK113,01180961.JPG,100EK113\01180961.JPG,01180961.JPG,5936056,2026-01-18 18:44:03,moved
CT14,100EK113,01180962.JPG,100EK113\01180962.JPG,01180962.JPG,5946492,2026-01-18 18:44:02,moved
CT14,100EK113,01180963.JPG,100EK113\01180963.JPG,01180963.JPG,5811138,2026-01-18 18:44:02,moved
CT14,100EK113,01180964.JPG,100EK113\01180964.JPG,01180964.JPG,5941531,2026-01-18 18:45:00,moved
CT14,100EK113,01180965.JPG,100EK113\01180965.JPG,01180965.JPG,5799439,2026-01-18 18:45:02,moved
CT14,100EK113,01180966.JPG,100EK113\01180966.JPG,01180966.JPG,5939658,2026-01-18 18:45:02,moved
CT14,100EK113,01180967.JPG,100EK113\01180967.JPG,01180967.JPG,5970088,2026-01-18 18:46:00,moved
CT14,100EK113,01180968.JPG,100EK113\01180968.JPG,01180968.JPG,5972201,2026-01-18 18:46:00,moved
CT14,100EK113,01180969.JPG,100EK113\01180969.JPG,01180969.JPG,5975348,2026-01-18 18:46:02,moved
CT14,100EK113,01180970.JPG,100EK113\01180970.JPG,01180970.JPG,6258919,2026-01-18 18:47:03,moved
CT14,100EK113,01180971.JPG,100EK113\01180971.JPG,01180971.JPG,6259574,2026-01-18 18:47:02,moved
CT14,100EK113,01180972.JPG,100EK113\01180972.JPG,01180972.JPG,6253395,2026-01-18 18:47:02,moved
CT14,100EK113,01180973.JPG,100EK113\01180973.JPG,01180973.JPG,5910683,2026-01-18 18:48:00,moved
CT14,100EK113,01180974.JPG,100EK113\01180974.JPG,01180974.JPG,5913423,2026-01-18 18:48:03,moved
CT14,100EK113,01180975.JPG,100EK113\01180975.JPG,01180975.JPG,5913642,2026-01-18 18:48:02,moved
CT14,100EK113,01180976.JPG,100EK113\01180976.JPG,01180976.JPG,6238367,2026-01-18 18:49:03,moved
CT14,100EK113,01180977.JPG,100EK113\01180977.JPG,01180977.JPG,6240238,2026-01-18 18:49:02,moved
CT14,100EK113,01180978.JPG,100EK113\01180978.JPG,01180978.JPG,5908816,2026-01-18 18:49:02,moved
CT14,100EK113,01180979.JPG,100EK113\01180979.JPG,01180979.JPG,5909408,2026-01-18 18:50:00,moved
CT14,100EK113,01180980.JPG,100EK113\01180980.JPG,01180980.JPG,5925688,2026-01-18 18:50:03,moved
CT14,100EK113,01180981.JPG,100EK113\01180981.JPG,01180981.JPG,5889584,2026-01-18 18:50:02,moved
CT14,100EK113,01180982.JPG,100EK113\01180982.JPG,01180982.JPG,5936869,2026-01-18 18:51:00,moved
CT14,100EK113,01180983.JPG,100EK113\01180983.JPG,01180983.JPG,5941611,2026-01-18 18:51:03,moved
CT14,100EK113,01180984.JPG,100EK113\01180984.JPG,01180984.JPG,5938681,2026-01-18 18:51:02,moved
CT14,100EK113,01180985.JPG,100EK113\01180985.JPG,01180985.JPG,5924973,2026-01-18 18:52:03,moved
CT14,100EK113,01180986.JPG,100EK113\01180986.JPG,01180986.JPG,5948455,2026-01-18 18:52:02,moved
CT14,100EK113,01180987.JPG,100EK113\01180987.JPG,01180987.JPG,5941663,2026-01-18 18:52:02,moved
CT14,100EK113,01180988.JPG,100EK113\01180988.JPG,01180988.JPG,5913219,2026-01-18 18:53:00,moved
CT14,100EK113,01180989.JPG,100EK113\01180989.JPG,01180989.JPG,5908441,2026-01-18 18:53:03,moved
CT14,100EK113,01180990.JPG,100EK113\01180990.JPG,01180990.JPG,5884746,2026-01-18 18:53:02,moved
CT14,100EK113,01180991.JPG,100EK113\01180991.JPG,01180991.JPG,5901505,2026-01-18 18:54:03,moved
CT14,100EK113,01180992.JPG,100EK113\01180992.JPG,01180992.JPG,5921395,2026-01-18 18:54:02,moved
CT14,100EK113,01180993.JPG,100EK113\01180993.JPG,01180993.JPG,5921280,2026-01-18 18:54:02,moved
CT14,100EK113,01180994.JPG,100EK113\01180994.JPG,01180994.JPG,5786857,2026-01-18 18:55:00,moved
CT14,100EK113,01180995.JPG,100EK113\01180995.JPG,01180995.JPG,5940320,2026-01-18 18:55:02,moved
CT14,100EK113,01180996.JPG,100EK113\01180996.JPG,01180996.JPG,5936297,2026-01-18 18:55:02,moved
CT14,100EK113,01180997.JPG,100EK113\01180997.JPG,01180997.JPG,5797571,2026-01-18 18:56:03,moved
CT14,100EK113,01180998.JPG,100EK113\01180998.JPG,01180998.JPG,5802485,2026-01-18 18:56:02,moved
CT14,100EK113,01180999.JPG,100EK113\01180999.JPG,01180999.JPG,5968026,2026-01-18 18:56:02,moved
CT14,101EK113,01180001.JPG,101EK113\01180001.JPG,01180001.JPG,5926645,2026-01-18 18:57:03,moved
CT14,101EK113,01180002.JPG,101EK113\01180002.JPG,01180002.JPG,5927465,2026-01-18 18:57:02,moved
CT14,101EK113,01180003.JPG,101EK113\01180003.JPG,01180003.JPG,6253304,2026-01-18 18:57:02,moved
CT14,101EK113,01180004.JPG,101EK113\01180004.JPG,01180004.JPG,6244407,2026-01-18 18:58:00,moved
CT14,101EK113,01180005.JPG,101EK113\01180005.JPG,01180005.JPG,5898305,2026-01-18 18:58:00,moved
CT14,101EK113,01180006.JPG,101EK113\01180006.JPG,01180006.JPG,6242954,2026-01-18 18:58:02,moved
CT14,101EK113,01180007.JPG,101EK113\01180007.JPG,01180007.JPG,5911894,2026-01-18 18:59:00,moved
CT14,101EK113,01180008.JPG,101EK113\01180008.JPG,01180008.JPG,5911646,2026-01-18 18:59:03,moved
CT14,101EK113,01180009.JPG,101EK113\01180009.JPG,01180009.JPG,5927458,2026-01-18 18:59:02,moved
CT14,101EK113,01180010.JPG,101EK113\01180010.JPG,01180010.JPG,5842061,2026-01-18 19:00:03,moved
CT14,101EK113,01180011.JPG,101EK113\01180011.JPG,01180011.JPG,5839907,2026-01-18 19:00:02,moved
CT14,101EK113,01180012.JPG,101EK113\01180012.JPG,01180012.JPG,5859152,2026-01-18 19:00:02,moved
CT14,101EK113,01180013.JPG,101EK113\01180013.JPG,01180013.JPG,5833728,2026-01-18 19:01:03,moved
CT14,101EK113,01180014.JPG,101EK113\01180014.JPG,01180014.JPG,5825662,2026-01-18 19:01:02,moved
CT14,101EK113,01180015.JPG,101EK113\01180015.JPG,01180015.JPG,5822331,2026-01-18 19:01:02,moved
CT14,101EK113,01180016.JPG,101EK113\01180016.JPG,01180016.JPG,5828446,2026-01-18 19:02:00,moved
CT14,101EK113,01180017.JPG,101EK113\01180017.JPG,01180017.JPG,5811462,2026-01-18 19:02:02,moved
CT14,101EK113,01180018.JPG,101EK113\01180018.JPG,01180018.JPG,5811911,2026-01-18 19:02:02,moved
CT14,101EK113,01180019.JPG,101EK113\01180019.JPG,01180019.JPG,5800296,2026-01-18 19:03:03,moved
CT14,101EK113,01180020.JPG,101EK113\01180020.JPG,01180020.JPG,5797125,2026-01-18 19:03:02,moved
CT14,101EK113,01180021.JPG,101EK113\01180021.JPG,01180021.JPG,5788135,2026-01-18 19:03:02,moved
CT14,101EK113,01180022.JPG,101EK113\01180022.JPG,01180022.JPG,5803674,2026-01-18 19:04:00,moved
CT14,101EK113,01180023.JPG,101EK113\01180023.JPG,01180023.JPG,5802909,2026-01-18 19:04:03,moved
CT14,101EK113,01180024.JPG,101EK113\01180024.JPG,01180024.JPG,6122953,2026-01-18 19:04:02,moved
CT14,101EK113,01180025.JPG,101EK113\01180025.JPG,01180025.JPG,6173167,2026-01-18 19:05:00,moved
CT14,101EK113,01180026.JPG,101EK113\01180026.JPG,01180026.JPG,6163058,2026-01-18 19:05:02,moved
CT14,101EK113,01180027.JPG,101EK113\01180027.JPG,01180027.JPG,6157079,2026-01-18 19:05:02,moved
CT14,101EK113,01180028.JPG,101EK113\01180028.JPG,01180028.JPG,5877649,2026-01-18 19:06:00,moved
CT14,101EK113,01180029.JPG,101EK113\01180029.JPG,01180029.JPG,5855836,2026-01-18 19:06:03,moved
CT14,101EK113,01180030.JPG,101EK113\01180030.JPG,01180030.JPG,5854747,2026-01-18 19:06:02,moved
CT14,101EK113,01180031.JPG,101EK113\01180031.JPG,01180031.JPG,5859843,2026-01-18 19:07:00,moved
CT14,101EK113,01180032.JPG,101EK113\01180032.JPG,01180032.JPG,5855424,2026-01-18 19:07:02,moved
CT14,101EK113,01180033.JPG,101EK113\01180033.JPG,01180033.JPG,5858445,2026-01-18 19:07:02,moved
CT14,101EK113,01180034.JPG,101EK113\01180034.JPG,01180034.JPG,6206569,2026-01-18 19:08:00,moved
CT14,101EK113,01180035.JPG,101EK113\01180035.JPG,01180035.JPG,6206636,2026-01-18 19:08:02,moved
CT14,101EK113,01180036.JPG,101EK113\01180036.JPG,01180036.JPG,6200523,2026-01-18 19:08:02,moved
CT14,101EK113,01180037.JPG,101EK113\01180037.JPG,01180037.JPG,5880053,2026-01-18 19:09:02,moved
CT14,101EK113,01180038.JPG,101EK113\01180038.JPG,01180038.JPG,6198568,2026-01-18 19:09:02,moved
CT14,101EK113,01180039.JPG,101EK113\01180039.JPG,01180039.JPG,5859503,2026-01-18 19:09:02,moved
CT14,101EK113,01180040.JPG,101EK113\01180040.JPG,01180040.JPG,5833398,2026-01-18 19:10:03,moved
CT14,101EK113,01180041.JPG,101EK113\01180041.JPG,01180041.JPG,5838084,2026-01-18 19:10:02,moved
CT14,101EK113,01180042.JPG,101EK113\01180042.JPG,01180042.JPG,5835776,2026-01-18 19:10:02,moved
CT14,101EK113,01180043.JPG,101EK113\01180043.JPG,01180043.JPG,6204248,2026-01-18 19:11:02,moved
CT14,101EK113,01180044.JPG,101EK113\01180044.JPG,01180044.JPG,6218688,2026-01-18 19:11:02,moved
CT14,101EK113,01180045.JPG,101EK113\01180045.JPG,01180045.JPG,5892959,2026-01-18 19:11:02,moved
CT14,101EK113,01180046.JPG,101EK113\01180046.JPG,01180046.JPG,5870844,2026-01-18 19:12:00,moved
CT14,101EK113,01180047.JPG,101EK113\01180047.JPG,01180047.JPG,6201399,2026-01-18 19:12:03,moved
CT14,101EK113,01180048.JPG,101EK113\01180048.JPG,01180048.JPG,6200024,2026-01-18 19:12:02,moved
CT14,101EK113,01180049.JPG,101EK113\01180049.JPG,01180049.JPG,6198197,2026-01-18 19:13:00,moved
CT14,101EK113,01180050.JPG,101EK113\01180050.JPG,01180050.JPG,6195709,2026-01-18 19:13:02,moved
CT14,101EK113,01180051.JPG,101EK113\01180051.JPG,01180051.JPG,6186101,2026-01-18 19:13:02,moved
CT14,101EK113,01180052.JPG,101EK113\01180052.JPG,01180052.JPG,6210907,2026-01-18 19:14:03,moved
CT14,101EK113,01180053.JPG,101EK113\01180053.JPG,01180053.JPG,6208841,2026-01-18 19:14:02,moved
CT14,101EK113,01180054.JPG,101EK113\01180054.JPG,01180054.JPG,6196529,2026-01-18 19:14:02,moved
CT14,101EK113,01180055.JPG,101EK113\01180055.JPG,01180055.JPG,6178676,2026-01-18 19:15:00,moved
CT14,101EK113,01180056.JPG,101EK113\01180056.JPG,01180056.JPG,6167718,2026-01-18 19:15:03,moved
CT14,101EK113,01180057.JPG,101EK113\01180057.JPG,01180057.JPG,6177432,2026-01-18 19:15:02,moved
CT14,101EK113,01180058.JPG,101EK113\01180058.JPG,01180058.JPG,6236988,2026-01-18 19:16:00,moved
CT14,101EK113,01180059.JPG,101EK113\01180059.JPG,01180059.JPG,6228434,2026-01-18 19:16:02,moved
CT14,101EK113,01180060.JPG,101EK113\01180060.JPG,01180060.JPG,6248060,2026-01-18 19:16:02,moved
CT14,101EK113,01180061.JPG,101EK113\01180061.JPG,01180061.JPG,6154643,2026-01-18 19:17:03,moved
CT14,101EK113,01180062.JPG,101EK113\01180062.JPG,01180062.JPG,6182004,2026-01-18 19:17:02,moved
CT14,101EK113,01180063.JPG,101EK113\01180063.JPG,01180063.JPG,6189921,2026-01-18 19:17:02,moved
CT14,101EK113,01180064.JPG,101EK113\01180064.JPG,01180064.JPG,6262275,2026-01-18 19:18:00,moved
CT14,101EK113,01180065.JPG,101EK113\01180065.JPG,01180065.JPG,6207721,2026-01-18 19:18:00,moved
CT14,101EK113,01180066.JPG,101EK113\01180066.JPG,01180066.JPG,6215752,2026-01-18 19:18:02,moved
CT14,101EK113,01180067.JPG,101EK113\01180067.JPG,01180067.JPG,5802211,2026-01-18 19:19:00,moved
CT14,101EK113,01180068.JPG,101EK113\01180068.JPG,01180068.JPG,5802558,2026-01-18 19:19:02,moved
CT14,101EK113,01180069.JPG,101EK113\01180069.JPG,01180069.JPG,5793667,2026-01-18 19:19:02,moved
CT14,101EK113,01180070.JPG,101EK113\01180070.JPG,01180070.JPG,6230542,2026-01-18 19:20:02,moved
CT14,101EK113,01180071.JPG,101EK113\01180071.JPG,01180071.JPG,6227113,2026-01-18 19:20:02,moved
CT14,101EK113,01180072.JPG,101EK113\01180072.JPG,01180072.JPG,6235464,2026-01-18 19:20:02,moved
CT14,101EK113,01180073.JPG,101EK113\01180073.JPG,01180073.JPG,6268758,2026-01-18 19:21:00,moved
CT14,101EK113,01180074.JPG,101EK113\01180074.JPG,01180074.JPG,6240528,2026-01-18 19:21:00,moved
CT14,101EK113,01180075.JPG,101EK113\01180075.JPG,01180075.JPG,6236714,2026-01-18 19:21:02,moved
CT14,101EK113,01180076.JPG,101EK113\01180076.JPG,01180076.JPG,6262046,2026-01-18 19:22:03,moved
CT14,101EK113,01180077.JPG,101EK113\01180077.JPG,01180077.JPG,6254980,2026-01-18 19:22:02,moved
CT14,101EK113,01180078.JPG,101EK113\01180078.JPG,01180078.JPG,5946452,2026-01-18 19:22:02,moved
CT14,101EK113,01180079.JPG,101EK113\01180079.JPG,01180079.JPG,6244194,2026-01-18 19:23:00,moved
CT14,101EK113,01180080.JPG,101EK113\01180080.JPG,01180080.JPG,5794047,2026-01-18 19:23:00,moved
CT14,101EK113,01180081.JPG,101EK113\01180081.JPG,01180081.JPG,5805399,2026-01-18 19:23:02,moved
CT14,101EK113,01180082.JPG,101EK113\01180082.JPG,01180082.JPG,5819071,2026-01-18 19:24:00,moved
CT14,101EK113,01180083.JPG,101EK113\01180083.JPG,01180083.JPG,6228400,2026-01-18 19:24:03,moved
CT14,101EK113,01180084.JPG,101EK113\01180084.JPG,01180084.JPG,6224335,2026-01-18 19:24:02,moved
CT14,101EK113,01180085.JPG,101EK113\01180085.JPG,01180085.JPG,5798920,2026-01-18 19:25:00,moved
CT14,101EK113,01180086.JPG,101EK113\01180086.JPG,01180086.JPG,5802826,2026-01-18 19:25:02,moved
CT14,101EK113,01180087.JPG,101EK113\01180087.JPG,01180087.JPG,6238758,2026-01-18 19:25:02,moved
CT14,101EK113,01180088.JPG,101EK113\01180088.JPG,01180088.JPG,5816773,2026-01-18 19:26:02,moved
CT14,101EK113,01180089.JPG,101EK113\01180089.JPG,01180089.JPG,5821817,2026-01-18 19:26:02,moved
CT14,101EK113,01180090.JPG,101EK113\01180090.JPG,01180090.JPG,5793688,2026-01-18 19:26:02,moved
CT14,101EK113,01180091.JPG,101EK113\01180091.JPG,01180091.JPG,6231017,2026-01-18 19:27:00,moved
CT14,101EK113,01180092.JPG,101EK113\01180092.JPG,01180092.JPG,6269541,2026-01-18 19:27:02,moved
CT14,101EK113,01180093.JPG,101EK113\01180093.JPG,01180093.JPG,6221140,2026-01-18 19:27:02,moved
CT14,101EK113,01180094.JPG,101EK113\01180094.JPG,01180094.JPG,6236358,2026-01-18 19:28:00,moved
CT14,101EK113,01180095.JPG,101EK113\01180095.JPG,01180095.JPG,6234267,2026-01-18 19:28:03,moved
CT14,101EK113,01180096.JPG,101EK113\01180096.JPG,01180096.JPG,6238921,2026-01-18 19:28:02,moved
CT14,101EK113,01180097.JPG,101EK113\01180097.JPG,01180097.JPG,5746638,2026-01-18 19:29:00,moved
CT14,101EK113,01180098.JPG,101EK113\01180098.JPG,01180098.JPG,5748023,2026-01-18 19:29:02,moved
CT14,101EK113,01180099.JPG,101EK113\01180099.JPG,01180099.JPG,5805469,2026-01-18 19:29:02,moved
CT14,101EK113,01180100.JPG,101EK113\01180100.JPG,01180100.JPG,6192128,2026-01-18 19:30:03,moved
CT14,101EK113,01180101.JPG,101EK113\01180101.JPG,01180101.JPG,6186376,2026-01-18 19:30:02,moved
CT14,101EK113,01180102.JPG,101EK113\01180102.JPG,01180102.JPG,6184345,2026-01-18 19:30:02,moved
CT14,101EK113,01180103.JPG,101EK113\01180103.JPG,01180103.JPG,5825005,2026-01-18 19:31:00,moved
CT14,101EK113,01180104.JPG,101EK113\01180104.JPG,01180104.JPG,5829979,2026-01-18 19:31:03,moved
CT14,101EK113,01180105.JPG,101EK113\01180105.JPG,01180105.JPG,5759674,2026-01-18 19:31:02,moved
CT14,101EK113,01180106.JPG,101EK113\01180106.JPG,01180106.JPG,5813174,2026-01-18 19:32:03,moved
CT14,101EK113,01180107.JPG,101EK113\01180107.JPG,01180107.JPG,6227491,2026-01-18 19:32:02,moved
CT14,101EK113,01180108.JPG,101EK113\01180108.JPG,01180108.JPG,5823931,2026-01-18 19:32:02,moved
CT14,101EK113,01180109.JPG,101EK113\01180109.JPG,01180109.JPG,5792239,2026-01-18 19:33:00,moved
CT14,101EK113,01180110.JPG,101EK113\01180110.JPG,01180110.JPG,5788565,2026-01-18 19:33:02,moved
CT14,101EK113,01180111.JPG,101EK113\01180111.JPG,01180111.JPG,6271130,2026-01-18 19:33:02,moved
CT14,101EK113,01180112.JPG,101EK113\01180112.JPG,01180112.JPG,6252731,2026-01-18 19:34:03,moved
CT14,101EK113,01180113.JPG,101EK113\01180113.JPG,01180113.JPG,6247485,2026-01-18 19:34:02,moved
CT14,101EK113,01180114.JPG,101EK113\01180114.JPG,01180114.JPG,5711166,2026-01-18 19:34:02,moved
CT14,101EK113,01180115.JPG,101EK113\01180115.JPG,01180115.JPG,5707785,2026-01-18 19:35:00,moved
CT14,101EK113,01180116.JPG,101EK113\01180116.JPG,01180116.JPG,5705624,2026-01-18 19:35:00,moved
CT14,101EK113,01180117.JPG,101EK113\01180117.JPG,01180117.JPG,5705426,2026-01-18 19:35:02,moved
CT14,101EK113,01180118.JPG,101EK113\01180118.JPG,01180118.JPG,6251367,2026-01-18 19:36:00,moved
CT14,101EK113,01180119.JPG,101EK113\01180119.JPG,01180119.JPG,6258313,2026-01-18 19:36:03,moved
CT14,101EK113,01180120.JPG,101EK113\01180120.JPG,01180120.JPG,6247384,2026-01-18 19:36:02,moved
CT14,101EK113,01180121.JPG,101EK113\01180121.JPG,01180121.JPG,6261423,2026-01-18 19:37:02,moved
CT14,101EK113,01180122.JPG,101EK113\01180122.JPG,01180122.JPG,6221860,2026-01-18 19:37:02,moved
CT14,101EK113,01180123.JPG,101EK113\01180123.JPG,01180123.JPG,6223480,2026-01-18 19:37:02,moved
CT14,101EK113,01180124.JPG,101EK113\01180124.JPG,01180124.JPG,6232303,2026-01-18 19:38:03,moved
CT14,101EK113,01180125.JPG,101EK113\01180125.JPG,01180125.JPG,6234142,2026-01-18 19:38:02,moved
CT14,101EK113,01180126.JPG,101EK113\01180126.JPG,01180126.JPG,6228412,2026-01-18 19:38:02,moved
CT14,101EK113,01180127.JPG,101EK113\01180127.JPG,01180127.JPG,6263825,2026-01-18 19:39:03,moved
CT14,101EK113,01180128.JPG,101EK113\01180128.JPG,01180128.JPG,5769612,2026-01-18 19:39:02,moved
CT14,101EK113,01180129.JPG,101EK113\01180129.JPG,01180129.JPG,5776767,2026-01-18 19:39:02,moved
CT14,101EK113,01180130.JPG,101EK113\01180130.JPG,01180130.JPG,5753788,2026-01-18 19:40:00,moved
CT14,101EK113,01180131.JPG,101EK113\01180131.JPG,01180131.JPG,5745513,2026-01-18 19:40:00,moved
CT14,101EK113,01180132.JPG,101EK113\01180132.JPG,01180132.JPG,5747171,2026-01-18 19:40:02,moved
CT14,101EK113,01180133.JPG,101EK113\01180133.JPG,01180133.JPG,6145597,2026-01-18 19:41:00,moved
CT14,101EK113,01180134.JPG,101EK113\01180134.JPG,01180134.JPG,6183426,2026-01-18 19:41:03,moved
CT14,101EK113,01180135.JPG,101EK113\01180135.JPG,01180135.JPG,6137438,2026-01-18 19:41:02,moved
CT14,101EK113,01180136.JPG,101EK113\01180136.JPG,01180136.JPG,6142690,2026-01-18 19:42:02,moved
CT14,101EK113,01180137.JPG,101EK113\01180137.JPG,01180137.JPG,6143227,2026-01-18 19:42:02,moved
CT14,101EK113,01180138.JPG,101EK113\01180138.JPG,01180138.JPG,6141707,2026-01-18 19:42:02,moved
CT14,101EK113,01180139.JPG,101EK113\01180139.JPG,01180139.JPG,6180283,2026-01-18 19:43:00,moved
CT14,101EK113,01180140.JPG,101EK113\01180140.JPG,01180140.JPG,6072990,2026-01-18 19:43:02,moved
CT14,101EK113,01180141.JPG,101EK113\01180141.JPG,01180141.JPG,6069571,2026-01-18 19:43:02,moved
CT14,101EK113,01180142.JPG,101EK113\01180142.JPG,01180142.JPG,6184064,2026-01-18 19:44:03,moved
CT14,101EK113,01180143.JPG,101EK113\01180143.JPG,01180143.JPG,6184132,2026-01-18 19:44:02,moved
CT14,101EK113,01180144.JPG,101EK113\01180144.JPG,01180144.JPG,6190172,2026-01-18 19:44:02,moved
CT14,101EK113,01180145.JPG,101EK113\01180145.JPG,01180145.JPG,6234389,2026-01-18 19:45:02,moved
CT14,101EK113,01180146.JPG,101EK113\01180146.JPG,01180146.JPG,6190222,2026-01-18 19:45:02,moved
CT14,101EK113,01180147.JPG,101EK113\01180147.JPG,01180147.JPG,6206707,2026-01-18 19:45:02,moved
CT14,101EK113,01180148.JPG,101EK113\01180148.JPG,01180148.JPG,6223088,2026-01-18 19:46:00,moved
CT14,101EK113,01180149.JPG,101EK113\01180149.JPG,01180149.JPG,6104745,2026-01-18 19:46:00,moved
CT14,101EK113,01180150.JPG,101EK113\01180150.JPG,01180150.JPG,6243442,2026-01-18 19:46:02,moved
CT14,101EK113,01180151.JPG,101EK113\01180151.JPG,01180151.JPG,6218401,2026-01-18 19:47:00,moved
CT14,101EK113,01180152.JPG,101EK113\01180152.JPG,01180152.JPG,6197716,2026-01-18 19:47:03,moved
CT14,101EK113,01180153.JPG,101EK113\01180153.JPG,01180153.JPG,6208715,2026-01-18 19:47:02,moved
CT14,101EK113,01180154.JPG,101EK113\01180154.JPG,01180154.JPG,6239342,2026-01-18 19:48:00,moved
CT14,101EK113,01180155.JPG,101EK113\01180155.JPG,01180155.JPG,6226260,2026-01-18 19:48:03,moved
CT14,101EK113,01180156.JPG,101EK113\01180156.JPG,01180156.JPG,6234122,2026-01-18 19:48:02,moved
CT14,101EK113,01180157.JPG,101EK113\01180157.JPG,01180157.JPG,6233082,2026-01-18 19:49:00,moved
CT14,101EK113,01180158.JPG,101EK113\01180158.JPG,01180158.JPG,6121960,2026-01-18 19:49:02,moved
CT14,101EK113,01180159.JPG,101EK113\01180159.JPG,01180159.JPG,6122043,2026-01-18 19:49:02,moved
CT14,101EK113,01180160.JPG,101EK113\01180160.JPG,01180160.JPG,6234723,2026-01-18 19:50:00,moved
CT14,101EK113,01180161.JPG,101EK113\01180161.JPG,01180161.JPG,6128289,2026-01-18 19:50:02,moved
CT14,101EK113,01180162.JPG,101EK113\01180162.JPG,01180162.JPG,6236001,2026-01-18 19:50:02,moved
CT14,101EK113,01180163.JPG,101EK113\01180163.JPG,01180163.JPG,6241382,2026-01-18 19:51:03,moved
CT14,101EK113,01180164.JPG,101EK113\01180164.JPG,01180164.JPG,6130876,2026-01-18 19:51:02,moved
CT14,101EK113,01180165.JPG,101EK113\01180165.JPG,01180165.JPG,6111587,2026-01-18 19:51:02,moved
CT14,101EK113,01180166.JPG,101EK113\01180166.JPG,01180166.JPG,6162573,2026-01-18 19:52:02,moved
CT14,101EK113,01180167.JPG,101EK113\01180167.JPG,01180167.JPG,6156891,2026-01-18 19:52:02,moved
CT14,101EK113,01180168.JPG,101EK113\01180168.JPG,01180168.JPG,6158346,2026-01-18 19:52:02,moved
CT14,101EK113,01180169.JPG,101EK113\01180169.JPG,01180169.JPG,6139843,2026-01-18 19:53:00,moved
CT14,101EK113,01180170.JPG,101EK113\01180170.JPG,01180170.JPG,6138550,2026-01-18 19:53:02,moved
CT14,101EK113,01180171.JPG,101EK113\01180171.JPG,01180171.JPG,6135180,2026-01-18 19:53:02,moved
CT14,101EK113,01180172.JPG,101EK113\01180172.JPG,01180172.JPG,6105015,2026-01-18 19:54:00,moved
CT14,101EK113,01180173.JPG,101EK113\01180173.JPG,01180173.JPG,6110346,2026-01-18 19:54:03,moved
CT14,101EK113,01180174.JPG,101EK113\01180174.JPG,01180174.JPG,6099637,2026-01-18 19:54:02,moved
CT14,101EK113,01180175.JPG,101EK113\01180175.JPG,01180175.JPG,6104407,2026-01-18 19:55:00,moved
CT14,101EK113,01180176.JPG,101EK113\01180176.JPG,01180176.JPG,5964207,2026-01-18 19:55:03,moved
CT14,101EK113,01180177.JPG,101EK113\01180177.JPG,01180177.JPG,5965322,2026-01-18 19:55:02,moved
CT14,101EK113,01180178.JPG,101EK113\01180178.JPG,01180178.JPG,6088988,2026-01-18 19:56:00,moved
CT14,101EK113,01180179.JPG,101EK113\01180179.JPG,01180179.JPG,5957820,2026-01-18 19:56:03,moved
CT14,101EK113,01180180.JPG,101EK113\01180180.JPG,01180180.JPG,5952876,2026-01-18 19:56:02,moved
CT14,101EK113,01180181.JPG,101EK113\01180181.JPG,01180181.JPG,6084287,2026-01-18 19:57:00,moved
CT14,101EK113,01180182.JPG,101EK113\01180182.JPG,01180182.JPG,5948797,2026-01-18 19:57:02,moved
CT14,101EK113,01180183.JPG,101EK113\01180183.JPG,01180183.JPG,6086591,2026-01-18 19:57:02,moved
CT14,101EK113,01180184.JPG,101EK113\01180184.JPG,01180184.JPG,6140111,2026-01-18 19:58:03,moved
CT14,101EK113,01180185.JPG,101EK113\01180185.JPG,01180185.JPG,6001745,2026-01-18 19:58:02,moved
CT14,101EK113,01180186.JPG,101EK113\01180186.JPG,01180186.JPG,6126169,2026-01-18 19:58:02,moved
CT14,101EK113,01180187.JPG,101EK113\01180187.JPG,01180187.JPG,5991611,2026-01-18 19:59:00,moved
CT14,101EK113,01180188.JPG,101EK113\01180188.JPG,01180188.JPG,5987716,2026-01-18 19:59:03,moved
CT14,101EK113,01180189.JPG,101EK113\01180189.JPG,01180189.JPG,6118388,2026-01-18 19:59:02,moved
CT14,101EK113,01180190.JPG,101EK113\01180190.JPG,01180190.JPG,5982563,2026-01-18 20:00:00,moved
CT14,101EK113,01180191.JPG,101EK113\01180191.JPG,01180191.JPG,5970815,2026-01-18 20:00:03,moved
CT14,101EK113,01180192.JPG,101EK113\01180192.JPG,01180192.JPG,5984805,2026-01-18 20:00:02,moved
CT14,101EK113,01180193.JPG,101EK113\01180193.JPG,01180193.JPG,6008552,2026-01-18 20:01:03,moved
CT14,101EK113,01180194.JPG,101EK113\01180194.JPG,01180194.JPG,6005115,2026-01-18 20:01:02,moved
CT14,101EK113,01180195.JPG,101EK113\01180195.JPG,01180195.JPG,6138699,2026-01-18 20:01:02,moved
CT14,101EK113,01180196.JPG,101EK113\01180196.JPG,01180196.JPG,6010882,2026-01-18 20:02:03,moved
CT14,101EK113,01180197.JPG,101EK113\01180197.JPG,01180197.JPG,6133605,2026-01-18 20:02:02,moved
CT14,101EK113,01180198.JPG,101EK113\01180198.JPG,01180198.JPG,6000057,2026-01-18 20:02:02,moved
CT14,101EK113,01180199.JPG,101EK113\01180199.JPG,01180199.JPG,6142243,2026-01-18 20:03:03,moved
CT14,101EK113,01180200.JPG,101EK113\01180200.JPG,01180200.JPG,6137202,2026-01-18 20:03:02,moved
CT14,101EK113,01180201.JPG,101EK113\01180201.JPG,01180201.JPG,5974913,2026-01-18 20:03:02,moved
CT14,101EK113,01180202.JPG,101EK113\01180202.JPG,01180202.JPG,6042797,2026-01-18 20:04:03,moved
CT14,101EK113,01180203.JPG,101EK113\01180203.JPG,01180203.JPG,6016582,2026-01-18 20:04:02,moved
CT14,101EK113,01180204.JPG,101EK113\01180204.JPG,01180204.JPG,6045209,2026-01-18 20:04:02,moved
CT14,101EK113,01180205.JPG,101EK113\01180205.JPG,01180205.JPG,5979574,2026-01-18 20:05:02,moved
CT14,101EK113,01180206.JPG,101EK113\01180206.JPG,01180206.JPG,5975472,2026-01-18 20:05:02,moved
CT14,101EK113,01180207.JPG,101EK113\01180207.JPG,01180207.JPG,5976232,2026-01-18 20:05:02,moved
CT14,101EK113,01180208.JPG,101EK113\01180208.JPG,01180208.JPG,5977263,2026-01-18 20:06:02,moved
CT14,101EK113,01180209.JPG,101EK113\01180209.JPG,01180209.JPG,5978636,2026-01-18 20:06:02,moved
CT14,101EK113,01180210.JPG,101EK113\01180210.JPG,01180210.JPG,5820262,2026-01-18 20:06:02,moved
CT14,101EK113,01180211.JPG,101EK113\01180211.JPG,01180211.JPG,6004475,2026-01-18 20:07:00,moved
CT14,101EK113,01180212.JPG,101EK113\01180212.JPG,01180212.JPG,5972765,2026-01-18 20:07:00,moved
CT14,101EK113,01180213.JPG,101EK113\01180213.JPG,01180213.JPG,5958755,2026-01-18 20:07:02,moved
CT14,101EK113,01180214.JPG,101EK113\01180214.JPG,01180214.JPG,5809175,2026-01-18 20:08:00,moved
CT14,101EK113,01180215.JPG,101EK113\01180215.JPG,01180215.JPG,5812030,2026-01-18 20:08:00,moved
CT14,101EK113,01180216.JPG,101EK113\01180216.JPG,01180216.JPG,5812941,2026-01-18 20:08:02,moved
CT14,101EK113,01180217.JPG,101EK113\01180217.JPG,01180217.JPG,5824150,2026-01-18 20:09:00,moved
CT14,101EK113,01180218.JPG,101EK113\01180218.JPG,01180218.JPG,5761576,2026-01-18 20:09:00,moved
CT14,101EK113,01180219.JPG,101EK113\01180219.JPG,01180219.JPG,5835689,2026-01-18 20:09:02,moved
CT14,101EK113,01180220.JPG,101EK113\01180220.JPG,01180220.JPG,5745439,2026-01-18 20:10:00,moved
CT14,101EK113,01180221.JPG,101EK113\01180221.JPG,01180221.JPG,5801492,2026-01-18 20:10:00,moved
CT14,101EK113,01180222.JPG,101EK113\01180222.JPG,01180222.JPG,5745257,2026-01-18 20:10:02,moved
CT14,101EK113,01180223.JPG,101EK113\01180223.JPG,01180223.JPG,5799382,2026-01-18 20:11:00,moved
CT14,101EK113,01180224.JPG,101EK113\01180224.JPG,01180224.JPG,5801970,2026-01-18 20:11:00,moved
CT14,101EK113,01180225.JPG,101EK113\01180225.JPG,01180225.JPG,5801773,2026-01-18 20:11:02,moved
CT14,101EK113,01180226.JPG,101EK113\01180226.JPG,01180226.JPG,5786694,2026-01-18 20:12:00,moved
CT14,101EK113,01180227.JPG,101EK113\01180227.JPG,01180227.JPG,5782630,2026-01-18 20:12:00,moved
CT14,101EK113,01180228.JPG,101EK113\01180228.JPG,01180228.JPG,5780668,2026-01-18 20:12:02,moved
CT14,101EK113,01180229.JPG,101EK113\01180229.JPG,01180229.JPG,5723065,2026-01-18 20:13:02,moved
CT14,101EK113,01180230.JPG,101EK113\01180230.JPG,01180230.JPG,5715147,2026-01-18 20:13:02,moved
CT14,101EK113,01180231.JPG,101EK113\01180231.JPG,01180231.JPG,5768439,2026-01-18 20:13:02,moved
CT14,101EK113,01180232.JPG,101EK113\01180232.JPG,01180232.JPG,5777526,2026-01-18 20:14:02,moved
CT14,101EK113,01180233.JPG,101EK113\01180233.JPG,01180233.JPG,5780407,2026-01-18 20:14:02,moved
CT14,101EK113,01180234.JPG,101EK113\01180234.JPG,01180234.JPG,5778353,2026-01-18 20:14:02,moved
CT14,101EK113,01180235.JPG,101EK113\01180235.JPG,01180235.JPG,5712836,2026-01-18 20:15:03,moved
CT14,101EK113,01180236.JPG,101EK113\01180236.JPG,01180236.JPG,5765579,2026-01-18 20:15:02,moved
CT14,101EK113,01180237.JPG,101EK113\01180237.JPG,01180237.JPG,5708952,2026-01-18 20:15:02,moved
CT14,101EK113,01180238.JPG,101EK113\01180238.JPG,01180238.JPG,5742575,2026-01-18 20:16:03,moved
CT14,101EK113,01180239.JPG,101EK113\01180239.JPG,01180239.JPG,5787637,2026-01-18 20:16:02,moved
CT14,101EK113,01180240.JPG,101EK113\01180240.JPG,01180240.JPG,5776879,2026-01-18 20:16:02,moved
CT14,101EK113,01180241.JPG,101EK113\01180241.JPG,01180241.JPG,5867751,2026-01-18 20:17:02,moved
CT14,101EK113,01180242.JPG,101EK113\01180242.JPG,01180242.JPG,5811094,2026-01-18 20:17:02,moved
CT14,101EK113,01180243.JPG,101EK113\01180243.JPG,01180243.JPG,5863772,2026-01-18 20:17:02,moved
CT14,101EK113,01180244.JPG,101EK113\01180244.JPG,01180244.JPG,5851633,2026-01-18 20:18:03,moved
CT14,101EK113,01180245.JPG,101EK113\01180245.JPG,01180245.JPG,5855621,2026-01-18 20:18:02,moved
CT14,101EK113,01180246.JPG,101EK113\01180246.JPG,01180246.JPG,5838113,2026-01-18 20:18:02,moved
CT14,101EK113,01180247.JPG,101EK113\01180247.JPG,01180247.JPG,5874554,2026-01-18 20:19:00,moved
CT14,101EK113,01180248.JPG,101EK113\01180248.JPG,01180248.JPG,5856281,2026-01-18 20:19:03,moved
CT14,101EK113,01180249.JPG,101EK113\01180249.JPG,01180249.JPG,5875199,2026-01-18 20:19:02,moved
CT14,101EK113,01180250.JPG,101EK113\01180250.JPG,01180250.JPG,5853312,2026-01-18 20:20:00,moved
CT14,101EK113,01180251.JPG,101EK113\01180251.JPG,01180251.JPG,5859905,2026-01-18 20:20:00,moved
CT14,101EK113,01180252.JPG,101EK113\01180252.JPG,01180252.JPG,5852301,2026-01-18 20:20:02,moved
CT14,101EK113,01180253.JPG,101EK113\01180253.JPG,01180253.JPG,5859576,2026-01-18 20:21:00,moved
CT14,101EK113,01180254.JPG,101EK113\01180254.JPG,01180254.JPG,5577836,2026-01-18 20:21:00,moved
CT14,101EK113,01180255.JPG,101EK113\01180255.JPG,01180255.JPG,5581849,2026-01-18 20:21:02,moved
CT14,101EK113,01180256.JPG,101EK113\01180256.JPG,01180256.JPG,5571203,2026-01-18 20:22:03,moved
CT14,101EK113,01180257.JPG,101EK113\01180257.JPG,01180257.JPG,5570847,2026-01-18 20:22:02,moved
CT14,101EK113,01180258.JPG,101EK113\01180258.JPG,01180258.JPG,5565609,2026-01-18 20:22:02,moved
CT14,101EK113,01180259.JPG,101EK113\01180259.JPG,01180259.JPG,5543234,2026-01-18 20:23:03,moved
CT14,101EK113,01180260.JPG,101EK113\01180260.JPG,01180260.JPG,5539266,2026-01-18 20:23:02,moved
CT14,101EK113,01180261.JPG,101EK113\01180261.JPG,01180261.JPG,5553994,2026-01-18 20:23:02,moved
CT14,101EK113,01180262.JPG,101EK113\01180262.JPG,01180262.JPG,5557572,2026-01-18 20:24:03,moved
CT14,101EK113,01180263.JPG,101EK113\01180263.JPG,01180263.JPG,5556489,2026-01-18 20:24:02,moved
CT14,101EK113,01180264.JPG,101EK113\01180264.JPG,01180264.JPG,5560727,2026-01-18 20:24:02,moved
CT14,101EK113,01180265.JPG,101EK113\01180265.JPG,01180265.JPG,5405150,2026-01-18 20:25:00,moved
CT14,101EK113,01180266.JPG,101EK113\01180266.JPG,01180266.JPG,5404629,2026-01-18 20:25:02,moved
CT14,101EK113,01180267.JPG,101EK113\01180267.JPG,01180267.JPG,5398466,2026-01-18 20:25:02,moved
CT14,101EK113,01180268.JPG,101EK113\01180268.JPG,01180268.JPG,5543632,2026-01-18 20:26:00,moved
CT14,101EK113,01180269.JPG,101EK113\01180269.JPG,01180269.JPG,5584459,2026-01-18 20:26:02,moved
CT14,101EK113,01180270.JPG,101EK113\01180270.JPG,01180270.JPG,5579491,2026-01-18 20:26:02,moved
CT14,101EK113,01180271.JPG,101EK113\01180271.JPG,01180271.JPG,5585208,2026-01-18 20:27:00,moved
CT14,101EK113,01180272.JPG,101EK113\01180272.JPG,01180272.JPG,5576099,2026-01-18 20:27:03,moved
CT14,101EK113,01180273.JPG,101EK113\01180273.JPG,01180273.JPG,5574282,2026-01-18 20:27:02,moved
CT14,101EK113,01180274.JPG,101EK113\01180274.JPG,01180274.JPG,5582753,2026-01-18 20:28:00,moved
CT14,101EK113,01180275.JPG,101EK113\01180275.JPG,01180275.JPG,5586307,2026-01-18 20:28:00,moved
CT14,101EK113,01180276.JPG,101EK113\01180276.JPG,01180276.JPG,5578909,2026-01-18 20:28:02,moved
CT14,101EK113,01180277.JPG,101EK113\01180277.JPG,01180277.JPG,5444891,2026-01-18 20:29:00,moved
CT14,101EK113,01180278.JPG,101EK113\01180278.JPG,01180278.JPG,5430783,2026-01-18 20:29:00,moved
CT14,101EK113,01180279.JPG,101EK113\01180279.JPG,01180279.JPG,5591630,2026-01-18 20:29:02,moved
CT14,101EK113,01180280.JPG,101EK113\01180280.JPG,01180280.JPG,5596246,2026-01-18 20:30:02,moved
CT14,101EK113,01180281.JPG,101EK113\01180281.JPG,01180281.JPG,5582939,2026-01-18 20:30:02,moved
CT14,101EK113,01180282.JPG,101EK113\01180282.JPG,01180282.JPG,5584326,2026-01-18 20:30:02,moved
CT14,101EK113,01180283.JPG,101EK113\01180283.JPG,01180283.JPG,5588833,2026-01-18 20:31:00,moved
CT14,101EK113,01180284.JPG,101EK113\01180284.JPG,01180284.JPG,5430099,2026-01-18 20:31:02,moved
CT14,101EK113,01180285.JPG,101EK113\01180285.JPG,01180285.JPG,5428837,2026-01-18 20:31:02,moved
CT14,101EK113,01180286.JPG,101EK113\01180286.JPG,01180286.JPG,5572258,2026-01-18 20:32:00,moved
CT14,101EK113,01180287.JPG,101EK113\01180287.JPG,01180287.JPG,5570225,2026-01-18 20:32:02,moved
CT14,101EK113,01180288.JPG,101EK113\01180288.JPG,01180288.JPG,5567819,2026-01-18 20:32:02,moved
CT14,101EK113,01180289.JPG,101EK113\01180289.JPG,01180289.JPG,5402790,2026-01-18 20:33:00,moved
CT14,101EK113,01180290.JPG,101EK113\01180290.JPG,01180290.JPG,5547307,2026-01-18 20:33:02,moved
CT14,101EK113,01180291.JPG,101EK113\01180291.JPG,01180291.JPG,5552168,2026-01-18 20:33:02,moved
CT14,101EK113,01180292.JPG,101EK113\01180292.JPG,01180292.JPG,5452147,2026-01-18 20:34:00,moved
CT14,101EK113,01180293.JPG,101EK113\01180293.JPG,01180293.JPG,5443466,2026-01-18 20:34:00,moved
CT14,101EK113,01180294.JPG,101EK113\01180294.JPG,01180294.JPG,5447081,2026-01-18 20:34:02,moved
CT14,101EK113,01180295.JPG,101EK113\01180295.JPG,01180295.JPG,5511091,2026-01-18 20:35:03,moved
CT14,101EK113,01180296.JPG,101EK113\01180296.JPG,01180296.JPG,5504695,2026-01-18 20:35:02,moved
CT14,101EK113,01180297.JPG,101EK113\01180297.JPG,01180297.JPG,5511642,2026-01-18 20:35:02,moved
CT14,101EK113,01180298.JPG,101EK113\01180298.JPG,01180298.JPG,5596648,2026-01-18 20:36:00,moved
CT14,101EK113,01180299.JPG,101EK113\01180299.JPG,01180299.JPG,5588438,2026-01-18 20:36:02,moved
CT14,101EK113,01180300.JPG,101EK113\01180300.JPG,01180300.JPG,5590348,2026-01-18 20:36:02,moved
CT14,101EK113,01180301.JPG,101EK113\01180301.JPG,01180301.JPG,5615565,2026-01-18 20:37:00,moved
CT14,101EK113,01180302.JPG,101EK113\01180302.JPG,01180302.JPG,5583240,2026-01-18 20:37:02,moved
CT14,101EK113,01180303.JPG,101EK113\01180303.JPG,01180303.JPG,5592496,2026-01-18 20:37:02,moved
CT14,101EK113,01180304.JPG,101EK113\01180304.JPG,01180304.JPG,5644309,2026-01-18 20:38:00,moved
CT14,101EK113,01180305.JPG,101EK113\01180305.JPG,01180305.JPG,5651705,2026-01-18 20:38:03,moved
CT14,101EK113,01180306.JPG,101EK113\01180306.JPG,01180306.JPG,5645557,2026-01-18 20:38:02,moved
CT14,101EK113,01180307.JPG,101EK113\01180307.JPG,01180307.JPG,5644909,2026-01-18 20:39:00,moved
CT14,101EK113,01180308.JPG,101EK113\01180308.JPG,01180308.JPG,5632657,2026-01-18 20:39:03,moved
CT14,101EK113,01180309.JPG,101EK113\01180309.JPG,01180309.JPG,5637055,2026-01-18 20:39:02,moved
CT14,101EK113,01180310.JPG,101EK113\01180310.JPG,01180310.JPG,5801060,2026-01-18 20:40:00,moved
CT14,101EK113,01180311.JPG,101EK113\01180311.JPG,01180311.JPG,5708963,2026-01-18 20:40:00,moved
CT14,101EK113,01180312.JPG,101EK113\01180312.JPG,01180312.JPG,5694522,2026-01-18 20:40:02,moved
CT14,101EK113,01190313.JPG,101EK113\01190313.JPG,01190313.JPG,5813986,2026-01-19 15:00:00,moved
CT14,101EK113,01190314.JPG,101EK113\01190314.JPG,01190314.JPG,5874143,2026-01-19 15:00:03,moved
CT14,101EK113,01190315.JPG,101EK113\01190315.JPG,01190315.JPG,5810167,2026-01-19 15:00:02,moved
CT14,101EK113,01190316.JPG,101EK113\01190316.JPG,01190316.JPG,5787010,2026-01-19 15:01:00,moved
CT14,101EK113,01190317.JPG,101EK113\01190317.JPG,01190317.JPG,5784490,2026-01-19 15:01:00,moved
CT14,101EK113,01190318.JPG,101EK113\01190318.JPG,01190318.JPG,5897284,2026-01-19 15:01:02,moved
CT14,101EK113,01190319.JPG,101EK113\01190319.JPG,01190319.JPG,6076331,2026-01-19 15:02:03,moved
CT14,101EK113,01190320.JPG,101EK113\01190320.JPG,01190320.JPG,5915137,2026-01-19 15:02:02,moved
CT14,101EK113,01190321.JPG,101EK113\01190321.JPG,01190321.JPG,5922410,2026-01-19 15:02:02,moved
CT14,101EK113,01190322.JPG,101EK113\01190322.JPG,01190322.JPG,5775697,2026-01-19 15:03:00,moved
CT14,101EK113,01190323.JPG,101EK113\01190323.JPG,01190323.JPG,5777468,2026-01-19 15:03:02,moved
CT14,101EK113,01190324.JPG,101EK113\01190324.JPG,01190324.JPG,5900674,2026-01-19 15:03:02,moved
CT14,101EK113,01190325.JPG,101EK113\01190325.JPG,01190325.JPG,5872480,2026-01-19 15:04:00,moved
CT14,101EK113,01190326.JPG,101EK113\01190326.JPG,01190326.JPG,5814608,2026-01-19 15:04:02,moved
CT14,101EK113,01190327.JPG,101EK113\01190327.JPG,01190327.JPG,5867939,2026-01-19 15:04:02,moved
CT14,101EK113,01190328.JPG,101EK113\01190328.JPG,01190328.JPG,5771089,2026-01-19 15:05:00,moved
CT14,101EK113,01190329.JPG,101EK113\01190329.JPG,01190329.JPG,5898284,2026-01-19 15:05:02,moved
CT14,101EK113,01190330.JPG,101EK113\01190330.JPG,01190330.JPG,5771648,2026-01-19 15:05:02,moved
CT14,101EK113,01190331.JPG,101EK113\01190331.JPG,01190331.JPG,5766949,2026-01-19 15:06:03,moved
CT14,101EK113,01190332.JPG,101EK113\01190332.JPG,01190332.JPG,5758480,2026-01-19 15:06:02,moved
CT14,101EK113,01190333.JPG,101EK113\01190333.JPG,01190333.JPG,5764447,2026-01-19 15:06:02,moved
CT14,101EK113,01190334.JPG,101EK113\01190334.JPG,01190334.JPG,6064579,2026-01-19 15:07:00,moved
CT14,101EK113,01190335.JPG,101EK113\01190335.JPG,01190335.JPG,5895874,2026-01-19 15:07:02,moved
CT14,101EK113,01190336.JPG,101EK113\01190336.JPG,01190336.JPG,5883969,2026-01-19 15:07:02,moved
CT14,101EK113,01190337.JPG,101EK113\01190337.JPG,01190337.JPG,5882376,2026-01-19 15:08:00,moved
CT14,101EK113,01190338.JPG,101EK113\01190338.JPG,01190338.JPG,5829130,2026-01-19 15:08:02,moved
CT14,101EK113,01190339.JPG,101EK113\01190339.JPG,01190339.JPG,5877904,2026-01-19 15:08:02,moved
CT14,101EK113,01190340.JPG,101EK113\01190340.JPG,01190340.JPG,6036315,2026-01-19 15:09:00,moved
CT14,101EK113,01190341.JPG,101EK113\01190341.JPG,01190341.JPG,5868455,2026-01-19 15:09:02,moved
CT14,101EK113,01190342.JPG,101EK113\01190342.JPG,01190342.JPG,5872798,2026-01-19 15:09:02,moved
CT14,101EK113,01190343.JPG,101EK113\01190343.JPG,01190343.JPG,5798935,2026-01-19 15:10:00,moved
CT14,101EK113,01190344.JPG,101EK113\01190344.JPG,01190344.JPG,5859232,2026-01-19 15:10:02,moved
CT14,101EK113,01190345.JPG,101EK113\01190345.JPG,01190345.JPG,5800468,2026-01-19 15:10:02,moved
CT14,101EK113,01190346.JPG,101EK113\01190346.JPG,01190346.JPG,6031530,2026-01-19 15:11:03,moved
CT14,101EK113,01190347.JPG,101EK113\01190347.JPG,01190347.JPG,5826423,2026-01-19 15:11:02,moved
CT14,101EK113,01190348.JPG,101EK113\01190348.JPG,01190348.JPG,5832152,2026-01-19 15:11:02,moved
CT14,101EK113,01190349.JPG,101EK113\01190349.JPG,01190349.JPG,6003061,2026-01-19 15:12:02,moved
CT14,101EK113,01190350.JPG,101EK113\01190350.JPG,01190350.JPG,5951051,2026-01-19 15:12:02,moved
CT14,101EK113,01190351.JPG,101EK113\01190351.JPG,01190351.JPG,5947680,2026-01-19 15:12:02,moved
CT14,101EK113,01190352.JPG,101EK113\01190352.JPG,01190352.JPG,5978492,2026-01-19 15:13:00,moved
CT14,101EK113,01190353.JPG,101EK113\01190353.JPG,01190353.JPG,5962553,2026-01-19 15:13:03,moved
CT14,101EK113,01190354.JPG,101EK113\01190354.JPG,01190354.JPG,5812344,2026-01-19 15:13:02,moved
CT14,101EK113,01190355.JPG,101EK113\01190355.JPG,01190355.JPG,6140417,2026-01-19 15:14:00,moved
CT14,101EK113,01190356.JPG,101EK113\01190356.JPG,01190356.JPG,5985441,2026-01-19 15:14:02,moved
CT14,101EK113,01190357.JPG,101EK113\01190357.JPG,01190357.JPG,5945919,2026-01-19 15:14:02,moved
CT14,101EK113,01190358.JPG,101EK113\01190358.JPG,01190358.JPG,6094955,2026-01-19 15:15:00,moved
CT14,101EK113,01190359.JPG,101EK113\01190359.JPG,01190359.JPG,5924654,2026-01-19 15:15:03,moved
CT14,101EK113,01190360.JPG,101EK113\01190360.JPG,01190360.JPG,5931034,2026-01-19 15:15:02,moved
CT14,101EK113,01190361.JPG,101EK113\01190361.JPG,01190361.JPG,5953638,2026-01-19 15:16:00,moved
CT14,101EK113,01190362.JPG,101EK113\01190362.JPG,01190362.JPG,5956652,2026-01-19 15:16:03,moved
CT14,101EK113,01190363.JPG,101EK113\01190363.JPG,01190363.JPG,5958697,2026-01-19 15:16:02,moved
CT14,101EK113,01190364.JPG,101EK113\01190364.JPG,01190364.JPG,5918658,2026-01-19 15:17:00,moved
CT14,101EK113,01190365.JPG,101EK113\01190365.JPG,01190365.JPG,5891401,2026-01-19 15:17:03,moved
CT14,101EK113,01190366.JPG,101EK113\01190366.JPG,01190366.JPG,6056114,2026-01-19 15:17:02,moved
CT14,101EK113,01190367.JPG,101EK113\01190367.JPG,01190367.JPG,6028458,2026-01-19 15:18:00,moved
CT14,101EK113,01190368.JPG,101EK113\01190368.JPG,01190368.JPG,6028651,2026-01-19 15:18:03,moved
CT14,101EK113,01190369.JPG,101EK113\01190369.JPG,01190369.JPG,6038220,2026-01-19 15:18:02,moved
CT14,101EK113,01190370.JPG,101EK113\01190370.JPG,01190370.JPG,5876927,2026-01-19 15:19:00,moved
CT14,101EK113,01190371.JPG,101EK113\01190371.JPG,01190371.JPG,6035936,2026-01-19 15:19:03,moved
CT14,101EK113,01190372.JPG,101EK113\01190372.JPG,01190372.JPG,6022683,2026-01-19 15:19:02,moved
CT14,101EK113,01190373.JPG,101EK113\01190373.JPG,01190373.JPG,5876868,2026-01-19 15:20:00,moved
CT14,101EK113,01190374.JPG,101EK113\01190374.JPG,01190374.JPG,5884013,2026-01-19 15:20:03,moved
CT14,101EK113,01190375.JPG,101EK113\01190375.JPG,01190375.JPG,5883678,2026-01-19 15:20:02,moved
CT14,101EK113,01190376.JPG,101EK113\01190376.JPG,01190376.JPG,5890913,2026-01-19 15:21:00,moved
CT14,101EK113,01190377.JPG,101EK113\01190377.JPG,01190377.JPG,5862671,2026-01-19 15:21:03,moved
CT14,101EK113,01190378.JPG,101EK113\01190378.JPG,01190378.JPG,6053199,2026-01-19 15:21:02,moved
CT14,101EK113,01190379.JPG,101EK113\01190379.JPG,01190379.JPG,5874369,2026-01-19 15:22:00,moved
CT14,101EK113,01190380.JPG,101EK113\01190380.JPG,01190380.JPG,5881283,2026-01-19 15:22:03,moved
CT14,101EK113,01190381.JPG,101EK113\01190381.JPG,01190381.JPG,5878988,2026-01-19 15:22:02,moved
CT14,101EK113,01190382.JPG,101EK113\01190382.JPG,01190382.JPG,6007897,2026-01-19 15:23:00,moved
CT14,101EK113,01190383.JPG,101EK113\01190383.JPG,01190383.JPG,5997817,2026-01-19 15:23:02,moved
CT14,101EK113,01190384.JPG,101EK113\01190384.JPG,01190384.JPG,5997167,2026-01-19 15:23:02,moved
CT14,101EK113,01190385.JPG,101EK113\01190385.JPG,01190385.JPG,6026264,2026-01-19 15:24:03,moved
CT14,101EK113,01190386.JPG,101EK113\01190386.JPG,01190386.JPG,6005841,2026-01-19 15:24:02,moved
CT14,101EK113,01190387.JPG,101EK113\01190387.JPG,01190387.JPG,6012472,2026-01-19 15:24:02,moved
CT14,101EK113,01190388.JPG,101EK113\01190388.JPG,01190388.JPG,6140476,2026-01-19 15:25:03,moved
CT14,101EK113,01190389.JPG,101EK113\01190389.JPG,01190389.JPG,6027989,2026-01-19 15:25:02,moved
CT14,101EK113,01190390.JPG,101EK113\01190390.JPG,01190390.JPG,6024716,2026-01-19 15:25:02,moved
CT14,101EK113,01190391.JPG,101EK113\01190391.JPG,01190391.JPG,5997821,2026-01-19 15:26:03,moved
CT14,101EK113,01190392.JPG,101EK113\01190392.JPG,01190392.JPG,5855892,2026-01-19 15:26:02,moved
CT14,101EK113,01190393.JPG,101EK113\01190393.JPG,01190393.JPG,5858207,2026-01-19 15:26:02,moved
CT14,101EK113,01190394.JPG,101EK113\01190394.JPG,01190394.JPG,6122283,2026-01-19 15:27:00,moved
CT14,101EK113,01190395.JPG,101EK113\01190395.JPG,01190395.JPG,5987896,2026-01-19 15:27:00,moved
CT14,101EK113,01190396.JPG,101EK113\01190396.JPG,01190396.JPG,5990987,2026-01-19 15:27:02,moved
CT14,101EK113,01190397.JPG,101EK113\01190397.JPG,01190397.JPG,6002455,2026-01-19 15:28:00,moved
CT14,101EK113,01190398.JPG,101EK113\01190398.JPG,01190398.JPG,6002054,2026-01-19 15:28:00,moved
CT14,101EK113,01190399.JPG,101EK113\01190399.JPG,01190399.JPG,5996953,2026-01-19 15:28:02,moved
CT14,101EK113,01190400.JPG,101EK113\01190400.JPG,01190400.JPG,6121717,2026-01-19 15:29:00,moved
CT14,101EK113,01190401.JPG,101EK113\01190401.JPG,01190401.JPG,6123250,2026-01-19 15:29:03,moved
CT14,101EK113,01190402.JPG,101EK113\01190402.JPG,01190402.JPG,6017230,2026-01-19 15:29:02,moved
CT14,101EK113,01190403.JPG,101EK113\01190403.JPG,01190403.JPG,6122665,2026-01-19 15:30:02,moved
CT14,101EK113,01190404.JPG,101EK113\01190404.JPG,01190404.JPG,6121619,2026-01-19 15:30:02,moved
CT14,101EK113,01190405.JPG,101EK113\01190405.JPG,01190405.JPG,6158533,2026-01-19 15:30:02,moved
CT14,101EK113,01190406.JPG,101EK113\01190406.JPG,01190406.JPG,5980373,2026-01-19 15:31:00,moved
CT14,101EK113,01190407.JPG,101EK113\01190407.JPG,01190407.JPG,6085705,2026-01-19 15:31:00,moved
CT14,101EK113,01190408.JPG,101EK113\01190408.JPG,01190408.JPG,5972767,2026-01-19 15:31:02,moved
CT14,101EK113,01190409.JPG,101EK113\01190409.JPG,01190409.JPG,6103302,2026-01-19 15:32:00,moved
CT14,101EK113,01190410.JPG,101EK113\01190410.JPG,01190410.JPG,6101415,2026-01-19 15:32:03,moved
CT14,101EK113,01190411.JPG,101EK113\01190411.JPG,01190411.JPG,6061627,2026-01-19 15:32:02,moved
CT14,101EK113,01190412.JPG,101EK113\01190412.JPG,01190412.JPG,6052666,2026-01-19 15:33:00,moved
CT14,101EK113,01190413.JPG,101EK113\01190413.JPG,01190413.JPG,6051639,2026-01-19 15:33:03,moved
CT14,101EK113,01190414.JPG,101EK113\01190414.JPG,01190414.JPG,6048173,2026-01-19 15:33:02,moved
CT14,101EK113,01190415.JPG,101EK113\01190415.JPG,01190415.JPG,5996296,2026-01-19 15:34:03,moved
CT14,101EK113,01190416.JPG,101EK113\01190416.JPG,01190416.JPG,5993959,2026-01-19 15:34:02,moved
CT14,101EK113,01190417.JPG,101EK113\01190417.JPG,01190417.JPG,5995882,2026-01-19 15:34:02,moved
CT14,101EK113,01190418.JPG,101EK113\01190418.JPG,01190418.JPG,5903244,2026-01-19 15:35:02,moved
CT14,101EK113,01190419.JPG,101EK113\01190419.JPG,01190419.JPG,5901549,2026-01-19 15:35:02,moved
CT14,101EK113,01190420.JPG,101EK113\01190420.JPG,01190420.JPG,5899724,2026-01-19 15:35:02,moved
CT14,101EK113,01190421.JPG,101EK113\01190421.JPG,01190421.JPG,5763464,2026-01-19 15:36:00,moved
CT14,101EK113,01190422.JPG,101EK113\01190422.JPG,01190422.JPG,5758918,2026-01-19 15:36:00,moved
CT14,101EK113,01190423.JPG,101EK113\01190423.JPG,01190423.JPG,5712512,2026-01-19 15:36:02,moved
CT14,101EK113,01190424.JPG,101EK113\01190424.JPG,01190424.JPG,5753353,2026-01-19 15:37:00,moved
CT14,101EK113,01190425.JPG,101EK113\01190425.JPG,01190425.JPG,5777107,2026-01-19 15:37:03,moved
CT14,101EK113,01190426.JPG,101EK113\01190426.JPG,01190426.JPG,5753450,2026-01-19 15:37:02,moved
CT14,101EK113,01190427.JPG,101EK113\01190427.JPG,01190427.JPG,5814789,2026-01-19 15:38:00,moved
CT14,101EK113,01190428.JPG,101EK113\01190428.JPG,01190428.JPG,5816404,2026-01-19 15:38:02,moved
CT14,101EK113,01190429.JPG,101EK113\01190429.JPG,01190429.JPG,5814590,2026-01-19 15:38:02,moved
CT14,101EK113,01190430.JPG,101EK113\01190430.JPG,01190430.JPG,5748463,2026-01-19 15:39:02,moved
CT14,101EK113,01190431.JPG,101EK113\01190431.JPG,01190431.JPG,5735364,2026-01-19 15:39:02,moved
CT14,101EK113,01190432.JPG,101EK113\01190432.JPG,01190432.JPG,5761925,2026-01-19 15:39:02,moved
CT14,101EK113,01190433.JPG,101EK113\01190433.JPG,01190433.JPG,5744192,2026-01-19 15:40:00,moved
CT14,101EK113,01190434.JPG,101EK113\01190434.JPG,01190434.JPG,5753500,2026-01-19 15:40:03,moved
CT14,101EK113,01190435.JPG,101EK113\01190435.JPG,01190435.JPG,5763107,2026-01-19 15:40:02,moved
CT14,101EK113,01190436.JPG,101EK113\01190436.JPG,01190436.JPG,5679984,2026-01-19 15:41:00,moved
CT14,101EK113,01190437.JPG,101EK113\01190437.JPG,01190437.JPG,5665808,2026-01-19 15:41:02,moved
CT14,101EK113,01190438.JPG,101EK113\01190438.JPG,01190438.JPG,5656094,2026-01-19 15:41:02,moved
CT14,101EK113,01190439.JPG,101EK113\01190439.JPG,01190439.JPG,5655775,2026-01-19 15:42:00,moved
CT14,101EK113,01190440.JPG,101EK113\01190440.JPG,01190440.JPG,5730301,2026-01-19 15:42:03,moved
CT14,101EK113,01190441.JPG,101EK113\01190441.JPG,01190441.JPG,5643404,2026-01-19 15:42:02,moved
CT14,101EK113,01190442.JPG,101EK113\01190442.JPG,01190442.JPG,5679151,2026-01-19 15:43:00,moved
CT14,101EK113,01190443.JPG,101EK113\01190443.JPG,01190443.JPG,5545991,2026-01-19 15:43:02,moved
CT14,101EK113,01190444.JPG,101EK113\01190444.JPG,01190444.JPG,5507581,2026-01-19 15:43:02,moved
CT14,101EK113,01190445.JPG,101EK113\01190445.JPG,01190445.JPG,5676829,2026-01-19 15:44:02,moved
CT14,101EK113,01190446.JPG,101EK113\01190446.JPG,01190446.JPG,5533456,2026-01-19 15:44:02,moved
CT14,101EK113,01190447.JPG,101EK113\01190447.JPG,01190447.JPG,5659174,2026-01-19 15:44:02,moved
CT14,101EK113,01190448.JPG,101EK113\01190448.JPG,01190448.JPG,5613218,2026-01-19 15:45:00,moved
CT14,101EK113,01190449.JPG,101EK113\01190449.JPG,01190449.JPG,5623529,2026-01-19 15:45:03,moved
CT14,101EK113,01190450.JPG,101EK113\01190450.JPG,01190450.JPG,5733144,2026-01-19 15:45:02,moved
CT14,101EK113,01190451.JPG,101EK113\01190451.JPG,01190451.JPG,5603686,2026-01-19 15:46:02,moved
CT14,101EK113,01190452.JPG,101EK113\01190452.JPG,01190452.JPG,5610345,2026-01-19 15:46:02,moved
CT14,101EK113,01190453.JPG,101EK113\01190453.JPG,01190453.JPG,5532577,2026-01-19 15:46:02,moved
CT14,101EK113,01190454.JPG,101EK113\01190454.JPG,01190454.JPG,5483649,2026-01-19 15:47:00,moved
CT14,101EK113,01190455.JPG,101EK113\01190455.JPG,01190455.JPG,5474574,2026-01-19 15:47:02,moved
CT14,101EK113,01190456.JPG,101EK113\01190456.JPG,01190456.JPG,5517331,2026-01-19 15:47:02,moved
CT14,101EK113,01190457.JPG,101EK113\01190457.JPG,01190457.JPG,5548279,2026-01-19 15:48:02,moved
CT14,101EK113,01190458.JPG,101EK113\01190458.JPG,01190458.JPG,5544901,2026-01-19 15:48:02,moved
CT14,101EK113,01190459.JPG,101EK113\01190459.JPG,01190459.JPG,5559545,2026-01-19 15:48:02,moved
CT14,101EK113,01190460.JPG,101EK113\01190460.JPG,01190460.JPG,5699324,2026-01-19 15:49:00,moved
CT14,101EK113,01190461.JPG,101EK113\01190461.JPG,01190461.JPG,5698768,2026-01-19 15:49:02,moved
CT14,101EK113,01190462.JPG,101EK113\01190462.JPG,01190462.JPG,5664425,2026-01-19 15:49:02,moved
CT14,101EK113,01190463.JPG,101EK113\01190463.JPG,01190463.JPG,5604024,2026-01-19 15:50:00,moved
CT14,101EK113,01190464.JPG,101EK113\01190464.JPG,01190464.JPG,5598718,2026-01-19 15:50:00,moved
CT14,101EK113,01190465.JPG,101EK113\01190465.JPG,01190465.JPG,5478848,2026-01-19 15:50:02,moved
CT14,101EK113,01190466.JPG,101EK113\01190466.JPG,01190466.JPG,5636565,2026-01-19 15:51:02,moved
CT14,101EK113,01190467.JPG,101EK113\01190467.JPG,01190467.JPG,5687803,2026-01-19 15:51:02,moved
CT14,101EK113,01190468.JPG,101EK113\01190468.JPG,01190468.JPG,5685678,2026-01-19 15:51:02,moved
CT14,101EK113,01190469.JPG,101EK113\01190469.JPG,01190469.JPG,5656899,2026-01-19 15:52:00,moved
CT14,101EK113,01190470.JPG,101EK113\01190470.JPG,01190470.JPG,5690963,2026-01-19 15:52:02,moved
CT14,101EK113,01190471.JPG,101EK113\01190471.JPG,01190471.JPG,5703392,2026-01-19 15:52:02,moved
CT14,101EK113,01190472.JPG,101EK113\01190472.JPG,01190472.JPG,5677248,2026-01-19 15:53:00,moved
CT14,101EK113,01190473.JPG,101EK113\01190473.JPG,01190473.JPG,5661755,2026-01-19 15:53:02,moved
CT14,101EK113,01190474.JPG,101EK113\01190474.JPG,01190474.JPG,5589590,2026-01-19 15:53:02,moved
CT14,101EK113,01190475.JPG,101EK113\01190475.JPG,01190475.JPG,5560873,2026-01-19 15:54:00,moved
CT14,101EK113,01190476.JPG,101EK113\01190476.JPG,01190476.JPG,5551858,2026-01-19 15:54:03,moved
CT14,101EK113,01190477.JPG,101EK113\01190477.JPG,01190477.JPG,5586815,2026-01-19 15:54:02,moved
CT14,101EK113,01190478.JPG,101EK113\01190478.JPG,01190478.JPG,5544631,2026-01-19 15:55:02,moved
CT14,101EK113,01190479.JPG,101EK113\01190479.JPG,01190479.JPG,5617249,2026-01-19 15:55:02,moved
CT14,101EK113,01190480.JPG,101EK113\01190480.JPG,01190480.JPG,5515354,2026-01-19 15:55:02,moved
CT14,101EK113,01190481.JPG,101EK113\01190481.JPG,01190481.JPG,5608749,2026-01-19 15:56:00,moved
CT14,101EK113,01190482.JPG,101EK113\01190482.JPG,01190482.JPG,5591087,2026-01-19 15:56:02,moved
CT14,101EK113,01190483.JPG,101EK113\01190483.JPG,01190483.JPG,5510536,2026-01-19 15:56:02,moved
CT14,101EK113,01190484.JPG,101EK113\01190484.JPG,01190484.JPG,5623173,2026-01-19 15:57:00,moved
CT14,101EK113,01190485.JPG,101EK113\01190485.JPG,01190485.JPG,5512257,2026-01-19 15:57:03,moved
CT14,101EK113,01190486.JPG,101EK113\01190486.JPG,01190486.JPG,5492667,2026-01-19 15:57:02,moved
CT14,101EK113,01190487.JPG,101EK113\01190487.JPG,01190487.JPG,5372555,2026-01-19 15:58:00,moved
CT14,101EK113,01190488.JPG,101EK113\01190488.JPG,01190488.JPG,5383086,2026-01-19 15:58:00,moved
CT14,101EK113,01190489.JPG,101EK113\01190489.JPG,01190489.JPG,5495957,2026-01-19 15:58:02,moved
CT14,101EK113,01190490.JPG,101EK113\01190490.JPG,01190490.JPG,5384112,2026-01-19 15:59:02,moved
CT14,101EK113,01190491.JPG,101EK113\01190491.JPG,01190491.JPG,5329627,2026-01-19 15:59:02,moved
CT14,101EK113,01190492.JPG,101EK113\01190492.JPG,01190492.JPG,5336349,2026-01-19 15:59:02,moved
CT14,101EK113,01190493.JPG,101EK113\01190493.JPG,01190493.JPG,5394951,2026-01-19 16:00:03,moved
CT14,101EK113,01190494.JPG,101EK113\01190494.JPG,01190494.JPG,5264996,2026-01-19 16:00:02,moved
CT14,101EK113,01190495.JPG,101EK113\01190495.JPG,01190495.JPG,5348872,2026-01-19 16:00:02,moved
CT14,101EK113,01190496.JPG,101EK113\01190496.JPG,01190496.JPG,5383684,2026-01-19 16:01:00,moved
CT14,101EK113,01190497.JPG,101EK113\01190497.JPG,01190497.JPG,5289143,2026-01-19 16:01:02,moved
CT14,101EK113,01190498.JPG,101EK113\01190498.JPG,01190498.JPG,5377818,2026-01-19 16:01:02,moved
CT14,101EK113,01190499.JPG,101EK113\01190499.JPG,01190499.JPG,5304723,2026-01-19 16:02:00,moved
CT14,101EK113,01190500.JPG,101EK113\01190500.JPG,01190500.JPG,5268750,2026-01-19 16:02:02,moved
CT14,101EK113,01190501.JPG,101EK113\01190501.JPG,01190501.JPG,5270926,2026-01-19 16:02:02,moved
CT14,101EK113,01190502.JPG,101EK113\01190502.JPG,01190502.JPG,5320955,2026-01-19 16:03:00,moved
CT14,101EK113,01190503.JPG,101EK113\01190503.JPG,01190503.JPG,5301456,2026-01-19 16:03:02,moved
CT14,101EK113,01190504.JPG,101EK113\01190504.JPG,01190504.JPG,5313513,2026-01-19 16:03:02,moved
CT14,101EK113,01190505.JPG,101EK113\01190505.JPG,01190505.JPG,5142030,2026-01-19 16:04:00,moved
CT14,101EK113,01190506.JPG,101EK113\01190506.JPG,01190506.JPG,5119826,2026-01-19 16:04:03,moved
CT14,101EK113,01190507.JPG,101EK113\01190507.JPG,01190507.JPG,5103391,2026-01-19 16:04:02,moved
CT14,101EK113,01190508.JPG,101EK113\01190508.JPG,01190508.JPG,5133584,2026-01-19 16:05:00,moved
CT14,101EK113,01190509.JPG,101EK113\01190509.JPG,01190509.JPG,5116937,2026-01-19 16:05:03,moved
CT14,101EK113,01190510.JPG,101EK113\01190510.JPG,01190510.JPG,5151167,2026-01-19 16:05:02,moved
CT14,101EK113,01190511.JPG,101EK113\01190511.JPG,01190511.JPG,5172755,2026-01-19 16:06:00,moved
CT14,101EK113,01190512.JPG,101EK113\01190512.JPG,01190512.JPG,5149419,2026-01-19 16:06:03,moved
CT14,101EK113,01190513.JPG,101EK113\01190513.JPG,01190513.JPG,5141462,2026-01-19 16:06:02,moved
CT14,101EK113,01190514.JPG,101EK113\01190514.JPG,01190514.JPG,5177152,2026-01-19 16:07:00,moved
CT14,101EK113,01190515.JPG,101EK113\01190515.JPG,01190515.JPG,5210705,2026-01-19 16:07:03,moved
CT14,101EK113,01190516.JPG,101EK113\01190516.JPG,01190516.JPG,5220121,2026-01-19 16:07:02,moved
CT14,101EK113,01190517.JPG,101EK113\01190517.JPG,01190517.JPG,5259310,2026-01-19 16:08:00,moved
CT14,101EK113,01190518.JPG,101EK113\01190518.JPG,01190518.JPG,5243698,2026-01-19 16:08:00,moved
CT14,101EK113,01190519.JPG,101EK113\01190519.JPG,01190519.JPG,5262324,2026-01-19 16:08:02,moved
CT14,101EK113,01190520.JPG,101EK113\01190520.JPG,01190520.JPG,5280797,2026-01-19 16:09:00,moved
CT14,101EK113,01190521.JPG,101EK113\01190521.JPG,01190521.JPG,5264137,2026-01-19 16:09:03,moved
CT14,101EK113,01190522.JPG,101EK113\01190522.JPG,01190522.JPG,5262797,2026-01-19 16:09:02,moved
CT14,101EK113,01190523.JPG,101EK113\01190523.JPG,01190523.JPG,5251811,2026-01-19 16:10:00,moved
CT14,101EK113,01190524.JPG,101EK113\01190524.JPG,01190524.JPG,5260043,2026-01-19 16:10:03,moved
CT14,101EK113,01190525.JPG,101EK113\01190525.JPG,01190525.JPG,5260769,2026-01-19 16:10:02,moved
CT14,101EK113,01190526.JPG,101EK113\01190526.JPG,01190526.JPG,5277672,2026-01-19 16:11:00,moved
CT14,101EK113,01190527.JPG,101EK113\01190527.JPG,01190527.JPG,5146421,2026-01-19 16:11:03,moved
CT14,101EK113,01190528.JPG,101EK113\01190528.JPG,01190528.JPG,5148310,2026-01-19 16:11:02,moved
CT14,101EK113,01190529.JPG,101EK113\01190529.JPG,01190529.JPG,5198215,2026-01-19 16:12:00,moved
CT14,101EK113,01190530.JPG,101EK113\01190530.JPG,01190530.JPG,5283235,2026-01-19 16:12:02,moved
CT14,101EK113,01190531.JPG,101EK113\01190531.JPG,01190531.JPG,5266128,2026-01-19 16:12:02,moved
CT14,101EK113,01190532.JPG,101EK113\01190532.JPG,01190532.JPG,5229059,2026-01-19 16:13:03,moved
CT14,101EK113,01190533.JPG,101EK113\01190533.JPG,01190533.JPG,5324563,2026-01-19 16:13:02,moved
CT14,101EK113,01190534.JPG,101EK113\01190534.JPG,01190534.JPG,5323992,2026-01-19 16:13:02,moved
CT14,101EK113,01190535.JPG,101EK113\01190535.JPG,01190535.JPG,5210174,2026-01-19 16:14:02,moved
CT14,101EK113,01190536.JPG,101EK113\01190536.JPG,01190536.JPG,5213798,2026-01-19 16:14:02,moved
CT14,101EK113,01190537.JPG,101EK113\01190537.JPG,01190537.JPG,5220021,2026-01-19 16:14:02,moved
CT14,101EK113,01190538.JPG,101EK113\01190538.JPG,01190538.JPG,5228397,2026-01-19 16:15:03,moved
CT14,101EK113,01190539.JPG,101EK113\01190539.JPG,01190539.JPG,5234637,2026-01-19 16:15:02,moved
CT14,101EK113,01190540.JPG,101EK113\01190540.JPG,01190540.JPG,5227753,2026-01-19 16:15:02,moved
CT14,101EK113,01190541.JPG,101EK113\01190541.JPG,01190541.JPG,5263794,2026-01-19 16:16:02,moved
CT14,101EK113,01190542.JPG,101EK113\01190542.JPG,01190542.JPG,5097837,2026-01-19 16:16:02,moved
CT14,101EK113,01190543.JPG,101EK113\01190543.JPG,01190543.JPG,5124453,2026-01-19 16:16:02,moved
CT14,101EK113,01190544.JPG,101EK113\01190544.JPG,01190544.JPG,5270895,2026-01-19 16:17:02,moved
CT14,101EK113,01190545.JPG,101EK113\01190545.JPG,01190545.JPG,5267934,2026-01-19 16:17:02,moved
CT14,101EK113,01190546.JPG,101EK113\01190546.JPG,01190546.JPG,5268566,2026-01-19 16:17:02,moved
CT14,101EK113,01190547.JPG,101EK113\01190547.JPG,01190547.JPG,5265031,2026-01-19 16:18:02,moved
CT14,101EK113,01190548.JPG,101EK113\01190548.JPG,01190548.JPG,5270788,2026-01-19 16:18:02,moved
CT14,101EK113,01190549.JPG,101EK113\01190549.JPG,01190549.JPG,5268428,2026-01-19 16:18:02,moved
CT14,101EK113,01190550.JPG,101EK113\01190550.JPG,01190550.JPG,5144998,2026-01-19 16:19:00,moved
CT14,101EK113,01190551.JPG,101EK113\01190551.JPG,01190551.JPG,5274819,2026-01-19 16:19:03,moved
CT14,101EK113,01190552.JPG,101EK113\01190552.JPG,01190552.JPG,5134464,2026-01-19 16:19:02,moved
CT14,101EK113,01190553.JPG,101EK113\01190553.JPG,01190553.JPG,5199710,2026-01-19 16:20:00,moved
CT14,101EK113,01190554.JPG,101EK113\01190554.JPG,01190554.JPG,5145309,2026-01-19 16:20:03,moved
CT14,101EK113,01190555.JPG,101EK113\01190555.JPG,01190555.JPG,5144778,2026-01-19 16:20:02,moved
CT14,101EK113,01190556.JPG,101EK113\01190556.JPG,01190556.JPG,5332530,2026-01-19 16:21:00,moved
CT14,101EK113,01190557.JPG,101EK113\01190557.JPG,01190557.JPG,5332643,2026-01-19 16:21:03,moved
CT14,101EK113,01190558.JPG,101EK113\01190558.JPG,01190558.JPG,5333234,2026-01-19 16:21:02,moved
CT14,101EK113,01190559.JPG,101EK113\01190559.JPG,01190559.JPG,5380065,2026-01-19 16:22:00,moved
CT14,101EK113,01190560.JPG,101EK113\01190560.JPG,01190560.JPG,5380366,2026-01-19 16:22:02,moved
CT14,101EK113,01190561.JPG,101EK113\01190561.JPG,01190561.JPG,5240605,2026-01-19 16:22:02,moved
CT14,101EK113,01190562.JPG,101EK113\01190562.JPG,01190562.JPG,5273811,2026-01-19 16:23:00,moved
CT14,101EK113,01190563.JPG,101EK113\01190563.JPG,01190563.JPG,5397753,2026-01-19 16:23:02,moved
CT14,101EK113,01190564.JPG,101EK113\01190564.JPG,01190564.JPG,5398065,2026-01-19 16:23:02,moved
CT14,101EK113,01190565.JPG,101EK113\01190565.JPG,01190565.JPG,5261143,2026-01-19 16:24:00,moved
CT14,101EK113,01190566.JPG,101EK113\01190566.JPG,01190566.JPG,5259726,2026-01-19 16:24:02,moved
CT14,101EK113,01190567.JPG,101EK113\01190567.JPG,01190567.JPG,5244080,2026-01-19 16:24:02,moved
CT14,101EK113,01190568.JPG,101EK113\01190568.JPG,01190568.JPG,5273326,2026-01-19 16:25:03,moved
CT14,101EK113,01190569.JPG,101EK113\01190569.JPG,01190569.JPG,5271235,2026-01-19 16:25:02,moved
CT14,101EK113,01190570.JPG,101EK113\01190570.JPG,01190570.JPG,5276120,2026-01-19 16:25:02,moved
CT14,101EK113,01190571.JPG,101EK113\01190571.JPG,01190571.JPG,5297998,2026-01-19 16:26:02,moved
CT14,101EK113,01190572.JPG,101EK113\01190572.JPG,01190572.JPG,5294660,2026-01-19 16:26:02,moved
CT14,101EK113,01190573.JPG,101EK113\01190573.JPG,01190573.JPG,5280008,2026-01-19 16:26:02,moved
CT14,101EK113,01190574.JPG,101EK113\01190574.JPG,01190574.JPG,5471315,2026-01-19 16:27:02,moved
CT14,101EK113,01190575.JPG,101EK113\01190575.JPG,01190575.JPG,5472194,2026-01-19 16:27:02,moved
CT14,101EK113,01190576.JPG,101EK113\01190576.JPG,01190576.JPG,5332486,2026-01-19 16:27:02,moved
CT14,101EK113,01190577.JPG,101EK113\01190577.JPG,01190577.JPG,5320213,2026-01-19 16:28:02,moved
CT14,101EK113,01190578.JPG,101EK113\01190578.JPG,01190578.JPG,5168745,2026-01-19 16:28:02,moved
CT14,101EK113,01190579.JPG,101EK113\01190579.JPG,01190579.JPG,5175322,2026-01-19 16:28:02,moved
CT14,101EK113,01190580.JPG,101EK113\01190580.JPG,01190580.JPG,5368585,2026-01-19 16:29:00,moved
CT14,101EK113,01190581.JPG,101EK113\01190581.JPG,01190581.JPG,5355328,2026-01-19 16:29:03,moved
CT14,101EK113,01190582.JPG,101EK113\01190582.JPG,01190582.JPG,5378590,2026-01-19 16:29:02,moved
CT14,101EK113,01190583.JPG,101EK113\01190583.JPG,01190583.JPG,5363359,2026-01-19 16:30:00,moved
CT14,101EK113,01190584.JPG,101EK113\01190584.JPG,01190584.JPG,5376036,2026-01-19 16:30:02,moved
CT14,101EK113,01190585.JPG,101EK113\01190585.JPG,01190585.JPG,5377953,2026-01-19 16:30:02,moved
CT14,101EK113,01190586.JPG,101EK113\01190586.JPG,01190586.JPG,5184890,2026-01-19 16:31:02,moved
CT14,101EK113,01190587.JPG,101EK113\01190587.JPG,01190587.JPG,5317162,2026-01-19 16:31:02,moved
CT14,101EK113,01190588.JPG,101EK113\01190588.JPG,01190588.JPG,5189050,2026-01-19 16:31:02,moved
CT14,101EK113,01190589.JPG,101EK113\01190589.JPG,01190589.JPG,5358447,2026-01-19 16:32:02,moved
CT14,101EK113,01190590.JPG,101EK113\01190590.JPG,01190590.JPG,5359491,2026-01-19 16:32:02,moved
CT14,101EK113,01190591.JPG,101EK113\01190591.JPG,01190591.JPG,5361492,2026-01-19 16:32:02,moved
CT14,101EK113,01190592.JPG,101EK113\01190592.JPG,01190592.JPG,5387079,2026-01-19 16:33:00,moved
CT14,101EK113,01190593.JPG,101EK113\01190593.JPG,01190593.JPG,5389675,2026-01-19 16:33:00,moved
CT14,101EK113,01190594.JPG,101EK113\01190594.JPG,01190594.JPG,5364037,2026-01-19 16:33:02,moved
CT14,101EK113,01190595.JPG,101EK113\01190595.JPG,01190595.JPG,5337774,2026-01-19 16:34:00,moved
CT14,101EK113,01190596.JPG,101EK113\01190596.JPG,01190596.JPG,5334565,2026-01-19 16:34:03,moved
CT14,101EK113,01190597.JPG,101EK113\01190597.JPG,01190597.JPG,5342885,2026-01-19 16:34:02,moved
CT14,101EK113,01190598.JPG,101EK113\01190598.JPG,01190598.JPG,5369399,2026-01-19 16:35:00,moved
CT14,101EK113,01190599.JPG,101EK113\01190599.JPG,01190599.JPG,5510500,2026-01-19 16:35:03,moved
CT14,101EK113,01190600.JPG,101EK113\01190600.JPG,01190600.JPG,5351891,2026-01-19 16:35:02,moved
CT14,101EK113,01190601.JPG,101EK113\01190601.JPG,01190601.JPG,5338271,2026-01-19 16:36:03,moved
CT14,101EK113,01190602.JPG,101EK113\01190602.JPG,01190602.JPG,5362325,2026-01-19 16:36:02,moved
CT14,101EK113,01190603.JPG,101EK113\01190603.JPG,01190603.JPG,5341419,2026-01-19 16:36:02,moved
CT14,101EK113,01190604.JPG,101EK113\01190604.JPG,01190604.JPG,5361145,2026-01-19 16:37:03,moved
CT14,101EK113,01190605.JPG,101EK113\01190605.JPG,01190605.JPG,5334139,2026-01-19 16:37:02,moved
CT14,101EK113,01190606.JPG,101EK113\01190606.JPG,01190606.JPG,5359231,2026-01-19 16:37:02,moved
CT14,101EK113,01190607.JPG,101EK113\01190607.JPG,01190607.JPG,5527091,2026-01-19 16:38:03,moved
CT14,101EK113,01190608.JPG,101EK113\01190608.JPG,01190608.JPG,5385381,2026-01-19 16:38:02,moved
CT14,101EK113,01190609.JPG,101EK113\01190609.JPG,01190609.JPG,5523899,2026-01-19 16:38:02,moved
CT14,101EK113,01190610.JPG,101EK113\01190610.JPG,01190610.JPG,5358403,2026-01-19 16:39:02,moved
CT14,101EK113,01190611.JPG,101EK113\01190611.JPG,01190611.JPG,5352254,2026-01-19 16:39:02,moved
CT14,101EK113,01190612.JPG,101EK113\01190612.JPG,01190612.JPG,5330005,2026-01-19 16:39:02,moved
CT14,101EK113,01190613.JPG,101EK113\01190613.JPG,01190613.JPG,5361151,2026-01-19 16:40:02,moved
CT14,101EK113,01190614.JPG,101EK113\01190614.JPG,01190614.JPG,5341634,2026-01-19 16:40:02,moved
CT14,101EK113,01190615.JPG,101EK113\01190615.JPG,01190615.JPG,5335597,2026-01-19 16:40:02,moved
CT14,101EK113,01190616.JPG,101EK113\01190616.JPG,01190616.JPG,5337581,2026-01-19 16:41:00,moved
CT14,101EK113,01190617.JPG,101EK113\01190617.JPG,01190617.JPG,5355352,2026-01-19 16:41:00,moved
CT14,101EK113,01190618.JPG,101EK113\01190618.JPG,01190618.JPG,5350844,2026-01-19 16:41:02,moved
CT14,101EK113,01190619.JPG,101EK113\01190619.JPG,01190619.JPG,5530679,2026-01-19 16:42:00,moved
CT14,101EK113,01190620.JPG,101EK113\01190620.JPG,01190620.JPG,5529493,2026-01-19 16:42:03,moved
CT14,101EK113,01190621.JPG,101EK113\01190621.JPG,01190621.JPG,5529368,2026-01-19 16:42:02,moved
CT14,101EK113,01190622.JPG,101EK113\01190622.JPG,01190622.JPG,5550486,2026-01-19 16:43:00,moved
CT14,101EK113,01190623.JPG,101EK113\01190623.JPG,01190623.JPG,5411766,2026-01-19 16:43:02,moved
CT14,101EK113,01190624.JPG,101EK113\01190624.JPG,01190624.JPG,5545943,2026-01-19 16:43:02,moved
CT14,101EK113,01190625.JPG,101EK113\01190625.JPG,01190625.JPG,5415100,2026-01-19 16:44:02,moved
CT14,101EK113,01190626.JPG,101EK113\01190626.JPG,01190626.JPG,5431729,2026-01-19 16:44:02,moved
CT14,101EK113,01190627.JPG,101EK113\01190627.JPG,01190627.JPG,5407508,2026-01-19 16:44:02,moved
CT14,101EK113,01190628.JPG,101EK113\01190628.JPG,01190628.JPG,5417600,2026-01-19 16:45:02,moved
CT14,101EK113,01190629.JPG,101EK113\01190629.JPG,01190629.JPG,5441116,2026-01-19 16:45:02,moved
CT14,101EK113,01190630.JPG,101EK113\01190630.JPG,01190630.JPG,5399317,2026-01-19 16:45:02,moved
CT14,101EK113,01190631.JPG,101EK113\01190631.JPG,01190631.JPG,5420832,2026-01-19 16:46:00,moved
CT14,101EK113,01190632.JPG,101EK113\01190632.JPG,01190632.JPG,5421867,2026-01-19 16:46:03,moved
CT14,101EK113,01190633.JPG,101EK113\01190633.JPG,01190633.JPG,5420153,2026-01-19 16:46:02,moved
CT14,101EK113,01190634.JPG,101EK113\01190634.JPG,01190634.JPG,5413035,2026-01-19 16:47:00,moved
CT14,101EK113,01190635.JPG,101EK113\01190635.JPG,01190635.JPG,5413414,2026-01-19 16:47:02,moved
CT14,101EK113,01190636.JPG,101EK113\01190636.JPG,01190636.JPG,5416136,2026-01-19 16:47:02,moved
CT14,101EK113,01190637.JPG,101EK113\01190637.JPG,01190637.JPG,5410170,2026-01-19 16:48:00,moved
CT14,101EK113,01190638.JPG,101EK113\01190638.JPG,01190638.JPG,5410076,2026-01-19 16:48:02,moved
CT14,101EK113,01190639.JPG,101EK113\01190639.JPG,01190639.JPG,5403475,2026-01-19 16:48:02,moved
CT14,101EK113,01190640.JPG,101EK113\01190640.JPG,01190640.JPG,5422858,2026-01-19 16:49:00,moved
CT14,101EK113,01190641.JPG,101EK113\01190641.JPG,01190641.JPG,5424512,2026-01-19 16:49:02,moved
CT14,101EK113,01190642.JPG,101EK113\01190642.JPG,01190642.JPG,5413103,2026-01-19 16:49:02,moved
CT14,101EK113,01190643.JPG,101EK113\01190643.JPG,01190643.JPG,5280040,2026-01-19 16:50:03,moved
CT14,101EK113,01190644.JPG,101EK113\01190644.JPG,01190644.JPG,5429527,2026-01-19 16:50:02,moved
CT14,101EK113,01190645.JPG,101EK113\01190645.JPG,01190645.JPG,5411093,2026-01-19 16:50:02,moved
CT14,101EK113,01190646.JPG,101EK113\01190646.JPG,01190646.JPG,5428847,2026-01-19 16:51:02,moved
CT14,101EK113,01190647.JPG,101EK113\01190647.JPG,01190647.JPG,5293160,2026-01-19 16:51:02,moved
CT14,101EK113,01190648.JPG,101EK113\01190648.JPG,01190648.JPG,5290499,2026-01-19 16:51:02,moved
CT14,101EK113,01190649.JPG,101EK113\01190649.JPG,01190649.JPG,5398261,2026-01-19 16:52:02,moved
CT14,101EK113,01190650.JPG,101EK113\01190650.JPG,01190650.JPG,5411318,2026-01-19 16:52:02,moved
CT14,101EK113,01190651.JPG,101EK113\01190651.JPG,01190651.JPG,5400159,2026-01-19 16:52:02,moved
CT14,101EK113,01190652.JPG,101EK113\01190652.JPG,01190652.JPG,5421210,2026-01-19 16:53:00,moved
CT14,101EK113,01190653.JPG,101EK113\01190653.JPG,01190653.JPG,5421531,2026-01-19 16:53:00,moved
CT14,101EK113,01190654.JPG,101EK113\01190654.JPG,01190654.JPG,5423354,2026-01-19 16:53:02,moved
CT14,101EK113,01190655.JPG,101EK113\01190655.JPG,01190655.JPG,5450146,2026-01-19 16:54:00,moved
CT14,101EK113,01190656.JPG,101EK113\01190656.JPG,01190656.JPG,5445545,2026-01-19 16:54:03,moved
CT14,101EK113,01190657.JPG,101EK113\01190657.JPG,01190657.JPG,5423018,2026-01-19 16:54:02,moved
CT14,101EK113,01190658.JPG,101EK113\01190658.JPG,01190658.JPG,5436728,2026-01-19 16:55:00,moved
CT14,101EK113,01190659.JPG,101EK113\01190659.JPG,01190659.JPG,5461724,2026-01-19 16:55:02,moved
CT14,101EK113,01190660.JPG,101EK113\01190660.JPG,01190660.JPG,5592502,2026-01-19 16:55:02,moved
CT14,101EK113,01190661.JPG,101EK113\01190661.JPG,01190661.JPG,5617570,2026-01-19 16:56:00,moved
CT14,101EK113,01190662.JPG,101EK113\01190662.JPG,01190662.JPG,5618584,2026-01-19 16:56:02,moved
CT14,101EK113,01190663.JPG,101EK113\01190663.JPG,01190663.JPG,5610143,2026-01-19 16:56:02,moved
CT14,101EK113,01190664.JPG,101EK113\01190664.JPG,01190664.JPG,5591096,2026-01-19 16:57:03,moved
CT14,101EK113,01190665.JPG,101EK113\01190665.JPG,01190665.JPG,5453970,2026-01-19 16:57:02,moved
CT14,101EK113,01190666.JPG,101EK113\01190666.JPG,01190666.JPG,5449654,2026-01-19 16:57:02,moved
CT14,101EK113,01190667.JPG,101EK113\01190667.JPG,01190667.JPG,5451462,2026-01-19 16:58:02,moved
CT14,101EK113,01190668.JPG,101EK113\01190668.JPG,01190668.JPG,5604234,2026-01-19 16:58:02,moved
CT14,101EK113,01190669.JPG,101EK113\01190669.JPG,01190669.JPG,5447793,2026-01-19 16:58:02,moved
CT14,101EK113,01190670.JPG,101EK113\01190670.JPG,01190670.JPG,5584137,2026-01-19 16:59:02,moved
CT14,101EK113,01190671.JPG,101EK113\01190671.JPG,01190671.JPG,5425173,2026-01-19 16:59:02,moved
CT14,101EK113,01190672.JPG,101EK113\01190672.JPG,01190672.JPG,5441325,2026-01-19 16:59:02,moved
CT14,101EK113,01190673.JPG,101EK113\01190673.JPG,01190673.JPG,5434759,2026-01-19 17:00:00,moved
CT14,101EK113,01190674.JPG,101EK113\01190674.JPG,01190674.JPG,5434003,2026-01-19 17:00:02,moved
CT14,101EK113,01190675.JPG,101EK113\01190675.JPG,01190675.JPG,5407504,2026-01-19 17:00:02,moved
CT14,101EK113,01190676.JPG,101EK113\01190676.JPG,01190676.JPG,5415387,2026-01-19 17:01:00,moved
CT14,101EK113,01190677.JPG,101EK113\01190677.JPG,01190677.JPG,5431841,2026-01-19 17:01:02,moved
CT14,101EK113,01190678.JPG,101EK113\01190678.JPG,01190678.JPG,5411304,2026-01-19 17:01:02,moved
CT14,101EK113,01190679.JPG,101EK113\01190679.JPG,01190679.JPG,5574446,2026-01-19 17:02:00,moved
CT14,101EK113,01190680.JPG,101EK113\01190680.JPG,01190680.JPG,5576442,2026-01-19 17:02:02,moved
CT14,101EK113,01190681.JPG,101EK113\01190681.JPG,01190681.JPG,5606363,2026-01-19 17:02:02,moved
CT14,101EK113,01190682.JPG,101EK113\01190682.JPG,01190682.JPG,5603383,2026-01-19 17:03:00,moved
CT14,101EK113,01190683.JPG,101EK113\01190683.JPG,01190683.JPG,5597937,2026-01-19 17:03:03,moved
CT14,101EK113,01190684.JPG,101EK113\01190684.JPG,01190684.JPG,5457302,2026-01-19 17:03:02,moved
CT14,101EK113,01190685.JPG,101EK113\01190685.JPG,01190685.JPG,5607588,2026-01-19 17:04:00,moved
CT14,101EK113,01190686.JPG,101EK113\01190686.JPG,01190686.JPG,5607812,2026-01-19 17:04:03,moved
CT14,101EK113,01190687.JPG,101EK113\01190687.JPG,01190687.JPG,5601609,2026-01-19 17:04:02,moved
CT14,101EK113,01190688.JPG,101EK113\01190688.JPG,01190688.JPG,5601362,2026-01-19 17:05:03,moved
CT14,101EK113,01190689.JPG,101EK113\01190689.JPG,01190689.JPG,5600878,2026-01-19 17:05:02,moved
CT14,101EK113,01190690.JPG,101EK113\01190690.JPG,01190690.JPG,5601587,2026-01-19 17:05:02,moved
CT14,101EK113,01190691.JPG,101EK113\01190691.JPG,01190691.JPG,5644833,2026-01-19 17:06:00,moved
CT14,101EK113,01190692.JPG,101EK113\01190692.JPG,01190692.JPG,5649395,2026-01-19 17:06:02,moved
CT14,101EK113,01190693.JPG,101EK113\01190693.JPG,01190693.JPG,5651265,2026-01-19 17:06:02,moved
CT14,101EK113,01190694.JPG,101EK113\01190694.JPG,01190694.JPG,5499907,2026-01-19 17:07:03,moved
CT14,101EK113,01190695.JPG,101EK113\01190695.JPG,01190695.JPG,5645569,2026-01-19 17:07:02,moved
CT14,101EK113,01190696.JPG,101EK113\01190696.JPG,01190696.JPG,5646768,2026-01-19 17:07:02,moved
CT14,101EK113,01190697.JPG,101EK113\01190697.JPG,01190697.JPG,5661278,2026-01-19 17:08:02,moved
CT14,101EK113,01190698.JPG,101EK113\01190698.JPG,01190698.JPG,5656460,2026-01-19 17:08:02,moved
CT14,101EK113,01190699.JPG,101EK113\01190699.JPG,01190699.JPG,5654262,2026-01-19 17:08:02,moved
CT14,101EK113,01190700.JPG,101EK113\01190700.JPG,01190700.JPG,5661820,2026-01-19 17:09:02,moved
CT14,101EK113,01190701.JPG,101EK113\01190701.JPG,01190701.JPG,5662487,2026-01-19 17:09:02,moved
CT14,101EK113,01190702.JPG,101EK113\01190702.JPG,01190702.JPG,5657640,2026-01-19 17:09:02,moved
CT14,101EK113,01190703.JPG,101EK113\01190703.JPG,01190703.JPG,5710398,2026-01-19 17:10:00,moved
CT14,101EK113,01190704.JPG,101EK113\01190704.JPG,01190704.JPG,5699523,2026-01-19 17:10:03,moved
CT14,101EK113,01190705.JPG,101EK113\01190705.JPG,01190705.JPG,5697284,2026-01-19 17:10:02,moved
CT14,101EK113,01190706.JPG,101EK113\01190706.JPG,01190706.JPG,5721878,2026-01-19 17:11:00,moved
CT14,101EK113,01190707.JPG,101EK113\01190707.JPG,01190707.JPG,5725744,2026-01-19 17:11:03,moved
CT14,101EK113,01190708.JPG,101EK113\01190708.JPG,01190708.JPG,5719356,2026-01-19 17:11:02,moved
CT14,101EK113,01190709.JPG,101EK113\01190709.JPG,01190709.JPG,5726990,2026-01-19 17:12:00,moved
CT14,101EK113,01190710.JPG,101EK113\01190710.JPG,01190710.JPG,5709926,2026-01-19 17:12:02,moved
CT14,101EK113,01190711.JPG,101EK113\01190711.JPG,01190711.JPG,5709663,2026-01-19 17:12:02,moved
CT14,101EK113,01190712.JPG,101EK113\01190712.JPG,01190712.JPG,5761169,2026-01-19 17:13:03,moved
CT14,101EK113,01190713.JPG,101EK113\01190713.JPG,01190713.JPG,5762264,2026-01-19 17:13:02,moved
CT14,101EK113,01190714.JPG,101EK113\01190714.JPG,01190714.JPG,5764849,2026-01-19 17:13:02,moved
CT14,101EK113,01190715.JPG,101EK113\01190715.JPG,01190715.JPG,5773275,2026-01-19 17:14:00,moved
CT14,101EK113,01190716.JPG,101EK113\01190716.JPG,01190716.JPG,5766185,2026-01-19 17:14:03,moved
CT14,101EK113,01190717.JPG,101EK113\01190717.JPG,01190717.JPG,5771874,2026-01-19 17:14:02,moved
CT14,101EK113,01190718.JPG,101EK113\01190718.JPG,01190718.JPG,5775071,2026-01-19 17:15:00,moved
CT14,101EK113,01190719.JPG,101EK113\01190719.JPG,01190719.JPG,5766539,2026-01-19 17:15:02,moved
CT14,101EK113,01190720.JPG,101EK113\01190720.JPG,01190720.JPG,5775065,2026-01-19 17:15:02,moved
CT14,101EK113,01190721.JPG,101EK113\01190721.JPG,01190721.JPG,5782242,2026-01-19 17:16:00,moved
CT14,101EK113,01190722.JPG,101EK113\01190722.JPG,01190722.JPG,5621848,2026-01-19 17:16:02,moved
CT14,101EK113,01190723.JPG,101EK113\01190723.JPG,01190723.JPG,5782984,2026-01-19 17:16:02,moved
CT14,101EK113,01190724.JPG,101EK113\01190724.JPG,01190724.JPG,5815402,2026-01-19 17:17:00,moved
CT14,101EK113,01190725.JPG,101EK113\01190725.JPG,01190725.JPG,5800582,2026-01-19 17:17:02,moved
CT14,101EK113,01190726.JPG,101EK113\01190726.JPG,01190726.JPG,5808107,2026-01-19 17:17:02,moved
CT14,101EK113,01190727.JPG,101EK113\01190727.JPG,01190727.JPG,5853071,2026-01-19 17:18:02,moved
CT14,101EK113,01190728.JPG,101EK113\01190728.JPG,01190728.JPG,5858858,2026-01-19 17:18:02,moved
CT14,101EK113,01190729.JPG,101EK113\01190729.JPG,01190729.JPG,5854292,2026-01-19 17:18:02,moved
CT14,101EK113,01190730.JPG,101EK113\01190730.JPG,01190730.JPG,5849661,2026-01-19 17:19:02,moved
CT14,101EK113,01190731.JPG,101EK113\01190731.JPG,01190731.JPG,5849905,2026-01-19 17:19:02,moved
CT14,101EK113,01190732.JPG,101EK113\01190732.JPG,01190732.JPG,5833949,2026-01-19 17:19:02,moved
CT14,101EK113,01190733.JPG,101EK113\01190733.JPG,01190733.JPG,5852143,2026-01-19 17:20:02,moved
CT14,101EK113,01190734.JPG,101EK113\01190734.JPG,01190734.JPG,5852216,2026-01-19 17:20:02,moved
CT14,101EK113,01190735.JPG,101EK113\01190735.JPG,01190735.JPG,5953425,2026-01-19 17:20:02,moved
CT14,101EK113,01190736.JPG,101EK113\01190736.JPG,01190736.JPG,5835491,2026-01-19 17:21:00,moved
CT14,101EK113,01190737.JPG,101EK113\01190737.JPG,01190737.JPG,5828373,2026-01-19 17:21:03,moved
CT14,101EK113,01190738.JPG,101EK113\01190738.JPG,01190738.JPG,5824722,2026-01-19 17:21:02,moved
CT14,101EK113,01190739.JPG,101EK113\01190739.JPG,01190739.JPG,5835159,2026-01-19 17:22:00,moved
CT14,101EK113,01190740.JPG,101EK113\01190740.JPG,01190740.JPG,5843766,2026-01-19 17:22:02,moved
CT14,101EK113,01190741.JPG,101EK113\01190741.JPG,01190741.JPG,5834470,2026-01-19 17:22:02,moved
CT14,101EK113,01190742.JPG,101EK113\01190742.JPG,01190742.JPG,5870936,2026-01-19 17:23:00,moved
CT14,101EK113,01190743.JPG,101EK113\01190743.JPG,01190743.JPG,5853454,2026-01-19 17:23:02,moved
CT14,101EK113,01190744.JPG,101EK113\01190744.JPG,01190744.JPG,5854109,2026-01-19 17:23:02,moved
CT14,101EK113,01190745.JPG,101EK113\01190745.JPG,01190745.JPG,5908636,2026-01-19 17:24:00,moved
CT14,101EK113,01190746.JPG,101EK113\01190746.JPG,01190746.JPG,5904136,2026-01-19 17:24:02,moved
CT14,101EK113,01190747.JPG,101EK113\01190747.JPG,01190747.JPG,5895770,2026-01-19 17:24:02,moved
CT14,101EK113,01190748.JPG,101EK113\01190748.JPG,01190748.JPG,5911401,2026-01-19 17:25:03,moved
CT14,101EK113,01190749.JPG,101EK113\01190749.JPG,01190749.JPG,5908941,2026-01-19 17:25:02,moved
CT14,101EK113,01190750.JPG,101EK113\01190750.JPG,01190750.JPG,5906302,2026-01-19 17:25:02,moved
CT14,101EK113,01190751.JPG,101EK113\01190751.JPG,01190751.JPG,6042474,2026-01-19 17:26:03,moved
CT14,101EK113,01190752.JPG,101EK113\01190752.JPG,01190752.JPG,5937355,2026-01-19 17:26:02,moved
CT14,101EK113,01190753.JPG,101EK113\01190753.JPG,01190753.JPG,6044054,2026-01-19 17:26:02,moved
CT14,101EK113,01190754.JPG,101EK113\01190754.JPG,01190754.JPG,6016995,2026-01-19 17:27:02,moved
CT14,101EK113,01190755.JPG,101EK113\01190755.JPG,01190755.JPG,6018082,2026-01-19 17:27:02,moved
CT14,101EK113,01190756.JPG,101EK113\01190756.JPG,01190756.JPG,5912133,2026-01-19 17:27:02,moved
CT14,101EK113,01190757.JPG,101EK113\01190757.JPG,01190757.JPG,5998964,2026-01-19 17:28:02,moved
CT14,101EK113,01190758.JPG,101EK113\01190758.JPG,01190758.JPG,5992260,2026-01-19 17:28:02,moved
CT14,101EK113,01190759.JPG,101EK113\01190759.JPG,01190759.JPG,5999342,2026-01-19 17:28:02,moved
CT14,101EK113,01190760.JPG,101EK113\01190760.JPG,01190760.JPG,5998237,2026-01-19 17:29:00,moved
CT14,101EK113,01190761.JPG,101EK113\01190761.JPG,01190761.JPG,5896819,2026-01-19 17:29:00,moved
CT14,101EK113,01190762.JPG,101EK113\01190762.JPG,01190762.JPG,5874976,2026-01-19 17:29:02,moved
CT14,101EK113,01190763.JPG,101EK113\01190763.JPG,01190763.JPG,6047129,2026-01-19 17:30:00,moved
CT14,101EK113,01190764.JPG,101EK113\01190764.JPG,01190764.JPG,6043432,2026-01-19 17:30:03,moved
CT14,101EK113,01190765.JPG,101EK113\01190765.JPG,01190765.JPG,6042077,2026-01-19 17:30:02,moved
CT14,101EK113,01190766.JPG,101EK113\01190766.JPG,01190766.JPG,6051221,2026-01-19 17:31:00,moved
CT14,101EK113,01190767.JPG,101EK113\01190767.JPG,01190767.JPG,6050932,2026-01-19 17:31:03,moved
CT14,101EK113,01190768.JPG,101EK113\01190768.JPG,01190768.JPG,6046732,2026-01-19 17:31:02,moved
CT14,101EK113,01190769.JPG,101EK113\01190769.JPG,01190769.JPG,6038433,2026-01-19 17:32:00,moved
CT14,101EK113,01190770.JPG,101EK113\01190770.JPG,01190770.JPG,6037838,2026-01-19 17:32:02,moved
CT14,101EK113,01190771.JPG,101EK113\01190771.JPG,01190771.JPG,6036742,2026-01-19 17:32:02,moved
CT14,101EK113,01190772.JPG,101EK113\01190772.JPG,01190772.JPG,6080027,2026-01-19 17:33:02,moved
CT14,101EK113,01190773.JPG,101EK113\01190773.JPG,01190773.JPG,6073901,2026-01-19 17:33:02,moved
CT14,101EK113,01190774.JPG,101EK113\01190774.JPG,01190774.JPG,6079050,2026-01-19 17:33:02,moved
CT14,101EK113,01190775.JPG,101EK113\01190775.JPG,01190775.JPG,6082286,2026-01-19 17:34:03,moved
CT14,101EK113,01190776.JPG,101EK113\01190776.JPG,01190776.JPG,6082900,2026-01-19 17:34:02,moved
CT14,101EK113,01190777.JPG,101EK113\01190777.JPG,01190777.JPG,6081791,2026-01-19 17:34:02,moved
CT14,101EK113,01190778.JPG,101EK113\01190778.JPG,01190778.JPG,6015172,2026-01-19 17:35:03,moved
CT14,101EK113,01190779.JPG,101EK113\01190779.JPG,01190779.JPG,6021890,2026-01-19 17:35:02,moved
CT14,101EK113,01190780.JPG,101EK113\01190780.JPG,01190780.JPG,6123439,2026-01-19 17:35:02,moved
CT14,101EK113,01190781.JPG,101EK113\01190781.JPG,01190781.JPG,6196645,2026-01-19 17:36:03,moved
CT14,101EK113,01190782.JPG,101EK113\01190782.JPG,01190782.JPG,6097036,2026-01-19 17:36:02,moved
CT14,101EK113,01190783.JPG,101EK113\01190783.JPG,01190783.JPG,6091542,2026-01-19 17:36:02,moved
CT14,101EK113,01190784.JPG,101EK113\01190784.JPG,01190784.JPG,6088492,2026-01-19 17:37:02,moved
CT14,101EK113,01190785.JPG,101EK113\01190785.JPG,01190785.JPG,6088693,2026-01-19 17:37:02,moved
CT14,101EK113,01190786.JPG,101EK113\01190786.JPG,01190786.JPG,6082063,2026-01-19 17:37:02,moved
CT14,101EK113,01190787.JPG,101EK113\01190787.JPG,01190787.JPG,6104972,2026-01-19 17:38:03,moved
CT14,101EK113,01190788.JPG,101EK113\01190788.JPG,01190788.JPG,6111298,2026-01-19 17:38:02,moved
CT14,101EK113,01190789.JPG,101EK113\01190789.JPG,01190789.JPG,6109998,2026-01-19 17:38:02,moved
CT14,101EK113,01190790.JPG,101EK113\01190790.JPG,01190790.JPG,6096279,2026-01-19 17:39:02,moved
CT14,101EK113,01190791.JPG,101EK113\01190791.JPG,01190791.JPG,6082012,2026-01-19 17:39:02,moved
CT14,101EK113,01190792.JPG,101EK113\01190792.JPG,01190792.JPG,6081661,2026-01-19 17:39:02,moved
CT14,101EK113,01190793.JPG,101EK113\01190793.JPG,01190793.JPG,6086414,2026-01-19 17:40:00,moved
CT14,101EK113,01190794.JPG,101EK113\01190794.JPG,01190794.JPG,6085670,2026-01-19 17:40:02,moved
CT14,101EK113,01190795.JPG,101EK113\01190795.JPG,01190795.JPG,6086618,2026-01-19 17:40:02,moved
CT14,101EK113,01190796.JPG,101EK113\01190796.JPG,01190796.JPG,6088095,2026-01-19 17:41:03,moved
CT14,101EK113,01190797.JPG,101EK113\01190797.JPG,01190797.JPG,6079842,2026-01-19 17:41:02,moved
CT14,101EK113,01190798.JPG,101EK113\01190798.JPG,01190798.JPG,6083398,2026-01-19 17:41:02,moved
CT14,101EK113,01190799.JPG,101EK113\01190799.JPG,01190799.JPG,6085313,2026-01-19 17:42:02,moved
CT14,101EK113,01190800.JPG,101EK113\01190800.JPG,01190800.JPG,6105016,2026-01-19 17:42:02,moved
CT14,101EK113,01190801.JPG,101EK113\01190801.JPG,01190801.JPG,6088081,2026-01-19 17:42:02,moved
CT14,101EK113,01190802.JPG,101EK113\01190802.JPG,01190802.JPG,6190022,2026-01-19 17:43:02,moved
CT14,101EK113,01190803.JPG,101EK113\01190803.JPG,01190803.JPG,6083906,2026-01-19 17:43:02,moved
CT14,101EK113,01190804.JPG,101EK113\01190804.JPG,01190804.JPG,6190070,2026-01-19 17:43:02,moved
CT14,101EK113,01190805.JPG,101EK113\01190805.JPG,01190805.JPG,6227220,2026-01-19 17:44:00,moved
CT14,101EK113,01190806.JPG,101EK113\01190806.JPG,01190806.JPG,6119776,2026-01-19 17:44:02,moved
CT14,101EK113,01190807.JPG,101EK113\01190807.JPG,01190807.JPG,6222039,2026-01-19 17:44:02,moved
CT14,101EK113,01190808.JPG,101EK113\01190808.JPG,01190808.JPG,6237165,2026-01-19 17:45:00,moved
CT14,101EK113,01190809.JPG,101EK113\01190809.JPG,01190809.JPG,6128719,2026-01-19 17:45:02,moved
CT14,101EK113,01190810.JPG,101EK113\01190810.JPG,01190810.JPG,6232618,2026-01-19 17:45:02,moved
CT14,101EK113,01190811.JPG,101EK113\01190811.JPG,01190811.JPG,6134749,2026-01-19 17:46:00,moved
CT14,101EK113,01190812.JPG,101EK113\01190812.JPG,01190812.JPG,6130950,2026-01-19 17:46:02,moved
CT14,101EK113,01190813.JPG,101EK113\01190813.JPG,01190813.JPG,6131397,2026-01-19 17:46:02,moved
CT14,101EK113,01190814.JPG,101EK113\01190814.JPG,01190814.JPG,6118859,2026-01-19 17:47:00,moved
CT14,101EK113,01190815.JPG,101EK113\01190815.JPG,01190815.JPG,6130960,2026-01-19 17:47:02,moved
CT14,101EK113,01190816.JPG,101EK113\01190816.JPG,01190816.JPG,6117667,2026-01-19 17:47:02,moved
CT14,101EK113,01190817.JPG,101EK113\01190817.JPG,01190817.JPG,6157253,2026-01-19 17:48:00,moved
CT14,101EK113,01190818.JPG,101EK113\01190818.JPG,01190818.JPG,6269904,2026-01-19 17:48:02,moved
CT14,101EK113,01190819.JPG,101EK113\01190819.JPG,01190819.JPG,6259848,2026-01-19 17:48:02,moved
CT14,101EK113,01190820.JPG,101EK113\01190820.JPG,01190820.JPG,6142868,2026-01-19 17:49:00,moved
CT14,101EK113,01190821.JPG,101EK113\01190821.JPG,01190821.JPG,6142896,2026-01-19 17:49:02,moved
CT14,101EK113,01190822.JPG,101EK113\01190822.JPG,01190822.JPG,6143757,2026-01-19 17:49:02,moved
CT14,101EK113,01190823.JPG,101EK113\01190823.JPG,01190823.JPG,6142937,2026-01-19 17:50:00,moved
CT14,101EK113,01190824.JPG,101EK113\01190824.JPG,01190824.JPG,6140010,2026-01-19 17:50:02,moved
CT14,101EK113,01190825.JPG,101EK113\01190825.JPG,01190825.JPG,6138681,2026-01-19 17:50:02,moved
CT14,101EK113,01190826.JPG,101EK113\01190826.JPG,01190826.JPG,6145562,2026-01-19 17:51:02,moved
CT14,101EK113,01190827.JPG,101EK113\01190827.JPG,01190827.JPG,6249070,2026-01-19 17:51:02,moved
CT14,101EK113,01190828.JPG,101EK113\01190828.JPG,01190828.JPG,6244182,2026-01-19 17:51:02,moved
CT14,101EK113,01190829.JPG,101EK113\01190829.JPG,01190829.JPG,6263503,2026-01-19 17:52:02,moved
CT14,101EK113,01190830.JPG,101EK113\01190830.JPG,01190830.JPG,6261033,2026-01-19 17:52:02,moved
CT14,101EK113,01190831.JPG,101EK113\01190831.JPG,01190831.JPG,6267803,2026-01-19 17:52:02,moved
CT14,101EK113,01190832.JPG,101EK113\01190832.JPG,01190832.JPG,6254950,2026-01-19 17:53:02,moved
CT14,101EK113,01190833.JPG,101EK113\01190833.JPG,01190833.JPG,6259277,2026-01-19 17:53:02,moved
CT14,101EK113,01190834.JPG,101EK113\01190834.JPG,01190834.JPG,6261643,2026-01-19 17:53:02,moved
CT14,101EK113,01190835.JPG,101EK113\01190835.JPG,01190835.JPG,5740327,2026-01-19 17:54:02,moved
CT14,101EK113,01190836.JPG,101EK113\01190836.JPG,01190836.JPG,5727213,2026-01-19 17:54:02,moved
CT14,101EK113,01190837.JPG,101EK113\01190837.JPG,01190837.JPG,6270327,2026-01-19 17:54:02,moved
CT14,101EK113,01190838.JPG,101EK113\01190838.JPG,01190838.JPG,5743374,2026-01-19 17:55:03,moved
CT14,101EK113,01190839.JPG,101EK113\01190839.JPG,01190839.JPG,5746869,2026-01-19 17:55:02,moved
CT14,101EK113,01190840.JPG,101EK113\01190840.JPG,01190840.JPG,5745908,2026-01-19 17:55:02,moved
CT14,101EK113,01190841.JPG,101EK113\01190841.JPG,01190841.JPG,5729254,2026-01-19 17:56:02,moved
CT14,101EK113,01190842.JPG,101EK113\01190842.JPG,01190842.JPG,5755566,2026-01-19 17:56:02,moved
CT14,101EK113,01190843.JPG,101EK113\01190843.JPG,01190843.JPG,5754769,2026-01-19 17:56:02,moved
CT14,101EK113,01190844.JPG,101EK113\01190844.JPG,01190844.JPG,5754455,2026-01-19 17:57:00,moved
CT14,101EK113,01190845.JPG,101EK113\01190845.JPG,01190845.JPG,5740470,2026-01-19 17:57:02,moved
CT14,101EK113,01190846.JPG,101EK113\01190846.JPG,01190846.JPG,5745896,2026-01-19 17:57:02,moved
CT14,101EK113,01190847.JPG,101EK113\01190847.JPG,01190847.JPG,6257743,2026-01-19 17:58:00,moved
CT14,101EK113,01190848.JPG,101EK113\01190848.JPG,01190848.JPG,6263318,2026-01-19 17:58:02,moved
CT14,101EK113,01190849.JPG,101EK113\01190849.JPG,01190849.JPG,6250861,2026-01-19 17:58:02,moved
CT14,101EK113,01190850.JPG,101EK113\01190850.JPG,01190850.JPG,6223233,2026-01-19 17:59:00,moved
CT14,101EK113,01190851.JPG,101EK113\01190851.JPG,01190851.JPG,5711463,2026-01-19 17:59:02,moved
CT14,101EK113,01190852.JPG,101EK113\01190852.JPG,01190852.JPG,5717744,2026-01-19 17:59:02,moved
CT14,101EK113,01190853.JPG,101EK113\01190853.JPG,01190853.JPG,5757161,2026-01-19 18:00:00,moved
CT14,101EK113,01190854.JPG,101EK113\01190854.JPG,01190854.JPG,5697290,2026-01-19 18:00:02,moved
CT14,101EK113,01190855.JPG,101EK113\01190855.JPG,01190855.JPG,5695262,2026-01-19 18:00:02,moved
CT14,101EK113,01190856.JPG,101EK113\01190856.JPG,01190856.JPG,6240455,2026-01-19 18:01:00,moved
CT14,101EK113,01190857.JPG,101EK113\01190857.JPG,01190857.JPG,6236544,2026-01-19 18:01:02,moved
CT14,101EK113,01190858.JPG,101EK113\01190858.JPG,01190858.JPG,6238529,2026-01-19 18:01:02,moved
CT14,101EK113,01190859.JPG,101EK113\01190859.JPG,01190859.JPG,6212848,2026-01-19 18:02:00,moved
CT14,101EK113,01190860.JPG,101EK113\01190860.JPG,01190860.JPG,6164981,2026-01-19 18:02:03,moved
CT14,101EK113,01190861.JPG,101EK113\01190861.JPG,01190861.JPG,6203233,2026-01-19 18:02:02,moved
CT14,101EK113,01190862.JPG,101EK113\01190862.JPG,01190862.JPG,6198210,2026-01-19 18:03:00,moved
CT14,101EK113,01190863.JPG,101EK113\01190863.JPG,01190863.JPG,6199443,2026-01-19 18:03:03,moved
CT14,101EK113,01190864.JPG,101EK113\01190864.JPG,01190864.JPG,6194071,2026-01-19 18:03:02,moved
CT14,101EK113,01190865.JPG,101EK113\01190865.JPG,01190865.JPG,6193260,2026-01-19 18:04:00,moved
CT14,101EK113,01190866.JPG,101EK113\01190866.JPG,01190866.JPG,6189841,2026-01-19 18:04:03,moved
CT14,101EK113,01190867.JPG,101EK113\01190867.JPG,01190867.JPG,6216648,2026-01-19 18:04:02,moved
CT14,101EK113,01190868.JPG,101EK113\01190868.JPG,01190868.JPG,6212868,2026-01-19 18:05:03,moved
CT14,101EK113,01190869.JPG,101EK113\01190869.JPG,01190869.JPG,6206673,2026-01-19 18:05:02,moved
CT14,101EK113,01190870.JPG,101EK113\01190870.JPG,01190870.JPG,6226020,2026-01-19 18:05:02,moved
CT14,101EK113,01190871.JPG,101EK113\01190871.JPG,01190871.JPG,6232982,2026-01-19 18:06:03,moved
CT14,101EK113,01190872.JPG,101EK113\01190872.JPG,01190872.JPG,6231420,2026-01-19 18:06:02,moved
CT14,101EK113,01190873.JPG,101EK113\01190873.JPG,01190873.JPG,6236147,2026-01-19 18:06:02,moved
CT14,101EK113,01190874.JPG,101EK113\01190874.JPG,01190874.JPG,6235778,2026-01-19 18:07:00,moved
CT14,101EK113,01190875.JPG,101EK113\01190875.JPG,01190875.JPG,6229312,2026-01-19 18:07:02,moved
CT14,101EK113,01190876.JPG,101EK113\01190876.JPG,01190876.JPG,6224824,2026-01-19 18:07:02,moved
CT14,101EK113,01190877.JPG,101EK113\01190877.JPG,01190877.JPG,6195340,2026-01-19 18:08:00,moved
CT14,101EK113,01190878.JPG,101EK113\01190878.JPG,01190878.JPG,6185790,2026-01-19 18:08:02,moved
CT14,101EK113,01190879.JPG,101EK113\01190879.JPG,01190879.JPG,6194741,2026-01-19 18:08:02,moved
CT14,101EK113,01190880.JPG,101EK113\01190880.JPG,01190880.JPG,6206009,2026-01-19 18:09:00,moved
CT14,101EK113,01190881.JPG,101EK113\01190881.JPG,01190881.JPG,6208616,2026-01-19 18:09:02,moved
CT14,101EK113,01190882.JPG,101EK113\01190882.JPG,01190882.JPG,6198338,2026-01-19 18:09:02,moved
CT14,101EK113,01190883.JPG,101EK113\01190883.JPG,01190883.JPG,5702918,2026-01-19 18:10:03,moved
CT14,101EK113,01190884.JPG,101EK113\01190884.JPG,01190884.JPG,6269896,2026-01-19 18:10:02,moved
CT14,101EK113,01190885.JPG,101EK113\01190885.JPG,01190885.JPG,6266510,2026-01-19 18:10:02,moved
CT14,101EK113,01190886.JPG,101EK113\01190886.JPG,01190886.JPG,5708406,2026-01-19 18:11:02,moved
CT14,101EK113,01190887.JPG,101EK113\01190887.JPG,01190887.JPG,5706470,2026-01-19 18:11:02,moved
CT14,101EK113,01190888.JPG,101EK113\01190888.JPG,01190888.JPG,5708082,2026-01-19 18:11:02,moved
CT14,101EK113,01190889.JPG,101EK113\01190889.JPG,01190889.JPG,5754880,2026-01-19 18:12:02,moved
CT14,101EK113,01190890.JPG,101EK113\01190890.JPG,01190890.JPG,5752461,2026-01-19 18:12:02,moved
CT14,101EK113,01190891.JPG,101EK113\01190891.JPG,01190891.JPG,5735740,2026-01-19 18:12:02,moved
CT14,101EK113,01190892.JPG,101EK113\01190892.JPG,01190892.JPG,5760508,2026-01-19 18:13:00,moved
CT14,101EK113,01190893.JPG,101EK113\01190893.JPG,01190893.JPG,5756066,2026-01-19 18:13:03,moved
CT14,101EK113,01190894.JPG,101EK113\01190894.JPG,01190894.JPG,5750283,2026-01-19 18:13:02,moved
CT14,101EK113,01190895.JPG,101EK113\01190895.JPG,01190895.JPG,5781019,2026-01-19 18:14:00,moved
CT14,101EK113,01190896.JPG,101EK113\01190896.JPG,01190896.JPG,5839909,2026-01-19 18:14:02,moved
CT14,101EK113,01190897.JPG,101EK113\01190897.JPG,01190897.JPG,5783934,2026-01-19 18:14:02,moved
CT14,101EK113,01190898.JPG,101EK113\01190898.JPG,01190898.JPG,5770531,2026-01-19 18:15:03,moved
CT14,101EK113,01190899.JPG,101EK113\01190899.JPG,01190899.JPG,5766969,2026-01-19 18:15:02,moved
CT14,101EK113,01190900.JPG,101EK113\01190900.JPG,01190900.JPG,5766407,2026-01-19 18:15:02,moved
CT14,101EK113,01190901.JPG,101EK113\01190901.JPG,01190901.JPG,5771191,2026-01-19 18:16:02,moved
CT14,101EK113,01190902.JPG,101EK113\01190902.JPG,01190902.JPG,5769994,2026-01-19 18:16:02,moved
CT14,101EK113,01190903.JPG,101EK113\01190903.JPG,01190903.JPG,5768045,2026-01-19 18:16:02,moved
CT14,101EK113,01190904.JPG,101EK113\01190904.JPG,01190904.JPG,5770511,2026-01-19 18:17:00,moved
CT14,101EK113,01190905.JPG,101EK113\01190905.JPG,01190905.JPG,5771327,2026-01-19 18:17:02,moved
CT14,101EK113,01190906.JPG,101EK113\01190906.JPG,01190906.JPG,5771224,2026-01-19 18:17:02,moved
CT14,101EK113,01190907.JPG,101EK113\01190907.JPG,01190907.JPG,5787215,2026-01-19 18:18:00,moved
CT14,101EK113,01190908.JPG,101EK113\01190908.JPG,01190908.JPG,5784011,2026-01-19 18:18:02,moved
CT14,101EK113,01190909.JPG,101EK113\01190909.JPG,01190909.JPG,5768102,2026-01-19 18:18:02,moved
CT14,101EK113,01190910.JPG,101EK113\01190910.JPG,01190910.JPG,5840162,2026-01-19 18:19:03,moved
CT14,101EK113,01190911.JPG,101EK113\01190911.JPG,01190911.JPG,5831845,2026-01-19 18:19:02,moved
CT14,101EK113,01190912.JPG,101EK113\01190912.JPG,01190912.JPG,5824485,2026-01-19 18:19:02,moved
CT14,101EK113,01190913.JPG,101EK113\01190913.JPG,01190913.JPG,5792967,2026-01-19 18:20:03,moved
CT14,101EK113,01190914.JPG,101EK113\01190914.JPG,01190914.JPG,5794793,2026-01-19 18:20:02,moved
CT14,101EK113,01190915.JPG,101EK113\01190915.JPG,01190915.JPG,5832718,2026-01-19 18:20:02,moved
CT14,101EK113,01190916.JPG,101EK113\01190916.JPG,01190916.JPG,5853925,2026-01-19 18:21:00,moved
CT14,101EK113,01190917.JPG,101EK113\01190917.JPG,01190917.JPG,5840313,2026-01-19 18:21:00,moved
CT14,101EK113,01190918.JPG,101EK113\01190918.JPG,01190918.JPG,5855143,2026-01-19 18:21:02,moved
CT14,101EK113,01190919.JPG,101EK113\01190919.JPG,01190919.JPG,5847985,2026-01-19 18:22:02,moved
CT14,101EK113,01190920.JPG,101EK113\01190920.JPG,01190920.JPG,5843635,2026-01-19 18:22:02,moved
CT14,101EK113,01190921.JPG,101EK113\01190921.JPG,01190921.JPG,5841194,2026-01-19 18:22:02,moved
CT14,101EK113,01190922.JPG,101EK113\01190922.JPG,01190922.JPG,5822521,2026-01-19 18:23:02,moved
CT14,101EK113,01190923.JPG,101EK113\01190923.JPG,01190923.JPG,5825085,2026-01-19 18:23:02,moved
CT14,101EK113,01190924.JPG,101EK113\01190924.JPG,01190924.JPG,5831087,2026-01-19 18:23:02,moved
CT14,101EK113,01190925.JPG,101EK113\01190925.JPG,01190925.JPG,5833717,2026-01-19 18:24:00,moved
CT14,101EK113,01190926.JPG,101EK113\01190926.JPG,01190926.JPG,5830352,2026-01-19 18:24:02,moved
CT14,101EK113,01190927.JPG,101EK113\01190927.JPG,01190927.JPG,5840833,2026-01-19 18:24:02,moved
CT14,101EK113,01190928.JPG,101EK113\01190928.JPG,01190928.JPG,5830954,2026-01-19 18:25:03,moved
CT14,101EK113,01190929.JPG,101EK113\01190929.JPG,01190929.JPG,5878624,2026-01-19 18:25:02,moved
CT14,101EK113,01190930.JPG,101EK113\01190930.JPG,01190930.JPG,5815410,2026-01-19 18:25:02,moved
CT14,101EK113,01190931.JPG,101EK113\01190931.JPG,01190931.JPG,5820567,2026-01-19 18:26:02,moved
CT14,101EK113,01190932.JPG,101EK113\01190932.JPG,01190932.JPG,5867008,2026-01-19 18:26:02,moved
CT14,101EK113,01190933.JPG,101EK113\01190933.JPG,01190933.JPG,5866479,2026-01-19 18:26:02,moved
CT14,101EK113,01190934.JPG,101EK113\01190934.JPG,01190934.JPG,5833647,2026-01-19 18:27:02,moved
CT14,101EK113,01190935.JPG,101EK113\01190935.JPG,01190935.JPG,5838147,2026-01-19 18:27:02,moved
CT14,101EK113,01190936.JPG,101EK113\01190936.JPG,01190936.JPG,5833120,2026-01-19 18:27:02,moved
CT14,101EK113,01190937.JPG,101EK113\01190937.JPG,01190937.JPG,5820280,2026-01-19 18:28:02,moved
CT14,101EK113,01190938.JPG,101EK113\01190938.JPG,01190938.JPG,5821200,2026-01-19 18:28:02,moved
CT14,101EK113,01190939.JPG,101EK113\01190939.JPG,01190939.JPG,5814496,2026-01-19 18:28:02,moved
CT14,101EK113,01190940.JPG,101EK113\01190940.JPG,01190940.JPG,5859847,2026-01-19 18:29:02,moved
CT14,101EK113,01190941.JPG,101EK113\01190941.JPG,01190941.JPG,5862508,2026-01-19 18:29:02,moved
CT14,101EK113,01190942.JPG,101EK113\01190942.JPG,01190942.JPG,5860762,2026-01-19 18:29:02,moved
CT14,101EK113,01190943.JPG,101EK113\01190943.JPG,01190943.JPG,5865670,2026-01-19 18:30:00,moved
CT14,101EK113,01190944.JPG,101EK113\01190944.JPG,01190944.JPG,5871616,2026-01-19 18:30:02,moved
CT14,101EK113,01190945.JPG,101EK113\01190945.JPG,01190945.JPG,5867189,2026-01-19 18:30:02,moved
CT14,101EK113,01190946.JPG,101EK113\01190946.JPG,01190946.JPG,5894808,2026-01-19 18:31:03,moved
CT14,101EK113,01190947.JPG,101EK113\01190947.JPG,01190947.JPG,5828518,2026-01-19 18:31:02,moved
CT14,101EK113,01190948.JPG,101EK113\01190948.JPG,01190948.JPG,5890316,2026-01-19 18:31:02,moved
CT14,101EK113,01190949.JPG,101EK113\01190949.JPG,01190949.JPG,5863450,2026-01-19 18:32:02,moved
CT14,101EK113,01190950.JPG,101EK113\01190950.JPG,01190950.JPG,5865493,2026-01-19 18:32:02,moved
CT14,101EK113,01190951.JPG,101EK113\01190951.JPG,01190951.JPG,5857222,2026-01-19 18:32:02,moved
CT14,101EK113,01190952.JPG,101EK113\01190952.JPG,01190952.JPG,5821221,2026-01-19 18:33:02,moved
CT14,101EK113,01190953.JPG,101EK113\01190953.JPG,01190953.JPG,5821952,2026-01-19 18:33:02,moved
CT14,101EK113,01190954.JPG,101EK113\01190954.JPG,01190954.JPG,5816711,2026-01-19 18:33:02,moved
CT14,101EK113,01190955.JPG,101EK113\01190955.JPG,01190955.JPG,5904293,2026-01-19 18:34:00,moved
CT14,101EK113,01190956.JPG,101EK113\01190956.JPG,01190956.JPG,5904842,2026-01-19 18:34:03,moved
CT14,101EK113,01190957.JPG,101EK113\01190957.JPG,01190957.JPG,5908767,2026-01-19 18:34:02,moved
CT14,101EK113,01190958.JPG,101EK113\01190958.JPG,01190958.JPG,5882178,2026-01-19 18:35:00,moved
CT14,101EK113,01190959.JPG,101EK113\01190959.JPG,01190959.JPG,5881315,2026-01-19 18:35:03,moved
CT14,101EK113,01190960.JPG,101EK113\01190960.JPG,01190960.JPG,5889717,2026-01-19 18:35:02,moved
CT14,101EK113,01190961.JPG,101EK113\01190961.JPG,01190961.JPG,5847315,2026-01-19 18:36:02,moved
CT14,101EK113,01190962.JPG,101EK113\01190962.JPG,01190962.JPG,5846071,2026-01-19 18:36:02,moved
CT14,101EK113,01190963.JPG,101EK113\01190963.JPG,01190963.JPG,5838089,2026-01-19 18:36:02,moved
CT14,101EK113,01190964.JPG,101EK113\01190964.JPG,01190964.JPG,5849903,2026-01-19 18:37:02,moved
CT14,101EK113,01190965.JPG,101EK113\01190965.JPG,01190965.JPG,5852311,2026-01-19 18:37:02,moved
CT14,101EK113,01190966.JPG,101EK113\01190966.JPG,01190966.JPG,5837837,2026-01-19 18:37:02,moved
CT14,101EK113,01190967.JPG,101EK113\01190967.JPG,01190967.JPG,5828236,2026-01-19 18:38:00,moved
CT14,101EK113,01190968.JPG,101EK113\01190968.JPG,01190968.JPG,5817681,2026-01-19 18:38:03,moved
CT14,101EK113,01190969.JPG,101EK113\01190969.JPG,01190969.JPG,5818906,2026-01-19 18:38:02,moved
CT14,101EK113,01190970.JPG,101EK113\01190970.JPG,01190970.JPG,5865361,2026-01-19 18:39:00,moved
CT14,101EK113,01190971.JPG,101EK113\01190971.JPG,01190971.JPG,5854826,2026-01-19 18:39:02,moved
CT14,101EK113,01190972.JPG,101EK113\01190972.JPG,01190972.JPG,5859243,2026-01-19 18:39:02,moved
CT14,101EK113,01190973.JPG,101EK113\01190973.JPG,01190973.JPG,5845818,2026-01-19 18:40:00,moved
CT14,101EK113,01190974.JPG,101EK113\01190974.JPG,01190974.JPG,5850583,2026-01-19 18:40:03,moved
CT14,101EK113,01190975.JPG,101EK113\01190975.JPG,01190975.JPG,5855847,2026-01-19 18:40:02,moved
CT14,101EK113,01190976.JPG,101EK113\01190976.JPG,01190976.JPG,5818358,2026-01-19 18:41:02,moved
CT14,101EK113,01190977.JPG,101EK113\01190977.JPG,01190977.JPG,5823019,2026-01-19 18:41:02,moved
CT14,101EK113,01190978.JPG,101EK113\01190978.JPG,01190978.JPG,5829701,2026-01-19 18:41:02,moved
CT14,101EK113,01190979.JPG,101EK113\01190979.JPG,01190979.JPG,5867054,2026-01-19 18:42:02,moved
CT14,101EK113,01190980.JPG,101EK113\01190980.JPG,01190980.JPG,5872260,2026-01-19 18:42:02,moved
CT14,101EK113,01190981.JPG,101EK113\01190981.JPG,01190981.JPG,5881074,2026-01-19 18:42:02,moved
CT14,101EK113,01190982.JPG,101EK113\01190982.JPG,01190982.JPG,5845339,2026-01-19 18:43:00,moved
CT14,101EK113,01190983.JPG,101EK113\01190983.JPG,01190983.JPG,5839908,2026-01-19 18:43:03,moved
CT14,101EK113,01190984.JPG,101EK113\01190984.JPG,01190984.JPG,5842654,2026-01-19 18:43:02,moved
CT14,101EK113,01190985.JPG,101EK113\01190985.JPG,01190985.JPG,5850017,2026-01-19 18:44:00,moved
CT14,101EK113,01190986.JPG,101EK113\01190986.JPG,01190986.JPG,5850706,2026-01-19 18:44:02,moved
CT14,101EK113,01190987.JPG,101EK113\01190987.JPG,01190987.JPG,5863554,2026-01-19 18:44:02,moved
CT14,101EK113,01190988.JPG,101EK113\01190988.JPG,01190988.JPG,5832783,2026-01-19 18:45:00,moved
CT14,101EK113,01190989.JPG,101EK113\01190989.JPG,01190989.JPG,5833249,2026-01-19 18:45:03,moved
CT14,101EK113,01190990.JPG,101EK113\01190990.JPG,01190990.JPG,5833366,2026-01-19 18:45:02,moved
CT14,101EK113,01190991.JPG,101EK113\01190991.JPG,01190991.JPG,5829971,2026-01-19 18:46:02,moved
CT14,101EK113,01190992.JPG,101EK113\01190992.JPG,01190992.JPG,5824759,2026-01-19 18:46:02,moved
CT14,101EK113,01190993.JPG,101EK113\01190993.JPG,01190993.JPG,5820444,2026-01-19 18:46:02,moved
CT14,101EK113,01190994.JPG,101EK113\01190994.JPG,01190994.JPG,5834737,2026-01-19 18:47:00,moved
CT14,101EK113,01190995.JPG,101EK113\01190995.JPG,01190995.JPG,5835044,2026-01-19 18:47:03,moved
CT14,101EK113,01190996.JPG,101EK113\01190996.JPG,01190996.JPG,5839189,2026-01-19 18:47:02,moved
CT14,101EK113,01190997.JPG,101EK113\01190997.JPG,01190997.JPG,5963799,2026-01-19 18:48:00,moved
CT14,101EK113,01190998.JPG,101EK113\01190998.JPG,01190998.JPG,5808063,2026-01-19 18:48:02,moved
CT14,101EK113,01190999.JPG,101EK113\01190999.JPG,01190999.JPG,5964871,2026-01-19 18:48:02,moved
CT14,102EK113,01190001.JPG,102EK113\01190001.JPG,01190001.JPG,5804927,2026-01-19 18:49:03,moved
CT14,102EK113,01190002.JPG,102EK113\01190002.JPG,01190002.JPG,5835723,2026-01-19 18:49:02,moved
CT14,102EK113,01190003.JPG,102EK113\01190003.JPG,01190003.JPG,5835655,2026-01-19 18:49:02,moved
CT14,102EK113,01190004.JPG,102EK113\01190004.JPG,01190004.JPG,5778361,2026-01-19 18:50:00,moved
CT14,102EK113,01190005.JPG,102EK113\01190005.JPG,01190005.JPG,5969276,2026-01-19 18:50:02,moved
CT14,102EK113,01190006.JPG,102EK113\01190006.JPG,01190006.JPG,5818200,2026-01-19 18:50:02,moved
CT14,102EK113,01190007.JPG,102EK113\01190007.JPG,01190007.JPG,5790650,2026-01-19 18:51:00,moved
CT14,102EK113,01190008.JPG,102EK113\01190008.JPG,01190008.JPG,5975997,2026-01-19 18:51:03,moved
CT14,102EK113,01190009.JPG,102EK113\01190009.JPG,01190009.JPG,5986352,2026-01-19 18:51:02,moved
CT14,102EK113,01190010.JPG,102EK113\01190010.JPG,01190010.JPG,5977536,2026-01-19 18:52:00,moved
CT14,102EK113,01190011.JPG,102EK113\01190011.JPG,01190011.JPG,5837641,2026-01-19 18:52:02,moved
CT14,102EK113,01190012.JPG,102EK113\01190012.JPG,01190012.JPG,5828863,2026-01-19 18:52:02,moved
CT14,102EK113,01190013.JPG,102EK113\01190013.JPG,01190013.JPG,5819343,2026-01-19 18:53:00,moved
CT14,102EK113,01190014.JPG,102EK113\01190014.JPG,01190014.JPG,5813619,2026-01-19 18:53:03,moved
CT14,102EK113,01190015.JPG,102EK113\01190015.JPG,01190015.JPG,5818372,2026-01-19 18:53:02,moved
CT14,102EK113,01190016.JPG,102EK113\01190016.JPG,01190016.JPG,5971689,2026-01-19 18:54:02,moved
CT14,102EK113,01190017.JPG,102EK113\01190017.JPG,01190017.JPG,5969343,2026-01-19 18:54:02,moved
CT14,102EK113,01190018.JPG,102EK113\01190018.JPG,01190018.JPG,5969307,2026-01-19 18:54:02,moved
CT14,102EK113,01190019.JPG,102EK113\01190019.JPG,01190019.JPG,5865689,2026-01-19 18:55:00,moved
CT14,102EK113,01190020.JPG,102EK113\01190020.JPG,01190020.JPG,5857834,2026-01-19 18:55:02,moved
CT14,102EK113,01190021.JPG,102EK113\01190021.JPG,01190021.JPG,5864782,2026-01-19 18:55:02,moved
CT14,102EK113,01190022.JPG,102EK113\01190022.JPG,01190022.JPG,5851100,2026-01-19 18:56:00,moved
CT14,102EK113,01190023.JPG,102EK113\01190023.JPG,01190023.JPG,5846014,2026-01-19 18:56:02,moved
CT14,102EK113,01190024.JPG,102EK113\01190024.JPG,01190024.JPG,5850176,2026-01-19 18:56:02,moved
CT14,102EK113,01190025.JPG,102EK113\01190025.JPG,01190025.JPG,5837064,2026-01-19 18:57:03,moved
CT14,102EK113,01190026.JPG,102EK113\01190026.JPG,01190026.JPG,5982289,2026-01-19 18:57:02,moved
CT14,102EK113,01190027.JPG,102EK113\01190027.JPG,01190027.JPG,5831407,2026-01-19 18:57:02,moved
CT14,102EK113,01190028.JPG,102EK113\01190028.JPG,01190028.JPG,5826947,2026-01-19 18:58:00,moved
CT14,102EK113,01190029.JPG,102EK113\01190029.JPG,01190029.JPG,5814742,2026-01-19 18:58:03,moved
CT14,102EK113,01190030.JPG,102EK113\01190030.JPG,01190030.JPG,5826547,2026-01-19 18:58:02,moved
CT14,102EK113,01190031.JPG,102EK113\01190031.JPG,01190031.JPG,5961274,2026-01-19 18:59:02,moved
CT14,102EK113,01190032.JPG,102EK113\01190032.JPG,01190032.JPG,5815373,2026-01-19 18:59:02,moved
CT14,102EK113,01190033.JPG,102EK113\01190033.JPG,01190033.JPG,5815168,2026-01-19 18:59:02,moved
CT14,102EK113,01190034.JPG,102EK113\01190034.JPG,01190034.JPG,5803207,2026-01-19 19:00:02,moved
CT14,102EK113,01190035.JPG,102EK113\01190035.JPG,01190035.JPG,5954204,2026-01-19 19:00:02,moved
CT14,102EK113,01190036.JPG,102EK113\01190036.JPG,01190036.JPG,5955745,2026-01-19 19:00:02,moved
CT14,102EK113,01190037.JPG,102EK113\01190037.JPG,01190037.JPG,5800724,2026-01-19 19:01:02,moved
CT14,102EK113,01190038.JPG,102EK113\01190038.JPG,01190038.JPG,5799770,2026-01-19 19:01:02,moved
CT14,102EK113,01190039.JPG,102EK113\01190039.JPG,01190039.JPG,5808963,2026-01-19 19:01:02,moved
CT14,102EK113,01190040.JPG,102EK113\01190040.JPG,01190040.JPG,5772740,2026-01-19 19:02:00,moved
CT14,102EK113,01190041.JPG,102EK113\01190041.JPG,01190041.JPG,6228039,2026-01-19 19:02:03,moved
CT14,102EK113,01190042.JPG,102EK113\01190042.JPG,01190042.JPG,5877284,2026-01-19 19:02:02,moved
CT14,102EK113,01190043.JPG,102EK113\01190043.JPG,01190043.JPG,5889779,2026-01-19 19:03:00,moved
CT14,102EK113,01190044.JPG,102EK113\01190044.JPG,01190044.JPG,5892575,2026-01-19 19:03:03,moved
CT14,102EK113,01190045.JPG,102EK113\01190045.JPG,01190045.JPG,5869151,2026-01-19 19:03:02,moved
CT14,102EK113,01190046.JPG,102EK113\01190046.JPG,01190046.JPG,5871560,2026-01-19 19:04:00,moved
CT14,102EK113,01190047.JPG,102EK113\01190047.JPG,01190047.JPG,5873634,2026-01-19 19:04:00,moved
CT14,102EK113,01190048.JPG,102EK113\01190048.JPG,01190048.JPG,5848889,2026-01-19 19:04:02,moved
CT14,102EK113,01190049.JPG,102EK113\01190049.JPG,01190049.JPG,6173204,2026-01-19 19:05:02,moved
CT14,102EK113,01190050.JPG,102EK113\01190050.JPG,01190050.JPG,6230797,2026-01-19 19:05:02,moved
CT14,102EK113,01190051.JPG,102EK113\01190051.JPG,01190051.JPG,6203054,2026-01-19 19:05:02,moved
CT14,102EK113,01190052.JPG,102EK113\01190052.JPG,01190052.JPG,6256866,2026-01-19 19:06:02,moved
CT14,102EK113,01190053.JPG,102EK113\01190053.JPG,01190053.JPG,6262554,2026-01-19 19:06:02,moved
CT14,102EK113,01190054.JPG,102EK113\01190054.JPG,01190054.JPG,6223300,2026-01-19 19:06:02,moved
CT14,102EK113,01190055.JPG,102EK113\01190055.JPG,01190055.JPG,6259630,2026-01-19 19:07:00,moved
CT14,102EK113,01190056.JPG,102EK113\01190056.JPG,01190056.JPG,5925003,2026-01-19 19:07:03,moved
CT14,102EK113,01190057.JPG,102EK113\01190057.JPG,01190057.JPG,6227774,2026-01-19 19:07:02,moved
CT14,102EK113,01190058.JPG,102EK113\01190058.JPG,01190058.JPG,6259346,2026-01-19 19:08:02,moved
CT14,102EK113,01190059.JPG,102EK113\01190059.JPG,01190059.JPG,6255883,2026-01-19 19:08:02,moved
CT14,102EK113,01190060.JPG,102EK113\01190060.JPG,01190060.JPG,6256243,2026-01-19 19:08:02,moved
CT14,102EK113,01190061.JPG,102EK113\01190061.JPG,01190061.JPG,6246756,2026-01-19 19:09:00,moved
CT14,102EK113,01190062.JPG,102EK113\01190062.JPG,01190062.JPG,6221287,2026-01-19 19:09:02,moved
CT14,102EK113,01190063.JPG,102EK113\01190063.JPG,01190063.JPG,6261236,2026-01-19 19:09:02,moved
CT14,102EK113,01190064.JPG,102EK113\01190064.JPG,01190064.JPG,6250307,2026-01-19 19:10:00,moved
CT14,102EK113,01190065.JPG,102EK113\01190065.JPG,01190065.JPG,6251360,2026-01-19 19:10:00,moved
CT14,102EK113,01190066.JPG,102EK113\01190066.JPG,01190066.JPG,6243979,2026-01-19 19:10:02,moved
CT14,102EK113,01190067.JPG,102EK113\01190067.JPG,01190067.JPG,5798401,2026-01-19 19:11:02,moved
CT14,102EK113,01190068.JPG,102EK113\01190068.JPG,01190068.JPG,5792463,2026-01-19 19:11:02,moved
CT14,102EK113,01190069.JPG,102EK113\01190069.JPG,01190069.JPG,5793376,2026-01-19 19:11:02,moved
CT14,102EK113,01190070.JPG,102EK113\01190070.JPG,01190070.JPG,6239100,2026-01-19 19:12:02,moved
CT14,102EK113,01190071.JPG,102EK113\01190071.JPG,01190071.JPG,6268799,2026-01-19 19:12:02,moved
CT14,102EK113,01190072.JPG,102EK113\01190072.JPG,01190072.JPG,6268163,2026-01-19 19:12:02,moved
CT14,102EK113,01190073.JPG,102EK113\01190073.JPG,01190073.JPG,5839509,2026-01-19 19:13:03,moved
CT14,102EK113,01190074.JPG,102EK113\01190074.JPG,01190074.JPG,5833881,2026-01-19 19:13:02,moved
CT14,102EK113,01190075.JPG,102EK113\01190075.JPG,01190075.JPG,5860476,2026-01-19 19:13:02,moved
CT14,102EK113,01190076.JPG,102EK113\01190076.JPG,01190076.JPG,6254426,2026-01-19 19:14:00,moved
CT14,102EK113,01190077.JPG,102EK113\01190077.JPG,01190077.JPG,5812747,2026-01-19 19:14:03,moved
CT14,102EK113,01190078.JPG,102EK113\01190078.JPG,01190078.JPG,5800842,2026-01-19 19:14:02,moved
CT14,102EK113,01190079.JPG,102EK113\01190079.JPG,01190079.JPG,5707651,2026-01-19 19:15:02,moved
CT14,102EK113,01190080.JPG,102EK113\01190080.JPG,01190080.JPG,6229717,2026-01-19 19:15:02,moved
CT14,102EK113,01190081.JPG,102EK113\01190081.JPG,01190081.JPG,6234552,2026-01-19 19:15:02,moved
CT14,102EK113,01190082.JPG,102EK113\01190082.JPG,01190082.JPG,5766173,2026-01-19 19:16:03,moved
CT14,102EK113,01190083.JPG,102EK113\01190083.JPG,01190083.JPG,5819427,2026-01-19 19:16:02,moved
CT14,102EK113,01190084.JPG,102EK113\01190084.JPG,01190084.JPG,5824390,2026-01-19 19:16:02,moved
CT14,102EK113,01190085.JPG,102EK113\01190085.JPG,01190085.JPG,5777278,2026-01-19 19:17:03,moved
CT14,102EK113,01190086.JPG,102EK113\01190086.JPG,01190086.JPG,5773570,2026-01-19 19:17:02,moved
CT14,102EK113,01190087.JPG,102EK113\01190087.JPG,01190087.JPG,5849420,2026-01-19 19:17:02,moved
CT14,102EK113,01190088.JPG,102EK113\01190088.JPG,01190088.JPG,5871659,2026-01-19 19:18:00,moved
CT14,102EK113,01190089.JPG,102EK113\01190089.JPG,01190089.JPG,5859582,2026-01-19 19:18:03,moved
CT14,102EK113,01190090.JPG,102EK113\01190090.JPG,01190090.JPG,5852575,2026-01-19 19:18:02,moved
CT14,102EK113,01190091.JPG,102EK113\01190091.JPG,01190091.JPG,5818865,2026-01-19 19:19:02,moved
CT14,102EK113,01190092.JPG,102EK113\01190092.JPG,01190092.JPG,5815645,2026-01-19 19:19:02,moved
CT14,102EK113,01190093.JPG,102EK113\01190093.JPG,01190093.JPG,5758261,2026-01-19 19:19:02,moved
CT14,102EK113,01190094.JPG,102EK113\01190094.JPG,01190094.JPG,5822035,2026-01-19 19:20:03,moved
CT14,102EK113,01190095.JPG,102EK113\01190095.JPG,01190095.JPG,5890822,2026-01-19 19:20:02,moved
CT14,102EK113,01190096.JPG,102EK113\01190096.JPG,01190096.JPG,5831298,2026-01-19 19:20:02,moved
CT14,102EK113,01190097.JPG,102EK113\01190097.JPG,01190097.JPG,5815319,2026-01-19 19:21:03,moved
CT14,102EK113,01190098.JPG,102EK113\01190098.JPG,01190098.JPG,5819716,2026-01-19 19:21:02,moved
CT14,102EK113,01190099.JPG,102EK113\01190099.JPG,01190099.JPG,5813319,2026-01-19 19:21:02,moved
CT14,102EK113,01190100.JPG,102EK113\01190100.JPG,01190100.JPG,5775074,2026-01-19 19:22:02,moved
CT14,102EK113,01190101.JPG,102EK113\01190101.JPG,01190101.JPG,5768812,2026-01-19 19:22:02,moved
CT14,102EK113,01190102.JPG,102EK113\01190102.JPG,01190102.JPG,5773408,2026-01-19 19:22:02,moved
CT14,102EK113,01190103.JPG,102EK113\01190103.JPG,01190103.JPG,5768329,2026-01-19 19:23:02,moved
CT14,102EK113,01190104.JPG,102EK113\01190104.JPG,01190104.JPG,5769678,2026-01-19 19:23:02,moved
CT14,102EK113,01190105.JPG,102EK113\01190105.JPG,01190105.JPG,5767518,2026-01-19 19:23:02,moved
CT14,102EK113,01190106.JPG,102EK113\01190106.JPG,01190106.JPG,6203095,2026-01-19 19:24:00,moved
CT14,102EK113,01190107.JPG,102EK113\01190107.JPG,01190107.JPG,5767402,2026-01-19 19:24:02,moved
CT14,102EK113,01190108.JPG,102EK113\01190108.JPG,01190108.JPG,6197650,2026-01-19 19:24:02,moved
CT14,102EK113,01190109.JPG,102EK113\01190109.JPG,01190109.JPG,6220166,2026-01-19 19:25:00,moved
CT14,102EK113,01190110.JPG,102EK113\01190110.JPG,01190110.JPG,5785968,2026-01-19 19:25:03,moved
CT14,102EK113,01190111.JPG,102EK113\01190111.JPG,01190111.JPG,5788644,2026-01-19 19:25:02,moved
CT14,102EK113,01190112.JPG,102EK113\01190112.JPG,01190112.JPG,5780479,2026-01-19 19:26:00,moved
CT14,102EK113,01190113.JPG,102EK113\01190113.JPG,01190113.JPG,5775741,2026-01-19 19:26:03,moved
CT14,102EK113,01190114.JPG,102EK113\01190114.JPG,01190114.JPG,6190451,2026-01-19 19:26:02,moved
CT14,102EK113,01190115.JPG,102EK113\01190115.JPG,01190115.JPG,5795205,2026-01-19 19:27:02,moved
CT14,102EK113,01190116.JPG,102EK113\01190116.JPG,01190116.JPG,5798155,2026-01-19 19:27:02,moved
CT14,102EK113,01190117.JPG,102EK113\01190117.JPG,01190117.JPG,5794197,2026-01-19 19:27:02,moved
CT14,102EK113,01190118.JPG,102EK113\01190118.JPG,01190118.JPG,6214393,2026-01-19 19:28:02,moved
CT14,102EK113,01190119.JPG,102EK113\01190119.JPG,01190119.JPG,6214303,2026-01-19 19:28:02,moved
CT14,102EK113,01190120.JPG,102EK113\01190120.JPG,01190120.JPG,6209636,2026-01-19 19:28:02,moved
CT14,102EK113,01190121.JPG,102EK113\01190121.JPG,01190121.JPG,5765620,2026-01-19 19:29:00,moved
CT14,102EK113,01190122.JPG,102EK113\01190122.JPG,01190122.JPG,5764144,2026-01-19 19:29:02,moved
CT14,102EK113,01190123.JPG,102EK113\01190123.JPG,01190123.JPG,5762967,2026-01-19 19:29:02,moved
CT14,102EK113,01190124.JPG,102EK113\01190124.JPG,01190124.JPG,5755918,2026-01-19 19:30:00,moved
CT14,102EK113,01190125.JPG,102EK113\01190125.JPG,01190125.JPG,5754997,2026-01-19 19:30:03,moved
CT14,102EK113,01190126.JPG,102EK113\01190126.JPG,01190126.JPG,5752497,2026-01-19 19:30:02,moved
CT14,102EK113,01190127.JPG,102EK113\01190127.JPG,01190127.JPG,5779804,2026-01-19 19:31:03,moved
CT14,102EK113,01190128.JPG,102EK113\01190128.JPG,01190128.JPG,5791832,2026-01-19 19:31:02,moved
CT14,102EK113,01190129.JPG,102EK113\01190129.JPG,01190129.JPG,6202004,2026-01-19 19:31:02,moved
CT14,102EK113,01190130.JPG,102EK113\01190130.JPG,01190130.JPG,6196623,2026-01-19 19:32:00,moved
CT14,102EK113,01190131.JPG,102EK113\01190131.JPG,01190131.JPG,5777258,2026-01-19 19:32:03,moved
CT14,102EK113,01190132.JPG,102EK113\01190132.JPG,01190132.JPG,5772005,2026-01-19 19:32:02,moved
CT14,102EK113,01190133.JPG,102EK113\01190133.JPG,01190133.JPG,5823490,2026-01-19 19:33:03,moved
CT14,102EK113,01190134.JPG,102EK113\01190134.JPG,01190134.JPG,5823413,2026-01-19 19:33:02,moved
CT14,102EK113,01190135.JPG,102EK113\01190135.JPG,01190135.JPG,5816083,2026-01-19 19:33:02,moved
CT14,102EK113,01190136.JPG,102EK113\01190136.JPG,01190136.JPG,5829054,2026-01-19 19:34:00,moved
CT14,102EK113,01190137.JPG,102EK113\01190137.JPG,01190137.JPG,5812650,2026-01-19 19:34:02,moved
CT14,102EK113,01190138.JPG,102EK113\01190138.JPG,01190138.JPG,5800080,2026-01-19 19:34:02,moved
CT14,102EK113,01190139.JPG,102EK113\01190139.JPG,01190139.JPG,6242355,2026-01-19 19:35:00,moved
CT14,102EK113,01190140.JPG,102EK113\01190140.JPG,01190140.JPG,5827412,2026-01-19 19:35:02,moved
CT14,102EK113,01190141.JPG,102EK113\01190141.JPG,01190141.JPG,6246786,2026-01-19 19:35:02,moved
CT14,102EK113,01190142.JPG,102EK113\01190142.JPG,01190142.JPG,5796063,2026-01-19 19:36:03,moved
CT14,102EK113,01190143.JPG,102EK113\01190143.JPG,01190143.JPG,5799537,2026-01-19 19:36:02,moved
CT14,102EK113,01190144.JPG,102EK113\01190144.JPG,01190144.JPG,5803760,2026-01-19 19:36:02,moved
CT14,102EK113,01190145.JPG,102EK113\01190145.JPG,01190145.JPG,5803191,2026-01-19 19:37:03,moved
CT14,102EK113,01190146.JPG,102EK113\01190146.JPG,01190146.JPG,5797991,2026-01-19 19:37:02,moved
CT14,102EK113,01190147.JPG,102EK113\01190147.JPG,01190147.JPG,5801543,2026-01-19 19:37:02,moved
CT14,102EK113,01190148.JPG,102EK113\01190148.JPG,01190148.JPG,5756867,2026-01-19 19:38:00,moved
CT14,102EK113,01190149.JPG,102EK113\01190149.JPG,01190149.JPG,6195471,2026-01-19 19:38:03,moved
CT14,102EK113,01190150.JPG,102EK113\01190150.JPG,01190150.JPG,5765543,2026-01-19 19:38:02,moved
CT14,102EK113,01190151.JPG,102EK113\01190151.JPG,01190151.JPG,5746801,2026-01-19 19:39:02,moved
CT14,102EK113,01190152.JPG,102EK113\01190152.JPG,01190152.JPG,5807025,2026-01-19 19:39:02,moved
CT14,102EK113,01190153.JPG,102EK113\01190153.JPG,01190153.JPG,5793430,2026-01-19 19:39:02,moved
CT14,102EK113,01190154.JPG,102EK113\01190154.JPG,01190154.JPG,6223244,2026-01-19 19:40:02,moved
CT14,102EK113,01190155.JPG,102EK113\01190155.JPG,01190155.JPG,5812998,2026-01-19 19:40:02,moved
CT14,102EK113,01190156.JPG,102EK113\01190156.JPG,01190156.JPG,6226119,2026-01-19 19:40:02,moved
CT14,102EK113,01190157.JPG,102EK113\01190157.JPG,01190157.JPG,6227748,2026-01-19 19:41:00,moved
CT14,102EK113,01190158.JPG,102EK113\01190158.JPG,01190158.JPG,6219283,2026-01-19 19:41:02,moved
CT14,102EK113,01190159.JPG,102EK113\01190159.JPG,01190159.JPG,5797675,2026-01-19 19:41:02,moved
CT14,102EK113,01190160.JPG,102EK113\01190160.JPG,01190160.JPG,6191583,2026-01-19 19:42:02,moved
CT14,102EK113,01190161.JPG,102EK113\01190161.JPG,01190161.JPG,6190286,2026-01-19 19:42:02,moved
CT14,102EK113,01190162.JPG,102EK113\01190162.JPG,01190162.JPG,6083685,2026-01-19 19:42:02,moved
CT14,102EK113,01190163.JPG,102EK113\01190163.JPG,01190163.JPG,6233749,2026-01-19 19:43:00,moved
CT14,102EK113,01190164.JPG,102EK113\01190164.JPG,01190164.JPG,6236167,2026-01-19 19:43:03,moved
CT14,102EK113,01190165.JPG,102EK113\01190165.JPG,01190165.JPG,6114561,2026-01-19 19:43:02,moved
CT14,102EK113,01190166.JPG,102EK113\01190166.JPG,01190166.JPG,6121107,2026-01-19 19:44:02,moved
CT14,102EK113,01190167.JPG,102EK113\01190167.JPG,01190167.JPG,6120962,2026-01-19 19:44:02,moved
CT14,102EK113,01190168.JPG,102EK113\01190168.JPG,01190168.JPG,6099547,2026-01-19 19:44:02,moved
CT14,102EK113,01190169.JPG,102EK113\01190169.JPG,01190169.JPG,6099268,2026-01-19 19:45:02,moved
CT14,102EK113,01190170.JPG,102EK113\01190170.JPG,01190170.JPG,6239795,2026-01-19 19:45:02,moved
CT14,102EK113,01190171.JPG,102EK113\01190171.JPG,01190171.JPG,6118220,2026-01-19 19:45:02,moved
CT14,102EK113,01190172.JPG,102EK113\01190172.JPG,01190172.JPG,6097667,2026-01-19 19:46:02,moved
CT14,102EK113,01190173.JPG,102EK113\01190173.JPG,01190173.JPG,6095258,2026-01-19 19:46:02,moved
CT14,102EK113,01190174.JPG,102EK113\01190174.JPG,01190174.JPG,6226040,2026-01-19 19:46:02,moved
CT14,102EK113,01190175.JPG,102EK113\01190175.JPG,01190175.JPG,6248248,2026-01-19 19:47:02,moved
CT14,102EK113,01190176.JPG,102EK113\01190176.JPG,01190176.JPG,6257991,2026-01-19 19:47:02,moved
CT14,102EK113,01190177.JPG,102EK113\01190177.JPG,01190177.JPG,6255545,2026-01-19 19:47:02,moved
CT14,102EK113,01190178.JPG,102EK113\01190178.JPG,01190178.JPG,6134676,2026-01-19 19:48:00,moved
CT14,102EK113,01190179.JPG,102EK113\01190179.JPG,01190179.JPG,6247802,2026-01-19 19:48:02,moved
CT14,102EK113,01190180.JPG,102EK113\01190180.JPG,01190180.JPG,6246355,2026-01-19 19:48:02,moved
CT14,102EK113,01190181.JPG,102EK113\01190181.JPG,01190181.JPG,6162027,2026-01-19 19:49:00,moved
CT14,102EK113,01190182.JPG,102EK113\01190182.JPG,01190182.JPG,5746519,2026-01-19 19:49:00,moved
CT14,102EK113,01190183.JPG,102EK113\01190183.JPG,01190183.JPG,5758198,2026-01-19 19:49:02,moved
CT14,102EK113,01190184.JPG,102EK113\01190184.JPG,01190184.JPG,6202259,2026-01-19 19:50:02,moved
CT14,102EK113,01190185.JPG,102EK113\01190185.JPG,01190185.JPG,6203504,2026-01-19 19:50:02,moved
CT14,102EK113,01190186.JPG,102EK113\01190186.JPG,01190186.JPG,5777638,2026-01-19 19:50:02,moved
CT14,102EK113,01190187.JPG,102EK113\01190187.JPG,01190187.JPG,5765077,2026-01-19 19:51:00,moved
CT14,102EK113,01190188.JPG,102EK113\01190188.JPG,01190188.JPG,5771764,2026-01-19 19:51:02,moved
CT14,102EK113,01190189.JPG,102EK113\01190189.JPG,01190189.JPG,6193618,2026-01-19 19:51:02,moved
CT14,102EK113,01190190.JPG,102EK113\01190190.JPG,01190190.JPG,5800466,2026-01-19 19:52:00,moved
CT14,102EK113,01190191.JPG,102EK113\01190191.JPG,01190191.JPG,5792477,2026-01-19 19:52:02,moved
CT14,102EK113,01190192.JPG,102EK113\01190192.JPG,01190192.JPG,6224899,2026-01-19 19:52:02,moved
CT14,102EK113,01190193.JPG,102EK113\01190193.JPG,01190193.JPG,6218218,2026-01-19 19:53:02,moved
CT14,102EK113,01190194.JPG,102EK113\01190194.JPG,01190194.JPG,6218385,2026-01-19 19:53:02,moved
CT14,102EK113,01190195.JPG,102EK113\01190195.JPG,01190195.JPG,6213109,2026-01-19 19:53:02,moved
CT14,102EK113,01190196.JPG,102EK113\01190196.JPG,01190196.JPG,6043128,2026-01-19 19:54:00,moved
CT14,102EK113,01190197.JPG,102EK113\01190197.JPG,01190197.JPG,6168147,2026-01-19 19:54:02,moved
CT14,102EK113,01190198.JPG,102EK113\01190198.JPG,01190198.JPG,6183041,2026-01-19 19:54:02,moved
CT14,102EK113,01190199.JPG,102EK113\01190199.JPG,01190199.JPG,6009541,2026-01-19 19:55:02,moved
CT14,102EK113,01190200.JPG,102EK113\01190200.JPG,01190200.JPG,6149917,2026-01-19 19:55:02,moved
CT14,102EK113,01190201.JPG,102EK113\01190201.JPG,01190201.JPG,6170970,2026-01-19 19:55:02,moved
CT14,102EK113,01190202.JPG,102EK113\01190202.JPG,01190202.JPG,6010142,2026-01-19 19:56:00,moved
CT14,102EK113,01190203.JPG,102EK113\01190203.JPG,01190203.JPG,6010668,2026-01-19 19:56:02,moved
CT14,102EK113,01190204.JPG,102EK113\01190204.JPG,01190204.JPG,6144241,2026-01-19 19:56:02,moved
CT14,102EK113,01190205.JPG,102EK113\01190205.JPG,01190205.JPG,6027783,2026-01-19 19:57:02,moved
CT14,102EK113,01190206.JPG,102EK113\01190206.JPG,01190206.JPG,6154801,2026-01-19 19:57:02,moved
CT14,102EK113,01190207.JPG,102EK113\01190207.JPG,01190207.JPG,6010636,2026-01-19 19:57:02,moved
CT14,102EK113,01190208.JPG,102EK113\01190208.JPG,01190208.JPG,6021776,2026-01-19 19:58:00,moved
CT14,102EK113,01190209.JPG,102EK113\01190209.JPG,01190209.JPG,6021496,2026-01-19 19:58:03,moved
CT14,102EK113,01190210.JPG,102EK113\01190210.JPG,01190210.JPG,6018252,2026-01-19 19:58:02,moved
CT14,102EK113,01190211.JPG,102EK113\01190211.JPG,01190211.JPG,6040994,2026-01-19 19:59:03,moved
CT14,102EK113,01190212.JPG,102EK113\01190212.JPG,01190212.JPG,6036284,2026-01-19 19:59:02,moved
CT14,102EK113,01190213.JPG,102EK113\01190213.JPG,01190213.JPG,6018750,2026-01-19 19:59:02,moved
CT14,102EK113,01190214.JPG,102EK113\01190214.JPG,01190214.JPG,6030238,2026-01-19 20:00:00,moved
CT14,102EK113,01190215.JPG,102EK113\01190215.JPG,01190215.JPG,6029278,2026-01-19 20:00:02,moved
CT14,102EK113,01190216.JPG,102EK113\01190216.JPG,01190216.JPG,6035893,2026-01-19 20:00:02,moved
CT14,102EK113,01190217.JPG,102EK113\01190217.JPG,01190217.JPG,6069028,2026-01-19 20:01:00,moved
CT14,102EK113,01190218.JPG,102EK113\01190218.JPG,01190218.JPG,6104618,2026-01-19 20:01:02,moved
CT14,102EK113,01190219.JPG,102EK113\01190219.JPG,01190219.JPG,6075293,2026-01-19 20:01:02,moved
CT14,102EK113,01190220.JPG,102EK113\01190220.JPG,01190220.JPG,6104033,2026-01-19 20:02:00,moved
CT14,102EK113,01190221.JPG,102EK113\01190221.JPG,01190221.JPG,6097504,2026-01-19 20:02:03,moved
CT14,102EK113,01190222.JPG,102EK113\01190222.JPG,01190222.JPG,6076967,2026-01-19 20:02:02,moved
CT14,102EK113,01190223.JPG,102EK113\01190223.JPG,01190223.JPG,6103113,2026-01-19 20:03:00,moved
CT14,102EK113,01190224.JPG,102EK113\01190224.JPG,01190224.JPG,6060393,2026-01-19 20:03:03,moved
CT14,102EK113,01190225.JPG,102EK113\01190225.JPG,01190225.JPG,6120322,2026-01-19 20:03:02,moved
CT14,102EK113,01190226.JPG,102EK113\01190226.JPG,01190226.JPG,6056245,2026-01-19 20:04:00,moved
CT14,102EK113,01190227.JPG,102EK113\01190227.JPG,01190227.JPG,6082290,2026-01-19 20:04:02,moved
CT14,102EK113,01190228.JPG,102EK113\01190228.JPG,01190228.JPG,6053888,2026-01-19 20:04:02,moved
CT14,102EK113,01190229.JPG,102EK113\01190229.JPG,01190229.JPG,6065326,2026-01-19 20:05:00,moved
CT14,102EK113,01190230.JPG,102EK113\01190230.JPG,01190230.JPG,6083118,2026-01-19 20:05:00,moved
CT14,102EK113,01190231.JPG,102EK113\01190231.JPG,01190231.JPG,6077322,2026-01-19 20:05:02,moved
CT14,102EK113,01190232.JPG,102EK113\01190232.JPG,01190232.JPG,6056772,2026-01-19 20:06:00,moved
CT14,102EK113,01190233.JPG,102EK113\01190233.JPG,01190233.JPG,6063610,2026-01-19 20:06:02,moved
CT14,102EK113,01190234.JPG,102EK113\01190234.JPG,01190234.JPG,6068037,2026-01-19 20:06:02,moved
CT14,102EK113,01190235.JPG,102EK113\01190235.JPG,01190235.JPG,6056493,2026-01-19 20:07:02,moved
CT14,102EK113,01190236.JPG,102EK113\01190236.JPG,01190236.JPG,5907783,2026-01-19 20:07:02,moved
CT14,102EK113,01190237.JPG,102EK113\01190237.JPG,01190237.JPG,6056261,2026-01-19 20:07:02,moved
CT14,102EK113,01190238.JPG,102EK113\01190238.JPG,01190238.JPG,5896505,2026-01-19 20:08:00,moved
CT14,102EK113,01190239.JPG,102EK113\01190239.JPG,01190239.JPG,5895128,2026-01-19 20:08:03,moved
CT14,102EK113,01190240.JPG,102EK113\01190240.JPG,01190240.JPG,6062618,2026-01-19 20:08:02,moved
CT14,102EK113,01190241.JPG,102EK113\01190241.JPG,01190241.JPG,5853146,2026-01-19 20:09:03,moved
CT14,102EK113,01190242.JPG,102EK113\01190242.JPG,01190242.JPG,5865802,2026-01-19 20:09:02,moved
CT14,102EK113,01190243.JPG,102EK113\01190243.JPG,01190243.JPG,5857415,2026-01-19 20:09:02,moved
CT14,102EK113,01190244.JPG,102EK113\01190244.JPG,01190244.JPG,5828027,2026-01-19 20:10:00,moved
CT14,102EK113,01190245.JPG,102EK113\01190245.JPG,01190245.JPG,5829639,2026-01-19 20:10:00,moved
CT14,102EK113,01190246.JPG,102EK113\01190246.JPG,01190246.JPG,5830091,2026-01-19 20:10:02,moved
CT14,102EK113,01190247.JPG,102EK113\01190247.JPG,01190247.JPG,5832739,2026-01-19 20:11:03,moved
CT14,102EK113,01190248.JPG,102EK113\01190248.JPG,01190248.JPG,5864542,2026-01-19 20:11:02,moved
CT14,102EK113,01190249.JPG,102EK113\01190249.JPG,01190249.JPG,5880520,2026-01-19 20:11:02,moved
CT14,102EK113,01190250.JPG,102EK113\01190250.JPG,01190250.JPG,5835961,2026-01-19 20:12:00,moved
CT14,102EK113,01190251.JPG,102EK113\01190251.JPG,01190251.JPG,5840534,2026-01-19 20:12:00,moved
CT14,102EK113,01190252.JPG,102EK113\01190252.JPG,01190252.JPG,6011283,2026-01-19 20:12:02,moved
CT14,102EK113,01190253.JPG,102EK113\01190253.JPG,01190253.JPG,5852935,2026-01-19 20:13:00,moved
CT14,102EK113,01190254.JPG,102EK113\01190254.JPG,01190254.JPG,5856591,2026-01-19 20:13:03,moved
CT14,102EK113,01190255.JPG,102EK113\01190255.JPG,01190255.JPG,5848400,2026-01-19 20:13:02,moved
CT14,102EK113,01190256.JPG,102EK113\01190256.JPG,01190256.JPG,5862398,2026-01-19 20:14:03,moved
CT14,102EK113,01190257.JPG,102EK113\01190257.JPG,01190257.JPG,5852880,2026-01-19 20:14:02,moved
CT14,102EK113,01190258.JPG,102EK113\01190258.JPG,01190258.JPG,5861341,2026-01-19 20:14:02,moved
CT14,102EK113,01190259.JPG,102EK113\01190259.JPG,01190259.JPG,5864734,2026-01-19 20:15:00,moved
CT14,102EK113,01190260.JPG,102EK113\01190260.JPG,01190260.JPG,5870305,2026-01-19 20:15:03,moved
CT14,102EK113,01190261.JPG,102EK113\01190261.JPG,01190261.JPG,5869693,2026-01-19 20:15:02,moved
CT14,102EK113,01190262.JPG,102EK113\01190262.JPG,01190262.JPG,5900252,2026-01-19 20:16:00,moved
CT14,102EK113,01190263.JPG,102EK113\01190263.JPG,01190263.JPG,5922351,2026-01-19 20:16:02,moved
CT14,102EK113,01190264.JPG,102EK113\01190264.JPG,01190264.JPG,5911315,2026-01-19 20:16:02,moved
CT14,102EK113,01190265.JPG,102EK113\01190265.JPG,01190265.JPG,5838999,2026-01-19 20:17:00,moved
CT14,102EK113,01190266.JPG,102EK113\01190266.JPG,01190266.JPG,5893631,2026-01-19 20:17:02,moved
CT14,102EK113,01190267.JPG,102EK113\01190267.JPG,01190267.JPG,5895182,2026-01-19 20:17:02,moved
CT14,102EK113,01190268.JPG,102EK113\01190268.JPG,01190268.JPG,5858551,2026-01-19 20:18:03,moved
CT14,102EK113,01190269.JPG,102EK113\01190269.JPG,01190269.JPG,5850504,2026-01-19 20:18:02,moved
CT14,102EK113,01190270.JPG,102EK113\01190270.JPG,01190270.JPG,5906118,2026-01-19 20:18:02,moved
CT14,102EK113,01190271.JPG,102EK113\01190271.JPG,01190271.JPG,5828074,2026-01-19 20:19:00,moved
CT14,102EK113,01190272.JPG,102EK113\01190272.JPG,01190272.JPG,5883589,2026-01-19 20:19:00,moved
CT14,102EK113,01190273.JPG,102EK113\01190273.JPG,01190273.JPG,5825078,2026-01-19 20:19:02,moved
CT14,102EK113,01190274.JPG,102EK113\01190274.JPG,01190274.JPG,5931743,2026-01-19 20:20:03,moved
CT14,102EK113,01190275.JPG,102EK113\01190275.JPG,01190275.JPG,5929930,2026-01-19 20:20:02,moved
CT14,102EK113,01190276.JPG,102EK113\01190276.JPG,01190276.JPG,5938856,2026-01-19 20:20:02,moved
CT14,102EK113,01190277.JPG,102EK113\01190277.JPG,01190277.JPG,5950195,2026-01-19 20:21:00,moved
CT14,102EK113,01190278.JPG,102EK113\01190278.JPG,01190278.JPG,5950655,2026-01-19 20:21:02,moved
CT14,102EK113,01190279.JPG,102EK113\01190279.JPG,01190279.JPG,5948223,2026-01-19 20:21:02,moved
CT14,102EK113,01190280.JPG,102EK113\01190280.JPG,01190280.JPG,5652802,2026-01-19 20:22:03,moved
CT14,102EK113,01190281.JPG,102EK113\01190281.JPG,01190281.JPG,5639406,2026-01-19 20:22:02,moved
CT14,102EK113,01190282.JPG,102EK113\01190282.JPG,01190282.JPG,5634482,2026-01-19 20:22:02,moved
CT14,102EK113,01190283.JPG,102EK113\01190283.JPG,01190283.JPG,5614886,2026-01-19 20:23:00,moved
CT14,102EK113,01190284.JPG,102EK113\01190284.JPG,01190284.JPG,5608190,2026-01-19 20:23:00,moved
CT14,102EK113,01190285.JPG,102EK113\01190285.JPG,01190285.JPG,5615260,2026-01-19 20:23:02,moved
CT14,102EK113,01190286.JPG,102EK113\01190286.JPG,01190286.JPG,5631893,2026-01-19 20:24:00,moved
CT14,102EK113,01190287.JPG,102EK113\01190287.JPG,01190287.JPG,5620225,2026-01-19 20:24:03,moved
CT14,102EK113,01190288.JPG,102EK113\01190288.JPG,01190288.JPG,5628760,2026-01-19 20:24:02,moved
CT14,102EK113,01190289.JPG,102EK113\01190289.JPG,01190289.JPG,5584138,2026-01-19 20:25:03,moved
CT14,102EK113,01190290.JPG,102EK113\01190290.JPG,01190290.JPG,5589381,2026-01-19 20:25:02,moved
CT14,102EK113,01190291.JPG,102EK113\01190291.JPG,01190291.JPG,5586062,2026-01-19 20:25:02,moved
CT14,102EK113,01190292.JPG,102EK113\01190292.JPG,01190292.JPG,5585734,2026-01-19 20:26:00,moved
CT14,102EK113,01190293.JPG,102EK113\01190293.JPG,01190293.JPG,5602277,2026-01-19 20:26:00,moved
CT14,102EK113,01190294.JPG,102EK113\01190294.JPG,01190294.JPG,5605001,2026-01-19 20:26:02,moved
CT14,102EK113,01190295.JPG,102EK113\01190295.JPG,01190295.JPG,5613879,2026-01-19 20:27:00,moved
CT14,102EK113,01190296.JPG,102EK113\01190296.JPG,01190296.JPG,5609460,2026-01-19 20:27:03,moved
CT14,102EK113,01190297.JPG,102EK113\01190297.JPG,01190297.JPG,5612762,2026-01-19 20:27:02,moved
CT14,102EK113,01190298.JPG,102EK113\01190298.JPG,01190298.JPG,5611332,2026-01-19 20:28:00,moved
CT14,102EK113,01190299.JPG,102EK113\01190299.JPG,01190299.JPG,5615079,2026-01-19 20:28:02,moved
CT14,102EK113,01190300.JPG,102EK113\01190300.JPG,01190300.JPG,5608039,2026-01-19 20:28:02,moved
CT14,102EK113,01190301.JPG,102EK113\01190301.JPG,01190301.JPG,5455392,2026-01-19 20:29:02,moved
CT14,102EK113,01190302.JPG,102EK113\01190302.JPG,01190302.JPG,5454695,2026-01-19 20:29:02,moved
CT14,102EK113,01190303.JPG,102EK113\01190303.JPG,01190303.JPG,5451795,2026-01-19 20:29:02,moved
CT14,102EK113,01190304.JPG,102EK113\01190304.JPG,01190304.JPG,5593135,2026-01-19 20:30:00,moved
CT14,102EK113,01190305.JPG,102EK113\01190305.JPG,01190305.JPG,5573788,2026-01-19 20:30:00,moved
CT14,102EK113,01190306.JPG,102EK113\01190306.JPG,01190306.JPG,5427423,2026-01-19 20:30:02,moved
CT14,102EK113,01190307.JPG,102EK113\01190307.JPG,01190307.JPG,5611489,2026-01-19 20:31:00,moved
CT14,102EK113,01190308.JPG,102EK113\01190308.JPG,01190308.JPG,5609488,2026-01-19 20:31:03,moved
CT14,102EK113,01190309.JPG,102EK113\01190309.JPG,01190309.JPG,5605652,2026-01-19 20:31:02,moved
CT14,102EK113,01190310.JPG,102EK113\01190310.JPG,01190310.JPG,5621223,2026-01-19 20:32:03,moved
CT14,102EK113,01190311.JPG,102EK113\01190311.JPG,01190311.JPG,5625726,2026-01-19 20:32:02,moved
CT14,102EK113,01190312.JPG,102EK113\01190312.JPG,01190312.JPG,5622785,2026-01-19 20:32:02,moved
CT14,102EK113,01190313.JPG,102EK113\01190313.JPG,102EK113_01190313.JPG,5607998,2026-01-19 20:33:02,renamed
CT14,102EK113,01190314.JPG,102EK113\01190314.JPG,102EK113_01190314.JPG,5458691,2026-01-19 20:33:02,renamed
CT14,102EK113,01190315.JPG,102EK113\01190315.JPG,102EK113_01190315.JPG,5608160,2026-01-19 20:33:02,renamed
CT14,102EK113,01190316.JPG,102EK113\01190316.JPG,102EK113_01190316.JPG,5500886,2026-01-19 20:34:00,renamed
CT14,102EK113,01190317.JPG,102EK113\01190317.JPG,102EK113_01190317.JPG,5503482,2026-01-19 20:34:03,renamed
CT14,102EK113,01190318.JPG,102EK113\01190318.JPG,102EK113_01190318.JPG,5499644,2026-01-19 20:34:02,renamed
CT14,102EK113,01190319.JPG,102EK113\01190319.JPG,102EK113_01190319.JPG,5552051,2026-01-19 20:35:00,renamed
CT14,102EK113,01190320.JPG,102EK113\01190320.JPG,102EK113_01190320.JPG,5549435,2026-01-19 20:35:02,renamed
CT14,102EK113,01190321.JPG,102EK113\01190321.JPG,102EK113_01190321.JPG,5546928,2026-01-19 20:35:02,renamed
CT14,102EK113,01190322.JPG,102EK113\01190322.JPG,102EK113_01190322.JPG,5578427,2026-01-19 20:36:02,renamed
CT14,102EK113,01190323.JPG,102EK113\01190323.JPG,102EK113_01190323.JPG,5597565,2026-01-19 20:36:02,renamed
CT14,102EK113,01190324.JPG,102EK113\01190324.JPG,102EK113_01190324.JPG,5567530,2026-01-19 20:36:02,renamed
CT14,102EK113,01190325.JPG,102EK113\01190325.JPG,102EK113_01190325.JPG,5605977,2026-01-19 20:37:00,renamed
CT14,102EK113,01190326.JPG,102EK113\01190326.JPG,102EK113_01190326.JPG,5608509,2026-01-19 20:37:00,renamed
CT14,102EK113,01190327.JPG,102EK113\01190327.JPG,102EK113_01190327.JPG,5609950,2026-01-19 20:37:02,renamed
CT14,102EK113,01190328.JPG,102EK113\01190328.JPG,102EK113_01190328.JPG,5649028,2026-01-19 20:38:00,renamed
CT14,102EK113,01190329.JPG,102EK113\01190329.JPG,102EK113_01190329.JPG,5639649,2026-01-19 20:38:03,renamed
CT14,102EK113,01190330.JPG,102EK113\01190330.JPG,102EK113_01190330.JPG,5641515,2026-01-19 20:38:02,renamed
CT14,102EK113,01190331.JPG,102EK113\01190331.JPG,102EK113_01190331.JPG,5686168,2026-01-19 20:39:00,renamed
CT14,102EK113,01190332.JPG,102EK113\01190332.JPG,102EK113_01190332.JPG,5697462,2026-01-19 20:39:02,renamed
CT14,102EK113,01190333.JPG,102EK113\01190333.JPG,102EK113_01190333.JPG,5689796,2026-01-19 20:39:02,renamed
CT14,102EK113,01190334.JPG,102EK113\01190334.JPG,102EK113_01190334.JPG,5850122,2026-01-19 20:40:02,renamed
CT14,102EK113,01190335.JPG,102EK113\01190335.JPG,102EK113_01190335.JPG,5837153,2026-01-19 20:40:02,renamed
CT14,102EK113,01190336.JPG,102EK113\01190336.JPG,102EK113_01190336.JPG,5844717,2026-01-19 20:40:02,renamed
CT14,102EK113,01200337.JPG,102EK113\01200337.JPG,01200337.JPG,5798569,2026-01-20 15:00:02,moved
CT14,102EK113,01200338.JPG,102EK113\01200338.JPG,01200338.JPG,5796361,2026-01-20 15:00:02,moved
CT14,102EK113,01200339.JPG,102EK113\01200339.JPG,01200339.JPG,5853667,2026-01-20 15:00:02,moved
CT14,102EK113,01200340.JPG,102EK113\01200340.JPG,01200340.JPG,5847315,2026-01-20 15:01:02,moved
CT14,102EK113,01200341.JPG,102EK113\01200341.JPG,01200341.JPG,5790565,2026-01-20 15:01:02,moved
CT14,102EK113,01200342.JPG,102EK113\01200342.JPG,01200342.JPG,5912243,2026-01-20 15:01:02,moved
CT14,102EK113,01200343.JPG,102EK113\01200343.JPG,01200343.JPG,5908129,2026-01-20 15:02:00,moved
CT14,102EK113,01200344.JPG,102EK113\01200344.JPG,01200344.JPG,5906602,2026-01-20 15:02:03,moved
CT14,102EK113,01200345.JPG,102EK113\01200345.JPG,01200345.JPG,5791889,2026-01-20 15:02:02,moved
CT14,102EK113,01200346.JPG,102EK113\01200346.JPG,01200346.JPG,5896682,2026-01-20 15:03:00,moved
CT14,102EK113,01200347.JPG,102EK113\01200347.JPG,01200347.JPG,5900170,2026-01-20 15:03:03,moved
CT14,102EK113,01200348.JPG,102EK113\01200348.JPG,01200348.JPG,6057844,2026-01-20 15:03:02,moved
CT14,102EK113,01200349.JPG,102EK113\01200349.JPG,01200349.JPG,6109264,2026-01-20 15:04:03,moved
CT14,102EK113,01200350.JPG,102EK113\01200350.JPG,01200350.JPG,6082675,2026-01-20 15:04:02,moved
CT14,102EK113,01200351.JPG,102EK113\01200351.JPG,01200351.JPG,5915498,2026-01-20 15:04:02,moved
CT14,102EK113,01200352.JPG,102EK113\01200352.JPG,01200352.JPG,5918243,2026-01-20 15:05:00,moved
CT14,102EK113,01200353.JPG,102EK113\01200353.JPG,01200353.JPG,5907115,2026-01-20 15:05:02,moved
CT14,102EK113,01200354.JPG,102EK113\01200354.JPG,01200354.JPG,5912655,2026-01-20 15:05:02,moved
CT14,102EK113,01200355.JPG,102EK113\01200355.JPG,01200355.JPG,5905982,2026-01-20 15:06:02,moved
CT14,102EK113,01200356.JPG,102EK113\01200356.JPG,01200356.JPG,5919917,2026-01-20 15:06:02,moved
CT14,102EK113,01200357.JPG,102EK113\01200357.JPG,01200357.JPG,6092771,2026-01-20 15:06:02,moved
CT14,102EK113,01200358.JPG,102EK113\01200358.JPG,01200358.JPG,6074485,2026-01-20 15:07:00,moved
CT14,102EK113,01200359.JPG,102EK113\01200359.JPG,01200359.JPG,6070139,2026-01-20 15:07:03,moved
CT14,102EK113,01200360.JPG,102EK113\01200360.JPG,01200360.JPG,5908001,2026-01-20 15:07:02,moved
CT14,102EK113,01200361.JPG,102EK113\01200361.JPG,01200361.JPG,5907255,2026-01-20 15:08:00,moved
CT14,102EK113,01200362.JPG,102EK113\01200362.JPG,01200362.JPG,5905465,2026-01-20 15:08:02,moved
CT14,102EK113,01200363.JPG,102EK113\01200363.JPG,01200363.JPG,5907890,2026-01-20 15:08:02,moved
CT14,102EK113,01200364.JPG,102EK113\01200364.JPG,01200364.JPG,5908225,2026-01-20 15:09:00,moved
CT14,102EK113,01200365.JPG,102EK113\01200365.JPG,01200365.JPG,5914485,2026-01-20 15:09:00,moved
CT14,102EK113,01200366.JPG,102EK113\01200366.JPG,01200366.JPG,5911086,2026-01-20 15:09:02,moved
CT14,102EK113,01200367.JPG,102EK113\01200367.JPG,01200367.JPG,5878075,2026-01-20 15:10:00,moved
CT14,102EK113,01200368.JPG,102EK113\01200368.JPG,01200368.JPG,5858692,2026-01-20 15:10:02,moved
CT14,102EK113,01200369.JPG,102EK113\01200369.JPG,01200369.JPG,5876190,2026-01-20 15:10:02,moved
CT14,102EK113,01200370.JPG,102EK113\01200370.JPG,01200370.JPG,6021054,2026-01-20 15:11:03,moved
CT14,102EK113,01200371.JPG,102EK113\01200371.JPG,01200371.JPG,6018432,2026-01-20 15:11:02,moved
CT14,102EK113,01200372.JPG,102EK113\01200372.JPG,01200372.JPG,5991562,2026-01-20 15:11:02,moved
CT14,102EK113,01200373.JPG,102EK113\01200373.JPG,01200373.JPG,5833521,2026-01-20 15:12:00,moved
CT14,102EK113,01200374.JPG,102EK113\01200374.JPG,01200374.JPG,5826647,2026-01-20 15:12:03,moved
CT14,102EK113,01200375.JPG,102EK113\01200375.JPG,01200375.JPG,5763772,2026-01-20 15:12:02,moved
CT14,102EK113,01200376.JPG,102EK113\01200376.JPG,01200376.JPG,5850114,2026-01-20 15:13:03,moved
CT14,102EK113,01200377.JPG,102EK113\01200377.JPG,01200377.JPG,5853111,2026-01-20 15:13:02,moved
CT14,102EK113,01200378.JPG,102EK113\01200378.JPG,01200378.JPG,5855734,2026-01-20 15:13:02,moved
CT14,102EK113,01200379.JPG,102EK113\01200379.JPG,01200379.JPG,6008536,2026-01-20 15:14:00,moved
CT14,102EK113,01200380.JPG,102EK113\01200380.JPG,01200380.JPG,5996157,2026-01-20 15:14:03,moved
CT14,102EK113,01200381.JPG,102EK113\01200381.JPG,01200381.JPG,5997811,2026-01-20 15:14:02,moved
CT14,102EK113,01200382.JPG,102EK113\01200382.JPG,01200382.JPG,6024488,2026-01-20 15:15:00,moved
CT14,102EK113,01200383.JPG,102EK113\01200383.JPG,01200383.JPG,5995739,2026-01-20 15:15:03,moved
CT14,102EK113,01200384.JPG,102EK113\01200384.JPG,01200384.JPG,6001348,2026-01-20 15:15:02,moved
CT14,102EK113,01200385.JPG,102EK113\01200385.JPG,01200385.JPG,5994104,2026-01-20 15:16:03,moved
CT14,102EK113,01200386.JPG,102EK113\01200386.JPG,01200386.JPG,5992135,2026-01-20 15:16:02,moved
CT14,102EK113,01200387.JPG,102EK113\01200387.JPG,01200387.JPG,5988762,2026-01-20 15:16:02,moved
CT14,102EK113,01200388.JPG,102EK113\01200388.JPG,01200388.JPG,5971712,2026-01-20 15:17:00,moved
CT14,102EK113,01200389.JPG,102EK113\01200389.JPG,01200389.JPG,5983217,2026-01-20 15:17:00,moved
CT14,102EK113,01200390.JPG,102EK113\01200390.JPG,01200390.JPG,5977292,2026-01-20 15:17:02,moved
CT14,102EK113,01200391.JPG,102EK113\01200391.JPG,01200391.JPG,6107826,2026-01-20 15:18:00,moved
CT14,102EK113,01200392.JPG,102EK113\01200392.JPG,01200392.JPG,6106155,2026-01-20 15:18:02,moved
CT14,102EK113,01200393.JPG,102EK113\01200393.JPG,01200393.JPG,6099344,2026-01-20 15:18:02,moved
CT14,102EK113,01200394.JPG,102EK113\01200394.JPG,01200394.JPG,6115008,2026-01-20 15:19:00,moved
CT14,102EK113,01200395.JPG,102EK113\01200395.JPG,01200395.JPG,6091011,2026-01-20 15:19:03,moved
CT14,102EK113,01200396.JPG,102EK113\01200396.JPG,01200396.JPG,6091509,2026-01-20 15:19:02,moved
CT14,102EK113,01200397.JPG,102EK113\01200397.JPG,01200397.JPG,6103111,2026-01-20 15:20:00,moved
CT14,102EK113,01200398.JPG,102EK113\01200398.JPG,01200398.JPG,6089816,2026-01-20 15:20:00,moved
CT14,102EK113,01200399.JPG,102EK113\01200399.JPG,01200399.JPG,6102446,2026-01-20 15:20:02,moved
CT14,102EK113,01200400.JPG,102EK113\01200400.JPG,01200400.JPG,6119822,2026-01-20 15:21:00,moved
CT14,102EK113,01200401.JPG,102EK113\01200401.JPG,01200401.JPG,6121409,2026-01-20 15:21:02,moved
CT14,102EK113,01200402.JPG,102EK113\01200402.JPG,01200402.JPG,6117302,2026-01-20 15:21:02,moved
CT14,102EK113,01200403.JPG,102EK113\01200403.JPG,01200403.JPG,6104621,2026-01-20 15:22:00,moved
CT14,102EK113,01200404.JPG,102EK113\01200404.JPG,01200404.JPG,6126528,2026-01-20 15:22:00,moved
CT14,102EK113,01200405.JPG,102EK113\01200405.JPG,01200405.JPG,6128656,2026-01-20 15:22:02,moved
CT14,102EK113,01200406.JPG,102EK113\01200406.JPG,01200406.JPG,6064439,2026-01-20 15:23:03,moved
CT14,102EK113,01200407.JPG,102EK113\01200407.JPG,01200407.JPG,6065206,2026-01-20 15:23:02,moved
CT14,102EK113,01200408.JPG,102EK113\01200408.JPG,01200408.JPG,6065052,2026-01-20 15:23:02,moved
CT14,102EK113,01200409.JPG,102EK113\01200409.JPG,01200409.JPG,6090885,2026-01-20 15:24:00,moved
CT14,102EK113,01200410.JPG,102EK113\01200410.JPG,01200410.JPG,6089157,2026-01-20 15:24:02,moved
CT14,102EK113,01200411.JPG,102EK113\01200411.JPG,01200411.JPG,6088719,2026-01-20 15:24:02,moved
CT14,102EK113,01200412.JPG,102EK113\01200412.JPG,01200412.JPG,6072425,2026-01-20 15:25:02,moved
CT14,102EK113,01200413.JPG,102EK113\01200413.JPG,01200413.JPG,6076531,2026-01-20 15:25:02,moved
CT14,102EK113,01200414.JPG,102EK113\01200414.JPG,01200414.JPG,6073335,2026-01-20 15:25:02,moved
CT14,102EK113,01200415.JPG,102EK113\01200415.JPG,01200415.JPG,6061451,2026-01-20 15:26:00,moved
CT14,102EK113,01200416.JPG,102EK113\01200416.JPG,01200416.JPG,6050192,2026-01-20 15:26:02,moved
CT14,102EK113,01200417.JPG,102EK113\01200417.JPG,01200417.JPG,6044629,2026-01-20 15:26:02,moved
CT14,102EK113,01200418.JPG,102EK113\01200418.JPG,01200418.JPG,6084369,2026-01-20 15:27:00,moved
CT14,102EK113,01200419.JPG,102EK113\01200419.JPG,01200419.JPG,6061978,2026-01-20 15:27:00,moved
CT14,102EK113,01200420.JPG,102EK113\01200420.JPG,01200420.JPG,6061571,2026-01-20 15:27:02,moved
CT14,102EK113,01200421.JPG,102EK113\01200421.JPG,01200421.JPG,6064481,2026-01-20 15:28:03,moved
CT14,102EK113,01200422.JPG,102EK113\01200422.JPG,01200422.JPG,6059509,2026-01-20 15:28:02,moved
CT14,102EK113,01200423.JPG,102EK113\01200423.JPG,01200423.JPG,6066770,2026-01-20 15:28:02,moved
CT14,102EK113,01200424.JPG,102EK113\01200424.JPG,01200424.JPG,6159588,2026-01-20 15:29:00,moved
CT14,102EK113,01200425.JPG,102EK113\01200425.JPG,01200425.JPG,6171372,2026-01-20 15:29:02,moved
CT14,102EK113,01200426.JPG,102EK113\01200426.JPG,01200426.JPG,6193044,2026-01-20 15:29:02,moved
CT14,102EK113,01200427.JPG,102EK113\01200427.JPG,01200427.JPG,6122352,2026-01-20 15:30:02,moved
CT14,102EK113,01200428.JPG,102EK113\01200428.JPG,01200428.JPG,6120411,2026-01-20 15:30:02,moved
CT14,102EK113,01200429.JPG,102EK113\01200429.JPG,01200429.JPG,6123228,2026-01-20 15:30:02,moved
CT14,102EK113,01200430.JPG,102EK113\01200430.JPG,01200430.JPG,6045519,2026-01-20 15:31:03,moved
CT14,102EK113,01200431.JPG,102EK113\01200431.JPG,01200431.JPG,6093981,2026-01-20 15:31:02,moved
CT14,102EK113,01200432.JPG,102EK113\01200432.JPG,01200432.JPG,6064785,2026-01-20 15:31:02,moved
CT14,102EK113,01200433.JPG,102EK113\01200433.JPG,01200433.JPG,6093716,2026-01-20 15:32:03,moved
CT14,102EK113,01200434.JPG,102EK113\01200434.JPG,01200434.JPG,6091333,2026-01-20 15:32:02,moved
CT14,102EK113,01200435.JPG,102EK113\01200435.JPG,01200435.JPG,6126939,2026-01-20 15:32:02,moved
CT14,102EK113,01200436.JPG,102EK113\01200436.JPG,01200436.JPG,6084094,2026-01-20 15:33:00,moved
CT14,102EK113,01200437.JPG,102EK113\01200437.JPG,01200437.JPG,6056329,2026-01-20 15:33:02,moved
CT14,102EK113,01200438.JPG,102EK113\01200438.JPG,01200438.JPG,6069195,2026-01-20 15:33:02,moved
CT14,102EK113,01200439.JPG,102EK113\01200439.JPG,01200439.JPG,5764733,2026-01-20 15:34:00,moved
CT14,102EK113,01200440.JPG,102EK113\01200440.JPG,01200440.JPG,5770423,2026-01-20 15:34:00,moved
CT14,102EK113,01200441.JPG,102EK113\01200441.JPG,01200441.JPG,5752317,2026-01-20 15:34:02,moved
CT14,102EK113,01200442.JPG,102EK113\01200442.JPG,01200442.JPG,5943867,2026-01-20 15:35:02,moved
CT14,102EK113,01200443.JPG,102EK113\01200443.JPG,01200443.JPG,5907763,2026-01-20 15:35:02,moved
CT14,102EK113,01200444.JPG,102EK113\01200444.JPG,01200444.JPG,5942723,2026-01-20 15:35:02,moved
CT14,102EK113,01200445.JPG,102EK113\01200445.JPG,01200445.JPG,5869808,2026-01-20 15:36:00,moved
CT14,102EK113,01200446.JPG,102EK113\01200446.JPG,01200446.JPG,5890306,2026-01-20 15:36:00,moved
CT14,102EK113,01200447.JPG,102EK113\01200447.JPG,01200447.JPG,5868098,2026-01-20 15:36:02,moved
CT14,102EK113,01200448.JPG,102EK113\01200448.JPG,01200448.JPG,5976486,2026-01-20 15:37:02,moved
CT14,102EK113,01200449.JPG,102EK113\01200449.JPG,01200449.JPG,5971516,2026-01-20 15:37:02,moved
CT14,102EK113,01200450.JPG,102EK113\01200450.JPG,01200450.JPG,5973958,2026-01-20 15:37:02,moved
CT14,102EK113,01200451.JPG,102EK113\01200451.JPG,01200451.JPG,5882081,2026-01-20 15:38:03,moved
CT14,102EK113,01200452.JPG,102EK113\01200452.JPG,01200452.JPG,5883214,2026-01-20 15:38:02,moved
CT14,102EK113,01200453.JPG,102EK113\01200453.JPG,01200453.JPG,5862446,2026-01-20 15:38:02,moved
CT14,102EK113,01200454.JPG,102EK113\01200454.JPG,01200454.JPG,5791517,2026-01-20 15:39:00,moved
CT14,102EK113,01200455.JPG,102EK113\01200455.JPG,01200455.JPG,5793295,2026-01-20 15:39:02,moved
CT14,102EK113,01200456.JPG,102EK113\01200456.JPG,01200456.JPG,5794770,2026-01-20 15:39:02,moved
CT14,102EK113,01200457.JPG,102EK113\01200457.JPG,01200457.JPG,5908212,2026-01-20 15:40:00,moved
CT14,102EK113,01200458.JPG,102EK113\01200458.JPG,01200458.JPG,5894992,2026-01-20 15:40:02,moved
CT14,102EK113,01200459.JPG,102EK113\01200459.JPG,01200459.JPG,5898708,2026-01-20 15:40:02,moved
CT14,102EK113,01200460.JPG,102EK113\01200460.JPG,01200460.JPG,5939135,2026-01-20 15:41:00,moved
CT14,102EK113,01200461.JPG,102EK113\01200461.JPG,01200461.JPG,5855285,2026-01-20 15:41:03,moved
CT14,102EK113,01200462.JPG,102EK113\01200462.JPG,01200462.JPG,5857731,2026-01-20 15:41:02,moved
CT14,102EK113,01200463.JPG,102EK113\01200463.JPG,01200463.JPG,5571396,2026-01-20 15:42:02,moved
CT14,102EK113,01200464.JPG,102EK113\01200464.JPG,01200464.JPG,5542058,2026-01-20 15:42:02,moved
CT14,102EK113,01200465.JPG,102EK113\01200465.JPG,01200465.JPG,5567276,2026-01-20 15:42:02,moved
CT14,102EK113,01200466.JPG,102EK113\01200466.JPG,01200466.JPG,5642744,2026-01-20 15:43:02,moved
CT14,102EK113,01200467.JPG,102EK113\01200467.JPG,01200467.JPG,5645357,2026-01-20 15:43:02,moved
CT14,102EK113,01200468.JPG,102EK113\01200468.JPG,01200468.JPG,5627583,2026-01-20 15:43:02,moved
CT14,102EK113,01200469.JPG,102EK113\01200469.JPG,01200469.JPG,5751878,2026-01-20 15:44:02,moved
CT14,102EK113,01200470.JPG,102EK113\01200470.JPG,01200470.JPG,5698294,2026-01-20 15:44:02,moved
CT14,102EK113,01200471.JPG,102EK113\01200471.JPG,01200471.JPG,5741124,2026-01-20 15:44:02,moved
CT14,102EK113,01200472.JPG,102EK113\01200472.JPG,01200472.JPG,5644590,2026-01-20 15:45:02,moved
CT14,102EK113,01200473.JPG,102EK113\01200473.JPG,01200473.JPG,5646741,2026-01-20 15:45:02,moved
CT14,102EK113,01200474.JPG,102EK113\01200474.JPG,01200474.JPG,5640561,2026-01-20 15:45:02,moved
CT14,102EK113,01200475.JPG,102EK113\01200475.JPG,01200475.JPG,5602240,2026-01-20 15:46:03,moved
CT14,102EK113,01200476.JPG,102EK113\01200476.JPG,01200476.JPG,5740135,2026-01-20 15:46:02,moved
CT14,102EK113,01200477.JPG,102EK113\01200477.JPG,01200477.JPG,5607246,2026-01-20 15:46:02,moved
CT14,102EK113,01200478.JPG,102EK113\01200478.JPG,01200478.JPG,5728404,2026-01-20 15:47:03,moved
CT14,102EK113,01200479.JPG,102EK113\01200479.JPG,01200479.JPG,5573515,2026-01-20 15:47:02,moved
CT14,102EK113,01200480.JPG,102EK113\01200480.JPG,01200480.JPG,5571743,2026-01-20 15:47:02,moved
CT14,102EK113,01200481.JPG,102EK113\01200481.JPG,01200481.JPG,5812524,2026-01-20 15:48:02,moved
CT14,102EK113,01200482.JPG,102EK113\01200482.JPG,01200482.JPG,5697035,2026-01-20 15:48:02,moved
CT14,102EK113,01200483.JPG,102EK113\01200483.JPG,01200483.JPG,5699198,2026-01-20 15:48:02,moved
CT14,102EK113,01200484.JPG,102EK113\01200484.JPG,01200484.JPG,5750100,2026-01-20 15:49:00,moved
CT14,102EK113,01200485.JPG,102EK113\01200485.JPG,01200485.JPG,5687534,2026-01-20 15:49:02,moved
CT14,102EK113,01200486.JPG,102EK113\01200486.JPG,01200486.JPG,5710529,2026-01-20 15:49:02,moved
CT14,102EK113,01200487.JPG,102EK113\01200487.JPG,01200487.JPG,5610701,2026-01-20 15:50:00,moved
CT14,102EK113,01200488.JPG,102EK113\01200488.JPG,01200488.JPG,5578994,2026-01-20 15:50:02,moved
CT14,102EK113,01200489.JPG,102EK113\01200489.JPG,01200489.JPG,5586907,2026-01-20 15:50:02,moved
CT14,102EK113,01200490.JPG,102EK113\01200490.JPG,01200490.JPG,5563919,2026-01-20 15:51:00,moved
CT14,102EK113,01200491.JPG,102EK113\01200491.JPG,01200491.JPG,5684768,2026-01-20 15:51:02,moved
CT14,102EK113,01200492.JPG,102EK113\01200492.JPG,01200492.JPG,5679689,2026-01-20 15:51:02,moved
CT14,102EK113,01200493.JPG,102EK113\01200493.JPG,01200493.JPG,5652784,2026-01-20 15:52:02,moved
CT14,102EK113,01200494.JPG,102EK113\01200494.JPG,01200494.JPG,5661421,2026-01-20 15:52:02,moved
CT14,102EK113,01200495.JPG,102EK113\01200495.JPG,01200495.JPG,5533011,2026-01-20 15:52:02,moved
CT14,102EK113,01200496.JPG,102EK113\01200496.JPG,01200496.JPG,5853288,2026-01-20 15:53:02,moved
CT14,102EK113,01200497.JPG,102EK113\01200497.JPG,01200497.JPG,5851731,2026-01-20 15:53:02,moved
CT14,102EK113,01200498.JPG,102EK113\01200498.JPG,01200498.JPG,5812598,2026-01-20 15:53:02,moved
CT14,102EK113,01200499.JPG,102EK113\01200499.JPG,01200499.JPG,5501840,2026-01-20 15:54:00,moved
CT14,102EK113,01200500.JPG,102EK113\01200500.JPG,01200500.JPG,5543562,2026-01-20 15:54:02,moved
CT14,102EK113,01200501.JPG,102EK113\01200501.JPG,01200501.JPG,5540340,2026-01-20 15:54:02,moved
CT14,102EK113,01200502.JPG,102EK113\01200502.JPG,01200502.JPG,5703434,2026-01-20 15:55:00,moved
CT14,102EK113,01200503.JPG,102EK113\01200503.JPG,01200503.JPG,5686634,2026-01-20 15:55:02,moved
CT14,102EK113,01200504.JPG,102EK113\01200504.JPG,01200504.JPG,5675731,2026-01-20 15:55:02,moved
CT14,102EK113,01200505.JPG,102EK113\01200505.JPG,01200505.JPG,5610148,2026-01-20 15:56:02,moved
CT14,102EK113,01200506.JPG,102EK113\01200506.JPG,01200506.JPG,5606872,2026-01-20 15:56:02,moved
CT14,102EK113,01200507.JPG,102EK113\01200507.JPG,01200507.JPG,5593567,2026-01-20 15:56:02,moved
CT14,102EK113,01200508.JPG,102EK113\01200508.JPG,01200508.JPG,5625661,2026-01-20 15:57:03,moved
CT14,102EK113,01200509.JPG,102EK113\01200509.JPG,01200509.JPG,5616846,2026-01-20 15:57:02,moved
CT14,102EK113,01200510.JPG,102EK113\01200510.JPG,01200510.JPG,5694363,2026-01-20 15:57:02,moved
CT14,102EK113,01200511.JPG,102EK113\01200511.JPG,01200511.JPG,5603936,2026-01-20 15:58:03,moved
CT14,102EK113,01200512.JPG,102EK113\01200512.JPG,01200512.JPG,5567928,2026-01-20 15:58:02,moved
CT14,102EK113,01200513.JPG,102EK113\01200513.JPG,01200513.JPG,5604075,2026-01-20 15:58:02,moved
CT14,102EK113,01200514.JPG,102EK113\01200514.JPG,01200514.JPG,5562688,2026-01-20 15:59:00,moved
CT14,102EK113,01200515.JPG,102EK113\01200515.JPG,01200515.JPG,5551668,2026-01-20 15:59:02,moved
CT14,102EK113,01200516.JPG,102EK113\01200516.JPG,01200516.JPG,5554247,2026-01-20 15:59:02,moved
CT14,102EK113,01200517.JPG,102EK113\01200517.JPG,01200517.JPG,5368745,2026-01-20 16:00:03,moved
CT14,102EK113,01200518.JPG,102EK113\01200518.JPG,01200518.JPG,5351072,2026-01-20 16:00:02,moved
CT14,102EK113,01200519.JPG,102EK113\01200519.JPG,01200519.JPG,5344920,2026-01-20 16:00:02,moved
CT14,102EK113,01200520.JPG,102EK113\01200520.JPG,01200520.JPG,5463824,2026-01-20 16:01:02,moved
CT14,102EK113,01200521.JPG,102EK113\01200521.JPG,01200521.JPG,5285864,2026-01-20 16:01:02,moved
CT14,102EK113,01200522.JPG,102EK113\01200522.JPG,01200522.JPG,5305812,2026-01-20 16:01:02,moved
CT14,102EK113,01200523.JPG,102EK113\01200523.JPG,01200523.JPG,5323732,2026-01-20 16:02:00,moved
CT14,102EK113,01200524.JPG,102EK113\01200524.JPG,01200524.JPG,5325292,2026-01-20 16:02:03,moved
CT14,102EK113,01200525.JPG,102EK113\01200525.JPG,01200525.JPG,5325640,2026-01-20 16:02:02,moved
CT14,102EK113,01200526.JPG,102EK113\01200526.JPG,01200526.JPG,5418166,2026-01-20 16:03:03,moved
CT14,102EK113,01200527.JPG,102EK113\01200527.JPG,01200527.JPG,5344488,2026-01-20 16:03:02,moved
CT14,102EK113,01200528.JPG,102EK113\01200528.JPG,01200528.JPG,5346604,2026-01-20 16:03:02,moved
CT14,102EK113,01200529.JPG,102EK113\01200529.JPG,01200529.JPG,5377936,2026-01-20 16:04:02,moved
CT14,102EK113,01200530.JPG,102EK113\01200530.JPG,01200530.JPG,5364207,2026-01-20 16:04:02,moved
CT14,102EK113,01200531.JPG,102EK113\01200531.JPG,01200531.JPG,5368094,2026-01-20 16:04:02,moved
CT14,102EK113,01200532.JPG,102EK113\01200532.JPG,01200532.JPG,5252947,2026-01-20 16:05:00,moved
CT14,102EK113,01200533.JPG,102EK113\01200533.JPG,01200533.JPG,5205380,2026-01-20 16:05:02,moved
CT14,102EK113,01200534.JPG,102EK113\01200534.JPG,01200534.JPG,5234232,2026-01-20 16:05:02,moved
CT14,102EK113,01200535.JPG,102EK113\01200535.JPG,01200535.JPG,5236683,2026-01-20 16:06:02,moved
CT14,102EK113,01200536.JPG,102EK113\01200536.JPG,01200536.JPG,5182863,2026-01-20 16:06:02,moved
CT14,102EK113,01200537.JPG,102EK113\01200537.JPG,01200537.JPG,5192450,2026-01-20 16:06:02,moved
CT14,102EK113,01200538.JPG,102EK113\01200538.JPG,01200538.JPG,5191600,2026-01-20 16:07:00,moved
CT14,102EK113,01200539.JPG,102EK113\01200539.JPG,01200539.JPG,5197637,2026-01-20 16:07:02,moved
CT14,102EK113,01200540.JPG,102EK113\01200540.JPG,01200540.JPG,5192936,2026-01-20 16:07:02,moved
CT14,102EK113,01200541.JPG,102EK113\01200541.JPG,01200541.JPG,5264795,2026-01-20 16:08:03,moved
CT14,102EK113,01200542.JPG,102EK113\01200542.JPG,01200542.JPG,5229218,2026-01-20 16:08:02,moved
CT14,102EK113,01200543.JPG,102EK113\01200543.JPG,01200543.JPG,5235450,2026-01-20 16:08:02,moved
CT14,102EK113,01200544.JPG,102EK113\01200544.JPG,01200544.JPG,5293710,2026-01-20 16:09:02,moved
CT14,102EK113,01200545.JPG,102EK113\01200545.JPG,01200545.JPG,5290020,2026-01-20 16:09:02,moved
CT14,102EK113,01200546.JPG,102EK113\01200546.JPG,01200546.JPG,5285905,2026-01-20 16:09:02,moved
CT14,102EK113,01200547.JPG,102EK113\01200547.JPG,01200547.JPG,5292656,2026-01-20 16:10:00,moved
CT14,102EK113,01200548.JPG,102EK113\01200548.JPG,01200548.JPG,5329299,2026-01-20 16:10:02,moved
CT14,102EK113,01200549.JPG,102EK113\01200549.JPG,01200549.JPG,5303217,2026-01-20 16:10:02,moved
CT14,102EK113,01200550.JPG,102EK113\01200550.JPG,01200550.JPG,5317763,2026-01-20 16:11:02,moved
CT14,102EK113,01200551.JPG,102EK113\01200551.JPG,01200551.JPG,5311180,2026-01-20 16:11:02,moved
CT14,102EK113,01200552.JPG,102EK113\01200552.JPG,01200552.JPG,5193007,2026-01-20 16:11:02,moved
CT14,102EK113,01200553.JPG,102EK113\01200553.JPG,01200553.JPG,5329739,2026-01-20 16:12:02,moved
CT14,102EK113,01200554.JPG,102EK113\01200554.JPG,01200554.JPG,5328623,2026-01-20 16:12:02,moved
CT14,102EK113,01200555.JPG,102EK113\01200555.JPG,01200555.JPG,5333721,2026-01-20 16:12:02,moved
CT14,102EK113,01200556.JPG,102EK113\01200556.JPG,01200556.JPG,5376815,2026-01-20 16:13:00,moved
CT14,102EK113,01200557.JPG,102EK113\01200557.JPG,01200557.JPG,5093914,2026-01-20 16:13:02,moved
CT14,102EK113,01200558.JPG,102EK113\01200558.JPG,01200558.JPG,5242797,2026-01-20 16:13:02,moved
CT14,102EK113,01200559.JPG,102EK113\01200559.JPG,01200559.JPG,5331410,2026-01-20 16:14:02,moved
CT14,102EK113,01200560.JPG,102EK113\01200560.JPG,01200560.JPG,5164784,2026-01-20 16:14:02,moved
CT14,102EK113,01200561.JPG,102EK113\01200561.JPG,01200561.JPG,5149634,2026-01-20 16:14:02,moved
CT14,102EK113,01200562.JPG,102EK113\01200562.JPG,01200562.JPG,5104648,2026-01-20 16:15:00,moved
CT14,102EK113,01200563.JPG,102EK113\01200563.JPG,01200563.JPG,5245425,2026-01-20 16:15:02,moved
CT14,102EK113,01200564.JPG,102EK113\01200564.JPG,01200564.JPG,5245217,2026-01-20 16:15:02,moved
CT14,102EK113,01200565.JPG,102EK113\01200565.JPG,01200565.JPG,5302045,2026-01-20 16:16:00,moved
CT14,102EK113,01200566.JPG,102EK113\01200566.JPG,01200566.JPG,5294958,2026-01-20 16:16:02,moved
CT14,102EK113,01200567.JPG,102EK113\01200567.JPG,01200567.JPG,5284697,2026-01-20 16:16:02,moved
CT14,102EK113,01200568.JPG,102EK113\01200568.JPG,01200568.JPG,5307208,2026-01-20 16:17:02,moved
CT14,102EK113,01200569.JPG,102EK113\01200569.JPG,01200569.JPG,5303703,2026-01-20 16:17:02,moved
CT14,102EK113,01200570.JPG,102EK113\01200570.JPG,01200570.JPG,5303554,2026-01-20 16:17:02,moved
CT14,102EK113,01200571.JPG,102EK113\01200571.JPG,01200571.JPG,5333375,2026-01-20 16:18:00,moved
CT14,102EK113,01200572.JPG,102EK113\01200572.JPG,01200572.JPG,5330124,2026-01-20 16:18:02,moved
CT14,102EK113,01200573.JPG,102EK113\01200573.JPG,01200573.JPG,5330679,2026-01-20 16:18:02,moved
CT14,102EK113,01200574.JPG,102EK113\01200574.JPG,01200574.JPG,5221439,2026-01-20 16:19:03,moved
CT14,102EK113,01200575.JPG,102EK113\01200575.JPG,01200575.JPG,5364168,2026-01-20 16:19:02,moved
CT14,102EK113,01200576.JPG,102EK113\01200576.JPG,01200576.JPG,5228313,2026-01-20 16:19:02,moved
CT14,102EK113,01200577.JPG,102EK113\01200577.JPG,01200577.JPG,5359293,2026-01-20 16:20:00,moved
CT14,102EK113,01200578.JPG,102EK113\01200578.JPG,01200578.JPG,5218848,2026-01-20 16:20:03,moved
CT14,102EK113,01200579.JPG,102EK113\01200579.JPG,01200579.JPG,5360278,2026-01-20 16:20:02,moved
CT14,102EK113,01200580.JPG,102EK113\01200580.JPG,01200580.JPG,5348219,2026-01-20 16:21:02,moved
CT14,102EK113,01200581.JPG,102EK113\01200581.JPG,01200581.JPG,5187502,2026-01-20 16:21:02,moved
CT14,102EK113,01200582.JPG,102EK113\01200582.JPG,01200582.JPG,5350757,2026-01-20 16:21:02,moved
CT14,102EK113,01200583.JPG,102EK113\01200583.JPG,01200583.JPG,5225049,2026-01-20 16:22:00,moved
CT14,102EK113,01200584.JPG,102EK113\01200584.JPG,01200584.JPG,5243771,2026-01-20 16:22:03,moved
CT14,102EK113,01200585.JPG,102EK113\01200585.JPG,01200585.JPG,5249785,2026-01-20 16:22:02,moved
CT14,102EK113,01200586.JPG,102EK113\01200586.JPG,01200586.JPG,5280046,2026-01-20 16:23:03,moved
CT14,102EK113,01200587.JPG,102EK113\01200587.JPG,01200587.JPG,5256793,2026-01-20 16:23:02,moved
CT14,102EK113,01200588.JPG,102EK113\01200588.JPG,01200588.JPG,5280962,2026-01-20 16:23:02,moved
CT14,102EK113,01200589.JPG,102EK113\01200589.JPG,01200589.JPG,5300585,2026-01-20 16:24:00,moved
CT14,102EK113,01200590.JPG,102EK113\01200590.JPG,01200590.JPG,5276104,2026-01-20 16:24:03,moved
CT14,102EK113,01200591.JPG,102EK113\01200591.JPG,01200591.JPG,5436271,2026-01-20 16:24:02,moved
CT14,102EK113,01200592.JPG,102EK113\01200592.JPG,01200592.JPG,5327688,2026-01-20 16:25:03,moved
CT14,102EK113,01200593.JPG,102EK113\01200593.JPG,01200593.JPG,5468665,2026-01-20 16:25:02,moved
CT14,102EK113,01200594.JPG,102EK113\01200594.JPG,01200594.JPG,5332642,2026-01-20 16:25:02,moved
CT14,102EK113,01200595.JPG,102EK113\01200595.JPG,01200595.JPG,5493462,2026-01-20 16:26:02,moved
CT14,102EK113,01200596.JPG,102EK113\01200596.JPG,01200596.JPG,5492692,2026-01-20 16:26:02,moved
CT14,102EK113,01200597.JPG,102EK113\01200597.JPG,01200597.JPG,5492213,2026-01-20 16:26:02,moved
CT14,102EK113,01200598.JPG,102EK113\01200598.JPG,01200598.JPG,5510720,2026-01-20 16:27:00,moved
CT14,102EK113,01200599.JPG,102EK113\01200599.JPG,01200599.JPG,5511601,2026-01-20 16:27:02,moved
CT14,102EK113,01200600.JPG,102EK113\01200600.JPG,01200600.JPG,5512147,2026-01-20 16:27:02,moved
CT14,102EK113,01200601.JPG,102EK113\01200601.JPG,01200601.JPG,5373993,2026-01-20 16:28:02,moved
CT14,102EK113,01200602.JPG,102EK113\01200602.JPG,01200602.JPG,5368035,2026-01-20 16:28:02,moved
CT14,102EK113,01200603.JPG,102EK113\01200603.JPG,01200603.JPG,5372354,2026-01-20 16:28:02,moved
CT14,102EK113,01200604.JPG,102EK113\01200604.JPG,01200604.JPG,5392845,2026-01-20 16:29:00,moved
CT14,102EK113,01200605.JPG,102EK113\01200605.JPG,01200605.JPG,5414143,2026-01-20 16:29:02,moved
CT14,102EK113,01200606.JPG,102EK113\01200606.JPG,01200606.JPG,5390990,2026-01-20 16:29:02,moved
CT14,102EK113,01200607.JPG,102EK113\01200607.JPG,01200607.JPG,5383861,2026-01-20 16:30:02,moved
CT14,102EK113,01200608.JPG,102EK113\01200608.JPG,01200608.JPG,5383896,2026-01-20 16:30:02,moved
CT14,102EK113,01200609.JPG,102EK113\01200609.JPG,01200609.JPG,5403976,2026-01-20 16:30:02,moved
CT14,102EK113,01200610.JPG,102EK113\01200610.JPG,01200610.JPG,5400913,2026-01-20 16:31:00,moved
CT14,102EK113,01200611.JPG,102EK113\01200611.JPG,01200611.JPG,5400663,2026-01-20 16:31:02,moved
CT14,102EK113,01200612.JPG,102EK113\01200612.JPG,01200612.JPG,5400658,2026-01-20 16:31:02,moved
CT14,102EK113,01200613.JPG,102EK113\01200613.JPG,01200613.JPG,5378100,2026-01-20 16:32:02,moved
CT14,102EK113,01200614.JPG,102EK113\01200614.JPG,01200614.JPG,5230051,2026-01-20 16:32:02,moved
CT14,102EK113,01200615.JPG,102EK113\01200615.JPG,01200615.JPG,5136670,2026-01-20 16:32:02,moved
CT14,102EK113,01200616.JPG,102EK113\01200616.JPG,01200616.JPG,5388206,2026-01-20 16:33:00,moved
CT14,102EK113,01200617.JPG,102EK113\01200617.JPG,01200617.JPG,5412741,2026-01-20 16:33:03,moved
CT14,102EK113,01200618.JPG,102EK113\01200618.JPG,01200618.JPG,5412200,2026-01-20 16:33:02,moved
CT14,102EK113,01200619.JPG,102EK113\01200619.JPG,01200619.JPG,5419034,2026-01-20 16:34:03,moved
CT14,102EK113,01200620.JPG,102EK113\01200620.JPG,01200620.JPG,5412137,2026-01-20 16:34:02,moved
CT14,102EK113,01200621.JPG,102EK113\01200621.JPG,01200621.JPG,5398633,2026-01-20 16:34:02,moved
CT14,102EK113,01200622.JPG,102EK113\01200622.JPG,01200622.JPG,5369694,2026-01-20 16:35:00,moved
CT14,102EK113,01200623.JPG,102EK113\01200623.JPG,01200623.JPG,5366833,2026-01-20 16:35:03,moved
CT14,102EK113,01200624.JPG,102EK113\01200624.JPG,01200624.JPG,5387883,2026-01-20 16:35:02,moved
CT14,102EK113,01200625.JPG,102EK113\01200625.JPG,01200625.JPG,5372383,2026-01-20 16:36:00,moved
CT14,102EK113,01200626.JPG,102EK113\01200626.JPG,01200626.JPG,5353613,2026-01-20 16:36:02,moved
CT14,102EK113,01200627.JPG,102EK113\01200627.JPG,01200627.JPG,5352846,2026-01-20 16:36:02,moved
CT14,102EK113,01200628.JPG,102EK113\01200628.JPG,01200628.JPG,5390960,2026-01-20 16:37:02,moved
CT14,102EK113,01200629.JPG,102EK113\01200629.JPG,01200629.JPG,5387497,2026-01-20 16:37:02,moved
CT14,102EK113,01200630.JPG,102EK113\01200630.JPG,01200630.JPG,5370026,2026-01-20 16:37:02,moved
CT14,102EK113,02190631.JPG,102EK113\02190631.JPG,02190631.JPG,5275296,2026-02-19 12:03:02,moved
CT14,102EK113,02190632.JPG,102EK113\02190632.JPG,02190632.JPG,5395327,2026-02-19 12:03:02,moved
CT14,102EK113,02190633.JPG,102EK113\02190633.JPG,02190633.JPG,5908838,2026-02-19 15:02:44,moved
CT14,102EK113,02190634.JPG,102EK113\02190634.JPG,02190634.JPG,5799375,2026-02-19 15:02:44,moved
CT20,100EK113,01030689.JPG,100EK113\01030689.JPG,01030689.JPG,6009356,2026-01-03 15:59:38,moved
CT20,100EK113,01030690.JPG,100EK113\01030690.JPG,01030690.JPG,6018261,2026-01-03 15:59:38,moved
CT20,100EK113,01030691.JPG,100EK113\01030691.JPG,01030691.JPG,6017637,2026-01-03 15:59:40,moved
CT20,100EK113,01030692.MOV,100EK113\01030692.MOV,01030692.MOV,117232199,2026-01-03 15:59:56,moved
CT20,100EK113,01040693.JPG,100EK113\01040693.JPG,01040693.JPG,6266652,2026-01-04 13:15:48,moved
CT20,100EK113,01040694.JPG,100EK113\01040694.JPG,01040694.JPG,6244210,2026-01-04 13:15:50,moved
CT20,100EK113,01040695.JPG,100EK113\01040695.JPG,01040695.JPG,6260662,2026-01-04 13:15:50,moved
CT20,100EK113,01040696.MOV,100EK113\01040696.MOV,01040696.MOV,114725958,1969-12-31 21:00:00,moved
CT20,100EK113,01040697.JPG,100EK113\01040697.JPG,01040697.JPG,6162797,2026-01-04 15:02:38,moved
CT20,100EK113,01040698.JPG,100EK113\01040698.JPG,01040698.JPG,5972989,2026-01-04 15:02:40,moved
CT20,100EK113,01040699.JPG,100EK113\01040699.JPG,01040699.JPG,5976811,2026-01-04 15:02:40,moved
CT20,100EK113,01040700.MOV,100EK113\01040700.MOV,01040700.MOV,119427086,1969-12-31 21:00:00,moved
CT20,100EK113,01040701.JPG,100EK113\01040701.JPG,01040701.JPG,5978449,2026-01-04 15:15:29,moved
CT20,100EK113,01040702.JPG,100EK113\01040702.JPG,01040702.JPG,5997591,2026-01-04 15:15:28,moved
CT20,100EK113,01040703.JPG,100EK113\01040703.JPG,01040703.JPG,5988524,2026-01-04 15:15:28,moved
CT20,100EK113,01040704.MOV,100EK113\01040704.MOV,01040704.MOV,117880480,2026-01-04 15:15:46,moved
CT20,100EK113,01050705.JPG,100EK113\01050705.JPG,01050705.JPG,4097829,2026-01-05 03:50:20,moved
CT20,100EK113,01050706.JPG,100EK113\01050706.JPG,01050706.JPG,4097507,2026-01-05 03:50:20,moved
CT20,100EK113,01050707.JPG,100EK113\01050707.JPG,01050707.JPG,4017050,2026-01-05 03:50:20,moved
CT20,100EK113,01050708.MOV,100EK113\01050708.MOV,01050708.MOV,92834660,2026-01-05 03:50:38,moved
CT20,100EK113,01050709.JPG,100EK113\01050709.JPG,01050709.JPG,5862442,2026-01-05 11:39:08,moved
CT20,100EK113,01050710.JPG,100EK113\01050710.JPG,01050710.JPG,5854878,2026-01-05 11:39:10,moved
CT20,100EK113,01050711.JPG,100EK113\01050711.JPG,01050711.JPG,5820616,2026-01-05 11:39:10,moved
CT20,100EK113,01050712.MOV,100EK113\01050712.MOV,01050712.MOV,114531028,2026-01-05 11:39:26,moved
CT20,100EK113,01050713.JPG,100EK113\01050713.JPG,01050713.JPG,5376502,2026-01-05 11:59:08,moved
CT20,100EK113,01050714.JPG,100EK113\01050714.JPG,01050714.JPG,5463831,2026-01-05 11:59:11,moved
CT20,100EK113,01050715.JPG,100EK113\01050715.JPG,01050715.JPG,5393426,2026-01-05 11:59:10,moved
CT20,100EK113,01050716.MOV,100EK113\01050716.MOV,01050716.MOV,118979899,2026-01-05 11:59:26,moved
CT20,100EK113,01050717.JPG,100EK113\01050717.JPG,01050717.JPG,5219697,2026-01-05 12:05:38,moved
CT20,100EK113,01050718.JPG,100EK113\01050718.JPG,01050718.JPG,5100625,2026-01-05 12:05:40,moved
CT20,100EK113,01050719.JPG,100EK113\01050719.JPG,01050719.JPG,4918983,2026-01-05 12:05:40,moved
CT20,100EK113,01050720.MOV,100EK113\01050720.MOV,01050720.MOV,117418028,2026-01-05 12:05:56,moved
CT20,100EK113,01050721.JPG,100EK113\01050721.JPG,01050721.JPG,4776857,2026-01-05 12:18:31,moved
CT20,100EK113,01050722.JPG,100EK113\01050722.JPG,01050722.JPG,5146684,2026-01-05 12:18:30,moved
CT20,100EK113,01050723.JPG,100EK113\01050723.JPG,01050723.JPG,5585331,2026-01-05 12:18:30,moved
CT20,100EK113,01050724.MOV,100EK113\01050724.MOV,01050724.MOV,120811295,2026-01-05 12:18:48,moved
CT20,100EK113,01050725.JPG,100EK113\01050725.JPG,01050725.JPG,4380536,2026-01-05 12:22:34,moved
CT20,100EK113,01050726.JPG,100EK113\01050726.JPG,01050726.JPG,4513525,2026-01-05 12:22:36,moved
CT20,100EK113,01050727.JPG,100EK113\01050727.JPG,01050727.JPG,4902014,2026-01-05 12:22:36,moved
CT20,100EK113,01050728.MOV,100EK113\01050728.MOV,01050728.MOV,121471218,2026-01-05 12:22:52,moved
CT20,100EK113,01050729.JPG,100EK113\01050729.JPG,01050729.JPG,4838492,2026-01-05 12:23:22,moved
CT20,100EK113,01050730.JPG,100EK113\01050730.JPG,01050730.JPG,4643652,2026-01-05 12:23:22,moved
CT20,100EK113,01050731.JPG,100EK113\01050731.JPG,01050731.JPG,4522294,2026-01-05 12:23:24,moved
CT20,100EK113,01050732.MOV,100EK113\01050732.MOV,01050732.MOV,119758320,2026-01-05 12:23:40,moved
CT20,100EK113,01080733.JPG,100EK113\01080733.JPG,01080733.JPG,5882446,2026-01-08 16:18:20,moved
CT20,100EK113,01080734.JPG,100EK113\01080734.JPG,01080734.JPG,6047981,2026-01-08 16:18:20,moved
CT20,100EK113,01080735.JPG,100EK113\01080735.JPG,01080735.JPG,6031455,2026-01-08 16:18:22,moved
CT20,100EK113,01080736.MOV,100EK113\01080736.MOV,01080736.MOV,118152946,2026-01-08 16:18:38,moved
CT20,100EK113,01080737.JPG,100EK113\01080737.JPG,01080737.JPG,6018111,2026-01-08 17:01:10,moved
CT20,100EK113,01080738.JPG,100EK113\01080738.JPG,01080738.JPG,6055583,2026-01-08 17:01:12,moved
CT20,100EK113,01080739.JPG,100EK113\01080739.JPG,01080739.JPG,6063435,2026-01-08 17:01:12,moved
CT20,100EK113,01080740.MOV,100EK113\01080740.MOV,01080740.MOV,118573909,2026-01-08 17:01:28,moved
CT20,100EK113,01090741.JPG,100EK113\01090741.JPG,01090741.JPG,6009016,2026-01-09 17:51:18,moved
CT20,100EK113,01090742.JPG,100EK113\01090742.JPG,01090742.JPG,6003945,2026-01-09 17:51:20,moved
CT20,100EK113,01090743.JPG,100EK113\01090743.JPG,01090743.JPG,6018190,2026-01-09 17:51:20,moved
CT20,100EK113,01090744.MOV,100EK113\01090744.MOV,01090744.MOV,119550514,2026-01-09 17:51:36,moved
CT20,100EK113,01100745.JPG,100EK113\01100745.JPG,01100745.JPG,6031183,2026-01-10 15:17:12,moved
CT20,100EK113,01100746.JPG,100EK113\01100746.JPG,01100746.JPG,6045349,2026-01-10 15:17:12,moved
CT20,100EK113,01100747.JPG,100EK113\01100747.JPG,01100747.JPG,6029344,2026-01-10 15:17:14,moved
CT20,100EK113,01100748.MOV,100EK113\01100748.MOV,01100748.MOV,122544072,2026-01-10 15:17:30,moved
CT20,100EK113,01100749.JPG,100EK113\01100749.JPG,01100749.JPG,6073637,2026-01-10 15:48:10,moved
CT20,100EK113,01100750.JPG,100EK113\01100750.JPG,01100750.JPG,6038481,2026-01-10 15:48:10,moved
CT20,100EK113,01100751.JPG,100EK113\01100751.JPG,01100751.JPG,6023242,2026-01-10 15:48:12,moved
CT20,100EK113,01100752.MOV,100EK113\01100752.MOV,01100752.MOV,115673950,2026-01-10 15:48:28,moved
CT20,100EK113,01100753.JPG,100EK113\01100753.JPG,01100753.JPG,6052301,2026-01-10 16:10:06,moved
CT20,100EK113,01100754.JPG,100EK113\01100754.JPG,01100754.JPG,6041243,2026-01-10 16:10:09,moved
CT20,100EK113,01100755.JPG,100EK113\01100755.JPG,01100755.JPG,6099612,2026-01-10 16:10:08,moved
CT20,100EK113,01100756.MOV,100EK113\01100756.MOV,01100756.MOV,114191987,2026-01-10 16:10:24,moved
CT20,100EK113,01100757.JPG,100EK113\01100757.JPG,01100757.JPG,6049277,2026-01-10 16:16:26,moved
CT20,100EK113,01100758.JPG,100EK113\01100758.JPG,01100758.JPG,6056599,2026-01-10 16:16:28,moved
CT20,100EK113,01100759.JPG,100EK113\01100759.JPG,01100759.JPG,6101415,2026-01-10 16:16:28,moved
CT20,100EK113,01100760.MOV,100EK113\01100760.MOV,01100760.MOV,114648733,2026-01-10 16:16:44,moved
CT20,100EK113,01100761.JPG,100EK113\01100761.JPG,01100761.JPG,6036681,2026-01-10 16:21:34,moved
CT20,100EK113,01100762.JPG,100EK113\01100762.JPG,01100762.JPG,6100800,2026-01-10 16:21:34,moved
CT20,100EK113,01100763.JPG,100EK113\01100763.JPG,01100763.JPG,6110865,2026-01-10 16:21:34,moved
CT20,100EK113,01100764.MOV,100EK113\01100764.MOV,01100764.MOV,114954893,2026-01-10 16:21:50,moved
CT20,100EK113,01100765.JPG,100EK113\01100765.JPG,01100765.JPG,6060814,2026-01-10 16:29:24,moved
CT20,100EK113,01100766.JPG,100EK113\01100766.JPG,01100766.JPG,6067456,2026-01-10 16:29:26,moved
CT20,100EK113,01100767.JPG,100EK113\01100767.JPG,01100767.JPG,6088483,2026-01-10 16:29:26,moved
CT20,100EK113,01100768.MOV,100EK113\01100768.MOV,01100768.MOV,113880042,2026-01-10 16:29:42,moved
CT20,100EK113,01100769.JPG,100EK113\01100769.JPG,01100769.JPG,6038188,2026-01-10 16:32:02,moved
CT20,100EK113,01100770.JPG,100EK113\01100770.JPG,01100770.JPG,6089789,2026-01-10 16:32:04,moved
CT20,100EK113,01100771.JPG,100EK113\01100771.JPG,01100771.JPG,6100173,2026-01-10 16:32:04,moved
CT20,100EK113,01100772.MOV,100EK113\01100772.MOV,01100772.MOV,120076550,2026-01-10 16:32:20,moved
CT20,100EK113,01100773.JPG,100EK113\01100773.JPG,01100773.JPG,6077335,2026-01-10 16:40:14,moved
CT20,100EK113,01100774.JPG,100EK113\01100774.JPG,01100774.JPG,6087366,2026-01-10 16:40:14,moved
CT20,100EK113,01100775.JPG,100EK113\01100775.JPG,01100775.JPG,6085708,2026-01-10 16:40:17,moved
CT20,100EK113,01100776.MOV,100EK113\01100776.MOV,01100776.MOV,118928977,2026-01-10 16:40:32,moved
CT20,100EK113,01100777.JPG,100EK113\01100777.JPG,01100777.JPG,6063635,2026-01-10 17:34:08,moved
CT20,100EK113,01100778.JPG,100EK113\01100778.JPG,01100778.JPG,6037895,2026-01-10 17:34:08,moved
CT20,100EK113,01100779.JPG,100EK113\01100779.JPG,01100779.JPG,6067247,2026-01-10 17:34:08,moved
CT20,100EK113,01100780.MOV,100EK113\01100780.MOV,01100780.MOV,119382702,2026-01-10 17:34:26,moved
CT20,100EK113,01100781.JPG,100EK113\01100781.JPG,01100781.JPG,6059023,2026-01-10 17:46:57,moved
CT20,100EK113,01100782.JPG,100EK113\01100782.JPG,01100782.JPG,6033732,2026-01-10 17:46:56,moved
CT20,100EK113,01100783.JPG,100EK113\01100783.JPG,01100783.JPG,6066059,2026-01-10 17:46:56,moved
CT20,100EK113,01100784.MOV,100EK113\01100784.MOV,01100784.MOV,112360355,2026-01-10 17:47:12,moved
CT20,100EK113,01110785.JPG,100EK113\01110785.JPG,01110785.JPG,6038212,2026-01-11 14:44:34,moved
CT20,100EK113,01110786.JPG,100EK113\01110786.JPG,01110786.JPG,6016291,2026-01-11 14:44:34,moved
CT20,100EK113,01110787.JPG,100EK113\01110787.JPG,01110787.JPG,6029105,2026-01-11 14:44:36,moved
CT20,100EK113,01110788.MOV,100EK113\01110788.MOV,01110788.MOV,112906120,2026-01-11 14:44:52,moved
CT20,100EK113,01110789.JPG,100EK113\01110789.JPG,01110789.JPG,6076727,2026-01-11 14:49:20,moved
CT20,100EK113,01110790.JPG,100EK113\01110790.JPG,01110790.JPG,6080586,2026-01-11 14:49:23,moved
CT20,100EK113,01110791.JPG,100EK113\01110791.JPG,01110791.JPG,6042811,2026-01-11 14:49:22,moved
CT20,100EK113,01110792.MOV,100EK113\01110792.MOV,01110792.MOV,115323249,1969-12-31 21:00:00,moved
CT20,100EK113,01110793.JPG,100EK113\01110793.JPG,01110793.JPG,6024824,2026-01-11 14:55:46,moved
CT20,100EK113,01110794.JPG,100EK113\01110794.JPG,01110794.JPG,6039395,2026-01-11 14:55:48,moved
CT20,100EK113,01110795.JPG,100EK113\01110795.JPG,01110795.JPG,6025274,2026-01-11 14:55:48,moved
CT20,100EK113,01110796.MOV,100EK113\01110796.MOV,01110796.MOV,118966839,2026-01-11 14:56:04,moved
CT20,100EK113,01110797.JPG,100EK113\01110797.JPG,01110797.JPG,6012048,2026-01-11 14:59:08,moved
CT20,100EK113,01110798.JPG,100EK113\01110798.JPG,01110798.JPG,6004886,2026-01-11 14:59:08,moved
CT20,100EK113,01110799.JPG,100EK113\01110799.JPG,01110799.JPG,6069916,2026-01-11 14:59:10,moved
CT20,100EK113,01110800.MOV,100EK113\01110800.MOV,01110800.MOV,112518017,2026-01-11 14:59:26,moved
CT20,100EK113,01110801.JPG,100EK113\01110801.JPG,01110801.JPG,6033554,2026-01-11 15:02:44,moved
CT20,100EK113,01110802.JPG,100EK113\01110802.JPG,01110802.JPG,6033718,2026-01-11 15:02:47,moved
CT20,100EK113,01110803.JPG,100EK113\01110803.JPG,01110803.JPG,6024610,2026-01-11 15:02:46,moved
CT20,100EK113,01110804.MOV,100EK113\01110804.MOV,01110804.MOV,114850681,2026-01-11 15:03:02,moved
CT20,100EK113,01110805.JPG,100EK113\01110805.JPG,01110805.JPG,6053192,2026-01-11 15:04:42,moved
CT20,100EK113,01110806.JPG,100EK113\01110806.JPG,01110806.JPG,6032668,2026-01-11 15:04:42,moved
CT20,100EK113,01110807.JPG,100EK113\01110807.JPG,01110807.JPG,6064266,2026-01-11 15:04:44,moved
CT20,100EK113,01110808.MOV,100EK113\01110808.MOV,01110808.MOV,113563449,2026-01-11 15:05:00,moved
CT20,100EK113,01110809.JPG,100EK113\01110809.JPG,01110809.JPG,6063655,2026-01-11 15:05:38,moved
CT20,100EK113,01110810.JPG,100EK113\01110810.JPG,01110810.JPG,6085942,2026-01-11 15:05:41,moved
CT20,100EK113,01110811.JPG,100EK113\01110811.JPG,01110811.JPG,6024803,2026-01-11 15:05:40,moved
CT20,100EK113,01110812.MOV,100EK113\01110812.MOV,01110812.MOV,120059789,2026-01-11 15:05:56,moved
CT20,100EK113,01110813.JPG,100EK113\01110813.JPG,01110813.JPG,6021981,2026-01-11 15:07:04,moved
CT20,100EK113,01110814.JPG,100EK113\01110814.JPG,01110814.JPG,6015640,2026-01-11 15:07:04,moved
CT20,100EK113,01110815.JPG,100EK113\01110815.JPG,01110815.JPG,6022087,2026-01-11 15:07:07,moved
CT20,100EK113,01110816.MOV,100EK113\01110816.MOV,01110816.MOV,116332215,2026-01-11 15:07:22,moved
CT20,100EK113,01110817.JPG,100EK113\01110817.JPG,01110817.JPG,5998044,2026-01-11 15:07:26,moved
CT20,100EK113,01110818.JPG,100EK113\01110818.JPG,01110818.JPG,6067749,2026-01-11 15:07:26,moved
CT20,100EK113,01110819.JPG,100EK113\01110819.JPG,01110819.JPG,6017200,2026-01-11 15:07:29,moved
CT20,100EK113,01110820.MOV,100EK113\01110820.MOV,01110820.MOV,115345941,2026-01-11 15:07:44,moved
CT20,100EK113,01110821.JPG,100EK113\01110821.JPG,01110821.JPG,6104457,2026-01-11 15:12:24,moved
CT20,100EK113,01110822.JPG,100EK113\01110822.JPG,01110822.JPG,6051257,2026-01-11 15:12:26,moved
CT20,100EK113,01110823.JPG,100EK113\01110823.JPG,01110823.JPG,6049920,2026-01-11 15:12:26,moved
CT20,100EK113,01110824.MOV,100EK113\01110824.MOV,01110824.MOV,112499804,2026-01-11 15:12:42,moved
CT20,100EK113,01110825.JPG,100EK113\01110825.JPG,01110825.JPG,6041366,2026-01-11 15:15:40,moved
CT20,100EK113,01110826.JPG,100EK113\01110826.JPG,01110826.JPG,6077841,2026-01-11 15:15:43,moved
CT20,100EK113,01110827.JPG,100EK113\01110827.JPG,01110827.JPG,6032270,2026-01-11 15:15:42,moved
CT20,100EK113,01110828.MOV,100EK113\01110828.MOV,01110828.MOV,114372169,1969-12-31 21:00:00,moved
CT20,100EK113,01110829.JPG,100EK113\01110829.JPG,01110829.JPG,6052545,2026-01-11 15:16:51,moved
CT20,100EK113,01110830.JPG,100EK113\01110830.JPG,01110830.JPG,6042357,2026-01-11 15:16:50,moved
CT20,100EK113,01110831.JPG,100EK113\01110831.JPG,01110831.JPG,6051918,2026-01-11 15:16:50,moved
CT20,100EK113,01110832.MOV,100EK113\01110832.MOV,01110832.MOV,118598641,2026-01-11 15:17:08,moved
CT20,100EK113,01110833.JPG,100EK113\01110833.JPG,01110833.JPG,6036490,2026-01-11 15:18:34,moved
CT20,100EK113,01110834.JPG,100EK113\01110834.JPG,01110834.JPG,6010286,2026-01-11 15:18:37,moved
CT20,100EK113,01110835.JPG,100EK113\01110835.JPG,01110835.JPG,6022256,2026-01-11 15:18:36,moved
CT20,100EK113,01110836.MOV,100EK113\01110836.MOV,01110836.MOV,119141733,1969-12-31 21:00:00,moved
CT20,100EK113,01110837.JPG,100EK113\01110837.JPG,01110837.JPG,6079140,2026-01-11 15:24:22,moved
CT20,100EK113,01110838.JPG,100EK113\01110838.JPG,01110838.JPG,6097513,2026-01-11 15:24:24,moved
CT20,100EK113,01110839.JPG,100EK113\01110839.JPG,01110839.JPG,6068858,2026-01-11 15:24:24,moved
CT20,100EK113,01110840.MOV,100EK113\01110840.MOV,01110840.MOV,119287394,2026-01-11 15:24:40,moved
CT20,100EK113,01110841.JPG,100EK113\01110841.JPG,01110841.JPG,6083126,2026-01-11 15:33:17,moved
CT20,100EK113,01110842.JPG,100EK113\01110842.JPG,01110842.JPG,6073058,2026-01-11 15:33:16,moved
CT20,100EK113,01110843.JPG,100EK113\01110843.JPG,01110843.JPG,6081794,2026-01-11 15:33:16,moved
CT20,100EK113,01110844.MOV,100EK113\01110844.MOV,01110844.MOV,119847648,2026-01-11 15:33:34,moved
CT20,100EK113,01110845.JPG,100EK113\01110845.JPG,01110845.JPG,6255699,2026-01-11 15:38:54,moved
CT20,100EK113,01110846.JPG,100EK113\01110846.JPG,01110846.JPG,6030747,2026-01-11 15:38:54,moved
CT20,100EK113,01110847.JPG,100EK113\01110847.JPG,01110847.JPG,6024624,2026-01-11 15:38:56,moved
CT20,100EK113,01110848.MOV,100EK113\01110848.MOV,01110848.MOV,120887978,2026-01-11 15:39:12,moved
CT20,100EK113,01110849.JPG,100EK113\01110849.JPG,01110849.JPG,6047428,2026-01-11 15:40:08,moved
CT20,100EK113,01110850.JPG,100EK113\01110850.JPG,01110850.JPG,6039829,2026-01-11 15:40:08,moved
CT20,100EK113,01110851.JPG,100EK113\01110851.JPG,01110851.JPG,6026300,2026-01-11 15:40:10,moved
CT20,100EK113,01110852.MOV,100EK113\01110852.MOV,01110852.MOV,114456413,2026-01-11 15:40:26,moved
CT20,100EK113,01110853.JPG,100EK113\01110853.JPG,01110853.JPG,6037405,2026-01-11 15:44:38,moved
CT20,100EK113,01110854.JPG,100EK113\01110854.JPG,01110854.JPG,6044633,2026-01-11 15:44:41,moved
CT20,100EK113,01110855.JPG,100EK113\01110855.JPG,01110855.JPG,6100832,2026-01-11 15:44:40,moved
CT20,100EK113,01110856.MOV,100EK113\01110856.MOV,01110856.MOV,113823587,2026-01-11 15:44:56,moved
CT20,100EK113,01110857.JPG,100EK113\01110857.JPG,01110857.JPG,6059120,2026-01-11 15:47:31,moved
CT20,100EK113,01110858.JPG,100EK113\01110858.JPG,01110858.JPG,6045426,2026-01-11 15:47:30,moved
CT20,100EK113,01110859.JPG,100EK113\01110859.JPG,01110859.JPG,6105942,2026-01-11 15:47:30,moved
CT20,100EK113,01110860.MOV,100EK113\01110860.MOV,01110860.MOV,118904390,2026-01-11 15:47:48,moved
CT20,100EK113,01110861.JPG,100EK113\01110861.JPG,01110861.JPG,6047165,2026-01-11 15:48:28,moved
CT20,100EK113,01110862.JPG,100EK113\01110862.JPG,01110862.JPG,6072197,2026-01-11 15:48:31,moved
CT20,100EK113,01110863.JPG,100EK113\01110863.JPG,01110863.JPG,6067479,2026-01-11 15:48:30,moved
CT20,100EK113,01110864.MOV,100EK113\01110864.MOV,01110864.MOV,120097568,2026-01-11 15:48:46,moved
CT20,100EK113,01110865.JPG,100EK113\01110865.JPG,01110865.JPG,6030992,2026-01-11 15:50:34,moved
CT20,100EK113,01110866.JPG,100EK113\01110866.JPG,01110866.JPG,6044402,2026-01-11 15:50:34,moved
CT20,100EK113,01110867.JPG,100EK113\01110867.JPG,01110867.JPG,6037096,2026-01-11 15:50:36,moved
CT20,100EK113,01110868.MOV,100EK113\01110868.MOV,01110868.MOV,113951078,2026-01-11 15:50:52,moved
CT20,100EK113,01110869.JPG,100EK113\01110869.JPG,01110869.JPG,6032862,2026-01-11 15:52:30,moved
CT20,100EK113,01110870.JPG,100EK113\01110870.JPG,01110870.JPG,6031511,2026-01-11 15:52:33,moved
CT20,100EK113,01110871.JPG,100EK113\01110871.JPG,01110871.JPG,6000054,2026-01-11 15:52:32,moved
CT20,100EK113,01110872.MOV,100EK113\01110872.MOV,01110872.MOV,121297401,2026-01-11 15:52:48,moved
CT20,100EK113,01110873.JPG,100EK113\01110873.JPG,01110873.JPG,5997230,2026-01-11 15:54:22,moved
CT20,100EK113,01110874.JPG,100EK113\01110874.JPG,01110874.JPG,6025052,2026-01-11 15:54:24,moved
CT20,100EK113,01110875.JPG,100EK113\01110875.JPG,01110875.JPG,6028513,2026-01-11 15:54:24,moved
CT20,100EK113,01110876.MOV,100EK113\01110876.MOV,01110876.MOV,119571501,2026-01-11 15:54:40,moved
CT20,100EK113,01110877.JPG,100EK113\01110877.JPG,01110877.JPG,6048016,2026-01-11 15:58:38,moved
CT20,100EK113,01110878.JPG,100EK113\01110878.JPG,01110878.JPG,6025678,2026-01-11 15:58:38,moved
CT20,100EK113,01110879.JPG,100EK113\01110879.JPG,01110879.JPG,6033518,2026-01-11 15:58:38,moved
CT20,100EK113,01110880.MOV,100EK113\01110880.MOV,01110880.MOV,112430202,2026-01-11 15:58:54,moved
CT20,100EK113,01110881.JPG,100EK113\01110881.JPG,01110881.JPG,6063598,2026-01-11 15:59:08,moved
CT20,100EK113,01110882.JPG,100EK113\01110882.JPG,01110882.JPG,6038756,2026-01-11 15:59:11,moved
CT20,100EK113,01110883.JPG,100EK113\01110883.JPG,01110883.JPG,6080105,2026-01-11 15:59:10,moved
CT20,100EK113,01110884.MOV,100EK113\01110884.MOV,01110884.MOV,113443859,2026-01-11 15:59:26,moved
CT20,100EK113,01110885.JPG,100EK113\01110885.JPG,01110885.JPG,6020936,2026-01-11 16:00:12,moved
CT20,100EK113,01110886.JPG,100EK113\01110886.JPG,01110886.JPG,6027780,2026-01-11 16:00:12,moved
CT20,100EK113,01110887.JPG,100EK113\01110887.JPG,01110887.JPG,6065690,2026-01-11 16:00:14,moved
CT20,100EK113,01110888.MOV,100EK113\01110888.MOV,01110888.MOV,113727501,2026-01-11 16:00:30,moved
CT20,100EK113,01110889.JPG,100EK113\01110889.JPG,01110889.JPG,6083431,2026-01-11 16:00:32,moved
CT20,100EK113,01110890.JPG,100EK113\01110890.JPG,01110890.JPG,6094036,2026-01-11 16:00:34,moved
CT20,100EK113,01110891.JPG,100EK113\01110891.JPG,01110891.JPG,6058953,2026-01-11 16:00:34,moved
CT20,100EK113,01110892.MOV,100EK113\01110892.MOV,01110892.MOV,114825209,2026-01-11 16:00:50,moved
CT20,100EK113,01110893.JPG,100EK113\01110893.JPG,01110893.JPG,6023217,2026-01-11 16:03:27,moved
CT20,100EK113,01110894.JPG,100EK113\01110894.JPG,01110894.JPG,6054988,2026-01-11 16:03:26,moved
CT20,100EK113,01110895.JPG,100EK113\01110895.JPG,01110895.JPG,6059954,2026-01-11 16:03:26,moved
CT20,100EK113,01110896.MOV,100EK113\01110896.MOV,01110896.MOV,115269716,2026-01-11 16:03:42,moved
CT20,100EK113,01110897.JPG,100EK113\01110897.JPG,01110897.JPG,6056840,2026-01-11 16:03:46,moved
CT20,100EK113,01110898.JPG,100EK113\01110898.JPG,01110898.JPG,6039877,2026-01-11 16:03:46,moved
CT20,100EK113,01110899.JPG,100EK113\01110899.JPG,01110899.JPG,6265051,2026-01-11 16:03:48,moved
CT20,100EK113,01110900.MOV,100EK113\01110900.MOV,01110900.MOV,118562129,2026-01-11 16:04:04,moved
CT20,100EK113,01110901.JPG,100EK113\01110901.JPG,01110901.JPG,6036426,2026-01-11 16:04:38,moved
CT20,100EK113,01110902.JPG,100EK113\01110902.JPG,01110902.JPG,6080788,2026-01-11 16:04:38,moved
CT20,100EK113,01110903.JPG,100EK113\01110903.JPG,01110903.JPG,6081330,2026-01-11 16:04:40,moved
CT20,100EK113,01110904.MOV,100EK113\01110904.MOV,01110904.MOV,111836244,2026-01-11 16:04:56,moved
CT20,100EK113,01110905.JPG,100EK113\01110905.JPG,01110905.JPG,6053934,2026-01-11 16:05:44,moved
CT20,100EK113,01110906.JPG,100EK113\01110906.JPG,01110906.JPG,6042579,2026-01-11 16:05:44,moved
CT20,100EK113,01110907.JPG,100EK113\01110907.JPG,01110907.JPG,6068254,2026-01-11 16:05:44,moved
CT20,100EK113,01110908.MOV,100EK113\01110908.MOV,01110908.MOV,120044974,2026-01-11 16:06:02,moved
CT20,100EK113,01110909.JPG,100EK113\01110909.JPG,01110909.JPG,6076833,2026-01-11 16:07:37,moved
CT20,100EK113,01110910.JPG,100EK113\01110910.JPG,01110910.JPG,6105188,2026-01-11 16:07:36,moved
CT20,100EK113,01110911.JPG,100EK113\01110911.JPG,01110911.JPG,6077706,2026-01-11 16:07:36,moved
CT20,100EK113,01110912.MOV,100EK113\01110912.MOV,01110912.MOV,118881433,2026-01-11 16:07:54,moved
CT20,100EK113,01110913.JPG,100EK113\01110913.JPG,01110913.JPG,6236963,2026-01-11 16:10:26,moved
CT20,100EK113,01110914.JPG,100EK113\01110914.JPG,01110914.JPG,6024378,2026-01-11 16:10:29,moved
CT20,100EK113,01110915.JPG,100EK113\01110915.JPG,01110915.JPG,6029135,2026-01-11 16:10:28,moved
CT20,100EK113,01110916.MOV,100EK113\01110916.MOV,01110916.MOV,117070032,2026-01-11 16:10:44,moved
CT20,100EK113,01110917.JPG,100EK113\01110917.JPG,01110917.JPG,6075104,2026-01-11 16:14:12,moved
CT20,100EK113,01110918.JPG,100EK113\01110918.JPG,01110918.JPG,6051058,2026-01-11 16:14:12,moved
CT20,100EK113,01110919.JPG,100EK113\01110919.JPG,01110919.JPG,6050209,2026-01-11 16:14:15,moved
CT20,100EK113,01110920.MOV,100EK113\01110920.MOV,01110920.MOV,114447633,1969-12-31 21:00:00,moved
CT20,100EK113,01110921.JPG,100EK113\01110921.JPG,01110921.JPG,6084238,2026-01-11 16:14:58,moved
CT20,100EK113,01110922.JPG,100EK113\01110922.JPG,01110922.JPG,6050424,2026-01-11 16:14:58,moved
CT20,100EK113,01110923.JPG,100EK113\01110923.JPG,01110923.JPG,6031318,2026-01-11 16:15:01,moved
CT20,100EK113,01110924.MOV,100EK113\01110924.MOV,01110924.MOV,111578061,1969-12-31 21:00:00,moved
CT20,100EK113,01110925.JPG,100EK113\01110925.JPG,01110925.JPG,6034565,2026-01-11 16:15:38,moved
CT20,100EK113,01110926.JPG,100EK113\01110926.JPG,01110926.JPG,6080367,2026-01-11 16:15:38,moved
CT20,100EK113,01110927.JPG,100EK113\01110927.JPG,01110927.JPG,6037326,2026-01-11 16:15:41,moved
CT20,100EK113,01110928.MOV,100EK113\01110928.MOV,01110928.MOV,114112986,2026-01-11 16:15:56,moved
CT20,100EK113,01110929.JPG,100EK113\01110929.JPG,01110929.JPG,6018681,2026-01-11 16:16:20,moved
CT20,100EK113,01110930.JPG,100EK113\01110930.JPG,01110930.JPG,6078248,2026-01-11 16:16:20,moved
CT20,100EK113,01110931.JPG,100EK113\01110931.JPG,01110931.JPG,6025702,2026-01-11 16:16:23,moved
CT20,100EK113,01110932.MOV,100EK113\01110932.MOV,01110932.MOV,115445590,2026-01-11 16:16:38,moved
CT20,100EK113,01110933.JPG,100EK113\01110933.JPG,01110933.JPG,6027611,2026-01-11 16:16:40,moved
CT20,100EK113,01110934.JPG,100EK113\01110934.JPG,01110934.JPG,6055956,2026-01-11 16:16:40,moved
CT20,100EK113,01110935.JPG,100EK113\01110935.JPG,01110935.JPG,6052237,2026-01-11 16:16:42,moved
CT20,100EK113,01110936.MOV,100EK113\01110936.MOV,01110936.MOV,119002640,2026-01-11 16:16:58,moved
CT20,100EK113,01110937.JPG,100EK113\01110937.JPG,01110937.JPG,6213136,2026-01-11 16:17:18,moved
CT20,100EK113,01110938.JPG,100EK113\01110938.JPG,01110938.JPG,6009910,2026-01-11 16:17:18,moved
CT20,100EK113,01110939.JPG,100EK113\01110939.JPG,01110939.JPG,6188982,2026-01-11 16:17:18,moved
CT20,100EK113,01110940.MOV,100EK113\01110940.MOV,01110940.MOV,119109428,2026-01-11 16:17:36,moved
CT20,100EK113,01110941.JPG,100EK113\01110941.JPG,01110941.JPG,6033996,2026-01-11 16:19:22,moved
CT20,100EK113,01110942.JPG,100EK113\01110942.JPG,01110942.JPG,6228653,2026-01-11 16:19:22,moved
CT20,100EK113,01110943.JPG,100EK113\01110943.JPG,01110943.JPG,6009708,2026-01-11 16:19:25,moved
CT20,100EK113,01110944.MOV,100EK113\01110944.MOV,01110944.MOV,113474673,2026-01-11 16:19:40,moved
CT20,100EK113,01110945.JPG,100EK113\01110945.JPG,01110945.JPG,6250614,2026-01-11 16:20:54,moved
CT20,100EK113,01110946.JPG,100EK113\01110946.JPG,01110946.JPG,5946331,2026-01-11 16:20:54,moved
CT20,100EK113,01110947.JPG,100EK113\01110947.JPG,01110947.JPG,5921740,2026-01-11 16:20:56,moved
CT20,100EK113,01110948.MOV,100EK113\01110948.MOV,01110948.MOV,116621609,2026-01-11 16:21:12,moved
CT20,100EK113,01110949.JPG,100EK113\01110949.JPG,01110949.JPG,5975969,2026-01-11 16:21:22,moved
CT20,100EK113,01110950.JPG,100EK113\01110950.JPG,01110950.JPG,5947927,2026-01-11 16:21:24,moved
CT20,100EK113,01110951.JPG,100EK113\01110951.JPG,01110951.JPG,5911770,2026-01-11 16:21:24,moved
CT20,100EK113,01110952.MOV,100EK113\01110952.MOV,01110952.MOV,117203510,2026-01-11 16:21:40,moved
CT20,100EK113,01110953.JPG,100EK113\01110953.JPG,01110953.JPG,5974215,2026-01-11 16:26:02,moved
CT20,100EK113,01110954.JPG,100EK113\01110954.JPG,01110954.JPG,5967339,2026-01-11 16:26:02,moved
CT20,100EK113,01110955.JPG,100EK113\01110955.JPG,01110955.JPG,5975638,2026-01-11 16:26:05,moved
CT20,100EK113,01110956.MOV,100EK113\01110956.MOV,01110956.MOV,116441323,2026-01-11 16:26:20,moved
CT20,100EK113,01110957.JPG,100EK113\01110957.JPG,01110957.JPG,6271536,2026-01-11 16:26:22,moved
CT20,100EK113,01110958.JPG,100EK113\01110958.JPG,01110958.JPG,5924126,2026-01-11 16:26:22,moved
CT20,100EK113,01110959.JPG,100EK113\01110959.JPG,01110959.JPG,5878234,2026-01-11 16:26:25,moved
CT20,100EK113,01110960.MOV,100EK113\01110960.MOV,01110960.MOV,114717781,2026-01-11 16:26:40,moved
CT20,100EK113,01110961.JPG,100EK113\01110961.JPG,01110961.JPG,6168649,2026-01-11 16:26:44,moved
CT20,100EK113,01110962.JPG,100EK113\01110962.JPG,01110962.JPG,5826836,2026-01-11 16:26:44,moved
CT20,100EK113,01110963.JPG,100EK113\01110963.JPG,01110963.JPG,6241803,2026-01-11 16:26:46,moved
CT20,100EK113,01110964.MOV,100EK113\01110964.MOV,01110964.MOV,121313181,2026-01-11 16:27:02,moved
CT20,100EK113,01110965.JPG,100EK113\01110965.JPG,01110965.JPG,5958732,2026-01-11 16:36:17,moved
CT20,100EK113,01110966.JPG,100EK113\01110966.JPG,01110966.JPG,5987174,2026-01-11 16:36:16,moved
CT20,100EK113,01110967.JPG,100EK113\01110967.JPG,01110967.JPG,5976861,2026-01-11 16:36:16,moved
CT20,100EK113,01110968.MOV,100EK113\01110968.MOV,01110968.MOV,114895321,2026-01-11 16:36:33,moved
CT20,100EK113,01110969.JPG,100EK113\01110969.JPG,01110969.JPG,6257035,2026-01-11 16:39:03,moved
CT20,100EK113,01110970.JPG,100EK113\01110970.JPG,01110970.JPG,5890747,2026-01-11 16:39:02,moved
CT20,100EK113,01110971.JPG,100EK113\01110971.JPG,01110971.JPG,5918637,2026-01-11 16:39:02,moved
CT20,100EK113,01110972.MOV,100EK113\01110972.MOV,01110972.MOV,119945504,1969-12-31 21:00:00,moved
CT20,100EK113,01110973.JPG,100EK113\01110973.JPG,01110973.JPG,5905839,2026-01-11 16:39:30,moved
CT20,100EK113,01110974.JPG,100EK113\01110974.JPG,01110974.JPG,6244713,2026-01-11 16:39:30,moved
CT20,100EK113,01110975.JPG,100EK113\01110975.JPG,01110975.JPG,5865173,2026-01-11 16:39:30,moved
CT20,100EK113,01110976.MOV,100EK113\01110976.MOV,01110976.MOV,119685478,1969-12-31 21:00:00,moved
CT20,100EK113,01110977.JPG,100EK113\01110977.JPG,01110977.JPG,5969638,2026-01-11 16:47:00,moved
CT20,100EK113,01110978.JPG,100EK113\01110978.JPG,01110978.JPG,5968375,2026-01-11 16:47:00,moved
CT20,100EK113,01110979.JPG,100EK113\01110979.JPG,01110979.JPG,5975495,2026-01-11 16:47:00,moved
CT20,100EK113,01110980.MOV,100EK113\01110980.MOV,01110980.MOV,119601587,2026-01-11 16:47:18,moved
CT20,100EK113,01110981.JPG,100EK113\01110981.JPG,01110981.JPG,5970780,2026-01-11 16:47:30,moved
CT20,100EK113,01110982.JPG,100EK113\01110982.JPG,01110982.JPG,5932393,2026-01-11 16:47:32,moved
CT20,100EK113,01110983.JPG,100EK113\01110983.JPG,01110983.JPG,5994021,2026-01-11 16:47:32,moved
CT20,100EK113,01110984.MOV,100EK113\01110984.MOV,01110984.MOV,113839392,2026-01-11 16:47:48,moved
CT20,100EK113,01110985.JPG,100EK113\01110985.JPG,01110985.JPG,6013145,2026-01-11 16:48:20,moved
CT20,100EK113,01110986.JPG,100EK113\01110986.JPG,01110986.JPG,6004677,2026-01-11 16:48:22,moved
CT20,100EK113,01110987.JPG,100EK113\01110987.JPG,01110987.JPG,5942789,2026-01-11 16:48:22,moved
CT20,100EK113,01110988.MOV,100EK113\01110988.MOV,01110988.MOV,117398347,2026-01-11 16:48:38,moved
CT20,100EK113,01110989.JPG,100EK113\01110989.JPG,01110989.JPG,6024272,2026-01-11 16:49:38,moved
CT20,100EK113,01110990.JPG,100EK113\01110990.JPG,01110990.JPG,6002166,2026-01-11 16:49:38,moved
CT20,100EK113,01110991.JPG,100EK113\01110991.JPG,01110991.JPG,6005450,2026-01-11 16:49:40,moved
CT20,100EK113,01110992.MOV,100EK113\01110992.MOV,01110992.MOV,114593577,1969-12-31 21:00:00,moved
CT20,100EK113,01110993.JPG,100EK113\01110993.JPG,01110993.JPG,5972883,2026-01-11 16:51:26,moved
CT20,100EK113,01110994.JPG,100EK113\01110994.JPG,01110994.JPG,6260735,2026-01-11 16:51:28,moved
CT20,100EK113,01110995.JPG,100EK113\01110995.JPG,01110995.JPG,5947400,2026-01-11 16:51:28,moved
CT20,100EK113,01110996.MOV,100EK113\01110996.MOV,01110996.MOV,122256269,2026-01-11 16:51:46,moved
CT20,100EK113,01110997.JPG,100EK113\01110997.JPG,01110997.JPG,6066579,2026-01-11 16:52:36,moved
CT20,100EK113,01110998.JPG,100EK113\01110998.JPG,01110998.JPG,6034813,2026-01-11 16:52:38,moved
CT20,100EK113,01110999.JPG,100EK113\01110999.JPG,01110999.JPG,6027589,2026-01-11 16:52:38,moved
CT20,100EK113,12030001.JPG,100EK113\12030001.JPG,12030001.JPG,5727291,2025-12-03 15:51:00,moved
CT20,100EK113,12030002.JPG,100EK113\12030002.JPG,12030002.JPG,5788970,2025-12-03 15:51:00,moved
CT20,100EK113,12030003.JPG,100EK113\12030003.JPG,12030003.JPG,5722930,2025-12-03 15:51:00,moved
CT20,100EK113,12030004.MOV,100EK113\12030004.MOV,12030004.MOV,110942816,2025-12-03 15:51:16,moved
CT20,100EK113,12030005.JPG,100EK113\12030005.JPG,12030005.JPG,6149698,2025-12-03 16:47:26,moved
CT20,100EK113,12030006.JPG,100EK113\12030006.JPG,12030006.JPG,6159302,2025-12-03 16:47:26,moved
CT20,100EK113,12030007.JPG,100EK113\12030007.JPG,12030007.JPG,6197500,2025-12-03 16:47:28,moved
CT20,100EK113,12030008.MOV,100EK113\12030008.MOV,12030008.MOV,113275014,1969-12-31 21:00:00,moved
CT20,100EK113,12040009.JPG,100EK113\12040009.JPG,12040009.JPG,6050370,2025-12-04 15:02:12,moved
CT20,100EK113,12040010.JPG,100EK113\12040010.JPG,12040010.JPG,6024220,2025-12-04 15:02:12,moved
CT20,100EK113,12040011.JPG,100EK113\12040011.JPG,12040011.JPG,5989722,2025-12-04 15:02:14,moved
CT20,100EK113,12040012.MOV,100EK113\12040012.MOV,12040012.MOV,119379019,2025-12-04 15:02:30,moved
CT20,100EK113,12040013.JPG,100EK113\12040013.JPG,12040013.JPG,6033037,2025-12-04 15:51:16,moved
CT20,100EK113,12040014.JPG,100EK113\12040014.JPG,12040014.JPG,6063776,2025-12-04 15:51:16,moved
CT20,100EK113,12040015.JPG,100EK113\12040015.JPG,12040015.JPG,6134973,2025-12-04 15:51:18,moved
CT20,100EK113,12040016.MOV,100EK113\12040016.MOV,12040016.MOV,118474624,2025-12-04 15:51:34,moved
CT20,100EK113,12050017.JPG,100EK113\12050017.JPG,12050017.JPG,6251569,2025-12-05 15:13:06,moved
CT20,100EK113,12050018.JPG,100EK113\12050018.JPG,12050018.JPG,6127098,2025-12-05 15:13:06,moved
CT20,100EK113,12050019.JPG,100EK113\12050019.JPG,12050019.JPG,6124242,2025-12-05 15:13:08,moved
CT20,100EK113,12050020.MOV,100EK113\12050020.MOV,12050020.MOV,116693291,2025-12-05 15:13:24,moved
CT20,100EK113,12050021.JPG,100EK113\12050021.JPG,12050021.JPG,6050263,2025-12-05 15:35:40,moved
CT20,100EK113,12050022.JPG,100EK113\12050022.JPG,12050022.JPG,6064923,2025-12-05 15:35:43,moved
CT20,100EK113,12050023.JPG,100EK113\12050023.JPG,12050023.JPG,6053746,2025-12-05 15:35:42,moved
CT20,100EK113,12050024.MOV,100EK113\12050024.MOV,12050024.MOV,119746139,2025-12-05 15:35:58,moved
CT20,100EK113,12100025.JPG,100EK113\12100025.JPG,12100025.JPG,6127683,2025-12-10 16:47:18,moved
CT20,100EK113,12100026.JPG,100EK113\12100026.JPG,12100026.JPG,6102012,2025-12-10 16:47:18,moved
CT20,100EK113,12100027.JPG,100EK113\12100027.JPG,12100027.JPG,6089903,2025-12-10 16:47:18,moved
CT20,100EK113,12100028.MOV,100EK113\12100028.MOV,12100028.MOV,112881222,2025-12-10 16:47:36,moved
CT20,100EK113,12110029.JPG,100EK113\12110029.JPG,12110029.JPG,6101366,2025-12-11 15:14:02,moved
CT20,100EK113,12110030.JPG,100EK113\12110030.JPG,12110030.JPG,6207357,2025-12-11 15:14:02,moved
CT20,100EK113,12110031.JPG,100EK113\12110031.JPG,12110031.JPG,6194296,2025-12-11 15:14:04,moved
CT20,100EK113,12110032.MOV,100EK113\12110032.MOV,12110032.MOV,120245916,2025-12-11 15:14:20,moved
CT20,100EK113,12110033.JPG,100EK113\12110033.JPG,12110033.JPG,6123247,2025-12-11 15:31:00,moved
CT20,100EK113,12110034.JPG,100EK113\12110034.JPG,12110034.JPG,6130322,2025-12-11 15:31:02,moved
CT20,100EK113,12110035.JPG,100EK113\12110035.JPG,12110035.JPG,6165580,2025-12-11 15:31:02,moved
CT20,100EK113,12110036.MOV,100EK113\12110036.MOV,12110036.MOV,119173859,2025-12-11 15:31:20,moved
CT20,100EK113,12110037.JPG,100EK113\12110037.JPG,12110037.JPG,6259707,2025-12-11 15:49:30,moved
CT20,100EK113,12110038.JPG,100EK113\12110038.JPG,12110038.JPG,5952541,2025-12-11 15:49:32,moved
CT20,100EK113,12110039.JPG,100EK113\12110039.JPG,12110039.JPG,6260340,2025-12-11 15:49:32,moved
CT20,100EK113,12110040.MOV,100EK113\12110040.MOV,12110040.MOV,120442734,2025-12-11 15:49:50,moved
CT20,100EK113,12110041.JPG,100EK113\12110041.JPG,12110041.JPG,6142007,2025-12-11 15:51:40,moved
CT20,100EK113,12110042.JPG,100EK113\12110042.JPG,12110042.JPG,6127266,2025-12-11 15:51:40,moved
CT20,100EK113,12110043.JPG,100EK113\12110043.JPG,12110043.JPG,6118278,2025-12-11 15:51:43,moved
CT20,100EK113,12110044.MOV,100EK113\12110044.MOV,12110044.MOV,117022254,2025-12-11 15:51:58,moved
CT20,100EK113,12110045.JPG,100EK113\12110045.JPG,12110045.JPG,6186573,2025-12-11 16:06:10,moved
CT20,100EK113,12110046.JPG,100EK113\12110046.JPG,12110046.JPG,5957702,2025-12-11 16:06:13,moved
CT20,100EK113,12110047.JPG,100EK113\12110047.JPG,12110047.JPG,5960796,2025-12-11 16:06:12,moved
CT20,100EK113,12110048.MOV,100EK113\12110048.MOV,12110048.MOV,117999485,2025-12-11 16:06:28,moved
CT20,100EK113,12110049.JPG,100EK113\12110049.JPG,12110049.JPG,6259828,2025-12-11 16:31:26,moved
CT20,100EK113,12110050.JPG,100EK113\12110050.JPG,12110050.JPG,6252250,2025-12-11 16:31:26,moved
CT20,100EK113,12110051.JPG,100EK113\12110051.JPG,12110051.JPG,6246681,2025-12-11 16:31:29,moved
CT20,100EK113,12110052.MOV,100EK113\12110052.MOV,12110052.MOV,117234582,2025-12-11 16:31:44,moved
CT20,100EK113,12110053.JPG,100EK113\12110053.JPG,12110053.JPG,5902412,2025-12-11 16:45:38,moved
CT20,100EK113,12110054.JPG,100EK113\12110054.JPG,12110054.JPG,5801141,2025-12-11 16:45:38,moved
CT20,100EK113,12110055.JPG,100EK113\12110055.JPG,12110055.JPG,5908581,2025-12-11 16:45:41,moved
CT20,100EK113,12110056.MOV,100EK113\12110056.MOV,12110056.MOV,113747885,2025-12-11 16:45:56,moved
CT20,100EK113,12110057.JPG,100EK113\12110057.JPG,12110057.JPG,6171396,2025-12-11 16:55:30,moved
CT20,100EK113,12110058.JPG,100EK113\12110058.JPG,12110058.JPG,6209373,2025-12-11 16:55:30,moved
CT20,100EK113,12110059.JPG,100EK113\12110059.JPG,12110059.JPG,6194179,2025-12-11 16:55:30,moved
CT20,100EK113,12110060.MOV,100EK113\12110060.MOV,12110060.MOV,119872503,2025-12-11 16:55:48,moved
CT20,100EK113,12110061.JPG,100EK113\12110061.JPG,12110061.JPG,6185868,2025-12-11 16:56:53,moved
CT20,100EK113,12110062.JPG,100EK113\12110062.JPG,12110062.JPG,6151555,2025-12-11 16:56:52,moved
CT20,100EK113,12110063.JPG,100EK113\12110063.JPG,12110063.JPG,6174278,2025-12-11 16:56:52,moved
CT20,100EK113,12110064.MOV,100EK113\12110064.MOV,12110064.MOV,119300756,1969-12-31 21:00:00,moved
CT20,100EK113,12110065.JPG,100EK113\12110065.JPG,12110065.JPG,6189639,2025-12-11 17:00:04,moved
CT20,100EK113,12110066.JPG,100EK113\12110066.JPG,12110066.JPG,6132954,2025-12-11 17:00:04,moved
CT20,100EK113,12110067.JPG,100EK113\12110067.JPG,12110067.JPG,6168257,2025-12-11 17:00:06,moved
CT20,100EK113,12110068.MOV,100EK113\12110068.MOV,12110068.MOV,120827807,1969-12-31 21:00:00,moved
CT20,100EK113,12110069.JPG,100EK113\12110069.JPG,12110069.JPG,6197170,2025-12-11 17:00:44,moved
CT20,100EK113,12110070.JPG,100EK113\12110070.JPG,12110070.JPG,6172700,2025-12-11 17:00:44,moved
CT20,100EK113,12110071.JPG,100EK113\12110071.JPG,12110071.JPG,6169833,2025-12-11 17:00:44,moved
CT20,100EK113,12110072.MOV,100EK113\12110072.MOV,12110072.MOV,118302226,2025-12-11 17:01:02,moved
CT20,100EK113,12110073.JPG,100EK113\12110073.JPG,12110073.JPG,6194989,2025-12-11 17:01:34,moved
CT20,100EK113,12110074.JPG,100EK113\12110074.JPG,12110074.JPG,6210334,2025-12-11 17:01:34,moved
CT20,100EK113,12110075.JPG,100EK113\12110075.JPG,12110075.JPG,6255077,2025-12-11 17:01:34,moved
CT20,100EK113,12110076.MOV,100EK113\12110076.MOV,12110076.MOV,116916253,2025-12-11 17:01:52,moved
CT20,100EK113,12110077.JPG,100EK113\12110077.JPG,12110077.JPG,6202495,2025-12-11 17:02:51,moved
CT20,100EK113,12110078.JPG,100EK113\12110078.JPG,12110078.JPG,6204090,2025-12-11 17:02:50,moved
CT20,100EK113,12110079.JPG,100EK113\12110079.JPG,12110079.JPG,6184287,2025-12-11 17:02:50,moved
CT20,100EK113,12110080.MOV,100EK113\12110080.MOV,12110080.MOV,121934983,2025-12-11 17:03:08,moved
CT20,100EK113,12110081.JPG,100EK113\12110081.JPG,12110081.JPG,6188145,2025-12-11 17:03:16,moved
CT20,100EK113,12110082.JPG,100EK113\12110082.JPG,12110082.JPG,6210601,2025-12-11 17:03:18,moved
CT20,100EK113,12110083.JPG,100EK113\12110083.JPG,12110083.JPG,6189005,2025-12-11 17:03:18,moved
CT20,100EK113,12110084.MOV,100EK113\12110084.MOV,12110084.MOV,119411790,2025-12-11 17:03:34,moved
CT20,100EK113,12110085.JPG,100EK113\12110085.JPG,12110085.JPG,6214754,2025-12-11 17:04:20,moved
CT20,100EK113,12110086.JPG,100EK113\12110086.JPG,12110086.JPG,6206578,2025-12-11 17:04:20,moved
CT20,100EK113,12110087.JPG,100EK113\12110087.JPG,12110087.JPG,6189761,2025-12-11 17:04:20,moved
CT20,100EK113,12110088.MOV,100EK113\12110088.MOV,12110088.MOV,119326666,2025-12-11 17:04:38,moved
CT20,100EK113,12110089.JPG,100EK113\12110089.JPG,12110089.JPG,6232309,2025-12-11 17:04:40,moved
CT20,100EK113,12110090.JPG,100EK113\12110090.JPG,12110090.JPG,6228260,2025-12-11 17:04:40,moved
CT20,100EK113,12110091.JPG,100EK113\12110091.JPG,12110091.JPG,6171904,2025-12-11 17:04:42,moved
CT20,100EK113,12110092.MOV,100EK113\12110092.MOV,12110092.MOV,118230398,2025-12-11 17:04:58,moved
CT20,100EK113,12110093.JPG,100EK113\12110093.JPG,12110093.JPG,6230491,2025-12-11 17:05:00,moved
CT20,100EK113,12110094.JPG,100EK113\12110094.JPG,12110094.JPG,6223866,2025-12-11 17:05:00,moved
CT20,100EK113,12110095.JPG,100EK113\12110095.JPG,12110095.JPG,6202490,2025-12-11 17:05:02,moved
CT20,100EK113,12110096.MOV,100EK113\12110096.MOV,12110096.MOV,122555827,1969-12-31 21:00:00,moved
CT20,100EK113,12110097.JPG,100EK113\12110097.JPG,12110097.JPG,6222291,2025-12-11 17:05:26,moved
CT20,100EK113,12110098.JPG,100EK113\12110098.JPG,12110098.JPG,6194165,2025-12-11 17:05:26,moved
CT20,100EK113,12110099.JPG,100EK113\12110099.JPG,12110099.JPG,6230166,2025-12-11 17:05:26,moved
CT20,100EK113,12110100.MOV,100EK113\12110100.MOV,12110100.MOV,119887039,2025-12-11 17:05:44,moved
CT20,100EK113,12110101.JPG,100EK113\12110101.JPG,12110101.JPG,6168580,2025-12-11 17:07:24,moved
CT20,100EK113,12110102.JPG,100EK113\12110102.JPG,12110102.JPG,6215567,2025-12-11 17:07:26,moved
CT20,100EK113,12110103.JPG,100EK113\12110103.JPG,12110103.JPG,6150559,2025-12-11 17:07:26,moved
CT20,100EK113,12110104.MOV,100EK113\12110104.MOV,12110104.MOV,119101787,2025-12-11 17:07:42,moved
CT20,100EK113,12110105.JPG,100EK113\12110105.JPG,12110105.JPG,6203736,2025-12-11 17:08:05,moved
CT20,100EK113,12110106.JPG,100EK113\12110106.JPG,12110106.JPG,6145217,2025-12-11 17:08:04,moved
CT20,100EK113,12110107.JPG,100EK113\12110107.JPG,12110107.JPG,6220016,2025-12-11 17:08:04,moved
CT20,100EK113,12110108.MOV,100EK113\12110108.MOV,12110108.MOV,113774703,2025-12-11 17:08:20,moved
CT20,100EK113,12110109.JPG,100EK113\12110109.JPG,12110109.JPG,6257597,2025-12-11 17:10:22,moved
CT20,100EK113,12110110.JPG,100EK113\12110110.JPG,12110110.JPG,6167365,2025-12-11 17:10:24,moved
CT20,100EK113,12110111.JPG,100EK113\12110111.JPG,12110111.JPG,6145730,2025-12-11 17:10:24,moved
CT20,100EK113,12110112.MOV,100EK113\12110112.MOV,12110112.MOV,120820334,2025-12-11 17:10:42,moved
CT20,100EK113,12110113.JPG,100EK113\12110113.JPG,12110113.JPG,6103232,2025-12-11 17:12:38,moved
CT20,100EK113,12110114.JPG,100EK113\12110114.JPG,12110114.JPG,6120017,2025-12-11 17:12:40,moved
CT20,100EK113,12110115.JPG,100EK113\12110115.JPG,12110115.JPG,6146846,2025-12-11 17:12:40,moved
CT20,100EK113,12110116.MOV,100EK113\12110116.MOV,12110116.MOV,119252713,2025-12-11 17:12:56,moved
CT20,100EK113,12110117.JPG,100EK113\12110117.JPG,12110117.JPG,6114346,2025-12-11 17:29:00,moved
CT20,100EK113,12110118.JPG,100EK113\12110118.JPG,12110118.JPG,6113184,2025-12-11 17:29:00,moved
CT20,100EK113,12110119.JPG,100EK113\12110119.JPG,12110119.JPG,6137141,2025-12-11 17:29:02,moved
CT20,100EK113,12110120.MOV,100EK113\12110120.MOV,12110120.MOV,122945974,2025-12-11 17:29:18,moved
CT20,100EK113,12110121.JPG,100EK113\12110121.JPG,12110121.JPG,6219013,2025-12-11 17:32:16,moved
CT20,100EK113,12110122.JPG,100EK113\12110122.JPG,12110122.JPG,6210974,2025-12-11 17:32:18,moved
CT20,100EK113,12110123.JPG,100EK113\12110123.JPG,12110123.JPG,6173449,2025-12-11 17:32:18,moved
CT20,100EK113,12110124.MOV,100EK113\12110124.MOV,12110124.MOV,122077759,2025-12-11 17:32:36,moved
CT20,100EK113,12110125.JPG,100EK113\12110125.JPG,12110125.JPG,6127892,2025-12-11 17:35:58,moved
CT20,100EK113,12110126.JPG,100EK113\12110126.JPG,12110126.JPG,6220522,2025-12-11 17:35:58,moved
CT20,100EK113,12110127.JPG,100EK113\12110127.JPG,12110127.JPG,6099328,2025-12-11 17:36:00,moved
CT20,100EK113,12110128.MOV,100EK113\12110128.MOV,12110128.MOV,118441476,2025-12-11 17:36:16,moved
CT20,100EK113,12110129.JPG,100EK113\12110129.JPG,12110129.JPG,6141274,2025-12-11 17:39:15,moved
CT20,100EK113,12110130.JPG,100EK113\12110130.JPG,12110130.JPG,6147257,2025-12-11 17:39:14,moved
CT20,100EK113,12110131.JPG,100EK113\12110131.JPG,12110131.JPG,6200135,2025-12-11 17:39:14,moved
CT20,100EK113,12110132.MOV,100EK113\12110132.MOV,12110132.MOV,118980980,2025-12-11 17:39:32,moved
CT20,100EK113,12110133.JPG,100EK113\12110133.JPG,12110133.JPG,6099047,2025-12-11 17:45:04,moved
CT20,100EK113,12110134.JPG,100EK113\12110134.JPG,12110134.JPG,6087647,2025-12-11 17:45:04,moved
CT20,100EK113,12110135.JPG,100EK113\12110135.JPG,12110135.JPG,6111566,2025-12-11 17:45:06,moved
CT20,100EK113,12110136.MOV,100EK113\12110136.MOV,12110136.MOV,118483181,2025-12-11 17:45:22,moved
CT20,100EK113,12110137.JPG,100EK113\12110137.JPG,12110137.JPG,6117138,2025-12-11 17:47:42,moved
CT20,100EK113,12110138.JPG,100EK113\12110138.JPG,12110138.JPG,6163076,2025-12-11 17:47:42,moved
CT20,100EK113,12110139.JPG,100EK113\12110139.JPG,12110139.JPG,6169481,2025-12-11 17:47:45,moved
CT20,100EK113,12110140.MOV,100EK113\12110140.MOV,12110140.MOV,121699930,2025-12-11 17:48:00,moved
CT20,100EK113,12110141.JPG,100EK113\12110141.JPG,12110141.JPG,6191118,2025-12-11 17:48:22,moved
CT20,100EK113,12110142.JPG,100EK113\12110142.JPG,12110142.JPG,6200534,2025-12-11 17:48:25,moved
CT20,100EK113,12110143.JPG,100EK113\12110143.JPG,12110143.JPG,6183986,2025-12-11 17:48:24,moved
CT20,100EK113,12110144.MOV,100EK113\12110144.MOV,12110144.MOV,119537187,2025-12-11 17:48:40,moved
CT20,100EK113,12110145.JPG,100EK113\12110145.JPG,12110145.JPG,6138968,2025-12-11 17:52:36,moved
CT20,100EK113,12110146.JPG,100EK113\12110146.JPG,12110146.JPG,6192717,2025-12-11 17:52:36,moved
CT20,100EK113,12110147.JPG,100EK113\12110147.JPG,12110147.JPG,6111931,2025-12-11 17:52:38,moved
CT20,100EK113,12110148.MOV,100EK113\12110148.MOV,12110148.MOV,119086291,2025-12-11 17:52:54,moved
CT20,100EK113,12110149.JPG,100EK113\12110149.JPG,12110149.JPG,6170675,2025-12-11 17:54:38,moved
CT20,100EK113,12110150.JPG,100EK113\12110150.JPG,12110150.JPG,6246109,2025-12-11 17:54:38,moved
CT20,100EK113,12110151.JPG,100EK113\12110151.JPG,12110151.JPG,6237959,2025-12-11 17:54:40,moved
CT20,100EK113,12110152.MOV,100EK113\12110152.MOV,12110152.MOV,117319133,2025-12-11 17:54:56,moved
CT20,100EK113,12110153.JPG,100EK113\12110153.JPG,12110153.JPG,6189490,2025-12-11 17:55:08,moved
CT20,100EK113,12110154.JPG,100EK113\12110154.JPG,12110154.JPG,6234455,2025-12-11 17:55:10,moved
CT20,100EK113,12110155.JPG,100EK113\12110155.JPG,12110155.JPG,6128958,2025-12-11 17:55:10,moved
CT20,100EK113,12110156.MOV,100EK113\12110156.MOV,12110156.MOV,118986332,2025-12-11 17:55:28,moved
CT20,100EK113,12110157.JPG,100EK113\12110157.JPG,12110157.JPG,6154592,2025-12-11 17:55:56,moved
CT20,100EK113,12110158.JPG,100EK113\12110158.JPG,12110158.JPG,6102985,2025-12-11 17:55:56,moved
CT20,100EK113,12110159.JPG,100EK113\12110159.JPG,12110159.JPG,6133508,2025-12-11 17:55:58,moved
CT20,100EK113,12110160.MOV,100EK113\12110160.MOV,12110160.MOV,121486705,2025-12-11 17:56:14,moved
CT20,100EK113,12110161.JPG,100EK113\12110161.JPG,12110161.JPG,6232336,2025-12-11 17:56:52,moved
CT20,100EK113,12110162.JPG,100EK113\12110162.JPG,12110162.JPG,6154518,2025-12-11 17:56:52,moved
CT20,100EK113,12110163.JPG,100EK113\12110163.JPG,12110163.JPG,6235323,2025-12-11 17:56:55,moved
CT20,100EK113,12110164.MOV,100EK113\12110164.MOV,12110164.MOV,119804355,2025-12-11 17:57:10,moved
CT20,100EK113,12110165.JPG,100EK113\12110165.JPG,12110165.JPG,6240235,2025-12-11 17:57:32,moved
CT20,100EK113,12110166.JPG,100EK113\12110166.JPG,12110166.JPG,6181690,2025-12-11 17:57:32,moved
CT20,100EK113,12110167.JPG,100EK113\12110167.JPG,12110167.JPG,6222884,2025-12-11 17:57:34,moved
CT20,100EK113,12110168.MOV,100EK113\12110168.MOV,12110168.MOV,119711539,2025-12-11 17:57:50,moved
CT20,100EK113,12110169.JPG,100EK113\12110169.JPG,12110169.JPG,6239640,2025-12-11 18:01:16,moved
CT20,100EK113,12110170.JPG,100EK113\12110170.JPG,12110170.JPG,6229690,2025-12-11 18:01:16,moved
CT20,100EK113,12110171.JPG,100EK113\12110171.JPG,12110171.JPG,6187539,2025-12-11 18:01:19,moved
CT20,100EK113,12110172.MOV,100EK113\12110172.MOV,12110172.MOV,119857443,2025-12-11 18:01:34,moved
CT20,100EK113,12110173.JPG,100EK113\12110173.JPG,12110173.JPG,6184115,2025-12-11 18:02:06,moved
CT20,100EK113,12110174.JPG,100EK113\12110174.JPG,12110174.JPG,6205931,2025-12-11 18:02:06,moved
CT20,100EK113,12110175.JPG,100EK113\12110175.JPG,12110175.JPG,6234492,2025-12-11 18:02:08,moved
CT20,100EK113,12110176.MOV,100EK113\12110176.MOV,12110176.MOV,119844623,2025-12-11 18:02:24,moved
CT20,100EK113,12110177.JPG,100EK113\12110177.JPG,12110177.JPG,6103363,2025-12-11 19:12:20,moved
CT20,100EK113,12110178.JPG,100EK113\12110178.JPG,12110178.JPG,6092118,2025-12-11 19:12:20,moved
CT20,100EK113,12110179.JPG,100EK113\12110179.JPG,12110179.JPG,6142156,2025-12-11 19:12:20,moved
CT20,100EK113,12110180.MOV,100EK113\12110180.MOV,12110180.MOV,122810376,2025-12-11 19:12:38,moved
CT20,100EK113,12110181.JPG,100EK113\12110181.JPG,12110181.JPG,6167712,2025-12-11 19:13:52,moved
CT20,100EK113,12110182.JPG,100EK113\12110182.JPG,12110182.JPG,6147640,2025-12-11 19:13:52,moved
CT20,100EK113,12110183.JPG,100EK113\12110183.JPG,12110183.JPG,6111766,2025-12-11 19:13:55,moved
CT20,100EK113,12110184.MOV,100EK113\12110184.MOV,12110184.MOV,119635972,2025-12-11 19:14:10,moved
CT20,100EK113,12120185.JPG,100EK113\12120185.JPG,12120185.JPG,4326282,2025-12-12 15:17:22,moved
CT20,100EK113,12120186.JPG,100EK113\12120186.JPG,12120186.JPG,4307521,2025-12-12 15:17:22,moved
CT20,100EK113,12120187.JPG,100EK113\12120187.JPG,12120187.JPG,4227055,2025-12-12 15:17:24,moved
CT20,100EK113,12120188.MOV,100EK113\12120188.MOV,12120188.MOV,120437810,2025-12-12 15:17:40,moved
CT20,100EK113,12130189.JPG,100EK113\12130189.JPG,12130189.JPG,6009075,2025-12-13 15:06:08,moved
CT20,100EK113,12130190.JPG,100EK113\12130190.JPG,12130190.JPG,6143171,2025-12-13 15:06:08,moved
CT20,100EK113,12130191.JPG,100EK113\12130191.JPG,12130191.JPG,5979437,2025-12-13 15:06:10,moved
CT20,100EK113,12130192.MOV,100EK113\12130192.MOV,12130192.MOV,114752325,2025-12-13 15:06:26,moved
CT20,100EK113,12130193.JPG,100EK113\12130193.JPG,12130193.JPG,5852410,2025-12-13 15:09:25,moved
CT20,100EK113,12130194.JPG,100EK113\12130194.JPG,12130194.JPG,5868273,2025-12-13 15:09:24,moved
CT20,100EK113,12130195.JPG,100EK113\12130195.JPG,12130195.JPG,5882444,2025-12-13 15:09:24,moved
CT20,100EK113,12130196.MOV,100EK113\12130196.MOV,12130196.MOV,111894897,2025-12-13 15:09:40,moved
CT20,100EK113,12130197.JPG,100EK113\12130197.JPG,12130197.JPG,6102073,2025-12-13 16:45:48,moved
CT20,100EK113,12130198.JPG,100EK113\12130198.JPG,12130198.JPG,6112065,2025-12-13 16:45:50,moved
CT20,100EK113,12130199.JPG,100EK113\12130199.JPG,12130199.JPG,6096232,2025-12-13 16:45:50,moved
CT20,100EK113,12130200.MOV,100EK113\12130200.MOV,12130200.MOV,115471925,1969-12-31 21:00:00,moved
CT20,100EK113,12140201.JPG,100EK113\12140201.JPG,12140201.JPG,6065442,2025-12-14 13:30:30,moved
CT20,100EK113,12140202.JPG,100EK113\12140202.JPG,12140202.JPG,6003002,2025-12-14 13:30:30,moved
CT20,100EK113,12140203.JPG,100EK113\12140203.JPG,12140203.JPG,6013384,2025-12-14 13:30:33,moved
CT20,100EK113,12140204.MOV,100EK113\12140204.MOV,12140204.MOV,118248956,1969-12-31 21:00:00,moved
CT20,100EK113,12140205.JPG,100EK113\12140205.JPG,12140205.JPG,6012707,2025-12-14 13:39:16,moved
CT20,100EK113,12140206.JPG,100EK113\12140206.JPG,12140206.JPG,5971588,2025-12-14 13:39:16,moved
CT20,100EK113,12140207.JPG,100EK113\12140207.JPG,12140207.JPG,6042002,2025-12-14 13:39:19,moved
CT20,100EK113,12140208.MOV,100EK113\12140208.MOV,12140208.MOV,119328013,2025-12-14 13:39:34,moved
CT20,100EK113,12140209.JPG,100EK113\12140209.JPG,12140209.JPG,6048590,2025-12-14 13:39:42,moved
CT20,100EK113,12140210.JPG,100EK113\12140210.JPG,12140210.JPG,5979061,2025-12-14 13:39:44,moved
CT20,100EK113,12140211.JPG,100EK113\12140211.JPG,12140211.JPG,6013501,2025-12-14 13:39:44,moved
CT20,100EK113,12140212.MOV,100EK113\12140212.MOV,12140212.MOV,119667502,2025-12-14 13:40:00,moved
CT20,100EK113,12140213.JPG,100EK113\12140213.JPG,12140213.JPG,5877217,2025-12-14 13:51:10,moved
CT20,100EK113,12140214.JPG,100EK113\12140214.JPG,12140214.JPG,6021575,2025-12-14 13:51:10,moved
CT20,100EK113,12140215.JPG,100EK113\12140215.JPG,12140215.JPG,5994039,2025-12-14 13:51:10,moved
CT20,100EK113,12140216.MOV,100EK113\12140216.MOV,12140216.MOV,118508645,2025-12-14 13:51:28,moved
CT20,100EK113,12140217.JPG,100EK113\12140217.JPG,12140217.JPG,5972868,2025-12-14 14:02:00,moved
CT20,100EK113,12140218.JPG,100EK113\12140218.JPG,12140218.JPG,6044860,2025-12-14 14:02:00,moved
CT20,100EK113,12140219.JPG,100EK113\12140219.JPG,12140219.JPG,6097208,2025-12-14 14:02:02,moved
CT20,100EK113,12140220.MOV,100EK113\12140220.MOV,12140220.MOV,119322040,2025-12-14 14:02:18,moved
CT20,100EK113,12140221.JPG,100EK113\12140221.JPG,12140221.JPG,5688018,2025-12-14 20:39:25,moved
CT20,100EK113,12140222.JPG,100EK113\12140222.JPG,12140222.JPG,5719777,2025-12-14 20:39:24,moved
CT20,100EK113,12140223.JPG,100EK113\12140223.JPG,12140223.JPG,5746238,2025-12-14 20:39:24,moved
CT20,100EK113,12140224.MOV,100EK113\12140224.MOV,12140224.MOV,111838346,2025-12-14 20:39:40,moved
CT20,100EK113,12170225.JPG,100EK113\12170225.JPG,12170225.JPG,6052052,2025-12-17 14:11:28,moved
CT20,100EK113,12170226.JPG,100EK113\12170226.JPG,12170226.JPG,6053055,2025-12-17 14:11:28,moved
CT20,100EK113,12170227.JPG,100EK113\12170227.JPG,12170227.JPG,6032463,2025-12-17 14:11:30,moved
CT20,100EK113,12170228.MOV,100EK113\12170228.MOV,12170228.MOV,117936351,2025-12-17 14:11:46,moved
CT20,100EK113,12170229.JPG,100EK113\12170229.JPG,12170229.JPG,6108556,2025-12-17 14:29:36,moved
CT20,100EK113,12170230.JPG,100EK113\12170230.JPG,12170230.JPG,6193158,2025-12-17 14:29:36,moved
CT20,100EK113,12170231.JPG,100EK113\12170231.JPG,12170231.JPG,6193913,2025-12-17 14:29:38,moved
CT20,100EK113,12170232.MOV,100EK113\12170232.MOV,12170232.MOV,121924623,1969-12-31 21:00:00,moved
CT20,100EK113,12180233.JPG,100EK113\12180233.JPG,12180233.JPG,6144568,2025-12-18 17:26:54,moved
CT20,100EK113,12180234.JPG,100EK113\12180234.JPG,12180234.JPG,5945942,2025-12-18 17:26:54,moved
CT20,100EK113,12180235.JPG,100EK113\12180235.JPG,12180235.JPG,5927044,2025-12-18 17:26:56,moved
CT20,100EK113,12180236.MOV,100EK113\12180236.MOV,12180236.MOV,114113576,2025-12-18 17:27:12,moved
CT20,100EK113,12190237.JPG,100EK113\12190237.JPG,12190237.JPG,6039889,2025-12-19 09:38:52,moved
CT20,100EK113,12190238.JPG,100EK113\12190238.JPG,12190238.JPG,6035246,2025-12-19 09:38:52,moved
CT20,100EK113,12190239.JPG,100EK113\12190239.JPG,12190239.JPG,6047806,2025-12-19 09:38:52,moved
CT20,100EK113,12190240.MOV,100EK113\12190240.MOV,12190240.MOV,120947447,2025-12-19 09:39:10,moved
CT20,100EK113,12190241.JPG,100EK113\12190241.JPG,12190241.JPG,6272705,2025-12-19 13:43:42,moved
CT20,100EK113,12190242.JPG,100EK113\12190242.JPG,12190242.JPG,5810030,2025-12-19 13:43:45,moved
CT20,100EK113,12190243.JPG,100EK113\12190243.JPG,12190243.JPG,5820863,2025-12-19 13:43:44,moved
CT20,100EK113,12190244.MOV,100EK113\12190244.MOV,12190244.MOV,113477473,1969-12-31 21:00:00,moved
CT20,100EK113,12190245.JPG,100EK113\12190245.JPG,12190245.JPG,5869365,2025-12-19 14:17:58,moved
CT20,100EK113,12190246.JPG,100EK113\12190246.JPG,12190246.JPG,5827900,2025-12-19 14:17:58,moved
CT20,100EK113,12190247.JPG,100EK113\12190247.JPG,12190247.JPG,5842690,2025-12-19 14:18:01,moved
CT20,100EK113,12190248.MOV,100EK113\12190248.MOV,12190248.MOV,117917710,1969-12-31 21:00:00,moved
CT20,100EK113,12190249.JPG,100EK113\12190249.JPG,12190249.JPG,6043671,2025-12-19 14:19:56,moved
CT20,100EK113,12190250.JPG,100EK113\12190250.JPG,12190250.JPG,5955600,2025-12-19 14:19:56,moved
CT20,100EK113,12190251.JPG,100EK113\12190251.JPG,12190251.JPG,5945538,2025-12-19 14:19:58,moved
CT20,100EK113,12190252.MOV,100EK113\12190252.MOV,12190252.MOV,117898689,1969-12-31 21:00:00,moved
CT20,100EK113,12190253.JPG,100EK113\12190253.JPG,12190253.JPG,6156821,2025-12-19 14:23:20,moved
CT20,100EK113,12190254.JPG,100EK113\12190254.JPG,12190254.JPG,6162708,2025-12-19 14:23:20,moved
CT20,100EK113,12190255.JPG,100EK113\12190255.JPG,12190255.JPG,6148016,2025-12-19 14:23:23,moved
CT20,100EK113,12190256.MOV,100EK113\12190256.MOV,12190256.MOV,117464187,2025-12-19 14:23:38,moved
CT20,100EK113,12190257.JPG,100EK113\12190257.JPG,12190257.JPG,6026788,2025-12-19 14:52:52,moved
CT20,100EK113,12190258.JPG,100EK113\12190258.JPG,12190258.JPG,6094211,2025-12-19 14:52:52,moved
CT20,100EK113,12190259.JPG,100EK113\12190259.JPG,12190259.JPG,6151655,2025-12-19 14:52:54,moved
CT20,100EK113,12190260.MOV,100EK113\12190260.MOV,12190260.MOV,117582803,2025-12-19 14:53:10,moved
CT20,100EK113,12190261.JPG,100EK113\12190261.JPG,12190261.JPG,6088560,2025-12-19 14:55:34,moved
CT20,100EK113,12190262.JPG,100EK113\12190262.JPG,12190262.JPG,6171439,2025-12-19 14:55:36,moved
CT20,100EK113,12190263.JPG,100EK113\12190263.JPG,12190263.JPG,6156984,2025-12-19 14:55:36,moved
CT20,100EK113,12190264.MOV,100EK113\12190264.MOV,12190264.MOV,118744284,2025-12-19 14:55:54,moved
CT20,100EK113,12190265.JPG,100EK113\12190265.JPG,12190265.JPG,6066144,2025-12-19 14:56:28,moved
CT20,100EK113,12190266.JPG,100EK113\12190266.JPG,12190266.JPG,6198660,2025-12-19 14:56:28,moved
CT20,100EK113,12190267.JPG,100EK113\12190267.JPG,12190267.JPG,6208771,2025-12-19 14:56:28,moved
CT20,100EK113,12190268.MOV,100EK113\12190268.MOV,12190268.MOV,118541636,2025-12-19 14:56:46,moved
CT20,100EK113,12190269.JPG,100EK113\12190269.JPG,12190269.JPG,6164433,2025-12-19 14:58:30,moved
CT20,100EK113,12190270.JPG,100EK113\12190270.JPG,12190270.JPG,6141843,2025-12-19 14:58:30,moved
CT20,100EK113,12190271.JPG,100EK113\12190271.JPG,12190271.JPG,6155975,2025-12-19 14:58:32,moved
CT20,100EK113,12190272.MOV,100EK113\12190272.MOV,12190272.MOV,119502316,1969-12-31 21:00:00,moved
CT20,100EK113,12190273.JPG,100EK113\12190273.JPG,12190273.JPG,6129750,2025-12-19 15:14:00,moved
CT20,100EK113,12190274.JPG,100EK113\12190274.JPG,12190274.JPG,6153950,2025-12-19 15:14:02,moved
CT20,100EK113,12190275.JPG,100EK113\12190275.JPG,12190275.JPG,6145683,2025-12-19 15:14:02,moved
CT20,100EK113,12190276.MOV,100EK113\12190276.MOV,12190276.MOV,119019180,2025-12-19 15:14:20,moved
CT20,100EK113,12190277.JPG,100EK113\12190277.JPG,12190277.JPG,6069717,2025-12-19 15:18:47,moved
CT20,100EK113,12190278.JPG,100EK113\12190278.JPG,12190278.JPG,6046886,2025-12-19 15:18:46,moved
CT20,100EK113,12190279.JPG,100EK113\12190279.JPG,12190279.JPG,6042011,2025-12-19 15:18:46,moved
CT20,100EK113,12190280.MOV,100EK113\12190280.MOV,12190280.MOV,121635085,2025-12-19 15:19:04,moved
CT20,100EK113,12190281.JPG,100EK113\12190281.JPG,12190281.JPG,6195725,2025-12-19 15:30:34,moved
CT20,100EK113,12190282.JPG,100EK113\12190282.JPG,12190282.JPG,6215949,2025-12-19 15:30:34,moved
CT20,100EK113,12190283.JPG,100EK113\12190283.JPG,12190283.JPG,6140388,2025-12-19 15:30:36,moved
CT20,100EK113,12190284.MOV,100EK113\12190284.MOV,12190284.MOV,121450180,2025-12-19 15:30:52,moved
CT20,100EK113,12190285.JPG,100EK113\12190285.JPG,12190285.JPG,6070926,2025-12-19 15:31:06,moved
CT20,100EK113,12190286.JPG,100EK113\12190286.JPG,12190286.JPG,6192191,2025-12-19 15:31:08,moved
CT20,100EK113,12190287.JPG,100EK113\12190287.JPG,12190287.JPG,6167728,2025-12-19 15:31:08,moved
CT20,100EK113,12190288.MOV,100EK113\12190288.MOV,12190288.MOV,120001438,2025-12-19 15:31:26,moved
CT20,100EK113,12190289.JPG,100EK113\12190289.JPG,12190289.JPG,5872530,2025-12-19 15:37:31,moved
CT20,100EK113,12190290.JPG,100EK113\12190290.JPG,12190290.JPG,5911387,2025-12-19 15:37:30,moved
CT20,100EK113,12190291.JPG,100EK113\12190291.JPG,12190291.JPG,5965248,2025-12-19 15:37:30,moved
CT20,100EK113,12190292.MOV,100EK113\12190292.MOV,12190292.MOV,113820266,2025-12-19 15:37:46,moved
CT20,100EK113,12190293.JPG,100EK113\12190293.JPG,12190293.JPG,6144899,2025-12-19 16:01:11,moved
CT20,100EK113,12190294.JPG,100EK113\12190294.JPG,12190294.JPG,6146759,2025-12-19 16:01:10,moved
CT20,100EK113,12190295.JPG,100EK113\12190295.JPG,12190295.JPG,6052331,2025-12-19 16:01:10,moved
CT20,100EK113,12190296.MOV,100EK113\12190296.MOV,12190296.MOV,117597346,2025-12-19 16:01:26,moved
CT20,100EK113,12190297.JPG,100EK113\12190297.JPG,12190297.JPG,6106336,2025-12-19 16:01:32,moved
CT20,100EK113,12190298.JPG,100EK113\12190298.JPG,12190298.JPG,6051178,2025-12-19 16:01:32,moved
CT20,100EK113,12190299.JPG,100EK113\12190299.JPG,12190299.JPG,6097652,2025-12-19 16:01:34,moved
CT20,100EK113,12190300.MOV,100EK113\12190300.MOV,12190300.MOV,119555249,2025-12-19 16:01:50,moved
CT20,100EK113,12190301.JPG,100EK113\12190301.JPG,12190301.JPG,6105625,2025-12-19 16:10:08,moved
CT20,100EK113,12190302.JPG,100EK113\12190302.JPG,12190302.JPG,6124345,2025-12-19 16:10:08,moved
CT20,100EK113,12190303.JPG,100EK113\12190303.JPG,12190303.JPG,6124911,2025-12-19 16:10:11,moved
CT20,100EK113,12190304.MOV,100EK113\12190304.MOV,12190304.MOV,118874055,2025-12-19 16:10:26,moved
CT20,100EK113,12190305.JPG,100EK113\12190305.JPG,12190305.JPG,6108530,2025-12-19 16:10:36,moved
CT20,100EK113,12190306.JPG,100EK113\12190306.JPG,12190306.JPG,6100323,2025-12-19 16:10:36,moved
CT20,100EK113,12190307.JPG,100EK113\12190307.JPG,12190307.JPG,6144432,2025-12-19 16:10:36,moved
CT20,100EK113,12190308.MOV,100EK113\12190308.MOV,12190308.MOV,117464568,2025-12-19 16:10:54,moved
CT20,100EK113,12190309.JPG,100EK113\12190309.JPG,12190309.JPG,6127280,2025-12-19 16:11:27,moved
CT20,100EK113,12190310.JPG,100EK113\12190310.JPG,12190310.JPG,6155050,2025-12-19 16:11:26,moved
CT20,100EK113,12190311.JPG,100EK113\12190311.JPG,12190311.JPG,6123643,2025-12-19 16:11:26,moved
CT20,100EK113,12190312.MOV,100EK113\12190312.MOV,12190312.MOV,120327239,2025-12-19 16:11:44,moved
CT20,100EK113,12190313.JPG,100EK113\12190313.JPG,12190313.JPG,6016280,2025-12-19 16:11:46,moved
CT20,100EK113,12190314.JPG,100EK113\12190314.JPG,12190314.JPG,6047793,2025-12-19 16:11:46,moved
CT20,100EK113,12190315.JPG,100EK113\12190315.JPG,12190315.JPG,6188013,2025-12-19 16:11:49,moved
CT20,100EK113,12190316.MOV,100EK113\12190316.MOV,12190316.MOV,117571108,2025-12-19 16:12:04,moved
CT20,100EK113,12190317.JPG,100EK113\12190317.JPG,12190317.JPG,6128953,2025-12-19 16:19:30,moved
CT20,100EK113,12190318.JPG,100EK113\12190318.JPG,12190318.JPG,6119490,2025-12-19 16:19:33,moved
CT20,100EK113,12190319.JPG,100EK113\12190319.JPG,12190319.JPG,6114879,2025-12-19 16:19:32,moved
CT20,100EK113,12190320.MOV,100EK113\12190320.MOV,12190320.MOV,118087776,2025-12-19 16:19:48,moved
CT20,100EK113,12190321.JPG,100EK113\12190321.JPG,12190321.JPG,6111526,2025-12-19 16:21:36,moved
CT20,100EK113,12190322.JPG,100EK113\12190322.JPG,12190322.JPG,6187073,2025-12-19 16:21:36,moved
CT20,100EK113,12190323.JPG,100EK113\12190323.JPG,12190323.JPG,6152655,2025-12-19 16:21:38,moved
CT20,100EK113,12190324.MOV,100EK113\12190324.MOV,12190324.MOV,116497755,2025-12-19 16:21:54,moved
CT20,100EK113,12190325.JPG,100EK113\12190325.JPG,12190325.JPG,6044991,2025-12-19 16:28:36,moved
CT20,100EK113,12190326.JPG,100EK113\12190326.JPG,12190326.JPG,6083930,2025-12-19 16:28:36,moved
CT20,100EK113,12190327.JPG,100EK113\12190327.JPG,12190327.JPG,6162679,2025-12-19 16:28:38,moved
CT20,100EK113,12190328.MOV,100EK113\12190328.MOV,12190328.MOV,121056937,2025-12-19 16:28:54,moved
CT20,100EK113,12190329.JPG,100EK113\12190329.JPG,12190329.JPG,5844882,2025-12-19 16:30:04,moved
CT20,100EK113,12190330.JPG,100EK113\12190330.JPG,12190330.JPG,6231988,2025-12-19 16:30:04,moved
CT20,100EK113,12190331.JPG,100EK113\12190331.JPG,12190331.JPG,6210538,2025-12-19 16:30:06,moved
CT20,100EK113,12190332.MOV,100EK113\12190332.MOV,12190332.MOV,121456230,2025-12-19 16:30:22,moved
CT20,100EK113,12190333.JPG,100EK113\12190333.JPG,12190333.JPG,6100036,2025-12-19 16:33:20,moved
CT20,100EK113,12190334.JPG,100EK113\12190334.JPG,12190334.JPG,6121201,2025-12-19 16:33:20,moved
CT20,100EK113,12190335.JPG,100EK113\12190335.JPG,12190335.JPG,6154789,2025-12-19 16:33:22,moved
CT20,100EK113,12190336.MOV,100EK113\12190336.MOV,12190336.MOV,115790478,1969-12-31 21:00:00,moved
CT20,100EK113,12190337.JPG,100EK113\12190337.JPG,12190337.JPG,6174198,2025-12-19 16:35:12,moved
CT20,100EK113,12190338.JPG,100EK113\12190338.JPG,12190338.JPG,6166774,2025-12-19 16:35:14,moved
CT20,100EK113,12190339.JPG,100EK113\12190339.JPG,12190339.JPG,6149633,2025-12-19 16:35:14,moved
CT20,100EK113,12190340.MOV,100EK113\12190340.MOV,12190340.MOV,117854611,2025-12-19 16:35:32,moved
CT20,100EK113,12190341.JPG,100EK113\12190341.JPG,12190341.JPG,6126082,2025-12-19 16:35:34,moved
CT20,100EK113,12190342.JPG,100EK113\12190342.JPG,12190342.JPG,6131582,2025-12-19 16:35:34,moved
CT20,100EK113,12190343.JPG,100EK113\12190343.JPG,12190343.JPG,6136904,2025-12-19 16:35:36,moved
CT20,100EK113,12190344.MOV,100EK113\12190344.MOV,12190344.MOV,118866722,2025-12-19 16:35:52,moved
CT20,100EK113,12190345.JPG,100EK113\12190345.JPG,12190345.JPG,6118163,2025-12-19 16:36:04,moved
CT20,100EK113,12190346.JPG,100EK113\12190346.JPG,12190346.JPG,6142584,2025-12-19 16:36:06,moved
CT20,100EK113,12190347.JPG,100EK113\12190347.JPG,12190347.JPG,6134159,2025-12-19 16:36:06,moved
CT20,100EK113,12190348.MOV,100EK113\12190348.MOV,12190348.MOV,118714044,2025-12-19 16:36:24,moved
CT20,100EK113,12190349.JPG,100EK113\12190349.JPG,12190349.JPG,6186476,2025-12-19 16:36:52,moved
CT20,100EK113,12190350.JPG,100EK113\12190350.JPG,12190350.JPG,6200156,2025-12-19 16:36:52,moved
CT20,100EK113,12190351.JPG,100EK113\12190351.JPG,12190351.JPG,6193758,2025-12-19 16:36:55,moved
CT20,100EK113,12190352.MOV,100EK113\12190352.MOV,12190352.MOV,120903687,2025-12-19 16:37:10,moved
CT20,100EK113,12190353.JPG,100EK113\12190353.JPG,12190353.JPG,6143389,2025-12-19 16:43:31,moved
CT20,100EK113,12190354.JPG,100EK113\12190354.JPG,12190354.JPG,6108463,2025-12-19 16:43:30,moved
CT20,100EK113,12190355.JPG,100EK113\12190355.JPG,12190355.JPG,6144728,2025-12-19 16:43:30,moved
CT20,100EK113,12190356.MOV,100EK113\12190356.MOV,12190356.MOV,119044666,2025-12-19 16:43:48,moved
CT20,100EK113,12190357.JPG,100EK113\12190357.JPG,12190357.JPG,6042606,2025-12-19 16:43:52,moved
CT20,100EK113,12190358.JPG,100EK113\12190358.JPG,12190358.JPG,6027794,2025-12-19 16:43:52,moved
CT20,100EK113,12190359.JPG,100EK113\12190359.JPG,12190359.JPG,6030268,2025-12-19 16:43:54,moved
CT20,100EK113,12190360.MOV,100EK113\12190360.MOV,12190360.MOV,120757434,2025-12-19 16:44:10,moved
CT20,100EK113,12190361.JPG,100EK113\12190361.JPG,12190361.JPG,6159359,2025-12-19 16:44:30,moved
CT20,100EK113,12190362.JPG,100EK113\12190362.JPG,12190362.JPG,6170390,2025-12-19 16:44:32,moved
CT20,100EK113,12190363.JPG,100EK113\12190363.JPG,12190363.JPG,6175858,2025-12-19 16:44:32,moved
CT20,100EK113,12190364.MOV,100EK113\12190364.MOV,12190364.MOV,110859334,2025-12-19 16:44:48,moved
CT20,100EK113,12190365.JPG,100EK113\12190365.JPG,12190365.JPG,6217396,2025-12-19 16:45:04,moved
CT20,100EK113,12190366.JPG,100EK113\12190366.JPG,12190366.JPG,6237854,2025-12-19 16:45:06,moved
CT20,100EK113,12190367.JPG,100EK113\12190367.JPG,12190367.JPG,6195749,2025-12-19 16:45:06,moved
CT20,100EK113,12190368.MOV,100EK113\12190368.MOV,12190368.MOV,119836599,2025-12-19 16:45:22,moved
CT20,100EK113,12190369.JPG,100EK113\12190369.JPG,12190369.JPG,6125725,2025-12-19 16:45:48,moved
CT20,100EK113,12190370.JPG,100EK113\12190370.JPG,12190370.JPG,6177001,2025-12-19 16:45:48,moved
CT20,100EK113,12190371.JPG,100EK113\12190371.JPG,12190371.JPG,6134776,2025-12-19 16:45:50,moved
CT20,100EK113,12190372.MOV,100EK113\12190372.MOV,12190372.MOV,120638706,1969-12-31 21:00:00,moved
CT20,100EK113,12190373.JPG,100EK113\12190373.JPG,12190373.JPG,6233710,2025-12-19 16:47:28,moved
CT20,100EK113,12190374.JPG,100EK113\12190374.JPG,12190374.JPG,6212959,2025-12-19 16:47:31,moved
CT20,100EK113,12190375.JPG,100EK113\12190375.JPG,12190375.JPG,6213768,2025-12-19 16:47:30,moved
CT20,100EK113,12190376.MOV,100EK113\12190376.MOV,12190376.MOV,121947138,2025-12-19 16:47:46,moved
CT20,100EK113,12190377.JPG,100EK113\12190377.JPG,12190377.JPG,6184286,2025-12-19 16:48:01,moved
CT20,100EK113,12190378.JPG,100EK113\12190378.JPG,12190378.JPG,6211306,2025-12-19 16:48:00,moved
CT20,100EK113,12190379.JPG,100EK113\12190379.JPG,12190379.JPG,6207611,2025-12-19 16:48:00,moved
CT20,100EK113,12190380.MOV,100EK113\12190380.MOV,12190380.MOV,121454912,2025-12-19 16:48:18,moved
CT20,100EK113,12190381.JPG,100EK113\12190381.JPG,12190381.JPG,6111042,2025-12-19 16:50:06,moved
CT20,100EK113,12190382.JPG,100EK113\12190382.JPG,12190382.JPG,6154160,2025-12-19 16:50:08,moved
CT20,100EK113,12190383.JPG,100EK113\12190383.JPG,12190383.JPG,6164351,2025-12-19 16:50:08,moved
CT20,100EK113,12190384.MOV,100EK113\12190384.MOV,12190384.MOV,122626220,2025-12-19 16:50:24,moved
CT20,100EK113,12190385.JPG,100EK113\12190385.JPG,12190385.JPG,6140479,2025-12-19 16:50:56,moved
CT20,100EK113,12190386.JPG,100EK113\12190386.JPG,12190386.JPG,6114907,2025-12-19 16:50:59,moved
CT20,100EK113,12190387.JPG,100EK113\12190387.JPG,12190387.JPG,6083428,2025-12-19 16:50:58,moved
CT20,100EK113,12190388.MOV,100EK113\12190388.MOV,12190388.MOV,119445001,2025-12-19 16:51:14,moved
CT20,100EK113,12190389.JPG,100EK113\12190389.JPG,12190389.JPG,6159890,2025-12-19 16:51:31,moved
CT20,100EK113,12190390.JPG,100EK113\12190390.JPG,12190390.JPG,6140803,2025-12-19 16:51:30,moved
CT20,100EK113,12190391.JPG,100EK113\12190391.JPG,12190391.JPG,6140316,2025-12-19 16:51:30,moved
CT20,100EK113,12190392.MOV,100EK113\12190392.MOV,12190392.MOV,119636460,2025-12-19 16:51:48,moved
CT20,100EK113,12190393.JPG,100EK113\12190393.JPG,12190393.JPG,6141651,2025-12-19 16:54:19,moved
CT20,100EK113,12190394.JPG,100EK113\12190394.JPG,12190394.JPG,6147983,2025-12-19 16:54:18,moved
CT20,100EK113,12190395.JPG,100EK113\12190395.JPG,12190395.JPG,6112993,2025-12-19 16:54:18,moved
CT20,100EK113,12190396.MOV,100EK113\12190396.MOV,12190396.MOV,117535546,2025-12-19 16:54:36,moved
CT20,100EK113,12190397.JPG,100EK113\12190397.JPG,12190397.JPG,6136709,2025-12-19 16:55:04,moved
CT20,100EK113,12190398.JPG,100EK113\12190398.JPG,12190398.JPG,6145594,2025-12-19 16:55:07,moved
CT20,100EK113,12190399.JPG,100EK113\12190399.JPG,12190399.JPG,6114388,2025-12-19 16:55:06,moved
CT20,100EK113,12190400.MOV,100EK113\12190400.MOV,12190400.MOV,122528404,2025-12-19 16:55:22,moved
CT20,100EK113,12190401.JPG,100EK113\12190401.JPG,12190401.JPG,6184136,2025-12-19 17:00:26,moved
CT20,100EK113,12190402.JPG,100EK113\12190402.JPG,12190402.JPG,6176100,2025-12-19 17:00:28,moved
CT20,100EK113,12190403.JPG,100EK113\12190403.JPG,12190403.JPG,6186760,2025-12-19 17:00:28,moved
CT20,100EK113,12190404.MOV,100EK113\12190404.MOV,12190404.MOV,119634385,2025-12-19 17:00:46,moved
CT20,100EK113,12190405.JPG,100EK113\12190405.JPG,12190405.JPG,6110730,2025-12-19 17:02:22,moved
CT20,100EK113,12190406.JPG,100EK113\12190406.JPG,12190406.JPG,6135343,2025-12-19 17:02:22,moved
CT20,100EK113,12190407.JPG,100EK113\12190407.JPG,12190407.JPG,6152458,2025-12-19 17:02:22,moved
CT20,100EK113,12190408.MOV,100EK113\12190408.MOV,12190408.MOV,119210842,2026-06-18 12:27:39,moved
CT20,100EK113,12190409.JPG,100EK113\12190409.JPG,12190409.JPG,6120047,2025-12-19 19:30:24,moved
CT20,100EK113,12190410.JPG,100EK113\12190410.JPG,12190410.JPG,6166589,2025-12-19 19:30:26,moved
CT20,100EK113,12190411.JPG,100EK113\12190411.JPG,12190411.JPG,6146696,2025-12-19 19:30:26,moved
CT20,100EK113,12190412.MOV,100EK113\12190412.MOV,12190412.MOV,119319561,1969-12-31 21:00:00,moved
CT20,100EK113,12190413.JPG,100EK113\12190413.JPG,12190413.JPG,6140785,2025-12-19 19:31:28,moved
CT20,100EK113,12190414.JPG,100EK113\12190414.JPG,12190414.JPG,6189333,2025-12-19 19:31:28,moved
CT20,100EK113,12190415.JPG,100EK113\12190415.JPG,12190415.JPG,6158371,2025-12-19 19:31:30,moved
CT20,100EK113,12190416.MOV,100EK113\12190416.MOV,12190416.MOV,117235565,2025-12-19 19:31:46,moved
CT20,100EK113,12210417.JPG,100EK113\12210417.JPG,12210417.JPG,6096825,2025-12-21 14:00:36,moved
CT20,100EK113,12210418.JPG,100EK113\12210418.JPG,12210418.JPG,6154398,2025-12-21 14:00:36,moved
CT20,100EK113,12210419.JPG,100EK113\12210419.JPG,12210419.JPG,6123117,2025-12-21 14:00:39,moved
CT20,100EK113,12210420.MOV,100EK113\12210420.MOV,12210420.MOV,118618885,2025-12-21 14:00:54,moved
CT20,100EK113,12210421.JPG,100EK113\12210421.JPG,12210421.JPG,5900753,2025-12-21 14:01:52,moved
CT20,100EK113,12210422.JPG,100EK113\12210422.JPG,12210422.JPG,5915257,2025-12-21 14:01:54,moved
CT20,100EK113,12210423.JPG,100EK113\12210423.JPG,12210423.JPG,5932509,2025-12-21 14:01:54,moved
CT20,100EK113,12210424.MOV,100EK113\12210424.MOV,12210424.MOV,120758110,1969-12-31 21:00:00,moved
CT20,100EK113,12210425.JPG,100EK113\12210425.JPG,12210425.JPG,5964528,2025-12-21 14:08:52,moved
CT20,100EK113,12210426.JPG,100EK113\12210426.JPG,12210426.JPG,5934393,2025-12-21 14:08:54,moved
CT20,100EK113,12210427.JPG,100EK113\12210427.JPG,12210427.JPG,5873717,2025-12-21 14:08:54,moved
CT20,100EK113,12210428.MOV,100EK113\12210428.MOV,12210428.MOV,120727130,1969-12-31 21:00:00,moved
CT20,100EK113,12210429.JPG,100EK113\12210429.JPG,12210429.JPG,6051773,2025-12-21 14:15:16,moved
CT20,100EK113,12210430.JPG,100EK113\12210430.JPG,12210430.JPG,6105835,2025-12-21 14:15:16,moved
CT20,100EK113,12210431.JPG,100EK113\12210431.JPG,12210431.JPG,6086920,2025-12-21 14:15:18,moved
CT20,100EK113,12210432.MOV,100EK113\12210432.MOV,12210432.MOV,111451716,1969-12-31 21:00:00,moved
CT20,100EK113,12210433.JPG,100EK113\12210433.JPG,12210433.JPG,5814394,2025-12-21 15:32:12,moved
CT20,100EK113,12210434.JPG,100EK113\12210434.JPG,12210434.JPG,5777182,2025-12-21 15:32:14,moved
CT20,100EK113,12210435.JPG,100EK113\12210435.JPG,12210435.JPG,5925206,2025-12-21 15:32:14,moved
CT20,100EK113,12210436.MOV,100EK113\12210436.MOV,12210436.MOV,118704605,2025-12-21 15:32:33,moved
CT20,100EK113,12210437.JPG,100EK113\12210437.JPG,12210437.JPG,6069632,2025-12-21 15:45:31,moved
CT20,100EK113,12210438.JPG,100EK113\12210438.JPG,12210438.JPG,6015553,2025-12-21 15:45:30,moved
CT20,100EK113,12210439.JPG,100EK113\12210439.JPG,12210439.JPG,5998951,2025-12-21 15:45:30,moved
CT20,100EK113,12210440.MOV,100EK113\12210440.MOV,12210440.MOV,120654442,2025-12-21 15:45:48,moved
CT20,100EK113,12210441.JPG,100EK113\12210441.JPG,12210441.JPG,6251741,2025-12-21 17:07:48,moved
CT20,100EK113,12210442.JPG,100EK113\12210442.JPG,12210442.JPG,6240109,2025-12-21 17:07:48,moved
CT20,100EK113,12210443.JPG,100EK113\12210443.JPG,12210443.JPG,6166691,2025-12-21 17:07:50,moved
CT20,100EK113,12210444.MOV,100EK113\12210444.MOV,12210444.MOV,120284097,2025-12-21 17:08:06,moved
CT20,100EK113,12210445.JPG,100EK113\12210445.JPG,12210445.JPG,6174656,2025-12-21 17:38:26,moved
CT20,100EK113,12210446.JPG,100EK113\12210446.JPG,12210446.JPG,6024373,2025-12-21 17:38:28,moved
CT20,100EK113,12210447.JPG,100EK113\12210447.JPG,12210447.JPG,6093181,2025-12-21 17:38:28,moved
CT20,100EK113,12210448.MOV,100EK113\12210448.MOV,12210448.MOV,117693559,2025-12-21 17:38:44,moved
CT20,100EK113,12210449.JPG,100EK113\12210449.JPG,12210449.JPG,6050957,2025-12-21 17:38:54,moved
CT20,100EK113,12210450.JPG,100EK113\12210450.JPG,12210450.JPG,6081121,2025-12-21 17:38:54,moved
CT20,100EK113,12210451.JPG,100EK113\12210451.JPG,12210451.JPG,6171009,2025-12-21 17:38:56,moved
CT20,100EK113,12210452.MOV,100EK113\12210452.MOV,12210452.MOV,119754444,2025-12-21 17:39:12,moved
CT20,100EK113,12210453.JPG,100EK113\12210453.JPG,12210453.JPG,5979854,2025-12-21 17:40:54,moved
CT20,100EK113,12210454.JPG,100EK113\12210454.JPG,12210454.JPG,6008352,2025-12-21 17:40:57,moved
CT20,100EK113,12210455.JPG,100EK113\12210455.JPG,12210455.JPG,5998483,2025-12-21 17:40:56,moved
CT20,100EK113,12210456.MOV,100EK113\12210456.MOV,12210456.MOV,120231229,2025-12-21 17:41:12,moved
CT20,100EK113,12210457.JPG,100EK113\12210457.JPG,12210457.JPG,5944520,2025-12-21 18:01:26,moved
CT20,100EK113,12210458.JPG,100EK113\12210458.JPG,12210458.JPG,6247984,2025-12-21 18:01:26,moved
CT20,100EK113,12210459.JPG,100EK113\12210459.JPG,12210459.JPG,6177586,2025-12-21 18:01:28,moved
CT20,100EK113,12210460.MOV,100EK113\12210460.MOV,12210460.MOV,120617073,2025-12-21 18:01:44,moved
CT20,100EK113,12210461.JPG,100EK113\12210461.JPG,12210461.JPG,6179321,2025-12-21 18:04:50,moved
CT20,100EK113,12210462.JPG,100EK113\12210462.JPG,12210462.JPG,6210304,2025-12-21 18:04:52,moved
CT20,100EK113,12210463.JPG,100EK113\12210463.JPG,12210463.JPG,6241826,2025-12-21 18:04:52,moved
CT20,100EK113,12210464.MOV,100EK113\12210464.MOV,12210464.MOV,118924588,2025-12-21 18:05:10,moved
CT20,100EK113,12210465.JPG,100EK113\12210465.JPG,12210465.JPG,6249831,2025-12-21 18:12:24,moved
CT20,100EK113,12210466.JPG,100EK113\12210466.JPG,12210466.JPG,5962997,2025-12-21 18:12:26,moved
CT20,100EK113,12210467.JPG,100EK113\12210467.JPG,12210467.JPG,6256897,2025-12-21 18:12:26,moved
CT20,100EK113,12210468.MOV,100EK113\12210468.MOV,12210468.MOV,117121169,2025-12-21 18:12:44,moved
CT20,100EK113,12220469.JPG,100EK113\12220469.JPG,12220469.JPG,5810110,2025-12-22 12:50:44,moved
CT20,100EK113,12220470.JPG,100EK113\12220470.JPG,12220470.JPG,6211690,2025-12-22 12:50:44,moved
CT20,100EK113,12220471.JPG,100EK113\12220471.JPG,12220471.JPG,6248592,2025-12-22 12:50:46,moved
CT20,100EK113,12220472.MOV,100EK113\12220472.MOV,12220472.MOV,112400535,2025-12-22 12:51:02,moved
CT20,100EK113,12220473.JPG,100EK113\12220473.JPG,12220473.JPG,6161695,2025-12-22 14:31:16,moved
CT20,100EK113,12220474.JPG,100EK113\12220474.JPG,12220474.JPG,6179790,2025-12-22 14:31:18,moved
CT20,100EK113,12220475.JPG,100EK113\12220475.JPG,12220475.JPG,6157597,2025-12-22 14:31:18,moved
CT20,100EK113,12220476.MOV,100EK113\12220476.MOV,12220476.MOV,117742081,2025-12-22 14:31:37,moved
CT20,100EK113,12220477.JPG,100EK113\12220477.JPG,12220477.JPG,6170966,2025-12-22 14:32:06,moved
CT20,100EK113,12220478.JPG,100EK113\12220478.JPG,12220478.JPG,6213571,2025-12-22 14:32:06,moved
CT20,100EK113,12220479.JPG,100EK113\12220479.JPG,12220479.JPG,6203252,2025-12-22 14:32:08,moved
CT20,100EK113,12220480.MOV,100EK113\12220480.MOV,12220480.MOV,121633697,2025-12-22 14:32:24,moved
CT20,100EK113,12220481.JPG,100EK113\12220481.JPG,12220481.JPG,6195139,2025-12-22 14:57:38,moved
CT20,100EK113,12220482.JPG,100EK113\12220482.JPG,12220482.JPG,6194499,2025-12-22 14:57:38,moved
CT20,100EK113,12220483.JPG,100EK113\12220483.JPG,12220483.JPG,6165273,2025-12-22 14:57:38,moved
CT20,100EK113,12220484.MOV,100EK113\12220484.MOV,12220484.MOV,118205219,2025-12-22 14:57:56,moved
CT20,100EK113,12220485.JPG,100EK113\12220485.JPG,12220485.JPG,6191028,2025-12-22 14:59:24,moved
CT20,100EK113,12220486.JPG,100EK113\12220486.JPG,12220486.JPG,6228275,2025-12-22 14:59:24,moved
CT20,100EK113,12220487.JPG,100EK113\12220487.JPG,12220487.JPG,6243235,2025-12-22 14:59:27,moved
CT20,100EK113,12220488.MOV,100EK113\12220488.MOV,12220488.MOV,119507406,2025-12-22 14:59:42,moved
CT20,100EK113,12220489.JPG,100EK113\12220489.JPG,12220489.JPG,6269155,2025-12-22 15:00:20,moved
CT20,100EK113,12220490.JPG,100EK113\12220490.JPG,12220490.JPG,6246140,2025-12-22 15:00:22,moved
CT20,100EK113,12220491.JPG,100EK113\12220491.JPG,12220491.JPG,6235234,2025-12-22 15:00:22,moved
CT20,100EK113,12220492.MOV,100EK113\12220492.MOV,12220492.MOV,119402364,2025-12-22 15:00:40,moved
CT20,100EK113,12220493.JPG,100EK113\12220493.JPG,12220493.JPG,6117307,2025-12-22 15:04:42,moved
CT20,100EK113,12220494.JPG,100EK113\12220494.JPG,12220494.JPG,6113967,2025-12-22 15:04:42,moved
CT20,100EK113,12220495.JPG,100EK113\12220495.JPG,12220495.JPG,6195735,2025-12-22 15:04:44,moved
CT20,100EK113,12220496.MOV,100EK113\12220496.MOV,12220496.MOV,121076999,1969-12-31 21:00:00,moved
CT20,100EK113,12220497.JPG,100EK113\12220497.JPG,12220497.JPG,6120798,2025-12-22 15:05:20,moved
CT20,100EK113,12220498.JPG,100EK113\12220498.JPG,12220498.JPG,6112409,2025-12-22 15:05:20,moved
CT20,100EK113,12220499.JPG,100EK113\12220499.JPG,12220499.JPG,6109393,2025-12-22 15:05:23,moved
CT20,100EK113,12220500.MOV,100EK113\12220500.MOV,12220500.MOV,118926596,1969-12-31 21:00:00,moved
CT20,100EK113,12220501.JPG,100EK113\12220501.JPG,12220501.JPG,6120339,2025-12-22 15:06:22,moved
CT20,100EK113,12220502.JPG,100EK113\12220502.JPG,12220502.JPG,6085107,2025-12-22 15:06:22,moved
CT20,100EK113,12220503.JPG,100EK113\12220503.JPG,12220503.JPG,6098801,2025-12-22 15:06:25,moved
CT20,100EK113,12220504.MOV,100EK113\12220504.MOV,12220504.MOV,119492011,1969-12-31 21:00:00,moved
CT20,100EK113,12220505.JPG,100EK113\12220505.JPG,12220505.JPG,6172136,2025-12-22 15:06:48,moved
CT20,100EK113,12220506.JPG,100EK113\12220506.JPG,12220506.JPG,6199815,2025-12-22 15:06:48,moved
CT20,100EK113,12220507.JPG,100EK113\12220507.JPG,12220507.JPG,6191190,2025-12-22 15:06:50,moved
CT20,100EK113,12220508.MOV,100EK113\12220508.MOV,12220508.MOV,120878358,2025-12-22 15:07:06,moved
CT20,100EK113,12220509.JPG,100EK113\12220509.JPG,12220509.JPG,6135030,2025-12-22 15:20:24,moved
CT20,100EK113,12220510.JPG,100EK113\12220510.JPG,12220510.JPG,6135593,2025-12-22 15:20:26,moved
CT20,100EK113,12220511.JPG,100EK113\12220511.JPG,12220511.JPG,6097422,2025-12-22 15:20:26,moved
CT20,100EK113,12220512.MOV,100EK113\12220512.MOV,12220512.MOV,119503034,2025-12-22 15:20:42,moved
CT20,100EK113,12260513.JPG,100EK113\12260513.JPG,12260513.JPG,6256981,2025-12-26 14:42:05,moved
CT20,100EK113,12260514.JPG,100EK113\12260514.JPG,12260514.JPG,6162463,2025-12-26 14:42:04,moved
CT20,100EK113,12260515.JPG,100EK113\12260515.JPG,12260515.JPG,6116693,2025-12-26 14:42:04,moved
CT20,100EK113,12260516.MOV,100EK113\12260516.MOV,12260516.MOV,118456612,2025-12-26 14:42:22,moved
CT20,100EK113,12260517.JPG,100EK113\12260517.JPG,12260517.JPG,6173279,2025-12-26 14:42:30,moved
CT20,100EK113,12260518.JPG,100EK113\12260518.JPG,12260518.JPG,6083057,2025-12-26 14:42:32,moved
CT20,100EK113,12260519.JPG,100EK113\12260519.JPG,12260519.JPG,6128738,2025-12-26 14:42:32,moved
CT20,100EK113,12260520.MOV,100EK113\12260520.MOV,12260520.MOV,118537679,2025-12-26 14:42:50,moved
CT20,100EK113,12260521.JPG,100EK113\12260521.JPG,12260521.JPG,6117255,2025-12-26 14:43:46,moved
CT20,100EK113,12260522.JPG,100EK113\12260522.JPG,12260522.JPG,6179769,2025-12-26 14:43:48,moved
CT20,100EK113,12260523.JPG,100EK113\12260523.JPG,12260523.JPG,6142089,2025-12-26 14:43:48,moved
CT20,100EK113,12260524.MOV,100EK113\12260524.MOV,12260524.MOV,121155458,2025-12-26 14:44:04,moved
CT20,100EK113,12260525.JPG,100EK113\12260525.JPG,12260525.JPG,6092428,2025-12-26 14:44:29,moved
CT20,100EK113,12260526.JPG,100EK113\12260526.JPG,12260526.JPG,6138149,2025-12-26 14:44:28,moved
CT20,100EK113,12260527.JPG,100EK113\12260527.JPG,12260527.JPG,6223529,2025-12-26 14:44:28,moved
CT20,100EK113,12260528.MOV,100EK113\12260528.MOV,12260528.MOV,118093384,2026-06-18 12:31:44,moved
CT20,100EK113,12260529.JPG,100EK113\12260529.JPG,12260529.JPG,6150902,2025-12-26 14:46:18,moved
CT20,100EK113,12260530.JPG,100EK113\12260530.JPG,12260530.JPG,6148817,2025-12-26 14:46:20,moved
CT20,100EK113,12260531.JPG,100EK113\12260531.JPG,12260531.JPG,6121945,2025-12-26 14:46:20,moved
CT20,100EK113,12260532.MOV,100EK113\12260532.MOV,12260532.MOV,116271161,1969-12-31 21:00:00,moved
CT20,100EK113,12260533.JPG,100EK113\12260533.JPG,12260533.JPG,6010203,2025-12-26 15:05:50,moved
CT20,100EK113,12260534.JPG,100EK113\12260534.JPG,12260534.JPG,6129444,2025-12-26 15:05:50,moved
CT20,100EK113,12260535.JPG,100EK113\12260535.JPG,12260535.JPG,6119453,2025-12-26 15:05:53,moved
CT20,100EK113,12260536.MOV,100EK113\12260536.MOV,12260536.MOV,112453989,2025-12-26 15:06:08,moved
CT20,100EK113,12260537.JPG,100EK113\12260537.JPG,12260537.JPG,6082917,2025-12-26 15:06:50,moved
CT20,100EK113,12260538.JPG,100EK113\12260538.JPG,12260538.JPG,6151495,2025-12-26 15:06:52,moved
CT20,100EK113,12260539.JPG,100EK113\12260539.JPG,12260539.JPG,6152919,2025-12-26 15:06:52,moved
CT20,100EK113,12260540.MOV,100EK113\12260540.MOV,12260540.MOV,119021216,2025-12-26 15:07:10,moved
CT20,100EK113,12260541.JPG,100EK113\12260541.JPG,12260541.JPG,6097504,2025-12-26 15:08:05,moved
CT20,100EK113,12260542.JPG,100EK113\12260542.JPG,12260542.JPG,6144869,2025-12-26 15:08:04,moved
CT20,100EK113,12260543.JPG,100EK113\12260543.JPG,12260543.JPG,6158080,2025-12-26 15:08:04,moved
CT20,100EK113,12260544.MOV,100EK113\12260544.MOV,12260544.MOV,118985390,2025-12-26 15:08:22,moved
CT20,100EK113,12260545.JPG,100EK113\12260545.JPG,12260545.JPG,5964731,2025-12-26 15:11:58,moved
CT20,100EK113,12260546.JPG,100EK113\12260546.JPG,12260546.JPG,5948473,2025-12-26 15:11:58,moved
CT20,100EK113,12260547.JPG,100EK113\12260547.JPG,12260547.JPG,5920651,2025-12-26 15:12:00,moved
CT20,100EK113,12260548.MOV,100EK113\12260548.MOV,12260548.MOV,120481769,2025-12-26 15:12:16,moved
CT20,100EK113,12260549.JPG,100EK113\12260549.JPG,12260549.JPG,6113843,2025-12-26 15:21:32,moved
CT20,100EK113,12260550.JPG,100EK113\12260550.JPG,12260550.JPG,6167421,2025-12-26 15:21:34,moved
CT20,100EK113,12260551.JPG,100EK113\12260551.JPG,12260551.JPG,6225598,2025-12-26 15:21:34,moved
CT20,100EK113,12260552.MOV,100EK113\12260552.MOV,12260552.MOV,120113786,2025-12-26 15:21:52,moved
CT20,100EK113,12260553.JPG,100EK113\12260553.JPG,12260553.JPG,5915909,2025-12-26 15:22:58,moved
CT20,100EK113,12260554.JPG,100EK113\12260554.JPG,12260554.JPG,5884037,2025-12-26 15:22:58,moved
CT20,100EK113,12260555.JPG,100EK113\12260555.JPG,12260555.JPG,5815130,2025-12-26 15:23:00,moved
CT20,100EK113,12260556.MOV,100EK113\12260556.MOV,12260556.MOV,121160746,2025-12-26 15:23:16,moved
CT20,100EK113,12260557.JPG,100EK113\12260557.JPG,12260557.JPG,6244358,2025-12-26 15:28:27,moved
CT20,100EK113,12260558.JPG,100EK113\12260558.JPG,12260558.JPG,6164724,2025-12-26 15:28:26,moved
CT20,100EK113,12260559.JPG,100EK113\12260559.JPG,12260559.JPG,6067323,2025-12-26 15:28:26,moved
CT20,100EK113,12260560.MOV,100EK113\12260560.MOV,12260560.MOV,117515928,2025-12-26 15:28:44,moved
CT20,100EK113,12260561.JPG,100EK113\12260561.JPG,12260561.JPG,6169571,2025-12-26 15:28:46,moved
CT20,100EK113,12260562.JPG,100EK113\12260562.JPG,12260562.JPG,6233076,2025-12-26 15:28:46,moved
CT20,100EK113,12260563.JPG,100EK113\12260563.JPG,12260563.JPG,5797569,2025-12-26 15:28:48,moved
CT20,100EK113,12260564.MOV,100EK113\12260564.MOV,12260564.MOV,117673974,2025-12-26 15:29:04,moved
CT20,100EK113,12260565.JPG,100EK113\12260565.JPG,12260565.JPG,6226696,2025-12-26 15:29:10,moved
CT20,100EK113,12260566.JPG,100EK113\12260566.JPG,12260566.JPG,6110414,2025-12-26 15:29:10,moved
CT20,100EK113,12260567.JPG,100EK113\12260567.JPG,12260567.JPG,5801812,2025-12-26 15:29:12,moved
CT20,100EK113,12260568.MOV,100EK113\12260568.MOV,12260568.MOV,114889678,2025-12-26 15:29:28,moved
CT20,100EK113,12260569.JPG,100EK113\12260569.JPG,12260569.JPG,6127871,2025-12-26 15:30:04,moved
CT20,100EK113,12260570.JPG,100EK113\12260570.JPG,12260570.JPG,6144337,2025-12-26 15:30:04,moved
CT20,100EK113,12260571.JPG,100EK113\12260571.JPG,12260571.JPG,6089593,2025-12-26 15:30:06,moved
CT20,100EK113,12260572.MOV,100EK113\12260572.MOV,12260572.MOV,120215417,2025-12-26 15:30:22,moved
CT20,100EK113,12260573.JPG,100EK113\12260573.JPG,12260573.JPG,6099736,2025-12-26 15:37:34,moved
CT20,100EK113,12260574.JPG,100EK113\12260574.JPG,12260574.JPG,6198620,2025-12-26 15:37:34,moved
CT20,100EK113,12260575.JPG,100EK113\12260575.JPG,12260575.JPG,6187787,2025-12-26 15:37:36,moved
CT20,100EK113,12260576.MOV,100EK113\12260576.MOV,12260576.MOV,119331880,2025-12-26 15:37:52,moved
CT20,100EK113,12260577.JPG,100EK113\12260577.JPG,12260577.JPG,6134327,2025-12-26 15:38:57,moved
CT20,100EK113,12260578.JPG,100EK113\12260578.JPG,12260578.JPG,6215867,2025-12-26 15:38:56,moved
CT20,100EK113,12260579.JPG,100EK113\12260579.JPG,12260579.JPG,6115973,2025-12-26 15:38:56,moved
CT20,100EK113,12260580.MOV,100EK113\12260580.MOV,12260580.MOV,117816947,2025-12-26 15:39:14,moved
CT20,100EK113,12260581.JPG,100EK113\12260581.JPG,12260581.JPG,6000578,2025-12-26 15:59:32,moved
CT20,100EK113,12260582.JPG,100EK113\12260582.JPG,12260582.JPG,5976323,2025-12-26 15:59:32,moved
CT20,100EK113,12260583.JPG,100EK113\12260583.JPG,12260583.JPG,5942858,2025-12-26 15:59:34,moved
CT20,100EK113,12260584.MOV,100EK113\12260584.MOV,12260584.MOV,121740631,2025-12-26 15:59:50,moved
CT20,100EK113,12260585.JPG,100EK113\12260585.JPG,12260585.JPG,6060630,2025-12-26 16:10:00,moved
CT20,100EK113,12260586.JPG,100EK113\12260586.JPG,12260586.JPG,6087053,2025-12-26 16:10:03,moved
CT20,100EK113,12260587.JPG,100EK113\12260587.JPG,12260587.JPG,6098922,2025-12-26 16:10:02,moved
CT20,100EK113,12260588.MOV,100EK113\12260588.MOV,12260588.MOV,121141797,2025-12-26 16:10:18,moved
CT20,100EK113,12260589.JPG,100EK113\12260589.JPG,12260589.JPG,6046017,2025-12-26 16:11:42,moved
CT20,100EK113,12260590.JPG,100EK113\12260590.JPG,12260590.JPG,6118662,2025-12-26 16:11:42,moved
CT20,100EK113,12260591.JPG,100EK113\12260591.JPG,12260591.JPG,6079425,2025-12-26 16:11:45,moved
CT20,100EK113,12260592.MOV,100EK113\12260592.MOV,12260592.MOV,116365169,2025-12-26 16:12:00,moved
CT20,100EK113,12260593.JPG,100EK113\12260593.JPG,12260593.JPG,5923571,2025-12-26 16:12:08,moved
CT20,100EK113,12260594.JPG,100EK113\12260594.JPG,12260594.JPG,5922798,2025-12-26 16:12:08,moved
CT20,100EK113,12260595.JPG,100EK113\12260595.JPG,12260595.JPG,5949578,2025-12-26 16:12:10,moved
CT20,100EK113,12260596.MOV,100EK113\12260596.MOV,12260596.MOV,121966109,2025-12-26 16:12:26,moved
CT20,100EK113,12260597.JPG,100EK113\12260597.JPG,12260597.JPG,6117191,2025-12-26 16:13:20,moved
CT20,100EK113,12260598.JPG,100EK113\12260598.JPG,12260598.JPG,6073803,2025-12-26 16:13:20,moved
CT20,100EK113,12260599.JPG,100EK113\12260599.JPG,12260599.JPG,6115472,2025-12-26 16:13:22,moved
CT20,100EK113,12260600.MOV,100EK113\12260600.MOV,12260600.MOV,120554968,2025-12-26 16:13:38,moved
CT20,100EK113,12260601.JPG,100EK113\12260601.JPG,12260601.JPG,6177144,2025-12-26 16:13:42,moved
CT20,100EK113,12260602.JPG,100EK113\12260602.JPG,12260602.JPG,6106346,2025-12-26 16:13:42,moved
CT20,100EK113,12260603.JPG,100EK113\12260603.JPG,12260603.JPG,6103175,2025-12-26 16:13:44,moved
CT20,100EK113,12260604.MOV,100EK113\12260604.MOV,12260604.MOV,117957477,2025-12-26 16:14:00,moved
CT20,100EK113,12260605.JPG,100EK113\12260605.JPG,12260605.JPG,6021752,2025-12-26 16:14:24,moved
CT20,100EK113,12260606.JPG,100EK113\12260606.JPG,12260606.JPG,6026468,2025-12-26 16:14:24,moved
CT20,100EK113,12260607.JPG,100EK113\12260607.JPG,12260607.JPG,6123847,2025-12-26 16:14:24,moved
CT20,100EK113,12260608.MOV,100EK113\12260608.MOV,12260608.MOV,119401725,1969-12-31 21:00:00,moved
CT20,100EK113,12260609.JPG,100EK113\12260609.JPG,12260609.JPG,6191445,2025-12-26 16:16:28,moved
CT20,100EK113,12260610.JPG,100EK113\12260610.JPG,12260610.JPG,6184462,2025-12-26 16:16:28,moved
CT20,100EK113,12260611.JPG,100EK113\12260611.JPG,12260611.JPG,6125297,2025-12-26 16:16:31,moved
CT20,100EK113,12260612.MOV,100EK113\12260612.MOV,12260612.MOV,118575839,1969-12-31 21:00:00,moved
CT20,100EK113,12260613.JPG,100EK113\12260613.JPG,12260613.JPG,6054886,2025-12-26 16:17:00,moved
CT20,100EK113,12260614.JPG,100EK113\12260614.JPG,12260614.JPG,6105853,2025-12-26 16:17:00,moved
CT20,100EK113,12260615.JPG,100EK113\12260615.JPG,12260615.JPG,6030462,2025-12-26 16:17:02,moved
CT20,100EK113,12260616.MOV,100EK113\12260616.MOV,12260616.MOV,118215354,2025-12-26 16:17:18,moved
CT20,100EK113,12260617.JPG,100EK113\12260617.JPG,12260617.JPG,6232411,2025-12-26 16:17:48,moved
CT20,100EK113,12260618.JPG,100EK113\12260618.JPG,12260618.JPG,6265121,2025-12-26 16:17:50,moved
CT20,100EK113,12260619.JPG,100EK113\12260619.JPG,12260619.JPG,5806904,2025-12-26 16:17:50,moved
CT20,100EK113,12260620.MOV,100EK113\12260620.MOV,12260620.MOV,117450744,2025-12-26 16:18:06,moved
CT20,100EK113,12260621.JPG,100EK113\12260621.JPG,12260621.JPG,5865873,2025-12-26 16:21:14,moved
CT20,100EK113,12260622.JPG,100EK113\12260622.JPG,12260622.JPG,6197783,2025-12-26 16:21:14,moved
CT20,100EK113,12260623.JPG,100EK113\12260623.JPG,12260623.JPG,6234458,2025-12-26 16:21:17,moved
CT20,100EK113,12260624.MOV,100EK113\12260624.MOV,12260624.MOV,112449684,2026-06-30 09:36:30,moved
CT20,100EK113,12260625.JPG,100EK113\12260625.JPG,12260625.JPG,6132513,2025-12-26 16:22:17,moved
CT20,100EK113,12260626.JPG,100EK113\12260626.JPG,12260626.JPG,6075743,2025-12-26 16:22:16,moved
CT20,100EK113,12260627.JPG,100EK113\12260627.JPG,12260627.JPG,6152040,2025-12-26 16:22:16,moved
CT20,100EK113,12260628.MOV,100EK113\12260628.MOV,12260628.MOV,118701480,2025-12-26 16:22:34,moved
CT20,100EK113,12260629.JPG,100EK113\12260629.JPG,12260629.JPG,6183529,2025-12-26 16:22:58,moved
CT20,100EK113,12260630.JPG,100EK113\12260630.JPG,12260630.JPG,6121508,2025-12-26 16:22:58,moved
CT20,100EK113,12260631.JPG,100EK113\12260631.JPG,12260631.JPG,6113455,2025-12-26 16:23:00,moved
CT20,100EK113,12260632.MOV,100EK113\12260632.MOV,12260632.MOV,118283120,2025-12-26 16:23:16,moved
CT20,100EK113,12260633.JPG,100EK113\12260633.JPG,12260633.JPG,6182258,2025-12-26 16:26:26,moved
CT20,100EK113,12260634.JPG,100EK113\12260634.JPG,12260634.JPG,6162123,2025-12-26 16:26:26,moved
CT20,100EK113,12260635.JPG,100EK113\12260635.JPG,12260635.JPG,6141169,2025-12-26 16:26:28,moved
CT20,100EK113,12260636.MOV,100EK113\12260636.MOV,12260636.MOV,115876928,2025-12-26 16:26:44,moved
CT20,100EK113,12260637.JPG,100EK113\12260637.JPG,12260637.JPG,6265564,2025-12-26 16:36:48,moved
CT20,100EK113,12260638.JPG,100EK113\12260638.JPG,12260638.JPG,5797312,2025-12-26 16:36:48,moved
CT20,100EK113,12260639.JPG,100EK113\12260639.JPG,12260639.JPG,6210890,2025-12-26 16:36:51,moved
CT20,100EK113,12260640.MOV,100EK113\12260640.MOV,12260640.MOV,111926438,2026-06-22 11:09:36,moved
CT20,100EK113,12260641.JPG,100EK113\12260641.JPG,12260641.JPG,5860175,2025-12-26 16:38:46,moved
CT20,100EK113,12260642.JPG,100EK113\12260642.JPG,12260642.JPG,6112491,2025-12-26 16:38:46,moved
CT20,100EK113,12260643.JPG,100EK113\12260643.JPG,12260643.JPG,6165896,2025-12-26 16:38:49,moved
CT20,100EK113,12260644.MOV,100EK113\12260644.MOV,12260644.MOV,117604343,2025-12-26 16:39:04,moved
CT20,100EK113,12260645.JPG,100EK113\12260645.JPG,12260645.JPG,5980209,2025-12-26 16:39:28,moved
CT20,100EK113,12260646.JPG,100EK113\12260646.JPG,12260646.JPG,5922407,2025-12-26 16:39:28,moved
CT20,100EK113,12260647.JPG,100EK113\12260647.JPG,12260647.JPG,5948914,2025-12-26 16:39:30,moved
CT20,100EK113,12260648.MOV,100EK113\12260648.MOV,12260648.MOV,119313796,2025-12-26 16:39:46,moved
CT20,100EK113,12260649.JPG,100EK113\12260649.JPG,12260649.JPG,6165340,2025-12-26 16:53:20,moved
CT20,100EK113,12260650.JPG,100EK113\12260650.JPG,12260650.JPG,6178705,2025-12-26 16:53:23,moved
CT20,100EK113,12260651.JPG,100EK113\12260651.JPG,12260651.JPG,6165559,2025-12-26 16:53:22,moved
CT20,100EK113,12260652.MOV,100EK113\12260652.MOV,12260652.MOV,117651310,2025-12-26 16:53:38,moved
CT20,100EK113,12260653.JPG,100EK113\12260653.JPG,12260653.JPG,6159608,2025-12-26 17:04:04,moved
CT20,100EK113,12260654.JPG,100EK113\12260654.JPG,12260654.JPG,6250469,2025-12-26 17:04:04,moved
CT20,100EK113,12260655.JPG,100EK113\12260655.JPG,12260655.JPG,6262024,2025-12-26 17:04:04,moved
CT20,100EK113,12260656.MOV,100EK113\12260656.MOV,12260656.MOV,118127684,2025-12-26 17:04:22,moved
CT20,100EK113,12260657.JPG,100EK113\12260657.JPG,12260657.JPG,6196995,2025-12-26 17:04:30,moved
CT20,100EK113,12260658.JPG,100EK113\12260658.JPG,12260658.JPG,6212470,2025-12-26 17:04:30,moved
CT20,100EK113,12260659.JPG,100EK113\12260659.JPG,12260659.JPG,6226883,2025-12-26 17:04:33,moved
CT20,100EK113,12260660.MOV,100EK113\12260660.MOV,12260660.MOV,118248725,2025-12-26 17:04:48,moved
CT20,100EK113,12260661.JPG,100EK113\12260661.JPG,12260661.JPG,6063762,2025-12-26 17:11:10,moved
CT20,100EK113,12260662.JPG,100EK113\12260662.JPG,12260662.JPG,5978757,2025-12-26 17:11:10,moved
CT20,100EK113,12260663.JPG,100EK113\12260663.JPG,12260663.JPG,5970585,2025-12-26 17:11:10,moved
CT20,100EK113,12260664.MOV,100EK113\12260664.MOV,12260664.MOV,120414774,2025-12-26 17:11:28,moved
CT20,100EK113,12260665.JPG,100EK113\12260665.JPG,12260665.JPG,6132479,2025-12-26 17:28:34,moved
CT20,100EK113,12260666.JPG,100EK113\12260666.JPG,12260666.JPG,6050644,2025-12-26 17:28:34,moved
CT20,100EK113,12260667.JPG,100EK113\12260667.JPG,12260667.JPG,6062853,2025-12-26 17:28:34,moved
CT20,100EK113,12260668.MOV,100EK113\12260668.MOV,12260668.MOV,119224579,2025-12-26 17:28:52,moved
CT20,100EK113,12260669.JPG,100EK113\12260669.JPG,12260669.JPG,6182832,2025-12-26 18:17:50,moved
CT20,100EK113,12260670.JPG,100EK113\12260670.JPG,12260670.JPG,6161048,2025-12-26 18:17:50,moved
CT20,100EK113,12260671.JPG,100EK113\12260671.JPG,12260671.JPG,6216625,2025-12-26 18:17:52,moved
CT20,100EK113,12260672.MOV,100EK113\12260672.MOV,12260672.MOV,120292545,2025-12-26 18:18:08,moved
CT20,100EK113,12300673.JPG,100EK113\12300673.JPG,12300673.JPG,6216701,2025-12-30 15:01:36,moved
CT20,100EK113,12300674.JPG,100EK113\12300674.JPG,12300674.JPG,6028461,2025-12-30 15:01:36,moved
CT20,100EK113,12300675.JPG,100EK113\12300675.JPG,12300675.JPG,5978582,2025-12-30 15:01:39,moved
CT20,100EK113,12300676.MOV,100EK113\12300676.MOV,12300676.MOV,120017902,2026-06-22 11:13:56,moved
CT20,100EK113,12300677.JPG,100EK113\12300677.JPG,12300677.JPG,6034111,2025-12-30 16:14:44,moved
CT20,100EK113,12300678.JPG,100EK113\12300678.JPG,12300678.JPG,6045382,2025-12-30 16:14:44,moved
CT20,100EK113,12300679.JPG,100EK113\12300679.JPG,12300679.JPG,5982592,2025-12-30 16:14:47,moved
CT20,100EK113,12300680.MOV,100EK113\12300680.MOV,12300680.MOV,121539121,2025-12-30 16:15:02,moved
CT20,100EK113,12300681.JPG,100EK113\12300681.JPG,12300681.JPG,6036816,2025-12-30 20:23:26,moved
CT20,100EK113,12300682.JPG,100EK113\12300682.JPG,12300682.JPG,6087013,2025-12-30 20:23:29,moved
CT20,100EK113,12300683.JPG,100EK113\12300683.JPG,12300683.JPG,6057110,2025-12-30 20:23:28,moved
CT20,100EK113,12300684.MOV,100EK113\12300684.MOV,12300684.MOV,115029832,2025-12-30 20:23:44,moved
CT20,100EK113,12310685.JPG,100EK113\12310685.JPG,12310685.JPG,6021907,2025-12-31 16:02:12,moved
CT20,100EK113,12310686.JPG,100EK113\12310686.JPG,12310686.JPG,5998137,2025-12-31 16:02:12,moved
CT20,100EK113,12310687.JPG,100EK113\12310687.JPG,12310687.JPG,6000994,2025-12-31 16:02:14,moved
CT20,100EK113,12310688.MOV,100EK113\12310688.MOV,12310688.MOV,118773374,2025-12-31 16:02:30,moved
CT20,101EK113,01110001.MOV,101EK113\01110001.MOV,01110001.MOV,111943179,2026-01-11 16:52:54,moved
CT20,101EK113,01110002.JPG,101EK113\01110002.JPG,01110002.JPG,6048427,2026-01-11 16:53:00,moved
CT20,101EK113,01110003.JPG,101EK113\01110003.JPG,01110003.JPG,5996190,2026-01-11 16:53:00,moved
CT20,101EK113,01110004.JPG,101EK113\01110004.JPG,01110004.JPG,6007525,2026-01-11 16:53:02,moved
CT20,101EK113,01110005.MOV,101EK113\01110005.MOV,01110005.MOV,118775131,2026-01-11 16:53:18,moved
CT20,101EK113,01110006.JPG,101EK113\01110006.JPG,01110006.JPG,5880274,2026-01-11 16:56:14,moved
CT20,101EK113,01110007.JPG,101EK113\01110007.JPG,01110007.JPG,5898831,2026-01-11 16:56:17,moved
CT20,101EK113,01110008.JPG,101EK113\01110008.JPG,01110008.JPG,5906662,2026-01-11 16:56:16,moved
CT20,101EK113,01110009.MOV,101EK113\01110009.MOV,01110009.MOV,115413988,2026-01-11 16:56:32,moved
CT20,101EK113,01110010.JPG,101EK113\01110010.JPG,01110010.JPG,5913369,2026-01-11 17:00:04,moved
CT20,101EK113,01110011.JPG,101EK113\01110011.JPG,01110011.JPG,5954542,2026-01-11 17:00:04,moved
CT20,101EK113,01110012.JPG,101EK113\01110012.JPG,01110012.JPG,5998079,2026-01-11 17:00:07,moved
CT20,101EK113,01110013.MOV,101EK113\01110013.MOV,01110013.MOV,118341153,2026-01-11 17:00:22,moved
CT20,101EK113,01110014.JPG,101EK113\01110014.JPG,01110014.JPG,6263747,2026-01-11 17:03:20,moved
CT20,101EK113,01110015.JPG,101EK113\01110015.JPG,01110015.JPG,5967055,2026-01-11 17:03:20,moved
CT20,101EK113,01110016.JPG,101EK113\01110016.JPG,01110016.JPG,5969960,2026-01-11 17:03:22,moved
CT20,101EK113,01110017.MOV,101EK113\01110017.MOV,01110017.MOV,118934661,1969-12-31 21:00:00,moved
CT20,101EK113,01110018.JPG,101EK113\01110018.JPG,01110018.JPG,6180193,2026-01-11 17:03:43,moved
CT20,101EK113,01110019.JPG,101EK113\01110019.JPG,01110019.JPG,5862777,2026-01-11 17:03:42,moved
CT20,101EK113,01110020.JPG,101EK113\01110020.JPG,01110020.JPG,5936844,2026-01-11 17:03:42,moved
CT20,101EK113,01110021.MOV,101EK113\01110021.MOV,01110021.MOV,113504055,2026-01-11 17:03:58,moved
CT20,101EK113,01110022.JPG,101EK113\01110022.JPG,01110022.JPG,5937063,2026-01-11 17:04:13,moved
CT20,101EK113,01110023.JPG,101EK113\01110023.JPG,01110023.JPG,5980129,2026-01-11 17:04:12,moved
CT20,101EK113,01110024.JPG,101EK113\01110024.JPG,01110024.JPG,6268935,2026-01-11 17:04:12,moved
CT20,101EK113,01110025.MOV,101EK113\01110025.MOV,01110025.MOV,121477540,2026-01-11 17:04:30,moved
CT20,101EK113,01110026.JPG,101EK113\01110026.JPG,01110026.JPG,6114460,2026-01-11 17:06:50,moved
CT20,101EK113,01110027.JPG,101EK113\01110027.JPG,01110027.JPG,6015443,2026-01-11 17:06:50,moved
CT20,101EK113,01110028.JPG,101EK113\01110028.JPG,01110028.JPG,5952914,2026-01-11 17:06:52,moved
CT20,101EK113,01110029.MOV,101EK113\01110029.MOV,01110029.MOV,114754013,2026-01-11 17:07:08,moved
CT20,101EK113,01110030.JPG,101EK113\01110030.JPG,01110030.JPG,6013872,2026-01-11 17:07:18,moved
CT20,101EK113,01110031.JPG,101EK113\01110031.JPG,01110031.JPG,5849488,2026-01-11 17:07:21,moved
CT20,101EK113,01110032.JPG,101EK113\01110032.JPG,01110032.JPG,6013399,2026-01-11 17:07:20,moved
CT20,101EK113,01110033.MOV,101EK113\01110033.MOV,01110033.MOV,117712493,2026-01-11 17:07:36,moved
CT20,101EK113,01110034.JPG,101EK113\01110034.JPG,01110034.JPG,6264501,2026-01-11 17:08:36,moved
CT20,101EK113,01110035.JPG,101EK113\01110035.JPG,01110035.JPG,5869851,2026-01-11 17:08:39,moved
CT20,101EK113,01110036.JPG,101EK113\01110036.JPG,01110036.JPG,5894386,2026-01-11 17:08:38,moved
CT20,101EK113,01110037.MOV,101EK113\01110037.MOV,01110037.MOV,115828551,1969-12-31 21:00:00,moved
CT20,101EK113,01110038.JPG,101EK113\01110038.JPG,01110038.JPG,5941504,2026-01-11 17:16:33,moved
CT20,101EK113,01110039.JPG,101EK113\01110039.JPG,01110039.JPG,6005926,2026-01-11 17:16:32,moved
CT20,101EK113,01110040.JPG,101EK113\01110040.JPG,01110040.JPG,5984304,2026-01-11 17:16:32,moved
CT20,101EK113,01110041.MOV,101EK113\01110041.MOV,01110041.MOV,117318023,2026-01-11 17:16:49,moved
CT20,101EK113,01110042.JPG,101EK113\01110042.JPG,01110042.JPG,5964666,2026-01-11 17:18:06,moved
CT20,101EK113,01110043.JPG,101EK113\01110043.JPG,01110043.JPG,5923185,2026-01-11 17:18:06,moved
CT20,101EK113,01110044.JPG,101EK113\01110044.JPG,01110044.JPG,5984308,2026-01-11 17:18:06,moved
CT20,101EK113,01110045.MOV,101EK113\01110045.MOV,01110045.MOV,113050219,2026-01-11 17:18:22,moved
CT20,101EK113,01110046.JPG,101EK113\01110046.JPG,01110046.JPG,5972843,2026-01-11 17:19:08,moved
CT20,101EK113,01110047.JPG,101EK113\01110047.JPG,01110047.JPG,5994392,2026-01-11 17:19:08,moved
CT20,101EK113,01110048.JPG,101EK113\01110048.JPG,01110048.JPG,5921655,2026-01-11 17:19:10,moved
CT20,101EK113,01110049.MOV,101EK113\01110049.MOV,01110049.MOV,119909563,2026-01-11 17:19:26,moved
CT20,101EK113,01110050.JPG,101EK113\01110050.JPG,01110050.JPG,6027353,2026-01-11 17:19:32,moved
CT20,101EK113,01110051.JPG,101EK113\01110051.JPG,01110051.JPG,5988239,2026-01-11 17:19:32,moved
CT20,101EK113,01110052.JPG,101EK113\01110052.JPG,01110052.JPG,6000987,2026-01-11 17:19:34,moved
CT20,101EK113,01110053.MOV,101EK113\01110053.MOV,01110053.MOV,111462274,2026-01-11 17:19:50,moved
CT20,101EK113,01110054.JPG,101EK113\01110054.JPG,01110054.JPG,6001136,2026-01-11 17:19:58,moved
CT20,101EK113,01110055.JPG,101EK113\01110055.JPG,01110055.JPG,5980066,2026-01-11 17:20:00,moved
CT20,101EK113,01110056.JPG,101EK113\01110056.JPG,01110056.JPG,5928944,2026-01-11 17:20:00,moved
CT20,101EK113,01110057.MOV,101EK113\01110057.MOV,01110057.MOV,113049725,2026-01-11 17:20:16,moved
CT20,101EK113,01110058.JPG,101EK113\01110058.JPG,01110058.JPG,5945596,2026-01-11 17:20:24,moved
CT20,101EK113,01110059.JPG,101EK113\01110059.JPG,01110059.JPG,5993905,2026-01-11 17:20:24,moved
CT20,101EK113,01110060.JPG,101EK113\01110060.JPG,01110060.JPG,6005535,2026-01-11 17:20:24,moved
CT20,101EK113,01110061.MOV,101EK113\01110061.MOV,01110061.MOV,114933044,2026-01-11 17:20:40,moved
CT20,101EK113,01110062.JPG,101EK113\01110062.JPG,01110062.JPG,5894461,2026-01-11 17:20:57,moved
CT20,101EK113,01110063.JPG,101EK113\01110063.JPG,01110063.JPG,5990544,2026-01-11 17:20:56,moved
CT20,101EK113,01110064.JPG,101EK113\01110064.JPG,01110064.JPG,6022352,2026-01-11 17:20:56,moved
CT20,101EK113,01110065.MOV,101EK113\01110065.MOV,01110065.MOV,118365251,2026-01-11 17:21:14,moved
CT20,101EK113,01110066.JPG,101EK113\01110066.JPG,01110066.JPG,5929286,2026-01-11 17:22:22,moved
CT20,101EK113,01110067.JPG,101EK113\01110067.JPG,01110067.JPG,5863703,2026-01-11 17:22:22,moved
CT20,101EK113,01110068.JPG,101EK113\01110068.JPG,01110068.JPG,6271482,2026-01-11 17:22:22,moved
CT20,101EK113,01110069.MOV,101EK113\01110069.MOV,01110069.MOV,118085582,2026-01-11 17:22:40,moved
CT20,101EK113,01110070.JPG,101EK113\01110070.JPG,01110070.JPG,5827868,2026-01-11 17:23:01,moved
CT20,101EK113,01110071.JPG,101EK113\01110071.JPG,01110071.JPG,5924262,2026-01-11 17:23:00,moved
CT20,101EK113,01110072.JPG,101EK113\01110072.JPG,01110072.JPG,6253273,2026-01-11 17:23:00,moved
CT20,101EK113,01110073.MOV,101EK113\01110073.MOV,01110073.MOV,119770953,2026-01-11 17:23:18,moved
CT20,101EK113,01110074.JPG,101EK113\01110074.JPG,01110074.JPG,6018193,2026-01-11 17:25:02,moved
CT20,101EK113,01110075.JPG,101EK113\01110075.JPG,01110075.JPG,5915758,2026-01-11 17:25:02,moved
CT20,101EK113,01110076.JPG,101EK113\01110076.JPG,01110076.JPG,5979273,2026-01-11 17:25:02,moved
CT20,101EK113,01110077.MOV,101EK113\01110077.MOV,01110077.MOV,114925558,2026-01-11 17:25:18,moved
CT20,101EK113,01110078.JPG,101EK113\01110078.JPG,01110078.JPG,5971650,2026-01-11 17:26:34,moved
CT20,101EK113,01110079.JPG,101EK113\01110079.JPG,01110079.JPG,5998023,2026-01-11 17:26:36,moved
CT20,101EK113,01110080.JPG,101EK113\01110080.JPG,01110080.JPG,5990899,2026-01-11 17:26:36,moved
CT20,101EK113,01110081.MOV,101EK113\01110081.MOV,01110081.MOV,118990175,2026-01-11 17:26:52,moved
CT20,101EK113,01110082.JPG,101EK113\01110082.JPG,01110082.JPG,5986975,2026-01-11 17:27:30,moved
CT20,101EK113,01110083.JPG,101EK113\01110083.JPG,01110083.JPG,5926940,2026-01-11 17:27:30,moved
CT20,101EK113,01110084.JPG,101EK113\01110084.JPG,01110084.JPG,5937422,2026-01-11 17:27:32,moved
CT20,101EK113,01110085.MOV,101EK113\01110085.MOV,01110085.MOV,119151604,2026-01-11 17:27:48,moved
CT20,101EK113,01110086.JPG,101EK113\01110086.JPG,01110086.JPG,5957896,2026-01-11 17:28:19,moved
CT20,101EK113,01110087.JPG,101EK113\01110087.JPG,01110087.JPG,5982440,2026-01-11 17:28:18,moved
CT20,101EK113,01110088.JPG,101EK113\01110088.JPG,01110088.JPG,5971397,2026-01-11 17:28:18,moved
CT20,101EK113,01110089.MOV,101EK113\01110089.MOV,01110089.MOV,112686469,2026-01-11 17:28:34,moved
CT20,101EK113,01110090.JPG,101EK113\01110090.JPG,01110090.JPG,6016965,2026-01-11 17:29:24,moved
CT20,101EK113,01110091.JPG,101EK113\01110091.JPG,01110091.JPG,5986316,2026-01-11 17:29:24,moved
CT20,101EK113,01110092.JPG,101EK113\01110092.JPG,01110092.JPG,6000575,2026-01-11 17:29:27,moved
CT20,101EK113,01110093.MOV,101EK113\01110093.MOV,01110093.MOV,113484822,2026-01-11 17:29:42,moved
CT20,101EK113,01110094.JPG,101EK113\01110094.JPG,01110094.JPG,5972494,2026-01-11 17:29:44,moved
CT20,101EK113,01110095.JPG,101EK113\01110095.JPG,01110095.JPG,6014915,2026-01-11 17:29:47,moved
CT20,101EK113,01110096.JPG,101EK113\01110096.JPG,01110096.JPG,5905298,2026-01-11 17:29:46,moved
CT20,101EK113,01110097.MOV,101EK113\01110097.MOV,01110097.MOV,119654663,2026-01-11 17:30:02,moved
CT20,101EK113,01110098.JPG,101EK113\01110098.JPG,01110098.JPG,6016509,2026-01-11 17:36:10,moved
CT20,101EK113,01110099.JPG,101EK113\01110099.JPG,01110099.JPG,5971610,2026-01-11 17:36:12,moved
CT20,101EK113,01110100.JPG,101EK113\01110100.JPG,01110100.JPG,5987221,2026-01-11 17:36:12,moved
CT20,101EK113,01110101.MOV,101EK113\01110101.MOV,01110101.MOV,114329584,2026-01-11 17:36:28,moved
CT20,101EK113,01110102.JPG,101EK113\01110102.JPG,01110102.JPG,5898360,2026-01-11 17:37:50,moved
CT20,101EK113,01110103.JPG,101EK113\01110103.JPG,01110103.JPG,5893707,2026-01-11 17:37:50,moved
CT20,101EK113,01110104.JPG,101EK113\01110104.JPG,01110104.JPG,5933323,2026-01-11 17:37:52,moved
CT20,101EK113,01110105.MOV,101EK113\01110105.MOV,01110105.MOV,113010534,2026-01-11 17:38:08,moved
CT20,101EK113,01110106.JPG,101EK113\01110106.JPG,01110106.JPG,5871216,2026-01-11 17:39:22,moved
CT20,101EK113,01110107.JPG,101EK113\01110107.JPG,01110107.JPG,5876440,2026-01-11 17:39:24,moved
CT20,101EK113,01110108.JPG,101EK113\01110108.JPG,01110108.JPG,5849044,2026-01-11 17:39:24,moved
CT20,101EK113,01110109.MOV,101EK113\01110109.MOV,01110109.MOV,118611729,2026-01-11 17:39:42,moved
CT20,101EK113,01110110.JPG,101EK113\01110110.JPG,01110110.JPG,5892388,2026-01-11 17:39:44,moved
CT20,101EK113,01110111.JPG,101EK113\01110111.JPG,01110111.JPG,5935416,2026-01-11 17:39:44,moved
CT20,101EK113,01110112.JPG,101EK113\01110112.JPG,01110112.JPG,6000806,2026-01-11 17:39:47,moved
CT20,101EK113,01110113.MOV,101EK113\01110113.MOV,01110113.MOV,119816716,2026-01-11 17:40:02,moved
CT20,101EK113,01110114.JPG,101EK113\01110114.JPG,01110114.JPG,5953130,2026-01-11 17:40:14,moved
CT20,101EK113,01110115.JPG,101EK113\01110115.JPG,01110115.JPG,5945525,2026-01-11 17:40:16,moved
CT20,101EK113,01110116.JPG,101EK113\01110116.JPG,01110116.JPG,6021309,2026-01-11 17:40:16,moved
CT20,101EK113,01110117.MOV,101EK113\01110117.MOV,01110117.MOV,114911804,2026-01-11 17:40:32,moved
CT20,101EK113,01110118.JPG,101EK113\01110118.JPG,01110118.JPG,5954813,2026-01-11 17:41:00,moved
CT20,101EK113,01110119.JPG,101EK113\01110119.JPG,01110119.JPG,5852853,2026-01-11 17:41:00,moved
CT20,101EK113,01110120.JPG,101EK113\01110120.JPG,01110120.JPG,6049723,2026-01-11 17:41:02,moved
CT20,101EK113,01110121.MOV,101EK113\01110121.MOV,01110121.MOV,112874606,2026-01-11 17:41:18,moved
CT20,101EK113,01110122.JPG,101EK113\01110122.JPG,01110122.JPG,6033849,2026-01-11 17:41:36,moved
CT20,101EK113,01110123.JPG,101EK113\01110123.JPG,01110123.JPG,5956992,2026-01-11 17:41:36,moved
CT20,101EK113,01110124.JPG,101EK113\01110124.JPG,01110124.JPG,5939138,2026-01-11 17:41:36,moved
CT20,101EK113,01110125.MOV,101EK113\01110125.MOV,01110125.MOV,113403653,2026-01-11 17:41:54,moved
CT20,101EK113,01110126.JPG,101EK113\01110126.JPG,01110126.JPG,5892601,2026-01-11 17:42:04,moved
CT20,101EK113,01110127.JPG,101EK113\01110127.JPG,01110127.JPG,5889467,2026-01-11 17:42:06,moved
CT20,101EK113,01110128.JPG,101EK113\01110128.JPG,01110128.JPG,5909289,2026-01-11 17:42:06,moved
CT20,101EK113,01110129.MOV,101EK113\01110129.MOV,01110129.MOV,112786126,2026-01-11 17:42:22,moved
CT20,101EK113,01110130.JPG,101EK113\01110130.JPG,01110130.JPG,5972935,2026-01-11 17:43:52,moved
CT20,101EK113,01110131.JPG,101EK113\01110131.JPG,01110131.JPG,5943911,2026-01-11 17:43:52,moved
CT20,101EK113,01110132.JPG,101EK113\01110132.JPG,01110132.JPG,6015773,2026-01-11 17:43:54,moved
CT20,101EK113,01110133.MOV,101EK113\01110133.MOV,01110133.MOV,113883354,2026-01-11 17:44:10,moved
CT20,101EK113,01110134.JPG,101EK113\01110134.JPG,01110134.JPG,5962024,2026-01-11 17:44:14,moved
CT20,101EK113,01110135.JPG,101EK113\01110135.JPG,01110135.JPG,5971532,2026-01-11 17:44:14,moved
CT20,101EK113,01110136.JPG,101EK113\01110136.JPG,01110136.JPG,5990560,2026-01-11 17:44:17,moved
CT20,101EK113,01110137.MOV,101EK113\01110137.MOV,01110137.MOV,120363454,2026-01-11 17:44:32,moved
CT20,101EK113,01110138.JPG,101EK113\01110138.JPG,01110138.JPG,5973166,2026-01-11 17:44:36,moved
CT20,101EK113,01110139.JPG,101EK113\01110139.JPG,01110139.JPG,5984873,2026-01-11 17:44:36,moved
CT20,101EK113,01110140.JPG,101EK113\01110140.JPG,01110140.JPG,5944071,2026-01-11 17:44:39,moved
CT20,101EK113,01110141.MOV,101EK113\01110141.MOV,01110141.MOV,112541371,2026-01-11 17:44:54,moved
CT20,101EK113,01110142.JPG,101EK113\01110142.JPG,01110142.JPG,5977627,2026-01-11 17:46:04,moved
CT20,101EK113,01110143.JPG,101EK113\01110143.JPG,01110143.JPG,5973762,2026-01-11 17:46:04,moved
CT20,101EK113,01110144.JPG,101EK113\01110144.JPG,01110144.JPG,5989927,2026-01-11 17:46:06,moved
CT20,101EK113,01110145.MOV,101EK113\01110145.MOV,01110145.MOV,113170593,2026-01-11 17:46:22,moved
CT20,101EK113,01110146.JPG,101EK113\01110146.JPG,01110146.JPG,5905295,2026-01-11 17:47:05,moved
CT20,101EK113,01110147.JPG,101EK113\01110147.JPG,01110147.JPG,5895527,2026-01-11 17:47:04,moved
CT20,101EK113,01110148.JPG,101EK113\01110148.JPG,01110148.JPG,5911508,2026-01-11 17:47:04,moved
CT20,101EK113,01110149.MOV,101EK113\01110149.MOV,01110149.MOV,119452840,2026-01-11 17:47:23,moved
CT20,101EK113,01110150.JPG,101EK113\01110150.JPG,01110150.JPG,5984753,2026-01-11 17:47:30,moved
CT20,101EK113,01110151.JPG,101EK113\01110151.JPG,01110151.JPG,5953415,2026-01-11 17:47:33,moved
CT20,101EK113,01110152.JPG,101EK113\01110152.JPG,01110152.JPG,5868436,2026-01-11 17:47:32,moved
CT20,101EK113,01110153.MOV,101EK113\01110153.MOV,01110153.MOV,113094529,2026-01-11 17:47:48,moved
CT20,101EK113,01110154.JPG,101EK113\01110154.JPG,01110154.JPG,5839564,2026-01-11 17:47:52,moved
CT20,101EK113,01110155.JPG,101EK113\01110155.JPG,01110155.JPG,5998886,2026-01-11 17:47:54,moved
CT20,101EK113,01110156.JPG,101EK113\01110156.JPG,01110156.JPG,5994668,2026-01-11 17:47:54,moved
CT20,101EK113,01110157.MOV,101EK113\01110157.MOV,01110157.MOV,112859743,2026-01-11 17:48:10,moved
CT20,101EK113,01110158.JPG,101EK113\01110158.JPG,01110158.JPG,5925956,2026-01-11 17:48:52,moved
CT20,101EK113,01110159.JPG,101EK113\01110159.JPG,01110159.JPG,6029979,2026-01-11 17:48:54,moved
CT20,101EK113,01110160.JPG,101EK113\01110160.JPG,01110160.JPG,5981233,2026-01-11 17:48:54,moved
CT20,101EK113,01110161.MOV,101EK113\01110161.MOV,01110161.MOV,119853324,2026-01-11 17:49:12,moved
CT20,101EK113,01110162.JPG,101EK113\01110162.JPG,01110162.JPG,5871021,2026-01-11 17:51:04,moved
CT20,101EK113,01110163.JPG,101EK113\01110163.JPG,01110163.JPG,6037463,2026-01-11 17:51:06,moved
CT20,101EK113,01110164.JPG,101EK113\01110164.JPG,01110164.JPG,5884412,2026-01-11 17:51:06,moved
CT20,101EK113,01110165.MOV,101EK113\01110165.MOV,01110165.MOV,118050628,2026-01-11 17:51:24,moved
CT20,101EK113,01110166.JPG,101EK113\01110166.JPG,01110166.JPG,6018084,2026-01-11 17:51:30,moved
CT20,101EK113,01110167.JPG,101EK113\01110167.JPG,01110167.JPG,6032427,2026-01-11 17:51:32,moved
CT20,101EK113,01110168.JPG,101EK113\01110168.JPG,01110168.JPG,6093221,2026-01-11 17:51:32,moved
CT20,101EK113,01110169.MOV,101EK113\01110169.MOV,01110169.MOV,116288934,2026-01-11 17:51:48,moved
CT20,101EK113,01110170.JPG,101EK113\01110170.JPG,01110170.JPG,5846470,2026-01-11 17:58:00,moved
CT20,101EK113,01110171.JPG,101EK113\01110171.JPG,01110171.JPG,5831263,2026-01-11 17:58:02,moved
CT20,101EK113,01110172.JPG,101EK113\01110172.JPG,01110172.JPG,6210757,2026-01-11 17:58:02,moved
CT20,101EK113,01110173.MOV,101EK113\01110173.MOV,01110173.MOV,114655024,2026-01-11 17:58:18,moved
CT20,101EK113,01110174.JPG,101EK113\01110174.JPG,01110174.JPG,6018386,2026-01-11 18:03:20,moved
CT20,101EK113,01110175.JPG,101EK113\01110175.JPG,01110175.JPG,6265572,2026-01-11 18:03:22,moved
CT20,101EK113,01110176.JPG,101EK113\01110176.JPG,01110176.JPG,5909570,2026-01-11 18:03:22,moved
CT20,101EK113,01110177.MOV,101EK113\01110177.MOV,01110177.MOV,112741809,2026-01-11 18:03:38,moved
CT20,101EK113,01110178.JPG,101EK113\01110178.JPG,01110178.JPG,5963197,2026-01-11 18:04:38,moved
CT20,101EK113,01110179.JPG,101EK113\01110179.JPG,01110179.JPG,5980759,2026-01-11 18:04:41,moved
CT20,101EK113,01110180.JPG,101EK113\01110180.JPG,01110180.JPG,5955979,2026-01-11 18:04:40,moved
CT20,101EK113,01110181.MOV,101EK113\01110181.MOV,01110181.MOV,112751129,2026-01-11 18:04:56,moved
CT20,101EK113,01110182.JPG,101EK113\01110182.JPG,01110182.JPG,5929594,2026-01-11 18:05:36,moved
CT20,101EK113,01110183.JPG,101EK113\01110183.JPG,01110183.JPG,5994802,2026-01-11 18:05:38,moved
CT20,101EK113,01110184.JPG,101EK113\01110184.JPG,01110184.JPG,5981060,2026-01-11 18:05:38,moved
CT20,101EK113,01110185.MOV,101EK113\01110185.MOV,01110185.MOV,112953003,2026-01-11 18:05:54,moved
CT20,101EK113,01110186.JPG,101EK113\01110186.JPG,01110186.JPG,5934332,2026-01-11 18:06:02,moved
CT20,101EK113,01110187.JPG,101EK113\01110187.JPG,01110187.JPG,5996170,2026-01-11 18:06:02,moved
CT20,101EK113,01110188.JPG,101EK113\01110188.JPG,01110188.JPG,5946055,2026-01-11 18:06:05,moved
CT20,101EK113,01110189.MOV,101EK113\01110189.MOV,01110189.MOV,119172476,2026-01-11 18:06:20,moved
CT20,101EK113,01110190.JPG,101EK113\01110190.JPG,01110190.JPG,5994278,2026-01-11 18:07:06,moved
CT20,101EK113,01110191.JPG,101EK113\01110191.JPG,01110191.JPG,5902821,2026-01-11 18:07:08,moved
CT20,101EK113,01110192.JPG,101EK113\01110192.JPG,01110192.JPG,5910229,2026-01-11 18:07:08,moved
CT20,101EK113,01110193.MOV,101EK113\01110193.MOV,01110193.MOV,115163486,2026-01-11 18:07:24,moved
CT20,101EK113,01110194.JPG,101EK113\01110194.JPG,01110194.JPG,6118610,2026-01-11 18:08:54,moved
CT20,101EK113,01110195.JPG,101EK113\01110195.JPG,01110195.JPG,6096189,2026-01-11 18:08:56,moved
CT20,101EK113,01110196.JPG,101EK113\01110196.JPG,01110196.JPG,6061508,2026-01-11 18:08:56,moved
CT20,101EK113,01110197.MOV,101EK113\01110197.MOV,01110197.MOV,119051337,2026-01-11 18:09:14,moved
CT20,101EK113,01110198.JPG,101EK113\01110198.JPG,01110198.JPG,5832447,2026-01-11 18:10:18,moved
CT20,101EK113,01110199.JPG,101EK113\01110199.JPG,01110199.JPG,6249963,2026-01-11 18:10:18,moved
CT20,101EK113,01110200.JPG,101EK113\01110200.JPG,01110200.JPG,6241996,2026-01-11 18:10:20,moved
CT20,101EK113,01110201.MOV,101EK113\01110201.MOV,01110201.MOV,119977399,2026-01-11 18:10:36,moved
CT20,101EK113,01110202.JPG,101EK113\01110202.JPG,01110202.JPG,5827778,2026-01-11 18:11:40,moved
CT20,101EK113,01110203.JPG,101EK113\01110203.JPG,01110203.JPG,6253883,2026-01-11 18:11:40,moved
CT20,101EK113,01110204.JPG,101EK113\01110204.JPG,01110204.JPG,6267384,2026-01-11 18:11:42,moved
CT20,101EK113,01110205.MOV,101EK113\01110205.MOV,01110205.MOV,118042767,2026-01-11 18:11:58,moved
CT20,101EK113,01110206.JPG,101EK113\01110206.JPG,01110206.JPG,6263821,2026-01-11 18:13:10,moved
CT20,101EK113,01110207.JPG,101EK113\01110207.JPG,01110207.JPG,6257894,2026-01-11 18:13:10,moved
CT20,101EK113,01110208.JPG,101EK113\01110208.JPG,01110208.JPG,6268735,2026-01-11 18:13:10,moved
CT20,101EK113,01110209.MOV,101EK113\01110209.MOV,01110209.MOV,119733508,2026-01-11 18:13:28,moved
CT20,101EK113,01110210.JPG,101EK113\01110210.JPG,01110210.JPG,6236715,2026-01-11 18:21:40,moved
CT20,101EK113,01110211.JPG,101EK113\01110211.JPG,01110211.JPG,6270125,2026-01-11 18:21:42,moved
CT20,101EK113,01110212.JPG,101EK113\01110212.JPG,01110212.JPG,5907875,2026-01-11 18:21:42,moved
CT20,101EK113,01110213.MOV,101EK113\01110213.MOV,01110213.MOV,119725959,2026-01-11 18:21:58,moved
CT20,101EK113,01110214.JPG,101EK113\01110214.JPG,01110214.JPG,6219810,2026-01-11 18:33:44,moved
CT20,101EK113,01110215.JPG,101EK113\01110215.JPG,01110215.JPG,5913966,2026-01-11 18:33:47,moved
CT20,101EK113,01110216.JPG,101EK113\01110216.JPG,01110216.JPG,5898813,2026-01-11 18:33:46,moved
CT20,101EK113,01110217.MOV,101EK113\01110217.MOV,01110217.MOV,119703096,2026-01-11 18:34:02,moved
CT20,101EK113,01110218.JPG,101EK113\01110218.JPG,01110218.JPG,5925747,2026-01-11 18:34:30,moved
CT20,101EK113,01110219.JPG,101EK113\01110219.JPG,01110219.JPG,5894721,2026-01-11 18:34:30,moved
CT20,101EK113,01110220.JPG,101EK113\01110220.JPG,01110220.JPG,5830239,2026-01-11 18:34:33,moved
CT20,101EK113,01110221.MOV,101EK113\01110221.MOV,01110221.MOV,114221353,2026-01-11 18:34:48,moved
CT20,101EK113,01110222.JPG,101EK113\01110222.JPG,01110222.JPG,5887222,2026-01-11 18:35:16,moved
CT20,101EK113,01110223.JPG,101EK113\01110223.JPG,01110223.JPG,5902412,2026-01-11 18:35:19,moved
CT20,101EK113,01110224.JPG,101EK113\01110224.JPG,01110224.JPG,5899232,2026-01-11 18:35:18,moved
CT20,101EK113,01110225.MOV,101EK113\01110225.MOV,01110225.MOV,113702321,2026-06-22 11:17:24,moved
CT20,101EK113,01110226.JPG,101EK113\01110226.JPG,01110226.JPG,5980193,2026-01-11 18:42:36,moved
CT20,101EK113,01110227.JPG,101EK113\01110227.JPG,01110227.JPG,5942531,2026-01-11 18:42:39,moved
CT20,101EK113,01110228.JPG,101EK113\01110228.JPG,01110228.JPG,5976893,2026-01-11 18:42:38,moved
CT20,101EK113,01110229.MOV,101EK113\01110229.MOV,01110229.MOV,112726750,2026-01-11 18:42:54,moved
CT20,101EK113,01110230.JPG,101EK113\01110230.JPG,01110230.JPG,6236835,2026-01-11 18:49:34,moved
CT20,101EK113,01110231.JPG,101EK113\01110231.JPG,01110231.JPG,5948971,2026-01-11 18:49:37,moved
CT20,101EK113,01110232.JPG,101EK113\01110232.JPG,01110232.JPG,5862746,2026-01-11 18:49:36,moved
CT20,101EK113,01110233.MOV,101EK113\01110233.MOV,01110233.MOV,115036369,2026-01-11 18:49:52,moved
CT20,101EK113,01110234.JPG,101EK113\01110234.JPG,01110234.JPG,6252983,2026-01-11 18:50:00,moved
CT20,101EK113,01110235.JPG,101EK113\01110235.JPG,01110235.JPG,6270506,2026-01-11 18:50:00,moved
CT20,101EK113,01110236.JPG,101EK113\01110236.JPG,01110236.JPG,6220629,2026-01-11 18:50:02,moved
CT20,101EK113,01110237.MOV,101EK113\01110237.MOV,01110237.MOV,120658756,2026-01-11 18:50:18,moved
CT20,101EK113,01110238.JPG,101EK113\01110238.JPG,01110238.JPG,6011723,2026-01-11 18:53:34,moved
CT20,101EK113,01110239.JPG,101EK113\01110239.JPG,01110239.JPG,6272261,2026-01-11 18:53:34,moved
CT20,101EK113,01110240.JPG,101EK113\01110240.JPG,01110240.JPG,6264166,2026-01-11 18:53:36,moved
CT20,101EK113,01110241.MOV,101EK113\01110241.MOV,01110241.MOV,117147234,2026-01-11 18:53:52,moved
CT20,101EK113,01110242.JPG,101EK113\01110242.JPG,01110242.JPG,5977404,2026-01-11 19:04:18,moved
CT20,101EK113,01110243.JPG,101EK113\01110243.JPG,01110243.JPG,5971036,2026-01-11 19:04:21,moved
CT20,101EK113,01110244.JPG,101EK113\01110244.JPG,01110244.JPG,5965245,2026-01-11 19:04:20,moved
CT20,101EK113,01110245.MOV,101EK113\01110245.MOV,01110245.MOV,114245468,2026-01-11 19:04:36,moved
CT20,101EK113,01110246.JPG,101EK113\01110246.JPG,01110246.JPG,5955918,2026-01-11 19:14:44,moved
CT20,101EK113,01110247.JPG,101EK113\01110247.JPG,01110247.JPG,5947321,2026-01-11 19:14:47,moved
CT20,101EK113,01110248.JPG,101EK113\01110248.JPG,01110248.JPG,5961021,2026-01-11 19:14:46,moved
CT20,101EK113,01110249.MOV,101EK113\01110249.MOV,01110249.MOV,113551458,2026-01-11 19:15:02,moved
CT20,101EK113,01120250.JPG,101EK113\01120250.JPG,01120250.JPG,5963532,2026-01-12 15:34:06,moved
CT20,101EK113,01120251.JPG,101EK113\01120251.JPG,01120251.JPG,6037239,2026-01-12 15:34:08,moved
CT20,101EK113,01120252.JPG,101EK113\01120252.JPG,01120252.JPG,6048139,2026-01-12 15:34:08,moved
CT20,101EK113,01120253.MOV,101EK113\01120253.MOV,01120253.MOV,120460699,2026-01-12 15:34:26,moved
CT20,101EK113,01120254.JPG,101EK113\01120254.JPG,01120254.JPG,6175416,2026-01-12 17:54:44,moved
CT20,101EK113,01120255.JPG,101EK113\01120255.JPG,01120255.JPG,6123013,2026-01-12 17:54:46,moved
CT20,101EK113,01120256.JPG,101EK113\01120256.JPG,01120256.JPG,6150577,2026-01-12 17:54:46,moved
CT20,101EK113,01120257.MOV,101EK113\01120257.MOV,01120257.MOV,119293422,2026-01-12 17:55:02,moved
CT20,101EK113,01120258.JPG,101EK113\01120258.JPG,01120258.JPG,6126928,2026-01-12 17:56:04,moved
CT20,101EK113,01120259.JPG,101EK113\01120259.JPG,01120259.JPG,6144114,2026-01-12 17:56:04,moved
CT20,101EK113,01120260.JPG,101EK113\01120260.JPG,01120260.JPG,6157379,2026-01-12 17:56:06,moved
CT20,101EK113,01120261.MOV,101EK113\01120261.MOV,01120261.MOV,117572423,2026-01-12 17:56:22,moved
CT20,101EK113,01120262.JPG,101EK113\01120262.JPG,01120262.JPG,6177464,2026-01-12 18:00:36,moved
CT20,101EK113,01120263.JPG,101EK113\01120263.JPG,01120263.JPG,6150892,2026-01-12 18:00:36,moved
CT20,101EK113,01120264.JPG,101EK113\01120264.JPG,01120264.JPG,6139679,2026-01-12 18:00:38,moved
CT20,101EK113,01120265.MOV,101EK113\01120265.MOV,01120265.MOV,117671895,2026-01-12 18:00:54,moved
CT20,101EK113,01120266.JPG,101EK113\01120266.JPG,01120266.JPG,6129372,2026-01-12 18:01:10,moved
CT20,101EK113,01120267.JPG,101EK113\01120267.JPG,01120267.JPG,6147878,2026-01-12 18:01:12,moved
CT20,101EK113,01120268.JPG,101EK113\01120268.JPG,01120268.JPG,6147991,2026-01-12 18:01:12,moved
CT20,101EK113,01120269.MOV,101EK113\01120269.MOV,01120269.MOV,115494677,2026-01-12 18:01:28,moved
CT20,101EK113,01120270.JPG,101EK113\01120270.JPG,01120270.JPG,6201356,2026-01-12 18:04:42,moved
CT20,101EK113,01120271.JPG,101EK113\01120271.JPG,01120271.JPG,6251410,2026-01-12 18:04:45,moved
CT20,101EK113,01120272.JPG,101EK113\01120272.JPG,01120272.JPG,6251684,2026-01-12 18:04:44,moved
CT20,101EK113,01120273.MOV,101EK113\01120273.MOV,01120273.MOV,121842887,2026-01-12 18:05:00,moved
CT20,101EK113,01120274.JPG,101EK113\01120274.JPG,01120274.JPG,6153609,2026-01-12 18:14:52,moved
CT20,101EK113,01120275.JPG,101EK113\01120275.JPG,01120275.JPG,6156435,2026-01-12 18:14:52,moved
CT20,101EK113,01120276.JPG,101EK113\01120276.JPG,01120276.JPG,6162099,2026-01-12 18:14:54,moved
CT20,101EK113,01120277.MOV,101EK113\01120277.MOV,01120277.MOV,118754317,2026-01-12 18:15:10,moved
CT20,101EK113,01130278.JPG,101EK113\01130278.JPG,01130278.JPG,6035655,2026-01-13 14:34:28,moved
CT20,101EK113,01130279.JPG,101EK113\01130279.JPG,01130279.JPG,6041622,2026-01-13 14:34:28,moved
CT20,101EK113,01130280.JPG,101EK113\01130280.JPG,01130280.JPG,6047623,2026-01-13 14:34:30,moved
CT20,101EK113,01130281.MOV,101EK113\01130281.MOV,01130281.MOV,114594808,2026-01-13 14:34:46,moved
CT20,101EK113,01130282.JPG,101EK113\01130282.JPG,01130282.JPG,6039390,2026-01-13 15:13:20,moved
CT20,101EK113,01130283.JPG,101EK113\01130283.JPG,01130283.JPG,6053966,2026-01-13 15:13:20,moved
CT20,101EK113,01130284.JPG,101EK113\01130284.JPG,01130284.JPG,6042199,2026-01-13 15:13:22,moved
CT20,101EK113,01130285.MOV,101EK113\01130285.MOV,01130285.MOV,115665557,2026-01-13 15:13:38,moved
CT20,101EK113,01130286.JPG,101EK113\01130286.JPG,01130286.JPG,6022748,2026-01-13 15:31:40,moved
CT20,101EK113,01130287.JPG,101EK113\01130287.JPG,01130287.JPG,6014928,2026-01-13 15:31:40,moved
CT20,101EK113,01130288.JPG,101EK113\01130288.JPG,01130288.JPG,6048708,2026-01-13 15:31:42,moved
CT20,101EK113,01130289.MOV,101EK113\01130289.MOV,01130289.MOV,119808082,2026-01-13 15:31:58,moved
CT20,101EK113,01130290.JPG,101EK113\01130290.JPG,01130290.JPG,6046414,2026-01-13 15:37:36,moved
CT20,101EK113,01130291.JPG,101EK113\01130291.JPG,01130291.JPG,6064488,2026-01-13 15:37:38,moved
CT20,101EK113,01130292.JPG,101EK113\01130292.JPG,01130292.JPG,6074150,2026-01-13 15:37:38,moved
CT20,101EK113,01130293.MOV,101EK113\01130293.MOV,01130293.MOV,119146731,2026-01-13 15:37:54,moved
CT20,101EK113,01130294.JPG,101EK113\01130294.JPG,01130294.JPG,6054203,2026-01-13 15:50:37,moved
CT20,101EK113,01130295.JPG,101EK113\01130295.JPG,01130295.JPG,6014663,2026-01-13 15:50:36,moved
CT20,101EK113,01130296.JPG,101EK113\01130296.JPG,01130296.JPG,6032123,2026-01-13 15:50:36,moved
CT20,101EK113,01130297.MOV,101EK113\01130297.MOV,01130297.MOV,114006108,2026-01-13 15:50:52,moved
CT20,101EK113,01130298.JPG,101EK113\01130298.JPG,01130298.JPG,6040825,2026-01-13 16:04:50,moved
CT20,101EK113,01130299.JPG,101EK113\01130299.JPG,01130299.JPG,6048657,2026-01-13 16:04:50,moved
CT20,101EK113,01130300.JPG,101EK113\01130300.JPG,01130300.JPG,6015805,2026-01-13 16:04:52,moved
CT20,101EK113,01130301.MOV,101EK113\01130301.MOV,01130301.MOV,119377833,2026-01-13 16:05:08,moved
CT20,101EK113,01130302.JPG,101EK113\01130302.JPG,01130302.JPG,6057884,2026-01-13 16:19:52,moved
CT20,101EK113,01130303.JPG,101EK113\01130303.JPG,01130303.JPG,6063864,2026-01-13 16:19:52,moved
CT20,101EK113,01130304.JPG,101EK113\01130304.JPG,01130304.JPG,6063497,2026-01-13 16:19:54,moved
CT20,101EK113,01130305.MOV,101EK113\01130305.MOV,01130305.MOV,115679419,2026-01-13 16:20:10,moved
CT20,101EK113,01130306.JPG,101EK113\01130306.JPG,01130306.JPG,6041307,2026-01-13 16:32:06,moved
CT20,101EK113,01130307.JPG,101EK113\01130307.JPG,01130307.JPG,6017272,2026-01-13 16:32:08,moved
CT20,101EK113,01130308.JPG,101EK113\01130308.JPG,01130308.JPG,6049383,2026-01-13 16:32:08,moved
CT20,101EK113,01130309.MOV,101EK113\01130309.MOV,01130309.MOV,119472071,2026-01-13 16:32:24,moved
CT20,101EK113,01130310.JPG,101EK113\01130310.JPG,01130310.JPG,6026361,2026-01-13 16:34:10,moved
CT20,101EK113,01130311.JPG,101EK113\01130311.JPG,01130311.JPG,6033733,2026-01-13 16:34:10,moved
CT20,101EK113,01130312.JPG,101EK113\01130312.JPG,01130312.JPG,6049112,2026-01-13 16:34:13,moved
CT20,101EK113,01130313.MOV,101EK113\01130313.MOV,01130313.MOV,118763985,1969-12-31 21:00:00,moved
CT20,101EK113,01130314.JPG,101EK113\01130314.JPG,01130314.JPG,6029496,2026-01-13 16:42:26,moved
CT20,101EK113,01130315.JPG,101EK113\01130315.JPG,01130315.JPG,6029582,2026-01-13 16:42:26,moved
CT20,101EK113,01130316.JPG,101EK113\01130316.JPG,01130316.JPG,6026302,2026-01-13 16:42:29,moved
CT20,101EK113,01130317.MOV,101EK113\01130317.MOV,01130317.MOV,117561444,2026-01-13 16:42:44,moved
CT20,101EK113,01130318.JPG,101EK113\01130318.JPG,01130318.JPG,6028452,2026-01-13 17:00:34,moved
CT20,101EK113,01130319.JPG,101EK113\01130319.JPG,01130319.JPG,6056366,2026-01-13 17:00:34,moved
CT20,101EK113,01130320.JPG,101EK113\01130320.JPG,01130320.JPG,6049388,2026-01-13 17:00:36,moved
CT20,101EK113,01130321.MOV,101EK113\01130321.MOV,01130321.MOV,112676832,2026-01-13 17:00:52,moved
CT20,101EK113,01140322.JPG,101EK113\01140322.JPG,01140322.JPG,6043947,2026-01-14 13:49:51,moved
CT20,101EK113,01140323.JPG,101EK113\01140323.JPG,01140323.JPG,6029022,2026-01-14 13:49:50,moved
CT20,101EK113,01140324.JPG,101EK113\01140324.JPG,01140324.JPG,6007675,2026-01-14 13:49:50,moved
CT20,101EK113,01140325.MOV,101EK113\01140325.MOV,01140325.MOV,112392496,2026-01-14 13:50:07,moved
CT20,101EK113,01140326.JPG,101EK113\01140326.JPG,01140326.JPG,6035012,2026-01-14 14:17:02,moved
CT20,101EK113,01140327.JPG,101EK113\01140327.JPG,01140327.JPG,6028612,2026-01-14 14:17:02,moved
CT20,101EK113,01140328.JPG,101EK113\01140328.JPG,01140328.JPG,6021466,2026-01-14 14:17:05,moved
CT20,101EK113,01140329.MOV,101EK113\01140329.MOV,01140329.MOV,119041375,2026-01-14 14:17:20,moved
CT20,101EK113,01140330.JPG,101EK113\01140330.JPG,01140330.JPG,6043124,2026-01-14 14:18:36,moved
CT20,101EK113,01140331.JPG,101EK113\01140331.JPG,01140331.JPG,6069522,2026-01-14 14:18:36,moved
CT20,101EK113,01140332.JPG,101EK113\01140332.JPG,01140332.JPG,6040050,2026-01-14 14:18:39,moved
CT20,101EK113,01140333.MOV,101EK113\01140333.MOV,01140333.MOV,120770622,2026-01-14 14:18:54,moved
CT20,101EK113,01140334.JPG,101EK113\01140334.JPG,01140334.JPG,6031923,2026-01-14 14:27:36,moved
CT20,101EK113,01140335.JPG,101EK113\01140335.JPG,01140335.JPG,6058727,2026-01-14 14:27:39,moved
CT20,101EK113,01140336.JPG,101EK113\01140336.JPG,01140336.JPG,6057107,2026-01-14 14:27:38,moved
CT20,101EK113,01140337.MOV,101EK113\01140337.MOV,01140337.MOV,115802717,2026-01-14 14:27:54,moved
CT20,101EK113,01140338.JPG,101EK113\01140338.JPG,01140338.JPG,6222204,2026-01-14 14:29:34,moved
CT20,101EK113,01140339.JPG,101EK113\01140339.JPG,01140339.JPG,6269309,2026-01-14 14:29:36,moved
CT20,101EK113,01140340.JPG,101EK113\01140340.JPG,01140340.JPG,6031612,2026-01-14 14:29:36,moved
CT20,101EK113,01140341.MOV,101EK113\01140341.MOV,01140341.MOV,115408102,2026-01-14 14:29:52,moved
CT20,101EK113,01140342.JPG,101EK113\01140342.JPG,01140342.JPG,6052552,2026-01-14 14:32:06,moved
CT20,101EK113,01140343.JPG,101EK113\01140343.JPG,01140343.JPG,6074893,2026-01-14 14:32:09,moved
CT20,101EK113,01140344.JPG,101EK113\01140344.JPG,01140344.JPG,6082617,2026-01-14 14:32:08,moved
CT20,101EK113,01140345.MOV,101EK113\01140345.MOV,01140345.MOV,119306276,2026-01-14 14:32:24,moved
CT20,101EK113,01140346.JPG,101EK113\01140346.JPG,01140346.JPG,6034546,2026-01-14 14:38:50,moved
CT20,101EK113,01140347.JPG,101EK113\01140347.JPG,01140347.JPG,6033843,2026-01-14 14:38:53,moved
CT20,101EK113,01140348.JPG,101EK113\01140348.JPG,01140348.JPG,6070451,2026-01-14 14:38:52,moved
CT20,101EK113,01140349.MOV,101EK113\01140349.MOV,01140349.MOV,121457124,2026-01-14 14:39:08,moved
CT20,101EK113,01140350.JPG,101EK113\01140350.JPG,01140350.JPG,6046744,2026-01-14 14:39:38,moved
CT20,101EK113,01140351.JPG,101EK113\01140351.JPG,01140351.JPG,6056937,2026-01-14 14:39:38,moved
CT20,101EK113,01140352.JPG,101EK113\01140352.JPG,01140352.JPG,6049893,2026-01-14 14:39:38,moved
CT20,101EK113,01140353.MOV,101EK113\01140353.MOV,01140353.MOV,112744173,2026-01-14 14:39:54,moved
CT20,101EK113,01140354.JPG,101EK113\01140354.JPG,01140354.JPG,6064459,2026-01-14 14:41:40,moved
CT20,101EK113,01140355.JPG,101EK113\01140355.JPG,01140355.JPG,6026681,2026-01-14 14:41:40,moved
CT20,101EK113,01140356.JPG,101EK113\01140356.JPG,01140356.JPG,6050970,2026-01-14 14:41:43,moved
CT20,101EK113,01140357.MOV,101EK113\01140357.MOV,01140357.MOV,115784884,2026-01-14 14:41:58,moved
CT20,101EK113,01140358.JPG,101EK113\01140358.JPG,01140358.JPG,6080215,2026-01-14 14:42:22,moved
CT20,101EK113,01140359.JPG,101EK113\01140359.JPG,01140359.JPG,6090218,2026-01-14 14:42:22,moved
CT20,101EK113,01140360.JPG,101EK113\01140360.JPG,01140360.JPG,6063807,2026-01-14 14:42:24,moved
CT20,101EK113,01140361.MOV,101EK113\01140361.MOV,01140361.MOV,115431413,2026-01-14 14:42:40,moved
CT20,101EK113,01140362.JPG,101EK113\01140362.JPG,01140362.JPG,6060517,2026-01-14 14:42:46,moved
CT20,101EK113,01140363.JPG,101EK113\01140363.JPG,01140363.JPG,6078082,2026-01-14 14:42:46,moved
CT20,101EK113,01140364.JPG,101EK113\01140364.JPG,01140364.JPG,6071677,2026-01-14 14:42:49,moved
CT20,101EK113,01140365.MOV,101EK113\01140365.MOV,01140365.MOV,119407632,2026-01-14 14:43:04,moved
CT20,101EK113,01140366.JPG,101EK113\01140366.JPG,01140366.JPG,6080223,2026-01-14 14:47:22,moved
CT20,101EK113,01140367.JPG,101EK113\01140367.JPG,01140367.JPG,6033490,2026-01-14 14:47:25,moved
CT20,101EK113,01140368.JPG,101EK113\01140368.JPG,01140368.JPG,6034056,2026-01-14 14:47:24,moved
CT20,101EK113,01140369.MOV,101EK113\01140369.MOV,01140369.MOV,115263412,2026-01-14 14:47:40,moved
CT20,101EK113,01140370.JPG,101EK113\01140370.JPG,01140370.JPG,6025897,2026-01-14 14:47:52,moved
CT20,101EK113,01140371.JPG,101EK113\01140371.JPG,01140371.JPG,6033131,2026-01-14 14:47:55,moved
CT20,101EK113,01140372.JPG,101EK113\01140372.JPG,01140372.JPG,6053752,2026-01-14 14:47:54,moved
CT20,101EK113,01140373.MOV,101EK113\01140373.MOV,01140373.MOV,112073237,2026-01-14 14:48:10,moved
CT20,101EK113,01140374.JPG,101EK113\01140374.JPG,01140374.JPG,6056285,2026-01-14 14:48:24,moved
CT20,101EK113,01140375.JPG,101EK113\01140375.JPG,01140375.JPG,6020805,2026-01-14 14:48:26,moved
CT20,101EK113,01140376.JPG,101EK113\01140376.JPG,01140376.JPG,6051104,2026-01-14 14:48:26,moved
CT20,101EK113,01140377.MOV,101EK113\01140377.MOV,01140377.MOV,119153049,2026-01-14 14:48:42,moved
CT20,101EK113,01140378.JPG,101EK113\01140378.JPG,01140378.JPG,6066474,2026-01-14 14:50:48,moved
CT20,101EK113,01140379.JPG,101EK113\01140379.JPG,01140379.JPG,6066294,2026-01-14 14:50:50,moved
CT20,101EK113,01140380.JPG,101EK113\01140380.JPG,01140380.JPG,6079240,2026-01-14 14:50:50,moved
CT20,101EK113,01140381.MOV,101EK113\01140381.MOV,01140381.MOV,119282740,2026-01-14 14:51:06,moved
CT20,101EK113,01140382.JPG,101EK113\01140382.JPG,01140382.JPG,6255868,2026-01-14 14:57:49,moved
CT20,101EK113,01140383.JPG,101EK113\01140383.JPG,01140383.JPG,6038253,2026-01-14 14:57:48,moved
CT20,101EK113,01140384.JPG,101EK113\01140384.JPG,01140384.JPG,6072305,2026-01-14 14:57:48,moved
CT20,101EK113,01140385.MOV,101EK113\01140385.MOV,01140385.MOV,120268396,2026-01-14 14:58:06,moved
CT20,101EK113,01140386.JPG,101EK113\01140386.JPG,01140386.JPG,6089205,2026-01-14 15:00:50,moved
CT20,101EK113,01140387.JPG,101EK113\01140387.JPG,01140387.JPG,6073165,2026-01-14 15:00:53,moved
CT20,101EK113,01140388.JPG,101EK113\01140388.JPG,01140388.JPG,6081049,2026-01-14 15:00:52,moved
CT20,101EK113,01140389.MOV,101EK113\01140389.MOV,01140389.MOV,113510223,2026-01-14 15:01:08,moved
CT20,101EK113,01140390.JPG,101EK113\01140390.JPG,01140390.JPG,6093664,2026-01-14 15:01:36,moved
CT20,101EK113,01140391.JPG,101EK113\01140391.JPG,01140391.JPG,6061988,2026-01-14 15:01:36,moved
CT20,101EK113,01140392.JPG,101EK113\01140392.JPG,01140392.JPG,6052870,2026-01-14 15:01:39,moved
CT20,101EK113,01140393.MOV,101EK113\01140393.MOV,01140393.MOV,111470603,2026-01-14 15:01:54,moved
CT20,101EK113,01140394.JPG,101EK113\01140394.JPG,01140394.JPG,6044648,2026-01-14 15:02:18,moved
CT20,101EK113,01140395.JPG,101EK113\01140395.JPG,01140395.JPG,6053107,2026-01-14 15:02:20,moved
CT20,101EK113,01140396.JPG,101EK113\01140396.JPG,01140396.JPG,6073407,2026-01-14 15:02:20,moved
CT20,101EK113,01140397.MOV,101EK113\01140397.MOV,01140397.MOV,115583331,2026-01-14 15:02:36,moved
CT20,101EK113,01140398.JPG,101EK113\01140398.JPG,01140398.JPG,6040603,2026-01-14 15:03:35,moved
CT20,101EK113,01140399.JPG,101EK113\01140399.JPG,01140399.JPG,6098524,2026-01-14 15:03:34,moved
CT20,101EK113,01140400.JPG,101EK113\01140400.JPG,01140400.JPG,6065269,2026-01-14 15:03:34,moved
CT20,101EK113,01140401.MOV,101EK113\01140401.MOV,01140401.MOV,118991754,2026-01-14 15:03:53,moved
CT20,101EK113,01140402.JPG,101EK113\01140402.JPG,01140402.JPG,6054418,2026-01-14 15:05:00,moved
CT20,101EK113,01140403.JPG,101EK113\01140403.JPG,01140403.JPG,6060296,2026-01-14 15:05:00,moved
CT20,101EK113,01140404.JPG,101EK113\01140404.JPG,01140404.JPG,6098004,2026-01-14 15:05:03,moved
CT20,101EK113,01140405.MOV,101EK113\01140405.MOV,01140405.MOV,110948731,2026-01-14 15:05:18,moved
CT20,101EK113,01140406.JPG,101EK113\01140406.JPG,01140406.JPG,6067567,2026-01-14 15:05:42,moved
CT20,101EK113,01140407.JPG,101EK113\01140407.JPG,01140407.JPG,6080425,2026-01-14 15:05:42,moved
CT20,101EK113,01140408.JPG,101EK113\01140408.JPG,01140408.JPG,6057304,2026-01-14 15:05:44,moved
CT20,101EK113,01140409.MOV,101EK113\01140409.MOV,01140409.MOV,119063789,1969-12-31 21:00:00,moved
CT20,101EK113,01140410.JPG,101EK113\01140410.JPG,01140410.JPG,6041088,2026-01-14 15:06:38,moved
CT20,101EK113,01140411.JPG,101EK113\01140411.JPG,01140411.JPG,6047632,2026-01-14 15:06:38,moved
CT20,101EK113,01140412.JPG,101EK113\01140412.JPG,01140412.JPG,6095083,2026-01-14 15:06:41,moved
CT20,101EK113,01140413.MOV,101EK113\01140413.MOV,01140413.MOV,119745319,2026-01-14 15:06:56,moved
CT20,101EK113,01140414.JPG,101EK113\01140414.JPG,01140414.JPG,6014738,2026-01-14 15:06:58,moved
CT20,101EK113,01140415.JPG,101EK113\01140415.JPG,01140415.JPG,6017273,2026-01-14 15:06:58,moved
CT20,101EK113,01140416.JPG,101EK113\01140416.JPG,01140416.JPG,6048476,2026-01-14 15:07:01,moved
CT20,101EK113,01140417.MOV,101EK113\01140417.MOV,01140417.MOV,121417360,2026-01-14 15:07:16,moved
CT20,101EK113,01140418.JPG,101EK113\01140418.JPG,01140418.JPG,6104007,2026-01-14 15:07:26,moved
CT20,101EK113,01140419.JPG,101EK113\01140419.JPG,01140419.JPG,6100864,2026-01-14 15:07:26,moved
CT20,101EK113,01140420.JPG,101EK113\01140420.JPG,01140420.JPG,6049472,2026-01-14 15:07:26,moved
CT20,101EK113,01140421.MOV,101EK113\01140421.MOV,01140421.MOV,113459960,2026-01-14 15:07:42,moved
CT20,101EK113,01140422.JPG,101EK113\01140422.JPG,01140422.JPG,6038179,2026-01-14 15:07:58,moved
CT20,101EK113,01140423.JPG,101EK113\01140423.JPG,01140423.JPG,6063515,2026-01-14 15:08:00,moved
CT20,101EK113,01140424.JPG,101EK113\01140424.JPG,01140424.JPG,6021828,2026-01-14 15:08:00,moved
CT20,101EK113,01140425.MOV,101EK113\01140425.MOV,01140425.MOV,113719432,2026-01-14 15:08:16,moved
CT20,101EK113,01140426.JPG,101EK113\01140426.JPG,01140426.JPG,6045504,2026-01-14 15:08:27,moved
CT20,101EK113,01140427.JPG,101EK113\01140427.JPG,01140427.JPG,6086117,2026-01-14 15:08:26,moved
CT20,101EK113,01140428.JPG,101EK113\01140428.JPG,01140428.JPG,6097590,2026-01-14 15:08:26,moved
CT20,101EK113,01140429.MOV,101EK113\01140429.MOV,01140429.MOV,113722618,2026-01-14 15:08:42,moved
CT20,101EK113,01140430.JPG,101EK113\01140430.JPG,01140430.JPG,6054476,2026-01-14 15:08:59,moved
CT20,101EK113,01140431.JPG,101EK113\01140431.JPG,01140431.JPG,6104227,2026-01-14 15:08:58,moved
CT20,101EK113,01140432.JPG,101EK113\01140432.JPG,01140432.JPG,6019291,2026-01-14 15:08:58,moved
CT20,101EK113,01140433.MOV,101EK113\01140433.MOV,01140433.MOV,119325589,2026-01-14 15:09:16,moved
CT20,101EK113,01140434.JPG,101EK113\01140434.JPG,01140434.JPG,6086994,2026-01-14 15:09:35,moved
CT20,101EK113,01140435.JPG,101EK113\01140435.JPG,01140435.JPG,6106196,2026-01-14 15:09:34,moved
CT20,101EK113,01140436.JPG,101EK113\01140436.JPG,01140436.JPG,6048748,2026-01-14 15:09:34,moved
CT20,101EK113,01140437.MOV,101EK113\01140437.MOV,01140437.MOV,111597233,2026-01-14 15:09:50,moved
CT20,101EK113,01140438.JPG,101EK113\01140438.JPG,01140438.JPG,6050339,2026-01-14 15:11:22,moved
CT20,101EK113,01140439.JPG,101EK113\01140439.JPG,01140439.JPG,6049456,2026-01-14 15:11:24,moved
CT20,101EK113,01140440.JPG,101EK113\01140440.JPG,01140440.JPG,6030504,2026-01-14 15:11:24,moved
CT20,101EK113,01140441.MOV,101EK113\01140441.MOV,01140441.MOV,114019349,2026-01-14 15:11:40,moved
CT20,101EK113,01140442.JPG,101EK113\01140442.JPG,01140442.JPG,6044413,2026-01-14 15:12:41,moved
CT20,101EK113,01140443.JPG,101EK113\01140443.JPG,01140443.JPG,6045516,2026-01-14 15:12:40,moved
CT20,101EK113,01140444.JPG,101EK113\01140444.JPG,01140444.JPG,6037475,2026-01-14 15:12:40,moved
CT20,101EK113,01140445.MOV,101EK113\01140445.MOV,01140445.MOV,119630248,2026-01-14 15:12:58,moved
CT20,101EK113,01140446.JPG,101EK113\01140446.JPG,01140446.JPG,6085429,2026-01-14 15:13:26,moved
CT20,101EK113,01140447.JPG,101EK113\01140447.JPG,01140447.JPG,6046118,2026-01-14 15:13:26,moved
CT20,101EK113,01140448.JPG,101EK113\01140448.JPG,01140448.JPG,6046271,2026-01-14 15:13:29,moved
CT20,101EK113,01140449.MOV,101EK113\01140449.MOV,01140449.MOV,119636508,2026-01-14 15:13:44,moved
CT20,101EK113,01140450.JPG,101EK113\01140450.JPG,01140450.JPG,6020918,2026-01-14 15:13:52,moved
CT20,101EK113,01140451.JPG,101EK113\01140451.JPG,01140451.JPG,6044223,2026-01-14 15:13:52,moved
CT20,101EK113,01140452.JPG,101EK113\01140452.JPG,01140452.JPG,6032556,2026-01-14 15:13:55,moved
CT20,101EK113,01140453.MOV,101EK113\01140453.MOV,01140453.MOV,113967841,2026-01-14 15:14:10,moved
CT20,101EK113,01140454.JPG,101EK113\01140454.JPG,01140454.JPG,6046541,2026-01-14 15:15:31,moved
CT20,101EK113,01140455.JPG,101EK113\01140455.JPG,01140455.JPG,5941407,2026-01-14 15:15:30,moved
CT20,101EK113,01140456.JPG,101EK113\01140456.JPG,01140456.JPG,6057296,2026-01-14 15:15:30,moved
CT20,101EK113,01140457.MOV,101EK113\01140457.MOV,01140457.MOV,113002006,2026-01-14 15:15:47,moved
CT20,101EK113,01140458.JPG,101EK113\01140458.JPG,01140458.JPG,6042635,2026-01-14 15:15:54,moved
CT20,101EK113,01140459.JPG,101EK113\01140459.JPG,01140459.JPG,6069742,2026-01-14 15:15:57,moved
CT20,101EK113,01140460.JPG,101EK113\01140460.JPG,01140460.JPG,6052943,2026-01-14 15:15:56,moved
CT20,101EK113,01140461.MOV,101EK113\01140461.MOV,01140461.MOV,111815345,2026-01-14 15:16:12,moved
CT20,101EK113,01140462.JPG,101EK113\01140462.JPG,01140462.JPG,6053604,2026-01-14 15:16:16,moved
CT20,101EK113,01140463.JPG,101EK113\01140463.JPG,01140463.JPG,6013521,2026-01-14 15:16:19,moved
CT20,101EK113,01140464.JPG,101EK113\01140464.JPG,01140464.JPG,6013317,2026-01-14 15:16:18,moved
CT20,101EK113,01140465.MOV,101EK113\01140465.MOV,01140465.MOV,112433720,2026-01-14 15:16:34,moved
CT20,101EK113,01140466.JPG,101EK113\01140466.JPG,01140466.JPG,6014515,2026-01-14 15:16:51,moved
CT20,101EK113,01140467.JPG,101EK113\01140467.JPG,01140467.JPG,6012900,2026-01-14 15:16:50,moved
CT20,101EK113,01140468.JPG,101EK113\01140468.JPG,01140468.JPG,6008093,2026-01-14 15:16:50,moved
CT20,101EK113,01140469.MOV,101EK113\01140469.MOV,01140469.MOV,119079448,2026-01-14 15:17:08,moved
CT20,101EK113,01140470.JPG,101EK113\01140470.JPG,01140470.JPG,6087239,2026-01-14 15:17:34,moved
CT20,101EK113,01140471.JPG,101EK113\01140471.JPG,01140471.JPG,6102041,2026-01-14 15:17:37,moved
CT20,101EK113,01140472.JPG,101EK113\01140472.JPG,01140472.JPG,6042164,2026-01-14 15:17:36,moved
CT20,101EK113,01140473.MOV,101EK113\01140473.MOV,01140473.MOV,119135906,2026-01-14 15:17:52,moved
CT20,101EK113,01140474.JPG,101EK113\01140474.JPG,01140474.JPG,6263895,2026-01-14 15:18:10,moved
CT20,101EK113,01140475.JPG,101EK113\01140475.JPG,01140475.JPG,6251965,2026-01-14 15:18:13,moved
CT20,101EK113,01140476.JPG,101EK113\01140476.JPG,01140476.JPG,6099909,2026-01-14 15:18:12,moved
CT20,101EK113,01140477.MOV,101EK113\01140477.MOV,01140477.MOV,114717078,2026-01-14 15:18:28,moved
CT20,101EK113,01140478.JPG,101EK113\01140478.JPG,01140478.JPG,6037860,2026-01-14 15:19:32,moved
CT20,101EK113,01140479.JPG,101EK113\01140479.JPG,01140479.JPG,6082434,2026-01-14 15:19:32,moved
CT20,101EK113,01140480.JPG,101EK113\01140480.JPG,01140480.JPG,6081868,2026-01-14 15:19:34,moved
CT20,101EK113,01140481.MOV,101EK113\01140481.MOV,01140481.MOV,113015241,2026-01-14 15:19:50,moved
CT20,101EK113,01140482.JPG,101EK113\01140482.JPG,01140482.JPG,6065501,2026-01-14 15:21:24,moved
CT20,101EK113,01140483.JPG,101EK113\01140483.JPG,01140483.JPG,6092716,2026-01-14 15:21:24,moved
CT20,101EK113,01140484.JPG,101EK113\01140484.JPG,01140484.JPG,6099464,2026-01-14 15:21:26,moved
CT20,101EK113,01140485.MOV,101EK113\01140485.MOV,01140485.MOV,113656663,2026-01-14 15:21:42,moved
CT20,101EK113,01140486.JPG,101EK113\01140486.JPG,01140486.JPG,6077085,2026-01-14 15:21:50,moved
CT20,101EK113,01140487.JPG,101EK113\01140487.JPG,01140487.JPG,6084623,2026-01-14 15:21:52,moved
CT20,101EK113,01140488.JPG,101EK113\01140488.JPG,01140488.JPG,6039913,2026-01-14 15:21:52,moved
CT20,101EK113,01140489.MOV,101EK113\01140489.MOV,01140489.MOV,113826883,2026-01-14 15:22:08,moved
CT20,101EK113,01140490.JPG,101EK113\01140490.JPG,01140490.JPG,6039197,2026-01-14 15:22:22,moved
CT20,101EK113,01140491.JPG,101EK113\01140491.JPG,01140491.JPG,6049613,2026-01-14 15:22:25,moved
CT20,101EK113,01140492.JPG,101EK113\01140492.JPG,01140492.JPG,6044241,2026-01-14 15:22:24,moved
CT20,101EK113,01140493.MOV,101EK113\01140493.MOV,01140493.MOV,113719575,2026-01-14 15:22:40,moved
CT20,101EK113,01140494.JPG,101EK113\01140494.JPG,01140494.JPG,6038459,2026-01-14 15:22:58,moved
CT20,101EK113,01140495.JPG,101EK113\01140495.JPG,01140495.JPG,6094440,2026-01-14 15:22:58,moved
CT20,101EK113,01140496.JPG,101EK113\01140496.JPG,01140496.JPG,6019017,2026-01-14 15:23:01,moved
CT20,101EK113,01140497.MOV,101EK113\01140497.MOV,01140497.MOV,120798740,2026-01-14 15:23:16,moved
CT20,101EK113,01140498.JPG,101EK113\01140498.JPG,01140498.JPG,6040049,2026-01-14 15:23:52,moved
CT20,101EK113,01140499.JPG,101EK113\01140499.JPG,01140499.JPG,6026898,2026-01-14 15:23:52,moved
CT20,101EK113,01140500.JPG,101EK113\01140500.JPG,01140500.JPG,6032747,2026-01-14 15:23:52,moved
CT20,101EK113,01140501.MOV,101EK113\01140501.MOV,01140501.MOV,118709797,2026-01-14 15:24:10,moved
CT20,101EK113,01140502.JPG,101EK113\01140502.JPG,01140502.JPG,6099524,2026-01-14 15:24:36,moved
CT20,101EK113,01140503.JPG,101EK113\01140503.JPG,01140503.JPG,6091876,2026-01-14 15:24:39,moved
CT20,101EK113,01140504.JPG,101EK113\01140504.JPG,01140504.JPG,6084675,2026-01-14 15:24:38,moved
CT20,101EK113,01140505.MOV,101EK113\01140505.MOV,01140505.MOV,118523783,2026-01-14 15:24:54,moved
CT20,101EK113,01140506.JPG,101EK113\01140506.JPG,01140506.JPG,6035822,2026-01-14 15:25:34,moved
CT20,101EK113,01140507.JPG,101EK113\01140507.JPG,01140507.JPG,6064302,2026-01-14 15:25:34,moved
CT20,101EK113,01140508.JPG,101EK113\01140508.JPG,01140508.JPG,6058768,2026-01-14 15:25:36,moved
CT20,101EK113,01140509.MOV,101EK113\01140509.MOV,01140509.MOV,115000542,2026-01-14 15:25:52,moved
CT20,101EK113,01140510.JPG,101EK113\01140510.JPG,01140510.JPG,6049762,2026-01-14 15:25:54,moved
CT20,101EK113,01140511.JPG,101EK113\01140511.JPG,01140511.JPG,6075823,2026-01-14 15:25:54,moved
CT20,101EK113,01140512.JPG,101EK113\01140512.JPG,01140512.JPG,6042688,2026-01-14 15:25:57,moved
CT20,101EK113,01140513.MOV,101EK113\01140513.MOV,01140513.MOV,116278500,2026-01-14 15:26:12,moved
CT20,101EK113,01140514.JPG,101EK113\01140514.JPG,01140514.JPG,6054923,2026-01-14 15:26:14,moved
CT20,101EK113,01140515.JPG,101EK113\01140515.JPG,01140515.JPG,6064949,2026-01-14 15:26:14,moved
CT20,101EK113,01140516.JPG,101EK113\01140516.JPG,01140516.JPG,6061649,2026-01-14 15:26:16,moved
CT20,101EK113,01140517.MOV,101EK113\01140517.MOV,01140517.MOV,115063420,2026-01-14 15:26:32,moved
CT20,101EK113,01140518.JPG,101EK113\01140518.JPG,01140518.JPG,6069356,2026-01-14 15:26:37,moved
CT20,101EK113,01140519.JPG,101EK113\01140519.JPG,01140519.JPG,6051736,2026-01-14 15:26:36,moved
CT20,101EK113,01140520.JPG,101EK113\01140520.JPG,01140520.JPG,5966629,2026-01-14 15:26:36,moved
CT20,101EK113,01140521.MOV,101EK113\01140521.MOV,01140521.MOV,114450099,2026-01-14 15:26:52,moved
CT20,101EK113,01140522.JPG,101EK113\01140522.JPG,01140522.JPG,6075403,2026-01-14 15:26:56,moved
CT20,101EK113,01140523.JPG,101EK113\01140523.JPG,01140523.JPG,6105372,2026-01-14 15:26:58,moved
CT20,101EK113,01140524.JPG,101EK113\01140524.JPG,01140524.JPG,6046874,2026-01-14 15:26:58,moved
CT20,101EK113,01140525.MOV,101EK113\01140525.MOV,01140525.MOV,112661029,2026-01-14 15:27:14,moved
CT20,101EK113,01140526.JPG,101EK113\01140526.JPG,01140526.JPG,6041246,2026-01-14 15:27:30,moved
CT20,101EK113,01140527.JPG,101EK113\01140527.JPG,01140527.JPG,6069831,2026-01-14 15:27:33,moved
CT20,101EK113,01140528.JPG,101EK113\01140528.JPG,01140528.JPG,6110651,2026-01-14 15:27:32,moved
CT20,101EK113,01140529.MOV,101EK113\01140529.MOV,01140529.MOV,116559366,2026-01-14 15:27:48,moved
CT20,101EK113,01140530.JPG,101EK113\01140530.JPG,01140530.JPG,6105690,2026-01-14 15:28:12,moved
CT20,101EK113,01140531.JPG,101EK113\01140531.JPG,01140531.JPG,6036328,2026-01-14 15:28:14,moved
CT20,101EK113,01140532.JPG,101EK113\01140532.JPG,01140532.JPG,6097440,2026-01-14 15:28:14,moved
CT20,101EK113,01140533.MOV,101EK113\01140533.MOV,01140533.MOV,119464418,2026-01-14 15:28:30,moved
CT20,101EK113,01140534.JPG,101EK113\01140534.JPG,01140534.JPG,6044886,2026-01-14 15:30:17,moved
CT20,101EK113,01140535.JPG,101EK113\01140535.JPG,01140535.JPG,6058185,2026-01-14 15:30:16,moved
CT20,101EK113,01140536.JPG,101EK113\01140536.JPG,01140536.JPG,6093381,2026-01-14 15:30:16,moved
CT20,101EK113,01140537.MOV,101EK113\01140537.MOV,01140537.MOV,120227730,2026-01-14 15:30:34,moved
CT20,101EK113,01140538.JPG,101EK113\01140538.JPG,01140538.JPG,6044389,2026-01-14 15:30:38,moved
CT20,101EK113,01140539.JPG,101EK113\01140539.JPG,01140539.JPG,6077399,2026-01-14 15:30:40,moved
CT20,101EK113,01140540.JPG,101EK113\01140540.JPG,01140540.JPG,6011515,2026-01-14 15:30:40,moved
CT20,101EK113,01140541.MOV,101EK113\01140541.MOV,01140541.MOV,113405409,2026-01-14 15:30:56,moved
CT20,101EK113,01140542.JPG,101EK113\01140542.JPG,01140542.JPG,6047089,2026-01-14 15:32:56,moved
CT20,101EK113,01140543.JPG,101EK113\01140543.JPG,01140543.JPG,6103116,2026-01-14 15:32:56,moved
CT20,101EK113,01140544.JPG,101EK113\01140544.JPG,01140544.JPG,6017948,2026-01-14 15:32:59,moved
CT20,101EK113,01140545.MOV,101EK113\01140545.MOV,01140545.MOV,112667442,2026-01-14 15:33:14,moved
CT20,101EK113,01140546.JPG,101EK113\01140546.JPG,01140546.JPG,6099244,2026-01-14 15:33:18,moved
CT20,101EK113,01140547.JPG,101EK113\01140547.JPG,01140547.JPG,6043542,2026-01-14 15:33:21,moved
CT20,101EK113,01140548.JPG,101EK113\01140548.JPG,01140548.JPG,6020665,2026-01-14 15:33:20,moved
CT20,101EK113,01140549.MOV,101EK113\01140549.MOV,01140549.MOV,119476236,2026-01-14 15:33:36,moved
CT20,101EK113,01140550.JPG,101EK113\01140550.JPG,01140550.JPG,6101555,2026-01-14 15:33:58,moved
CT20,101EK113,01140551.JPG,101EK113\01140551.JPG,01140551.JPG,6046079,2026-01-14 15:33:58,moved
CT20,101EK113,01140552.JPG,101EK113\01140552.JPG,01140552.JPG,6052432,2026-01-14 15:34:01,moved
CT20,101EK113,01140553.MOV,101EK113\01140553.MOV,01140553.MOV,120301219,2026-01-14 15:34:16,moved
CT20,101EK113,01140554.JPG,101EK113\01140554.JPG,01140554.JPG,6026601,2026-01-14 15:34:24,moved
CT20,101EK113,01140555.JPG,101EK113\01140555.JPG,01140555.JPG,6015511,2026-01-14 15:34:26,moved
CT20,101EK113,01140556.JPG,101EK113\01140556.JPG,01140556.JPG,6083696,2026-01-14 15:34:26,moved
CT20,101EK113,01140557.MOV,101EK113\01140557.MOV,01140557.MOV,115127046,2026-01-14 15:34:42,moved
CT20,101EK113,01140558.JPG,101EK113\01140558.JPG,01140558.JPG,6037735,2026-01-14 15:35:28,moved
CT20,101EK113,01140559.JPG,101EK113\01140559.JPG,01140559.JPG,6045851,2026-01-14 15:35:30,moved
CT20,101EK113,01140560.JPG,101EK113\01140560.JPG,01140560.JPG,6044468,2026-01-14 15:35:30,moved
CT20,101EK113,01140561.MOV,101EK113\01140561.MOV,01140561.MOV,114798201,2026-01-14 15:35:46,moved
CT20,101EK113,01140562.JPG,101EK113\01140562.JPG,01140562.JPG,6072719,2026-01-14 15:35:58,moved
CT20,101EK113,01140563.JPG,101EK113\01140563.JPG,01140563.JPG,6037504,2026-01-14 15:35:58,moved
CT20,101EK113,01140564.JPG,101EK113\01140564.JPG,01140564.JPG,6092520,2026-01-14 15:35:58,moved
CT20,101EK113,01140565.MOV,101EK113\01140565.MOV,01140565.MOV,114026691,2026-01-14 15:36:14,moved
CT20,101EK113,01140566.JPG,101EK113\01140566.JPG,01140566.JPG,6074712,2026-01-14 15:36:16,moved
CT20,101EK113,01140567.JPG,101EK113\01140567.JPG,01140567.JPG,6042213,2026-01-14 15:36:18,moved
CT20,101EK113,01140568.JPG,101EK113\01140568.JPG,01140568.JPG,6084999,2026-01-14 15:36:18,moved
CT20,101EK113,01140569.MOV,101EK113\01140569.MOV,01140569.MOV,118891665,2026-01-14 15:36:34,moved
CT20,101EK113,01140570.JPG,101EK113\01140570.JPG,01140570.JPG,6037331,2026-01-14 15:37:16,moved
CT20,101EK113,01140571.JPG,101EK113\01140571.JPG,01140571.JPG,6086448,2026-01-14 15:37:16,moved
CT20,101EK113,01140572.JPG,101EK113\01140572.JPG,01140572.JPG,6066162,2026-01-14 15:37:18,moved
CT20,101EK113,01140573.MOV,101EK113\01140573.MOV,01140573.MOV,115389825,2026-01-14 15:37:34,moved
CT20,101EK113,01140574.JPG,101EK113\01140574.JPG,01140574.JPG,6042931,2026-01-14 15:37:56,moved
CT20,101EK113,01140575.JPG,101EK113\01140575.JPG,01140575.JPG,6045048,2026-01-14 15:37:58,moved
CT20,101EK113,01140576.JPG,101EK113\01140576.JPG,01140576.JPG,6042644,2026-01-14 15:37:58,moved
CT20,101EK113,01140577.MOV,101EK113\01140577.MOV,01140577.MOV,117227291,2026-01-14 15:38:14,moved
CT20,101EK113,01140578.JPG,101EK113\01140578.JPG,01140578.JPG,6072155,2026-01-14 15:39:38,moved
CT20,101EK113,01140579.JPG,101EK113\01140579.JPG,01140579.JPG,6072984,2026-01-14 15:39:40,moved
CT20,101EK113,01140580.JPG,101EK113\01140580.JPG,01140580.JPG,6058489,2026-01-14 15:39:40,moved
CT20,101EK113,01140581.MOV,101EK113\01140581.MOV,01140581.MOV,114606831,2026-01-14 15:39:56,moved
CT20,101EK113,01140582.JPG,101EK113\01140582.JPG,01140582.JPG,6007124,2026-01-14 15:40:15,moved
CT20,101EK113,01140583.JPG,101EK113\01140583.JPG,01140583.JPG,6067787,2026-01-14 15:40:14,moved
CT20,101EK113,01140584.JPG,101EK113\01140584.JPG,01140584.JPG,6040728,2026-01-14 15:40:14,moved
CT20,101EK113,01140585.MOV,101EK113\01140585.MOV,01140585.MOV,119304013,2026-01-14 15:40:32,moved
CT20,101EK113,01140586.JPG,101EK113\01140586.JPG,01140586.JPG,6054620,2026-01-14 15:42:30,moved
CT20,101EK113,01140587.JPG,101EK113\01140587.JPG,01140587.JPG,6042836,2026-01-14 15:42:32,moved
CT20,101EK113,01140588.JPG,101EK113\01140588.JPG,01140588.JPG,6048408,2026-01-14 15:42:32,moved
CT20,101EK113,01140589.MOV,101EK113\01140589.MOV,01140589.MOV,114037371,2026-01-14 15:42:48,moved
CT20,101EK113,01140590.JPG,101EK113\01140590.JPG,01140590.JPG,6080203,2026-01-14 15:42:52,moved
CT20,101EK113,01140591.JPG,101EK113\01140591.JPG,01140591.JPG,6058615,2026-01-14 15:42:52,moved
CT20,101EK113,01140592.JPG,101EK113\01140592.JPG,01140592.JPG,6092877,2026-01-14 15:42:54,moved
CT20,101EK113,01140593.MOV,101EK113\01140593.MOV,01140593.MOV,114934824,2026-01-14 15:43:10,moved
CT20,101EK113,01140594.JPG,101EK113\01140594.JPG,01140594.JPG,6260725,2026-01-14 15:43:44,moved
CT20,101EK113,01140595.JPG,101EK113\01140595.JPG,01140595.JPG,6076061,2026-01-14 15:43:44,moved
CT20,101EK113,01140596.JPG,101EK113\01140596.JPG,01140596.JPG,6095814,2026-01-14 15:43:47,moved
CT20,101EK113,01140597.MOV,101EK113\01140597.MOV,01140597.MOV,113320568,2026-01-14 15:44:02,moved
CT20,101EK113,01140598.JPG,101EK113\01140598.JPG,01140598.JPG,6061798,2026-01-14 15:44:12,moved
CT20,101EK113,01140599.JPG,101EK113\01140599.JPG,01140599.JPG,6000517,2026-01-14 15:44:12,moved
CT20,101EK113,01140600.JPG,101EK113\01140600.JPG,01140600.JPG,6018495,2026-01-14 15:44:14,moved
CT20,101EK113,01140601.MOV,101EK113\01140601.MOV,01140601.MOV,113032203,2026-01-14 15:44:30,moved
CT20,101EK113,01140602.JPG,101EK113\01140602.JPG,01140602.JPG,6054127,2026-01-14 15:44:34,moved
CT20,101EK113,01140603.JPG,101EK113\01140603.JPG,01140603.JPG,6053845,2026-01-14 15:44:34,moved
CT20,101EK113,01140604.JPG,101EK113\01140604.JPG,01140604.JPG,6058435,2026-01-14 15:44:36,moved
CT20,101EK113,01140605.MOV,101EK113\01140605.MOV,01140605.MOV,114540866,2026-01-14 15:44:52,moved
CT20,101EK113,01140606.JPG,101EK113\01140606.JPG,01140606.JPG,6101411,2026-01-14 15:47:04,moved
CT20,101EK113,01140607.JPG,101EK113\01140607.JPG,01140607.JPG,6036038,2026-01-14 15:47:06,moved
CT20,101EK113,01140608.JPG,101EK113\01140608.JPG,01140608.JPG,6054233,2026-01-14 15:47:06,moved
CT20,101EK113,01140609.MOV,101EK113\01140609.MOV,01140609.MOV,119524661,2026-01-14 15:47:22,moved
CT20,101EK113,01140610.JPG,101EK113\01140610.JPG,01140610.JPG,6080632,2026-01-14 15:47:38,moved
CT20,101EK113,01140611.JPG,101EK113\01140611.JPG,01140611.JPG,6041292,2026-01-14 15:47:38,moved
CT20,101EK113,01140612.JPG,101EK113\01140612.JPG,01140612.JPG,6046999,2026-01-14 15:47:38,moved
CT20,101EK113,01140613.MOV,101EK113\01140613.MOV,01140613.MOV,119002148,2026-01-14 15:47:56,moved
CT20,101EK113,01140614.JPG,101EK113\01140614.JPG,01140614.JPG,6084232,2026-01-14 15:48:00,moved
CT20,101EK113,01140615.JPG,101EK113\01140615.JPG,01140615.JPG,6047102,2026-01-14 15:48:00,moved
CT20,101EK113,01140616.JPG,101EK113\01140616.JPG,01140616.JPG,6067808,2026-01-14 15:48:03,moved
CT20,101EK113,01140617.MOV,101EK113\01140617.MOV,01140617.MOV,113873624,2026-01-14 15:48:18,moved
CT20,101EK113,01140618.JPG,101EK113\01140618.JPG,01140618.JPG,6074762,2026-01-14 15:48:20,moved
CT20,101EK113,01140619.JPG,101EK113\01140619.JPG,01140619.JPG,6092099,2026-01-14 15:48:20,moved
CT20,101EK113,01140620.JPG,101EK113\01140620.JPG,01140620.JPG,6102905,2026-01-14 15:48:22,moved
CT20,101EK113,01140621.MOV,101EK113\01140621.MOV,01140621.MOV,112600110,2026-01-14 15:48:38,moved
CT20,101EK113,01140622.JPG,101EK113\01140622.JPG,01140622.JPG,6044987,2026-01-14 15:48:58,moved
CT20,101EK113,01140623.JPG,101EK113\01140623.JPG,01140623.JPG,6099438,2026-01-14 15:48:58,moved
CT20,101EK113,01140624.JPG,101EK113\01140624.JPG,01140624.JPG,6091009,2026-01-14 15:48:58,moved
CT20,101EK113,01140625.MOV,101EK113\01140625.MOV,01140625.MOV,120108594,2026-01-14 15:49:16,moved
CT20,101EK113,01140626.JPG,101EK113\01140626.JPG,01140626.JPG,6082631,2026-01-14 15:49:58,moved
CT20,101EK113,01140627.JPG,101EK113\01140627.JPG,01140627.JPG,6046797,2026-01-14 15:50:00,moved
CT20,101EK113,01140628.JPG,101EK113\01140628.JPG,01140628.JPG,6065559,2026-01-14 15:50:00,moved
CT20,101EK113,01140629.MOV,101EK113\01140629.MOV,01140629.MOV,117155975,2026-01-14 15:50:16,moved
CT20,101EK113,01140630.JPG,101EK113\01140630.JPG,01140630.JPG,6044317,2026-01-14 15:51:16,moved
CT20,101EK113,01140631.JPG,101EK113\01140631.JPG,01140631.JPG,6039283,2026-01-14 15:51:19,moved
CT20,101EK113,01140632.JPG,101EK113\01140632.JPG,01140632.JPG,6017189,2026-01-14 15:51:18,moved
CT20,101EK113,01140633.MOV,101EK113\01140633.MOV,01140633.MOV,113115592,2026-01-14 15:51:34,moved
CT20,101EK113,01140634.JPG,101EK113\01140634.JPG,01140634.JPG,6027547,2026-01-14 15:51:48,moved
CT20,101EK113,01140635.JPG,101EK113\01140635.JPG,01140635.JPG,6052924,2026-01-14 15:51:48,moved
CT20,101EK113,01140636.JPG,101EK113\01140636.JPG,01140636.JPG,6099288,2026-01-14 15:51:48,moved
CT20,101EK113,01140637.MOV,101EK113\01140637.MOV,01140637.MOV,112581229,2026-01-14 15:52:04,moved
CT20,101EK113,01140638.JPG,101EK113\01140638.JPG,01140638.JPG,6071103,2026-01-14 15:52:18,moved
CT20,101EK113,01140639.JPG,101EK113\01140639.JPG,01140639.JPG,6091918,2026-01-14 15:52:21,moved
CT20,101EK113,01140640.JPG,101EK113\01140640.JPG,01140640.JPG,6104297,2026-01-14 15:52:20,moved
CT20,101EK113,01140641.MOV,101EK113\01140641.MOV,01140641.MOV,118350368,2026-01-14 15:52:36,moved
CT20,101EK113,01140642.JPG,101EK113\01140642.JPG,01140642.JPG,6063267,2026-01-14 15:52:54,moved
CT20,101EK113,01140643.JPG,101EK113\01140643.JPG,01140643.JPG,6087420,2026-01-14 15:52:54,moved
CT20,101EK113,01140644.JPG,101EK113\01140644.JPG,01140644.JPG,6043041,2026-01-14 15:52:56,moved
CT20,101EK113,01140645.MOV,101EK113\01140645.MOV,01140645.MOV,113399117,2026-01-14 15:53:12,moved
CT20,101EK113,01140646.JPG,101EK113\01140646.JPG,01140646.JPG,5960059,2026-01-14 15:53:38,moved
CT20,101EK113,01140647.JPG,101EK113\01140647.JPG,01140647.JPG,6042878,2026-01-14 15:53:40,moved
CT20,101EK113,01140648.JPG,101EK113\01140648.JPG,01140648.JPG,6068446,2026-01-14 15:53:40,moved
CT20,101EK113,01140649.MOV,101EK113\01140649.MOV,01140649.MOV,114352224,2026-01-14 15:53:56,moved
CT20,101EK113,01140650.JPG,101EK113\01140650.JPG,01140650.JPG,6082642,2026-01-14 15:54:26,moved
CT20,101EK113,01140651.JPG,101EK113\01140651.JPG,01140651.JPG,6054357,2026-01-14 15:54:26,moved
CT20,101EK113,01140652.JPG,101EK113\01140652.JPG,01140652.JPG,6062475,2026-01-14 15:54:29,moved
CT20,101EK113,01140653.MOV,101EK113\01140653.MOV,01140653.MOV,111121597,2026-01-14 15:54:44,moved
CT20,101EK113,01140654.JPG,101EK113\01140654.JPG,01140654.JPG,6089920,2026-01-14 15:54:51,moved
CT20,101EK113,01140655.JPG,101EK113\01140655.JPG,01140655.JPG,6030893,2026-01-14 15:54:50,moved
CT20,101EK113,01140656.JPG,101EK113\01140656.JPG,01140656.JPG,6098369,2026-01-14 15:54:50,moved
CT20,101EK113,01140657.MOV,101EK113\01140657.MOV,01140657.MOV,118744583,2026-01-14 15:55:08,moved
CT20,101EK113,01140658.JPG,101EK113\01140658.JPG,01140658.JPG,6077050,2026-01-14 15:55:14,moved
CT20,101EK113,01140659.JPG,101EK113\01140659.JPG,01140659.JPG,6024380,2026-01-14 15:55:17,moved
CT20,101EK113,01140660.JPG,101EK113\01140660.JPG,01140660.JPG,6032064,2026-01-14 15:55:16,moved
CT20,101EK113,01140661.MOV,101EK113\01140661.MOV,01140661.MOV,117606017,2026-01-14 15:55:32,moved
CT20,101EK113,01140662.JPG,101EK113\01140662.JPG,01140662.JPG,6046791,2026-01-14 15:56:24,moved
CT20,101EK113,01140663.JPG,101EK113\01140663.JPG,01140663.JPG,6044413,2026-01-14 15:56:24,moved
CT20,101EK113,01140664.JPG,101EK113\01140664.JPG,01140664.JPG,6080552,2026-01-14 15:56:26,moved
CT20,101EK113,01140665.MOV,101EK113\01140665.MOV,01140665.MOV,115955946,2026-01-14 15:56:42,moved
CT20,101EK113,01140666.JPG,101EK113\01140666.JPG,01140666.JPG,6078959,2026-01-14 15:57:16,moved
CT20,101EK113,01140667.JPG,101EK113\01140667.JPG,01140667.JPG,6023333,2026-01-14 15:57:16,moved
CT20,101EK113,01140668.JPG,101EK113\01140668.JPG,01140668.JPG,6063844,2026-01-14 15:57:16,moved
CT20,101EK113,01140669.MOV,101EK113\01140669.MOV,01140669.MOV,115239705,2026-01-14 15:57:32,moved
CT20,101EK113,01140670.JPG,101EK113\01140670.JPG,01140670.JPG,6092608,2026-01-14 15:57:39,moved
CT20,101EK113,01140671.JPG,101EK113\01140671.JPG,01140671.JPG,6042926,2026-01-14 15:57:38,moved
CT20,101EK113,01140672.JPG,101EK113\01140672.JPG,01140672.JPG,6074221,2026-01-14 15:57:38,moved
CT20,101EK113,01140673.MOV,101EK113\01140673.MOV,01140673.MOV,118826765,2026-01-14 15:57:56,moved
CT20,101EK113,01140674.JPG,101EK113\01140674.JPG,01140674.JPG,6055510,2026-01-14 15:58:05,moved
CT20,101EK113,01140675.JPG,101EK113\01140675.JPG,01140675.JPG,6053417,2026-01-14 15:58:04,moved
CT20,101EK113,01140676.JPG,101EK113\01140676.JPG,01140676.JPG,6104767,2026-01-14 15:58:04,moved
CT20,101EK113,01140677.MOV,101EK113\01140677.MOV,01140677.MOV,114076072,2026-01-14 15:58:20,moved
CT20,101EK113,01140678.JPG,101EK113\01140678.JPG,01140678.JPG,6081644,2026-01-14 15:58:26,moved
CT20,101EK113,01140679.JPG,101EK113\01140679.JPG,01140679.JPG,6081126,2026-01-14 15:58:26,moved
CT20,101EK113,01140680.JPG,101EK113\01140680.JPG,01140680.JPG,6052784,2026-01-14 15:58:26,moved
CT20,101EK113,01140681.MOV,101EK113\01140681.MOV,01140681.MOV,113650877,2026-01-14 15:58:42,moved
CT20,101EK113,01140682.JPG,101EK113\01140682.JPG,01140682.JPG,6248803,2026-01-14 15:58:48,moved
CT20,101EK113,01140683.JPG,101EK113\01140683.JPG,01140683.JPG,6089183,2026-01-14 15:58:50,moved
CT20,101EK113,01140684.JPG,101EK113\01140684.JPG,01140684.JPG,6084453,2026-01-14 15:58:50,moved
CT20,101EK113,01140685.MOV,101EK113\01140685.MOV,01140685.MOV,115783883,2026-01-14 15:59:06,moved
CT20,101EK113,01140686.JPG,101EK113\01140686.JPG,01140686.JPG,6037266,2026-01-14 16:00:04,moved
CT20,101EK113,01140687.JPG,101EK113\01140687.JPG,01140687.JPG,6021164,2026-01-14 16:00:04,moved
CT20,101EK113,01140688.JPG,101EK113\01140688.JPG,01140688.JPG,6051163,2026-01-14 16:00:07,moved
CT20,101EK113,01140689.MOV,101EK113\01140689.MOV,01140689.MOV,118774663,2026-01-14 16:00:22,moved
CT20,101EK113,01140690.JPG,101EK113\01140690.JPG,01140690.JPG,6068739,2026-01-14 16:01:31,moved
CT20,101EK113,01140691.JPG,101EK113\01140691.JPG,01140691.JPG,6052333,2026-01-14 16:01:30,moved
CT20,101EK113,01140692.JPG,101EK113\01140692.JPG,01140692.JPG,6103320,2026-01-14 16:01:30,moved
CT20,101EK113,01140693.MOV,101EK113\01140693.MOV,01140693.MOV,120670648,2026-01-14 16:01:48,moved
CT20,101EK113,01140694.JPG,101EK113\01140694.JPG,01140694.JPG,6070193,2026-01-14 16:01:59,moved
CT20,101EK113,01140695.JPG,101EK113\01140695.JPG,01140695.JPG,6085730,2026-01-14 16:01:58,moved
CT20,101EK113,01140696.JPG,101EK113\01140696.JPG,01140696.JPG,6105880,2026-01-14 16:01:58,moved
CT20,101EK113,01140697.MOV,101EK113\01140697.MOV,01140697.MOV,114308918,2026-01-14 16:02:15,moved
CT20,101EK113,01140698.JPG,101EK113\01140698.JPG,01140698.JPG,6068216,2026-01-14 16:03:03,moved
CT20,101EK113,01140699.JPG,101EK113\01140699.JPG,01140699.JPG,6071855,2026-01-14 16:03:02,moved
CT20,101EK113,01140700.JPG,101EK113\01140700.JPG,01140700.JPG,6091064,2026-01-14 16:03:02,moved
CT20,101EK113,01140701.MOV,101EK113\01140701.MOV,01140701.MOV,115611128,2026-01-14 16:03:18,moved
CT20,101EK113,01140702.JPG,101EK113\01140702.JPG,01140702.JPG,6037860,2026-01-14 16:03:28,moved
CT20,101EK113,01140703.JPG,101EK113\01140703.JPG,01140703.JPG,6070178,2026-01-14 16:03:28,moved
CT20,101EK113,01140704.JPG,101EK113\01140704.JPG,01140704.JPG,5971289,2026-01-14 16:03:31,moved
CT20,101EK113,01140705.MOV,101EK113\01140705.MOV,01140705.MOV,119051949,2026-01-14 16:03:46,moved
CT20,101EK113,01140706.JPG,101EK113\01140706.JPG,01140706.JPG,6079651,2026-01-14 16:03:52,moved
CT20,101EK113,01140707.JPG,101EK113\01140707.JPG,01140707.JPG,6056876,2026-01-14 16:03:54,moved
CT20,101EK113,01140708.JPG,101EK113\01140708.JPG,01140708.JPG,6041014,2026-01-14 16:03:54,moved
CT20,101EK113,01140709.MOV,101EK113\01140709.MOV,01140709.MOV,119151490,2026-01-14 16:04:10,moved
CT20,101EK113,01140710.JPG,101EK113\01140710.JPG,01140710.JPG,6062330,2026-01-14 16:05:42,moved
CT20,101EK113,01140711.JPG,101EK113\01140711.JPG,01140711.JPG,6094296,2026-01-14 16:05:45,moved
CT20,101EK113,01140712.JPG,101EK113\01140712.JPG,01140712.JPG,6112261,2026-01-14 16:05:44,moved
CT20,101EK113,01140713.MOV,101EK113\01140713.MOV,01140713.MOV,112617865,2026-01-14 16:06:00,moved
CT20,101EK113,01140714.JPG,101EK113\01140714.JPG,01140714.JPG,6086122,2026-01-14 16:06:12,moved
CT20,101EK113,01140715.JPG,101EK113\01140715.JPG,01140715.JPG,6080898,2026-01-14 16:06:15,moved
CT20,101EK113,01140716.JPG,101EK113\01140716.JPG,01140716.JPG,6062468,2026-01-14 16:06:14,moved
CT20,101EK113,01140717.MOV,101EK113\01140717.MOV,01140717.MOV,116004925,2026-01-14 16:06:30,moved
CT20,101EK113,01140718.JPG,101EK113\01140718.JPG,01140718.JPG,6051029,2026-01-14 16:06:32,moved
CT20,101EK113,01140719.JPG,101EK113\01140719.JPG,01140719.JPG,6055639,2026-01-14 16:06:35,moved
CT20,101EK113,01140720.JPG,101EK113\01140720.JPG,01140720.JPG,6079986,2026-01-14 16:06:34,moved
CT20,101EK113,01140721.MOV,101EK113\01140721.MOV,01140721.MOV,119559194,2026-01-14 16:06:50,moved
CT20,101EK113,01140722.JPG,101EK113\01140722.JPG,01140722.JPG,6014139,2026-01-14 16:07:00,moved
CT20,101EK113,01140723.JPG,101EK113\01140723.JPG,01140723.JPG,6097221,2026-01-14 16:07:02,moved
CT20,101EK113,01140724.JPG,101EK113\01140724.JPG,01140724.JPG,6093190,2026-01-14 16:07:02,moved
CT20,101EK113,01140725.MOV,101EK113\01140725.MOV,01140725.MOV,120960532,2026-01-14 16:07:20,moved
CT20,101EK113,01140726.JPG,101EK113\01140726.JPG,01140726.JPG,6077409,2026-01-14 16:07:34,moved
CT20,101EK113,01140727.JPG,101EK113\01140727.JPG,01140727.JPG,6082263,2026-01-14 16:07:36,moved
CT20,101EK113,01140728.JPG,101EK113\01140728.JPG,01140728.JPG,6015077,2026-01-14 16:07:36,moved
CT20,101EK113,01140729.MOV,101EK113\01140729.MOV,01140729.MOV,117989502,2026-01-14 16:07:52,moved
CT20,101EK113,01140730.JPG,101EK113\01140730.JPG,01140730.JPG,6048342,2026-01-14 16:07:58,moved
CT20,101EK113,01140731.JPG,101EK113\01140731.JPG,01140731.JPG,6079906,2026-01-14 16:07:58,moved
CT20,101EK113,01140732.JPG,101EK113\01140732.JPG,01140732.JPG,6040786,2026-01-14 16:08:00,moved
CT20,101EK113,01140733.MOV,101EK113\01140733.MOV,01140733.MOV,113691237,2026-01-14 16:08:16,moved
CT20,101EK113,01140734.JPG,101EK113\01140734.JPG,01140734.JPG,6068896,2026-01-14 16:10:20,moved
CT20,101EK113,01140735.JPG,101EK113\01140735.JPG,01140735.JPG,6080116,2026-01-14 16:10:22,moved
CT20,101EK113,01140736.JPG,101EK113\01140736.JPG,01140736.JPG,6009539,2026-01-14 16:10:22,moved
CT20,101EK113,01140737.MOV,101EK113\01140737.MOV,01140737.MOV,116093831,2026-01-14 16:10:38,moved
CT20,101EK113,01140738.JPG,101EK113\01140738.JPG,01140738.JPG,6233236,2026-01-14 16:11:20,moved
CT20,101EK113,01140739.JPG,101EK113\01140739.JPG,01140739.JPG,6112621,2026-01-14 16:11:20,moved
CT20,101EK113,01140740.JPG,101EK113\01140740.JPG,01140740.JPG,6055680,2026-01-14 16:11:23,moved
CT20,101EK113,01140741.MOV,101EK113\01140741.MOV,01140741.MOV,118832047,2026-01-14 16:11:38,moved
CT20,101EK113,01140742.JPG,101EK113\01140742.JPG,01140742.JPG,6093708,2026-01-14 16:12:10,moved
CT20,101EK113,01140743.JPG,101EK113\01140743.JPG,01140743.JPG,6061163,2026-01-14 16:12:12,moved
CT20,101EK113,01140744.JPG,101EK113\01140744.JPG,01140744.JPG,6029411,2026-01-14 16:12:12,moved
CT20,101EK113,01140745.MOV,101EK113\01140745.MOV,01140745.MOV,119228161,2026-01-14 16:12:30,moved
CT20,101EK113,01140746.JPG,101EK113\01140746.JPG,01140746.JPG,6022968,2026-01-14 16:13:14,moved
CT20,101EK113,01140747.JPG,101EK113\01140747.JPG,01140747.JPG,6024316,2026-01-14 16:13:16,moved
CT20,101EK113,01140748.JPG,101EK113\01140748.JPG,01140748.JPG,6102767,2026-01-14 16:13:16,moved
CT20,101EK113,01140749.MOV,101EK113\01140749.MOV,01140749.MOV,112113422,2026-01-14 16:13:32,moved
CT20,101EK113,01140750.JPG,101EK113\01140750.JPG,01140750.JPG,6055105,2026-01-14 16:13:58,moved
CT20,101EK113,01140751.JPG,101EK113\01140751.JPG,01140751.JPG,6046552,2026-01-14 16:14:00,moved
CT20,101EK113,01140752.JPG,101EK113\01140752.JPG,01140752.JPG,6271480,2026-01-14 16:14:00,moved
CT20,101EK113,01140753.MOV,101EK113\01140753.MOV,01140753.MOV,120955236,2026-01-14 16:14:16,moved
CT20,101EK113,01140754.JPG,101EK113\01140754.JPG,01140754.JPG,5923324,2026-01-14 16:14:53,moved
CT20,101EK113,01140755.JPG,101EK113\01140755.JPG,01140755.JPG,5946739,2026-01-14 16:14:52,moved
CT20,101EK113,01140756.JPG,101EK113\01140756.JPG,01140756.JPG,5937850,2026-01-14 16:14:52,moved
CT20,101EK113,01140757.MOV,101EK113\01140757.MOV,01140757.MOV,113073206,2026-01-14 16:15:08,moved
CT20,101EK113,01140758.JPG,101EK113\01140758.JPG,01140758.JPG,5921667,2026-01-14 16:15:22,moved
CT20,101EK113,01140759.JPG,101EK113\01140759.JPG,01140759.JPG,6193042,2026-01-14 16:15:22,moved
CT20,101EK113,01140760.JPG,101EK113\01140760.JPG,01140760.JPG,6267027,2026-01-14 16:15:25,moved
CT20,101EK113,01140761.MOV,101EK113\01140761.MOV,01140761.MOV,118422927,2026-01-14 16:15:40,moved
CT20,101EK113,01140762.JPG,101EK113\01140762.JPG,01140762.JPG,6003904,2026-01-14 16:15:50,moved
CT20,101EK113,01140763.JPG,101EK113\01140763.JPG,01140763.JPG,6010918,2026-01-14 16:15:52,moved
CT20,101EK113,01140764.JPG,101EK113\01140764.JPG,01140764.JPG,6221774,2026-01-14 16:15:52,moved
CT20,101EK113,01140765.MOV,101EK113\01140765.MOV,01140765.MOV,119416213,2026-01-14 16:16:10,moved
CT20,101EK113,01140766.JPG,101EK113\01140766.JPG,01140766.JPG,6022985,2026-01-14 16:18:12,moved
CT20,101EK113,01140767.JPG,101EK113\01140767.JPG,01140767.JPG,6091573,2026-01-14 16:18:12,moved
CT20,101EK113,01140768.JPG,101EK113\01140768.JPG,01140768.JPG,6044357,2026-01-14 16:18:14,moved
CT20,101EK113,01140769.MOV,101EK113\01140769.MOV,01140769.MOV,114360615,2026-01-14 16:18:30,moved
CT20,101EK113,01140770.JPG,101EK113\01140770.JPG,01140770.JPG,6050004,2026-01-14 16:19:28,moved
CT20,101EK113,01140771.JPG,101EK113\01140771.JPG,01140771.JPG,6267014,2026-01-14 16:19:30,moved
CT20,101EK113,01140772.JPG,101EK113\01140772.JPG,01140772.JPG,6262583,2026-01-14 16:19:30,moved
CT20,101EK113,01140773.MOV,101EK113\01140773.MOV,01140773.MOV,119074422,2026-01-14 16:19:46,moved
CT20,101EK113,01140774.JPG,101EK113\01140774.JPG,01140774.JPG,5965752,2026-01-14 16:20:37,moved
CT20,101EK113,01140775.JPG,101EK113\01140775.JPG,01140775.JPG,6067093,2026-01-14 16:20:36,moved
CT20,101EK113,01140776.JPG,101EK113\01140776.JPG,01140776.JPG,6070149,2026-01-14 16:20:36,moved
CT20,101EK113,01140777.MOV,101EK113\01140777.MOV,01140777.MOV,120113070,2026-01-14 16:20:54,moved
CT20,101EK113,01140778.JPG,101EK113\01140778.JPG,01140778.JPG,6007124,2026-01-14 16:22:58,moved
CT20,101EK113,01140779.JPG,101EK113\01140779.JPG,01140779.JPG,6170202,2026-01-14 16:22:58,moved
CT20,101EK113,01140780.JPG,101EK113\01140780.JPG,01140780.JPG,6158499,2026-01-14 16:22:58,moved
CT20,101EK113,01140781.MOV,101EK113\01140781.MOV,01140781.MOV,119956328,2026-01-14 16:23:16,moved
CT20,101EK113,01140782.JPG,101EK113\01140782.JPG,01140782.JPG,6023090,2026-01-14 16:28:14,moved
CT20,101EK113,01140783.JPG,101EK113\01140783.JPG,01140783.JPG,6067603,2026-01-14 16:28:14,moved
CT20,101EK113,01140784.JPG,101EK113\01140784.JPG,01140784.JPG,6086098,2026-01-14 16:28:16,moved
CT20,101EK113,01140785.MOV,101EK113\01140785.MOV,01140785.MOV,111525221,2026-01-14 16:28:32,moved
CT20,101EK113,01140786.JPG,101EK113\01140786.JPG,01140786.JPG,6009188,2026-01-14 16:29:54,moved
CT20,101EK113,01140787.JPG,101EK113\01140787.JPG,01140787.JPG,5989635,2026-01-14 16:29:54,moved
CT20,101EK113,01140788.JPG,101EK113\01140788.JPG,01140788.JPG,5972848,2026-01-14 16:29:54,moved
CT20,101EK113,01140789.MOV,101EK113\01140789.MOV,01140789.MOV,119621232,2026-01-14 16:30:12,moved
CT20,101EK113,01140790.JPG,101EK113\01140790.JPG,01140790.JPG,6013422,2026-01-14 16:31:02,moved
CT20,101EK113,01140791.JPG,101EK113\01140791.JPG,01140791.JPG,5966550,2026-01-14 16:31:05,moved
CT20,101EK113,01140792.JPG,101EK113\01140792.JPG,01140792.JPG,6010718,2026-01-14 16:31:04,moved
CT20,101EK113,01140793.MOV,101EK113\01140793.MOV,01140793.MOV,115274031,2026-01-14 16:31:20,moved
CT20,101EK113,01140794.JPG,101EK113\01140794.JPG,01140794.JPG,5982323,2026-01-14 16:31:27,moved
CT20,101EK113,01140795.JPG,101EK113\01140795.JPG,01140795.JPG,5959500,2026-01-14 16:31:26,moved
CT20,101EK113,01140796.JPG,101EK113\01140796.JPG,01140796.JPG,5925079,2026-01-14 16:31:26,moved
CT20,101EK113,01140797.MOV,101EK113\01140797.MOV,01140797.MOV,120469623,2026-01-14 16:31:44,moved
CT20,101EK113,01140798.JPG,101EK113\01140798.JPG,01140798.JPG,5951790,2026-01-14 16:32:00,moved
CT20,101EK113,01140799.JPG,101EK113\01140799.JPG,01140799.JPG,5937004,2026-01-14 16:32:00,moved
CT20,101EK113,01140800.JPG,101EK113\01140800.JPG,01140800.JPG,5940078,2026-01-14 16:32:00,moved
CT20,101EK113,01140801.MOV,101EK113\01140801.MOV,01140801.MOV,113180473,2026-01-14 16:32:16,moved
CT20,101EK113,01140802.JPG,101EK113\01140802.JPG,01140802.JPG,5995160,2026-01-14 16:32:20,moved
CT20,101EK113,01140803.JPG,101EK113\01140803.JPG,01140803.JPG,6001091,2026-01-14 16:32:22,moved
CT20,101EK113,01140804.JPG,101EK113\01140804.JPG,01140804.JPG,6043338,2026-01-14 16:32:22,moved
CT20,101EK113,01140805.MOV,101EK113\01140805.MOV,01140805.MOV,113531623,2026-01-14 16:32:38,moved
CT20,101EK113,01140806.JPG,101EK113\01140806.JPG,01140806.JPG,6258271,2026-01-14 16:34:40,moved
CT20,101EK113,01140807.JPG,101EK113\01140807.JPG,01140807.JPG,5972102,2026-01-14 16:34:40,moved
CT20,101EK113,01140808.JPG,101EK113\01140808.JPG,01140808.JPG,6004279,2026-01-14 16:34:40,moved
CT20,101EK113,01140809.MOV,101EK113\01140809.MOV,01140809.MOV,121436789,2026-06-30 11:04:31,moved
CT20,101EK113,01140810.JPG,101EK113\01140810.JPG,01140810.JPG,5915078,2026-01-14 16:36:00,moved
CT20,101EK113,01140811.JPG,101EK113\01140811.JPG,01140811.JPG,5961377,2026-01-14 16:36:03,moved
CT20,101EK113,01140812.JPG,101EK113\01140812.JPG,01140812.JPG,5941398,2026-01-14 16:36:02,moved
CT20,101EK113,01140813.MOV,101EK113\01140813.MOV,01140813.MOV,114382641,2026-06-30 10:55:31,moved
CT20,101EK113,01140814.JPG,101EK113\01140814.JPG,01140814.JPG,6010343,2026-01-14 16:36:32,moved
CT20,101EK113,01140815.JPG,101EK113\01140815.JPG,01140815.JPG,5940948,2026-01-14 16:36:32,moved
CT20,101EK113,01140816.JPG,101EK113\01140816.JPG,01140816.JPG,5983997,2026-01-14 16:36:34,moved
CT20,101EK113,01140817.MOV,101EK113\01140817.MOV,01140817.MOV,119120350,2026-01-14 16:36:50,moved
CT20,101EK113,01140818.JPG,101EK113\01140818.JPG,01140818.JPG,5994229,2026-01-14 16:37:26,moved
CT20,101EK113,01140819.JPG,101EK113\01140819.JPG,01140819.JPG,6008743,2026-01-14 16:37:29,moved
CT20,101EK113,01140820.JPG,101EK113\01140820.JPG,01140820.JPG,5984892,2026-01-14 16:37:28,moved
CT20,101EK113,01140821.MOV,101EK113\01140821.MOV,01140821.MOV,117647133,2026-06-30 11:04:18,moved
CT20,101EK113,01140822.JPG,101EK113\01140822.JPG,01140822.JPG,5929171,2026-01-14 16:37:54,moved
CT20,101EK113,01140823.JPG,101EK113\01140823.JPG,01140823.JPG,5984536,2026-01-14 16:37:54,moved
CT20,101EK113,01140824.JPG,101EK113\01140824.JPG,01140824.JPG,5996226,2026-01-14 16:37:56,moved
CT20,101EK113,01140825.MOV,101EK113\01140825.MOV,01140825.MOV,120054608,2026-01-14 16:38:12,moved
CT20,101EK113,01140826.JPG,101EK113\01140826.JPG,01140826.JPG,6010141,2026-01-14 16:39:04,moved
CT20,101EK113,01140827.JPG,101EK113\01140827.JPG,01140827.JPG,5945259,2026-01-14 16:39:06,moved
CT20,101EK113,01140828.JPG,101EK113\01140828.JPG,01140828.JPG,6000434,2026-01-14 16:39:06,moved
CT20,101EK113,01140829.MOV,101EK113\01140829.MOV,01140829.MOV,117498799,2026-01-14 16:39:22,moved
CT20,101EK113,01140830.JPG,101EK113\01140830.JPG,01140830.JPG,5989520,2026-01-14 16:39:42,moved
CT20,101EK113,01140831.JPG,101EK113\01140831.JPG,01140831.JPG,5988925,2026-01-14 16:39:42,moved
CT20,101EK113,01140832.JPG,101EK113\01140832.JPG,01140832.JPG,5985891,2026-01-14 16:39:44,moved
CT20,101EK113,01140833.MOV,101EK113\01140833.MOV,01140833.MOV,112859478,2026-01-14 16:40:00,moved
CT20,101EK113,01140834.JPG,101EK113\01140834.JPG,01140834.JPG,5992229,2026-01-14 16:40:51,moved
CT20,101EK113,01140835.JPG,101EK113\01140835.JPG,01140835.JPG,5957055,2026-01-14 16:40:50,moved
CT20,101EK113,01140836.JPG,101EK113\01140836.JPG,01140836.JPG,5947788,2026-01-14 16:40:50,moved
CT20,101EK113,01140837.MOV,101EK113\01140837.MOV,01140837.MOV,31981568,2026-01-14 16:40:56,moved
CT23,100EK113,01140001.JPG,100EK113\01140001.JPG,01140001.JPG,4161476,2026-01-14 12:06:46,moved
CT23,100EK113,01140002.JPG,100EK113\01140002.JPG,01140002.JPG,4485461,2026-01-14 12:06:48,moved
CT23,100EK113,01140003.MP4,100EK113\01140003.MP4,01140003.MP4,11577533,2026-01-14 12:06:50,moved
CT23,100EK113,01180004.JPG,100EK113\01180004.JPG,01180004.JPG,1970808,2026-01-18 05:09:26,moved
CT23,100EK113,01180005.JPG,100EK113\01180005.JPG,01180005.JPG,2060255,2026-01-18 05:09:28,moved
CT23,100EK113,01180006.JPG,100EK113\01180006.JPG,01180006.JPG,2098164,2026-01-18 05:09:28,moved
CT23,100EK113,01180007.MP4,100EK113\01180007.MP4,01180007.MP4,20217501,2026-01-18 05:09:32,moved
CT23,100EK113,01180008.JPG,100EK113\01180008.JPG,01180008.JPG,2310591,2026-01-18 06:04:04,moved
CT23,100EK113,01180009.JPG,100EK113\01180009.JPG,01180009.JPG,2444670,2026-01-18 06:04:06,moved
CT23,100EK113,01180010.JPG,100EK113\01180010.JPG,01180010.JPG,2451002,2026-01-18 06:04:06,moved
CT23,100EK113,01180011.MP4,100EK113\01180011.MP4,01180011.MP4,19517875,2026-01-18 06:04:08,moved
CT23,100EK113,01180012.JPG,100EK113\01180012.JPG,01180012.JPG,2302799,2026-01-18 06:19:46,moved
CT23,100EK113,01180013.JPG,100EK113\01180013.JPG,01180013.JPG,2413254,2026-01-18 06:19:46,moved
CT23,100EK113,01180014.JPG,100EK113\01180014.JPG,01180014.JPG,2428298,2026-01-18 06:19:48,moved
CT23,100EK113,01180015.MP4,100EK113\01180015.MP4,01180015.MP4,19759693,2026-01-18 06:19:50,moved
CT23,100EK113,01180016.JPG,100EK113\01180016.JPG,01180016.JPG,2082308,2026-01-18 06:55:32,moved
CT23,100EK113,01180017.JPG,100EK113\01180017.JPG,01180017.JPG,2215921,2026-01-18 06:55:32,moved
CT23,100EK113,01180018.JPG,100EK113\01180018.JPG,01180018.JPG,2262906,2026-01-18 06:55:34,moved
CT23,100EK113,01180019.MP4,100EK113\01180019.MP4,01180019.MP4,19696841,2026-01-18 06:55:36,moved
CT23,100EK113,01180020.JPG,100EK113\01180020.JPG,01180020.JPG,2872406,2026-01-18 07:20:20,moved
CT23,100EK113,01180021.JPG,100EK113\01180021.JPG,01180021.JPG,2920490,2026-01-18 07:20:20,moved
CT23,100EK113,01180022.MP4,100EK113\01180022.MP4,01180022.MP4,19980881,2026-01-18 07:20:22,moved
CT23,100EK113,01180023.JPG,100EK113\01180023.JPG,01180023.JPG,2126262,2026-01-18 07:38:54,moved
CT23,100EK113,01180024.JPG,100EK113\01180024.JPG,01180024.JPG,2216328,2026-01-18 07:38:56,moved
CT23,100EK113,01180025.JPG,100EK113\01180025.JPG,01180025.JPG,2227447,2026-01-18 07:38:56,moved
CT23,100EK113,01180026.MP4,100EK113\01180026.MP4,01180026.MP4,19757171,2026-01-18 07:39:00,moved
CT23,100EK113,01180027.JPG,100EK113\01180027.JPG,01180027.JPG,3148784,2026-01-18 08:36:54,moved
CT23,100EK113,01180028.JPG,100EK113\01180028.JPG,01180028.JPG,3219011,2026-01-18 08:36:54,moved
CT23,100EK113,01180029.MP4,100EK113\01180029.MP4,01180029.MP4,20221227,2026-01-18 08:36:56,moved
CT23,100EK113,01180030.JPG,100EK113\01180030.JPG,01180030.JPG,4044375,2026-01-18 11:32:42,moved
CT23,100EK113,01180031.JPG,100EK113\01180031.JPG,01180031.JPG,4079195,2026-01-18 11:32:42,moved
CT23,100EK113,01180032.MP4,100EK113\01180032.MP4,01180032.MP4,11534495,2026-01-18 11:32:44,moved
CT23,100EK113,01180033.JPG,100EK113\01180033.JPG,01180033.JPG,4705133,2026-01-18 11:55:54,moved
CT23,100EK113,01180034.JPG,100EK113\01180034.JPG,01180034.JPG,4727109,2026-01-18 11:55:56,moved
CT23,100EK113,01180035.MP4,100EK113\01180035.MP4,01180035.MP4,11550687,2026-01-18 11:55:58,moved
CT23,100EK113,01180036.JPG,100EK113\01180036.JPG,01180036.JPG,4569932,2026-01-18 12:03:54,moved
CT23,100EK113,01180037.JPG,100EK113\01180037.JPG,01180037.JPG,4574182,2026-01-18 12:03:54,moved
CT23,100EK113,01180038.MP4,100EK113\01180038.MP4,01180038.MP4,11745459,2026-01-18 12:03:56,moved
CT23,100EK113,01180039.JPG,100EK113\01180039.JPG,01180039.JPG,4979840,2026-01-18 12:29:30,moved
CT23,100EK113,01180040.JPG,100EK113\01180040.JPG,01180040.JPG,5029247,2026-01-18 12:29:30,moved
CT23,100EK113,01180041.MP4,100EK113\01180041.MP4,01180041.MP4,11639607,2026-01-18 12:29:34,moved
CT23,100EK113,01180042.JPG,100EK113\01180042.JPG,01180042.JPG,3992273,2026-01-18 13:13:26,moved
CT23,100EK113,01180043.JPG,100EK113\01180043.JPG,01180043.JPG,3973548,2026-01-18 13:13:28,moved
CT23,100EK113,01180044.MP4,100EK113\01180044.MP4,01180044.MP4,11463407,2026-01-18 13:13:30,moved
CT23,100EK113,01180045.JPG,100EK113\01180045.JPG,01180045.JPG,4055953,2026-01-18 13:23:42,moved
CT23,100EK113,01180046.JPG,100EK113\01180046.JPG,01180046.JPG,4114510,2026-01-18 13:23:42,moved
CT23,100EK113,01180047.MP4,100EK113\01180047.MP4,01180047.MP4,11856041,2026-01-18 13:23:44,moved
CT23,100EK113,01180048.JPG,100EK113\01180048.JPG,01180048.JPG,4782341,2026-01-18 14:01:26,moved
CT23,100EK113,01180049.JPG,100EK113\01180049.JPG,01180049.JPG,4811070,2026-01-18 14:01:26,moved
CT23,100EK113,01180050.MP4,100EK113\01180050.MP4,01180050.MP4,11665521,2026-01-18 14:01:28,moved
CT23,100EK113,01190051.JPG,100EK113\01190051.JPG,01190051.JPG,2210320,2026-01-19 04:34:22,moved
CT23,100EK113,01190052.JPG,100EK113\01190052.JPG,01190052.JPG,2318954,2026-01-19 04:34:24,moved
CT23,100EK113,01190053.JPG,100EK113\01190053.JPG,01190053.JPG,2348238,2026-01-19 04:34:24,moved
CT23,100EK113,01190054.MP4,100EK113\01190054.MP4,01190054.MP4,19862575,2026-01-19 04:34:28,moved
CT23,100EK113,01220055.JPG,100EK113\01220055.JPG,01220055.JPG,4255640,2026-01-22 16:09:50,moved
CT23,100EK113,01220056.JPG,100EK113\01220056.JPG,01220056.JPG,4261369,2026-01-22 16:09:52,moved
CT23,100EK113,01220057.MP4,100EK113\01220057.MP4,01220057.MP4,11877065,2026-01-22 16:09:54,moved
CT23,100EK113,01220058.JPG,100EK113\01220058.JPG,01220058.JPG,4229087,2026-01-22 16:10:30,moved
CT23,100EK113,01220059.JPG,100EK113\01220059.JPG,01220059.JPG,4194388,2026-01-22 16:10:30,moved
CT23,100EK113,01220060.MP4,100EK113\01220060.MP4,01220060.MP4,11827141,2026-01-22 16:10:32,moved
CT23,100EK113,02110061.JPG,100EK113\02110061.JPG,02110061.JPG,1277092,2026-02-11 04:00:26,moved
CT23,100EK113,02110062.JPG,100EK113\02110062.JPG,02110062.JPG,1310669,2026-02-11 04:00:28,moved
CT23,100EK113,02110063.JPG,100EK113\02110063.JPG,02110063.JPG,1359766,2026-02-11 04:00:28,moved
CT23,100EK113,02110064.MP4,100EK113\02110064.MP4,02110064.MP4,19657381,2026-02-11 04:00:30,moved
CT23,100EK113,02190065.JPG,100EK113\02190065.JPG,02190065.JPG,4211301,2026-02-19 13:22:28,moved
CT23,100EK113,02190066.JPG,100EK113\02190066.JPG,02190066.JPG,4245908,2026-02-19 13:22:30,moved
CT23,100EK113,02190067.MP4,100EK113\02190067.MP4,02190067.MP4,11862097,2026-02-19 13:22:34,moved
CT23,100EK113,02190068.JPG,100EK113\02190068.JPG,02190068.JPG,4414281,2026-02-19 15:02:06,moved
CT23,100EK113,02190069.JPG,100EK113\02190069.JPG,02190069.JPG,4417286,2026-02-19 15:02:06,moved
CT23,100EK113,02190070.MP4,100EK113\02190070.MP4,02190070.MP4,11732957,2026-02-19 15:02:10,moved
CT23,100EK113,02190071.JPG,100EK113\02190071.JPG,02190071.JPG,4439912,2026-02-19 15:02:30,moved
CT23,100EK113,02190072.JPG,100EK113\02190072.JPG,02190072.JPG,4448773,2026-02-19 15:02:32,moved
CT23,100EK113,02190073.MP4,100EK113\02190073.MP4,02190073.MP4,11840131,2026-02-19 15:02:34,moved
CT23,100EK113,02190074.JPG,100EK113\02190074.JPG,02190074.JPG,4331683,2026-02-19 15:41:28,moved
CT23,100EK113,02190075.JPG,100EK113\02190075.JPG,02190075.JPG,4349295,2026-02-19 15:41:30,moved
CT23,100EK113,02190076.MP4,100EK113\02190076.MP4,02190076.MP4,11764355,2026-02-19 15:41:32,moved
CT23,100EK113,02190077.JPG,100EK113\02190077.JPG,02190077.JPG,4400308,2026-02-19 17:04:54,moved
CT23,100EK113,02190078.JPG,100EK113\02190078.JPG,02190078.JPG,4433854,2026-02-19 17:04:54,moved
CT23,100EK113,02190079.MP4,100EK113\02190079.MP4,02190079.MP4,11683345,2026-02-19 17:04:58,moved
CT23,100EK113,02190080.JPG,100EK113\02190080.JPG,02190080.JPG,2517223,2026-02-20 00:00:44,moved
CT23,100EK113,02190081.JPG,100EK113\02190081.JPG,02190081.JPG,2640849,2026-02-20 00:00:46,moved
CT23,100EK113,02190082.JPG,100EK113\02190082.JPG,02190082.JPG,2586362,2026-02-20 00:00:46,moved
CT23,100EK113,02190083.MP4,100EK113\02190083.MP4,02190083.MP4,19578135,2026-02-20 00:00:48,moved
CT23,100EK113,02200084.JPG,100EK113\02200084.JPG,02200084.JPG,2348539,2026-02-20 01:05:40,moved
CT23,100EK113,02200085.JPG,100EK113\02200085.JPG,02200085.JPG,2436678,2026-02-20 01:05:42,moved
CT23,100EK113,02200086.JPG,100EK113\02200086.JPG,02200086.JPG,2445329,2026-02-20 01:05:42,moved
CT23,100EK113,02200087.MP4,100EK113\02200087.MP4,02200087.MP4,19724861,2026-02-20 01:05:44,moved
CT23,100EK113,02200088.JPG,100EK113\02200088.JPG,02200088.JPG,2273914,2026-02-20 01:06:42,moved
CT23,100EK113,02200089.JPG,100EK113\02200089.JPG,02200089.JPG,2368208,2026-02-20 01:06:42,moved
CT23,100EK113,02200090.JPG,100EK113\02200090.JPG,02200090.JPG,2386529,2026-02-20 01:06:44,moved
CT23,100EK113,02200091.MP4,100EK113\02200091.MP4,02200091.MP4,19494023,2026-02-20 01:06:46,moved
CT23,100EK113,02200092.JPG,100EK113\02200092.JPG,02200092.JPG,1960867,2026-02-20 01:19:10,moved
CT23,100EK113,02200093.JPG,100EK113\02200093.JPG,02200093.JPG,2051831,2026-02-20 01:19:12,moved
CT23,100EK113,02200094.JPG,100EK113\02200094.JPG,02200094.JPG,2059821,2026-02-20 01:19:12,moved
CT23,100EK113,02200095.MP4,100EK113\02200095.MP4,02200095.MP4,20147487,2026-02-20 01:19:14,moved
CT23,100EK113,02200096.JPG,100EK113\02200096.JPG,02200096.JPG,2258448,2026-02-20 01:22:40,moved
CT23,100EK113,02200097.JPG,100EK113\02200097.JPG,02200097.JPG,2328047,2026-02-20 01:22:40,moved
CT23,100EK113,02200098.JPG,100EK113\02200098.JPG,02200098.JPG,2325525,2026-02-20 01:22:42,moved
CT23,100EK113,02200099.MP4,100EK113\02200099.MP4,02200099.MP4,19542407,2026-02-20 01:22:44,moved
CT23,100EK113,02200100.JPG,100EK113\02200100.JPG,02200100.JPG,2312645,2026-02-20 01:24:14,moved
CT23,100EK113,02200101.JPG,100EK113\02200101.JPG,02200101.JPG,2414932,2026-02-20 01:24:14,moved
CT23,100EK113,02200102.JPG,100EK113\02200102.JPG,02200102.JPG,2391993,2026-02-20 01:24:16,moved
CT23,100EK113,02200103.MP4,100EK113\02200103.MP4,02200103.MP4,19859117,2026-02-20 01:24:18,moved
CT23,100EK113,02200104.JPG,100EK113\02200104.JPG,02200104.JPG,2625532,2026-02-20 01:25:08,moved
CT23,100EK113,02200105.JPG,100EK113\02200105.JPG,02200105.JPG,2723878,2026-02-20 01:25:08,moved
CT23,100EK113,02200106.JPG,100EK113\02200106.JPG,02200106.JPG,2736611,2026-02-20 01:25:08,moved
CT23,100EK113,02200107.MP4,100EK113\02200107.MP4,02200107.MP4,19721021,2026-02-20 01:25:12,moved
CT23,100EK113,02200108.JPG,100EK113\02200108.JPG,02200108.JPG,2263006,2026-02-20 01:26:00,moved
CT23,100EK113,02200109.JPG,100EK113\02200109.JPG,02200109.JPG,2350063,2026-02-20 01:26:00,moved
CT23,100EK113,02200110.JPG,100EK113\02200110.JPG,02200110.JPG,2358395,2026-02-20 01:26:02,moved
CT23,100EK113,02200111.MP4,100EK113\02200111.MP4,02200111.MP4,20171671,2026-02-20 01:26:04,moved
CT23,100EK113,02200112.JPG,100EK113\02200112.JPG,02200112.JPG,1987391,2026-02-20 01:26:56,moved
CT23,100EK113,02200113.JPG,100EK113\02200113.JPG,02200113.JPG,2062452,2026-02-20 01:26:58,moved
CT23,100EK113,02200114.JPG,100EK113\02200114.JPG,02200114.JPG,2083391,2026-02-20 01:26:58,moved
CT23,100EK113,02200115.MP4,100EK113\02200115.MP4,02200115.MP4,19671629,2026-02-20 01:27:00,moved
CT23,100EK113,02200116.JPG,100EK113\02200116.JPG,02200116.JPG,2054684,2026-02-20 01:34:08,moved
CT23,100EK113,02200117.JPG,100EK113\02200117.JPG,02200117.JPG,2148842,2026-02-20 01:34:10,moved
CT23,100EK113,02200118.JPG,100EK113\02200118.JPG,02200118.JPG,2165987,2026-02-20 01:34:10,moved
CT23,100EK113,02200119.MP4,100EK113\02200119.MP4,02200119.MP4,19734055,2026-02-20 01:34:12,moved
CT23,100EK113,02200120.JPG,100EK113\02200120.JPG,02200120.JPG,2334184,2026-02-20 01:35:22,moved
CT23,100EK113,02200121.JPG,100EK113\02200121.JPG,02200121.JPG,2448529,2026-02-20 01:35:24,moved
CT23,100EK113,02200122.JPG,100EK113\02200122.JPG,02200122.JPG,2434728,2026-02-20 01:35:24,moved
CT23,100EK113,02200123.MP4,100EK113\02200123.MP4,02200123.MP4,19787507,2026-02-20 01:35:26,moved
CT23,100EK113,02200124.JPG,100EK113\02200124.JPG,02200124.JPG,2328143,2026-02-20 01:40:04,moved
CT23,100EK113,02200125.JPG,100EK113\02200125.JPG,02200125.JPG,2367393,2026-02-20 01:40:04,moved
CT23,100EK113,02200126.JPG,100EK113\02200126.JPG,02200126.JPG,2376024,2026-02-20 01:40:06,moved
CT23,100EK113,02200127.MP4,100EK113\02200127.MP4,02200127.MP4,19870991,2026-02-20 01:40:08,moved
CT23,100EK113,02200128.JPG,100EK113\02200128.JPG,02200128.JPG,2244829,2026-02-20 01:41:50,moved
CT23,100EK113,02200129.JPG,100EK113\02200129.JPG,02200129.JPG,2348131,2026-02-20 01:41:50,moved
CT23,100EK113,02200130.JPG,100EK113\02200130.JPG,02200130.JPG,2347575,2026-02-20 01:41:52,moved
CT23,100EK113,02200131.MP4,100EK113\02200131.MP4,02200131.MP4,19788447,2026-02-20 01:41:54,moved
CT23,100EK113,02200132.JPG,100EK113\02200132.JPG,02200132.JPG,2264820,2026-02-20 01:47:24,moved
CT23,100EK113,02200133.JPG,100EK113\02200133.JPG,02200133.JPG,2350961,2026-02-20 01:47:26,moved
CT23,100EK113,02200134.JPG,100EK113\02200134.JPG,02200134.JPG,2364956,2026-02-20 01:47:26,moved
CT23,100EK113,02200135.MP4,100EK113\02200135.MP4,02200135.MP4,19969571,2026-02-20 01:47:28,moved
CT23,100EK113,02200136.JPG,100EK113\02200136.JPG,02200136.JPG,2185456,2026-02-20 01:47:46,moved
CT23,100EK113,02200137.JPG,100EK113\02200137.JPG,02200137.JPG,2265133,2026-02-20 01:47:48,moved
CT23,100EK113,02200138.JPG,100EK113\02200138.JPG,02200138.JPG,2276005,2026-02-20 01:47:48,moved
CT23,100EK113,02200139.MP4,100EK113\02200139.MP4,02200139.MP4,20093265,2026-02-20 01:47:50,moved
CT23,100EK113,02200140.JPG,100EK113\02200140.JPG,02200140.JPG,2302364,2026-02-20 01:52:40,moved
CT23,100EK113,02200141.JPG,100EK113\02200141.JPG,02200141.JPG,2398211,2026-02-20 01:52:40,moved
CT23,100EK113,02200142.JPG,100EK113\02200142.JPG,02200142.JPG,2400230,2026-02-20 01:52:42,moved
CT23,100EK113,02200143.MP4,100EK113\02200143.MP4,02200143.MP4,19966253,2026-02-20 01:52:44,moved
CT23,100EK113,02200144.JPG,100EK113\02200144.JPG,02200144.JPG,2041296,2026-02-20 01:53:00,moved
CT23,100EK113,02200145.JPG,100EK113\02200145.JPG,02200145.JPG,2109536,2026-02-20 01:53:02,moved
CT23,100EK113,02200146.JPG,100EK113\02200146.JPG,02200146.JPG,2157647,2026-02-20 01:53:02,moved
CT23,100EK113,02200147.MP4,100EK113\02200147.MP4,02200147.MP4,19756283,2026-02-20 01:53:04,moved
CT23,100EK113,02200148.JPG,100EK113\02200148.JPG,02200148.JPG,2471042,2026-02-20 01:55:52,moved
CT23,100EK113,02200149.JPG,100EK113\02200149.JPG,02200149.JPG,2547843,2026-02-20 01:55:52,moved
CT23,100EK113,02200150.JPG,100EK113\02200150.JPG,02200150.JPG,2335164,2026-02-20 01:55:54,moved
CT23,100EK113,02200151.MP4,100EK113\02200151.MP4,02200151.MP4,19785167,2026-02-20 01:55:56,moved
CT23,100EK113,02200152.JPG,100EK113\02200152.JPG,02200152.JPG,2156796,2026-02-20 01:58:24,moved
CT23,100EK113,02200153.JPG,100EK113\02200153.JPG,02200153.JPG,2259550,2026-02-20 01:58:24,moved
CT23,100EK113,02200154.JPG,100EK113\02200154.JPG,02200154.JPG,2257016,2026-02-20 01:58:26,moved
CT23,100EK113,02200155.MP4,100EK113\02200155.MP4,02200155.MP4,19599439,2026-02-20 01:58:28,moved
CT23,100EK113,02200156.JPG,100EK113\02200156.JPG,02200156.JPG,2257414,2026-02-20 01:59:38,moved
CT23,100EK113,02200157.JPG,100EK113\02200157.JPG,02200157.JPG,2348918,2026-02-20 01:59:40,moved
CT23,100EK113,02200158.JPG,100EK113\02200158.JPG,02200158.JPG,2353041,2026-02-20 01:59:40,moved
CT23,100EK113,02200159.MP4,100EK113\02200159.MP4,02200159.MP4,20024653,2026-02-20 01:59:42,moved
CT23,100EK113,02200160.JPG,100EK113\02200160.JPG,02200160.JPG,1988927,2026-02-20 02:02:56,moved
CT23,100EK113,02200161.JPG,100EK113\02200161.JPG,02200161.JPG,2053162,2026-02-20 02:02:56,moved
CT23,100EK113,02200162.JPG,100EK113\02200162.JPG,02200162.JPG,2050794,2026-02-20 02:02:58,moved
CT23,100EK113,02200163.MP4,100EK113\02200163.MP4,02200163.MP4,19619791,2026-02-20 02:03:00,moved
CT23,100EK113,02200164.JPG,100EK113\02200164.JPG,02200164.JPG,2142769,2026-02-20 02:03:38,moved
CT23,100EK113,02200165.JPG,100EK113\02200165.JPG,02200165.JPG,2231707,2026-02-20 02:03:38,moved
CT23,100EK113,02200166.JPG,100EK113\02200166.JPG,02200166.JPG,2231262,2026-02-20 02:03:40,moved
CT23,100EK113,02200167.MP4,100EK113\02200167.MP4,02200167.MP4,19562367,2026-02-20 02:03:42,moved
CT23,100EK113,02200168.JPG,100EK113\02200168.JPG,02200168.JPG,2303621,2026-02-20 02:05:24,moved
CT23,100EK113,02200169.JPG,100EK113\02200169.JPG,02200169.JPG,2162996,2026-02-20 02:05:24,moved
CT23,100EK113,02200170.JPG,100EK113\02200170.JPG,02200170.JPG,2155540,2026-02-20 02:05:26,moved
CT23,100EK113,02200171.MP4,100EK113\02200171.MP4,02200171.MP4,19801953,2026-02-20 02:05:28,moved
CT23,100EK113,02200172.JPG,100EK113\02200172.JPG,02200172.JPG,2270655,2026-02-20 02:09:22,moved
CT23,100EK113,02200173.JPG,100EK113\02200173.JPG,02200173.JPG,2337793,2026-02-20 02:09:22,moved
CT23,100EK113,02200174.JPG,100EK113\02200174.JPG,02200174.JPG,2352503,2026-02-20 02:09:24,moved
CT23,100EK113,02200175.MP4,100EK113\02200175.MP4,02200175.MP4,19840619,2026-02-20 02:09:26,moved
CT23,100EK113,02200176.JPG,100EK113\02200176.JPG,02200176.JPG,2203506,2026-02-20 02:11:10,moved
CT23,100EK113,02200177.JPG,100EK113\02200177.JPG,02200177.JPG,2296730,2026-02-20 02:11:10,moved
CT23,100EK113,02200178.JPG,100EK113\02200178.JPG,02200178.JPG,2295861,2026-02-20 02:11:12,moved
CT23,100EK113,02200179.MP4,100EK113\02200179.MP4,02200179.MP4,19679683,2026-02-20 02:11:14,moved
CT23,100EK113,02200180.JPG,100EK113\02200180.JPG,02200180.JPG,2100107,2026-02-20 02:12:58,moved
CT23,100EK113,02200181.JPG,100EK113\02200181.JPG,02200181.JPG,2169846,2026-02-20 02:12:58,moved
CT23,100EK113,02200182.JPG,100EK113\02200182.JPG,02200182.JPG,2176861,2026-02-20 02:12:58,moved
CT23,100EK113,02200183.MP4,100EK113\02200183.MP4,02200183.MP4,20098455,2026-02-20 02:13:02,moved
CT23,100EK113,02200184.JPG,100EK113\02200184.JPG,02200184.JPG,2312342,2026-02-20 02:13:26,moved
CT23,100EK113,02200185.JPG,100EK113\02200185.JPG,02200185.JPG,2388086,2026-02-20 02:13:26,moved
CT23,100EK113,02200186.JPG,100EK113\02200186.JPG,02200186.JPG,2385663,2026-02-20 02:13:28,moved
CT23,100EK113,02200187.MP4,100EK113\02200187.MP4,02200187.MP4,20006587,2026-02-20 02:13:30,moved
CT23,100EK113,02200188.JPG,100EK113\02200188.JPG,02200188.JPG,2185366,2026-02-20 02:14:18,moved
CT23,100EK113,02200189.JPG,100EK113\02200189.JPG,02200189.JPG,2080375,2026-02-20 02:14:20,moved
CT23,100EK113,02200190.JPG,100EK113\02200190.JPG,02200190.JPG,2073937,2026-02-20 02:14:20,moved
CT23,100EK113,02200191.MP4,100EK113\02200191.MP4,02200191.MP4,19989789,2026-02-20 02:14:22,moved
CT23,100EK113,02200192.JPG,100EK113\02200192.JPG,02200192.JPG,2205485,2026-02-20 02:15:08,moved
CT23,100EK113,02200193.JPG,100EK113\02200193.JPG,02200193.JPG,2283492,2026-02-20 02:15:10,moved
CT23,100EK113,02200194.JPG,100EK113\02200194.JPG,02200194.JPG,2291275,2026-02-20 02:15:10,moved
CT23,100EK113,02200195.MP4,100EK113\02200195.MP4,02200195.MP4,20293351,2026-02-20 02:15:12,moved
CT23,100EK113,02200196.JPG,100EK113\02200196.JPG,02200196.JPG,2223598,2026-02-20 02:15:50,moved
CT23,100EK113,02200197.JPG,100EK113\02200197.JPG,02200197.JPG,2086189,2026-02-20 02:15:52,moved
CT23,100EK113,02200198.JPG,100EK113\02200198.JPG,02200198.JPG,2097970,2026-02-20 02:15:52,moved
CT23,100EK113,02200199.MP4,100EK113\02200199.MP4,02200199.MP4,19661765,2026-02-20 02:15:56,moved
CT23,100EK113,02200200.JPG,100EK113\02200200.JPG,02200200.JPG,2138512,2026-02-20 02:16:14,moved
CT23,100EK113,02200201.JPG,100EK113\02200201.JPG,02200201.JPG,2214971,2026-02-20 02:16:14,moved
CT23,100EK113,02200202.JPG,100EK113\02200202.JPG,02200202.JPG,2243631,2026-02-20 02:16:16,moved
CT23,100EK113,02200203.MP4,100EK113\02200203.MP4,02200203.MP4,19732271,2026-02-20 02:16:18,moved
CT23,100EK113,02200204.JPG,100EK113\02200204.JPG,02200204.JPG,2247635,2026-02-20 02:17:48,moved
CT23,100EK113,02200205.JPG,100EK113\02200205.JPG,02200205.JPG,2319616,2026-02-20 02:17:48,moved
CT23,100EK113,02200206.JPG,100EK113\02200206.JPG,02200206.JPG,2302511,2026-02-20 02:17:50,moved
CT23,100EK113,02200207.MP4,100EK113\02200207.MP4,02200207.MP4,19539645,2026-02-20 02:17:52,moved
CT23,100EK113,02200208.JPG,100EK113\02200208.JPG,02200208.JPG,2223863,2026-02-20 02:18:12,moved
CT23,100EK113,02200209.JPG,100EK113\02200209.JPG,02200209.JPG,2303421,2026-02-20 02:18:14,moved
CT23,100EK113,02200210.JPG,100EK113\02200210.JPG,02200210.JPG,2294755,2026-02-20 02:18:14,moved
CT23,100EK113,02200211.MP4,100EK113\02200211.MP4,02200211.MP4,19957973,2026-02-20 02:18:16,moved
CT23,100EK113,02200212.JPG,100EK113\02200212.JPG,02200212.JPG,2197603,2026-02-20 02:19:16,moved
CT23,100EK113,02200213.JPG,100EK113\02200213.JPG,02200213.JPG,2267542,2026-02-20 02:19:18,moved
CT23,100EK113,02200214.JPG,100EK113\02200214.JPG,02200214.JPG,2290713,2026-02-20 02:19:18,moved
CT23,100EK113,02200215.MP4,100EK113\02200215.MP4,02200215.MP4,20141943,2026-02-20 02:19:20,moved
CT23,100EK113,02200216.JPG,100EK113\02200216.JPG,02200216.JPG,2286852,2026-02-20 02:19:40,moved
CT23,100EK113,02200217.JPG,100EK113\02200217.JPG,02200217.JPG,2373803,2026-02-20 02:19:40,moved
CT23,100EK113,02200218.JPG,100EK113\02200218.JPG,02200218.JPG,2379534,2026-02-20 02:19:42,moved
CT23,100EK113,02200219.MP4,100EK113\02200219.MP4,02200219.MP4,20301261,2026-02-20 02:19:44,moved
CT23,100EK113,02200220.JPG,100EK113\02200220.JPG,02200220.JPG,2241552,2026-02-20 02:20:00,moved
CT23,100EK113,02200221.JPG,100EK113\02200221.JPG,02200221.JPG,2327539,2026-02-20 02:20:02,moved
CT23,100EK113,02200222.JPG,100EK113\02200222.JPG,02200222.JPG,2340697,2026-02-20 02:20:02,moved
CT23,100EK113,02200223.MP4,100EK113\02200223.MP4,02200223.MP4,19616869,2026-02-20 02:20:06,moved
CT23,100EK113,02200224.JPG,100EK113\02200224.JPG,02200224.JPG,2190524,2026-02-20 02:21:28,moved
CT23,100EK113,02200225.JPG,100EK113\02200225.JPG,02200225.JPG,2288486,2026-02-20 02:21:28,moved
CT23,100EK113,02200226.JPG,100EK113\02200226.JPG,02200226.JPG,2325719,2026-02-20 02:21:30,moved
CT23,100EK113,02200227.MP4,100EK113\02200227.MP4,02200227.MP4,20169251,2026-02-20 02:21:32,moved
CT23,100EK113,02200228.JPG,100EK113\02200228.JPG,02200228.JPG,2226707,2026-02-20 02:22:30,moved
CT23,100EK113,02200229.JPG,100EK113\02200229.JPG,02200229.JPG,2338544,2026-02-20 02:22:32,moved
CT23,100EK113,02200230.JPG,100EK113\02200230.JPG,02200230.JPG,2139165,2026-02-20 02:22:32,moved
CT23,100EK113,02200231.MP4,100EK113\02200231.MP4,02200231.MP4,19853405,2026-02-20 02:22:34,moved
CT23,100EK113,02200232.JPG,100EK113\02200232.JPG,02200232.JPG,2217541,2026-02-20 02:25:52,moved
CT23,100EK113,02200233.JPG,100EK113\02200233.JPG,02200233.JPG,2311517,2026-02-20 02:25:54,moved
CT23,100EK113,02200234.JPG,100EK113\02200234.JPG,02200234.JPG,2303100,2026-02-20 02:25:54,moved
CT23,100EK113,02200235.MP4,100EK113\02200235.MP4,02200235.MP4,19545751,2026-02-20 02:25:58,moved
CT23,100EK113,02200236.JPG,100EK113\02200236.JPG,02200236.JPG,2431062,2026-02-20 02:26:18,moved
CT23,100EK113,02200237.JPG,100EK113\02200237.JPG,02200237.JPG,2517232,2026-02-20 02:26:18,moved
CT23,100EK113,02200238.JPG,100EK113\02200238.JPG,02200238.JPG,2542564,2026-02-20 02:26:20,moved
CT23,100EK113,02200239.MP4,100EK113\02200239.MP4,02200239.MP4,19733881,2026-02-20 02:26:22,moved
CT23,100EK113,02200240.JPG,100EK113\02200240.JPG,02200240.JPG,2153035,2026-02-20 02:26:56,moved
CT23,100EK113,02200241.JPG,100EK113\02200241.JPG,02200241.JPG,2185080,2026-02-20 02:26:58,moved
CT23,100EK113,02200242.JPG,100EK113\02200242.JPG,02200242.JPG,2205719,2026-02-20 02:26:58,moved
CT23,100EK113,02200243.MP4,100EK113\02200243.MP4,02200243.MP4,19603301,2026-02-20 02:27:02,moved
CT23,100EK113,02200244.JPG,100EK113\02200244.JPG,02200244.JPG,2245553,2026-02-20 02:27:56,moved
CT23,100EK113,02200245.JPG,100EK113\02200245.JPG,02200245.JPG,2331394,2026-02-20 02:27:56,moved
CT23,100EK113,02200246.JPG,100EK113\02200246.JPG,02200246.JPG,2351082,2026-02-20 02:27:58,moved
CT23,100EK113,02200247.MP4,100EK113\02200247.MP4,02200247.MP4,19710741,2026-02-20 02:28:00,moved
CT23,100EK113,02200248.JPG,100EK113\02200248.JPG,02200248.JPG,2274567,2026-02-20 02:31:00,moved
CT23,100EK113,02200249.JPG,100EK113\02200249.JPG,02200249.JPG,2179387,2026-02-20 02:31:00,moved
CT23,100EK113,02200250.JPG,100EK113\02200250.JPG,02200250.JPG,2208249,2026-02-20 02:31:02,moved
CT23,100EK113,02200251.MP4,100EK113\02200251.MP4,02200251.MP4,19968227,2026-02-20 02:31:04,moved
CT23,100EK113,02200252.JPG,100EK113\02200252.JPG,02200252.JPG,2231047,2026-02-20 02:33:44,moved
CT23,100EK113,02200253.JPG,100EK113\02200253.JPG,02200253.JPG,2318995,2026-02-20 02:33:44,moved
CT23,100EK113,02200254.JPG,100EK113\02200254.JPG,02200254.JPG,2329759,2026-02-20 02:33:46,moved
CT23,100EK113,02200255.MP4,100EK113\02200255.MP4,02200255.MP4,19706741,2026-02-20 02:33:48,moved
CT23,100EK113,02200256.JPG,100EK113\02200256.JPG,02200256.JPG,2054354,2026-02-20 02:34:18,moved
CT23,100EK113,02200257.JPG,100EK113\02200257.JPG,02200257.JPG,2085317,2026-02-20 02:34:18,moved
CT23,100EK113,02200258.JPG,100EK113\02200258.JPG,02200258.JPG,2093896,2026-02-20 02:34:20,moved
CT23,100EK113,02200259.MP4,100EK113\02200259.MP4,02200259.MP4,19758615,2026-02-20 02:34:22,moved
CT23,100EK113,02200260.JPG,100EK113\02200260.JPG,02200260.JPG,2175785,2026-02-20 02:35:00,moved
CT23,100EK113,02200261.JPG,100EK113\02200261.JPG,02200261.JPG,2270947,2026-02-20 02:35:00,moved
CT23,100EK113,02200262.JPG,100EK113\02200262.JPG,02200262.JPG,2297027,2026-02-20 02:35:02,moved
CT23,100EK113,02200263.MP4,100EK113\02200263.MP4,02200263.MP4,19719273,2026-02-20 02:35:04,moved
CT23,100EK113,02200264.JPG,100EK113\02200264.JPG,02200264.JPG,2181593,2026-02-20 02:36:38,moved
CT23,100EK113,02200265.JPG,100EK113\02200265.JPG,02200265.JPG,2018191,2026-02-20 02:36:40,moved
CT23,100EK113,02200266.JPG,100EK113\02200266.JPG,02200266.JPG,2046061,2026-02-20 02:36:40,moved
CT23,100EK113,02200267.MP4,100EK113\02200267.MP4,02200267.MP4,19467665,2026-02-20 02:36:42,moved
CT23,100EK113,02200268.JPG,100EK113\02200268.JPG,02200268.JPG,2243734,2026-02-20 02:38:28,moved
CT23,100EK113,02200269.JPG,100EK113\02200269.JPG,02200269.JPG,2341167,2026-02-20 02:38:30,moved
CT23,100EK113,02200270.JPG,100EK113\02200270.JPG,02200270.JPG,2336259,2026-02-20 02:38:30,moved
CT23,100EK113,02200271.MP4,100EK113\02200271.MP4,02200271.MP4,19646451,2026-02-20 02:38:32,moved
CT23,100EK113,02200272.JPG,100EK113\02200272.JPG,02200272.JPG,1971692,2026-02-20 02:41:30,moved
CT23,100EK113,02200273.JPG,100EK113\02200273.JPG,02200273.JPG,2022852,2026-02-20 02:41:30,moved
CT23,100EK113,02200274.JPG,100EK113\02200274.JPG,02200274.JPG,2016314,2026-02-20 02:41:32,moved
CT23,100EK113,02200275.MP4,100EK113\02200275.MP4,02200275.MP4,19856711,2026-02-20 02:41:34,moved
CT23,100EK113,02200276.JPG,100EK113\02200276.JPG,02200276.JPG,1975446,2026-02-20 02:42:10,moved
CT23,100EK113,02200277.JPG,100EK113\02200277.JPG,02200277.JPG,2021704,2026-02-20 02:42:12,moved
CT23,100EK113,02200278.JPG,100EK113\02200278.JPG,02200278.JPG,2032783,2026-02-20 02:42:12,moved
CT23,100EK113,02200279.MP4,100EK113\02200279.MP4,02200279.MP4,19738475,2026-02-20 02:42:16,moved
CT23,100EK113,02200280.JPG,100EK113\02200280.JPG,02200280.JPG,2287586,2026-02-20 02:43:02,moved
CT23,100EK113,02200281.JPG,100EK113\02200281.JPG,02200281.JPG,2357510,2026-02-20 02:43:02,moved
CT23,100EK113,02200282.JPG,100EK113\02200282.JPG,02200282.JPG,2138203,2026-02-20 02:43:04,moved
CT23,100EK113,02200283.MP4,100EK113\02200283.MP4,02200283.MP4,20155065,2026-02-20 02:43:06,moved
CT23,100EK113,02200284.JPG,100EK113\02200284.JPG,02200284.JPG,2473735,2026-02-20 02:44:00,moved
CT23,100EK113,02200285.JPG,100EK113\02200285.JPG,02200285.JPG,2566730,2026-02-20 02:44:00,moved
CT23,100EK113,02200286.JPG,100EK113\02200286.JPG,02200286.JPG,2590932,2026-02-20 02:44:02,moved
CT23,100EK113,02200287.MP4,100EK113\02200287.MP4,02200287.MP4,19648951,2026-02-20 02:44:04,moved
CT23,100EK113,02200288.JPG,100EK113\02200288.JPG,02200288.JPG,2287706,2026-02-20 02:44:38,moved
CT23,100EK113,02200289.JPG,100EK113\02200289.JPG,02200289.JPG,2347826,2026-02-20 02:44:38,moved
CT23,100EK113,02200290.JPG,100EK113\02200290.JPG,02200290.JPG,2389185,2026-02-20 02:44:40,moved
CT23,100EK113,02200291.MP4,100EK113\02200291.MP4,02200291.MP4,19893955,2026-02-20 02:44:42,moved
CT23,100EK113,02200292.JPG,100EK113\02200292.JPG,02200292.JPG,2394248,2026-02-20 02:45:00,moved
CT23,100EK113,02200293.JPG,100EK113\02200293.JPG,02200293.JPG,2461867,2026-02-20 02:45:00,moved
CT23,100EK113,02200294.JPG,100EK113\02200294.JPG,02200294.JPG,2477300,2026-02-20 02:45:00,moved
CT23,100EK113,02200295.MP4,100EK113\02200295.MP4,02200295.MP4,19422065,2026-02-20 02:45:04,moved
CT23,100EK113,02200296.JPG,100EK113\02200296.JPG,02200296.JPG,2041170,2026-02-20 02:46:48,moved
CT23,100EK113,02200297.JPG,100EK113\02200297.JPG,02200297.JPG,2097707,2026-02-20 02:46:50,moved
CT23,100EK113,02200298.JPG,100EK113\02200298.JPG,02200298.JPG,2123714,2026-02-20 02:46:50,moved
CT23,100EK113,02200299.MP4,100EK113\02200299.MP4,02200299.MP4,19801229,2026-02-20 02:46:54,moved
CT23,100EK113,02200300.JPG,100EK113\02200300.JPG,02200300.JPG,2345497,2026-02-20 02:49:24,moved
CT23,100EK113,02200301.JPG,100EK113\02200301.JPG,02200301.JPG,2420859,2026-02-20 02:49:24,moved
CT23,100EK113,02200302.JPG,100EK113\02200302.JPG,02200302.JPG,2204899,2026-02-20 02:49:26,moved
CT23,100EK113,02200303.MP4,100EK113\02200303.MP4,02200303.MP4,19693081,2026-02-20 02:49:28,moved
CT23,100EK113,02200304.JPG,100EK113\02200304.JPG,02200304.JPG,1996260,2026-02-20 03:03:12,moved
CT23,100EK113,02200305.JPG,100EK113\02200305.JPG,02200305.JPG,2065503,2026-02-20 03:03:14,moved
CT23,100EK113,02200306.JPG,100EK113\02200306.JPG,02200306.JPG,2083216,2026-02-20 03:03:14,moved
CT23,100EK113,02200307.MP4,100EK113\02200307.MP4,02200307.MP4,19679961,2026-02-20 03:03:16,moved
CT23,100EK113,02200308.JPG,100EK113\02200308.JPG,02200308.JPG,2167865,2026-02-20 03:04:00,moved
CT23,100EK113,02200309.JPG,100EK113\02200309.JPG,02200309.JPG,2234491,2026-02-20 03:04:00,moved
CT23,100EK113,02200310.JPG,100EK113\02200310.JPG,02200310.JPG,2230031,2026-02-20 03:04:02,moved
CT23,100EK113,02200311.MP4,100EK113\02200311.MP4,02200311.MP4,19833625,2026-02-20 03:04:04,moved
CT23,100EK113,02200312.JPG,100EK113\02200312.JPG,02200312.JPG,2268627,2026-02-20 03:10:28,moved
CT23,100EK113,02200313.JPG,100EK113\02200313.JPG,02200313.JPG,2352838,2026-02-20 03:10:28,moved
CT23,100EK113,02200314.JPG,100EK113\02200314.JPG,02200314.JPG,2374740,2026-02-20 03:10:30,moved
CT23,100EK113,02200315.MP4,100EK113\02200315.MP4,02200315.MP4,19739667,2026-02-20 03:10:32,moved
CT23,100EK113,02200316.JPG,100EK113\02200316.JPG,02200316.JPG,2342644,2026-02-20 03:12:04,moved
CT23,100EK113,02200317.JPG,100EK113\02200317.JPG,02200317.JPG,2458889,2026-02-20 03:12:04,moved
CT23,100EK113,02200318.JPG,100EK113\02200318.JPG,02200318.JPG,2477800,2026-02-20 03:12:06,moved
CT23,100EK113,02200319.MP4,100EK113\02200319.MP4,02200319.MP4,19471597,2026-02-20 03:12:08,moved
CT23,100EK113,02200320.JPG,100EK113\02200320.JPG,02200320.JPG,2221291,2026-02-20 03:19:52,moved
CT23,100EK113,02200321.JPG,100EK113\02200321.JPG,02200321.JPG,2291987,2026-02-20 03:19:52,moved
CT23,100EK113,02200322.JPG,100EK113\02200322.JPG,02200322.JPG,2318513,2026-02-20 03:19:54,moved
CT23,100EK113,02200323.MP4,100EK113\02200323.MP4,02200323.MP4,20146345,2026-02-20 03:19:56,moved
CT23,100EK113,02200324.JPG,100EK113\02200324.JPG,02200324.JPG,2191561,2026-02-20 03:20:18,moved
CT23,100EK113,02200325.JPG,100EK113\02200325.JPG,02200325.JPG,2266933,2026-02-20 03:20:18,moved
CT23,100EK113,02200326.JPG,100EK113\02200326.JPG,02200326.JPG,2288824,2026-02-20 03:20:20,moved
CT23,100EK113,02200327.MP4,100EK113\02200327.MP4,02200327.MP4,19874177,2026-02-20 03:20:22,moved
CT23,100EK113,02200328.JPG,100EK113\02200328.JPG,02200328.JPG,2198787,2026-02-20 03:20:50,moved
CT23,100EK113,02200329.JPG,100EK113\02200329.JPG,02200329.JPG,2287924,2026-02-20 03:20:52,moved
CT23,100EK113,02200330.JPG,100EK113\02200330.JPG,02200330.JPG,2308153,2026-02-20 03:20:52,moved
CT23,100EK113,02200331.MP4,100EK113\02200331.MP4,02200331.MP4,19615829,2026-02-20 03:20:56,moved
CT23,100EK113,02200332.JPG,100EK113\02200332.JPG,02200332.JPG,1880519,2026-02-20 03:22:36,moved
CT23,100EK113,02200333.JPG,100EK113\02200333.JPG,02200333.JPG,1974385,2026-02-20 03:22:38,moved
CT23,100EK113,02200334.JPG,100EK113\02200334.JPG,02200334.JPG,1983654,2026-02-20 03:22:38,moved
CT23,100EK113,02200335.MP4,100EK113\02200335.MP4,02200335.MP4,19696005,2026-02-20 03:22:42,moved
CT23,100EK113,02200336.JPG,100EK113\02200336.JPG,02200336.JPG,2204889,2026-02-20 03:49:26,moved
CT23,100EK113,02200337.JPG,100EK113\02200337.JPG,02200337.JPG,2277154,2026-02-20 03:49:26,moved
CT23,100EK113,02200338.JPG,100EK113\02200338.JPG,02200338.JPG,2094052,2026-02-20 03:49:28,moved
CT23,100EK113,02200339.MP4,100EK113\02200339.MP4,02200339.MP4,19555161,2026-02-20 03:49:30,moved
CT23,100EK113,02200340.JPG,100EK113\02200340.JPG,02200340.JPG,2440859,2026-02-20 03:57:04,moved
CT23,100EK113,02200341.JPG,100EK113\02200341.JPG,02200341.JPG,2573712,2026-02-20 03:57:04,moved
CT23,100EK113,02200342.JPG,100EK113\02200342.JPG,02200342.JPG,2555765,2026-02-20 03:57:06,moved
CT23,100EK113,02200343.MP4,100EK113\02200343.MP4,02200343.MP4,19693655,2026-02-20 03:57:08,moved
CT23,100EK113,02200344.JPG,100EK113\02200344.JPG,02200344.JPG,2089886,2026-02-20 04:10:06,moved
CT23,100EK113,02200345.JPG,100EK113\02200345.JPG,02200345.JPG,2181210,2026-02-20 04:10:08,moved
CT23,100EK113,02200346.JPG,100EK113\02200346.JPG,02200346.JPG,2191359,2026-02-20 04:10:08,moved
CT23,100EK113,02200347.MP4,100EK113\02200347.MP4,02200347.MP4,19727721,2026-02-20 04:10:12,moved
CT23,100EK113,02200348.JPG,100EK113\02200348.JPG,02200348.JPG,2224114,2026-02-20 04:17:58,moved
CT23,100EK113,02200349.JPG,100EK113\02200349.JPG,02200349.JPG,2314635,2026-02-20 04:18:00,moved
CT23,100EK113,02200350.JPG,100EK113\02200350.JPG,02200350.JPG,2336916,2026-02-20 04:18:00,moved
CT23,100EK113,02200351.MP4,100EK113\02200351.MP4,02200351.MP4,19808581,2026-02-20 04:18:04,moved
CT23,100EK113,02200352.JPG,100EK113\02200352.JPG,02200352.JPG,2265264,2026-02-20 04:24:48,moved
CT23,100EK113,02200353.JPG,100EK113\02200353.JPG,02200353.JPG,2120331,2026-02-20 04:24:50,moved
CT23,100EK113,02200354.JPG,100EK113\02200354.JPG,02200354.JPG,2135750,2026-02-20 04:24:50,moved
CT23,100EK113,02200355.MP4,100EK113\02200355.MP4,02200355.MP4,20015921,2026-02-20 04:24:54,moved
CT23,100EK113,02200356.JPG,100EK113\02200356.JPG,02200356.JPG,1961453,2026-02-20 04:26:50,moved
CT23,100EK113,02200357.JPG,100EK113\02200357.JPG,02200357.JPG,2086645,2026-02-20 04:26:50,moved
CT23,100EK113,02200358.JPG,100EK113\02200358.JPG,02200358.JPG,2015103,2026-02-20 04:26:52,moved
CT23,100EK113,02200359.MP4,100EK113\02200359.MP4,02200359.MP4,19787949,2026-02-20 04:26:54,moved
CT23,100EK113,02200360.JPG,100EK113\02200360.JPG,02200360.JPG,2109311,2026-02-20 04:27:10,moved
CT23,100EK113,02200361.JPG,100EK113\02200361.JPG,02200361.JPG,2187503,2026-02-20 04:27:12,moved
CT23,100EK113,02200362.JPG,100EK113\02200362.JPG,02200362.JPG,2201220,2026-02-20 04:27:12,moved
CT23,100EK113,02200363.MP4,100EK113\02200363.MP4,02200363.MP4,19583175,2026-02-20 04:27:14,moved
CT23,100EK113,02200364.JPG,100EK113\02200364.JPG,02200364.JPG,2224479,2026-02-20 04:38:42,moved
CT23,100EK113,02200365.JPG,100EK113\02200365.JPG,02200365.JPG,2303180,2026-02-20 04:38:42,moved
CT23,100EK113,02200366.JPG,100EK113\02200366.JPG,02200366.JPG,2337527,2026-02-20 04:38:44,moved
CT23,100EK113,02200367.MP4,100EK113\02200367.MP4,02200367.MP4,19593347,2026-02-20 04:38:46,moved
CT23,100EK113,02200368.JPG,100EK113\02200368.JPG,02200368.JPG,2011627,2026-02-20 04:45:42,moved
CT23,100EK113,02200369.JPG,100EK113\02200369.JPG,02200369.JPG,2095450,2026-02-20 04:45:44,moved
CT23,100EK113,02200370.JPG,100EK113\02200370.JPG,02200370.JPG,2110864,2026-02-20 04:45:44,moved
CT23,100EK113,02200371.MP4,100EK113\02200371.MP4,02200371.MP4,19633917,2026-02-20 04:45:46,moved
CT23,100EK113,02200372.JPG,100EK113\02200372.JPG,02200372.JPG,2257719,2026-02-20 04:54:38,moved
CT23,100EK113,02200373.JPG,100EK113\02200373.JPG,02200373.JPG,2314628,2026-02-20 04:54:38,moved
CT23,100EK113,02200374.JPG,100EK113\02200374.JPG,02200374.JPG,2314421,2026-02-20 04:54:40,moved
CT23,100EK113,02200375.MP4,100EK113\02200375.MP4,02200375.MP4,19637997,2026-02-20 04:54:42,moved
CT23,100EK113,02200376.JPG,100EK113\02200376.JPG,02200376.JPG,2238466,2026-02-20 06:11:38,moved
CT23,100EK113,02200377.JPG,100EK113\02200377.JPG,02200377.JPG,2340694,2026-02-20 06:11:40,moved
CT23,100EK113,02200378.JPG,100EK113\02200378.JPG,02200378.JPG,2358794,2026-02-20 06:11:40,moved
CT23,100EK113,02200379.MP4,100EK113\02200379.MP4,02200379.MP4,20126257,2026-02-20 06:11:44,moved
CT23,100EK113,02200380.JPG,100EK113\02200380.JPG,02200380.JPG,2371346,2026-02-20 06:14:50,moved
CT23,100EK113,02200381.JPG,100EK113\02200381.JPG,02200381.JPG,2479380,2026-02-20 06:14:50,moved
CT23,100EK113,02200382.JPG,100EK113\02200382.JPG,02200382.JPG,2497889,2026-02-20 06:14:52,moved
CT23,100EK113,02200383.MP4,100EK113\02200383.MP4,02200383.MP4,19704057,2026-02-20 06:14:54,moved
CT23,100EK113,02200384.JPG,100EK113\02200384.JPG,02200384.JPG,2278756,2026-02-20 06:16:40,moved
CT23,100EK113,02200385.JPG,100EK113\02200385.JPG,02200385.JPG,2353476,2026-02-20 06:16:40,moved
CT23,100EK113,02200386.JPG,100EK113\02200386.JPG,02200386.JPG,2364138,2026-02-20 06:16:42,moved
CT23,100EK113,02200387.MP4,100EK113\02200387.MP4,02200387.MP4,19608621,2026-02-20 06:16:44,moved
CT23,100EK113,02200388.JPG,100EK113\02200388.JPG,02200388.JPG,2168191,2026-02-20 06:21:06,moved
CT23,100EK113,02200389.JPG,100EK113\02200389.JPG,02200389.JPG,2273173,2026-02-20 06:21:08,moved
CT23,100EK113,02200390.JPG,100EK113\02200390.JPG,02200390.JPG,2275082,2026-02-20 06:21:08,moved
CT23,100EK113,02200391.MP4,100EK113\02200391.MP4,02200391.MP4,19746695,2026-02-20 06:21:12,moved
CT23,100EK113,02200392.JPG,100EK113\02200392.JPG,02200392.JPG,2305279,2026-02-20 06:21:38,moved
CT23,100EK113,02200393.JPG,100EK113\02200393.JPG,02200393.JPG,2379443,2026-02-20 06:21:40,moved
CT23,100EK113,02200394.JPG,100EK113\02200394.JPG,02200394.JPG,2185077,2026-02-20 06:21:40,moved
CT23,100EK113,02200395.MP4,100EK113\02200395.MP4,02200395.MP4,19716929,2026-02-20 06:21:42,moved
CT23,100EK113,02200396.JPG,100EK113\02200396.JPG,02200396.JPG,2069194,2026-02-20 06:22:14,moved
CT23,100EK113,02200397.JPG,100EK113\02200397.JPG,02200397.JPG,2151375,2026-02-20 06:22:14,moved
CT23,100EK113,02200398.JPG,100EK113\02200398.JPG,02200398.JPG,2158818,2026-02-20 06:22:16,moved
CT23,100EK113,02200399.MP4,100EK113\02200399.MP4,02200399.MP4,19779195,2026-02-20 06:22:18,moved
CT23,100EK113,02200400.JPG,100EK113\02200400.JPG,02200400.JPG,2187844,2026-02-20 06:34:08,moved
CT23,100EK113,02200401.JPG,100EK113\02200401.JPG,02200401.JPG,2279075,2026-02-20 06:34:08,moved
CT23,100EK113,02200402.JPG,100EK113\02200402.JPG,02200402.JPG,2301470,2026-02-20 06:34:10,moved
CT23,100EK113,02200403.MP4,100EK113\02200403.MP4,02200403.MP4,19523021,2026-02-20 06:34:12,moved
CT23,100EK113,02200404.JPG,100EK113\02200404.JPG,02200404.JPG,2039893,2026-02-20 06:36:32,moved
CT23,100EK113,02200405.JPG,100EK113\02200405.JPG,02200405.JPG,2081309,2026-02-20 06:36:32,moved
CT23,100EK113,02200406.JPG,100EK113\02200406.JPG,02200406.JPG,2077974,2026-02-20 06:36:34,moved
CT23,100EK113,02200407.MP4,100EK113\02200407.MP4,02200407.MP4,19547377,2026-02-20 06:36:36,moved
CT23,100EK113,02200408.JPG,100EK113\02200408.JPG,02200408.JPG,2176865,2026-02-20 06:44:56,moved
CT23,100EK113,02200409.JPG,100EK113\02200409.JPG,02200409.JPG,2255004,2026-02-20 06:44:56,moved
CT23,100EK113,02200410.JPG,100EK113\02200410.JPG,02200410.JPG,2271344,2026-02-20 06:44:58,moved
CT23,100EK113,02200411.MP4,100EK113\02200411.MP4,02200411.MP4,19452239,2026-02-20 06:45:00,moved
CT23,100EK113,02200412.JPG,100EK113\02200412.JPG,02200412.JPG,2097866,2026-02-20 06:45:18,moved
CT23,100EK113,02200413.JPG,100EK113\02200413.JPG,02200413.JPG,2172756,2026-02-20 06:45:18,moved
CT23,100EK113,02200414.JPG,100EK113\02200414.JPG,02200414.JPG,2175309,2026-02-20 06:45:20,moved
CT23,100EK113,02200415.MP4,100EK113\02200415.MP4,02200415.MP4,19976523,2026-02-20 06:45:22,moved
CT23,100EK113,02200416.JPG,100EK113\02200416.JPG,02200416.JPG,2164055,2026-02-20 06:47:22,moved
CT23,100EK113,02200417.JPG,100EK113\02200417.JPG,02200417.JPG,2266518,2026-02-20 06:47:22,moved
CT23,100EK113,02200418.JPG,100EK113\02200418.JPG,02200418.JPG,2269987,2026-02-20 06:47:22,moved
CT23,100EK113,02200419.MP4,100EK113\02200419.MP4,02200419.MP4,19693011,2026-02-20 06:47:26,moved
CT23,100EK113,02200420.JPG,100EK113\02200420.JPG,02200420.JPG,2247363,2026-02-20 06:47:48,moved
CT23,100EK113,02200421.JPG,100EK113\02200421.JPG,02200421.JPG,2319938,2026-02-20 06:47:50,moved
CT23,100EK113,02200422.JPG,100EK113\02200422.JPG,02200422.JPG,2331003,2026-02-20 06:47:50,moved
CT23,100EK113,02200423.MP4,100EK113\02200423.MP4,02200423.MP4,20421349,2026-02-20 06:47:54,moved
CT23,100EK113,02200424.JPG,100EK113\02200424.JPG,02200424.JPG,2241762,2026-02-20 07:36:28,moved
CT23,100EK113,02200425.JPG,100EK113\02200425.JPG,02200425.JPG,2368631,2026-02-20 07:36:28,moved
CT23,100EK113,02200426.JPG,100EK113\02200426.JPG,02200426.JPG,2385912,2026-02-20 07:36:30,moved
CT23,100EK113,02200427.MP4,100EK113\02200427.MP4,02200427.MP4,20517975,2026-02-20 07:36:32,moved
CT23,100EK113,02200428.JPG,100EK113\02200428.JPG,02200428.JPG,2087634,2026-02-20 07:46:20,moved
CT23,100EK113,02200429.JPG,100EK113\02200429.JPG,02200429.JPG,2234214,2026-02-20 07:46:22,moved
CT23,100EK113,02200430.JPG,100EK113\02200430.JPG,02200430.JPG,2252355,2026-02-20 07:46:22,moved
CT23,100EK113,02200431.MP4,100EK113\02200431.MP4,02200431.MP4,19598669,2026-02-20 07:46:26,moved
CT23,100EK113,02200432.JPG,100EK113\02200432.JPG,02200432.JPG,2170806,2026-02-20 07:47:12,moved
CT23,100EK113,02200433.JPG,100EK113\02200433.JPG,02200433.JPG,2228125,2026-02-20 07:47:14,moved
CT23,100EK113,02200434.JPG,100EK113\02200434.JPG,02200434.JPG,2225820,2026-02-20 07:47:14,moved
CT23,100EK113,02200435.MP4,100EK113\02200435.MP4,02200435.MP4,20360899,2026-02-20 07:47:18,moved
CT23,100EK113,02200436.JPG,100EK113\02200436.JPG,02200436.JPG,2193259,2026-02-20 07:50:14,moved
CT23,100EK113,02200437.JPG,100EK113\02200437.JPG,02200437.JPG,2270108,2026-02-20 07:50:14,moved
CT23,100EK113,02200438.JPG,100EK113\02200438.JPG,02200438.JPG,2284387,2026-02-20 07:50:16,moved
CT23,100EK113,02200439.MP4,100EK113\02200439.MP4,02200439.MP4,19797383,2026-02-20 07:50:18,moved
CT23,100EK113,02200440.JPG,100EK113\02200440.JPG,02200440.JPG,1926200,2026-02-20 07:58:48,moved
CT23,100EK113,02200441.JPG,100EK113\02200441.JPG,02200441.JPG,1978765,2026-02-20 07:58:50,moved
CT23,100EK113,02200442.JPG,100EK113\02200442.JPG,02200442.JPG,2000015,2026-02-20 07:58:50,moved
CT23,100EK113,02200443.MP4,100EK113\02200443.MP4,02200443.MP4,19801181,2026-02-20 07:58:52,moved
CT23,100EK113,02200444.JPG,100EK113\02200444.JPG,02200444.JPG,1916719,2026-02-20 08:20:26,moved
CT23,100EK113,02200445.JPG,100EK113\02200445.JPG,02200445.JPG,1997047,2026-02-20 08:20:28,moved
CT23,100EK113,02200446.JPG,100EK113\02200446.JPG,02200446.JPG,2004294,2026-02-20 08:20:28,moved
CT23,100EK113,02200447.MP4,100EK113\02200447.MP4,02200447.MP4,19849401,2026-02-20 08:20:30,moved
CT23,100EK113,02200448.JPG,100EK113\02200448.JPG,02200448.JPG,1790139,2026-02-20 08:21:14,moved
CT23,100EK113,02200449.JPG,100EK113\02200449.JPG,02200449.JPG,1851037,2026-02-20 08:21:16,moved
CT23,100EK113,02200450.JPG,100EK113\02200450.JPG,02200450.JPG,1858400,2026-02-20 08:21:16,moved
CT23,100EK113,02200451.MP4,100EK113\02200451.MP4,02200451.MP4,20114737,2026-02-20 08:21:20,moved
CT23,100EK113,02200452.JPG,100EK113\02200452.JPG,02200452.JPG,1757371,2026-02-20 08:21:38,moved
CT23,100EK113,02200453.JPG,100EK113\02200453.JPG,02200453.JPG,1803272,2026-02-20 08:21:38,moved
CT23,100EK113,02200454.JPG,100EK113\02200454.JPG,02200454.JPG,1819045,2026-02-20 08:21:40,moved
CT23,100EK113,02200455.MP4,100EK113\02200455.MP4,02200455.MP4,20006697,2026-02-20 08:21:42,moved
CT23,100EK113,02200456.JPG,100EK113\02200456.JPG,02200456.JPG,1676869,2026-02-20 08:53:38,moved
CT23,100EK113,02200457.JPG,100EK113\02200457.JPG,02200457.JPG,1737870,2026-02-20 08:53:40,moved
CT23,100EK113,02200458.JPG,100EK113\02200458.JPG,02200458.JPG,1741914,2026-02-20 08:53:40,moved
CT23,100EK113,02200459.MP4,100EK113\02200459.MP4,02200459.MP4,19589721,2026-02-20 08:53:44,moved
CT23,100EK113,02200460.JPG,100EK113\02200460.JPG,02200460.JPG,3154471,2026-02-20 09:11:12,moved
CT23,100EK113,02200461.JPG,100EK113\02200461.JPG,02200461.JPG,3237646,2026-02-20 09:11:12,moved
CT23,100EK113,02200462.MP4,100EK113\02200462.MP4,02200462.MP4,19832995,2026-02-20 09:11:16,moved
CT23,100EK113,02200463.JPG,100EK113\02200463.JPG,02200463.JPG,3140828,2026-02-20 09:33:26,moved
CT23,100EK113,02200464.JPG,100EK113\02200464.JPG,02200464.JPG,3220889,2026-02-20 09:33:26,moved
CT23,100EK113,02200465.MP4,100EK113\02200465.MP4,02200465.MP4,19625681,2026-02-20 09:33:28,moved
CT23,100EK113,02200466.JPG,100EK113\02200466.JPG,02200466.JPG,2786320,2026-02-20 10:03:30,moved
CT23,100EK113,02200467.JPG,100EK113\02200467.JPG,02200467.JPG,2838730,2026-02-20 10:03:30,moved
CT23,100EK113,02200468.JPG,100EK113\02200468.JPG,02200468.JPG,2849030,2026-02-20 10:03:32,moved
CT23,100EK113,02200469.MP4,100EK113\02200469.MP4,02200469.MP4,19893981,2026-02-20 10:03:34,moved
CT23,100EK113,02200470.JPG,100EK113\02200470.JPG,02200470.JPG,2504074,2026-02-20 10:08:18,moved
CT23,100EK113,02200471.JPG,100EK113\02200471.JPG,02200471.JPG,2538475,2026-02-20 10:08:18,moved
CT23,100EK113,02200472.JPG,100EK113\02200472.JPG,02200472.JPG,2571000,2026-02-20 10:08:20,moved
CT23,100EK113,02200473.MP4,100EK113\02200473.MP4,02200473.MP4,19927333,2026-02-20 10:08:22,moved
CT23,100EK113,02200474.JPG,100EK113\02200474.JPG,02200474.JPG,4032246,2026-02-20 10:33:06,moved
CT23,100EK113,02200475.JPG,100EK113\02200475.JPG,02200475.JPG,4016305,2026-02-20 10:33:06,moved
CT23,100EK113,02200476.MP4,100EK113\02200476.MP4,02200476.MP4,11767643,2026-02-20 10:33:10,moved
CT23,100EK113,02200477.JPG,100EK113\02200477.JPG,02200477.JPG,4197946,2026-02-20 10:38:42,moved
CT23,100EK113,02200478.JPG,100EK113\02200478.JPG,02200478.JPG,4177180,2026-02-20 10:38:44,moved
CT23,100EK113,02200479.MP4,100EK113\02200479.MP4,02200479.MP4,11886339,2026-02-20 10:38:46,moved
CT23,100EK113,02200480.JPG,100EK113\02200480.JPG,02200480.JPG,4225658,2026-02-20 10:45:36,moved
CT23,100EK113,02200481.JPG,100EK113\02200481.JPG,02200481.JPG,4221822,2026-02-20 10:45:36,moved
CT23,100EK113,02200482.MP4,100EK113\02200482.MP4,02200482.MP4,11924637,2026-02-20 10:45:40,moved
CT23,100EK113,02200483.JPG,100EK113\02200483.JPG,02200483.JPG,4031105,2026-02-20 10:49:34,moved
CT23,100EK113,02200484.JPG,100EK113\02200484.JPG,02200484.JPG,4046878,2026-02-20 10:49:34,moved
CT23,100EK113,02200485.MP4,100EK113\02200485.MP4,02200485.MP4,11589187,2026-02-20 10:49:38,moved
CT23,100EK113,02200486.JPG,100EK113\02200486.JPG,02200486.JPG,4013905,2026-02-20 10:50:00,moved
CT23,100EK113,02200487.JPG,100EK113\02200487.JPG,02200487.JPG,4012987,2026-02-20 10:50:00,moved
CT23,100EK113,02200488.MP4,100EK113\02200488.MP4,02200488.MP4,11616445,2026-02-20 10:50:02,moved
CT23,100EK113,02200489.JPG,100EK113\02200489.JPG,02200489.JPG,4014096,2026-02-20 10:50:28,moved
CT23,100EK113,02200490.JPG,100EK113\02200490.JPG,02200490.JPG,4021353,2026-02-20 10:50:30,moved
CT23,100EK113,02200491.MP4,100EK113\02200491.MP4,02200491.MP4,11584011,2026-02-20 10:50:32,moved
CT23,100EK113,02200492.JPG,100EK113\02200492.JPG,02200492.JPG,4015776,2026-02-20 10:56:02,moved
CT23,100EK113,02200493.JPG,100EK113\02200493.JPG,02200493.JPG,4070982,2026-02-20 10:56:02,moved
CT23,100EK113,02200494.MP4,100EK113\02200494.MP4,02200494.MP4,11609117,2026-02-20 10:56:06,moved
CT23,100EK113,02200495.JPG,100EK113\02200495.JPG,02200495.JPG,4089894,2026-02-20 10:56:22,moved
CT23,100EK113,02200496.JPG,100EK113\02200496.JPG,02200496.JPG,4053598,2026-02-20 10:56:22,moved
CT23,100EK113,02200497.MP4,100EK113\02200497.MP4,02200497.MP4,11582941,2026-02-20 10:56:26,moved
CT23,100EK113,02200498.JPG,100EK113\02200498.JPG,02200498.JPG,4091989,2026-02-20 10:57:12,moved
CT23,100EK113,02200499.JPG,100EK113\02200499.JPG,02200499.JPG,4065459,2026-02-20 10:57:12,moved
CT23,100EK113,02200500.MP4,100EK113\02200500.MP4,02200500.MP4,11706895,2026-02-20 10:57:16,moved
CT23,100EK113,02200501.JPG,100EK113\02200501.JPG,02200501.JPG,4130374,2026-02-20 10:58:46,moved
CT23,100EK113,02200502.JPG,100EK113\02200502.JPG,02200502.JPG,4099101,2026-02-20 10:58:48,moved
CT23,100EK113,02200503.MP4,100EK113\02200503.MP4,02200503.MP4,11738063,2026-02-20 10:58:52,moved
CT23,100EK113,02200504.JPG,100EK113\02200504.JPG,02200504.JPG,4102831,2026-02-20 10:59:34,moved
CT23,100EK113,02200505.JPG,100EK113\02200505.JPG,02200505.JPG,4039253,2026-02-20 10:59:36,moved
CT23,100EK113,02200506.MP4,100EK113\02200506.MP4,02200506.MP4,11727713,2026-02-20 10:59:38,moved
CT23,100EK113,02200507.JPG,100EK113\02200507.JPG,02200507.JPG,4133965,2026-02-20 11:00:30,moved
CT23,100EK113,02200508.JPG,100EK113\02200508.JPG,02200508.JPG,4138078,2026-02-20 11:00:32,moved
CT23,100EK113,02200509.MP4,100EK113\02200509.MP4,02200509.MP4,11737153,2026-02-20 11:00:34,moved
CT23,100EK113,02200510.JPG,100EK113\02200510.JPG,02200510.JPG,4982466,2026-02-20 11:25:28,moved
CT23,100EK113,02200511.JPG,100EK113\02200511.JPG,02200511.JPG,4997427,2026-02-20 11:25:30,moved
CT23,100EK113,02200512.MP4,100EK113\02200512.MP4,02200512.MP4,11820259,2026-02-20 11:25:32,moved
CT23,100EK113,02200513.JPG,100EK113\02200513.JPG,02200513.JPG,4982097,2026-02-20 11:28:08,moved
CT23,100EK113,02200514.JPG,100EK113\02200514.JPG,02200514.JPG,4991182,2026-02-20 11:28:08,moved
CT23,100EK113,02200515.MP4,100EK113\02200515.MP4,02200515.MP4,11690401,2026-02-20 11:28:12,moved
CT23,100EK113,02200516.JPG,100EK113\02200516.JPG,02200516.JPG,1163641,2026-02-20 12:06:06,moved
CT23,100EK113,02200517.JPG,100EK113\02200517.JPG,02200517.JPG,1233026,2026-02-20 12:06:06,moved
CT23,100EK113,02200518.JPG,100EK113\02200518.JPG,02200518.JPG,1239078,2026-02-20 12:06:06,moved
CT23,100EK113,02200519.MP4,100EK113\02200519.MP4,02200519.MP4,19775713,2026-02-20 12:06:10,moved
CT23,100EK113,02200520.JPG,100EK113\02200520.JPG,02200520.JPG,1098574,2026-02-20 12:06:28,moved
CT23,100EK113,02200521.JPG,100EK113\02200521.JPG,02200521.JPG,1108748,2026-02-20 12:06:28,moved
CT23,100EK113,02200522.JPG,100EK113\02200522.JPG,02200522.JPG,1087278,2026-02-20 12:06:30,moved
CT23,100EK113,02200523.MP4,100EK113\02200523.MP4,02200523.MP4,20100543,2026-02-20 12:06:32,moved
CT23,100EK113,02200524.JPG,100EK113\02200524.JPG,02200524.JPG,4453236,2026-02-20 12:09:02,moved
CT23,100EK113,02200525.JPG,100EK113\02200525.JPG,02200525.JPG,4457137,2026-02-20 12:09:02,moved
CT23,100EK113,02200526.MP4,100EK113\02200526.MP4,02200526.MP4,11640415,2026-02-20 12:09:06,moved
CT23,100EK113,02200527.JPG,100EK113\02200527.JPG,02200527.JPG,1124597,2026-02-20 12:09:48,moved
CT23,100EK113,02200528.JPG,100EK113\02200528.JPG,02200528.JPG,1156074,2026-02-20 12:09:50,moved
CT23,100EK113,02200529.JPG,100EK113\02200529.JPG,02200529.JPG,1119444,2026-02-20 12:09:50,moved
CT23,100EK113,02200530.MP4,100EK113\02200530.MP4,02200530.MP4,20016567,2026-02-20 12:09:54,moved
CT23,100EK113,02200531.JPG,100EK113\02200531.JPG,02200531.JPG,4286615,2026-02-20 12:35:08,moved
CT23,100EK113,02200532.JPG,100EK113\02200532.JPG,02200532.JPG,4351078,2026-02-20 12:35:08,moved
CT23,100EK113,02200533.MP4,100EK113\02200533.MP4,02200533.MP4,11702845,2026-02-20 12:35:12,moved
CT23,100EK113,02200534.JPG,100EK113\02200534.JPG,02200534.JPG,4272364,2026-02-20 12:51:48,moved
CT23,100EK113,02200535.JPG,100EK113\02200535.JPG,02200535.JPG,4264726,2026-02-20 12:51:48,moved
CT23,100EK113,02200536.MP4,100EK113\02200536.MP4,02200536.MP4,11525667,2026-02-20 12:51:52,moved
CT23,100EK113,02200537.JPG,100EK113\02200537.JPG,02200537.JPG,4093534,2026-02-20 12:58:54,moved
CT23,100EK113,02200538.JPG,100EK113\02200538.JPG,02200538.JPG,4149769,2026-02-20 12:58:54,moved
CT23,100EK113,02200539.MP4,100EK113\02200539.MP4,02200539.MP4,11538961,2026-02-20 12:58:58,moved
CT23,100EK113,02200540.JPG,100EK113\02200540.JPG,02200540.JPG,4285837,2026-02-20 13:11:56,moved
CT23,100EK113,02200541.JPG,100EK113\02200541.JPG,02200541.JPG,4248973,2026-02-20 13:11:56,moved
CT23,100EK113,02200542.MP4,100EK113\02200542.MP4,02200542.MP4,11615101,2026-02-20 13:12:00,moved
CT23,100EK113,02200543.JPG,100EK113\02200543.JPG,02200543.JPG,3990833,2026-02-20 13:35:00,moved
CT23,100EK113,02200544.JPG,100EK113\02200544.JPG,02200544.JPG,4022090,2026-02-20 13:35:02,moved
CT23,100EK113,02200545.MP4,100EK113\02200545.MP4,02200545.MP4,11610799,2026-02-20 13:35:04,moved
CT23,100EK113,02200546.JPG,100EK113\02200546.JPG,02200546.JPG,4052667,2026-02-20 13:38:38,moved
CT23,100EK113,02200547.JPG,100EK113\02200547.JPG,02200547.JPG,4154478,2026-02-20 13:38:38,moved
CT23,100EK113,02200548.MP4,100EK113\02200548.MP4,02200548.MP4,11684395,2026-02-20 13:38:42,moved
CT23,100EK113,02200549.JPG,100EK113\02200549.JPG,02200549.JPG,4102449,2026-02-20 13:39:30,moved
CT23,100EK113,02200550.JPG,100EK113\02200550.JPG,02200550.JPG,4263545,2026-02-20 13:39:30,moved
CT23,100EK113,02200551.MP4,100EK113\02200551.MP4,02200551.MP4,11810099,2026-02-20 13:39:34,moved
CT23,100EK113,02200552.JPG,100EK113\02200552.JPG,02200552.JPG,4165264,2026-02-20 13:40:00,moved
CT23,100EK113,02200553.JPG,100EK113\02200553.JPG,02200553.JPG,4235790,2026-02-20 13:40:00,moved
CT23,100EK113,02200554.MP4,100EK113\02200554.MP4,02200554.MP4,11523941,2026-02-20 13:40:04,moved
CT23,100EK113,02200555.JPG,100EK113\02200555.JPG,02200555.JPG,4197133,2026-02-20 13:40:20,moved
CT23,100EK113,02200556.JPG,100EK113\02200556.JPG,02200556.JPG,4136685,2026-02-20 13:40:20,moved
CT23,100EK113,02200557.MP4,100EK113\02200557.MP4,02200557.MP4,11694621,2026-02-20 13:40:24,moved
CT23,100EK113,02200558.JPG,100EK113\02200558.JPG,02200558.JPG,4156656,2026-02-20 13:49:08,moved
CT23,100EK113,02200559.JPG,100EK113\02200559.JPG,02200559.JPG,4167000,2026-02-20 13:49:10,moved
CT23,100EK113,02200560.MP4,100EK113\02200560.MP4,02200560.MP4,11677719,2026-02-20 13:49:12,moved
CT23,100EK113,02200561.JPG,100EK113\02200561.JPG,02200561.JPG,5006663,2026-02-20 13:53:36,moved
CT23,100EK113,02200562.JPG,100EK113\02200562.JPG,02200562.JPG,5124028,2026-02-20 13:53:38,moved
CT23,100EK113,02200563.MP4,100EK113\02200563.MP4,02200563.MP4,11737931,2026-02-20 13:53:40,moved
CT23,100EK113,02200564.JPG,100EK113\02200564.JPG,02200564.JPG,4220601,2026-02-20 13:56:44,moved
CT23,100EK113,02200565.JPG,100EK113\02200565.JPG,02200565.JPG,4262725,2026-02-20 13:56:46,moved
CT23,100EK113,02200566.MP4,100EK113\02200566.MP4,02200566.MP4,11770973,2026-02-20 13:56:48,moved
CT23,100EK113,02200567.JPG,100EK113\02200567.JPG,02200567.JPG,4202630,2026-02-20 14:03:46,moved
CT23,100EK113,02200568.JPG,100EK113\02200568.JPG,02200568.JPG,4243703,2026-02-20 14:03:48,moved
CT23,100EK113,02200569.MP4,100EK113\02200569.MP4,02200569.MP4,11624705,2026-02-20 14:03:50,moved
CT23,100EK113,02200570.JPG,100EK113\02200570.JPG,02200570.JPG,4256284,2026-02-20 14:04:08,moved
CT23,100EK113,02200571.JPG,100EK113\02200571.JPG,02200571.JPG,4265546,2026-02-20 14:04:08,moved
CT23,100EK113,02200572.MP4,100EK113\02200572.MP4,02200572.MP4,11593063,2026-02-20 14:04:12,moved
CT23,100EK113,02200573.JPG,100EK113\02200573.JPG,02200573.JPG,4261336,2026-02-20 14:34:52,moved
CT23,100EK113,02200574.JPG,100EK113\02200574.JPG,02200574.JPG,4187600,2026-02-20 14:34:52,moved
CT23,100EK113,02200575.MP4,100EK113\02200575.MP4,02200575.MP4,11699279,2026-02-20 14:34:56,moved
CT23,100EK113,02200576.JPG,100EK113\02200576.JPG,02200576.JPG,4117196,2026-02-20 14:38:08,moved
CT23,100EK113,02200577.JPG,100EK113\02200577.JPG,02200577.JPG,4151090,2026-02-20 14:38:08,moved
CT23,100EK113,02200578.MP4,100EK113\02200578.MP4,02200578.MP4,11570265,2026-02-20 14:38:12,moved
CT23,100EK113,02200579.JPG,100EK113\02200579.JPG,02200579.JPG,4133139,2026-02-20 14:47:42,moved
CT23,100EK113,02200580.JPG,100EK113\02200580.JPG,02200580.JPG,4126404,2026-02-20 14:47:42,moved
CT23,100EK113,02200581.MP4,100EK113\02200581.MP4,02200581.MP4,11562995,2026-02-20 14:47:46,moved
CT23,100EK113,02200582.JPG,100EK113\02200582.JPG,02200582.JPG,4176560,2026-02-20 14:54:08,moved
CT23,100EK113,02200583.JPG,100EK113\02200583.JPG,02200583.JPG,4176089,2026-02-20 14:54:08,moved
CT23,100EK113,02200584.MP4,100EK113\02200584.MP4,02200584.MP4,11567135,2026-02-20 14:54:12,moved
CT23,100EK113,02200585.JPG,100EK113\02200585.JPG,02200585.JPG,4357265,2026-02-20 15:03:44,moved
CT23,100EK113,02200586.JPG,100EK113\02200586.JPG,02200586.JPG,4352752,2026-02-20 15:03:44,moved
CT23,100EK113,02200587.MP4,100EK113\02200587.MP4,02200587.MP4,11819003,2026-02-20 15:03:48,moved
CT23,100EK113,02200588.JPG,100EK113\02200588.JPG,02200588.JPG,4338788,2026-02-20 15:27:40,moved
CT23,100EK113,02200589.JPG,100EK113\02200589.JPG,02200589.JPG,4321099,2026-02-20 15:27:42,moved
CT23,100EK113,02200590.MP4,100EK113\02200590.MP4,02200590.MP4,11515339,2026-02-20 15:27:44,moved
CT23,100EK113,02200591.JPG,100EK113\02200591.JPG,02200591.JPG,4364639,2026-02-20 15:28:20,moved
CT23,100EK113,02200592.JPG,100EK113\02200592.JPG,02200592.JPG,4378427,2026-02-20 15:28:20,moved
CT23,100EK113,02200593.MP4,100EK113\02200593.MP4,02200593.MP4,11708401,2026-02-20 15:28:24,moved
CT23,100EK113,02210594.JPG,100EK113\02210594.JPG,02210594.JPG,4413171,2026-02-21 15:09:52,moved
CT23,100EK113,02210595.JPG,100EK113\02210595.JPG,02210595.JPG,4434864,2026-02-21 15:09:52,moved
CT23,100EK113,02210596.MP4,100EK113\02210596.MP4,02210596.MP4,11580049,2026-02-21 15:09:56,moved
CT23,100EK113,02210597.JPG,100EK113\02210597.JPG,02210597.JPG,4276033,2026-02-21 15:21:42,moved
CT23,100EK113,02210598.JPG,100EK113\02210598.JPG,02210598.JPG,4251333,2026-02-21 15:21:44,moved
CT23,100EK113,02210599.MP4,100EK113\02210599.MP4,02210599.MP4,11776493,2026-02-21 15:21:46,moved
CT23,100EK113,02210600.JPG,100EK113\02210600.JPG,02210600.JPG,4381795,2026-02-21 15:24:08,moved
CT23,100EK113,02210601.JPG,100EK113\02210601.JPG,02210601.JPG,4446952,2026-02-21 15:24:10,moved
CT23,100EK113,02210602.MP4,100EK113\02210602.MP4,02210602.MP4,11691781,2026-02-21 15:24:14,moved
CT23,100EK113,03050603.JPG,100EK113\03050603.JPG,03050603.JPG,2836801,2026-03-05 06:32:44,moved
CT23,100EK113,03050604.JPG,100EK113\03050604.JPG,03050604.JPG,2933258,2026-03-05 06:32:44,moved
CT23,100EK113,03050605.MP4,100EK113\03050605.MP4,03050605.MP4,20320017,2026-03-05 06:32:48,moved
CT23,100EK113,03050606.JPG,100EK113\03050606.JPG,03050606.JPG,2865336,2026-03-05 06:34:36,moved
CT23,100EK113,03050607.JPG,100EK113\03050607.JPG,03050607.JPG,2942947,2026-03-05 06:34:36,moved
CT23,100EK113,03050608.MP4,100EK113\03050608.MP4,03050608.MP4,19620965,2026-03-05 06:34:40,moved
CT23,100EK113,03050609.JPG,100EK113\03050609.JPG,03050609.JPG,2598461,2026-03-05 06:41:18,moved
CT23,100EK113,03050610.JPG,100EK113\03050610.JPG,03050610.JPG,2703954,2026-03-05 06:41:20,moved
CT23,100EK113,03050611.JPG,100EK113\03050611.JPG,03050611.JPG,2721305,2026-03-05 06:41:20,moved
CT23,100EK113,03050612.MP4,100EK113\03050612.MP4,03050612.MP4,20200409,2026-03-05 06:41:24,moved
CT23,100EK113,03050613.JPG,100EK113\03050613.JPG,03050613.JPG,2311857,2026-03-05 06:41:40,moved
CT23,100EK113,03050614.JPG,100EK113\03050614.JPG,03050614.JPG,2389056,2026-03-05 06:41:42,moved
CT23,100EK113,03050615.JPG,100EK113\03050615.JPG,03050615.JPG,2410804,2026-03-05 06:41:42,moved
CT23,100EK113,03050616.MP4,100EK113\03050616.MP4,03050616.MP4,19497087,2026-03-05 06:41:46,moved
CT23,100EK113,03050617.JPG,100EK113\03050617.JPG,03050617.JPG,2345452,2026-03-05 06:45:58,moved
CT23,100EK113,03050618.JPG,100EK113\03050618.JPG,03050618.JPG,2439878,2026-03-05 06:45:58,moved
CT23,100EK113,03050619.JPG,100EK113\03050619.JPG,03050619.JPG,2446638,2026-03-05 06:46:00,moved
CT23,100EK113,03050620.MP4,100EK113\03050620.MP4,03050620.MP4,19649461,2026-03-05 06:46:02,moved
CT23,100EK113,03050621.JPG,100EK113\03050621.JPG,03050621.JPG,2372891,2026-03-05 06:52:28,moved
CT23,100EK113,03050622.JPG,100EK113\03050622.JPG,03050622.JPG,2494754,2026-03-05 06:52:28,moved
CT23,100EK113,03050623.JPG,100EK113\03050623.JPG,03050623.JPG,2506513,2026-03-05 06:52:30,moved
CT23,100EK113,03050624.MP4,100EK113\03050624.MP4,03050624.MP4,19705925,2026-03-05 06:52:32,moved
CT23,100EK113,03050625.JPG,100EK113\03050625.JPG,03050625.JPG,2394390,2026-03-05 06:53:32,moved
CT23,100EK113,03050626.JPG,100EK113\03050626.JPG,03050626.JPG,2489102,2026-03-05 06:53:32,moved
CT23,100EK113,03050627.JPG,100EK113\03050627.JPG,03050627.JPG,2502847,2026-03-05 06:53:34,moved
CT23,100EK113,03050628.MP4,100EK113\03050628.MP4,03050628.MP4,19969711,2026-03-05 06:53:38,moved
CT23,100EK113,03050629.JPG,100EK113\03050629.JPG,03050629.JPG,2628367,2026-03-05 06:55:56,moved
CT23,100EK113,03050630.JPG,100EK113\03050630.JPG,03050630.JPG,2750524,2026-03-05 06:55:58,moved
CT23,100EK113,03050631.JPG,100EK113\03050631.JPG,03050631.JPG,2775176,2026-03-05 06:55:58,moved
CT23,100EK113,03050632.MP4,100EK113\03050632.MP4,03050632.MP4,20128299,2026-03-05 06:56:02,moved
CT23,100EK113,03050633.JPG,100EK113\03050633.JPG,03050633.JPG,2032407,2026-03-05 07:06:50,moved
CT23,100EK113,03050634.JPG,100EK113\03050634.JPG,03050634.JPG,2138571,2026-03-05 07:06:52,moved
CT23,100EK113,03050635.JPG,100EK113\03050635.JPG,03050635.JPG,2144794,2026-03-05 07:06:52,moved
CT23,100EK113,03050636.MP4,100EK113\03050636.MP4,03050636.MP4,19782003,2026-03-05 07:06:56,moved
CT23,100EK113,03050637.JPG,100EK113\03050637.JPG,03050637.JPG,4384895,2026-03-05 11:44:24,moved
CT23,100EK113,03050638.JPG,100EK113\03050638.JPG,03050638.JPG,4400532,2026-03-05 11:44:24,moved
CT23,100EK113,03050639.MP4,100EK113\03050639.MP4,03050639.MP4,11580933,2026-03-05 11:44:28,moved
CT23,100EK113,03050640.JPG,100EK113\03050640.JPG,03050640.JPG,4867071,2026-03-05 11:58:10,moved
CT23,100EK113,03050641.JPG,100EK113\03050641.JPG,03050641.JPG,4895878,2026-03-05 11:58:12,moved
CT23,100EK113,03050642.MP4,100EK113\03050642.MP4,03050642.MP4,11731771,2026-03-05 11:58:14,moved
CT23,100EK113,03050643.JPG,100EK113\03050643.JPG,03050643.JPG,4995343,2026-03-05 12:28:58,moved
CT23,100EK113,03050644.JPG,100EK113\03050644.JPG,03050644.JPG,5011004,2026-03-05 12:28:58,moved
CT23,100EK113,03050645.MP4,100EK113\03050645.MP4,03050645.MP4,11688971,2026-03-05 12:29:02,moved
CT23,100EK113,03050646.JPG,100EK113\03050646.JPG,03050646.JPG,5032482,2026-03-05 12:31:00,moved
CT23,100EK113,03050647.JPG,100EK113\03050647.JPG,03050647.JPG,5033766,2026-03-05 12:31:00,moved
CT23,100EK113,03050648.MP4,100EK113\03050648.MP4,03050648.MP4,11624205,2026-03-05 12:31:04,moved
CT23,100EK113,03050649.JPG,100EK113\03050649.JPG,03050649.JPG,4371893,2026-03-05 12:36:44,moved
CT23,100EK113,03050650.JPG,100EK113\03050650.JPG,03050650.JPG,4394449,2026-03-05 12:36:44,moved
CT23,100EK113,03050651.MP4,100EK113\03050651.MP4,03050651.MP4,11534487,2026-03-05 12:36:48,moved
CT23,100EK113,03050652.JPG,100EK113\03050652.JPG,03050652.JPG,4155230,2026-03-05 13:29:12,moved
CT23,100EK113,03050653.JPG,100EK113\03050653.JPG,03050653.JPG,4216951,2026-03-05 13:29:12,moved
CT23,100EK113,03050654.MP4,100EK113\03050654.MP4,03050654.MP4,11644683,2026-03-05 13:29:16,moved
CT23,100EK113,03050655.JPG,100EK113\03050655.JPG,03050655.JPG,4133404,2026-03-05 13:33:58,moved
CT23,100EK113,03050656.JPG,100EK113\03050656.JPG,03050656.JPG,4067297,2026-03-05 13:33:58,moved
CT23,100EK113,03050657.MP4,100EK113\03050657.MP4,03050657.MP4,11511321,2026-03-05 13:34:02,moved
CT23,100EK113,03050658.JPG,100EK113\03050658.JPG,03050658.JPG,4354119,2026-03-05 14:17:28,moved
CT23,100EK113,03050659.JPG,100EK113\03050659.JPG,03050659.JPG,4357871,2026-03-05 14:17:28,moved
CT23,100EK113,03050660.MP4,100EK113\03050660.MP4,03050660.MP4,11566571,2026-03-05 14:17:32,moved
CT23,100EK113,03050661.JPG,100EK113\03050661.JPG,03050661.JPG,4077255,2026-03-05 14:37:52,moved
CT23,100EK113,03050662.JPG,100EK113\03050662.JPG,03050662.JPG,4035579,2026-03-05 14:37:52,moved
CT23,100EK113,03050663.MP4,100EK113\03050663.MP4,03050663.MP4,11635679,2026-03-05 14:37:56,moved
CT23,100EK113,03050664.JPG,100EK113\03050664.JPG,03050664.JPG,4151217,2026-03-05 14:38:12,moved
CT23,100EK113,03050665.JPG,100EK113\03050665.JPG,03050665.JPG,4132364,2026-03-05 14:38:12,moved
CT23,100EK113,03050666.MP4,100EK113\03050666.MP4,03050666.MP4,11479593,2026-03-05 14:38:16,moved
CT23,100EK113,03050667.JPG,100EK113\03050667.JPG,03050667.JPG,4240483,2026-03-05 14:40:40,moved
CT23,100EK113,03050668.JPG,100EK113\03050668.JPG,03050668.JPG,4184944,2026-03-05 14:40:40,moved
CT23,100EK113,03050669.MP4,100EK113\03050669.MP4,03050669.MP4,11467739,2026-03-05 14:40:44,moved
CT23,100EK113,03050670.JPG,100EK113\03050670.JPG,03050670.JPG,4432885,2026-03-05 15:00:06,moved
CT23,100EK113,03050671.JPG,100EK113\03050671.JPG,03050671.JPG,4403087,2026-03-05 15:00:06,moved
CT23,100EK113,03050672.MP4,100EK113\03050672.MP4,03050672.MP4,11660681,2026-03-05 15:00:10,moved
CT23,100EK113,03050673.JPG,100EK113\03050673.JPG,03050673.JPG,4262547,2026-03-05 15:50:24,moved
CT23,100EK113,03050674.JPG,100EK113\03050674.JPG,03050674.JPG,4253143,2026-03-05 15:50:26,moved
CT23,100EK113,03050675.MP4,100EK113\03050675.MP4,03050675.MP4,11470003,2026-03-05 15:50:28,moved
CT23,100EK113,03050676.JPG,100EK113\03050676.JPG,03050676.JPG,4283303,2026-03-05 15:50:46,moved
CT23,100EK113,03050677.JPG,100EK113\03050677.JPG,03050677.JPG,4269081,2026-03-05 15:50:46,moved
CT23,100EK113,03050678.MP4,100EK113\03050678.MP4,03050678.MP4,11645547,2026-03-05 15:50:50,moved
CT23,100EK113,03050679.JPG,100EK113\03050679.JPG,03050679.JPG,4317536,2026-03-05 16:02:26,moved
CT23,100EK113,03050680.JPG,100EK113\03050680.JPG,03050680.JPG,4352299,2026-03-05 16:02:26,moved
CT23,100EK113,03050681.MP4,100EK113\03050681.MP4,03050681.MP4,11748559,2026-03-05 16:02:30,moved
CT23,100EK113,03050682.JPG,100EK113\03050682.JPG,03050682.JPG,3131714,2026-03-05 16:30:30,moved
CT23,100EK113,03050683.JPG,100EK113\03050683.JPG,03050683.JPG,3123517,2026-03-05 16:30:32,moved
CT23,100EK113,03050684.MP4,100EK113\03050684.MP4,03050684.MP4,11574187,2026-03-05 16:30:34,moved
CT23,100EK113,03050685.JPG,100EK113\03050685.JPG,03050685.JPG,4363819,2026-03-05 17:21:14,moved
CT23,100EK113,03050686.JPG,100EK113\03050686.JPG,03050686.JPG,4355166,2026-03-05 17:21:16,moved
CT23,100EK113,03050687.MP4,100EK113\03050687.MP4,03050687.MP4,11802221,2026-03-05 17:21:18,moved
CT23,100EK113,03050688.JPG,100EK113\03050688.JPG,03050688.JPG,4405662,2026-03-05 17:29:20,moved
CT23,100EK113,03050689.JPG,100EK113\03050689.JPG,03050689.JPG,4400960,2026-03-05 17:29:20,moved
CT23,100EK113,03050690.MP4,100EK113\03050690.MP4,03050690.MP4,11761161,2026-03-05 17:29:24,moved
CT23,100EK113,03050691.JPG,100EK113\03050691.JPG,03050691.JPG,794138,2026-03-05 17:37:10,moved
CT23,100EK113,03050692.JPG,100EK113\03050692.JPG,03050692.JPG,795385,2026-03-05 17:37:12,moved
CT23,100EK113,03050693.JPG,100EK113\03050693.JPG,03050693.JPG,796000,2026-03-05 17:37:12,moved
CT23,100EK113,03050694.MP4,100EK113\03050694.MP4,03050694.MP4,11873405,2026-03-05 17:37:16,moved
CT23,100EK113,03050695.JPG,100EK113\03050695.JPG,03050695.JPG,898818,2026-03-05 17:58:08,moved
CT23,100EK113,03050696.JPG,100EK113\03050696.JPG,03050696.JPG,913563,2026-03-05 17:58:10,moved
CT23,100EK113,03050697.JPG,100EK113\03050697.JPG,03050697.JPG,916482,2026-03-05 17:58:10,moved
CT23,100EK113,03050698.MP4,100EK113\03050698.MP4,03050698.MP4,20200375,2026-03-05 17:58:14,moved
CT23,100EK113,03050699.JPG,100EK113\03050699.JPG,03050699.JPG,2060426,2026-03-05 19:31:44,moved
CT23,100EK113,03050700.JPG,100EK113\03050700.JPG,03050700.JPG,2103620,2026-03-05 19:31:46,moved
CT23,100EK113,03050701.JPG,100EK113\03050701.JPG,03050701.JPG,2084037,2026-03-05 19:31:46,moved
CT23,100EK113,03050702.MP4,100EK113\03050702.MP4,03050702.MP4,19716315,2026-03-05 19:31:50,moved
CT23,100EK113,03050703.JPG,100EK113\03050703.JPG,03050703.JPG,2415804,2026-03-05 23:45:24,moved
CT23,100EK113,03050704.JPG,100EK113\03050704.JPG,03050704.JPG,2513989,2026-03-05 23:45:26,moved
CT23,100EK113,03050705.JPG,100EK113\03050705.JPG,03050705.JPG,2539909,2026-03-05 23:45:26,moved
CT23,100EK113,03050706.MP4,100EK113\03050706.MP4,03050706.MP4,19598375,2026-03-05 23:45:30,moved
CT23,100EK113,03050707.JPG,100EK113\03050707.JPG,03050707.JPG,2418816,2026-03-05 23:46:42,moved
CT23,100EK113,03050708.JPG,100EK113\03050708.JPG,03050708.JPG,2530459,2026-03-05 23:46:44,moved
CT23,100EK113,03050709.JPG,100EK113\03050709.JPG,03050709.JPG,2528352,2026-03-05 23:46:44,moved
CT23,100EK113,03050710.MP4,100EK113\03050710.MP4,03050710.MP4,19886177,2026-03-05 23:46:48,moved
CT23,100EK113,03050711.JPG,100EK113\03050711.JPG,03050711.JPG,2257941,2026-03-05 23:47:26,moved
CT23,100EK113,03050712.JPG,100EK113\03050712.JPG,03050712.JPG,2363733,2026-03-05 23:47:28,moved
CT23,100EK113,03050713.JPG,100EK113\03050713.JPG,03050713.JPG,2379186,2026-03-05 23:47:28,moved
CT23,100EK113,03050714.MP4,100EK113\03050714.MP4,03050714.MP4,19760189,2026-03-05 23:47:32,moved
CT23,100EK113,03050715.JPG,100EK113\03050715.JPG,03050715.JPG,2617026,2026-03-05 23:59:56,moved
CT23,100EK113,03050716.JPG,100EK113\03050716.JPG,03050716.JPG,2723678,2026-03-05 23:59:58,moved
CT23,100EK113,03050717.JPG,100EK113\03050717.JPG,03050717.JPG,2492482,2026-03-05 23:59:58,moved
CT23,100EK113,03050718.MP4,100EK113\03050718.MP4,03050718.MP4,19619651,2026-03-06 00:00:02,moved
CT23,100EK113,03050719.JPG,100EK113\03050719.JPG,03050719.JPG,2088346,2026-03-06 00:04:00,moved
CT23,100EK113,03050720.JPG,100EK113\03050720.JPG,03050720.JPG,2192614,2026-03-06 00:04:00,moved
CT23,100EK113,03050721.JPG,100EK113\03050721.JPG,03050721.JPG,2200259,2026-03-06 00:04:02,moved
CT23,100EK113,03050722.MP4,100EK113\03050722.MP4,03050722.MP4,20076649,2026-03-06 00:04:06,moved
CT23,100EK113,03050723.JPG,100EK113\03050723.JPG,03050723.JPG,2260140,2026-03-06 00:18:44,moved
CT23,100EK113,03050724.JPG,100EK113\03050724.JPG,03050724.JPG,2341014,2026-03-06 00:18:44,moved
CT23,100EK113,03050725.JPG,100EK113\03050725.JPG,03050725.JPG,2355792,2026-03-06 00:18:46,moved
CT23,100EK113,03050726.MP4,100EK113\03050726.MP4,03050726.MP4,19669855,2026-03-06 00:18:50,moved
CT23,100EK113,03050727.JPG,100EK113\03050727.JPG,03050727.JPG,2261612,2026-03-06 00:24:30,moved
CT23,100EK113,03050728.JPG,100EK113\03050728.JPG,03050728.JPG,2126223,2026-03-06 00:24:32,moved
CT23,100EK113,03050729.JPG,100EK113\03050729.JPG,03050729.JPG,2136725,2026-03-06 00:24:32,moved
CT23,100EK113,03050730.MP4,100EK113\03050730.MP4,03050730.MP4,19752237,2026-03-06 00:24:36,moved
CT23,100EK113,03050731.JPG,100EK113\03050731.JPG,03050731.JPG,2620391,2026-03-06 00:52:20,moved
CT23,100EK113,03050732.JPG,100EK113\03050732.JPG,03050732.JPG,2709416,2026-03-06 00:52:20,moved
CT23,100EK113,03050733.JPG,100EK113\03050733.JPG,03050733.JPG,2699286,2026-03-06 00:52:22,moved
CT23,100EK113,03050734.MP4,100EK113\03050734.MP4,03050734.MP4,19614099,2026-03-06 00:52:26,moved
CT23,100EK113,03060735.JPG,100EK113\03060735.JPG,03060735.JPG,2110734,2026-03-06 01:41:28,moved
CT23,100EK113,03060736.JPG,100EK113\03060736.JPG,03060736.JPG,2219309,2026-03-06 01:41:28,moved
CT23,100EK113,03060737.JPG,100EK113\03060737.JPG,03060737.JPG,2226020,2026-03-06 01:41:30,moved
CT23,100EK113,03060738.MP4,100EK113\03060738.MP4,03060738.MP4,20207905,2026-03-06 01:41:32,moved
CT23,100EK113,03060739.JPG,100EK113\03060739.JPG,03060739.JPG,2304558,2026-03-06 02:51:30,moved
CT23,100EK113,03060740.JPG,100EK113\03060740.JPG,03060740.JPG,2383817,2026-03-06 02:51:30,moved
CT23,100EK113,03060741.JPG,100EK113\03060741.JPG,03060741.JPG,2409431,2026-03-06 02:51:32,moved
CT23,100EK113,03060742.MP4,100EK113\03060742.MP4,03060742.MP4,19697243,2026-03-06 02:51:34,moved
CT23,100EK113,03060743.JPG,100EK113\03060743.JPG,03060743.JPG,2117757,2026-03-06 08:39:06,moved
CT23,100EK113,03060744.JPG,100EK113\03060744.JPG,03060744.JPG,2215995,2026-03-06 08:39:06,moved
CT23,100EK113,03060745.JPG,100EK113\03060745.JPG,03060745.JPG,2229231,2026-03-06 08:39:08,moved
CT23,100EK113,03060746.MP4,100EK113\03060746.MP4,03060746.MP4,20213995,2026-03-06 08:39:10,moved
CT23,100EK113,03060747.JPG,100EK113\03060747.JPG,03060747.JPG,4283000,2026-03-06 11:13:30,moved
CT23,100EK113,03060748.JPG,100EK113\03060748.JPG,03060748.JPG,4303650,2026-03-06 11:13:32,moved
CT23,100EK113,03060749.MP4,100EK113\03060749.MP4,03060749.MP4,11707613,2026-03-06 11:13:34,moved
CT23,100EK113,03060750.JPG,100EK113\03060750.JPG,03060750.JPG,5051667,2026-03-06 11:14:02,moved
CT23,100EK113,03060751.JPG,100EK113\03060751.JPG,03060751.JPG,5072355,2026-03-06 11:14:04,moved
CT23,100EK113,03060752.MP4,100EK113\03060752.MP4,03060752.MP4,12070417,2026-03-06 11:14:08,moved
CT23,100EK113,03060753.JPG,100EK113\03060753.JPG,03060753.JPG,4213897,2026-03-06 11:25:22,moved
CT23,100EK113,03060754.JPG,100EK113\03060754.JPG,03060754.JPG,4223547,2026-03-06 11:25:24,moved
CT23,100EK113,03060755.MP4,100EK113\03060755.MP4,03060755.MP4,11830425,2026-03-06 11:25:28,moved
CT23,100EK113,03060756.JPG,100EK113\03060756.JPG,03060756.JPG,4393728,2026-03-06 11:50:54,moved
CT23,100EK113,03060757.JPG,100EK113\03060757.JPG,03060757.JPG,4417504,2026-03-06 11:50:56,moved
CT23,100EK113,03060758.MP4,100EK113\03060758.MP4,03060758.MP4,11799205,2026-03-06 11:50:58,moved
CT23,100EK113,03060759.JPG,100EK113\03060759.JPG,03060759.JPG,4737206,2026-03-06 12:21:42,moved
CT23,100EK113,03060760.JPG,100EK113\03060760.JPG,03060760.JPG,4746921,2026-03-06 12:21:44,moved
CT23,100EK113,03060761.MP4,100EK113\03060761.MP4,03060761.MP4,11711045,2026-03-06 12:21:46,moved
CT23,100EK113,03060762.JPG,100EK113\03060762.JPG,03060762.JPG,4951357,2026-03-06 12:27:32,moved
CT23,100EK113,03060763.JPG,100EK113\03060763.JPG,03060763.JPG,4940159,2026-03-06 12:27:34,moved
CT23,100EK113,03060764.MP4,100EK113\03060764.MP4,03060764.MP4,11679755,2026-03-06 12:27:38,moved
CT23,100EK113,03060765.JPG,100EK113\03060765.JPG,03060765.JPG,4902847,2026-03-06 12:27:56,moved
CT23,100EK113,03060766.JPG,100EK113\03060766.JPG,03060766.JPG,4888621,2026-03-06 12:27:58,moved
CT23,100EK113,03060767.MP4,100EK113\03060767.MP4,03060767.MP4,11569477,2026-03-06 12:28:02,moved
CT23,100EK113,03060768.JPG,100EK113\03060768.JPG,03060768.JPG,4260874,2026-03-06 12:53:48,moved
CT23,100EK113,03060769.JPG,100EK113\03060769.JPG,03060769.JPG,4275397,2026-03-06 12:53:48,moved
CT23,100EK113,03060770.MP4,100EK113\03060770.MP4,03060770.MP4,11517647,2026-03-06 12:53:52,moved
CT23,100EK113,03060771.JPG,100EK113\03060771.JPG,03060771.JPG,4352339,2026-03-06 12:54:28,moved
CT23,100EK113,03060772.JPG,100EK113\03060772.JPG,03060772.JPG,4354587,2026-03-06 12:54:30,moved
CT23,100EK113,03060773.MP4,100EK113\03060773.MP4,03060773.MP4,11827065,2026-03-06 12:54:34,moved
CT23,100EK113,03060774.JPG,100EK113\03060774.JPG,03060774.JPG,4285689,2026-03-06 12:57:32,moved
CT23,100EK113,03060775.JPG,100EK113\03060775.JPG,03060775.JPG,4266105,2026-03-06 12:57:32,moved
CT23,100EK113,03060776.MP4,100EK113\03060776.MP4,03060776.MP4,11691733,2026-03-06 12:57:36,moved
CT23,100EK113,03060777.JPG,100EK113\03060777.JPG,03060777.JPG,4271241,2026-03-06 12:59:32,moved
CT23,100EK113,03060778.JPG,100EK113\03060778.JPG,03060778.JPG,4281345,2026-03-06 12:59:32,moved
CT23,100EK113,03060779.MP4,100EK113\03060779.MP4,03060779.MP4,11734885,2026-03-06 12:59:36,moved
CT23,100EK113,03060780.JPG,100EK113\03060780.JPG,03060780.JPG,4154749,2026-03-06 13:14:36,moved
CT23,100EK113,03060781.JPG,100EK113\03060781.JPG,03060781.JPG,4164801,2026-03-06 13:14:38,moved
CT23,100EK113,03060782.MP4,100EK113\03060782.MP4,03060782.MP4,11628559,2026-03-06 13:14:42,moved
CT23,100EK113,03060783.JPG,100EK113\03060783.JPG,03060783.JPG,4216388,2026-03-06 13:55:28,moved
CT23,100EK113,03060784.JPG,100EK113\03060784.JPG,03060784.JPG,4249245,2026-03-06 13:55:28,moved
CT23,100EK113,03060785.MP4,100EK113\03060785.MP4,03060785.MP4,11728891,2026-03-06 13:55:32,moved
CT23,100EK113,03060786.JPG,100EK113\03060786.JPG,03060786.JPG,4286941,2026-03-06 14:15:14,moved
CT23,100EK113,03060787.JPG,100EK113\03060787.JPG,03060787.JPG,4272082,2026-03-06 14:15:14,moved
CT23,100EK113,03060788.MP4,100EK113\03060788.MP4,03060788.MP4,11526005,2026-03-06 14:15:18,moved
CT23,100EK113,04040789.JPG,100EK113\04040789.JPG,04040789.JPG,2432226,2026-04-04 08:38:40,moved
CT23,100EK113,04040790.JPG,100EK113\04040790.JPG,04040790.JPG,2532910,2026-04-04 08:38:40,moved
CT23,100EK113,04040791.JPG,100EK113\04040791.JPG,04040791.JPG,2530091,2026-04-04 08:38:42,moved
CT23,100EK113,04040792.MP4,100EK113\04040792.MP4,04040792.MP4,19626659,2026-04-04 08:38:46,moved
CT23,100EK113,04040793.JPG,100EK113\04040793.JPG,04040793.JPG,3082164,2026-04-04 10:42:08,moved
CT23,100EK113,04040794.JPG,100EK113\04040794.JPG,04040794.JPG,3142740,2026-04-04 10:42:10,moved
CT23,100EK113,04040795.MP4,100EK113\04040795.MP4,04040795.MP4,19624859,2026-04-04 10:42:12,moved
CT23,100EK113,04040796.JPG,100EK113\04040796.JPG,04040796.JPG,3202682,2026-04-04 10:46:12,moved
CT23,100EK113,04040797.JPG,100EK113\04040797.JPG,04040797.JPG,3280207,2026-04-04 10:46:14,moved
CT23,100EK113,04040798.MP4,100EK113\04040798.MP4,04040798.MP4,19829661,2026-04-04 10:46:16,moved
CT23,100EK113,04040799.JPG,100EK113\04040799.JPG,04040799.JPG,3227879,2026-04-04 10:48:08,moved
CT23,100EK113,04040800.JPG,100EK113\04040800.JPG,04040800.JPG,3276924,2026-04-04 10:48:08,moved
CT23,100EK113,04040801.MP4,100EK113\04040801.MP4,04040801.MP4,19813039,2026-04-04 10:48:12,moved
CT23,100EK113,04040802.JPG,100EK113\04040802.JPG,04040802.JPG,3228727,2026-04-04 10:53:06,moved
CT23,100EK113,04040803.JPG,100EK113\04040803.JPG,04040803.JPG,3301517,2026-04-04 10:53:06,moved
CT23,100EK113,04040804.MP4,100EK113\04040804.MP4,04040804.MP4,19653231,2026-04-04 10:53:10,moved
CT23,100EK113,04040805.JPG,100EK113\04040805.JPG,04040805.JPG,1788745,2026-04-04 11:11:04,moved
CT23,100EK113,04040806.JPG,100EK113\04040806.JPG,04040806.JPG,1770006,2026-04-04 11:11:06,moved
CT23,100EK113,04040807.JPG,100EK113\04040807.JPG,04040807.JPG,1761982,2026-04-04 11:11:06,moved
CT23,100EK113,04040808.MP4,100EK113\04040808.MP4,04040808.MP4,20390283,2026-04-04 11:11:10,moved
CT23,100EK113,04040809.JPG,100EK113\04040809.JPG,04040809.JPG,4886230,2026-04-04 11:31:44,moved
CT23,100EK113,04040810.JPG,100EK113\04040810.JPG,04040810.JPG,4923828,2026-04-04 11:31:44,moved
CT23,100EK113,04040811.MP4,100EK113\04040811.MP4,04040811.MP4,11862727,2026-04-04 11:31:48,moved
CT23,100EK113,04040812.JPG,100EK113\04040812.JPG,04040812.JPG,4283646,2026-04-04 12:01:44,moved
CT23,100EK113,04040813.JPG,100EK113\04040813.JPG,04040813.JPG,4282938,2026-04-04 12:01:46,moved
CT23,100EK113,04040814.MP4,100EK113\04040814.MP4,04040814.MP4,11556251,2026-04-04 12:01:50,moved
CT23,100EK113,04040815.JPG,100EK113\04040815.JPG,04040815.JPG,4188337,2026-04-04 12:03:10,moved
CT23,100EK113,04040816.JPG,100EK113\04040816.JPG,04040816.JPG,4176331,2026-04-04 12:03:12,moved
CT23,100EK113,04040817.MP4,100EK113\04040817.MP4,04040817.MP4,11780403,2026-04-04 12:03:16,moved
CT23,100EK113,04040818.JPG,100EK113\04040818.JPG,04040818.JPG,4228663,2026-04-04 12:07:34,moved
CT23,100EK113,04040819.JPG,100EK113\04040819.JPG,04040819.JPG,4262334,2026-04-04 12:07:34,moved
CT23,100EK113,04040820.MP4,100EK113\04040820.MP4,04040820.MP4,11921289,2026-04-04 12:07:38,moved
CT23,100EK113,04040821.JPG,100EK113\04040821.JPG,04040821.JPG,4259293,2026-04-04 12:10:22,moved
CT23,100EK113,04040822.JPG,100EK113\04040822.JPG,04040822.JPG,4308273,2026-04-04 12:10:22,moved
CT23,100EK113,04040823.MP4,100EK113\04040823.MP4,04040823.MP4,11543289,2026-04-04 12:10:26,moved
CT23,100EK113,04040824.JPG,100EK113\04040824.JPG,04040824.JPG,4303468,2026-04-04 12:15:16,moved
CT23,100EK113,04040825.JPG,100EK113\04040825.JPG,04040825.JPG,4294531,2026-04-04 12:15:18,moved
CT23,100EK113,04040826.MP4,100EK113\04040826.MP4,04040826.MP4,11850139,2026-04-04 12:15:22,moved
CT23,100EK113,04040827.JPG,100EK113\04040827.JPG,04040827.JPG,4310780,2026-04-04 12:20:54,moved
CT23,100EK113,04040828.JPG,100EK113\04040828.JPG,04040828.JPG,4308196,2026-04-04 12:20:54,moved
CT23,100EK113,04040829.MP4,100EK113\04040829.MP4,04040829.MP4,11636275,2026-04-04 12:20:58,moved
CT23,100EK113,04040830.JPG,100EK113\04040830.JPG,04040830.JPG,4340567,2026-04-04 12:27:12,moved
CT23,100EK113,04040831.JPG,100EK113\04040831.JPG,04040831.JPG,4344007,2026-04-04 12:27:14,moved
CT23,100EK113,04040832.MP4,100EK113\04040832.MP4,04040832.MP4,11531549,2026-04-04 12:27:18,moved
CT23,100EK113,04040833.JPG,100EK113\04040833.JPG,04040833.JPG,4304520,2026-04-04 12:28:24,moved
CT23,100EK113,04040834.JPG,100EK113\04040834.JPG,04040834.JPG,4301295,2026-04-04 12:28:26,moved
CT23,100EK113,04040835.MP4,100EK113\04040835.MP4,04040835.MP4,11631719,2026-04-04 12:28:30,moved
CT23,100EK113,04040836.JPG,100EK113\04040836.JPG,04040836.JPG,4328883,2026-04-04 12:28:52,moved
CT23,100EK113,04040837.JPG,100EK113\04040837.JPG,04040837.JPG,4380981,2026-04-04 12:28:54,moved
CT23,100EK113,04040838.MP4,100EK113\04040838.MP4,04040838.MP4,11777777,2026-04-04 12:28:58,moved
CT23,100EK113,04040839.JPG,100EK113\04040839.JPG,04040839.JPG,4363891,2026-04-04 12:29:16,moved
CT23,100EK113,04040840.JPG,100EK113\04040840.JPG,04040840.JPG,4381624,2026-04-04 12:29:16,moved
CT23,100EK113,04040841.MP4,100EK113\04040841.MP4,04040841.MP4,11843383,2026-04-04 12:29:20,moved
CT23,100EK113,04040842.JPG,100EK113\04040842.JPG,04040842.JPG,4358596,2026-04-04 12:31:38,moved
CT23,100EK113,04040843.JPG,100EK113\04040843.JPG,04040843.JPG,4344859,2026-04-04 12:31:40,moved
CT23,100EK113,04040844.MP4,100EK113\04040844.MP4,04040844.MP4,11595449,2026-04-04 12:31:44,moved
CT23,100EK113,04040845.JPG,100EK113\04040845.JPG,04040845.JPG,4325270,2026-04-04 12:35:38,moved
CT23,100EK113,04040846.JPG,100EK113\04040846.JPG,04040846.JPG,4353083,2026-04-04 12:35:38,moved
CT23,100EK113,04040847.MP4,100EK113\04040847.MP4,04040847.MP4,11542385,2026-04-04 12:35:42,moved
CT23,100EK113,04040848.JPG,100EK113\04040848.JPG,04040848.JPG,4181519,2026-04-04 12:40:18,moved
CT23,100EK113,04040849.JPG,100EK113\04040849.JPG,04040849.JPG,4219119,2026-04-04 12:40:20,moved
CT23,100EK113,04040850.MP4,100EK113\04040850.MP4,04040850.MP4,11770647,2026-04-04 12:40:24,moved
CT23,100EK113,04040851.JPG,100EK113\04040851.JPG,04040851.JPG,4264886,2026-04-04 12:41:14,moved
CT23,100EK113,04040852.JPG,100EK113\04040852.JPG,04040852.JPG,4210613,2026-04-04 12:41:14,moved
CT23,100EK113,04040853.MP4,100EK113\04040853.MP4,04040853.MP4,11601909,2026-04-04 12:41:18,moved
CT23,100EK113,04040854.JPG,100EK113\04040854.JPG,04040854.JPG,4126075,2026-04-04 13:07:54,moved
CT23,100EK113,04040855.JPG,100EK113\04040855.JPG,04040855.JPG,4132877,2026-04-04 13:07:56,moved
CT23,100EK113,04040856.MP4,100EK113\04040856.MP4,04040856.MP4,11463709,2026-04-04 13:08:00,moved
CT23,100EK113,04040857.JPG,100EK113\04040857.JPG,04040857.JPG,4015406,2026-04-04 13:11:34,moved
CT23,100EK113,04040858.JPG,100EK113\04040858.JPG,04040858.JPG,3946300,2026-04-04 13:11:36,moved
CT23,100EK113,04040859.MP4,100EK113\04040859.MP4,04040859.MP4,11691605,2026-04-04 13:11:40,moved
CT23,100EK113,04040860.JPG,100EK113\04040860.JPG,04040860.JPG,3951299,2026-04-04 13:15:36,moved
CT23,100EK113,04040861.JPG,100EK113\04040861.JPG,04040861.JPG,4044147,2026-04-04 13:15:36,moved
CT23,100EK113,04040862.MP4,100EK113\04040862.MP4,04040862.MP4,11483883,2026-04-04 13:15:40,moved
CT23,100EK113,04040863.JPG,100EK113\04040863.JPG,04040863.JPG,3929450,2026-04-04 13:25:46,moved
CT23,100EK113,04040864.JPG,100EK113\04040864.JPG,04040864.JPG,3961698,2026-04-04 13:25:46,moved
CT23,100EK113,04040865.MP4,100EK113\04040865.MP4,04040865.MP4,11362713,2026-04-04 13:25:50,moved
CT23,100EK113,04040866.JPG,100EK113\04040866.JPG,04040866.JPG,3934333,2026-04-04 13:32:20,moved
CT23,100EK113,04040867.JPG,100EK113\04040867.JPG,04040867.JPG,3833294,2026-04-04 13:32:22,moved
CT23,100EK113,04040868.MP4,100EK113\04040868.MP4,04040868.MP4,11933303,2026-04-04 13:32:26,moved
CT23,100EK113,04040869.JPG,100EK113\04040869.JPG,04040869.JPG,4040064,2026-04-04 13:32:58,moved
CT23,100EK113,04040870.JPG,100EK113\04040870.JPG,04040870.JPG,4029883,2026-04-04 13:32:58,moved
CT23,100EK113,04040871.MP4,100EK113\04040871.MP4,04040871.MP4,11743513,2026-04-04 13:33:02,moved
CT23,100EK113,04040872.JPG,100EK113\04040872.JPG,04040872.JPG,4168667,2026-04-04 13:40:48,moved
CT23,100EK113,04040873.JPG,100EK113\04040873.JPG,04040873.JPG,4182102,2026-04-04 13:40:50,moved
CT23,100EK113,04040874.MP4,100EK113\04040874.MP4,04040874.MP4,11652129,2026-04-04 13:40:54,moved
CT23,100EK113,04040875.JPG,100EK113\04040875.JPG,04040875.JPG,4193181,2026-04-04 13:52:54,moved
CT23,100EK113,04040876.JPG,100EK113\04040876.JPG,04040876.JPG,4219562,2026-04-04 13:52:56,moved
CT23,100EK113,04040877.MP4,100EK113\04040877.MP4,04040877.MP4,11710135,2026-04-04 13:53:00,moved
CT23,100EK113,04040878.JPG,100EK113\04040878.JPG,04040878.JPG,4019453,2026-04-04 13:59:30,moved
CT23,100EK113,04040879.JPG,100EK113\04040879.JPG,04040879.JPG,4138848,2026-04-04 13:59:32,moved
CT23,100EK113,04040880.MP4,100EK113\04040880.MP4,04040880.MP4,11701293,2026-04-04 13:59:36,moved
CT23,100EK113,04040881.JPG,100EK113\04040881.JPG,04040881.JPG,3989459,2026-04-04 14:00:28,moved
CT23,100EK113,04040882.JPG,100EK113\04040882.JPG,04040882.JPG,4069178,2026-04-04 14:00:28,moved
CT23,100EK113,04040883.MP4,100EK113\04040883.MP4,04040883.MP4,11742985,2026-04-04 14:00:34,moved
CT23,100EK113,04040884.JPG,100EK113\04040884.JPG,04040884.JPG,4065634,2026-04-04 14:00:48,moved
CT23,100EK113,04040885.JPG,100EK113\04040885.JPG,04040885.JPG,4066284,2026-04-04 14:00:50,moved
CT23,100EK113,04040886.MP4,100EK113\04040886.MP4,04040886.MP4,11732325,2026-04-04 14:00:54,moved
CT23,100EK113,04040887.JPG,100EK113\04040887.JPG,04040887.JPG,4021269,2026-04-04 14:05:42,moved
CT23,100EK113,04040888.JPG,100EK113\04040888.JPG,04040888.JPG,4034445,2026-04-04 14:05:44,moved
CT23,100EK113,04040889.MP4,100EK113\04040889.MP4,04040889.MP4,11516587,2026-04-04 14:05:48,moved
CT23,100EK113,04040890.JPG,100EK113\04040890.JPG,04040890.JPG,4147429,2026-04-04 14:18:36,moved
CT23,100EK113,04040891.JPG,100EK113\04040891.JPG,04040891.JPG,3568288,2026-04-04 14:18:36,moved
CT23,100EK113,04040892.MP4,100EK113\04040892.MP4,04040892.MP4,11784223,2026-04-04 14:18:40,moved
CT23,100EK113,04040893.JPG,100EK113\04040893.JPG,04040893.JPG,4635265,2026-04-04 14:24:36,moved
CT23,100EK113,04040894.JPG,100EK113\04040894.JPG,04040894.JPG,5051320,2026-04-04 14:24:36,moved
CT23,100EK113,04040895.MP4,100EK113\04040895.MP4,04040895.MP4,11790305,2026-04-04 14:24:40,moved
CT23,100EK113,04040896.JPG,100EK113\04040896.JPG,04040896.JPG,4255781,2026-04-04 14:35:04,moved
CT23,100EK113,04040897.JPG,100EK113\04040897.JPG,04040897.JPG,4289716,2026-04-04 14:35:04,moved
CT23,100EK113,04040898.MP4,100EK113\04040898.MP4,04040898.MP4,11569097,2026-04-04 14:35:08,moved
CT23,100EK113,04040899.JPG,100EK113\04040899.JPG,04040899.JPG,4240821,2026-04-04 14:41:52,moved
CT23,100EK113,04040900.JPG,100EK113\04040900.JPG,04040900.JPG,4206663,2026-04-04 14:41:54,moved
CT23,100EK113,04040901.MP4,100EK113\04040901.MP4,04040901.MP4,11706219,2026-04-04 14:41:58,moved
CT23,100EK113,04040902.JPG,100EK113\04040902.JPG,04040902.JPG,4183828,2026-04-04 14:45:32,moved
CT23,100EK113,04040903.JPG,100EK113\04040903.JPG,04040903.JPG,4168428,2026-04-04 14:45:34,moved
CT23,100EK113,04040904.MP4,100EK113\04040904.MP4,04040904.MP4,11481273,2026-04-04 14:45:38,moved
CT23,100EK113,04040905.JPG,100EK113\04040905.JPG,04040905.JPG,4171464,2026-04-04 14:46:32,moved
CT23,100EK113,04040906.JPG,100EK113\04040906.JPG,04040906.JPG,4209693,2026-04-04 14:46:34,moved
CT23,100EK113,04040907.MP4,100EK113\04040907.MP4,04040907.MP4,11781973,2026-04-04 14:46:38,moved
CT23,100EK113,04040908.JPG,100EK113\04040908.JPG,04040908.JPG,4303571,2026-04-04 14:53:28,moved
CT23,100EK113,04040909.JPG,100EK113\04040909.JPG,04040909.JPG,4311110,2026-04-04 14:53:30,moved
CT23,100EK113,04040910.MP4,100EK113\04040910.MP4,04040910.MP4,11648817,2026-04-04 14:53:34,moved
CT23,100EK113,04040911.JPG,100EK113\04040911.JPG,04040911.JPG,4158086,2026-04-04 14:59:36,moved
CT23,100EK113,04040912.JPG,100EK113\04040912.JPG,04040912.JPG,4163859,2026-04-04 14:59:36,moved
CT23,100EK113,04040913.MP4,100EK113\04040913.MP4,04040913.MP4,11911153,2026-04-04 14:59:40,moved
CT23,100EK113,04040914.JPG,100EK113\04040914.JPG,04040914.JPG,4225729,2026-04-04 15:02:58,moved
CT23,100EK113,04040915.JPG,100EK113\04040915.JPG,04040915.JPG,4193104,2026-04-04 15:03:00,moved
CT23,100EK113,04040916.MP4,100EK113\04040916.MP4,04040916.MP4,11566557,2026-04-04 15:03:04,moved
CT23,100EK113,04040917.JPG,100EK113\04040917.JPG,04040917.JPG,4263605,2026-04-04 15:03:20,moved
CT23,100EK113,04040918.JPG,100EK113\04040918.JPG,04040918.JPG,4296202,2026-04-04 15:03:20,moved
CT23,100EK113,04040919.MP4,100EK113\04040919.MP4,04040919.MP4,11801153,2026-04-04 15:03:24,moved
CT23,100EK113,04040920.JPG,100EK113\04040920.JPG,04040920.JPG,4148507,2026-04-04 15:10:22,moved
CT23,100EK113,04040921.JPG,100EK113\04040921.JPG,04040921.JPG,4176771,2026-04-04 15:10:22,moved
CT23,100EK113,04040922.MP4,100EK113\04040922.MP4,04040922.MP4,11760625,2026-04-04 15:10:26,moved
CT23,100EK113,04040923.JPG,100EK113\04040923.JPG,04040923.JPG,4156696,2026-04-04 15:14:14,moved
CT23,100EK113,04040924.JPG,100EK113\04040924.JPG,04040924.JPG,4165344,2026-04-04 15:14:16,moved
CT23,100EK113,04040925.MP4,100EK113\04040925.MP4,04040925.MP4,11521465,2026-04-04 15:14:20,moved
CT23,100EK113,04040926.JPG,100EK113\04040926.JPG,04040926.JPG,3963691,2026-04-04 15:28:48,moved
CT23,100EK113,04040927.JPG,100EK113\04040927.JPG,04040927.JPG,3984631,2026-04-04 15:28:50,moved
CT23,100EK113,04040928.MP4,100EK113\04040928.MP4,04040928.MP4,11687283,2026-04-04 15:28:54,moved
CT23,100EK113,04040929.JPG,100EK113\04040929.JPG,04040929.JPG,3953754,2026-04-04 15:30:56,moved
CT23,100EK113,04040930.JPG,100EK113\04040930.JPG,04040930.JPG,3905569,2026-04-04 15:30:58,moved
CT23,100EK113,04040931.MP4,100EK113\04040931.MP4,04040931.MP4,12001957,2026-04-04 15:31:02,moved
CT23,100EK113,04040932.JPG,100EK113\04040932.JPG,04040932.JPG,3948970,2026-04-04 15:33:10,moved
CT23,100EK113,04040933.JPG,100EK113\04040933.JPG,04040933.JPG,3921973,2026-04-04 15:33:12,moved
CT23,100EK113,04040934.MP4,100EK113\04040934.MP4,04040934.MP4,11790255,2026-04-04 15:33:16,moved
CT23,100EK113,04040935.JPG,100EK113\04040935.JPG,04040935.JPG,4100218,2026-04-04 15:37:26,moved
CT23,100EK113,04040936.JPG,100EK113\04040936.JPG,04040936.JPG,4063131,2026-04-04 15:37:26,moved
CT23,100EK113,04040937.MP4,100EK113\04040937.MP4,04040937.MP4,11405409,2026-04-04 15:37:30,moved
CT23,100EK113,04040938.JPG,100EK113\04040938.JPG,04040938.JPG,4622728,2026-04-04 15:50:34,moved
CT23,100EK113,04040939.JPG,100EK113\04040939.JPG,04040939.JPG,4630788,2026-04-04 15:50:34,moved
CT23,100EK113,04040940.MP4,100EK113\04040940.MP4,04040940.MP4,11804797,2026-04-04 15:50:38,moved
CT23,100EK113,04040941.JPG,100EK113\04040941.JPG,04040941.JPG,4711790,2026-04-04 16:01:48,moved
CT23,100EK113,04040942.JPG,100EK113\04040942.JPG,04040942.JPG,4728915,2026-04-04 16:01:48,moved
CT23,100EK113,04040943.MP4,100EK113\04040943.MP4,04040943.MP4,11805213,2026-04-04 16:01:52,moved
CT23,100EK113,04040944.JPG,100EK113\04040944.JPG,04040944.JPG,4809201,2026-04-04 16:02:48,moved
CT23,100EK113,04040945.JPG,100EK113\04040945.JPG,04040945.JPG,4877803,2026-04-04 16:02:50,moved
CT23,100EK113,04040946.MP4,100EK113\04040946.MP4,04040946.MP4,11610439,2026-04-04 16:02:54,moved
CT23,100EK113,04040947.JPG,100EK113\04040947.JPG,04040947.JPG,4681335,2026-04-04 16:05:50,moved
CT23,100EK113,04040948.JPG,100EK113\04040948.JPG,04040948.JPG,4786484,2026-04-04 16:05:52,moved
CT23,100EK113,04040949.MP4,100EK113\04040949.MP4,04040949.MP4,11729749,2026-04-04 16:05:56,moved
CT23,100EK113,04040950.JPG,100EK113\04040950.JPG,04040950.JPG,4708285,2026-04-04 16:06:12,moved
CT23,100EK113,04040951.JPG,100EK113\04040951.JPG,04040951.JPG,4739543,2026-04-04 16:06:14,moved
CT23,100EK113,04040952.MP4,100EK113\04040952.MP4,04040952.MP4,11764185,2026-04-04 16:06:18,moved
CT23,100EK113,04040953.JPG,100EK113\04040953.JPG,04040953.JPG,4082017,2026-04-04 16:08:58,moved
CT23,100EK113,04040954.JPG,100EK113\04040954.JPG,04040954.JPG,4125900,2026-04-04 16:09:00,moved
CT23,100EK113,04040955.MP4,100EK113\04040955.MP4,04040955.MP4,11613897,2026-04-04 16:09:04,moved
CT23,100EK113,04040956.JPG,100EK113\04040956.JPG,04040956.JPG,4201187,2026-04-04 16:14:42,moved
CT23,100EK113,04040957.JPG,100EK113\04040957.JPG,04040957.JPG,4249431,2026-04-04 16:14:44,moved
CT23,100EK113,04040958.MP4,100EK113\04040958.MP4,04040958.MP4,11701371,2026-04-04 16:14:48,moved
CT23,100EK113,04040959.JPG,100EK113\04040959.JPG,04040959.JPG,3263932,2026-04-04 16:19:40,moved
CT23,100EK113,04040960.JPG,100EK113\04040960.JPG,04040960.JPG,3304636,2026-04-04 16:19:40,moved
CT23,100EK113,04040961.MP4,100EK113\04040961.MP4,04040961.MP4,11626969,2026-04-04 16:19:44,moved
CT23,100EK113,04040962.JPG,100EK113\04040962.JPG,04040962.JPG,4301464,2026-04-04 16:23:48,moved
CT23,100EK113,04040963.JPG,100EK113\04040963.JPG,04040963.JPG,4267348,2026-04-04 16:23:48,moved
CT23,100EK113,04040964.MP4,100EK113\04040964.MP4,04040964.MP4,11719263,2026-04-04 16:23:52,moved
CT23,100EK113,04040965.JPG,100EK113\04040965.JPG,04040965.JPG,4274574,2026-04-04 16:24:16,moved
CT23,100EK113,04040966.JPG,100EK113\04040966.JPG,04040966.JPG,4289531,2026-04-04 16:24:16,moved
CT23,100EK113,04040967.MP4,100EK113\04040967.MP4,04040967.MP4,11647535,2026-04-04 16:24:20,moved
CT23,100EK113,04040968.JPG,100EK113\04040968.JPG,04040968.JPG,4305550,2026-04-04 16:28:16,moved
CT23,100EK113,04040969.JPG,100EK113\04040969.JPG,04040969.JPG,4310447,2026-04-04 16:28:16,moved
CT23,100EK113,04040970.MP4,100EK113\04040970.MP4,04040970.MP4,11525481,2026-04-04 16:28:20,moved
CT23,100EK113,04040971.JPG,100EK113\04040971.JPG,04040971.JPG,4161599,2026-04-04 16:32:06,moved
CT23,100EK113,04040972.JPG,100EK113\04040972.JPG,04040972.JPG,4203143,2026-04-04 16:32:08,moved
CT23,100EK113,04040973.MP4,100EK113\04040973.MP4,04040973.MP4,11468077,2026-04-04 16:32:12,moved
CT23,100EK113,04040974.JPG,100EK113\04040974.JPG,04040974.JPG,4039384,2026-04-04 16:33:42,moved
CT23,100EK113,04040975.JPG,100EK113\04040975.JPG,04040975.JPG,4040894,2026-04-04 16:33:44,moved
CT23,100EK113,04040976.MP4,100EK113\04040976.MP4,04040976.MP4,11663827,2026-04-04 16:33:48,moved
CT23,100EK113,04040977.JPG,100EK113\04040977.JPG,04040977.JPG,4043996,2026-04-04 16:36:24,moved
CT23,100EK113,04040978.JPG,100EK113\04040978.JPG,04040978.JPG,4040326,2026-04-04 16:36:26,moved
CT23,100EK113,04040979.MP4,100EK113\04040979.MP4,04040979.MP4,11660749,2026-04-04 16:36:30,moved
CT23,100EK113,04040980.JPG,100EK113\04040980.JPG,04040980.JPG,4068625,2026-04-04 16:37:44,moved
CT23,100EK113,04040981.JPG,100EK113\04040981.JPG,04040981.JPG,4070758,2026-04-04 16:37:44,moved
CT23,100EK113,04040982.MP4,100EK113\04040982.MP4,04040982.MP4,11706127,2026-04-04 16:37:48,moved
CT23,100EK113,04040983.JPG,100EK113\04040983.JPG,04040983.JPG,1174848,2026-04-04 16:47:26,moved
CT23,100EK113,04040984.JPG,100EK113\04040984.JPG,04040984.JPG,1205179,2026-04-04 16:47:28,moved
CT23,100EK113,04040985.JPG,100EK113\04040985.JPG,04040985.JPG,1210875,2026-04-04 16:47:28,moved
CT23,100EK113,04040986.MP4,100EK113\04040986.MP4,04040986.MP4,19823637,2026-04-04 16:47:32,moved
CT23,100EK113,04040987.JPG,100EK113\04040987.JPG,04040987.JPG,1042049,2026-04-04 16:48:40,moved
CT23,100EK113,04040988.JPG,100EK113\04040988.JPG,04040988.JPG,1058053,2026-04-04 16:48:40,moved
CT23,100EK113,04040989.JPG,100EK113\04040989.JPG,04040989.JPG,1050369,2026-04-04 16:48:42,moved
CT23,100EK113,04040990.MP4,100EK113\04040990.MP4,04040990.MP4,20164539,2026-04-04 16:48:44,moved
CT23,100EK113,04040991.JPG,100EK113\04040991.JPG,04040991.JPG,1199163,2026-04-04 16:49:28,moved
CT23,100EK113,04040992.JPG,100EK113\04040992.JPG,04040992.JPG,1232466,2026-04-04 16:49:30,moved
CT23,100EK113,04040993.JPG,100EK113\04040993.JPG,04040993.JPG,1246059,2026-04-04 16:49:30,moved
CT23,100EK113,04040994.MP4,100EK113\04040994.MP4,04040994.MP4,19657229,2026-04-04 16:49:34,moved
CT23,100EK113,04040995.JPG,100EK113\04040995.JPG,04040995.JPG,1139733,2026-04-04 17:06:34,moved
CT23,100EK113,04040996.JPG,100EK113\04040996.JPG,04040996.JPG,1128270,2026-04-04 17:06:36,moved
CT23,100EK113,04040997.JPG,100EK113\04040997.JPG,04040997.JPG,1162315,2026-04-04 17:06:36,moved
CT23,100EK113,04040998.MP4,100EK113\04040998.MP4,04040998.MP4,19544599,2026-04-04 17:06:40,moved
CT23,100EK113,04040999.JPG,100EK113\04040999.JPG,04040999.JPG,3386877,2026-04-04 17:33:30,moved
CT23,101EK113,04040001.JPG,101EK113\04040001.JPG,04040001.JPG,3322731,2026-04-04 17:33:32,moved
CT23,101EK113,04040002.MP4,101EK113\04040002.MP4,04040002.MP4,11242785,2026-04-04 17:33:36,moved
CT23,101EK113,04040003.JPG,101EK113\04040003.JPG,04040003.JPG,1851267,2026-04-04 17:36:42,moved
CT23,101EK113,04040004.JPG,101EK113\04040004.JPG,04040004.JPG,1852793,2026-04-04 17:36:44,moved
CT23,101EK113,04040005.JPG,101EK113\04040005.JPG,04040005.JPG,1858695,2026-04-04 17:36:44,moved
CT23,101EK113,04040006.MP4,101EK113\04040006.MP4,04040006.MP4,19588169,2026-04-04 17:36:48,moved
CT23,101EK113,04040007.JPG,101EK113\04040007.JPG,04040007.JPG,1523015,2026-04-04 17:42:18,moved
CT23,101EK113,04040008.JPG,101EK113\04040008.JPG,04040008.JPG,1575505,2026-04-04 17:42:20,moved
CT23,101EK113,04040009.JPG,101EK113\04040009.JPG,04040009.JPG,1555193,2026-04-04 17:42:20,moved
CT23,101EK113,04040010.MP4,101EK113\04040010.MP4,04040010.MP4,19043563,2026-04-04 17:42:24,moved
CT23,101EK113,04040011.JPG,101EK113\04040011.JPG,04040011.JPG,1669819,2026-04-04 17:54:10,moved
CT23,101EK113,04040012.JPG,101EK113\04040012.JPG,04040012.JPG,1690166,2026-04-04 17:54:12,moved
CT23,101EK113,04040013.JPG,101EK113\04040013.JPG,04040013.JPG,1687815,2026-04-04 17:54:12,moved
CT23,101EK113,04040014.MP4,101EK113\04040014.MP4,04040014.MP4,20568689,2026-04-04 17:54:16,moved
CT23,101EK113,04040015.JPG,101EK113\04040015.JPG,04040015.JPG,1517119,2026-04-04 17:56:24,moved
CT23,101EK113,04040016.JPG,101EK113\04040016.JPG,04040016.JPG,1513921,2026-04-04 17:56:26,moved
CT23,101EK113,04040017.JPG,101EK113\04040017.JPG,04040017.JPG,1496197,2026-04-04 17:56:26,moved
CT23,101EK113,04040018.MP4,101EK113\04040018.MP4,04040018.MP4,20232595,2026-04-04 17:56:30,moved
CT23,101EK113,04040019.JPG,101EK113\04040019.JPG,04040019.JPG,2058135,2026-04-04 18:01:50,moved
CT23,101EK113,04040020.JPG,101EK113\04040020.JPG,04040020.JPG,2098530,2026-04-04 18:01:52,moved
CT23,101EK113,04040021.JPG,101EK113\04040021.JPG,04040021.JPG,2060039,2026-04-04 18:01:52,moved
CT23,101EK113,04040022.MP4,101EK113\04040022.MP4,04040022.MP4,20060543,2026-04-04 18:01:56,moved
CT23,101EK113,04040023.JPG,101EK113\04040023.JPG,04040023.JPG,1642054,2026-04-04 18:09:48,moved
CT23,101EK113,04040024.JPG,101EK113\04040024.JPG,04040024.JPG,1695438,2026-04-04 18:09:48,moved
CT23,101EK113,04040025.JPG,101EK113\04040025.JPG,04040025.JPG,1720380,2026-04-04 18:09:50,moved
CT23,101EK113,04040026.MP4,101EK113\04040026.MP4,04040026.MP4,19733197,2026-04-04 18:09:52,moved
CT23,101EK113,04040027.JPG,101EK113\04040027.JPG,04040027.JPG,2453250,2026-04-04 18:14:56,moved
CT23,101EK113,04040028.JPG,101EK113\04040028.JPG,04040028.JPG,2469240,2026-04-04 18:14:58,moved
CT23,101EK113,04040029.JPG,101EK113\04040029.JPG,04040029.JPG,2483159,2026-04-04 18:14:58,moved
CT23,101EK113,04040030.MP4,101EK113\04040030.MP4,04040030.MP4,19811235,2026-04-04 18:15:02,moved
CT23,101EK113,04040031.JPG,101EK113\04040031.JPG,04040031.JPG,1982191,2026-04-04 18:19:40,moved
CT23,101EK113,04040032.JPG,101EK113\04040032.JPG,04040032.JPG,2025769,2026-04-04 18:19:42,moved
CT23,101EK113,04040033.JPG,101EK113\04040033.JPG,04040033.JPG,2043923,2026-04-04 18:19:42,moved
CT23,101EK113,04040034.MP4,101EK113\04040034.MP4,04040034.MP4,20054433,2026-04-04 18:19:46,moved
CT23,101EK113,04040035.JPG,101EK113\04040035.JPG,04040035.JPG,2500649,2026-04-04 18:29:10,moved
CT23,101EK113,04040036.JPG,101EK113\04040036.JPG,04040036.JPG,2532601,2026-04-04 18:29:10,moved
CT23,101EK113,04040037.JPG,101EK113\04040037.JPG,04040037.JPG,2510747,2026-04-04 18:29:12,moved
CT23,101EK113,04040038.MP4,101EK113\04040038.MP4,04040038.MP4,19999521,2026-04-04 18:29:14,moved
CT23,101EK113,04040039.JPG,101EK113\04040039.JPG,04040039.JPG,2680471,2026-04-04 18:38:32,moved
CT23,101EK113,04040040.JPG,101EK113\04040040.JPG,04040040.JPG,2750986,2026-04-04 18:38:34,moved
CT23,101EK113,04040041.JPG,101EK113\04040041.JPG,04040041.JPG,2756752,2026-04-04 18:38:34,moved
CT23,101EK113,04040042.MP4,101EK113\04040042.MP4,04040042.MP4,19596085,2026-04-04 18:38:38,moved
CT23,101EK113,04040043.JPG,101EK113\04040043.JPG,04040043.JPG,2220612,2026-04-04 18:42:42,moved
CT23,101EK113,04040044.JPG,101EK113\04040044.JPG,04040044.JPG,2245602,2026-04-04 18:42:42,moved
CT23,101EK113,04040045.JPG,101EK113\04040045.JPG,04040045.JPG,2278604,2026-04-04 18:42:44,moved
CT23,101EK113,04040046.MP4,101EK113\04040046.MP4,04040046.MP4,19615673,2026-04-04 18:42:46,moved
CT23,101EK113,04040047.JPG,101EK113\04040047.JPG,04040047.JPG,2133681,2026-04-04 18:59:54,moved
CT23,101EK113,04040048.JPG,101EK113\04040048.JPG,04040048.JPG,2185421,2026-04-04 18:59:56,moved
CT23,101EK113,04040049.JPG,101EK113\04040049.JPG,04040049.JPG,2166474,2026-04-04 18:59:56,moved
CT23,101EK113,04040050.MP4,101EK113\04040050.MP4,04040050.MP4,19710431,2026-04-04 19:00:00,moved
CT23,101EK113,04040051.JPG,101EK113\04040051.JPG,04040051.JPG,2307980,2026-04-04 19:06:52,moved
CT23,101EK113,04040052.JPG,101EK113\04040052.JPG,04040052.JPG,2337272,2026-04-04 19:06:54,moved
CT23,101EK113,04040053.JPG,101EK113\04040053.JPG,04040053.JPG,2344518,2026-04-04 19:06:54,moved
CT23,101EK113,04040054.MP4,101EK113\04040054.MP4,04040054.MP4,19498853,2026-04-04 19:06:58,moved
CT23,101EK113,04040055.JPG,101EK113\04040055.JPG,04040055.JPG,2386005,2026-04-04 19:12:00,moved
CT23,101EK113,04040056.JPG,101EK113\04040056.JPG,04040056.JPG,2374733,2026-04-04 19:12:02,moved
CT23,101EK113,04040057.JPG,101EK113\04040057.JPG,04040057.JPG,2338500,2026-04-04 19:12:02,moved
CT23,101EK113,04040058.MP4,101EK113\04040058.MP4,04040058.MP4,20269013,2026-04-04 19:12:06,moved
CT23,101EK113,04040059.JPG,101EK113\04040059.JPG,04040059.JPG,2370178,2026-04-04 19:17:48,moved
CT23,101EK113,04040060.JPG,101EK113\04040060.JPG,04040060.JPG,2390392,2026-04-04 19:17:48,moved
CT23,101EK113,04040061.JPG,101EK113\04040061.JPG,04040061.JPG,2403714,2026-04-04 19:17:50,moved
CT23,101EK113,04040062.MP4,101EK113\04040062.MP4,04040062.MP4,20163925,2026-04-04 19:17:52,moved
CT23,101EK113,04040063.JPG,101EK113\04040063.JPG,04040063.JPG,2935047,2026-04-04 20:02:30,moved
CT23,101EK113,04040064.JPG,101EK113\04040064.JPG,04040064.JPG,3019478,2026-04-04 20:02:32,moved
CT23,101EK113,04040065.MP4,101EK113\04040065.MP4,04040065.MP4,19606867,2026-04-04 20:02:34,moved
CT23,101EK113,04040066.JPG,101EK113\04040066.JPG,04040066.JPG,2635895,2026-04-04 21:05:36,moved
CT23,101EK113,04040067.JPG,101EK113\04040067.JPG,04040067.JPG,2672972,2026-04-04 21:05:38,moved
CT23,101EK113,04040068.JPG,101EK113\04040068.JPG,04040068.JPG,2678091,2026-04-04 21:05:38,moved
CT23,101EK113,04040069.MP4,101EK113\04040069.MP4,04040069.MP4,19657353,2026-04-04 21:05:42,moved
CT23,101EK113,04040070.JPG,101EK113\04040070.JPG,04040070.JPG,2233524,2026-04-04 22:33:52,moved
CT23,101EK113,04040071.JPG,101EK113\04040071.JPG,04040071.JPG,2311056,2026-04-04 22:33:52,moved
CT23,101EK113,04040072.JPG,101EK113\04040072.JPG,04040072.JPG,2320564,2026-04-04 22:33:54,moved
CT23,101EK113,04040073.MP4,101EK113\04040073.MP4,04040073.MP4,20515261,2026-04-04 22:33:56,moved
CT23,101EK113,04040074.JPG,101EK113\04040074.JPG,04040074.JPG,2207704,2026-04-04 23:38:52,moved
CT23,101EK113,04040075.JPG,101EK113\04040075.JPG,04040075.JPG,2305478,2026-04-04 23:38:52,moved
CT23,101EK113,04040076.JPG,101EK113\04040076.JPG,04040076.JPG,2307540,2026-04-04 23:38:54,moved
CT23,101EK113,04040077.MP4,101EK113\04040077.MP4,04040077.MP4,19736911,2026-04-04 23:38:58,moved
CT23,101EK113,05090078.JPG,101EK113\05090078.JPG,05090078.JPG,4336222,2026-05-09 14:15:22,moved
CT23,101EK113,05090079.JPG,101EK113\05090079.JPG,05090079.JPG,4374401,2026-05-09 14:15:24,moved
CT23,101EK113,05090080.MP4,101EK113\05090080.MP4,05090080.MP4,11850181,2026-05-09 14:15:28,moved
CT23,101EK113,05090081.JPG,101EK113\05090081.JPG,05090081.JPG,4220806,2026-05-09 14:21:42,moved
CT23,101EK113,05090082.JPG,101EK113\05090082.JPG,05090082.JPG,4209792,2026-05-09 14:21:42,moved
CT23,101EK113,05090083.MP4,101EK113\05090083.MP4,05090083.MP4,11752265,2026-05-09 14:21:46,moved
CT23,101EK113,05090084.JPG,101EK113\05090084.JPG,05090084.JPG,4351250,2026-05-09 14:41:38,moved
CT23,101EK113,05090085.JPG,101EK113\05090085.JPG,05090085.JPG,4260909,2026-05-09 14:41:40,moved
CT23,101EK113,05090086.MP4,101EK113\05090086.MP4,05090086.MP4,11601091,2026-05-09 14:41:44,moved
CT23,101EK113,05100087.JPG,101EK113\05100087.JPG,05100087.JPG,4807802,2026-05-10 11:45:32,moved
CT23,101EK113,05100088.JPG,101EK113\05100088.JPG,05100088.JPG,4763253,2026-05-10 11:45:32,moved
CT23,101EK113,05100089.MP4,101EK113\05100089.MP4,05100089.MP4,11586343,2026-05-10 11:45:36,moved
CT24,100EK113,01140001.JPG,100EK113\01140001.JPG,01140001.JPG,5806593,2026-01-14 12:35:28,moved
CT24,100EK113,01140002.JPG,100EK113\01140002.JPG,01140002.JPG,5831821,2026-01-14 12:35:28,moved
CT24,100EK113,01140003.JPG,100EK113\01140003.JPG,01140003.JPG,5970639,2026-01-14 12:35:31,moved
CT24,100EK113,01140004.JPG,100EK113\01140004.JPG,01140004.JPG,6179550,2026-01-14 12:35:30,moved
CT24,100EK113,01140005.JPG,100EK113\01140005.JPG,01140005.JPG,6037669,2026-01-14 12:35:30,moved
CT24,100EK113,01140006.JPG,100EK113\01140006.JPG,01140006.JPG,5903256,2026-01-14 12:35:32,moved
CT24,100EK113,01140007.JPG,100EK113\01140007.JPG,01140007.JPG,6026464,2026-01-14 12:35:32,moved
CT24,100EK113,01140008.JPG,100EK113\01140008.JPG,01140008.JPG,6026790,2026-01-14 12:35:32,moved
CT24,100EK113,01140009.JPG,100EK113\01140009.JPG,01140009.JPG,5950306,2026-01-14 12:35:34,moved
CT24,100EK113,01140010.JPG,100EK113\01140010.JPG,01140010.JPG,5731415,2026-01-14 12:35:34,moved
CT24,100EK113,01140011.JPG,100EK113\01140011.JPG,01140011.JPG,6093975,2026-01-14 12:35:36,moved
CT24,100EK113,01140012.JPG,100EK113\01140012.JPG,01140012.JPG,5928951,2026-01-14 12:35:36,moved
CT24,100EK113,01140013.JPG,100EK113\01140013.JPG,01140013.JPG,5813195,2026-01-14 12:35:36,moved
CT24,100EK113,01140014.JPG,100EK113\01140014.JPG,01140014.JPG,5479318,2026-01-14 12:35:38,moved
CT24,100EK113,01140015.JPG,100EK113\01140015.JPG,01140015.JPG,4923298,2026-01-14 12:35:38,moved
CT24,100EK113,01140016.JPG,100EK113\01140016.JPG,01140016.JPG,5899245,2026-01-14 12:35:38,moved
CT24,100EK113,01140017.JPG,100EK113\01140017.JPG,01140017.JPG,6105720,2026-01-14 12:35:40,moved
CT24,100EK113,01140018.JPG,100EK113\01140018.JPG,01140018.JPG,5945442,2026-01-14 12:35:40,moved
CT24,100EK113,01140019.JPG,100EK113\01140019.JPG,01140019.JPG,5976587,2026-01-14 12:35:42,moved
CT24,100EK113,01140020.JPG,100EK113\01140020.JPG,01140020.JPG,5946563,2026-01-14 12:35:45,moved
CT24,100EK113,01140021.JPG,100EK113\01140021.JPG,01140021.JPG,6136866,2026-01-14 12:35:44,moved
CT24,100EK113,01140022.JPG,100EK113\01140022.JPG,01140022.JPG,4707907,2026-01-14 12:35:44,moved
CT24,100EK113,01140023.JPG,100EK113\01140023.JPG,01140023.JPG,5567973,2026-01-14 12:35:46,moved
CT24,100EK113,01140024.JPG,100EK113\01140024.JPG,01140024.JPG,5872579,2026-01-14 12:35:46,moved
CT24,100EK113,01140025.JPG,100EK113\01140025.JPG,01140025.JPG,5691822,2026-01-14 12:35:48,moved
CT24,100EK113,01140026.JPG,100EK113\01140026.JPG,01140026.JPG,5835139,2026-01-14 12:35:48,moved
CT24,100EK113,01140027.JPG,100EK113\01140027.JPG,01140027.JPG,5888688,2026-01-14 12:35:48,moved
CT24,100EK113,01140028.JPG,100EK113\01140028.JPG,01140028.JPG,5839739,2026-01-14 12:35:50,moved
CT24,100EK113,01140029.JPG,100EK113\01140029.JPG,01140029.JPG,5805615,2026-01-14 12:35:50,moved
CT24,100EK113,01140030.JPG,100EK113\01140030.JPG,01140030.JPG,5824628,2026-01-14 12:35:50,moved
CT24,100EK113,01140031.JPG,100EK113\01140031.JPG,01140031.JPG,5905921,2026-01-14 12:35:52,moved
CT24,100EK113,01140032.JPG,100EK113\01140032.JPG,01140032.JPG,5976069,2026-01-14 12:35:52,moved
CT24,100EK113,01140033.JPG,100EK113\01140033.JPG,01140033.JPG,5957044,2026-01-14 12:35:54,moved
CT24,100EK113,01140034.JPG,100EK113\01140034.JPG,01140034.JPG,5895386,2026-01-14 12:36:00,moved
CT24,100EK113,01140035.JPG,100EK113\01140035.JPG,01140035.JPG,6150480,2026-01-14 12:36:00,moved
CT24,100EK113,01140036.JPG,100EK113\01140036.JPG,01140036.JPG,6071797,2026-01-14 12:36:00,moved
CT24,100EK113,01140037.JPG,100EK113\01140037.JPG,01140037.JPG,6131841,2026-01-14 12:36:02,moved
CT24,100EK113,01140038.JPG,100EK113\01140038.JPG,01140038.JPG,5924748,2026-01-14 12:36:02,moved
CT24,100EK113,01140039.JPG,100EK113\01140039.JPG,01140039.JPG,5904229,2026-01-14 12:36:04,moved
CT24,100EK113,01140040.JPG,100EK113\01140040.JPG,01140040.JPG,5890434,2026-01-14 12:36:04,moved
CT24,100EK113,01140041.JPG,100EK113\01140041.JPG,01140041.JPG,5936994,2026-01-14 12:36:07,moved
CT24,100EK113,01140042.JPG,100EK113\01140042.JPG,01140042.JPG,5945802,2026-01-14 12:36:06,moved
CT24,100EK113,01140043.JPG,100EK113\01140043.JPG,01140043.JPG,5928992,2026-01-14 16:30:44,moved
CT24,100EK113,01140044.JPG,100EK113\01140044.JPG,01140044.JPG,6047324,2026-01-14 16:30:47,moved
CT24,100EK113,01140045.JPG,100EK113\01140045.JPG,01140045.JPG,6063541,2026-01-14 16:30:46,moved
CT24,100EK113,01140046.JPG,100EK113\01140046.JPG,01140046.JPG,5914394,2026-01-14 16:34:21,moved
CT24,100EK113,01140047.JPG,100EK113\01140047.JPG,01140047.JPG,6207505,2026-01-14 16:34:20,moved
CT24,100EK113,01140048.JPG,100EK113\01140048.JPG,01140048.JPG,5848287,2026-01-14 16:34:20,moved
CT24,100EK113,01140049.JPG,100EK113\01140049.JPG,01140049.JPG,6121497,2026-01-14 17:03:45,moved
CT24,100EK113,01140050.JPG,100EK113\01140050.JPG,01140050.JPG,5820364,2026-01-14 17:03:44,moved
CT24,100EK113,01140051.JPG,100EK113\01140051.JPG,01140051.JPG,5987519,2026-01-14 17:03:44,moved
CT24,100EK113,01140052.JPG,100EK113\01140052.JPG,01140052.JPG,6150853,2026-01-14 17:16:48,moved
CT24,100EK113,01140053.JPG,100EK113\01140053.JPG,01140053.JPG,6191776,2026-01-14 17:16:51,moved
CT24,100EK113,01140054.JPG,100EK113\01140054.JPG,01140054.JPG,6259034,2026-01-14 17:16:50,moved
CT24,100EK113,01170055.JPG,100EK113\01170055.JPG,01170055.JPG,5608531,2026-01-17 16:39:54,moved
CT24,100EK113,01170056.JPG,100EK113\01170056.JPG,01170056.JPG,5826928,2026-01-17 16:39:56,moved
CT24,100EK113,01170057.JPG,100EK113\01170057.JPG,01170057.JPG,5780857,2026-01-17 16:39:56,moved
CT24,100EK113,01180058.JPG,100EK113\01180058.JPG,01180058.JPG,6250230,2026-01-18 17:18:48,moved
CT24,100EK113,01180059.JPG,100EK113\01180059.JPG,01180059.JPG,6076641,2026-01-18 17:18:48,moved
CT24,100EK113,01180060.JPG,100EK113\01180060.JPG,01180060.JPG,6030771,2026-01-18 17:18:50,moved
CT24,100EK113,01200061.JPG,100EK113\01200061.JPG,01200061.JPG,5221251,2026-01-20 21:44:54,moved
CT24,100EK113,01200062.JPG,100EK113\01200062.JPG,01200062.JPG,5112821,2026-01-20 21:44:54,moved
CT24,100EK113,01200063.JPG,100EK113\01200063.JPG,01200063.JPG,5215795,2026-01-20 21:44:56,moved
CT24,100EK113,01210064.JPG,100EK113\01210064.JPG,01210064.JPG,4968229,2026-01-21 01:13:26,moved
CT24,100EK113,01210065.JPG,100EK113\01210065.JPG,01210065.JPG,4974547,2026-01-21 01:13:29,moved
CT24,100EK113,01210066.JPG,100EK113\01210066.JPG,01210066.JPG,4977078,2026-01-21 01:13:28,moved
CT24,100EK113,01220067.JPG,100EK113\01220067.JPG,01220067.JPG,5788982,2026-01-22 16:37:20,moved
CT24,100EK113,01220068.JPG,100EK113\01220068.JPG,01220068.JPG,5865982,2026-01-22 16:37:23,moved
CT24,100EK113,01220069.JPG,100EK113\01220069.JPG,01220069.JPG,5819418,2026-01-22 16:37:22,moved
CT24,100EK113,01220070.JPG,100EK113\01220070.JPG,01220070.JPG,5860783,2026-01-22 16:49:48,moved
CT24,100EK113,01220071.JPG,100EK113\01220071.JPG,01220071.JPG,5865202,2026-01-22 16:49:48,moved
CT24,100EK113,01220072.JPG,100EK113\01220072.JPG,01220072.JPG,6113483,2026-01-22 16:49:50,moved
CT24,100EK113,01230073.JPG,100EK113\01230073.JPG,01230073.JPG,6093859,2026-01-23 16:10:19,moved
CT24,100EK113,01230074.JPG,100EK113\01230074.JPG,01230074.JPG,6146159,2026-01-23 16:10:18,moved
CT24,100EK113,01230075.JPG,100EK113\01230075.JPG,01230075.JPG,5796570,2026-01-23 16:10:18,moved
CT24,100EK113,01230076.JPG,100EK113\01230076.JPG,01230076.JPG,5845966,2026-01-23 16:37:48,moved
CT24,100EK113,01230077.JPG,100EK113\01230077.JPG,01230077.JPG,5571349,2026-01-23 16:37:50,moved
CT24,100EK113,01230078.JPG,100EK113\01230078.JPG,01230078.JPG,5578745,2026-01-23 16:37:50,moved
CT24,100EK113,01240079.JPG,100EK113\01240079.JPG,01240079.JPG,5614053,2026-01-24 16:56:18,moved
CT24,100EK113,01240080.JPG,100EK113\01240080.JPG,01240080.JPG,5614284,2026-01-24 16:56:18,moved
CT24,100EK113,01240081.JPG,100EK113\01240081.JPG,01240081.JPG,5667395,2026-01-24 16:56:18,moved
CT24,100EK113,01240082.JPG,100EK113\01240082.JPG,01240082.JPG,5734436,2026-01-24 17:25:24,moved
CT24,100EK113,01240083.JPG,100EK113\01240083.JPG,01240083.JPG,5672873,2026-01-24 17:25:24,moved
CT24,100EK113,01240084.JPG,100EK113\01240084.JPG,01240084.JPG,5692826,2026-01-24 17:25:26,moved
CT24,100EK113,02070085.JPG,100EK113\02070085.JPG,02070085.JPG,5815790,2026-02-07 15:44:05,moved
CT24,100EK113,02070086.JPG,100EK113\02070086.JPG,02070086.JPG,6252545,2026-02-07 15:44:04,moved
CT24,100EK113,02070087.JPG,100EK113\02070087.JPG,02070087.JPG,6236121,2026-02-07 15:44:04,moved
CT24,100EK113,02070088.JPG,100EK113\02070088.JPG,02070088.JPG,5803421,2026-02-07 17:45:34,moved
CT24,100EK113,02070089.JPG,100EK113\02070089.JPG,02070089.JPG,5748007,2026-02-07 17:45:36,moved
CT24,100EK113,02070090.JPG,100EK113\02070090.JPG,02070090.JPG,5596783,2026-02-07 17:45:36,moved
CT24,100EK113,02150091.JPG,100EK113\02150091.JPG,02150091.JPG,5644532,2026-02-15 16:43:24,moved
CT24,100EK113,02150092.JPG,100EK113\02150092.JPG,02150092.JPG,5700341,2026-02-15 16:43:24,moved
CT24,100EK113,02150093.JPG,100EK113\02150093.JPG,02150093.JPG,5667949,2026-02-15 16:43:27,moved
CT24,100EK113,02160094.JPG,100EK113\02160094.JPG,02160094.JPG,4388096,2026-02-16 03:26:28,moved
CT24,100EK113,02160095.JPG,100EK113\02160095.JPG,02160095.JPG,3526622,2026-02-16 03:26:30,moved
CT24,100EK113,02160096.JPG,100EK113\02160096.JPG,02160096.JPG,2448556,2026-02-16 03:26:32,moved
CT24,100EK113,02160097.JPG,100EK113\02160097.JPG,02160097.JPG,2468322,2026-02-16 03:26:37,moved
CT24,100EK113,02160098.JPG,100EK113\02160098.JPG,02160098.JPG,2150708,2026-02-16 03:26:38,moved
CT24,100EK113,02160099.JPG,100EK113\02160099.JPG,02160099.JPG,2535472,2026-02-16 03:26:38,moved
CT24,100EK113,02160100.JPG,100EK113\02160100.JPG,02160100.JPG,5819703,2026-02-16 16:32:20,moved
CT24,100EK113,02160101.JPG,100EK113\02160101.JPG,02160101.JPG,5764755,2026-02-16 16:32:22,moved
CT24,100EK113,02160102.JPG,100EK113\02160102.JPG,02160102.JPG,5783270,2026-02-16 16:32:22,moved
CT24,100EK113,02180103.JPG,100EK113\02180103.JPG,02180103.JPG,5743459,2026-02-18 17:31:22,moved
CT24,100EK113,02180104.JPG,100EK113\02180104.JPG,02180104.JPG,5696551,2026-02-18 17:31:24,moved
CT24,100EK113,02180105.JPG,100EK113\02180105.JPG,02180105.JPG,5863148,2026-02-18 17:31:24,moved
CT24,100EK113,02200106.JPG,100EK113\02200106.JPG,02200106.JPG,5642937,2026-02-20 16:44:20,moved
CT24,100EK113,02200107.JPG,100EK113\02200107.JPG,02200107.JPG,5728515,2026-02-20 16:44:20,moved
CT24,100EK113,02200108.JPG,100EK113\02200108.JPG,02200108.JPG,5726961,2026-02-20 16:44:20,moved
CT24,100EK113,02210109.JPG,100EK113\02210109.JPG,02210109.JPG,6020917,2026-02-21 17:10:04,moved
CT24,100EK113,02210110.JPG,100EK113\02210110.JPG,02210110.JPG,5999101,2026-02-21 17:10:04,moved
CT24,100EK113,02210111.JPG,100EK113\02210111.JPG,02210111.JPG,5828569,2026-02-21 17:10:04,moved
CT24,100EK113,02230112.JPG,100EK113\02230112.JPG,02230112.JPG,5660923,2026-02-23 16:49:25,moved
CT24,100EK113,02230113.JPG,100EK113\02230113.JPG,02230113.JPG,5676156,2026-02-23 16:49:24,moved
CT24,100EK113,02230114.JPG,100EK113\02230114.JPG,02230114.JPG,5591363,2026-02-23 16:49:24,moved
CT24,100EK113,02230115.JPG,100EK113\02230115.JPG,02230115.JPG,5728901,2026-02-23 17:00:54,moved
CT24,100EK113,02230116.JPG,100EK113\02230116.JPG,02230116.JPG,5520445,2026-02-23 17:00:54,moved
CT24,100EK113,02230117.JPG,100EK113\02230117.JPG,02230117.JPG,5582733,2026-02-23 17:00:56,moved
CT24,100EK113,02230118.JPG,100EK113\02230118.JPG,02230118.JPG,5775984,2026-02-23 17:40:44,moved
CT24,100EK113,02230119.JPG,100EK113\02230119.JPG,02230119.JPG,5942568,2026-02-23 17:40:46,moved
CT24,100EK113,02230120.JPG,100EK113\02230120.JPG,02230120.JPG,5873847,2026-02-23 17:40:46,moved
CT24,100EK113,02240121.JPG,100EK113\02240121.JPG,02240121.JPG,6106475,2026-02-24 11:38:56,moved
CT24,100EK113,02240122.JPG,100EK113\02240122.JPG,02240122.JPG,6117983,2026-02-24 11:38:56,moved
CT24,100EK113,02240123.JPG,100EK113\02240123.JPG,02240123.JPG,6098549,2026-02-24 11:38:56,moved
CT24,100EK113,02240124.JPG,100EK113\02240124.JPG,02240124.JPG,5790184,2026-02-24 17:10:44,moved
CT24,100EK113,02240125.JPG,100EK113\02240125.JPG,02240125.JPG,5938061,2026-02-24 17:10:46,moved
CT24,100EK113,02240126.JPG,100EK113\02240126.JPG,02240126.JPG,5944993,2026-02-24 17:10:46,moved
CT24,100EK113,02240127.JPG,100EK113\02240127.JPG,02240127.JPG,6175853,2026-02-24 18:28:18,moved
CT24,100EK113,02240128.JPG,100EK113\02240128.JPG,02240128.JPG,6219888,2026-02-24 18:28:18,moved
CT24,100EK113,02240129.JPG,100EK113\02240129.JPG,02240129.JPG,5979934,2026-02-24 18:28:21,moved
CT24,100EK113,02250130.JPG,100EK113\02250130.JPG,02250130.JPG,5871333,2026-02-25 17:07:00,moved
CT24,100EK113,02250131.JPG,100EK113\02250131.JPG,02250131.JPG,5796745,2026-02-25 17:07:03,moved
CT24,100EK113,02250132.JPG,100EK113\02250132.JPG,02250132.JPG,5809512,2026-02-25 17:07:02,moved
CT24,100EK113,02250133.JPG,100EK113\02250133.JPG,02250133.JPG,5765754,2026-02-25 17:07:04,moved
CT24,100EK113,02250134.JPG,100EK113\02250134.JPG,02250134.JPG,5738696,2026-02-25 17:07:07,moved
CT24,100EK113,02250135.JPG,100EK113\02250135.JPG,02250135.JPG,5818347,2026-02-25 17:07:06,moved
CT24,100EK113,02250136.JPG,100EK113\02250136.JPG,02250136.JPG,6005728,2026-02-25 17:19:40,moved
CT24,100EK113,02250137.JPG,100EK113\02250137.JPG,02250137.JPG,5989920,2026-02-25 17:19:40,moved
CT24,100EK113,02250138.JPG,100EK113\02250138.JPG,02250138.JPG,5771945,2026-02-25 17:19:43,moved
CT24,100EK113,02260139.JPG,100EK113\02260139.JPG,02260139.JPG,6141287,2026-02-26 16:57:40,moved
CT24,100EK113,02260140.JPG,100EK113\02260140.JPG,02260140.JPG,5899345,2026-02-26 16:57:42,moved
CT24,100EK113,02260141.JPG,100EK113\02260141.JPG,02260141.JPG,5735027,2026-02-26 16:57:42,moved
CT24,100EK113,02260142.JPG,100EK113\02260142.JPG,02260142.JPG,5737775,2026-02-26 17:12:06,moved
CT24,100EK113,02260143.JPG,100EK113\02260143.JPG,02260143.JPG,5847151,2026-02-26 17:12:08,moved
CT24,100EK113,02260144.JPG,100EK113\02260144.JPG,02260144.JPG,5726939,2026-02-26 17:12:08,moved
CT24,100EK113,02260145.JPG,100EK113\02260145.JPG,02260145.JPG,5634262,2026-02-26 17:14:16,moved
CT24,100EK113,02260146.JPG,100EK113\02260146.JPG,02260146.JPG,5756965,2026-02-26 17:14:16,moved
CT24,100EK113,02260147.JPG,100EK113\02260147.JPG,02260147.JPG,5793173,2026-02-26 17:14:18,moved
CT24,100EK113,02270148.JPG,100EK113\02270148.JPG,02270148.JPG,2381109,2026-02-27 03:48:53,moved
CT24,100EK113,02270149.JPG,100EK113\02270149.JPG,02270149.JPG,4807053,2026-02-27 03:48:52,moved
CT24,100EK113,02270150.JPG,100EK113\02270150.JPG,02270150.JPG,3384428,2026-02-27 03:48:54,moved
CT24,100EK113,02270151.JPG,100EK113\02270151.JPG,02270151.JPG,5777386,2026-02-27 16:52:28,moved
CT24,100EK113,02270152.JPG,100EK113\02270152.JPG,02270152.JPG,5741541,2026-02-27 16:52:30,moved
CT24,100EK113,02270153.JPG,100EK113\02270153.JPG,02270153.JPG,5812179,2026-02-27 16:52:30,moved
CT24,100EK113,03030154.JPG,100EK113\03030154.JPG,03030154.JPG,6063001,2026-03-03 12:56:48,moved
CT24,100EK113,03030155.JPG,100EK113\03030155.JPG,03030155.JPG,5904031,2026-03-03 12:56:48,moved
CT24,100EK113,03030156.JPG,100EK113\03030156.JPG,03030156.JPG,5882254,2026-03-03 12:56:48,moved
CT24,100EK113,03090157.JPG,100EK113\03090157.JPG,03090157.JPG,5900579,2026-03-09 17:21:42,moved
CT24,100EK113,03090158.JPG,100EK113\03090158.JPG,03090158.JPG,5796254,2026-03-09 17:21:42,moved
CT24,100EK113,03090159.JPG,100EK113\03090159.JPG,03090159.JPG,5782693,2026-03-09 17:21:44,moved
CT24,100EK113,03260160.JPG,100EK113\03260160.JPG,03260160.JPG,5315659,2026-03-26 11:13:48,moved
CT24,100EK113,03260161.JPG,100EK113\03260161.JPG,03260161.JPG,5292401,2026-03-26 11:13:48,moved
CT24,100EK113,03260162.JPG,100EK113\03260162.JPG,03260162.JPG,5294741,2026-03-26 11:13:48,moved
CT24,100EK113,03260163.JPG,100EK113\03260163.JPG,03260163.JPG,5318848,2026-03-26 11:13:50,moved
CT24,100EK113,03260164.JPG,100EK113\03260164.JPG,03260164.JPG,5311857,2026-03-26 11:13:50,moved
CT24,100EK113,03260165.JPG,100EK113\03260165.JPG,03260165.JPG,5309265,2026-03-26 11:13:53,moved
CT24,100EK113,03290166.JPG,100EK113\03290166.JPG,03290166.JPG,5943193,2026-03-29 12:49:45,moved
CT24,100EK113,03290167.JPG,100EK113\03290167.JPG,03290167.JPG,5950849,2026-03-29 12:49:44,moved
CT24,100EK113,03290168.JPG,100EK113\03290168.JPG,03290168.JPG,5865702,2026-03-29 12:49:44,moved
CT24,100EK113,04020169.JPG,100EK113\04020169.JPG,04020169.JPG,5679021,2026-04-02 16:09:02,moved
CT24,100EK113,04020170.JPG,100EK113\04020170.JPG,04020170.JPG,5861427,2026-04-02 16:09:04,moved
CT24,100EK113,04020171.JPG,100EK113\04020171.JPG,04020171.JPG,5614397,2026-04-02 16:09:04,moved
CT24,100EK113,04040172.JPG,100EK113\04040172.JPG,04040172.JPG,5671413,2026-04-04 14:44:56,moved
CT24,100EK113,04040173.JPG,100EK113\04040173.JPG,04040173.JPG,5432586,2026-04-04 14:44:56,moved
CT24,100EK113,04040174.JPG,100EK113\04040174.JPG,04040174.JPG,5504457,2026-04-04 14:44:59,moved
CT24,100EK113,04070175.JPG,100EK113\04070175.JPG,04070175.JPG,5846484,2026-04-07 16:35:38,moved
CT24,100EK113,04070176.JPG,100EK113\04070176.JPG,04070176.JPG,5743029,2026-04-07 16:35:40,moved
CT24,100EK113,04070177.JPG,100EK113\04070177.JPG,04070177.JPG,5758497,2026-04-07 16:35:40,moved
CT24,100EK113,04080178.JPG,100EK113\04080178.JPG,04080178.JPG,5855439,2026-04-08 16:15:32,moved
CT24,100EK113,04080179.JPG,100EK113\04080179.JPG,04080179.JPG,5806170,2026-04-08 16:15:32,moved
CT24,100EK113,04080180.JPG,100EK113\04080180.JPG,04080180.JPG,5785221,2026-04-08 16:15:32,moved
CT24,100EK113,04210181.JPG,100EK113\04210181.JPG,04210181.JPG,5677504,2026-04-21 16:32:32,moved
CT24,100EK113,04210182.JPG,100EK113\04210182.JPG,04210182.JPG,5793858,2026-04-21 16:32:34,moved
CT24,100EK113,04210183.JPG,100EK113\04210183.JPG,04210183.JPG,5728868,2026-04-21 16:32:34,moved
CT24,100EK113,05150184.JPG,100EK113\05150184.JPG,05150184.JPG,5654134,2026-05-15 11:31:52,moved
CT24,100EK113,05150185.JPG,100EK113\05150185.JPG,05150185.JPG,5573435,2026-05-15 11:31:52,moved
CT24,100EK113,05150186.JPG,100EK113\05150186.JPG,05150186.JPG,5796646,2026-05-15 11:31:52,moved
CT24,100EK113,05150187.JPG,100EK113\05150187.JPG,05150187.JPG,5861388,2026-05-15 11:31:54,moved
CT24,100EK113,05150188.JPG,100EK113\05150188.JPG,05150188.JPG,5903095,2026-05-15 11:31:56,moved
CT24,100EK113,05150189.JPG,100EK113\05150189.JPG,05150189.JPG,5912184,2026-05-15 11:31:56,moved
CT24,100EK113,05150190.JPG,100EK113\05150190.JPG,05150190.JPG,5683625,2026-05-15 11:31:59,moved
CT24,100EK113,05150191.JPG,100EK113\05150191.JPG,05150191.JPG,5876341,2026-05-15 11:31:58,moved
CT24,100EK113,05150192.JPG,100EK113\05150192.JPG,05150192.JPG,6024889,2026-05-15 11:31:58,moved
