deployment,original_path,new_path,action
CT_14,C:\Users\USUARIO\Desktop\BP Mayo 2026\SynologyDrive\CT_14\100EK113\01080001.JPG,C:\Users\USUARIO\Desktop\BP Mayo 2026\SynologyDrive\CT_14\01080001.JPG,moved
CT_14,C:\Users\USUARIO\Desktop\BP Mayo 2026\SynologyDrive\CT_14\100EK113\01080002.JPG,C:\Users\USUARIO\Desktop\BP Mayo 2026\SynologyDrive\CT_14\01080002.JPG,moved
CT_14,C:\Users\USUARIO\Desktop\BP Mayo 2026\SynologyDrive\CT_14\100EK113\01080003.JPG,C:\Users\USUARIO\Desktop\BP Mayo 2026\SynologyDrive\CT_14\01080003.JPG,moved
CT_14,C:\Users\USUARIO\Desktop\BP Mayo 2026\SynologyDrive\CT_14\100EK113\01080004.JPG,C:\Users\USUARIO\Desktop\BP Mayo 2026\SynologyDrive\CT_14\01080004.JPG,moved
CT_14,C:\Users\USUARIO\Desktop\BP Mayo 2026\SynologyDrive\CT_14\100EK113\01080005.JPG,C:\Users\USUARIO\Desktop\BP Mayo 2026\SynologyDrive\CT_14\01080005.JPG,moved
CT_14,C:\Users\USUARIO\Desktop\BP Mayo 2026\SynologyDrive\CT_14\100EK113\01080006.JPG,C:\Users\USUARIO\Desktop\BP Mayo 2026\SynologyDrive\CT_14\01080006.JPG,moved
CT_14,C:\Users\USUARIO\Desktop\BP Mayo 2026\SynologyDrive\CT_14\100EK113\01080007.JPG,C:\Users\USUARIO\Desktop\BP Mayo 2026\SynologyDrive\CT_14\01080007.JPG,moved
CT_14,C:\Users\USUARIO\Desktop\BP Mayo 2026\SynologyDrive\CT_14\100EK113\01080008.JPG,C:\Users\USUARIO\Desktop\BP Mayo 2026\SynologyDrive\CT_14\01080008.JPG,moved
CT_14,C:\Users\USUARIO\Desktop\BP Mayo 2026\SynologyDrive\CT_14\100EK113\01080009.JPG,C:\Users\USUARIO\Desktop\BP Mayo 2026\SynologyDrive\CT_14\01080009.JPG,moved
CT_14,C:\Users\USUARIO\Desktop\BP Mayo 2026\SynologyDrive\CT_14\100EK113\01080010.JPG,C:\Users\USUARIO\Desktop\BP Mayo 2026\SynologyDrive\CT_14\01080010.JPG,moved
CT_14,C:\Users\USUARIO\Desktop\BP Mayo 2026\SynologyDrive\CT_14\100EK113\01080011.JPG,C:\Users\USUARIO\Desktop\BP Mayo 2026\SynologyDrive\CT_14\01080011.JPG,moved
CT_14,C:\Users\USUARIO\Desktop\BP Mayo 2026\SynologyDrive\CT_14\100EK113\01080012.JPG,C:\Users\USUARIO\Desktop\BP Mayo 2026\SynologyDrive\CT_14\01080012.JPG,moved
CT_14,C:\Users\USUARIO\Desktop\BP Mayo 2026\SynologyDrive\CT_14\100EK113\01080013.JPG,C:\Users\USUARIO\Desktop\BP Mayo 2026\SynologyDrive\CT_14\01080013.JPG,moved
CT_14,C:\Users\USUARIO\Desktop\BP Mayo 2026\SynologyDrive\CT_14\100EK113\01080014.JPG,C:\Users\USUARIO\Desktop\BP Mayo 2026\SynologyDrive\CT_14\01080014.JPG,moved
CT_14,C:\Users\USUARIO\Desktop\BP Mayo 2026\SynologyDrive\CT_14\100EK113\01080015.JPG,C:\Users\USUARIO\Desktop\BP Mayo 2026\SynologyDrive\CT_14\01080015.JPG,moved
CT_14,C:\Users\USUARIO\Desktop\BP Mayo 2026\SynologyDrive\CT_14\100EK113\01080016.JPG,C:\Users\USUARIO\Desktop\BP Mayo 2026\SynologyDrive\CT_14\01080016.JPG,moved
CT_14,C:\Users\USUARIO\Desktop\BP Mayo 2026\SynologyDrive\CT_14\100EK113\01080017.JPG,C:\Users\USUARIO\Desktop\BP Mayo 2026\SynologyDrive\CT_14\01080017.JPG,moved
CT_14,C:\Users\USUARIO\Desktop\BP Mayo 2026\SynologyDrive\CT_14\100EK113\01080018.JPG,C:\Users\USUARIO\Desktop\BP Mayo 2026\SynologyDrive\CT_14\01080018.JPG,moved
CT_14,C:\Users\USUARIO\Desktop\BP Mayo 2026\SynologyDrive\CT_14\100EK113\01080019.JPG,C:\Users\USUARIO\Desktop\BP Mayo 2026\SynologyDrive\CT_14\01080019.JPG,moved
CT_14,C:\Users\USUARIO\Desktop\BP Mayo 2026\SynologyDrive\CT_14\100EK113\01080020.JPG,C:\Users\USUARIO\Desktop\BP Mayo 2026\SynologyDrive\CT_14\01080020.JPG,moved
CT_14,C:\Users\USUARIO\Desktop\BP Mayo 2026\SynologyDrive\CT_14\100EK113\01080021.JPG,C:\Users\USUARIO\Desktop\BP Mayo 2026\SynologyDrive\CT_14\01080021.JPG,moved
CT_14,C:\Users\USUARIO\Desktop\BP Mayo 2026\SynologyDrive\CT_14\100EK113\01080022.JPG,C:\Users\USUARIO\Desktop\BP Mayo 2026\SynologyDrive\CT_14\01080022.JPG,moved
CT_14,C:\Users\USUARIO\Desktop\BP Mayo 2026\SynologyDrive\CT_14\100EK113\01080023.JPG,C:\Users\USUARIO\Desktop\BP Mayo 2026\SynologyDrive\CT_14\01080023.JPG,moved
CT_14,C:\Users\USUARIO\Desktop\BP Mayo 2026\SynologyDrive\CT_14\100EK113\01080024.JPG,C:\Users\USUARIO\Desktop\BP Mayo 2026\SynologyDrive\CT_14\01080024.JPG,moved
CT_14,C:\Users\USUARIO\Desktop\BP Mayo 2026\SynologyDrive\CT_14\100EK113\01080025.JPG,C:\Users\USUARIO\Desktop\BP Mayo 2026\SynologyDrive\CT_14\01080025.JPG,moved
CT_14,C:\Users\USUARIO\Desktop\BP Mayo 2026\SynologyDrive\CT_14\100EK113\01080026.JPG,C:\Users\USUARIO\Desktop\BP Mayo 2026\SynologyDrive\CT_14\01080026.JPG,moved
CT_14,C:\Users\USUARIO\Desktop\BP Mayo 2026\SynologyDrive\CT_14\100EK113\01080027.JPG,C:\Users\USUARIO\Desktop\BP Mayo 2026\SynologyDrive\CT_14\01080027.JPG,moved
CT_14,C:\Users\USUARIO\Desktop\BP Mayo 2026\SynologyDrive\CT_14\100EK113\01080028.JPG,C:\Users\USUARIO\Desktop\BP Mayo 2026\SynologyDrive\CT_14\01080028.JPG,moved
CT_14,C:\Users\USUARIO\Desktop\BP Mayo 2026\SynologyDrive\CT_14\100EK113\01080029.JPG,C:\Users\USUARIO\Desktop\BP Mayo 2026\SynologyDrive\CT_14\01080029.JPG,moved
CT_14,C:\Users\USUARIO\Desktop\BP Mayo 2026\SynologyDrive\CT_14\100EK113\01080030.JPG,C:\Users\USUARIO\Desktop\BP Mayo 2026\SynologyDrive\CT_14\01080030.JPG,moved
CT_14,C:\Users\USUARIO\Desktop\BP Mayo 2026\SynologyDrive\CT_14\100EK113\01080031.JPG,C:\Users\USUARIO\Desktop\BP Mayo 2026\SynologyDrive\CT_14\01080031.JPG,moved
CT_14,C:\Users\USUARIO\Desktop\BP Mayo 2026\SynologyDrive\CT_14\100EK113\01080032.JPG,C:\Users\USUARIO\Desktop\BP Mayo 2026\SynologyDrive\CT_14\01080032.JPG,moved
CT_14,C:\Users\USUARIO\Desktop\BP Mayo 2026\SynologyDrive\CT_14\100EK113\01080033.JPG,C:\Users\USUARIO\Desktop\BP Mayo 2026\SynologyDrive\CT_14\01080033.JPG,moved
CT_14,C:\Users\USUARIO\Desktop\BP Mayo 2026\SynologyDrive\CT_14\100EK113\01080034.JPG,C:\Users\USUARIO\Desktop\BP Mayo 2026\SynologyDrive\CT_14\01080034.JPG,moved
CT_14,C:\Users\USUARIO\Desktop\BP Mayo 2026\SynologyDrive\CT_14\100EK113\01080035.JPG,C:\Users\USUARIO\Desktop\BP Mayo 2026\SynologyDrive\CT_14\01080035.JPG,moved
CT_14,C:\Users\USUARIO\Desktop\BP Mayo 2026\SynologyDrive\CT_14\100EK113\01080036.JPG,C:\Users\USUARIO\Desktop\BP Mayo 2026\SynologyDrive\CT_14\01080036.JPG,moved
CT_14,C:\Users\USUARIO\Desktop\BP Mayo 2026\SynologyDrive\CT_14\100EK113\01080037.JPG,C:\Users\USUARIO\Desktop\BP Mayo 2026\SynologyDrive\CT_14\01080037.JPG,moved
CT_14,C:\Users\USUARIO\Desktop\BP Mayo 2026\SynologyDrive\CT_14\100EK113\01080038.JPG,C:\Users\USUARIO\Desktop\BP Mayo 2026\SynologyDrive\CT_14\01080038.JPG,moved
CT_14,C:\Users\USUARIO\Desktop\BP Mayo 2026\SynologyDrive\CT_14\100EK113\01080039.JPG,C:\Users\USUARIO\Desktop\BP Mayo 2026\SynologyDrive\CT_14\01080039.JPG,moved
CT_14,C:\Users\USUARIO\Desktop\BP Mayo 2026\SynologyDrive\CT_14\100EK113\01080040.JPG,C:\Users\USUARIO\Desktop\BP Mayo 2026\SynologyDrive\CT_14\01080040.JPG,moved
CT_14,C:\Users\USUARIO\Desktop\BP Mayo 2026\SynologyDrive\CT_14\100EK113\01080041.JPG,C:\Users\USUARIO\Desktop\BP Mayo 2026\SynologyDrive\CT_14\01080041.JPG,moved
CT_14,C:\Users\USUARIO\Desktop\BP Mayo 2026\SynologyDrive\CT_14\100EK113\01080042.JPG,C:\Users\USUARIO\Desktop\BP Mayo 2026\SynologyDrive\CT_14\01080042.JPG,moved
CT_14,C:\Users\USUARIO\Desktop\BP Mayo 2026\SynologyDrive\CT_14\100EK113\01080043.JPG,C:\Users\USUARIO\Desktop\BP Mayo 2026\SynologyDrive\CT_14\01080043.JPG,moved
CT_14,C:\Users\USUARIO\Desktop\BP Mayo 2026\SynologyDrive\CT_14\100EK113\01080044.JPG,C:\Users\USUARIO\Desktop\BP Mayo 2026\SynologyDrive\CT_14\01080044.JPG,moved
CT_14,C:\Users\USUARIO\Desktop\BP Mayo 2026\SynologyDrive\CT_14\100EK113\01080045.JPG,C:\Users\USUARIO\Desktop\BP Mayo 2026\SynologyDrive\CT_14\01080045.JPG,moved
CT_14,C:\Users\USUARIO\Desktop\BP Mayo 2026\SynologyDrive\CT_14\100EK113\01080046.JPG,C:\Users\USUARIO\Desktop\BP Mayo 2026\SynologyDrive\CT_14\01080046.JPG,moved
CT_14,C:\Users\USUARIO\Desktop\BP Mayo 2026\SynologyDrive\CT_14\100EK113\01080047.JPG,C:\Users\USUARIO\Desktop\BP Mayo 2026\SynologyDrive\CT_14\01080047.JPG,moved
CT_14,C:\Users\USUARIO\Desktop\BP Mayo 2026\SynologyDrive\CT_14\100EK113\01080048.JPG,C:\Users\USUARIO\Desktop\BP Mayo 2026\SynologyDrive\CT_14\01080048.JPG,moved
CT_14,C:\Users\USUARIO\Desktop\BP Mayo 2026\SynologyDrive\CT_14\100EK113\01080049.JPG,C:\Users\USUARIO\Desktop\BP Mayo 2026\SynologyDrive\CT_14\01080049.JPG,moved
CT_14,C:\Users\USUARIO\Desktop\BP Mayo 2026\SynologyDrive\CT_14\100EK113\01080050.JPG,C:\Users\USUARIO\Desktop\BP Mayo 2026\SynologyDrive\CT_14\01080050.JPG,moved
CT_14,C:\Users\USUARIO\Desktop\BP Mayo 2026\SynologyDrive\CT_14\100EK113\01080051.JPG,C:\Users\USUARIO\Desktop\BP Mayo 2026\SynologyDrive\CT_14\01080051.JPG,moved
CT_14,C:\Users\USUARIO\Desktop\BP Mayo 2026\SynologyDrive\CT_14\100EK113\01080052.JPG,C:\Users\USUARIO\Desktop\BP Mayo 2026\SynologyDrive\CT_14\01080052.JPG,moved
CT_14,C:\Users\USUARIO\Desktop\BP Mayo 2026\SynologyDrive\CT_14\100EK113\01080053.JPG,C:\Users\USUARIO\Desktop\BP Mayo 2026\SynologyDrive\CT_14\01080053.JPG,moved
CT_14,C:\Users\USUARIO\Desktop\BP Mayo 2026\SynologyDrive\CT_14\100EK113\01080054.JPG,C:\Users\USUARIO\Desktop\BP Mayo 2026\SynologyDrive\CT_14\01080054.JPG,moved
CT_14,C:\Users\USUARIO\Desktop\BP Mayo 2026\SynologyDrive\CT_14\100EK113\01080055.JPG,C:\Users\USUARIO\Desktop\BP Mayo 2026\SynologyDrive\CT_14\01080055.JPG,moved
CT_14,C:\Users\USUARIO\Desktop\BP Mayo 2026\SynologyDrive\CT_14\100EK113\01080056.JPG,C:\Users\USUARIO\Desktop\BP Mayo 2026\SynologyDrive\CT_14\01080056.JPG,moved
CT_14,C:\Users\USUARIO\Desktop\BP Mayo 2026\SynologyDrive\CT_14\100EK113\01080057.JPG,C:\Users\USUARIO\Desktop\BP Mayo 2026\SynologyDrive\CT_14\01080057.JPG,moved
CT_14,C:\Users\USUARIO\Desktop\BP Mayo 2026\SynologyDrive\CT_14\100EK113\01080058.JPG,C:\Users\USUARIO\Desktop\BP Mayo 2026\SynologyDrive\CT_14\01080058.JPG,moved
CT_14,C:\Users\USUARIO\Desktop\BP Mayo 2026\SynologyDrive\CT_14\100EK113\01080059.JPG,C:\Users\USUARIO\Desktop\BP Mayo 2026\SynologyDrive\CT_14\01080059.JPG,moved
CT_14,C:\Users\USUARIO\Desktop\BP Mayo 2026\SynologyDrive\CT_14\100EK113\01080060.JPG,C:\Users\USUARIO\Desktop\BP Mayo 2026\SynologyDrive\CT_14\01080060.JPG,moved
CT_14,C:\Users\USUARIO\Desktop\BP Mayo 2026\SynologyDrive\CT_14\100EK113\01080061.JPG,C:\Users\USUARIO\Desktop\BP Mayo 2026\SynologyDrive\CT_14\01080061.JPG,moved
CT_14,C:\Users\USUARIO\Desktop\BP Mayo 2026\SynologyDrive\CT_14\100EK113\01080062.JPG,C:\Users\USUARIO\Desktop\BP Mayo 2026\SynologyDrive\CT_14\01080062.JPG,moved
CT_14,C:\Users\USUARIO\Desktop\BP Mayo 2026\SynologyDrive\CT_14\100EK113\01080063.JPG,C:\Users\USUARIO\Desktop\BP Mayo 2026\SynologyDrive\CT_14\01080063.JPG,moved
CT_14,C:\Users\USUARIO\Desktop\BP Mayo 2026\SynologyDrive\CT_14\100EK113\01080064.JPG,C:\Users\USUARIO\Desktop\BP Mayo 2026\SynologyDrive\CT_14\01080064.JPG,moved
CT_14,C:\Users\USUARIO\Desktop\BP Mayo 2026\SynologyDrive\CT_14\100EK113\01080065.JPG,C:\Users\USUARIO\Desktop\BP Mayo 2026\SynologyDrive\CT_14\01080065.JPG,moved
CT_14,C:\Users\USUARIO\Desktop\BP Mayo 2026\SynologyDrive\CT_14\100EK113\01080066.JPG,C:\Users\USUARIO\Desktop\BP Mayo 2026\SynologyDrive\CT_14\01080066.JPG,moved
CT_14,C:\Users\USUARIO\Desktop\BP Mayo 2026\SynologyDrive\CT_14\100EK113\01080067.JPG,C:\Users\USUARIO\Desktop\BP Mayo 2026\SynologyDrive\CT_14\01080067.JPG,moved
CT_14,C:\Users\USUARIO\Desktop\BP Mayo 2026\SynologyDrive\CT_14\100EK113\01080068.JPG,C:\Users\USUARIO\Desktop\BP Mayo 2026\SynologyDrive\CT_14\01080068.JPG,moved
CT_14,C:\Users\USUARIO\Desktop\BP Mayo 2026\SynologyDrive\CT_14\100EK113\01080069.JPG,C:\Users\USUARIO\Desktop\BP Mayo 2026\SynologyDrive\CT_14\01080069.JPG,moved
CT_14,C:\Users\USUARIO\Desktop\BP Mayo 2026\SynologyDrive\CT_14\100EK113\01080070.JPG,C:\Users\USUARIO\Desktop\BP Mayo 2026\SynologyDrive\CT_14\01080070.JPG,moved
CT_14,C:\Users\USUARIO\Desktop\BP Mayo 2026\SynologyDrive\CT_14\100EK113\01080071.JPG,C:\Users\USUARIO\Desktop\BP Mayo 2026\SynologyDrive\CT_14\01080071.JPG,moved
CT_14,C:\Users\USUARIO\Desktop\BP Mayo 2026\SynologyDrive\CT_14\100EK113\01080072.JPG,C:\Users\USUARIO\Desktop\BP Mayo 2026\SynologyDrive\CT_14\01080072.JPG,moved
CT_14,C:\Users\USUARIO\Desktop\BP Mayo 2026\SynologyDrive\CT_14\100EK113\01080073.JPG,C:\Users\USUARIO\Desktop\BP Mayo 2026\SynologyDrive\CT_14\01080073.JPG,moved
CT_14,C:\Users\USUARIO\Desktop\BP Mayo 2026\SynologyDrive\CT_14\100EK113\01080074.JPG,C:\Users\USUARIO\Desktop\BP Mayo 2026\SynologyDrive\CT_14\01080074.JPG,moved
CT_14,C:\Users\USUARIO\Desktop\BP Mayo 2026\SynologyDrive\CT_14\100EK113\01080075.JPG,C:\Users\USUARIO\Desktop\BP Mayo 2026\SynologyDrive\CT_14\01080075.JPG,moved
CT_14,C:\Users\USUARIO\Desktop\BP Mayo 2026\SynologyDrive\CT_14\100EK113\01080076.JPG,C:\Users\USUARIO\Desktop\BP Mayo 2026\SynologyDrive\CT_14\01080076.JPG,moved
CT_14,C:\Users\USUARIO\Desktop\BP Mayo 2026\SynologyDrive\CT_14\100EK113\01080077.JPG,C:\Users\USUARIO\Desktop\BP Mayo 2026\SynologyDrive\CT_14\01080077.JPG,moved
CT_14,C:\Users\USUARIO\Desktop\BP Mayo 2026\SynologyDrive\CT_14\100EK113\01080078.JPG,C:\Users\USUARIO\Desktop\BP Mayo 2026\SynologyDrive\CT_14\01080078.JPG,moved
CT_14,C:\Users\USUARIO\Desktop\BP Mayo 2026\SynologyDrive\CT_14\100EK113\01080079.JPG,C:\Users\USUARIO\Desktop\BP Mayo 2026\SynologyDrive\CT_14\01080079.JPG,moved
CT_14,C:\Users\USUARIO\Desktop\BP Mayo 2026\SynologyDrive\CT_14\100EK113\01080080.JPG,C:\Users\USUARIO\Desktop\BP Mayo 2026\SynologyDrive\CT_14\01080080.JPG,moved
CT_14,C:\Users\USUARIO\Desktop\BP Mayo 2026\SynologyDrive\CT_14\100EK113\01080081.JPG,C:\Users\USUARIO\Desktop\BP Mayo 2026\SynologyDrive\CT_14\01080081.JPG,moved
CT_14,C:\Users\USUARIO\Desktop\BP Mayo 2026\SynologyDrive\CT_14\100EK113\01080082.JPG,C:\Users\USUARIO\Desktop\BP Mayo 2026\SynologyDrive\CT_14\01080082.JPG,moved
CT_14,C:\Users\USUARIO\Desktop\BP Mayo 2026\SynologyDrive\CT_14\100EK113\01080083.JPG,C:\Users\USUARIO\Desktop\BP Mayo 2026\SynologyDrive\CT_14\01080083.JPG,moved
CT_14,C:\Users\USUARIO\Desktop\BP Mayo 2026\SynologyDrive\CT_14\100EK113\01080084.JPG,C:\Users\USUARIO\Desktop\BP Mayo 2026\SynologyDrive\CT_14\01080084.JPG,moved
CT_14,C:\Users\USUARIO\Desktop\BP Mayo 2026\SynologyDrive\CT_14\100EK113\01080085.JPG,C:\Users\USUARIO\Desktop\BP Mayo 2026\SynologyDrive\CT_14\01080085.JPG,moved
CT_14,C:\Users\USUARIO\Desktop\BP Mayo 2026\SynologyDrive\CT_14\100EK113\01080086.JPG,C:\Users\USUARIO\Desktop\BP Mayo 2026\SynologyDrive\CT_14\01080086.JPG,moved
CT_14,C:\Users\USUARIO\Desktop\BP Mayo 2026\SynologyDrive\CT_14\100EK113\01080087.JPG,C:\Users\USUARIO\Desktop\BP Mayo 2026\SynologyDrive\CT_14\01080087.JPG,moved
CT_14,C:\Users\USUARIO\Desktop\BP Mayo 2026\SynologyDrive\CT_14\100EK113\01080088.JPG,C:\Users\USUARIO\Desktop\BP Mayo 2026\SynologyDrive\CT_14\01080088.JPG,moved
CT_14,C:\Users\USUARIO\Desktop\BP Mayo 2026\SynologyDrive\CT_14\100EK113\01080089.JPG,C:\Users\USUARIO\Desktop\BP Mayo 2026\SynologyDrive\CT_14\01080089.JPG,moved
CT_14,C:\Users\USUARIO\Desktop\BP Mayo 2026\SynologyDrive\CT_14\100EK113\01080090.JPG,C:\Users\USUARIO\Desktop\BP Mayo 2026\SynologyDrive\CT_14\01080090.JPG,moved
CT_14,C:\Users\USUARIO\Desktop\BP Mayo 2026\SynologyDrive\CT_14\100EK113\01080091.JPG,C:\Users\USUARIO\Desktop\BP Mayo 2026\SynologyDrive\CT_14\01080091.JPG,moved
CT_14,C:\Users\USUARIO\Desktop\BP Mayo 2026\SynologyDrive\CT_14\100EK113\01080092.JPG,C:\Users\USUARIO\Desktop\BP Mayo 2026\SynologyDrive\CT_14\01080092.JPG,moved
CT_14,C:\Users\USUARIO\Desktop\BP Mayo 2026\SynologyDrive\CT_14\100EK113\01080093.JPG,C:\Users\USUARIO\Desktop\BP Mayo 2026\SynologyDrive\CT_14\01080093.JPG,moved
CT_14,C:\Users\USUARIO\Desktop\BP Mayo 2026\SynologyDrive\CT_14\100EK113\01080094.JPG,C:\Users\USUARIO\Desktop\BP Mayo 2026\SynologyDrive\CT_14\01080094.JPG,moved
CT_14,C:\Users\USUARIO\Desktop\BP Mayo 2026\SynologyDrive\CT_14\100EK113\01080095.JPG,C:\Users\USUARIO\Desktop\BP Mayo 2026\SynologyDrive\CT_14\01080095.JPG,moved
CT_14,C:\Users\USUARIO\Desktop\BP Mayo 2026\SynologyDrive\CT_14\100EK113\01080096.JPG,C:\Users\USUARIO\Desktop\BP Mayo 2026\SynologyDrive\CT_14\01080096.JPG,moved
CT_14,C:\Users\USUARIO\Desktop\BP Mayo 2026\SynologyDrive\CT_14\100EK113\01080097.JPG,C:\Users\USUARIO\Desktop\BP Mayo 2026\SynologyDrive\CT_14\01080097.JPG,moved
CT_14,C:\Users\USUARIO\Desktop\BP Mayo 2026\SynologyDrive\CT_14\100EK113\01080098.JPG,C:\Users\USUARIO\Desktop\BP Mayo 2026\SynologyDrive\CT_14\01080098.JPG,moved
CT_14,C:\Users\USUARIO\Desktop\BP Mayo 2026\SynologyDrive\CT_14\100EK113\01080099.JPG,C:\Users\USUARIO\Desktop\BP Mayo 2026\SynologyDrive\CT_14\01080099.JPG,moved
CT_14,C:\Users\USUARIO\Desktop\BP Mayo 2026\SynologyDrive\CT_14\100EK113\01080100.JPG,C:\Users\USUARIO\Desktop\BP Mayo 2026\SynologyDrive\CT_14\01080100.JPG,moved
CT_14,C:\Users\USUARIO\Desktop\BP Mayo 2026\SynologyDrive\CT_14\100EK113\01080101.JPG,C:\Users\USUARIO\Desktop\BP Mayo 2026\SynologyDrive\CT_14\01080101.JPG,moved
CT_14,C:\Users\USUARIO\Desktop\BP Mayo 2026\SynologyDrive\CT_14\100EK113\01080102.JPG,C:\Users\USUARIO\Desktop\BP Mayo 2026\SynologyDrive\CT_14\01080102.JPG,moved
CT_14,C:\Users\USUARIO\Desktop\BP Mayo 2026\SynologyDrive\CT_14\100EK113\01080103.JPG,C:\Users\USUARIO\Desktop\BP Mayo 2026\SynologyDrive\CT_14\01080103.JPG,moved
CT_14,C:\Users\USUARIO\Desktop\BP Mayo 2026\SynologyDrive\CT_14\100EK113\01080104.JPG,C:\Users\USUARIO\Desktop\BP Mayo 2026\SynologyDrive\CT_14\01080104.JPG,moved
CT_14,C:\Users\USUARIO\Desktop\BP Mayo 2026\SynologyDrive\CT_14\100EK113\01080105.JPG,C:\Users\USUARIO\Desktop\BP Mayo 2026\SynologyDrive\CT_14\01080105.JPG,moved
CT_14,C:\Users\USUARIO\Desktop\BP Mayo 2026\SynologyDrive\CT_14\100EK113\01080106.JPG,C:\Users\USUARIO\Desktop\BP Mayo 2026\SynologyDrive\CT_14\01080106.JPG,moved
CT_14,C:\Users\USUARIO\Desktop\BP Mayo 2026\SynologyDrive\CT_14\100EK113\01080107.JPG,C:\Users\USUARIO\Desktop\BP Mayo 2026\SynologyDrive\CT_14\01080107.JPG,moved
CT_14,C:\Users\USUARIO\Desktop\BP Mayo 2026\SynologyDrive\CT_14\100EK113\01080108.JPG,C:\Users\USUARIO\Desktop\BP Mayo 2026\SynologyDrive\CT_14\01080108.JPG,moved
CT_14,C:\Users\USUARIO\Desktop\BP Mayo 2026\SynologyDrive\CT_14\100EK113\01080109.JPG,C:\Users\USUARIO\Desktop\BP Mayo 2026\SynologyDrive\CT_14\01080109.JPG,moved
CT_14,C:\Users\USUARIO\Desktop\BP Mayo 2026\SynologyDrive\CT_14\100EK113\01080110.JPG,C:\Users\USUARIO\Desktop\BP Mayo 2026\SynologyDrive\CT_14\01080110.JPG,moved
CT_14,C:\Users\USUARIO\Desktop\BP Mayo 2026\SynologyDrive\CT_14\100EK113\01080111.JPG,C:\Users\USUARIO\Desktop\BP Mayo 2026\SynologyDrive\CT_14\01080111.JPG,moved
CT_14,C:\Users\USUARIO\Desktop\BP Mayo 2026\SynologyDrive\CT_14\100EK113\01080112.JPG,C:\Users\USUARIO\Desktop\BP Mayo 2026\SynologyDrive\CT_14\01080112.JPG,moved
CT_14,C:\Users\USUARIO\Desktop\BP Mayo 2026\SynologyDrive\CT_14\100EK113\01080113.JPG,C:\Users\USUARIO\Desktop\BP Mayo 2026\SynologyDrive\CT_14\01080113.JPG,moved
CT_14,C:\Users\USUARIO\Desktop\BP Mayo 2026\SynologyDrive\CT_14\100EK113\01080114.JPG,C:\Users\USUARIO\Desktop\BP Mayo 2026\SynologyDrive\CT_14\01080114.JPG,moved
CT_14,C:\Users\USUARIO\Desktop\BP Mayo 2026\SynologyDrive\CT_14\100EK113\01080115.JPG,C:\Users\USUARIO\Desktop\BP Mayo 2026\SynologyDrive\CT_14\01080115.JPG,moved
CT_14,C:\Users\USUARIO\Desktop\BP Mayo 2026\SynologyDrive\CT_14\100EK113\01080116.JPG,C:\Users\USUARIO\Desktop\BP Mayo 2026\SynologyDrive\CT_14\01080116.JPG,moved
CT_14,C:\Users\USUARIO\Desktop\BP Mayo 2026\SynologyDrive\CT_14\100EK113\01080117.JPG,C:\Users\USUARIO\Desktop\BP Mayo 2026\SynologyDrive\CT_14\01080117.JPG,moved
CT_14,C:\Users\USUARIO\Desktop\BP Mayo 2026\SynologyDrive\CT_14\100EK113\01080118.JPG,C:\Users\USUARIO\Desktop\BP Mayo 2026\SynologyDrive\CT_14\01080118.JPG,moved
CT_14,C:\Users\USUARIO\Desktop\BP Mayo 2026\SynologyDrive\CT_14\100EK113\01080119.JPG,C:\Users\USUARIO\Desktop\BP Mayo 2026\SynologyDrive\CT_14\01080119.JPG,moved
CT_14,C:\Users\USUARIO\Desktop\BP Mayo 2026\SynologyDrive\CT_14\100EK113\01080120.JPG,C:\Users\USUARIO\Desktop\BP Mayo 2026\SynologyDrive\CT_14\01080120.JPG,moved
CT_14,C:\Users\USUARIO\Desktop\BP Mayo 2026\SynologyDrive\CT_14\100EK113\01080121.JPG,C:\Users\USUARIO\Desktop\BP Mayo 2026\SynologyDrive\CT_14\01080121.JPG,moved
CT_14,C:\Users\USUARIO\Desktop\BP Mayo 2026\SynologyDrive\CT_14\100EK113\01080122.JPG,C:\Users\USUARIO\Desktop\BP Mayo 2026\SynologyDrive\CT_14\01080122.JPG,moved
CT_14,C:\Users\USUARIO\Desktop\BP Mayo 2026\SynologyDrive\CT_14\100EK113\01080123.JPG,C:\Users\USUARIO\Desktop\BP Mayo 2026\SynologyDrive\CT_14\01080123.JPG,moved
CT_14,C:\Users\USUARIO\Desktop\BP Mayo 2026\SynologyDrive\CT_14\100EK113\01080124.JPG,C:\Users\USUARIO\Desktop\BP Mayo 2026\SynologyDrive\CT_14\01080124.JPG,moved
CT_14,C:\Users\USUARIO\Desktop\BP Mayo 2026\SynologyDrive\CT_14\100EK113\01080125.JPG,C:\Users\USUARIO\Desktop\BP Mayo 2026\SynologyDrive\CT_14\01080125.JPG,moved
CT_14,C:\Users\USUARIO\Desktop\BP Mayo 2026\SynologyDrive\CT_14\100EK113\01080126.JPG,C:\Users\USUARIO\Desktop\BP Mayo 2026\SynologyDrive\CT_14\01080126.JPG,moved
CT_14,C:\Users\USUARIO\Desktop\BP Mayo 2026\SynologyDrive\CT_14\100EK113\01080127.JPG,C:\Users\USUARIO\Desktop\BP Mayo 2026\SynologyDrive\CT_14\01080127.JPG,moved
CT_14,C:\Users\USUARIO\Desktop\BP Mayo 2026\SynologyDrive\CT_14\100EK113\01080128.JPG,C:\Users\USUARIO\Desktop\BP Mayo 2026\SynologyDrive\CT_14\01080128.JPG,moved
CT_14,C:\Users\USUARIO\Desktop\BP Mayo 2026\SynologyDrive\CT_14\100EK113\01080129.JPG,C:\Users\USUARIO\Desktop\BP Mayo 2026\SynologyDrive\CT_14\01080129.JPG,moved
CT_14,C:\Users\USUARIO\Desktop\BP Mayo 2026\SynologyDrive\CT_14\100EK113\01080130.JPG,C:\Users\USUARIO\Desktop\BP Mayo 2026\SynologyDrive\CT_14\01080130.JPG,moved
CT_14,C:\Users\USUARIO\Desktop\BP Mayo 2026\SynologyDrive\CT_14\100EK113\01080131.JPG,C:\Users\USUARIO\Desktop\BP Mayo 2026\SynologyDrive\CT_14\01080131.JPG,moved
CT_14,C:\Users\USUARIO\Desktop\BP Mayo 2026\SynologyDrive\CT_14\100EK113\01080132.JPG,C:\Users\USUARIO\Desktop\BP Mayo 2026\SynologyDrive\CT_14\01080132.JPG,moved
CT_14,C:\Users\USUARIO\Desktop\BP Mayo 2026\SynologyDrive\CT_14\100EK113\01080133.JPG,C:\Users\USUARIO\Desktop\BP Mayo 2026\SynologyDrive\CT_14\01080133.JPG,moved
CT_14,C:\Users\USUARIO\Desktop\BP Mayo 2026\SynologyDrive\CT_14\100EK113\01080134.JPG,C:\Users\USUARIO\Desktop\BP Mayo 2026\SynologyDrive\CT_14\01080134.JPG,moved
CT_14,C:\Users\USUARIO\Desktop\BP Mayo 2026\SynologyDrive\CT_14\100EK113\01080135.JPG,C:\Users\USUARIO\Desktop\BP Mayo 2026\SynologyDrive\CT_14\01080135.JPG,moved
CT_14,C:\Users\USUARIO\Desktop\BP Mayo 2026\SynologyDrive\CT_14\100EK113\01080136.JPG,C:\Users\USUARIO\Desktop\BP Mayo 2026\SynologyDrive\CT_14\01080136.JPG,moved
CT_14,C:\Users\USUARIO\Desktop\BP Mayo 2026\SynologyDrive\CT_14\100EK113\01080137.JPG,C:\Users\USUARIO\Desktop\BP Mayo 2026\SynologyDrive\CT_14\01080137.JPG,moved
CT_14,C:\Users\USUARIO\Desktop\BP Mayo 2026\SynologyDrive\CT_14\100EK113\01080138.JPG,C:\Users\USUARIO\Desktop\BP Mayo 2026\SynologyDrive\CT_14\01080138.JPG,moved
CT_14,C:\Users\USUARIO\Desktop\BP Mayo 2026\SynologyDrive\CT_14\100EK113\01080139.JPG,C:\Users\USUARIO\Desktop\BP Mayo 2026\SynologyDrive\CT_14\01080139.JPG,moved
CT_14,C:\Users\USUARIO\Desktop\BP Mayo 2026\SynologyDrive\CT_14\100EK113\01080140.JPG,C:\Users\USUARIO\Desktop\BP Mayo 2026\SynologyDrive\CT_14\01080140.JPG,moved
CT_14,C:\Users\USUARIO\Desktop\BP Mayo 2026\SynologyDrive\CT_14\100EK113\01080141.JPG,C:\Users\USUARIO\Desktop\BP Mayo 2026\SynologyDrive\CT_14\01080141.JPG,moved
CT_14,C:\Users\USUARIO\Desktop\BP Mayo 2026\SynologyDrive\CT_14\100EK113\01080142.JPG,C:\Users\USUARIO\Desktop\BP Mayo 2026\SynologyDrive\CT_14\01080142.JPG,moved
CT_14,C:\Users\USUARIO\Desktop\BP Mayo 2026\SynologyDrive\CT_14\100EK113\01080143.JPG,C:\Users\USUARIO\Desktop\BP Mayo 2026\SynologyDrive\CT_14\01080143.JPG,moved
CT_14,C:\Users\USUARIO\Desktop\BP Mayo 2026\SynologyDrive\CT_14\100EK113\01080144.JPG,C:\Users\USUARIO\Desktop\BP Mayo 2026\SynologyDrive\CT_14\01080144.JPG,moved
CT_14,C:\Users\USUARIO\Desktop\BP Mayo 2026\SynologyDrive\CT_14\100EK113\01080145.JPG,C:\Users\USUARIO\Desktop\BP Mayo 2026\SynologyDrive\CT_14\01080145.JPG,moved
CT_14,C:\Users\USUARIO\Desktop\BP Mayo 2026\SynologyDrive\CT_14\100EK113\01080146.JPG,C:\Users\USUARIO\Desktop\BP Mayo 2026\SynologyDrive\CT_14\01080146.JPG,moved
CT_14,C:\Users\USUARIO\Desktop\BP Mayo 2026\SynologyDrive\CT_14\100EK113\01080147.JPG,C:\Users\USUARIO\Desktop\BP Mayo 2026\SynologyDrive\CT_14\01080147.JPG,moved
CT_14,C:\Users\USUARIO\Desktop\BP Mayo 2026\SynologyDrive\CT_14\100EK113\01080148.JPG,C:\Users\USUARIO\Desktop\BP Mayo 2026\SynologyDrive\CT_14\01080148.JPG,moved
CT_14,C:\Users\USUARIO\Desktop\BP Mayo 2026\SynologyDrive\CT_14\100EK113\01080149.JPG,C:\Users\USUARIO\Desktop\BP Mayo 2026\SynologyDrive\CT_14\01080149.JPG,moved
CT_14,C:\Users\USUARIO\Desktop\BP Mayo 2026\SynologyDrive\CT_14\100EK113\01080150.JPG,C:\Users\USUARIO\Desktop\BP Mayo 2026\SynologyDrive\CT_14\01080150.JPG,moved
CT_14,C:\Users\USUARIO\Desktop\BP Mayo 2026\SynologyDrive\CT_14\100EK113\01080151.JPG,C:\Users\USUARIO\Desktop\BP Mayo 2026\SynologyDrive\CT_14\01080151.JPG,moved
CT_14,C:\Users\USUARIO\Desktop\BP Mayo 2026\SynologyDrive\CT_14\100EK113\01080152.JPG,C:\Users\USUARIO\Desktop\BP Mayo 2026\SynologyDrive\CT_14\01080152.JPG,moved
CT_14,C:\Users\USUARIO\Desktop\BP Mayo 2026\SynologyDrive\CT_14\100EK113\01080153.JPG,C:\Users\USUARIO\Desktop\BP Mayo 2026\SynologyDrive\CT_14\01080153.JPG,moved
CT_14,C:\Users\USUARIO\Desktop\BP Mayo 2026\SynologyDrive\CT_14\100EK113\01080154.JPG,C:\Users\USUARIO\Desktop\BP Mayo 2026\SynologyDrive\CT_14\01080154.JPG,moved
CT_14,C:\Users\USUARIO\Desktop\BP Mayo 2026\SynologyDrive\CT_14\100EK113\01080155.JPG,C:\Users\USUARIO\Desktop\BP Mayo 2026\SynologyDrive\CT_14\01080155.JPG,moved
CT_14,C:\Users\USUARIO\Desktop\BP Mayo 2026\SynologyDrive\CT_14\100EK113\01080156.JPG,C:\Users\USUARIO\Desktop\BP Mayo 2026\SynologyDrive\CT_14\01080156.JPG,moved
CT_14,C:\Users\USUARIO\Desktop\BP Mayo 2026\SynologyDrive\CT_14\100EK113\01080157.JPG,C:\Users\USUARIO\Desktop\BP Mayo 2026\SynologyDrive\CT_14\01080157.JPG,moved
CT_14,C:\Users\USUARIO\Desktop\BP Mayo 2026\SynologyDrive\CT_14\100EK113\01080158.JPG,C:\Users\USUARIO\Desktop\BP Mayo 2026\SynologyDrive\CT_14\01080158.JPG,moved
CT_14,C:\Users\USUARIO\Desktop\BP Mayo 2026\SynologyDrive\CT_14\100EK113\01080159.JPG,C:\Users\USUARIO\Desktop\BP Mayo 2026\SynologyDrive\CT_14\01080159.JPG,moved
CT_14,C:\Users\USUARIO\Desktop\BP Mayo 2026\SynologyDrive\CT_14\100EK113\01080160.JPG,C:\Users\USUARIO\Desktop\BP Mayo 2026\SynologyDrive\CT_14\01080160.JPG,moved
CT_14,C:\Users\USUARIO\Desktop\BP Mayo 2026\SynologyDrive\CT_14\100EK113\01080161.JPG,C:\Users\USUARIO\Desktop\BP Mayo 2026\SynologyDrive\CT_14\01080161.JPG,moved
CT_14,C:\Users\USUARIO\Desktop\BP Mayo 2026\SynologyDrive\CT_14\100EK113\01080162.JPG,C:\Users\USUARIO\Desktop\BP Mayo 2026\SynologyDrive\CT_14\01080162.JPG,moved
CT_14,C:\Users\USUARIO\Desktop\BP Mayo 2026\SynologyDrive\CT_14\100EK113\01080163.JPG,C:\Users\USUARIO\Desktop\BP Mayo 2026\SynologyDrive\CT_14\01080163.JPG,moved
CT_14,C:\Users\USUARIO\Desktop\BP Mayo 2026\SynologyDrive\CT_14\100EK113\01080164.JPG,C:\Users\USUARIO\Desktop\BP Mayo 2026\SynologyDrive\CT_14\01080164.JPG,moved
CT_14,C:\Users\USUARIO\Desktop\BP Mayo 2026\SynologyDrive\CT_14\100EK113\01080165.JPG,C:\Users\USUARIO\Desktop\BP Mayo 2026\SynologyDrive\CT_14\01080165.JPG,moved
CT_14,C:\Users\USUARIO\Desktop\BP Mayo 2026\SynologyDrive\CT_14\100EK113\01080166.JPG,C:\Users\USUARIO\Desktop\BP Mayo 2026\SynologyDrive\CT_14\01080166.JPG,moved
CT_14,C:\Users\USUARIO\Desktop\BP Mayo 2026\SynologyDrive\CT_14\100EK113\01080167.JPG,C:\Users\USUARIO\Desktop\BP Mayo 2026\SynologyDrive\CT_14\01080167.JPG,moved
CT_14,C:\Users\USUARIO\Desktop\BP Mayo 2026\SynologyDrive\CT_14\100EK113\01080168.JPG,C:\Users\USUARIO\Desktop\BP Mayo 2026\SynologyDrive\CT_14\01080168.JPG,moved
CT_14,C:\Users\USUARIO\Desktop\BP Mayo 2026\SynologyDrive\CT_14\100EK113\01080169.JPG,C:\Users\USUARIO\Desktop\BP Mayo 2026\SynologyDrive\CT_14\01080169.JPG,moved
CT_14,C:\Users\USUARIO\Desktop\BP Mayo 2026\SynologyDrive\CT_14\100EK113\01080170.JPG,C:\Users\USUARIO\Desktop\BP Mayo 2026\SynologyDrive\CT_14\01080170.JPG,moved
CT_14,C:\Users\USUARIO\Desktop\BP Mayo 2026\SynologyDrive\CT_14\100EK113\01080171.JPG,C:\Users\USUARIO\Desktop\BP Mayo 2026\SynologyDrive\CT_14\01080171.JPG,moved
CT_14,C:\Users\USUARIO\Desktop\BP Mayo 2026\SynologyDrive\CT_14\100EK113\01080172.JPG,C:\Users\USUARIO\Desktop\BP Mayo 2026\SynologyDrive\CT_14\01080172.JPG,moved
CT_14,C:\Users\USUARIO\Desktop\BP Mayo 2026\SynologyDrive\CT_14\100EK113\01080173.JPG,C:\Users\USUARIO\Desktop\BP Mayo 2026\SynologyDrive\CT_14\01080173.JPG,moved
CT_14,C:\Users\USUARIO\Desktop\BP Mayo 2026\SynologyDrive\CT_14\100EK113\01080174.JPG,C:\Users\USUARIO\Desktop\BP Mayo 2026\SynologyDrive\CT_14\01080174.JPG,moved
CT_14,C:\Users\USUARIO\Desktop\BP Mayo 2026\SynologyDrive\CT_14\100EK113\01080175.JPG,C:\Users\USUARIO\Desktop\BP Mayo 2026\SynologyDrive\CT_14\01080175.JPG,moved
CT_14,C:\Users\USUARIO\Desktop\BP Mayo 2026\SynologyDrive\CT_14\100EK113\01080176.JPG,C:\Users\USUARIO\Desktop\BP Mayo 2026\SynologyDrive\CT_14\01080176.JPG,moved
CT_14,C:\Users\USUARIO\Desktop\BP Mayo 2026\SynologyDrive\CT_14\100EK113\01080177.JPG,C:\Users\USUARIO\Desktop\BP Mayo 2026\SynologyDrive\CT_14\01080177.JPG,moved
CT_14,C:\Users\USUARIO\Desktop\BP Mayo 2026\SynologyDrive\CT_14\100EK113\01080178.JPG,C:\Users\USUARIO\Desktop\BP Mayo 2026\SynologyDrive\CT_14\01080178.JPG,moved
CT_14,C:\Users\USUARIO\Desktop\BP Mayo 2026\SynologyDrive\CT_14\100EK113\01080179.JPG,C:\Users\USUARIO\Desktop\BP Mayo 2026\SynologyDrive\CT_14\01080179.JPG,moved
CT_14,C:\Users\USUARIO\Desktop\BP Mayo 2026\SynologyDrive\CT_14\100EK113\01080180.JPG,C:\Users\USUARIO\Desktop\BP Mayo 2026\SynologyDrive\CT_14\01080180.JPG,moved
CT_14,C:\Users\USUARIO\Desktop\BP Mayo 2026\SynologyDrive\CT_14\100EK113\01080181.JPG,C:\Users\USUARIO\Desktop\BP Mayo 2026\SynologyDrive\CT_14\01080181.JPG,moved
CT_14,C:\Users\USUARIO\Desktop\BP Mayo 2026\SynologyDrive\CT_14\100EK113\01080182.JPG,C:\Users\USUARIO\Desktop\BP Mayo 2026\SynologyDrive\CT_14\01080182.JPG,moved
CT_14,C:\Users\USUARIO\Desktop\BP Mayo 2026\SynologyDrive\CT_14\100EK113\01080183.JPG,C:\Users\USUARIO\Desktop\BP Mayo 2026\SynologyDrive\CT_14\01080183.JPG,moved
CT_14,C:\Users\USUARIO\Desktop\BP Mayo 2026\SynologyDrive\CT_14\100EK113\01080184.JPG,C:\Users\USUARIO\Desktop\BP Mayo 2026\SynologyDrive\CT_14\01080184.JPG,moved
CT_14,C:\Users\USUARIO\Desktop\BP Mayo 2026\SynologyDrive\CT_14\100EK113\01080185.JPG,C:\Users\USUARIO\Desktop\BP Mayo 2026\SynologyDrive\CT_14\01080185.JPG,moved
CT_14,C:\Users\USUARIO\Desktop\BP Mayo 2026\SynologyDrive\CT_14\100EK113\01080186.JPG,C:\Users\USUARIO\Desktop\BP Mayo 2026\SynologyDrive\CT_14\01080186.JPG,moved
CT_14,C:\Users\USUARIO\Desktop\BP Mayo 2026\SynologyDrive\CT_14\100EK113\01080187.JPG,C:\Users\USUARIO\Desktop\BP Mayo 2026\SynologyDrive\CT_14\01080187.JPG,moved
CT_14,C:\Users\USUARIO\Desktop\BP Mayo 2026\SynologyDrive\CT_14\100EK113\01080188.JPG,C:\Users\USUARIO\Desktop\BP Mayo 2026\SynologyDrive\CT_14\01080188.JPG,moved
CT_14,C:\Users\USUARIO\Desktop\BP Mayo 2026\SynologyDrive\CT_14\100EK113\01080189.JPG,C:\Users\USUARIO\Desktop\BP Mayo 2026\SynologyDrive\CT_14\01080189.JPG,moved
CT_14,C:\Users\USUARIO\Desktop\BP Mayo 2026\SynologyDrive\CT_14\100EK113\01080190.JPG,C:\Users\USUARIO\Desktop\BP Mayo 2026\SynologyDrive\CT_14\01080190.JPG,moved
CT_14,C:\Users\USUARIO\Desktop\BP Mayo 2026\SynologyDrive\CT_14\100EK113\01080191.JPG,C:\Users\USUARIO\Desktop\BP Mayo 2026\SynologyDrive\CT_14\01080191.JPG,moved
CT_14,C:\Users\USUARIO\Desktop\BP Mayo 2026\SynologyDrive\CT_14\100EK113\01080192.JPG,C:\Users\USUARIO\Desktop\BP Mayo 2026\SynologyDrive\CT_14\01080192.JPG,moved
CT_14,C:\Users\USUARIO\Desktop\BP Mayo 2026\SynologyDrive\CT_14\100EK113\01080193.JPG,C:\Users\USUARIO\Desktop\BP Mayo 2026\SynologyDrive\CT_14\01080193.JPG,moved
CT_14,C:\Users\USUARIO\Desktop\BP Mayo 2026\SynologyDrive\CT_14\100EK113\01080194.JPG,C:\Users\USUARIO\Desktop\BP Mayo 2026\SynologyDrive\CT_14\01080194.JPG,moved
CT_14,C:\Users\USUARIO\Desktop\BP Mayo 2026\SynologyDrive\CT_14\100EK113\01080195.JPG,C:\Users\USUARIO\Desktop\BP Mayo 2026\SynologyDrive\CT_14\01080195.JPG,moved
CT_14,C:\Users\USUARIO\Desktop\BP Mayo 2026\SynologyDrive\CT_14\100EK113\01080196.JPG,C:\Users\USUARIO\Desktop\BP Mayo 2026\SynologyDrive\CT_14\01080196.JPG,moved
CT_14,C:\Users\USUARIO\Desktop\BP Mayo 2026\SynologyDrive\CT_14\100EK113\01080197.JPG,C:\Users\USUARIO\Desktop\BP Mayo 2026\SynologyDrive\CT_14\01080197.JPG,moved
CT_14,C:\Users\USUARIO\Desktop\BP Mayo 2026\SynologyDrive\CT_14\100EK113\01080198.JPG,C:\Users\USUARIO\Desktop\BP Mayo 2026\SynologyDrive\CT_14\01080198.JPG,moved
CT_14,C:\Users\USUARIO\Desktop\BP Mayo 2026\SynologyDrive\CT_14\100EK113\01080199.JPG,C:\Users\USUARIO\Desktop\BP Mayo 2026\SynologyDrive\CT_14\01080199.JPG,moved
CT_14,C:\Users\USUARIO\Desktop\BP Mayo 2026\SynologyDrive\CT_14\100EK113\01080200.JPG,C:\Users\USUARIO\Desktop\BP Mayo 2026\SynologyDrive\CT_14\01080200.JPG,moved
CT_14,C:\Users\USUARIO\Desktop\BP Mayo 2026\SynologyDrive\CT_14\100EK113\01080201.JPG,C:\Users\USUARIO\Desktop\BP Mayo 2026\SynologyDrive\CT_14\01080201.JPG,moved
CT_14,C:\Users\USUARIO\Desktop\BP Mayo 2026\SynologyDrive\CT_14\100EK113\01080202.JPG,C:\Users\USUARIO\Desktop\BP Mayo 2026\SynologyDrive\CT_14\01080202.JPG,moved
CT_14,C:\Users\USUARIO\Desktop\BP Mayo 2026\SynologyDrive\CT_14\100EK113\01080203.JPG,C:\Users\USUARIO\Desktop\BP Mayo 2026\SynologyDrive\CT_14\01080203.JPG,moved
CT_14,C:\Users\USUARIO\Desktop\BP Mayo 2026\SynologyDrive\CT_14\100EK113\01080204.JPG,C:\Users\USUARIO\Desktop\BP Mayo 2026\SynologyDrive\CT_14\01080204.JPG,moved
CT_14,C:\Users\USUARIO\Desktop\BP Mayo 2026\SynologyDrive\CT_14\100EK113\01080205.JPG,C:\Users\USUARIO\Desktop\BP Mayo 2026\SynologyDrive\CT_14\01080205.JPG,moved
CT_14,C:\Users\USUARIO\Desktop\BP Mayo 2026\SynologyDrive\CT_14\100EK113\01080206.JPG,C:\Users\USUARIO\Desktop\BP Mayo 2026\SynologyDrive\CT_14\01080206.JPG,moved
CT_14,C:\Users\USUARIO\Desktop\BP Mayo 2026\SynologyDrive\CT_14\100EK113\01080207.JPG,C:\Users\USUARIO\Desktop\BP Mayo 2026\SynologyDrive\CT_14\01080207.JPG,moved
CT_14,C:\Users\USUARIO\Desktop\BP Mayo 2026\SynologyDrive\CT_14\100EK113\01080208.JPG,C:\Users\USUARIO\Desktop\BP Mayo 2026\SynologyDrive\CT_14\01080208.JPG,moved
CT_14,C:\Users\USUARIO\Desktop\BP Mayo 2026\SynologyDrive\CT_14\100EK113\01080209.JPG,C:\Users\USUARIO\Desktop\BP Mayo 2026\SynologyDrive\CT_14\01080209.JPG,moved
CT_14,C:\Users\USUARIO\Desktop\BP Mayo 2026\SynologyDrive\CT_14\100EK113\01080210.JPG,C:\Users\USUARIO\Desktop\BP Mayo 2026\SynologyDrive\CT_14\01080210.JPG,moved
CT_14,C:\Users\USUARIO\Desktop\BP Mayo 2026\SynologyDrive\CT_14\100EK113\01080211.JPG,C:\Users\USUARIO\Desktop\BP Mayo 2026\SynologyDrive\CT_14\01080211.JPG,moved
CT_14,C:\Users\USUARIO\Desktop\BP Mayo 2026\SynologyDrive\CT_14\100EK113\01080212.JPG,C:\Users\USUARIO\Desktop\BP Mayo 2026\SynologyDrive\CT_14\01080212.JPG,moved
CT_14,C:\Users\USUARIO\Desktop\BP Mayo 2026\SynologyDrive\CT_14\100EK113\01080213.JPG,C:\Users\USUARIO\Desktop\BP Mayo 2026\SynologyDrive\CT_14\01080213.JPG,moved
CT_14,C:\Users\USUARIO\Desktop\BP Mayo 2026\SynologyDrive\CT_14\100EK113\01080214.JPG,C:\Users\USUARIO\Desktop\BP Mayo 2026\SynologyDrive\CT_14\01080214.JPG,moved
CT_14,C:\Users\USUARIO\Desktop\BP Mayo 2026\SynologyDrive\CT_14\100EK113\01080215.JPG,C:\Users\USUARIO\Desktop\BP Mayo 2026\SynologyDrive\CT_14\01080215.JPG,moved
CT_14,C:\Users\USUARIO\Desktop\BP Mayo 2026\SynologyDrive\CT_14\100EK113\01080216.JPG,C:\Users\USUARIO\Desktop\BP Mayo 2026\SynologyDrive\CT_14\01080216.JPG,moved
CT_14,C:\Users\USUARIO\Desktop\BP Mayo 2026\SynologyDrive\CT_14\100EK113\01080217.JPG,C:\Users\USUARIO\Desktop\BP Mayo 2026\SynologyDrive\CT_14\01080217.JPG,moved
CT_14,C:\Users\USUARIO\Desktop\BP Mayo 2026\SynologyDrive\CT_14\100EK113\01080218.JPG,C:\Users\USUARIO\Desktop\BP Mayo 2026\SynologyDrive\CT_14\01080218.JPG,moved
CT_14,C:\Users\USUARIO\Desktop\BP Mayo 2026\SynologyDrive\CT_14\100EK113\01080219.JPG,C:\Users\USUARIO\Desktop\BP Mayo 2026\SynologyDrive\CT_14\01080219.JPG,moved
CT_14,C:\Users\USUARIO\Desktop\BP Mayo 2026\SynologyDrive\CT_14\100EK113\01080220.JPG,C:\Users\USUARIO\Desktop\BP Mayo 2026\SynologyDrive\CT_14\01080220.JPG,moved
CT_14,C:\Users\USUARIO\Desktop\BP Mayo 2026\SynologyDrive\CT_14\100EK113\01080221.JPG,C:\Users\USUARIO\Desktop\BP Mayo 2026\SynologyDrive\CT_14\01080221.JPG,moved
CT_14,C:\Users\USUARIO\Desktop\BP Mayo 2026\SynologyDrive\CT_14\100EK113\01080222.JPG,C:\Users\USUARIO\Desktop\BP Mayo 2026\SynologyDrive\CT_14\01080222.JPG,moved
CT_14,C:\Users\USUARIO\Desktop\BP Mayo 2026\SynologyDrive\CT_14\100EK113\01080223.JPG,C:\Users\USUARIO\Desktop\BP Mayo 2026\SynologyDrive\CT_14\01080223.JPG,moved
CT_14,C:\Users\USUARIO\Desktop\BP Mayo 2026\SynologyDrive\CT_14\100EK113\01080224.JPG,C:\Users\USUARIO\Desktop\BP Mayo 2026\SynologyDrive\CT_14\01080224.JPG,moved
CT_14,C:\Users\USUARIO\Desktop\BP Mayo 2026\SynologyDrive\CT_14\100EK113\01080225.JPG,C:\Users\USUARIO\Desktop\BP Mayo 2026\SynologyDrive\CT_14\01080225.JPG,moved
CT_14,C:\Users\USUARIO\Desktop\BP Mayo 2026\SynologyDrive\CT_14\100EK113\01080226.JPG,C:\Users\USUARIO\Desktop\BP Mayo 2026\SynologyDrive\CT_14\01080226.JPG,moved
CT_14,C:\Users\USUARIO\Desktop\BP Mayo 2026\SynologyDrive\CT_14\100EK113\01080227.JPG,C:\Users\USUARIO\Desktop\BP Mayo 2026\SynologyDrive\CT_14\01080227.JPG,moved
CT_14,C:\Users\USUARIO\Desktop\BP Mayo 2026\SynologyDrive\CT_14\100EK113\01080228.JPG,C:\Users\USUARIO\Desktop\BP Mayo 2026\SynologyDrive\CT_14\01080228.JPG,moved
CT_14,C:\Users\USUARIO\Desktop\BP Mayo 2026\SynologyDrive\CT_14\100EK113\01080229.JPG,C:\Users\USUARIO\Desktop\BP Mayo 2026\SynologyDrive\CT_14\01080229.JPG,moved
CT_14,C:\Users\USUARIO\Desktop\BP Mayo 2026\SynologyDrive\CT_14\100EK113\01080230.JPG,C:\Users\USUARIO\Desktop\BP Mayo 2026\SynologyDrive\CT_14\01080230.JPG,moved
CT_14,C:\Users\USUARIO\Desktop\BP Mayo 2026\SynologyDrive\CT_14\100EK113\01080231.JPG,C:\Users\USUARIO\Desktop\BP Mayo 2026\SynologyDrive\CT_14\01080231.JPG,moved
CT_14,C:\Users\USUARIO\Desktop\BP Mayo 2026\SynologyDrive\CT_14\100EK113\01080232.JPG,C:\Users\USUARIO\Desktop\BP Mayo 2026\SynologyDrive\CT_14\01080232.JPG,moved
CT_14,C:\Users\USUARIO\Desktop\BP Mayo 2026\SynologyDrive\CT_14\100EK113\01080233.JPG,C:\Users\USUARIO\Desktop\BP Mayo 2026\SynologyDrive\CT_14\01080233.JPG,moved
CT_14,C:\Users\USUARIO\Desktop\BP Mayo 2026\SynologyDrive\CT_14\100EK113\01080234.JPG,C:\Users\USUARIO\Desktop\BP Mayo 2026\SynologyDrive\CT_14\01080234.JPG,moved
CT_14,C:\Users\USUARIO\Desktop\BP Mayo 2026\SynologyDrive\CT_14\100EK113\01080235.JPG,C:\Users\USUARIO\Desktop\BP Mayo 2026\SynologyDrive\CT_14\01080235.JPG,moved
CT_14,C:\Users\USUARIO\Desktop\BP Mayo 2026\SynologyDrive\CT_14\100EK113\01080236.JPG,C:\Users\USUARIO\Desktop\BP Mayo 2026\SynologyDrive\CT_14\01080236.JPG,moved
CT_14,C:\Users\USUARIO\Desktop\BP Mayo 2026\SynologyDrive\CT_14\100EK113\01080237.JPG,C:\Users\USUARIO\Desktop\BP Mayo 2026\SynologyDrive\CT_14\01080237.JPG,moved
CT_14,C:\Users\USUARIO\Desktop\BP Mayo 2026\SynologyDrive\CT_14\100EK113\01080238.JPG,C:\Users\USUARIO\Desktop\BP Mayo 2026\SynologyDrive\CT_14\01080238.JPG,moved
CT_14,C:\Users\USUARIO\Desktop\BP Mayo 2026\SynologyDrive\CT_14\100EK113\01080239.JPG,C:\Users\USUARIO\Desktop\BP Mayo 2026\SynologyDrive\CT_14\01080239.JPG,moved
CT_14,C:\Users\USUARIO\Desktop\BP Mayo 2026\SynologyDrive\CT_14\100EK113\01080240.JPG,C:\Users\USUARIO\Desktop\BP Mayo 2026\SynologyDrive\CT_14\01080240.JPG,moved
CT_14,C:\Users\USUARIO\Desktop\BP Mayo 2026\SynologyDrive\CT_14\100EK113\01080241.JPG,C:\Users\USUARIO\Desktop\BP Mayo 2026\SynologyDrive\CT_14\01080241.JPG,moved
CT_14,C:\Users\USUARIO\Desktop\BP Mayo 2026\SynologyDrive\CT_14\100EK113\01080242.JPG,C:\Users\USUARIO\Desktop\BP Mayo 2026\SynologyDrive\CT_14\01080242.JPG,moved
CT_14,C:\Users\USUARIO\Desktop\BP Mayo 2026\SynologyDrive\CT_14\100EK113\01080243.JPG,C:\Users\USUARIO\Desktop\BP Mayo 2026\SynologyDrive\CT_14\01080243.JPG,moved
CT_14,C:\Users\USUARIO\Desktop\BP Mayo 2026\SynologyDrive\CT_14\100EK113\01080244.JPG,C:\Users\USUARIO\Desktop\BP Mayo 2026\SynologyDrive\CT_14\01080244.JPG,moved
CT_14,C:\Users\USUARIO\Desktop\BP Mayo 2026\SynologyDrive\CT_14\100EK113\01080245.JPG,C:\Users\USUARIO\Desktop\BP Mayo 2026\SynologyDrive\CT_14\01080245.JPG,moved
CT_14,C:\Users\USUARIO\Desktop\BP Mayo 2026\SynologyDrive\CT_14\100EK113\01080246.JPG,C:\Users\USUARIO\Desktop\BP Mayo 2026\SynologyDrive\CT_14\01080246.JPG,moved
CT_14,C:\Users\USUARIO\Desktop\BP Mayo 2026\SynologyDrive\CT_14\100EK113\01080247.JPG,C:\Users\USUARIO\Desktop\BP Mayo 2026\SynologyDrive\CT_14\01080247.JPG,moved
CT_14,C:\Users\USUARIO\Desktop\BP Mayo 2026\SynologyDrive\CT_14\100EK113\01080248.JPG,C:\Users\USUARIO\Desktop\BP Mayo 2026\SynologyDrive\CT_14\01080248.JPG,moved
CT_14,C:\Users\USUARIO\Desktop\BP Mayo 2026\SynologyDrive\CT_14\100EK113\01080249.JPG,C:\Users\USUARIO\Desktop\BP Mayo 2026\SynologyDrive\CT_14\01080249.JPG,moved
CT_14,C:\Users\USUARIO\Desktop\BP Mayo 2026\SynologyDrive\CT_14\100EK113\01080250.JPG,C:\Users\USUARIO\Desktop\BP Mayo 2026\SynologyDrive\CT_14\01080250.JPG,moved
CT_14,C:\Users\USUARIO\Desktop\BP Mayo 2026\SynologyDrive\CT_14\100EK113\01080251.JPG,C:\Users\USUARIO\Desktop\BP Mayo 2026\SynologyDrive\CT_14\01080251.JPG,moved
CT_14,C:\Users\USUARIO\Desktop\BP Mayo 2026\SynologyDrive\CT_14\100EK113\01080252.JPG,C:\Users\USUARIO\Desktop\BP Mayo 2026\SynologyDrive\CT_14\01080252.JPG,moved
CT_14,C:\Users\USUARIO\Desktop\BP Mayo 2026\SynologyDrive\CT_14\100EK113\01080253.JPG,C:\Users\USUARIO\Desktop\BP Mayo 2026\SynologyDrive\CT_14\01080253.JPG,moved
CT_14,C:\Users\USUARIO\Desktop\BP Mayo 2026\SynologyDrive\CT_14\100EK113\01080254.JPG,C:\Users\USUARIO\Desktop\BP Mayo 2026\SynologyDrive\CT_14\01080254.JPG,moved
CT_14,C:\Users\USUARIO\Desktop\BP Mayo 2026\SynologyDrive\CT_14\100EK113\01080255.JPG,C:\Users\USUARIO\Desktop\BP Mayo 2026\SynologyDrive\CT_14\01080255.JPG,moved
CT_14,C:\Users\USUARIO\Desktop\BP Mayo 2026\SynologyDrive\CT_14\100EK113\01080256.JPG,C:\Users\USUARIO\Desktop\BP Mayo 2026\SynologyDrive\CT_14\01080256.JPG,moved
CT_14,C:\Users\USUARIO\Desktop\BP Mayo 2026\SynologyDrive\CT_14\100EK113\01080257.JPG,C:\Users\USUARIO\Desktop\BP Mayo 2026\SynologyDrive\CT_14\01080257.JPG,moved
CT_14,C:\Users\USUARIO\Desktop\BP Mayo 2026\SynologyDrive\CT_14\100EK113\01080258.JPG,C:\Users\USUARIO\Desktop\BP Mayo 2026\SynologyDrive\CT_14\01080258.JPG,moved
CT_14,C:\Users\USUARIO\Desktop\BP Mayo 2026\SynologyDrive\CT_14\100EK113\01080259.JPG,C:\Users\USUARIO\Desktop\BP Mayo 2026\SynologyDrive\CT_14\01080259.JPG,moved
CT_14,C:\Users\USUARIO\Desktop\BP Mayo 2026\SynologyDrive\CT_14\100EK113\01080260.JPG,C:\Users\USUARIO\Desktop\BP Mayo 2026\SynologyDrive\CT_14\01080260.JPG,moved
CT_14,C:\Users\USUARIO\Desktop\BP Mayo 2026\SynologyDrive\CT_14\100EK113\01080261.JPG,C:\Users\USUARIO\Desktop\BP Mayo 2026\SynologyDrive\CT_14\01080261.JPG,moved
CT_14,C:\Users\USUARIO\Desktop\BP Mayo 2026\SynologyDrive\CT_14\100EK113\01080262.JPG,C:\Users\USUARIO\Desktop\BP Mayo 2026\SynologyDrive\CT_14\01080262.JPG,moved
CT_14,C:\Users\USUARIO\Desktop\BP Mayo 2026\SynologyDrive\CT_14\100EK113\01080263.JPG,C:\Users\USUARIO\Desktop\BP Mayo 2026\SynologyDrive\CT_14\01080263.JPG,moved
CT_14,C:\Users\USUARIO\Desktop\BP Mayo 2026\SynologyDrive\CT_14\100EK113\01080264.JPG,C:\Users\USUARIO\Desktop\BP Mayo 2026\SynologyDrive\CT_14\01080264.JPG,moved
CT_14,C:\Users\USUARIO\Desktop\BP Mayo 2026\SynologyDrive\CT_14\100EK113\01080265.JPG,C:\Users\USUARIO\Desktop\BP Mayo 2026\SynologyDrive\CT_14\01080265.JPG,moved
CT_14,C:\Users\USUARIO\Desktop\BP Mayo 2026\SynologyDrive\CT_14\100EK113\01080266.JPG,C:\Users\USUARIO\Desktop\BP Mayo 2026\SynologyDrive\CT_14\01080266.JPG,moved
CT_14,C:\Users\USUARIO\Desktop\BP Mayo 2026\SynologyDrive\CT_14\100EK113\01080267.JPG,C:\Users\USUARIO\Desktop\BP Mayo 2026\SynologyDrive\CT_14\01080267.JPG,moved
CT_14,C:\Users\USUARIO\Desktop\BP Mayo 2026\SynologyDrive\CT_14\100EK113\01080268.JPG,C:\Users\USUARIO\Desktop\BP Mayo 2026\SynologyDrive\CT_14\01080268.JPG,moved
CT_14,C:\Users\USUARIO\Desktop\BP Mayo 2026\SynologyDrive\CT_14\100EK113\01080269.JPG,C:\Users\USUARIO\Desktop\BP Mayo 2026\SynologyDrive\CT_14\01080269.JPG,moved
CT_14,C:\Users\USUARIO\Desktop\BP Mayo 2026\SynologyDrive\CT_14\100EK113\01080270.JPG,C:\Users\USUARIO\Desktop\BP Mayo 2026\SynologyDrive\CT_14\01080270.JPG,moved
CT_14,C:\Users\USUARIO\Desktop\BP Mayo 2026\SynologyDrive\CT_14\100EK113\01080271.JPG,C:\Users\USUARIO\Desktop\BP Mayo 2026\SynologyDrive\CT_14\01080271.JPG,moved
CT_14,C:\Users\USUARIO\Desktop\BP Mayo 2026\SynologyDrive\CT_14\100EK113\01080272.JPG,C:\Users\USUARIO\Desktop\BP Mayo 2026\SynologyDrive\CT_14\01080272.JPG,moved
CT_14,C:\Users\USUARIO\Desktop\BP Mayo 2026\SynologyDrive\CT_14\100EK113\01080273.JPG,C:\Users\USUARIO\Desktop\BP Mayo 2026\SynologyDrive\CT_14\01080273.JPG,moved
CT_14,C:\Users\USUARIO\Desktop\BP Mayo 2026\SynologyDrive\CT_14\100EK113\01080274.JPG,C:\Users\USUARIO\Desktop\BP Mayo 2026\SynologyDrive\CT_14\01080274.JPG,moved
CT_14,C:\Users\USUARIO\Desktop\BP Mayo 2026\SynologyDrive\CT_14\100EK113\01080275.JPG,C:\Users\USUARIO\Desktop\BP Mayo 2026\SynologyDrive\CT_14\01080275.JPG,moved
CT_14,C:\Users\USUARIO\Desktop\BP Mayo 2026\SynologyDrive\CT_14\100EK113\01080276.JPG,C:\Users\USUARIO\Desktop\BP Mayo 2026\SynologyDrive\CT_14\01080276.JPG,moved
CT_14,C:\Users\USUARIO\Desktop\BP Mayo 2026\SynologyDrive\CT_14\100EK113\01080277.JPG,C:\Users\USUARIO\Desktop\BP Mayo 2026\SynologyDrive\CT_14\01080277.JPG,moved
CT_14,C:\Users\USUARIO\Desktop\BP Mayo 2026\SynologyDrive\CT_14\100EK113\01080278.JPG,C:\Users\USUARIO\Desktop\BP Mayo 2026\SynologyDrive\CT_14\01080278.JPG,moved
CT_14,C:\Users\USUARIO\Desktop\BP Mayo 2026\SynologyDrive\CT_14\100EK113\01080279.JPG,C:\Users\USUARIO\Desktop\BP Mayo 2026\SynologyDrive\CT_14\01080279.JPG,moved
CT_14,C:\Users\USUARIO\Desktop\BP Mayo 2026\SynologyDrive\CT_14\100EK113\01080280.JPG,C:\Users\USUARIO\Desktop\BP Mayo 2026\SynologyDrive\CT_14\01080280.JPG,moved
CT_14,C:\Users\USUARIO\Desktop\BP Mayo 2026\SynologyDrive\CT_14\100EK113\01080281.JPG,C:\Users\USUARIO\Desktop\BP Mayo 2026\SynologyDrive\CT_14\01080281.JPG,moved
CT_14,C:\Users\USUARIO\Desktop\BP Mayo 2026\SynologyDrive\CT_14\100EK113\01080282.JPG,C:\Users\USUARIO\Desktop\BP Mayo 2026\SynologyDrive\CT_14\01080282.JPG,moved
CT_14,C:\Users\USUARIO\Desktop\BP Mayo 2026\SynologyDrive\CT_14\100EK113\01080283.JPG,C:\Users\USUARIO\Desktop\BP Mayo 2026\SynologyDrive\CT_14\01080283.JPG,moved
CT_14,C:\Users\USUARIO\Desktop\BP Mayo 2026\SynologyDrive\CT_14\100EK113\01080284.JPG,C:\Users\USUARIO\Desktop\BP Mayo 2026\SynologyDrive\CT_14\01080284.JPG,moved
CT_14,C:\Users\USUARIO\Desktop\BP Mayo 2026\SynologyDrive\CT_14\100EK113\01080285.JPG,C:\Users\USUARIO\Desktop\BP Mayo 2026\SynologyDrive\CT_14\01080285.JPG,moved
CT_14,C:\Users\USUARIO\Desktop\BP Mayo 2026\SynologyDrive\CT_14\100EK113\01080286.JPG,C:\Users\USUARIO\Desktop\BP Mayo 2026\SynologyDrive\CT_14\01080286.JPG,moved
CT_14,C:\Users\USUARIO\Desktop\BP Mayo 2026\SynologyDrive\CT_14\100EK113\01080287.JPG,C:\Users\USUARIO\Desktop\BP Mayo 2026\SynologyDrive\CT_14\01080287.JPG,moved
CT_14,C:\Users\USUARIO\Desktop\BP Mayo 2026\SynologyDrive\CT_14\100EK113\01080288.JPG,C:\Users\USUARIO\Desktop\BP Mayo 2026\SynologyDrive\CT_14\01080288.JPG,moved
CT_14,C:\Users\USUARIO\Desktop\BP Mayo 2026\SynologyDrive\CT_14\100EK113\01080289.JPG,C:\Users\USUARIO\Desktop\BP Mayo 2026\SynologyDrive\CT_14\01080289.JPG,moved
CT_14,C:\Users\USUARIO\Desktop\BP Mayo 2026\SynologyDrive\CT_14\100EK113\01080290.JPG,C:\Users\USUARIO\Desktop\BP Mayo 2026\SynologyDrive\CT_14\01080290.JPG,moved
CT_14,C:\Users\USUARIO\Desktop\BP Mayo 2026\SynologyDrive\CT_14\100EK113\01080291.JPG,C:\Users\USUARIO\Desktop\BP Mayo 2026\SynologyDrive\CT_14\01080291.JPG,moved
CT_14,C:\Users\USUARIO\Desktop\BP Mayo 2026\SynologyDrive\CT_14\100EK113\01080292.JPG,C:\Users\USUARIO\Desktop\BP Mayo 2026\SynologyDrive\CT_14\01080292.JPG,moved
CT_14,C:\Users\USUARIO\Desktop\BP Mayo 2026\SynologyDrive\CT_14\100EK113\01080293.JPG,C:\Users\USUARIO\Desktop\BP Mayo 2026\SynologyDrive\CT_14\01080293.JPG,moved
CT_14,C:\Users\USUARIO\Desktop\BP Mayo 2026\SynologyDrive\CT_14\100EK113\01080294.JPG,C:\Users\USUARIO\Desktop\BP Mayo 2026\SynologyDrive\CT_14\01080294.JPG,moved
CT_14,C:\Users\USUARIO\Desktop\BP Mayo 2026\SynologyDrive\CT_14\100EK113\01080295.JPG,C:\Users\USUARIO\Desktop\BP Mayo 2026\SynologyDrive\CT_14\01080295.JPG,moved
CT_14,C:\Users\USUARIO\Desktop\BP Mayo 2026\SynologyDrive\CT_14\100EK113\01080296.JPG,C:\Users\USUARIO\Desktop\BP Mayo 2026\SynologyDrive\CT_14\01080296.JPG,moved
CT_14,C:\Users\USUARIO\Desktop\BP Mayo 2026\SynologyDrive\CT_14\100EK113\01080297.JPG,C:\Users\USUARIO\Desktop\BP Mayo 2026\SynologyDrive\CT_14\01080297.JPG,moved
CT_14,C:\Users\USUARIO\Desktop\BP Mayo 2026\SynologyDrive\CT_14\100EK113\01080298.JPG,C:\Users\USUARIO\Desktop\BP Mayo 2026\SynologyDrive\CT_14\01080298.JPG,moved
CT_14,C:\Users\USUARIO\Desktop\BP Mayo 2026\SynologyDrive\CT_14\100EK113\01080299.JPG,C:\Users\USUARIO\Desktop\BP Mayo 2026\SynologyDrive\CT_14\01080299.JPG,moved
CT_14,C:\Users\USUARIO\Desktop\BP Mayo 2026\SynologyDrive\CT_14\100EK113\01080300.JPG,C:\Users\USUARIO\Desktop\BP Mayo 2026\SynologyDrive\CT_14\01080300.JPG,moved
CT_14,C:\Users\USUARIO\Desktop\BP Mayo 2026\SynologyDrive\CT_14\100EK113\01080301.JPG,C:\Users\USUARIO\Desktop\BP Mayo 2026\SynologyDrive\CT_14\01080301.JPG,moved
CT_14,C:\Users\USUARIO\Desktop\BP Mayo 2026\SynologyDrive\CT_14\100EK113\01080302.JPG,C:\Users\USUARIO\Desktop\BP Mayo 2026\SynologyDrive\CT_14\01080302.JPG,moved
CT_14,C:\Users\USUARIO\Desktop\BP Mayo 2026\SynologyDrive\CT_14\100EK113\01080303.JPG,C:\Users\USUARIO\Desktop\BP Mayo 2026\SynologyDrive\CT_14\01080303.JPG,moved
CT_14,C:\Users\USUARIO\Desktop\BP Mayo 2026\SynologyDrive\CT_14\100EK113\01080304.JPG,C:\Users\USUARIO\Desktop\BP Mayo 2026\SynologyDrive\CT_14\01080304.JPG,moved
CT_14,C:\Users\USUARIO\Desktop\BP Mayo 2026\SynologyDrive\CT_14\100EK113\01080305.JPG,C:\Users\USUARIO\Desktop\BP Mayo 2026\SynologyDrive\CT_14\01080305.JPG,moved
CT_14,C:\Users\USUARIO\Desktop\BP Mayo 2026\SynologyDrive\CT_14\100EK113\01080306.JPG,C:\Users\USUARIO\Desktop\BP Mayo 2026\SynologyDrive\CT_14\01080306.JPG,moved
CT_14,C:\Users\USUARIO\Desktop\BP Mayo 2026\SynologyDrive\CT_14\100EK113\01080307.JPG,C:\Users\USUARIO\Desktop\BP Mayo 2026\SynologyDrive\CT_14\01080307.JPG,moved
CT_14,C:\Users\USUARIO\Desktop\BP Mayo 2026\SynologyDrive\CT_14\100EK113\01080308.JPG,C:\Users\USUARIO\Desktop\BP Mayo 2026\SynologyDrive\CT_14\01080308.JPG,moved
CT_14,C:\Users\USUARIO\Desktop\BP Mayo 2026\SynologyDrive\CT_14\100EK113\01080309.JPG,C:\Users\USUARIO\Desktop\BP Mayo 2026\SynologyDrive\CT_14\01080309.JPG,moved
CT_14,C:\Users\USUARIO\Desktop\BP Mayo 2026\SynologyDrive\CT_14\100EK113\01080310.JPG,C:\Users\USUARIO\Desktop\BP Mayo 2026\SynologyDrive\CT_14\01080310.JPG,moved
CT_14,C:\Users\USUARIO\Desktop\BP Mayo 2026\SynologyDrive\CT_14\100EK113\01080311.JPG,C:\Users\USUARIO\Desktop\BP Mayo 2026\SynologyDrive\CT_14\01080311.JPG,moved
CT_14,C:\Users\USUARIO\Desktop\BP Mayo 2026\SynologyDrive\CT_14\100EK113\01080312.JPG,C:\Users\USUARIO\Desktop\BP Mayo 2026\SynologyDrive\CT_14\01080312.JPG,moved
CT_14,C:\Users\USUARIO\Desktop\BP Mayo 2026\SynologyDrive\CT_14\100EK113\01080313.JPG,C:\Users\USUARIO\Desktop\BP Mayo 2026\SynologyDrive\CT_14\01080313.JPG,moved
CT_14,C:\Users\USUARIO\Desktop\BP Mayo 2026\SynologyDrive\CT_14\100EK113\01080314.JPG,C:\Users\USUARIO\Desktop\BP Mayo 2026\SynologyDrive\CT_14\01080314.JPG,moved
CT_14,C:\Users\USUARIO\Desktop\BP Mayo 2026\SynologyDrive\CT_14\100EK113\01080315.JPG,C:\Users\USUARIO\Desktop\BP Mayo 2026\SynologyDrive\CT_14\01080315.JPG,moved
CT_14,C:\Users\USUARIO\Desktop\BP Mayo 2026\SynologyDrive\CT_14\100EK113\01080316.JPG,C:\Users\USUARIO\Desktop\BP Mayo 2026\SynologyDrive\CT_14\01080316.JPG,moved
CT_14,C:\Users\USUARIO\Desktop\BP Mayo 2026\SynologyDrive\CT_14\100EK113\01080317.JPG,C:\Users\USUARIO\Desktop\BP Mayo 2026\SynologyDrive\CT_14\01080317.JPG,moved
CT_14,C:\Users\USUARIO\Desktop\BP Mayo 2026\SynologyDrive\CT_14\100EK113\01080318.JPG,C:\Users\USUARIO\Desktop\BP Mayo 2026\SynologyDrive\CT_14\01080318.JPG,moved
CT_14,C:\Users\USUARIO\Desktop\BP Mayo 2026\SynologyDrive\CT_14\100EK113\01080319.JPG,C:\Users\USUARIO\Desktop\BP Mayo 2026\SynologyDrive\CT_14\01080319.JPG,moved
CT_14,C:\Users\USUARIO\Desktop\BP Mayo 2026\SynologyDrive\CT_14\100EK113\01080320.JPG,C:\Users\USUARIO\Desktop\BP Mayo 2026\SynologyDrive\CT_14\01080320.JPG,moved
CT_14,C:\Users\USUARIO\Desktop\BP Mayo 2026\SynologyDrive\CT_14\100EK113\01080321.JPG,C:\Users\USUARIO\Desktop\BP Mayo 2026\SynologyDrive\CT_14\01080321.JPG,moved
CT_14,C:\Users\USUARIO\Desktop\BP Mayo 2026\SynologyDrive\CT_14\100EK113\01080322.JPG,C:\Users\USUARIO\Desktop\BP Mayo 2026\SynologyDrive\CT_14\01080322.JPG,moved
CT_14,C:\Users\USUARIO\Desktop\BP Mayo 2026\SynologyDrive\CT_14\100EK113\01080323.JPG,C:\Users\USUARIO\Desktop\BP Mayo 2026\SynologyDrive\CT_14\01080323.JPG,moved
CT_14,C:\Users\USUARIO\Desktop\BP Mayo 2026\SynologyDrive\CT_14\100EK113\01080324.JPG,C:\Users\USUARIO\Desktop\BP Mayo 2026\SynologyDrive\CT_14\01080324.JPG,moved
CT_14,C:\Users\USUARIO\Desktop\BP Mayo 2026\SynologyDrive\CT_14\100EK113\01080325.JPG,C:\Users\USUARIO\Desktop\BP Mayo 2026\SynologyDrive\CT_14\01080325.JPG,moved
CT_14,C:\Users\USUARIO\Desktop\BP Mayo 2026\SynologyDrive\CT_14\100EK113\01080326.JPG,C:\Users\USUARIO\Desktop\BP Mayo 2026\SynologyDrive\CT_14\01080326.JPG,moved
CT_14,C:\Users\USUARIO\Desktop\BP Mayo 2026\SynologyDrive\CT_14\100EK113\01080327.JPG,C:\Users\USUARIO\Desktop\BP Mayo 2026\SynologyDrive\CT_14\01080327.JPG,moved
CT_14,C:\Users\USUARIO\Desktop\BP Mayo 2026\SynologyDrive\CT_14\100EK113\01080328.JPG,C:\Users\USUARIO\Desktop\BP Mayo 2026\SynologyDrive\CT_14\01080328.JPG,moved
CT_14,C:\Users\USUARIO\Desktop\BP Mayo 2026\SynologyDrive\CT_14\100EK113\01080329.JPG,C:\Users\USUARIO\Desktop\BP Mayo 2026\SynologyDrive\CT_14\01080329.JPG,moved
CT_14,C:\Users\USUARIO\Desktop\BP Mayo 2026\SynologyDrive\CT_14\100EK113\01080330.JPG,C:\Users\USUARIO\Desktop\BP Mayo 2026\SynologyDrive\CT_14\01080330.JPG,moved
CT_14,C:\Users\USUARIO\Desktop\BP Mayo 2026\SynologyDrive\CT_14\100EK113\01080331.JPG,C:\Users\USUARIO\Desktop\BP Mayo 2026\SynologyDrive\CT_14\01080331.JPG,moved
CT_14,C:\Users\USUARIO\Desktop\BP Mayo 2026\SynologyDrive\CT_14\100EK113\01080332.JPG,C:\Users\USUARIO\Desktop\BP Mayo 2026\SynologyDrive\CT_14\01080332.JPG,moved
CT_14,C:\Users\USUARIO\Desktop\BP Mayo 2026\SynologyDrive\CT_14\100EK113\01080333.JPG,C:\Users\USUARIO\Desktop\BP Mayo 2026\SynologyDrive\CT_14\01080333.JPG,moved
CT_14,C:\Users\USUARIO\Desktop\BP Mayo 2026\SynologyDrive\CT_14\100EK113\01080334.JPG,C:\Users\USUARIO\Desktop\BP Mayo 2026\SynologyDrive\CT_14\01080334.JPG,moved
CT_14,C:\Users\USUARIO\Desktop\BP Mayo 2026\SynologyDrive\CT_14\100EK113\01080335.JPG,C:\Users\USUARIO\Desktop\BP Mayo 2026\SynologyDrive\CT_14\01080335.JPG,moved
CT_14,C:\Users\USUARIO\Desktop\BP Mayo 2026\SynologyDrive\CT_14\100EK113\01080336.JPG,C:\Users\USUARIO\Desktop\BP Mayo 2026\SynologyDrive\CT_14\01080336.JPG,moved
CT_14,C:\Users\USUARIO\Desktop\BP Mayo 2026\SynologyDrive\CT_14\100EK113\01080337.JPG,C:\Users\USUARIO\Desktop\BP Mayo 2026\SynologyDrive\CT_14\01080337.JPG,moved
CT_14,C:\Users\USUARIO\Desktop\BP Mayo 2026\SynologyDrive\CT_14\100EK113\01080338.JPG,C:\Users\USUARIO\Desktop\BP Mayo 2026\SynologyDrive\CT_14\01080338.JPG,moved
CT_14,C:\Users\USUARIO\Desktop\BP Mayo 2026\SynologyDrive\CT_14\100EK113\01080339.JPG,C:\Users\USUARIO\Desktop\BP Mayo 2026\SynologyDrive\CT_14\01080339.JPG,moved
CT_14,C:\Users\USUARIO\Desktop\BP Mayo 2026\SynologyDrive\CT_14\100EK113\01080340.JPG,C:\Users\USUARIO\Desktop\BP Mayo 2026\SynologyDrive\CT_14\01080340.JPG,moved
CT_14,C:\Users\USUARIO\Desktop\BP Mayo 2026\SynologyDrive\CT_14\100EK113\01080341.JPG,C:\Users\USUARIO\Desktop\BP Mayo 2026\SynologyDrive\CT_14\01080341.JPG,moved
CT_14,C:\Users\USUARIO\Desktop\BP Mayo 2026\SynologyDrive\CT_14\100EK113\01080342.JPG,C:\Users\USUARIO\Desktop\BP Mayo 2026\SynologyDrive\CT_14\01080342.JPG,moved
CT_14,C:\Users\USUARIO\Desktop\BP Mayo 2026\SynologyDrive\CT_14\100EK113\01080343.JPG,C:\Users\USUARIO\Desktop\BP Mayo 2026\SynologyDrive\CT_14\01080343.JPG,moved
CT_14,C:\Users\USUARIO\Desktop\BP Mayo 2026\SynologyDrive\CT_14\100EK113\01080344.JPG,C:\Users\USUARIO\Desktop\BP Mayo 2026\SynologyDrive\CT_14\01080344.JPG,moved
CT_14,C:\Users\USUARIO\Desktop\BP Mayo 2026\SynologyDrive\CT_14\100EK113\01080345.JPG,C:\Users\USUARIO\Desktop\BP Mayo 2026\SynologyDrive\CT_14\01080345.JPG,moved
CT_14,C:\Users\USUARIO\Desktop\BP Mayo 2026\SynologyDrive\CT_14\100EK113\01080346.JPG,C:\Users\USUARIO\Desktop\BP Mayo 2026\SynologyDrive\CT_14\01080346.JPG,moved
CT_14,C:\Users\USUARIO\Desktop\BP Mayo 2026\SynologyDrive\CT_14\100EK113\01080347.JPG,C:\Users\USUARIO\Desktop\BP Mayo 2026\SynologyDrive\CT_14\01080347.JPG,moved
CT_14,C:\Users\USUARIO\Desktop\BP Mayo 2026\SynologyDrive\CT_14\100EK113\01080348.JPG,C:\Users\USUARIO\Desktop\BP Mayo 2026\SynologyDrive\CT_14\01080348.JPG,moved
CT_14,C:\Users\USUARIO\Desktop\BP Mayo 2026\SynologyDrive\CT_14\100EK113\01080349.JPG,C:\Users\USUARIO\Desktop\BP Mayo 2026\SynologyDrive\CT_14\01080349.JPG,moved
CT_14,C:\Users\USUARIO\Desktop\BP Mayo 2026\SynologyDrive\CT_14\100EK113\01080350.JPG,C:\Users\USUARIO\Desktop\BP Mayo 2026\SynologyDrive\CT_14\01080350.JPG,moved
CT_14,C:\Users\USUARIO\Desktop\BP Mayo 2026\SynologyDrive\CT_14\100EK113\01080351.JPG,C:\Users\USUARIO\Desktop\BP Mayo 2026\SynologyDrive\CT_14\01080351.JPG,moved
CT_14,C:\Users\USUARIO\Desktop\BP Mayo 2026\SynologyDrive\CT_14\100EK113\01080352.JPG,C:\Users\USUARIO\Desktop\BP Mayo 2026\SynologyDrive\CT_14\01080352.JPG,moved
CT_14,C:\Users\USUARIO\Desktop\BP Mayo 2026\SynologyDrive\CT_14\100EK113\01080353.JPG,C:\Users\USUARIO\Desktop\BP Mayo 2026\SynologyDrive\CT_14\01080353.JPG,moved
CT_14,C:\Users\USUARIO\Desktop\BP Mayo 2026\SynologyDrive\CT_14\100EK113\01080354.JPG,C:\Users\USUARIO\Desktop\BP Mayo 2026\SynologyDrive\CT_14\01080354.JPG,moved
CT_14,C:\Users\USUARIO\Desktop\BP Mayo 2026\SynologyDrive\CT_14\100EK113\01080355.JPG,C:\Users\USUARIO\Desktop\BP Mayo 2026\SynologyDrive\CT_14\01080355.JPG,moved
CT_14,C:\Users\USUARIO\Desktop\BP Mayo 2026\SynologyDrive\CT_14\100EK113\01080356.JPG,C:\Users\USUARIO\Desktop\BP Mayo 2026\SynologyDrive\CT_14\01080356.JPG,moved
CT_14,C:\Users\USUARIO\Desktop\BP Mayo 2026\SynologyDrive\CT_14\100EK113\01080357.JPG,C:\Users\USUARIO\Desktop\BP Mayo 2026\SynologyDrive\CT_14\01080357.JPG,moved
CT_14,C:\Users\USUARIO\Desktop\BP Mayo 2026\SynologyDrive\CT_14\100EK113\01080358.JPG,C:\Users\USUARIO\Desktop\BP Mayo 2026\SynologyDrive\CT_14\01080358.JPG,moved
CT_14,C:\Users\USUARIO\Desktop\BP Mayo 2026\SynologyDrive\CT_14\100EK113\01080359.JPG,C:\Users\USUARIO\Desktop\BP Mayo 2026\SynologyDrive\CT_14\01080359.JPG,moved
CT_14,C:\Users\USUARIO\Desktop\BP Mayo 2026\SynologyDrive\CT_14\100EK113\01080360.JPG,C:\Users\USUARIO\Desktop\BP Mayo 2026\SynologyDrive\CT_14\01080360.JPG,moved
CT_14,C:\Users\USUARIO\Desktop\BP Mayo 2026\SynologyDrive\CT_14\100EK113\01080361.JPG,C:\Users\USUARIO\Desktop\BP Mayo 2026\SynologyDrive\CT_14\01080361.JPG,moved
CT_14,C:\Users\USUARIO\Desktop\BP Mayo 2026\SynologyDrive\CT_14\100EK113\01080362.JPG,C:\Users\USUARIO\Desktop\BP Mayo 2026\SynologyDrive\CT_14\01080362.JPG,moved
CT_14,C:\Users\USUARIO\Desktop\BP Mayo 2026\SynologyDrive\CT_14\100EK113\01080363.JPG,C:\Users\USUARIO\Desktop\BP Mayo 2026\SynologyDrive\CT_14\01080363.JPG,moved
CT_14,C:\Users\USUARIO\Desktop\BP Mayo 2026\SynologyDrive\CT_14\100EK113\01080364.JPG,C:\Users\USUARIO\Desktop\BP Mayo 2026\SynologyDrive\CT_14\01080364.JPG,moved
CT_14,C:\Users\USUARIO\Desktop\BP Mayo 2026\SynologyDrive\CT_14\100EK113\01080365.JPG,C:\Users\USUARIO\Desktop\BP Mayo 2026\SynologyDrive\CT_14\01080365.JPG,moved
CT_14,C:\Users\USUARIO\Desktop\BP Mayo 2026\SynologyDrive\CT_14\100EK113\01080366.JPG,C:\Users\USUARIO\Desktop\BP Mayo 2026\SynologyDrive\CT_14\01080366.JPG,moved
CT_14,C:\Users\USUARIO\Desktop\BP Mayo 2026\SynologyDrive\CT_14\100EK113\01080367.JPG,C:\Users\USUARIO\Desktop\BP Mayo 2026\SynologyDrive\CT_14\01080367.JPG,moved
CT_14,C:\Users\USUARIO\Desktop\BP Mayo 2026\SynologyDrive\CT_14\100EK113\01080368.JPG,C:\Users\USUARIO\Desktop\BP Mayo 2026\SynologyDrive\CT_14\01080368.JPG,moved
CT_14,C:\Users\USUARIO\Desktop\BP Mayo 2026\SynologyDrive\CT_14\100EK113\01080369.JPG,C:\Users\USUARIO\Desktop\BP Mayo 2026\SynologyDrive\CT_14\01080369.JPG,moved
CT_14,C:\Users\USUARIO\Desktop\BP Mayo 2026\SynologyDrive\CT_14\100EK113\01080370.JPG,C:\Users\USUARIO\Desktop\BP Mayo 2026\SynologyDrive\CT_14\01080370.JPG,moved
CT_14,C:\Users\USUARIO\Desktop\BP Mayo 2026\SynologyDrive\CT_14\100EK113\01080371.JPG,C:\Users\USUARIO\Desktop\BP Mayo 2026\SynologyDrive\CT_14\01080371.JPG,moved
CT_14,C:\Users\USUARIO\Desktop\BP Mayo 2026\SynologyDrive\CT_14\100EK113\01080372.JPG,C:\Users\USUARIO\Desktop\BP Mayo 2026\SynologyDrive\CT_14\01080372.JPG,moved
CT_14,C:\Users\USUARIO\Desktop\BP Mayo 2026\SynologyDrive\CT_14\100EK113\01080373.JPG,C:\Users\USUARIO\Desktop\BP Mayo 2026\SynologyDrive\CT_14\01080373.JPG,moved
CT_14,C:\Users\USUARIO\Desktop\BP Mayo 2026\SynologyDrive\CT_14\100EK113\01080374.JPG,C:\Users\USUARIO\Desktop\BP Mayo 2026\SynologyDrive\CT_14\01080374.JPG,moved
CT_14,C:\Users\USUARIO\Desktop\BP Mayo 2026\SynologyDrive\CT_14\100EK113\01080375.JPG,C:\Users\USUARIO\Desktop\BP Mayo 2026\SynologyDrive\CT_14\01080375.JPG,moved
CT_14,C:\Users\USUARIO\Desktop\BP Mayo 2026\SynologyDrive\CT_14\100EK113\01080376.JPG,C:\Users\USUARIO\Desktop\BP Mayo 2026\SynologyDrive\CT_14\01080376.JPG,moved
CT_14,C:\Users\USUARIO\Desktop\BP Mayo 2026\SynologyDrive\CT_14\100EK113\01080377.JPG,C:\Users\USUARIO\Desktop\BP Mayo 2026\SynologyDrive\CT_14\01080377.JPG,moved
CT_14,C:\Users\USUARIO\Desktop\BP Mayo 2026\SynologyDrive\CT_14\100EK113\01080378.JPG,C:\Users\USUARIO\Desktop\BP Mayo 2026\SynologyDrive\CT_14\01080378.JPG,moved
CT_14,C:\Users\USUARIO\Desktop\BP Mayo 2026\SynologyDrive\CT_14\100EK113\01080379.JPG,C:\Users\USUARIO\Desktop\BP Mayo 2026\SynologyDrive\CT_14\01080379.JPG,moved
CT_14,C:\Users\USUARIO\Desktop\BP Mayo 2026\SynologyDrive\CT_14\100EK113\01080380.JPG,C:\Users\USUARIO\Desktop\BP Mayo 2026\SynologyDrive\CT_14\01080380.JPG,moved
CT_14,C:\Users\USUARIO\Desktop\BP Mayo 2026\SynologyDrive\CT_14\100EK113\01080381.JPG,C:\Users\USUARIO\Desktop\BP Mayo 2026\SynologyDrive\CT_14\01080381.JPG,moved
CT_14,C:\Users\USUARIO\Desktop\BP Mayo 2026\SynologyDrive\CT_14\100EK113\01080382.JPG,C:\Users\USUARIO\Desktop\BP Mayo 2026\SynologyDrive\CT_14\01080382.JPG,moved
CT_14,C:\Users\USUARIO\Desktop\BP Mayo 2026\SynologyDrive\CT_14\100EK113\01080383.JPG,C:\Users\USUARIO\Desktop\BP Mayo 2026\SynologyDrive\CT_14\01080383.JPG,moved
CT_14,C:\Users\USUARIO\Desktop\BP Mayo 2026\SynologyDrive\CT_14\100EK113\01080384.JPG,C:\Users\USUARIO\Desktop\BP Mayo 2026\SynologyDrive\CT_14\01080384.JPG,moved
CT_14,C:\Users\USUARIO\Desktop\BP Mayo 2026\SynologyDrive\CT_14\100EK113\01080385.JPG,C:\Users\USUARIO\Desktop\BP Mayo 2026\SynologyDrive\CT_14\01080385.JPG,moved
CT_14,C:\Users\USUARIO\Desktop\BP Mayo 2026\SynologyDrive\CT_14\100EK113\01080386.JPG,C:\Users\USUARIO\Desktop\BP Mayo 2026\SynologyDrive\CT_14\01080386.JPG,moved
CT_14,C:\Users\USUARIO\Desktop\BP Mayo 2026\SynologyDrive\CT_14\100EK113\01080387.JPG,C:\Users\USUARIO\Desktop\BP Mayo 2026\SynologyDrive\CT_14\01080387.JPG,moved
CT_14,C:\Users\USUARIO\Desktop\BP Mayo 2026\SynologyDrive\CT_14\100EK113\01080388.JPG,C:\Users\USUARIO\Desktop\BP Mayo 2026\SynologyDrive\CT_14\01080388.JPG,moved
CT_14,C:\Users\USUARIO\Desktop\BP Mayo 2026\SynologyDrive\CT_14\100EK113\01080389.JPG,C:\Users\USUARIO\Desktop\BP Mayo 2026\SynologyDrive\CT_14\01080389.JPG,moved
CT_14,C:\Users\USUARIO\Desktop\BP Mayo 2026\SynologyDrive\CT_14\100EK113\01080390.JPG,C:\Users\USUARIO\Desktop\BP Mayo 2026\SynologyDrive\CT_14\01080390.JPG,moved
CT_14,C:\Users\USUARIO\Desktop\BP Mayo 2026\SynologyDrive\CT_14\100EK113\01080391.JPG,C:\Users\USUARIO\Desktop\BP Mayo 2026\SynologyDrive\CT_14\01080391.JPG,moved
CT_14,C:\Users\USUARIO\Desktop\BP Mayo 2026\SynologyDrive\CT_14\100EK113\01080392.JPG,C:\Users\USUARIO\Desktop\BP Mayo 2026\SynologyDrive\CT_14\01080392.JPG,moved
CT_14,C:\Users\USUARIO\Desktop\BP Mayo 2026\SynologyDrive\CT_14\100EK113\01080393.JPG,C:\Users\USUARIO\Desktop\BP Mayo 2026\SynologyDrive\CT_14\01080393.JPG,moved
CT_14,C:\Users\USUARIO\Desktop\BP Mayo 2026\SynologyDrive\CT_14\100EK113\01080394.JPG,C:\Users\USUARIO\Desktop\BP Mayo 2026\SynologyDrive\CT_14\01080394.JPG,moved
CT_14,C:\Users\USUARIO\Desktop\BP Mayo 2026\SynologyDrive\CT_14\100EK113\01080395.JPG,C:\Users\USUARIO\Desktop\BP Mayo 2026\SynologyDrive\CT_14\01080395.JPG,moved
CT_14,C:\Users\USUARIO\Desktop\BP Mayo 2026\SynologyDrive\CT_14\100EK113\01080396.JPG,C:\Users\USUARIO\Desktop\BP Mayo 2026\SynologyDrive\CT_14\01080396.JPG,moved
CT_14,C:\Users\USUARIO\Desktop\BP Mayo 2026\SynologyDrive\CT_14\100EK113\01080397.JPG,C:\Users\USUARIO\Desktop\BP Mayo 2026\SynologyDrive\CT_14\01080397.JPG,moved
CT_14,C:\Users\USUARIO\Desktop\BP Mayo 2026\SynologyDrive\CT_14\100EK113\01080398.JPG,C:\Users\USUARIO\Desktop\BP Mayo 2026\SynologyDrive\CT_14\01080398.JPG,moved
CT_14,C:\Users\USUARIO\Desktop\BP Mayo 2026\SynologyDrive\CT_14\100EK113\01080399.JPG,C:\Users\USUARIO\Desktop\BP Mayo 2026\SynologyDrive\CT_14\01080399.JPG,moved
CT_14,C:\Users\USUARIO\Desktop\BP Mayo 2026\SynologyDrive\CT_14\100EK113\01080400.JPG,C:\Users\USUARIO\Desktop\BP Mayo 2026\SynologyDrive\CT_14\01080400.JPG,moved
CT_14,C:\Users\USUARIO\Desktop\BP Mayo 2026\SynologyDrive\CT_14\100EK113\01080401.JPG,C:\Users\USUARIO\Desktop\BP Mayo 2026\SynologyDrive\CT_14\01080401.JPG,moved
CT_14,C:\Users\USUARIO\Desktop\BP Mayo 2026\SynologyDrive\CT_14\100EK113\01080402.JPG,C:\Users\USUARIO\Desktop\BP Mayo 2026\SynologyDrive\CT_14\01080402.JPG,moved
CT_14,C:\Users\USUARIO\Desktop\BP Mayo 2026\SynologyDrive\CT_14\100EK113\01080403.JPG,C:\Users\USUARIO\Desktop\BP Mayo 2026\SynologyDrive\CT_14\01080403.JPG,moved
CT_14,C:\Users\USUARIO\Desktop\BP Mayo 2026\SynologyDrive\CT_14\100EK113\01080404.JPG,C:\Users\USUARIO\Desktop\BP Mayo 2026\SynologyDrive\CT_14\01080404.JPG,moved
CT_14,C:\Users\USUARIO\Desktop\BP Mayo 2026\SynologyDrive\CT_14\100EK113\01080405.JPG,C:\Users\USUARIO\Desktop\BP Mayo 2026\SynologyDrive\CT_14\01080405.JPG,moved
CT_14,C:\Users\USUARIO\Desktop\BP Mayo 2026\SynologyDrive\CT_14\100EK113\01080406.JPG,C:\Users\USUARIO\Desktop\BP Mayo 2026\SynologyDrive\CT_14\01080406.JPG,moved
CT_14,C:\Users\USUARIO\Desktop\BP Mayo 2026\SynologyDrive\CT_14\100EK113\01080407.JPG,C:\Users\USUARIO\Desktop\BP Mayo 2026\SynologyDrive\CT_14\01080407.JPG,moved
CT_14,C:\Users\USUARIO\Desktop\BP Mayo 2026\SynologyDrive\CT_14\100EK113\01080408.JPG,C:\Users\USUARIO\Desktop\BP Mayo 2026\SynologyDrive\CT_14\01080408.JPG,moved
CT_14,C:\Users\USUARIO\Desktop\BP Mayo 2026\SynologyDrive\CT_14\100EK113\01080409.JPG,C:\Users\USUARIO\Desktop\BP Mayo 2026\SynologyDrive\CT_14\01080409.JPG,moved
CT_14,C:\Users\USUARIO\Desktop\BP Mayo 2026\SynologyDrive\CT_14\100EK113\01080410.JPG,C:\Users\USUARIO\Desktop\BP Mayo 2026\SynologyDrive\CT_14\01080410.JPG,moved
CT_14,C:\Users\USUARIO\Desktop\BP Mayo 2026\SynologyDrive\CT_14\100EK113\01080411.JPG,C:\Users\USUARIO\Desktop\BP Mayo 2026\SynologyDrive\CT_14\01080411.JPG,moved
CT_14,C:\Users\USUARIO\Desktop\BP Mayo 2026\SynologyDrive\CT_14\100EK113\01080412.JPG,C:\Users\USUARIO\Desktop\BP Mayo 2026\SynologyDrive\CT_14\01080412.JPG,moved
CT_14,C:\Users\USUARIO\Desktop\BP Mayo 2026\SynologyDrive\CT_14\100EK113\01080413.JPG,C:\Users\USUARIO\Desktop\BP Mayo 2026\SynologyDrive\CT_14\01080413.JPG,moved
CT_14,C:\Users\USUARIO\Desktop\BP Mayo 2026\SynologyDrive\CT_14\100EK113\01080414.JPG,C:\Users\USUARIO\Desktop\BP Mayo 2026\SynologyDrive\CT_14\01080414.JPG,moved
CT_14,C:\Users\USUARIO\Desktop\BP Mayo 2026\SynologyDrive\CT_14\100EK113\01080415.JPG,C:\Users\USUARIO\Desktop\BP Mayo 2026\SynologyDrive\CT_14\01080415.JPG,moved
CT_14,C:\Users\USUARIO\Desktop\BP Mayo 2026\SynologyDrive\CT_14\100EK113\01080416.JPG,C:\Users\USUARIO\Desktop\BP Mayo 2026\SynologyDrive\CT_14\01080416.JPG,moved
CT_14,C:\Users\USUARIO\Desktop\BP Mayo 2026\SynologyDrive\CT_14\100EK113\01080417.JPG,C:\Users\USUARIO\Desktop\BP Mayo 2026\SynologyDrive\CT_14\01080417.JPG,moved
CT_14,C:\Users\USUARIO\Desktop\BP Mayo 2026\SynologyDrive\CT_14\100EK113\01080418.JPG,C:\Users\USUARIO\Desktop\BP Mayo 2026\SynologyDrive\CT_14\01080418.JPG,moved
CT_14,C:\Users\USUARIO\Desktop\BP Mayo 2026\SynologyDrive\CT_14\100EK113\01080419.JPG,C:\Users\USUARIO\Desktop\BP Mayo 2026\SynologyDrive\CT_14\01080419.JPG,moved
CT_14,C:\Users\USUARIO\Desktop\BP Mayo 2026\SynologyDrive\CT_14\100EK113\01080420.JPG,C:\Users\USUARIO\Desktop\BP Mayo 2026\SynologyDrive\CT_14\01080420.JPG,moved
CT_14,C:\Users\USUARIO\Desktop\BP Mayo 2026\SynologyDrive\CT_14\100EK113\01080421.JPG,C:\Users\USUARIO\Desktop\BP Mayo 2026\SynologyDrive\CT_14\01080421.JPG,moved
CT_14,C:\Users\USUARIO\Desktop\BP Mayo 2026\SynologyDrive\CT_14\100EK113\01080422.JPG,C:\Users\USUARIO\Desktop\BP Mayo 2026\SynologyDrive\CT_14\01080422.JPG,moved
CT_14,C:\Users\USUARIO\Desktop\BP Mayo 2026\SynologyDrive\CT_14\100EK113\01080423.JPG,C:\Users\USUARIO\Desktop\BP Mayo 2026\SynologyDrive\CT_14\01080423.JPG,moved
CT_14,C:\Users\USUARIO\Desktop\BP Mayo 2026\SynologyDrive\CT_14\100EK113\01080424.JPG,C:\Users\USUARIO\Desktop\BP Mayo 2026\SynologyDrive\CT_14\01080424.JPG,moved
CT_14,C:\Users\USUARIO\Desktop\BP Mayo 2026\SynologyDrive\CT_14\100EK113\01080425.JPG,C:\Users\USUARIO\Desktop\BP Mayo 2026\SynologyDrive\CT_14\01080425.JPG,moved
CT_14,C:\Users\USUARIO\Desktop\BP Mayo 2026\SynologyDrive\CT_14\100EK113\01080426.JPG,C:\Users\USUARIO\Desktop\BP Mayo 2026\SynologyDrive\CT_14\01080426.JPG,moved
CT_14,C:\Users\USUARIO\Desktop\BP Mayo 2026\SynologyDrive\CT_14\100EK113\01080427.JPG,C:\Users\USUARIO\Desktop\BP Mayo 2026\SynologyDrive\CT_14\01080427.JPG,moved
CT_14,C:\Users\USUARIO\Desktop\BP Mayo 2026\SynologyDrive\CT_14\100EK113\01080428.JPG,C:\Users\USUARIO\Desktop\BP Mayo 2026\SynologyDrive\CT_14\01080428.JPG,moved
CT_14,C:\Users\USUARIO\Desktop\BP Mayo 2026\SynologyDrive\CT_14\100EK113\01080429.JPG,C:\Users\USUARIO\Desktop\BP Mayo 2026\SynologyDrive\CT_14\01080429.JPG,moved
CT_14,C:\Users\USUARIO\Desktop\BP Mayo 2026\SynologyDrive\CT_14\100EK113\01080430.JPG,C:\Users\USUARIO\Desktop\BP Mayo 2026\SynologyDrive\CT_14\01080430.JPG,moved
CT_14,C:\Users\USUARIO\Desktop\BP Mayo 2026\SynologyDrive\CT_14\100EK113\01080431.JPG,C:\Users\USUARIO\Desktop\BP Mayo 2026\SynologyDrive\CT_14\01080431.JPG,moved
CT_14,C:\Users\USUARIO\Desktop\BP Mayo 2026\SynologyDrive\CT_14\100EK113\01080432.JPG,C:\Users\USUARIO\Desktop\BP Mayo 2026\SynologyDrive\CT_14\01080432.JPG,moved
CT_14,C:\Users\USUARIO\Desktop\BP Mayo 2026\SynologyDrive\CT_14\100EK113\01080433.JPG,C:\Users\USUARIO\Desktop\BP Mayo 2026\SynologyDrive\CT_14\01080433.JPG,moved
CT_14,C:\Users\USUARIO\Desktop\BP Mayo 2026\SynologyDrive\CT_14\100EK113\01080434.JPG,C:\Users\USUARIO\Desktop\BP Mayo 2026\SynologyDrive\CT_14\01080434.JPG,moved
CT_14,C:\Users\USUARIO\Desktop\BP Mayo 2026\SynologyDrive\CT_14\100EK113\01080435.JPG,C:\Users\USUARIO\Desktop\BP Mayo 2026\SynologyDrive\CT_14\01080435.JPG,moved
CT_14,C:\Users\USUARIO\Desktop\BP Mayo 2026\SynologyDrive\CT_14\100EK113\01080436.JPG,C:\Users\USUARIO\Desktop\BP Mayo 2026\SynologyDrive\CT_14\01080436.JPG,moved
CT_14,C:\Users\USUARIO\Desktop\BP Mayo 2026\SynologyDrive\CT_14\100EK113\01080437.JPG,C:\Users\USUARIO\Desktop\BP Mayo 2026\SynologyDrive\CT_14\01080437.JPG,moved
CT_14,C:\Users\USUARIO\Desktop\BP Mayo 2026\SynologyDrive\CT_14\100EK113\01080438.JPG,C:\Users\USUARIO\Desktop\BP Mayo 2026\SynologyDrive\CT_14\01080438.JPG,moved
CT_14,C:\Users\USUARIO\Desktop\BP Mayo 2026\SynologyDrive\CT_14\100EK113\01080439.JPG,C:\Users\USUARIO\Desktop\BP Mayo 2026\SynologyDrive\CT_14\01080439.JPG,moved
CT_14,C:\Users\USUARIO\Desktop\BP Mayo 2026\SynologyDrive\CT_14\100EK113\01080440.JPG,C:\Users\USUARIO\Desktop\BP Mayo 2026\SynologyDrive\CT_14\01080440.JPG,moved
CT_14,C:\Users\USUARIO\Desktop\BP Mayo 2026\SynologyDrive\CT_14\100EK113\01080441.JPG,C:\Users\USUARIO\Desktop\BP Mayo 2026\SynologyDrive\CT_14\01080441.JPG,moved
CT_14,C:\Users\USUARIO\Desktop\BP Mayo 2026\SynologyDrive\CT_14\100EK113\01080442.JPG,C:\Users\USUARIO\Desktop\BP Mayo 2026\SynologyDrive\CT_14\01080442.JPG,moved
CT_14,C:\Users\USUARIO\Desktop\BP Mayo 2026\SynologyDrive\CT_14\100EK113\01080443.JPG,C:\Users\USUARIO\Desktop\BP Mayo 2026\SynologyDrive\CT_14\01080443.JPG,moved
CT_14,C:\Users\USUARIO\Desktop\BP Mayo 2026\SynologyDrive\CT_14\100EK113\01080444.JPG,C:\Users\USUARIO\Desktop\BP Mayo 2026\SynologyDrive\CT_14\01080444.JPG,moved
CT_14,C:\Users\USUARIO\Desktop\BP Mayo 2026\SynologyDrive\CT_14\100EK113\01080445.JPG,C:\Users\USUARIO\Desktop\BP Mayo 2026\SynologyDrive\CT_14\01080445.JPG,moved
CT_14,C:\Users\USUARIO\Desktop\BP Mayo 2026\SynologyDrive\CT_14\100EK113\01080446.JPG,C:\Users\USUARIO\Desktop\BP Mayo 2026\SynologyDrive\CT_14\01080446.JPG,moved
CT_14,C:\Users\USUARIO\Desktop\BP Mayo 2026\SynologyDrive\CT_14\100EK113\01080447.JPG,C:\Users\USUARIO\Desktop\BP Mayo 2026\SynologyDrive\CT_14\01080447.JPG,moved
CT_14,C:\Users\USUARIO\Desktop\BP Mayo 2026\SynologyDrive\CT_14\100EK113\01080448.JPG,C:\Users\USUARIO\Desktop\BP Mayo 2026\SynologyDrive\CT_14\01080448.JPG,moved
CT_14,C:\Users\USUARIO\Desktop\BP Mayo 2026\SynologyDrive\CT_14\100EK113\01080449.JPG,C:\Users\USUARIO\Desktop\BP Mayo 2026\SynologyDrive\CT_14\01080449.JPG,moved
CT_14,C:\Users\USUARIO\Desktop\BP Mayo 2026\SynologyDrive\CT_14\100EK113\01080450.JPG,C:\Users\USUARIO\Desktop\BP Mayo 2026\SynologyDrive\CT_14\01080450.JPG,moved
CT_14,C:\Users\USUARIO\Desktop\BP Mayo 2026\SynologyDrive\CT_14\100EK113\01080451.JPG,C:\Users\USUARIO\Desktop\BP Mayo 2026\SynologyDrive\CT_14\01080451.JPG,moved
CT_14,C:\Users\USUARIO\Desktop\BP Mayo 2026\SynologyDrive\CT_14\100EK113\01080452.JPG,C:\Users\USUARIO\Desktop\BP Mayo 2026\SynologyDrive\CT_14\01080452.JPG,moved
CT_14,C:\Users\USUARIO\Desktop\BP Mayo 2026\SynologyDrive\CT_14\100EK113\01080453.JPG,C:\Users\USUARIO\Desktop\BP Mayo 2026\SynologyDrive\CT_14\01080453.JPG,moved
CT_14,C:\Users\USUARIO\Desktop\BP Mayo 2026\SynologyDrive\CT_14\100EK113\01080454.JPG,C:\Users\USUARIO\Desktop\BP Mayo 2026\SynologyDrive\CT_14\01080454.JPG,moved
CT_14,C:\Users\USUARIO\Desktop\BP Mayo 2026\SynologyDrive\CT_14\100EK113\01080455.JPG,C:\Users\USUARIO\Desktop\BP Mayo 2026\SynologyDrive\CT_14\01080455.JPG,moved
CT_14,C:\Users\USUARIO\Desktop\BP Mayo 2026\SynologyDrive\CT_14\100EK113\01080456.JPG,C:\Users\USUARIO\Desktop\BP Mayo 2026\SynologyDrive\CT_14\01080456.JPG,moved
CT_14,C:\Users\USUARIO\Desktop\BP Mayo 2026\SynologyDrive\CT_14\100EK113\01080457.JPG,C:\Users\USUARIO\Desktop\BP Mayo 2026\SynologyDrive\CT_14\01080457.JPG,moved
CT_14,C:\Users\USUARIO\Desktop\BP Mayo 2026\SynologyDrive\CT_14\100EK113\01080458.JPG,C:\Users\USUARIO\Desktop\BP Mayo 2026\SynologyDrive\CT_14\01080458.JPG,moved
CT_14,C:\Users\USUARIO\Desktop\BP Mayo 2026\SynologyDrive\CT_14\100EK113\01080459.JPG,C:\Users\USUARIO\Desktop\BP Mayo 2026\SynologyDrive\CT_14\01080459.JPG,moved
CT_14,C:\Users\USUARIO\Desktop\BP Mayo 2026\SynologyDrive\CT_14\100EK113\01080460.JPG,C:\Users\USUARIO\Desktop\BP Mayo 2026\SynologyDrive\CT_14\01080460.JPG,moved
CT_14,C:\Users\USUARIO\Desktop\BP Mayo 2026\SynologyDrive\CT_14\100EK113\01080461.JPG,C:\Users\USUARIO\Desktop\BP Mayo 2026\SynologyDrive\CT_14\01080461.JPG,moved
CT_14,C:\Users\USUARIO\Desktop\BP Mayo 2026\SynologyDrive\CT_14\100EK113\01080462.JPG,C:\Users\USUARIO\Desktop\BP Mayo 2026\SynologyDrive\CT_14\01080462.JPG,moved
CT_14,C:\Users\USUARIO\Desktop\BP Mayo 2026\SynologyDrive\CT_14\100EK113\01080463.JPG,C:\Users\USUARIO\Desktop\BP Mayo 2026\SynologyDrive\CT_14\01080463.JPG,moved
CT_14,C:\Users\USUARIO\Desktop\BP Mayo 2026\SynologyDrive\CT_14\100EK113\01080464.JPG,C:\Users\USUARIO\Desktop\BP Mayo 2026\SynologyDrive\CT_14\01080464.JPG,moved
CT_14,C:\Users\USUARIO\Desktop\BP Mayo 2026\SynologyDrive\CT_14\100EK113\01080465.JPG,C:\Users\USUARIO\Desktop\BP Mayo 2026\SynologyDrive\CT_14\01080465.JPG,moved
CT_14,C:\Users\USUARIO\Desktop\BP Mayo 2026\SynologyDrive\CT_14\100EK113\01080466.JPG,C:\Users\USUARIO\Desktop\BP Mayo 2026\SynologyDrive\CT_14\01080466.JPG,moved
CT_14,C:\Users\USUARIO\Desktop\BP Mayo 2026\SynologyDrive\CT_14\100EK113\01080467.JPG,C:\Users\USUARIO\Desktop\BP Mayo 2026\SynologyDrive\CT_14\01080467.JPG,moved
CT_14,C:\Users\USUARIO\Desktop\BP Mayo 2026\SynologyDrive\CT_14\100EK113\01080468.JPG,C:\Users\USUARIO\Desktop\BP Mayo 2026\SynologyDrive\CT_14\01080468.JPG,moved
CT_14,C:\Users\USUARIO\Desktop\BP Mayo 2026\SynologyDrive\CT_14\100EK113\01080469.JPG,C:\Users\USUARIO\Desktop\BP Mayo 2026\SynologyDrive\CT_14\01080469.JPG,moved
CT_14,C:\Users\USUARIO\Desktop\BP Mayo 2026\SynologyDrive\CT_14\100EK113\01080470.JPG,C:\Users\USUARIO\Desktop\BP Mayo 2026\SynologyDrive\CT_14\01080470.JPG,moved
CT_14,C:\Users\USUARIO\Desktop\BP Mayo 2026\SynologyDrive\CT_14\100EK113\01080471.JPG,C:\Users\USUARIO\Desktop\BP Mayo 2026\SynologyDrive\CT_14\01080471.JPG,moved
CT_14,C:\Users\USUARIO\Desktop\BP Mayo 2026\SynologyDrive\CT_14\100EK113\01080472.JPG,C:\Users\USUARIO\Desktop\BP Mayo 2026\SynologyDrive\CT_14\01080472.JPG,moved
CT_14,C:\Users\USUARIO\Desktop\BP Mayo 2026\SynologyDrive\CT_14\100EK113\01080473.JPG,C:\Users\USUARIO\Desktop\BP Mayo 2026\SynologyDrive\CT_14\01080473.JPG,moved
CT_14,C:\Users\USUARIO\Desktop\BP Mayo 2026\SynologyDrive\CT_14\100EK113\01080474.JPG,C:\Users\USUARIO\Desktop\BP Mayo 2026\SynologyDrive\CT_14\01080474.JPG,moved
CT_14,C:\Users\USUARIO\Desktop\BP Mayo 2026\SynologyDrive\CT_14\100EK113\01080475.JPG,C:\Users\USUARIO\Desktop\BP Mayo 2026\SynologyDrive\CT_14\01080475.JPG,moved
CT_14,C:\Users\USUARIO\Desktop\BP Mayo 2026\SynologyDrive\CT_14\100EK113\01080476.JPG,C:\Users\USUARIO\Desktop\BP Mayo 2026\SynologyDrive\CT_14\01080476.JPG,moved
CT_14,C:\Users\USUARIO\Desktop\BP Mayo 2026\SynologyDrive\CT_14\100EK113\01080477.JPG,C:\Users\USUARIO\Desktop\BP Mayo 2026\SynologyDrive\CT_14\01080477.JPG,moved
CT_14,C:\Users\USUARIO\Desktop\BP Mayo 2026\SynologyDrive\CT_14\100EK113\01080478.JPG,C:\Users\USUARIO\Desktop\BP Mayo 2026\SynologyDrive\CT_14\01080478.JPG,moved
CT_14,C:\Users\USUARIO\Desktop\BP Mayo 2026\SynologyDrive\CT_14\100EK113\01080479.JPG,C:\Users\USUARIO\Desktop\BP Mayo 2026\SynologyDrive\CT_14\01080479.JPG,moved
CT_14,C:\Users\USUARIO\Desktop\BP Mayo 2026\SynologyDrive\CT_14\100EK113\01080480.JPG,C:\Users\USUARIO\Desktop\BP Mayo 2026\SynologyDrive\CT_14\01080480.JPG,moved
CT_14,C:\Users\USUARIO\Desktop\BP Mayo 2026\SynologyDrive\CT_14\100EK113\01080481.JPG,C:\Users\USUARIO\Desktop\BP Mayo 2026\SynologyDrive\CT_14\01080481.JPG,moved
CT_14,C:\Users\USUARIO\Desktop\BP Mayo 2026\SynologyDrive\CT_14\100EK113\01080482.JPG,C:\Users\USUARIO\Desktop\BP Mayo 2026\SynologyDrive\CT_14\01080482.JPG,moved
CT_14,C:\Users\USUARIO\Desktop\BP Mayo 2026\SynologyDrive\CT_14\100EK113\01080483.JPG,C:\Users\USUARIO\Desktop\BP Mayo 2026\SynologyDrive\CT_14\01080483.JPG,moved
CT_14,C:\Users\USUARIO\Desktop\BP Mayo 2026\SynologyDrive\CT_14\100EK113\01080484.JPG,C:\Users\USUARIO\Desktop\BP Mayo 2026\SynologyDrive\CT_14\01080484.JPG,moved
CT_14,C:\Users\USUARIO\Desktop\BP Mayo 2026\SynologyDrive\CT_14\100EK113\01080485.JPG,C:\Users\USUARIO\Desktop\BP Mayo 2026\SynologyDrive\CT_14\01080485.JPG,moved
CT_14,C:\Users\USUARIO\Desktop\BP Mayo 2026\SynologyDrive\CT_14\100EK113\01080486.JPG,C:\Users\USUARIO\Desktop\BP Mayo 2026\SynologyDrive\CT_14\01080486.JPG,moved
CT_14,C:\Users\USUARIO\Desktop\BP Mayo 2026\SynologyDrive\CT_14\100EK113\01080487.JPG,C:\Users\USUARIO\Desktop\BP Mayo 2026\SynologyDrive\CT_14\01080487.JPG,moved
CT_14,C:\Users\USUARIO\Desktop\BP Mayo 2026\SynologyDrive\CT_14\100EK113\01080488.JPG,C:\Users\USUARIO\Desktop\BP Mayo 2026\SynologyDrive\CT_14\01080488.JPG,moved
CT_14,C:\Users\USUARIO\Desktop\BP Mayo 2026\SynologyDrive\CT_14\100EK113\01080489.JPG,C:\Users\USUARIO\Desktop\BP Mayo 2026\SynologyDrive\CT_14\01080489.JPG,moved
CT_14,C:\Users\USUARIO\Desktop\BP Mayo 2026\SynologyDrive\CT_14\100EK113\01080490.JPG,C:\Users\USUARIO\Desktop\BP Mayo 2026\SynologyDrive\CT_14\01080490.JPG,moved
CT_14,C:\Users\USUARIO\Desktop\BP Mayo 2026\SynologyDrive\CT_14\100EK113\01080491.JPG,C:\Users\USUARIO\Desktop\BP Mayo 2026\SynologyDrive\CT_14\01080491.JPG,moved
CT_14,C:\Users\USUARIO\Desktop\BP Mayo 2026\SynologyDrive\CT_14\100EK113\01080492.JPG,C:\Users\USUARIO\Desktop\BP Mayo 2026\SynologyDrive\CT_14\01080492.JPG,moved
CT_14,C:\Users\USUARIO\Desktop\BP Mayo 2026\SynologyDrive\CT_14\100EK113\01080493.JPG,C:\Users\USUARIO\Desktop\BP Mayo 2026\SynologyDrive\CT_14\01080493.JPG,moved
CT_14,C:\Users\USUARIO\Desktop\BP Mayo 2026\SynologyDrive\CT_14\100EK113\01080494.JPG,C:\Users\USUARIO\Desktop\BP Mayo 2026\SynologyDrive\CT_14\01080494.JPG,moved
CT_14,C:\Users\USUARIO\Desktop\BP Mayo 2026\SynologyDrive\CT_14\100EK113\01080495.JPG,C:\Users\USUARIO\Desktop\BP Mayo 2026\SynologyDrive\CT_14\01080495.JPG,moved
CT_14,C:\Users\USUARIO\Desktop\BP Mayo 2026\SynologyDrive\CT_14\100EK113\01080496.JPG,C:\Users\USUARIO\Desktop\BP Mayo 2026\SynologyDrive\CT_14\01080496.JPG,moved
CT_14,C:\Users\USUARIO\Desktop\BP Mayo 2026\SynologyDrive\CT_14\100EK113\01080497.JPG,C:\Users\USUARIO\Desktop\BP Mayo 2026\SynologyDrive\CT_14\01080497.JPG,moved
CT_14,C:\Users\USUARIO\Desktop\BP Mayo 2026\SynologyDrive\CT_14\100EK113\01080498.JPG,C:\Users\USUARIO\Desktop\BP Mayo 2026\SynologyDrive\CT_14\01080498.JPG,moved
CT_14,C:\Users\USUARIO\Desktop\BP Mayo 2026\SynologyDrive\CT_14\100EK113\01080499.JPG,C:\Users\USUARIO\Desktop\BP Mayo 2026\SynologyDrive\CT_14\01080499.JPG,moved
CT_14,C:\Users\USUARIO\Desktop\BP Mayo 2026\SynologyDrive\CT_14\100EK113\01080500.JPG,C:\Users\USUARIO\Desktop\BP Mayo 2026\SynologyDrive\CT_14\01080500.JPG,moved
CT_14,C:\Users\USUARIO\Desktop\BP Mayo 2026\SynologyDrive\CT_14\100EK113\01080501.JPG,C:\Users\USUARIO\Desktop\BP Mayo 2026\SynologyDrive\CT_14\01080501.JPG,moved
CT_14,C:\Users\USUARIO\Desktop\BP Mayo 2026\SynologyDrive\CT_14\100EK113\01080502.JPG,C:\Users\USUARIO\Desktop\BP Mayo 2026\SynologyDrive\CT_14\01080502.JPG,moved
CT_14,C:\Users\USUARIO\Desktop\BP Mayo 2026\SynologyDrive\CT_14\100EK113\01080503.JPG,C:\Users\USUARIO\Desktop\BP Mayo 2026\SynologyDrive\CT_14\01080503.JPG,moved
CT_14,C:\Users\USUARIO\Desktop\BP Mayo 2026\SynologyDrive\CT_14\100EK113\01080504.JPG,C:\Users\USUARIO\Desktop\BP Mayo 2026\SynologyDrive\CT_14\01080504.JPG,moved
CT_14,C:\Users\USUARIO\Desktop\BP Mayo 2026\SynologyDrive\CT_14\100EK113\01080505.JPG,C:\Users\USUARIO\Desktop\BP Mayo 2026\SynologyDrive\CT_14\01080505.JPG,moved
CT_14,C:\Users\USUARIO\Desktop\BP Mayo 2026\SynologyDrive\CT_14\100EK113\01080506.JPG,C:\Users\USUARIO\Desktop\BP Mayo 2026\SynologyDrive\CT_14\01080506.JPG,moved
CT_14,C:\Users\USUARIO\Desktop\BP Mayo 2026\SynologyDrive\CT_14\100EK113\01080507.JPG,C:\Users\USUARIO\Desktop\BP Mayo 2026\SynologyDrive\CT_14\01080507.JPG,moved
CT_14,C:\Users\USUARIO\Desktop\BP Mayo 2026\SynologyDrive\CT_14\100EK113\01080508.JPG,C:\Users\USUARIO\Desktop\BP Mayo 2026\SynologyDrive\CT_14\01080508.JPG,moved
CT_14,C:\Users\USUARIO\Desktop\BP Mayo 2026\SynologyDrive\CT_14\100EK113\01080509.JPG,C:\Users\USUARIO\Desktop\BP Mayo 2026\SynologyDrive\CT_14\01080509.JPG,moved
CT_14,C:\Users\USUARIO\Desktop\BP Mayo 2026\SynologyDrive\CT_14\100EK113\01080510.JPG,C:\Users\USUARIO\Desktop\BP Mayo 2026\SynologyDrive\CT_14\01080510.JPG,moved
CT_14,C:\Users\USUARIO\Desktop\BP Mayo 2026\SynologyDrive\CT_14\100EK113\01080511.JPG,C:\Users\USUARIO\Desktop\BP Mayo 2026\SynologyDrive\CT_14\01080511.JPG,moved
CT_14,C:\Users\USUARIO\Desktop\BP Mayo 2026\SynologyDrive\CT_14\100EK113\01080512.JPG,C:\Users\USUARIO\Desktop\BP Mayo 2026\SynologyDrive\CT_14\01080512.JPG,moved
CT_14,C:\Users\USUARIO\Desktop\BP Mayo 2026\SynologyDrive\CT_14\100EK113\01080513.JPG,C:\Users\USUARIO\Desktop\BP Mayo 2026\SynologyDrive\CT_14\01080513.JPG,moved
CT_14,C:\Users\USUARIO\Desktop\BP Mayo 2026\SynologyDrive\CT_14\100EK113\01080514.JPG,C:\Users\USUARIO\Desktop\BP Mayo 2026\SynologyDrive\CT_14\01080514.JPG,moved
CT_14,C:\Users\USUARIO\Desktop\BP Mayo 2026\SynologyDrive\CT_14\100EK113\01080515.JPG,C:\Users\USUARIO\Desktop\BP Mayo 2026\SynologyDrive\CT_14\01080515.JPG,moved
CT_14,C:\Users\USUARIO\Desktop\BP Mayo 2026\SynologyDrive\CT_14\100EK113\01080516.JPG,C:\Users\USUARIO\Desktop\BP Mayo 2026\SynologyDrive\CT_14\01080516.JPG,moved
CT_14,C:\Users\USUARIO\Desktop\BP Mayo 2026\SynologyDrive\CT_14\100EK113\01080517.JPG,C:\Users\USUARIO\Desktop\BP Mayo 2026\SynologyDrive\CT_14\01080517.JPG,moved
CT_14,C:\Users\USUARIO\Desktop\BP Mayo 2026\SynologyDrive\CT_14\100EK113\01080518.JPG,C:\Users\USUARIO\Desktop\BP Mayo 2026\SynologyDrive\CT_14\01080518.JPG,moved
CT_14,C:\Users\USUARIO\Desktop\BP Mayo 2026\SynologyDrive\CT_14\100EK113\01080519.JPG,C:\Users\USUARIO\Desktop\BP Mayo 2026\SynologyDrive\CT_14\01080519.JPG,moved
CT_14,C:\Users\USUARIO\Desktop\BP Mayo 2026\SynologyDrive\CT_14\100EK113\01080520.JPG,C:\Users\USUARIO\Desktop\BP Mayo 2026\SynologyDrive\CT_14\01080520.JPG,moved
CT_14,C:\Users\USUARIO\Desktop\BP Mayo 2026\SynologyDrive\CT_14\100EK113\01080521.JPG,C:\Users\USUARIO\Desktop\BP Mayo 2026\SynologyDrive\CT_14\01080521.JPG,moved
CT_14,C:\Users\USUARIO\Desktop\BP Mayo 2026\SynologyDrive\CT_14\100EK113\01080522.JPG,C:\Users\USUARIO\Desktop\BP Mayo 2026\SynologyDrive\CT_14\01080522.JPG,moved
CT_14,C:\Users\USUARIO\Desktop\BP Mayo 2026\SynologyDrive\CT_14\100EK113\01080523.JPG,C:\Users\USUARIO\Desktop\BP Mayo 2026\SynologyDrive\CT_14\01080523.JPG,moved
CT_14,C:\Users\USUARIO\Desktop\BP Mayo 2026\SynologyDrive\CT_14\100EK113\01080524.JPG,C:\Users\USUARIO\Desktop\BP Mayo 2026\SynologyDrive\CT_14\01080524.JPG,moved
CT_14,C:\Users\USUARIO\Desktop\BP Mayo 2026\SynologyDrive\CT_14\100EK113\01080525.JPG,C:\Users\USUARIO\Desktop\BP Mayo 2026\SynologyDrive\CT_14\01080525.JPG,moved
CT_14,C:\Users\USUARIO\Desktop\BP Mayo 2026\SynologyDrive\CT_14\100EK113\01080526.JPG,C:\Users\USUARIO\Desktop\BP Mayo 2026\SynologyDrive\CT_14\01080526.JPG,moved
CT_14,C:\Users\USUARIO\Desktop\BP Mayo 2026\SynologyDrive\CT_14\100EK113\01080527.JPG,C:\Users\USUARIO\Desktop\BP Mayo 2026\SynologyDrive\CT_14\01080527.JPG,moved
CT_14,C:\Users\USUARIO\Desktop\BP Mayo 2026\SynologyDrive\CT_14\100EK113\01080528.JPG,C:\Users\USUARIO\Desktop\BP Mayo 2026\SynologyDrive\CT_14\01080528.JPG,moved
CT_14,C:\Users\USUARIO\Desktop\BP Mayo 2026\SynologyDrive\CT_14\100EK113\01080529.JPG,C:\Users\USUARIO\Desktop\BP Mayo 2026\SynologyDrive\CT_14\01080529.JPG,moved
CT_14,C:\Users\USUARIO\Desktop\BP Mayo 2026\SynologyDrive\CT_14\100EK113\01080530.JPG,C:\Users\USUARIO\Desktop\BP Mayo 2026\SynologyDrive\CT_14\01080530.JPG,moved
CT_14,C:\Users\USUARIO\Desktop\BP Mayo 2026\SynologyDrive\CT_14\100EK113\01080531.JPG,C:\Users\USUARIO\Desktop\BP Mayo 2026\SynologyDrive\CT_14\01080531.JPG,moved
CT_14,C:\Users\USUARIO\Desktop\BP Mayo 2026\SynologyDrive\CT_14\100EK113\01080532.JPG,C:\Users\USUARIO\Desktop\BP Mayo 2026\SynologyDrive\CT_14\01080532.JPG,moved
CT_14,C:\Users\USUARIO\Desktop\BP Mayo 2026\SynologyDrive\CT_14\100EK113\01080533.JPG,C:\Users\USUARIO\Desktop\BP Mayo 2026\SynologyDrive\CT_14\01080533.JPG,moved
CT_14,C:\Users\USUARIO\Desktop\BP Mayo 2026\SynologyDrive\CT_14\100EK113\01080534.JPG,C:\Users\USUARIO\Desktop\BP Mayo 2026\SynologyDrive\CT_14\01080534.JPG,moved
CT_14,C:\Users\USUARIO\Desktop\BP Mayo 2026\SynologyDrive\CT_14\100EK113\01080535.JPG,C:\Users\USUARIO\Desktop\BP Mayo 2026\SynologyDrive\CT_14\01080535.JPG,moved
CT_14,C:\Users\USUARIO\Desktop\BP Mayo 2026\SynologyDrive\CT_14\100EK113\01080536.JPG,C:\Users\USUARIO\Desktop\BP Mayo 2026\SynologyDrive\CT_14\01080536.JPG,moved
CT_14,C:\Users\USUARIO\Desktop\BP Mayo 2026\SynologyDrive\CT_14\100EK113\01080537.JPG,C:\Users\USUARIO\Desktop\BP Mayo 2026\SynologyDrive\CT_14\01080537.JPG,moved
CT_14,C:\Users\USUARIO\Desktop\BP Mayo 2026\SynologyDrive\CT_14\100EK113\01080538.JPG,C:\Users\USUARIO\Desktop\BP Mayo 2026\SynologyDrive\CT_14\01080538.JPG,moved
CT_14,C:\Users\USUARIO\Desktop\BP Mayo 2026\SynologyDrive\CT_14\100EK113\01080539.JPG,C:\Users\USUARIO\Desktop\BP Mayo 2026\SynologyDrive\CT_14\01080539.JPG,moved
CT_14,C:\Users\USUARIO\Desktop\BP Mayo 2026\SynologyDrive\CT_14\100EK113\01080540.JPG,C:\Users\USUARIO\Desktop\BP Mayo 2026\SynologyDrive\CT_14\01080540.JPG,moved
CT_14,C:\Users\USUARIO\Desktop\BP Mayo 2026\SynologyDrive\CT_14\100EK113\01080541.JPG,C:\Users\USUARIO\Desktop\BP Mayo 2026\SynologyDrive\CT_14\01080541.JPG,moved
CT_14,C:\Users\USUARIO\Desktop\BP Mayo 2026\SynologyDrive\CT_14\100EK113\01080542.JPG,C:\Users\USUARIO\Desktop\BP Mayo 2026\SynologyDrive\CT_14\01080542.JPG,moved
CT_14,C:\Users\USUARIO\Desktop\BP Mayo 2026\SynologyDrive\CT_14\100EK113\01080543.JPG,C:\Users\USUARIO\Desktop\BP Mayo 2026\SynologyDrive\CT_14\01080543.JPG,moved
CT_14,C:\Users\USUARIO\Desktop\BP Mayo 2026\SynologyDrive\CT_14\100EK113\01080544.JPG,C:\Users\USUARIO\Desktop\BP Mayo 2026\SynologyDrive\CT_14\01080544.JPG,moved
CT_14,C:\Users\USUARIO\Desktop\BP Mayo 2026\SynologyDrive\CT_14\100EK113\01080545.JPG,C:\Users\USUARIO\Desktop\BP Mayo 2026\SynologyDrive\CT_14\01080545.JPG,moved
CT_14,C:\Users\USUARIO\Desktop\BP Mayo 2026\SynologyDrive\CT_14\100EK113\01080546.JPG,C:\Users\USUARIO\Desktop\BP Mayo 2026\SynologyDrive\CT_14\01080546.JPG,moved
CT_14,C:\Users\USUARIO\Desktop\BP Mayo 2026\SynologyDrive\CT_14\100EK113\01080547.JPG,C:\Users\USUARIO\Desktop\BP Mayo 2026\SynologyDrive\CT_14\01080547.JPG,moved
CT_14,C:\Users\USUARIO\Desktop\BP Mayo 2026\SynologyDrive\CT_14\100EK113\01080548.JPG,C:\Users\USUARIO\Desktop\BP Mayo 2026\SynologyDrive\CT_14\01080548.JPG,moved
CT_14,C:\Users\USUARIO\Desktop\BP Mayo 2026\SynologyDrive\CT_14\100EK113\01080549.JPG,C:\Users\USUARIO\Desktop\BP Mayo 2026\SynologyDrive\CT_14\01080549.JPG,moved
CT_14,C:\Users\USUARIO\Desktop\BP Mayo 2026\SynologyDrive\CT_14\100EK113\01080550.JPG,C:\Users\USUARIO\Desktop\BP Mayo 2026\SynologyDrive\CT_14\01080550.JPG,moved
CT_14,C:\Users\USUARIO\Desktop\BP Mayo 2026\SynologyDrive\CT_14\100EK113\01080551.JPG,C:\Users\USUARIO\Desktop\BP Mayo 2026\SynologyDrive\CT_14\01080551.JPG,moved
CT_14,C:\Users\USUARIO\Desktop\BP Mayo 2026\SynologyDrive\CT_14\100EK113\01080552.JPG,C:\Users\USUARIO\Desktop\BP Mayo 2026\SynologyDrive\CT_14\01080552.JPG,moved
CT_14,C:\Users\USUARIO\Desktop\BP Mayo 2026\SynologyDrive\CT_14\100EK113\01080553.JPG,C:\Users\USUARIO\Desktop\BP Mayo 2026\SynologyDrive\CT_14\01080553.JPG,moved
CT_14,C:\Users\USUARIO\Desktop\BP Mayo 2026\SynologyDrive\CT_14\100EK113\01080554.JPG,C:\Users\USUARIO\Desktop\BP Mayo 2026\SynologyDrive\CT_14\01080554.JPG,moved
CT_14,C:\Users\USUARIO\Desktop\BP Mayo 2026\SynologyDrive\CT_14\100EK113\01080555.JPG,C:\Users\USUARIO\Desktop\BP Mayo 2026\SynologyDrive\CT_14\01080555.JPG,moved
CT_14,C:\Users\USUARIO\Desktop\BP Mayo 2026\SynologyDrive\CT_14\100EK113\01080556.JPG,C:\Users\USUARIO\Desktop\BP Mayo 2026\SynologyDrive\CT_14\01080556.JPG,moved
CT_14,C:\Users\USUARIO\Desktop\BP Mayo 2026\SynologyDrive\CT_14\100EK113\01080557.JPG,C:\Users\USUARIO\Desktop\BP Mayo 2026\SynologyDrive\CT_14\01080557.JPG,moved
CT_14,C:\Users\USUARIO\Desktop\BP Mayo 2026\SynologyDrive\CT_14\100EK113\01080558.JPG,C:\Users\USUARIO\Desktop\BP Mayo 2026\SynologyDrive\CT_14\01080558.JPG,moved
CT_14,C:\Users\USUARIO\Desktop\BP Mayo 2026\SynologyDrive\CT_14\100EK113\01080559.JPG,C:\Users\USUARIO\Desktop\BP Mayo 2026\SynologyDrive\CT_14\01080559.JPG,moved
CT_14,C:\Users\USUARIO\Desktop\BP Mayo 2026\SynologyDrive\CT_14\100EK113\01080560.JPG,C:\Users\USUARIO\Desktop\BP Mayo 2026\SynologyDrive\CT_14\01080560.JPG,moved
CT_14,C:\Users\USUARIO\Desktop\BP Mayo 2026\SynologyDrive\CT_14\100EK113\01080561.JPG,C:\Users\USUARIO\Desktop\BP Mayo 2026\SynologyDrive\CT_14\01080561.JPG,moved
CT_14,C:\Users\USUARIO\Desktop\BP Mayo 2026\SynologyDrive\CT_14\100EK113\01080562.JPG,C:\Users\USUARIO\Desktop\BP Mayo 2026\SynologyDrive\CT_14\01080562.JPG,moved
CT_14,C:\Users\USUARIO\Desktop\BP Mayo 2026\SynologyDrive\CT_14\100EK113\01080563.JPG,C:\Users\USUARIO\Desktop\BP Mayo 2026\SynologyDrive\CT_14\01080563.JPG,moved
CT_14,C:\Users\USUARIO\Desktop\BP Mayo 2026\SynologyDrive\CT_14\100EK113\01080564.JPG,C:\Users\USUARIO\Desktop\BP Mayo 2026\SynologyDrive\CT_14\01080564.JPG,moved
CT_14,C:\Users\USUARIO\Desktop\BP Mayo 2026\SynologyDrive\CT_14\100EK113\01080565.JPG,C:\Users\USUARIO\Desktop\BP Mayo 2026\SynologyDrive\CT_14\01080565.JPG,moved
CT_14,C:\Users\USUARIO\Desktop\BP Mayo 2026\SynologyDrive\CT_14\100EK113\01080566.JPG,C:\Users\USUARIO\Desktop\BP Mayo 2026\SynologyDrive\CT_14\01080566.JPG,moved
CT_14,C:\Users\USUARIO\Desktop\BP Mayo 2026\SynologyDrive\CT_14\100EK113\01080567.JPG,C:\Users\USUARIO\Desktop\BP Mayo 2026\SynologyDrive\CT_14\01080567.JPG,moved
CT_14,C:\Users\USUARIO\Desktop\BP Mayo 2026\SynologyDrive\CT_14\100EK113\01080568.JPG,C:\Users\USUARIO\Desktop\BP Mayo 2026\SynologyDrive\CT_14\01080568.JPG,moved
CT_14,C:\Users\USUARIO\Desktop\BP Mayo 2026\SynologyDrive\CT_14\100EK113\01080569.JPG,C:\Users\USUARIO\Desktop\BP Mayo 2026\SynologyDrive\CT_14\01080569.JPG,moved
CT_14,C:\Users\USUARIO\Desktop\BP Mayo 2026\SynologyDrive\CT_14\100EK113\01080570.JPG,C:\Users\USUARIO\Desktop\BP Mayo 2026\SynologyDrive\CT_14\01080570.JPG,moved
CT_14,C:\Users\USUARIO\Desktop\BP Mayo 2026\SynologyDrive\CT_14\100EK113\01080571.JPG,C:\Users\USUARIO\Desktop\BP Mayo 2026\SynologyDrive\CT_14\01080571.JPG,moved
CT_14,C:\Users\USUARIO\Desktop\BP Mayo 2026\SynologyDrive\CT_14\100EK113\01080572.JPG,C:\Users\USUARIO\Desktop\BP Mayo 2026\SynologyDrive\CT_14\01080572.JPG,moved
CT_14,C:\Users\USUARIO\Desktop\BP Mayo 2026\SynologyDrive\CT_14\100EK113\01080573.JPG,C:\Users\USUARIO\Desktop\BP Mayo 2026\SynologyDrive\CT_14\01080573.JPG,moved
CT_14,C:\Users\USUARIO\Desktop\BP Mayo 2026\SynologyDrive\CT_14\100EK113\01080574.JPG,C:\Users\USUARIO\Desktop\BP Mayo 2026\SynologyDrive\CT_14\01080574.JPG,moved
CT_14,C:\Users\USUARIO\Desktop\BP Mayo 2026\SynologyDrive\CT_14\100EK113\01080575.JPG,C:\Users\USUARIO\Desktop\BP Mayo 2026\SynologyDrive\CT_14\01080575.JPG,moved
CT_14,C:\Users\USUARIO\Desktop\BP Mayo 2026\SynologyDrive\CT_14\100EK113\01080576.JPG,C:\Users\USUARIO\Desktop\BP Mayo 2026\SynologyDrive\CT_14\01080576.JPG,moved
CT_14,C:\Users\USUARIO\Desktop\BP Mayo 2026\SynologyDrive\CT_14\100EK113\01080577.JPG,C:\Users\USUARIO\Desktop\BP Mayo 2026\SynologyDrive\CT_14\01080577.JPG,moved
CT_14,C:\Users\USUARIO\Desktop\BP Mayo 2026\SynologyDrive\CT_14\100EK113\01080578.JPG,C:\Users\USUARIO\Desktop\BP Mayo 2026\SynologyDrive\CT_14\01080578.JPG,moved
CT_14,C:\Users\USUARIO\Desktop\BP Mayo 2026\SynologyDrive\CT_14\100EK113\01080579.JPG,C:\Users\USUARIO\Desktop\BP Mayo 2026\SynologyDrive\CT_14\01080579.JPG,moved
CT_14,C:\Users\USUARIO\Desktop\BP Mayo 2026\SynologyDrive\CT_14\100EK113\01080580.JPG,C:\Users\USUARIO\Desktop\BP Mayo 2026\SynologyDrive\CT_14\01080580.JPG,moved
CT_14,C:\Users\USUARIO\Desktop\BP Mayo 2026\SynologyDrive\CT_14\100EK113\01080581.JPG,C:\Users\USUARIO\Desktop\BP Mayo 2026\SynologyDrive\CT_14\01080581.JPG,moved
CT_14,C:\Users\USUARIO\Desktop\BP Mayo 2026\SynologyDrive\CT_14\100EK113\01080582.JPG,C:\Users\USUARIO\Desktop\BP Mayo 2026\SynologyDrive\CT_14\01080582.JPG,moved
CT_14,C:\Users\USUARIO\Desktop\BP Mayo 2026\SynologyDrive\CT_14\100EK113\01080583.JPG,C:\Users\USUARIO\Desktop\BP Mayo 2026\SynologyDrive\CT_14\01080583.JPG,moved
CT_14,C:\Users\USUARIO\Desktop\BP Mayo 2026\SynologyDrive\CT_14\100EK113\01080584.JPG,C:\Users\USUARIO\Desktop\BP Mayo 2026\SynologyDrive\CT_14\01080584.JPG,moved
CT_14,C:\Users\USUARIO\Desktop\BP Mayo 2026\SynologyDrive\CT_14\100EK113\01080585.JPG,C:\Users\USUARIO\Desktop\BP Mayo 2026\SynologyDrive\CT_14\01080585.JPG,moved
CT_14,C:\Users\USUARIO\Desktop\BP Mayo 2026\SynologyDrive\CT_14\100EK113\01080586.JPG,C:\Users\USUARIO\Desktop\BP Mayo 2026\SynologyDrive\CT_14\01080586.JPG,moved
CT_14,C:\Users\USUARIO\Desktop\BP Mayo 2026\SynologyDrive\CT_14\100EK113\01080587.JPG,C:\Users\USUARIO\Desktop\BP Mayo 2026\SynologyDrive\CT_14\01080587.JPG,moved
CT_14,C:\Users\USUARIO\Desktop\BP Mayo 2026\SynologyDrive\CT_14\100EK113\01080588.JPG,C:\Users\USUARIO\Desktop\BP Mayo 2026\SynologyDrive\CT_14\01080588.JPG,moved
CT_14,C:\Users\USUARIO\Desktop\BP Mayo 2026\SynologyDrive\CT_14\100EK113\01080589.JPG,C:\Users\USUARIO\Desktop\BP Mayo 2026\SynologyDrive\CT_14\01080589.JPG,moved
CT_14,C:\Users\USUARIO\Desktop\BP Mayo 2026\SynologyDrive\CT_14\100EK113\01080590.JPG,C:\Users\USUARIO\Desktop\BP Mayo 2026\SynologyDrive\CT_14\01080590.JPG,moved
CT_14,C:\Users\USUARIO\Desktop\BP Mayo 2026\SynologyDrive\CT_14\100EK113\01080591.JPG,C:\Users\USUARIO\Desktop\BP Mayo 2026\SynologyDrive\CT_14\01080591.JPG,moved
CT_14,C:\Users\USUARIO\Desktop\BP Mayo 2026\SynologyDrive\CT_14\100EK113\01080592.JPG,C:\Users\USUARIO\Desktop\BP Mayo 2026\SynologyDrive\CT_14\01080592.JPG,moved
CT_14,C:\Users\USUARIO\Desktop\BP Mayo 2026\SynologyDrive\CT_14\100EK113\01080593.JPG,C:\Users\USUARIO\Desktop\BP Mayo 2026\SynologyDrive\CT_14\01080593.JPG,moved
CT_14,C:\Users\USUARIO\Desktop\BP Mayo 2026\SynologyDrive\CT_14\100EK113\01080594.JPG,C:\Users\USUARIO\Desktop\BP Mayo 2026\SynologyDrive\CT_14\01080594.JPG,moved
CT_14,C:\Users\USUARIO\Desktop\BP Mayo 2026\SynologyDrive\CT_14\100EK113\01080595.JPG,C:\Users\USUARIO\Desktop\BP Mayo 2026\SynologyDrive\CT_14\01080595.JPG,moved
CT_14,C:\Users\USUARIO\Desktop\BP Mayo 2026\SynologyDrive\CT_14\100EK113\01080596.JPG,C:\Users\USUARIO\Desktop\BP Mayo 2026\SynologyDrive\CT_14\01080596.JPG,moved
CT_14,C:\Users\USUARIO\Desktop\BP Mayo 2026\SynologyDrive\CT_14\100EK113\01080597.JPG,C:\Users\USUARIO\Desktop\BP Mayo 2026\SynologyDrive\CT_14\01080597.JPG,moved
CT_14,C:\Users\USUARIO\Desktop\BP Mayo 2026\SynologyDrive\CT_14\100EK113\01080598.JPG,C:\Users\USUARIO\Desktop\BP Mayo 2026\SynologyDrive\CT_14\01080598.JPG,moved
CT_14,C:\Users\USUARIO\Desktop\BP Mayo 2026\SynologyDrive\CT_14\100EK113\01080599.JPG,C:\Users\USUARIO\Desktop\BP Mayo 2026\SynologyDrive\CT_14\01080599.JPG,moved
CT_14,C:\Users\USUARIO\Desktop\BP Mayo 2026\SynologyDrive\CT_14\100EK113\01080600.JPG,C:\Users\USUARIO\Desktop\BP Mayo 2026\SynologyDrive\CT_14\01080600.JPG,moved
CT_14,C:\Users\USUARIO\Desktop\BP Mayo 2026\SynologyDrive\CT_14\100EK113\01080601.JPG,C:\Users\USUARIO\Desktop\BP Mayo 2026\SynologyDrive\CT_14\01080601.JPG,moved
CT_14,C:\Users\USUARIO\Desktop\BP Mayo 2026\SynologyDrive\CT_14\100EK113\01080602.JPG,C:\Users\USUARIO\Desktop\BP Mayo 2026\SynologyDrive\CT_14\01080602.JPG,moved
CT_14,C:\Users\USUARIO\Desktop\BP Mayo 2026\SynologyDrive\CT_14\100EK113\01080603.JPG,C:\Users\USUARIO\Desktop\BP Mayo 2026\SynologyDrive\CT_14\01080603.JPG,moved
CT_14,C:\Users\USUARIO\Desktop\BP Mayo 2026\SynologyDrive\CT_14\100EK113\01080604.JPG,C:\Users\USUARIO\Desktop\BP Mayo 2026\SynologyDrive\CT_14\01080604.JPG,moved
CT_14,C:\Users\USUARIO\Desktop\BP Mayo 2026\SynologyDrive\CT_14\100EK113\01080605.JPG,C:\Users\USUARIO\Desktop\BP Mayo 2026\SynologyDrive\CT_14\01080605.JPG,moved
CT_14,C:\Users\USUARIO\Desktop\BP Mayo 2026\SynologyDrive\CT_14\100EK113\01080606.JPG,C:\Users\USUARIO\Desktop\BP Mayo 2026\SynologyDrive\CT_14\01080606.JPG,moved
CT_14,C:\Users\USUARIO\Desktop\BP Mayo 2026\SynologyDrive\CT_14\100EK113\01080607.JPG,C:\Users\USUARIO\Desktop\BP Mayo 2026\SynologyDrive\CT_14\01080607.JPG,moved
CT_14,C:\Users\USUARIO\Desktop\BP Mayo 2026\SynologyDrive\CT_14\100EK113\01080608.JPG,C:\Users\USUARIO\Desktop\BP Mayo 2026\SynologyDrive\CT_14\01080608.JPG,moved
CT_14,C:\Users\USUARIO\Desktop\BP Mayo 2026\SynologyDrive\CT_14\100EK113\01080609.JPG,C:\Users\USUARIO\Desktop\BP Mayo 2026\SynologyDrive\CT_14\01080609.JPG,moved
CT_14,C:\Users\USUARIO\Desktop\BP Mayo 2026\SynologyDrive\CT_14\100EK113\01080610.JPG,C:\Users\USUARIO\Desktop\BP Mayo 2026\SynologyDrive\CT_14\01080610.JPG,moved
CT_14,C:\Users\USUARIO\Desktop\BP Mayo 2026\SynologyDrive\CT_14\100EK113\01080611.JPG,C:\Users\USUARIO\Desktop\BP Mayo 2026\SynologyDrive\CT_14\01080611.JPG,moved
CT_14,C:\Users\USUARIO\Desktop\BP Mayo 2026\SynologyDrive\CT_14\100EK113\01080612.JPG,C:\Users\USUARIO\Desktop\BP Mayo 2026\SynologyDrive\CT_14\01080612.JPG,moved
CT_14,C:\Users\USUARIO\Desktop\BP Mayo 2026\SynologyDrive\CT_14\100EK113\01080613.JPG,C:\Users\USUARIO\Desktop\BP Mayo 2026\SynologyDrive\CT_14\01080613.JPG,moved
CT_14,C:\Users\USUARIO\Desktop\BP Mayo 2026\SynologyDrive\CT_14\100EK113\01080614.JPG,C:\Users\USUARIO\Desktop\BP Mayo 2026\SynologyDrive\CT_14\01080614.JPG,moved
CT_14,C:\Users\USUARIO\Desktop\BP Mayo 2026\SynologyDrive\CT_14\100EK113\01080615.JPG,C:\Users\USUARIO\Desktop\BP Mayo 2026\SynologyDrive\CT_14\01080615.JPG,moved
CT_14,C:\Users\USUARIO\Desktop\BP Mayo 2026\SynologyDrive\CT_14\100EK113\01080616.JPG,C:\Users\USUARIO\Desktop\BP Mayo 2026\SynologyDrive\CT_14\01080616.JPG,moved
CT_14,C:\Users\USUARIO\Desktop\BP Mayo 2026\SynologyDrive\CT_14\100EK113\01080617.JPG,C:\Users\USUARIO\Desktop\BP Mayo 2026\SynologyDrive\CT_14\01080617.JPG,moved
CT_14,C:\Users\USUARIO\Desktop\BP Mayo 2026\SynologyDrive\CT_14\100EK113\01080618.JPG,C:\Users\USUARIO\Desktop\BP Mayo 2026\SynologyDrive\CT_14\01080618.JPG,moved
CT_14,C:\Users\USUARIO\Desktop\BP Mayo 2026\SynologyDrive\CT_14\100EK113\01080619.JPG,C:\Users\USUARIO\Desktop\BP Mayo 2026\SynologyDrive\CT_14\01080619.JPG,moved
CT_14,C:\Users\USUARIO\Desktop\BP Mayo 2026\SynologyDrive\CT_14\100EK113\01080620.JPG,C:\Users\USUARIO\Desktop\BP Mayo 2026\SynologyDrive\CT_14\01080620.JPG,moved
CT_14,C:\Users\USUARIO\Desktop\BP Mayo 2026\SynologyDrive\CT_14\100EK113\01080621.JPG,C:\Users\USUARIO\Desktop\BP Mayo 2026\SynologyDrive\CT_14\01080621.JPG,moved
CT_14,C:\Users\USUARIO\Desktop\BP Mayo 2026\SynologyDrive\CT_14\100EK113\01080622.JPG,C:\Users\USUARIO\Desktop\BP Mayo 2026\SynologyDrive\CT_14\01080622.JPG,moved
CT_14,C:\Users\USUARIO\Desktop\BP Mayo 2026\SynologyDrive\CT_14\100EK113\01080623.JPG,C:\Users\USUARIO\Desktop\BP Mayo 2026\SynologyDrive\CT_14\01080623.JPG,moved
CT_14,C:\Users\USUARIO\Desktop\BP Mayo 2026\SynologyDrive\CT_14\100EK113\01080624.JPG,C:\Users\USUARIO\Desktop\BP Mayo 2026\SynologyDrive\CT_14\01080624.JPG,moved
CT_14,C:\Users\USUARIO\Desktop\BP Mayo 2026\SynologyDrive\CT_14\100EK113\01080625.JPG,C:\Users\USUARIO\Desktop\BP Mayo 2026\SynologyDrive\CT_14\01080625.JPG,moved
CT_14,C:\Users\USUARIO\Desktop\BP Mayo 2026\SynologyDrive\CT_14\100EK113\01080626.JPG,C:\Users\USUARIO\Desktop\BP Mayo 2026\SynologyDrive\CT_14\01080626.JPG,moved
CT_14,C:\Users\USUARIO\Desktop\BP Mayo 2026\SynologyDrive\CT_14\100EK113\01080627.JPG,C:\Users\USUARIO\Desktop\BP Mayo 2026\SynologyDrive\CT_14\01080627.JPG,moved
CT_14,C:\Users\USUARIO\Desktop\BP Mayo 2026\SynologyDrive\CT_14\100EK113\01080628.JPG,C:\Users\USUARIO\Desktop\BP Mayo 2026\SynologyDrive\CT_14\01080628.JPG,moved
CT_14,C:\Users\USUARIO\Desktop\BP Mayo 2026\SynologyDrive\CT_14\100EK113\01080629.JPG,C:\Users\USUARIO\Desktop\BP Mayo 2026\SynologyDrive\CT_14\01080629.JPG,moved
CT_14,C:\Users\USUARIO\Desktop\BP Mayo 2026\SynologyDrive\CT_14\100EK113\01080630.JPG,C:\Users\USUARIO\Desktop\BP Mayo 2026\SynologyDrive\CT_14\01080630.JPG,moved
CT_14,C:\Users\USUARIO\Desktop\BP Mayo 2026\SynologyDrive\CT_14\100EK113\01080631.JPG,C:\Users\USUARIO\Desktop\BP Mayo 2026\SynologyDrive\CT_14\01080631.JPG,moved
CT_14,C:\Users\USUARIO\Desktop\BP Mayo 2026\SynologyDrive\CT_14\100EK113\01080632.JPG,C:\Users\USUARIO\Desktop\BP Mayo 2026\SynologyDrive\CT_14\01080632.JPG,moved
CT_14,C:\Users\USUARIO\Desktop\BP Mayo 2026\SynologyDrive\CT_14\100EK113\01080633.JPG,C:\Users\USUARIO\Desktop\BP Mayo 2026\SynologyDrive\CT_14\01080633.JPG,moved
CT_14,C:\Users\USUARIO\Desktop\BP Mayo 2026\SynologyDrive\CT_14\100EK113\01080634.JPG,C:\Users\USUARIO\Desktop\BP Mayo 2026\SynologyDrive\CT_14\01080634.JPG,moved
CT_14,C:\Users\USUARIO\Desktop\BP Mayo 2026\SynologyDrive\CT_14\100EK113\01080635.JPG,C:\Users\USUARIO\Desktop\BP Mayo 2026\SynologyDrive\CT_14\01080635.JPG,moved
CT_14,C:\Users\USUARIO\Desktop\BP Mayo 2026\SynologyDrive\CT_14\100EK113\01080636.JPG,C:\Users\USUARIO\Desktop\BP Mayo 2026\SynologyDrive\CT_14\01080636.JPG,moved
CT_14,C:\Users\USUARIO\Desktop\BP Mayo 2026\SynologyDrive\CT_14\100EK113\01080637.JPG,C:\Users\USUARIO\Desktop\BP Mayo 2026\SynologyDrive\CT_14\01080637.JPG,moved
CT_14,C:\Users\USUARIO\Desktop\BP Mayo 2026\SynologyDrive\CT_14\100EK113\01080638.JPG,C:\Users\USUARIO\Desktop\BP Mayo 2026\SynologyDrive\CT_14\01080638.JPG,moved
CT_14,C:\Users\USUARIO\Desktop\BP Mayo 2026\SynologyDrive\CT_14\100EK113\01080639.JPG,C:\Users\USUARIO\Desktop\BP Mayo 2026\SynologyDrive\CT_14\01080639.JPG,moved
CT_14,C:\Users\USUARIO\Desktop\BP Mayo 2026\SynologyDrive\CT_14\100EK113\01080640.JPG,C:\Users\USUARIO\Desktop\BP Mayo 2026\SynologyDrive\CT_14\01080640.JPG,moved
CT_14,C:\Users\USUARIO\Desktop\BP Mayo 2026\SynologyDrive\CT_14\100EK113\01080641.JPG,C:\Users\USUARIO\Desktop\BP Mayo 2026\SynologyDrive\CT_14\01080641.JPG,moved
CT_14,C:\Users\USUARIO\Desktop\BP Mayo 2026\SynologyDrive\CT_14\100EK113\01080642.JPG,C:\Users\USUARIO\Desktop\BP Mayo 2026\SynologyDrive\CT_14\01080642.JPG,moved
CT_14,C:\Users\USUARIO\Desktop\BP Mayo 2026\SynologyDrive\CT_14\100EK113\01080643.JPG,C:\Users\USUARIO\Desktop\BP Mayo 2026\SynologyDrive\CT_14\01080643.JPG,moved
CT_14,C:\Users\USUARIO\Desktop\BP Mayo 2026\SynologyDrive\CT_14\100EK113\01080644.JPG,C:\Users\USUARIO\Desktop\BP Mayo 2026\SynologyDrive\CT_14\01080644.JPG,moved
CT_14,C:\Users\USUARIO\Desktop\BP Mayo 2026\SynologyDrive\CT_14\100EK113\01080645.JPG,C:\Users\USUARIO\Desktop\BP Mayo 2026\SynologyDrive\CT_14\01080645.JPG,moved
CT_14,C:\Users\USUARIO\Desktop\BP Mayo 2026\SynologyDrive\CT_14\100EK113\01080646.JPG,C:\Users\USUARIO\Desktop\BP Mayo 2026\SynologyDrive\CT_14\01080646.JPG,moved
CT_14,C:\Users\USUARIO\Desktop\BP Mayo 2026\SynologyDrive\CT_14\100EK113\01080647.JPG,C:\Users\USUARIO\Desktop\BP Mayo 2026\SynologyDrive\CT_14\01080647.JPG,moved
CT_14,C:\Users\USUARIO\Desktop\BP Mayo 2026\SynologyDrive\CT_14\100EK113\01080648.JPG,C:\Users\USUARIO\Desktop\BP Mayo 2026\SynologyDrive\CT_14\01080648.JPG,moved
CT_14,C:\Users\USUARIO\Desktop\BP Mayo 2026\SynologyDrive\CT_14\100EK113\01080649.JPG,C:\Users\USUARIO\Desktop\BP Mayo 2026\SynologyDrive\CT_14\01080649.JPG,moved
CT_14,C:\Users\USUARIO\Desktop\BP Mayo 2026\SynologyDrive\CT_14\100EK113\01080650.JPG,C:\Users\USUARIO\Desktop\BP Mayo 2026\SynologyDrive\CT_14\01080650.JPG,moved
CT_14,C:\Users\USUARIO\Desktop\BP Mayo 2026\SynologyDrive\CT_14\100EK113\01080651.JPG,C:\Users\USUARIO\Desktop\BP Mayo 2026\SynologyDrive\CT_14\01080651.JPG,moved
CT_14,C:\Users\USUARIO\Desktop\BP Mayo 2026\SynologyDrive\CT_14\100EK113\01080652.JPG,C:\Users\USUARIO\Desktop\BP Mayo 2026\SynologyDrive\CT_14\01080652.JPG,moved
CT_14,C:\Users\USUARIO\Desktop\BP Mayo 2026\SynologyDrive\CT_14\100EK113\01080653.JPG,C:\Users\USUARIO\Desktop\BP Mayo 2026\SynologyDrive\CT_14\01080653.JPG,moved
CT_14,C:\Users\USUARIO\Desktop\BP Mayo 2026\SynologyDrive\CT_14\100EK113\01080654.JPG,C:\Users\USUARIO\Desktop\BP Mayo 2026\SynologyDrive\CT_14\01080654.JPG,moved
CT_14,C:\Users\USUARIO\Desktop\BP Mayo 2026\SynologyDrive\CT_14\100EK113\01080655.JPG,C:\Users\USUARIO\Desktop\BP Mayo 2026\SynologyDrive\CT_14\01080655.JPG,moved
CT_14,C:\Users\USUARIO\Desktop\BP Mayo 2026\SynologyDrive\CT_14\100EK113\01080656.JPG,C:\Users\USUARIO\Desktop\BP Mayo 2026\SynologyDrive\CT_14\01080656.JPG,moved
CT_14,C:\Users\USUARIO\Desktop\BP Mayo 2026\SynologyDrive\CT_14\100EK113\01080657.JPG,C:\Users\USUARIO\Desktop\BP Mayo 2026\SynologyDrive\CT_14\01080657.JPG,moved
CT_14,C:\Users\USUARIO\Desktop\BP Mayo 2026\SynologyDrive\CT_14\100EK113\01080658.JPG,C:\Users\USUARIO\Desktop\BP Mayo 2026\SynologyDrive\CT_14\01080658.JPG,moved
CT_14,C:\Users\USUARIO\Desktop\BP Mayo 2026\SynologyDrive\CT_14\100EK113\01080659.JPG,C:\Users\USUARIO\Desktop\BP Mayo 2026\SynologyDrive\CT_14\01080659.JPG,moved
CT_14,C:\Users\USUARIO\Desktop\BP Mayo 2026\SynologyDrive\CT_14\100EK113\01080660.JPG,C:\Users\USUARIO\Desktop\BP Mayo 2026\SynologyDrive\CT_14\01080660.JPG,moved
CT_14,C:\Users\USUARIO\Desktop\BP Mayo 2026\SynologyDrive\CT_14\100EK113\01080661.JPG,C:\Users\USUARIO\Desktop\BP Mayo 2026\SynologyDrive\CT_14\01080661.JPG,moved
CT_14,C:\Users\USUARIO\Desktop\BP Mayo 2026\SynologyDrive\CT_14\100EK113\01080662.JPG,C:\Users\USUARIO\Desktop\BP Mayo 2026\SynologyDrive\CT_14\01080662.JPG,moved
CT_14,C:\Users\USUARIO\Desktop\BP Mayo 2026\SynologyDrive\CT_14\100EK113\01080663.JPG,C:\Users\USUARIO\Desktop\BP Mayo 2026\SynologyDrive\CT_14\01080663.JPG,moved
CT_14,C:\Users\USUARIO\Desktop\BP Mayo 2026\SynologyDrive\CT_14\100EK113\01080664.JPG,C:\Users\USUARIO\Desktop\BP Mayo 2026\SynologyDrive\CT_14\01080664.JPG,moved
CT_14,C:\Users\USUARIO\Desktop\BP Mayo 2026\SynologyDrive\CT_14\100EK113\01080665.JPG,C:\Users\USUARIO\Desktop\BP Mayo 2026\SynologyDrive\CT_14\01080665.JPG,moved
CT_14,C:\Users\USUARIO\Desktop\BP Mayo 2026\SynologyDrive\CT_14\100EK113\01080666.JPG,C:\Users\USUARIO\Desktop\BP Mayo 2026\SynologyDrive\CT_14\01080666.JPG,moved
CT_14,C:\Users\USUARIO\Desktop\BP Mayo 2026\SynologyDrive\CT_14\100EK113\01080667.JPG,C:\Users\USUARIO\Desktop\BP Mayo 2026\SynologyDrive\CT_14\01080667.JPG,moved
CT_14,C:\Users\USUARIO\Desktop\BP Mayo 2026\SynologyDrive\CT_14\100EK113\01080668.JPG,C:\Users\USUARIO\Desktop\BP Mayo 2026\SynologyDrive\CT_14\01080668.JPG,moved
CT_14,C:\Users\USUARIO\Desktop\BP Mayo 2026\SynologyDrive\CT_14\100EK113\01080669.JPG,C:\Users\USUARIO\Desktop\BP Mayo 2026\SynologyDrive\CT_14\01080669.JPG,moved
CT_14,C:\Users\USUARIO\Desktop\BP Mayo 2026\SynologyDrive\CT_14\100EK113\01080670.JPG,C:\Users\USUARIO\Desktop\BP Mayo 2026\SynologyDrive\CT_14\01080670.JPG,moved
CT_14,C:\Users\USUARIO\Desktop\BP Mayo 2026\SynologyDrive\CT_14\100EK113\01080671.JPG,C:\Users\USUARIO\Desktop\BP Mayo 2026\SynologyDrive\CT_14\01080671.JPG,moved
CT_14,C:\Users\USUARIO\Desktop\BP Mayo 2026\SynologyDrive\CT_14\100EK113\01080672.JPG,C:\Users\USUARIO\Desktop\BP Mayo 2026\SynologyDrive\CT_14\01080672.JPG,moved
CT_14,C:\Users\USUARIO\Desktop\BP Mayo 2026\SynologyDrive\CT_14\100EK113\01080673.JPG,C:\Users\USUARIO\Desktop\BP Mayo 2026\SynologyDrive\CT_14\01080673.JPG,moved
CT_14,C:\Users\USUARIO\Desktop\BP Mayo 2026\SynologyDrive\CT_14\100EK113\01080674.JPG,C:\Users\USUARIO\Desktop\BP Mayo 2026\SynologyDrive\CT_14\01080674.JPG,moved
CT_14,C:\Users\USUARIO\Desktop\BP Mayo 2026\SynologyDrive\CT_14\100EK113\01080675.JPG,C:\Users\USUARIO\Desktop\BP Mayo 2026\SynologyDrive\CT_14\01080675.JPG,moved
CT_14,C:\Users\USUARIO\Desktop\BP Mayo 2026\SynologyDrive\CT_14\100EK113\01080676.JPG,C:\Users\USUARIO\Desktop\BP Mayo 2026\SynologyDrive\CT_14\01080676.JPG,moved
CT_14,C:\Users\USUARIO\Desktop\BP Mayo 2026\SynologyDrive\CT_14\100EK113\01080677.JPG,C:\Users\USUARIO\Desktop\BP Mayo 2026\SynologyDrive\CT_14\01080677.JPG,moved
CT_14,C:\Users\USUARIO\Desktop\BP Mayo 2026\SynologyDrive\CT_14\100EK113\01080678.JPG,C:\Users\USUARIO\Desktop\BP Mayo 2026\SynologyDrive\CT_14\01080678.JPG,moved
CT_14,C:\Users\USUARIO\Desktop\BP Mayo 2026\SynologyDrive\CT_14\100EK113\01080679.JPG,C:\Users\USUARIO\Desktop\BP Mayo 2026\SynologyDrive\CT_14\01080679.JPG,moved
CT_14,C:\Users\USUARIO\Desktop\BP Mayo 2026\SynologyDrive\CT_14\100EK113\01080680.JPG,C:\Users\USUARIO\Desktop\BP Mayo 2026\SynologyDrive\CT_14\01080680.JPG,moved
CT_14,C:\Users\USUARIO\Desktop\BP Mayo 2026\SynologyDrive\CT_14\100EK113\01080681.JPG,C:\Users\USUARIO\Desktop\BP Mayo 2026\SynologyDrive\CT_14\01080681.JPG,moved
CT_14,C:\Users\USUARIO\Desktop\BP Mayo 2026\SynologyDrive\CT_14\100EK113\01080682.JPG,C:\Users\USUARIO\Desktop\BP Mayo 2026\SynologyDrive\CT_14\01080682.JPG,moved
CT_14,C:\Users\USUARIO\Desktop\BP Mayo 2026\SynologyDrive\CT_14\100EK113\01080683.JPG,C:\Users\USUARIO\Desktop\BP Mayo 2026\SynologyDrive\CT_14\01080683.JPG,moved
CT_14,C:\Users\USUARIO\Desktop\BP Mayo 2026\SynologyDrive\CT_14\100EK113\01080684.JPG,C:\Users\USUARIO\Desktop\BP Mayo 2026\SynologyDrive\CT_14\01080684.JPG,moved
CT_14,C:\Users\USUARIO\Desktop\BP Mayo 2026\SynologyDrive\CT_14\100EK113\01080685.JPG,C:\Users\USUARIO\Desktop\BP Mayo 2026\SynologyDrive\CT_14\01080685.JPG,moved
CT_14,C:\Users\USUARIO\Desktop\BP Mayo 2026\SynologyDrive\CT_14\100EK113\01080686.JPG,C:\Users\USUARIO\Desktop\BP Mayo 2026\SynologyDrive\CT_14\01080686.JPG,moved
CT_14,C:\Users\USUARIO\Desktop\BP Mayo 2026\SynologyDrive\CT_14\100EK113\01080687.JPG,C:\Users\USUARIO\Desktop\BP Mayo 2026\SynologyDrive\CT_14\01080687.JPG,moved
CT_14,C:\Users\USUARIO\Desktop\BP Mayo 2026\SynologyDrive\CT_14\100EK113\01080688.JPG,C:\Users\USUARIO\Desktop\BP Mayo 2026\SynologyDrive\CT_14\01080688.JPG,moved
CT_14,C:\Users\USUARIO\Desktop\BP Mayo 2026\SynologyDrive\CT_14\100EK113\01080689.JPG,C:\Users\USUARIO\Desktop\BP Mayo 2026\SynologyDrive\CT_14\01080689.JPG,moved
CT_14,C:\Users\USUARIO\Desktop\BP Mayo 2026\SynologyDrive\CT_14\100EK113\01080690.JPG,C:\Users\USUARIO\Desktop\BP Mayo 2026\SynologyDrive\CT_14\01080690.JPG,moved
CT_14,C:\Users\USUARIO\Desktop\BP Mayo 2026\SynologyDrive\CT_14\100EK113\01080691.JPG,C:\Users\USUARIO\Desktop\BP Mayo 2026\SynologyDrive\CT_14\01080691.JPG,moved
CT_14,C:\Users\USUARIO\Desktop\BP Mayo 2026\SynologyDrive\CT_14\100EK113\01080692.JPG,C:\Users\USUARIO\Desktop\BP Mayo 2026\SynologyDrive\CT_14\01080692.JPG,moved
CT_14,C:\Users\USUARIO\Desktop\BP Mayo 2026\SynologyDrive\CT_14\100EK113\01080693.JPG,C:\Users\USUARIO\Desktop\BP Mayo 2026\SynologyDrive\CT_14\01080693.JPG,moved
CT_14,C:\Users\USUARIO\Desktop\BP Mayo 2026\SynologyDrive\CT_14\100EK113\01080694.JPG,C:\Users\USUARIO\Desktop\BP Mayo 2026\SynologyDrive\CT_14\01080694.JPG,moved
CT_14,C:\Users\USUARIO\Desktop\BP Mayo 2026\SynologyDrive\CT_14\100EK113\01080695.JPG,C:\Users\USUARIO\Desktop\BP Mayo 2026\SynologyDrive\CT_14\01080695.JPG,moved
CT_14,C:\Users\USUARIO\Desktop\BP Mayo 2026\SynologyDrive\CT_14\100EK113\01080696.JPG,C:\Users\USUARIO\Desktop\BP Mayo 2026\SynologyDrive\CT_14\01080696.JPG,moved
CT_14,C:\Users\USUARIO\Desktop\BP Mayo 2026\SynologyDrive\CT_14\100EK113\01080697.JPG,C:\Users\USUARIO\Desktop\BP Mayo 2026\SynologyDrive\CT_14\01080697.JPG,moved
CT_14,C:\Users\USUARIO\Desktop\BP Mayo 2026\SynologyDrive\CT_14\100EK113\01080698.JPG,C:\Users\USUARIO\Desktop\BP Mayo 2026\SynologyDrive\CT_14\01080698.JPG,moved
CT_14,C:\Users\USUARIO\Desktop\BP Mayo 2026\SynologyDrive\CT_14\100EK113\01080699.JPG,C:\Users\USUARIO\Desktop\BP Mayo 2026\SynologyDrive\CT_14\01080699.JPG,moved
CT_14,C:\Users\USUARIO\Desktop\BP Mayo 2026\SynologyDrive\CT_14\100EK113\01080700.JPG,C:\Users\USUARIO\Desktop\BP Mayo 2026\SynologyDrive\CT_14\01080700.JPG,moved
CT_14,C:\Users\USUARIO\Desktop\BP Mayo 2026\SynologyDrive\CT_14\100EK113\01080701.JPG,C:\Users\USUARIO\Desktop\BP Mayo 2026\SynologyDrive\CT_14\01080701.JPG,moved
CT_14,C:\Users\USUARIO\Desktop\BP Mayo 2026\SynologyDrive\CT_14\100EK113\01080702.JPG,C:\Users\USUARIO\Desktop\BP Mayo 2026\SynologyDrive\CT_14\01080702.JPG,moved
CT_14,C:\Users\USUARIO\Desktop\BP Mayo 2026\SynologyDrive\CT_14\100EK113\01080703.JPG,C:\Users\USUARIO\Desktop\BP Mayo 2026\SynologyDrive\CT_14\01080703.JPG,moved
CT_14,C:\Users\USUARIO\Desktop\BP Mayo 2026\SynologyDrive\CT_14\100EK113\01080704.JPG,C:\Users\USUARIO\Desktop\BP Mayo 2026\SynologyDrive\CT_14\01080704.JPG,moved
CT_14,C:\Users\USUARIO\Desktop\BP Mayo 2026\SynologyDrive\CT_14\100EK113\01080705.JPG,C:\Users\USUARIO\Desktop\BP Mayo 2026\SynologyDrive\CT_14\01080705.JPG,moved
CT_14,C:\Users\USUARIO\Desktop\BP Mayo 2026\SynologyDrive\CT_14\100EK113\01180706.JPG,C:\Users\USUARIO\Desktop\BP Mayo 2026\SynologyDrive\CT_14\01180706.JPG,moved
CT_14,C:\Users\USUARIO\Desktop\BP Mayo 2026\SynologyDrive\CT_14\100EK113\01180707.JPG,C:\Users\USUARIO\Desktop\BP Mayo 2026\SynologyDrive\CT_14\01180707.JPG,moved
CT_14,C:\Users\USUARIO\Desktop\BP Mayo 2026\SynologyDrive\CT_14\100EK113\01180708.JPG,C:\Users\USUARIO\Desktop\BP Mayo 2026\SynologyDrive\CT_14\01180708.JPG,moved
CT_14,C:\Users\USUARIO\Desktop\BP Mayo 2026\SynologyDrive\CT_14\100EK113\01180709.JPG,C:\Users\USUARIO\Desktop\BP Mayo 2026\SynologyDrive\CT_14\01180709.JPG,moved
CT_14,C:\Users\USUARIO\Desktop\BP Mayo 2026\SynologyDrive\CT_14\100EK113\01180710.JPG,C:\Users\USUARIO\Desktop\BP Mayo 2026\SynologyDrive\CT_14\01180710.JPG,moved
CT_14,C:\Users\USUARIO\Desktop\BP Mayo 2026\SynologyDrive\CT_14\100EK113\01180711.JPG,C:\Users\USUARIO\Desktop\BP Mayo 2026\SynologyDrive\CT_14\01180711.JPG,moved
CT_14,C:\Users\USUARIO\Desktop\BP Mayo 2026\SynologyDrive\CT_14\100EK113\01180712.JPG,C:\Users\USUARIO\Desktop\BP Mayo 2026\SynologyDrive\CT_14\01180712.JPG,moved
CT_14,C:\Users\USUARIO\Desktop\BP Mayo 2026\SynologyDrive\CT_14\100EK113\01180713.JPG,C:\Users\USUARIO\Desktop\BP Mayo 2026\SynologyDrive\CT_14\01180713.JPG,moved
CT_14,C:\Users\USUARIO\Desktop\BP Mayo 2026\SynologyDrive\CT_14\100EK113\01180714.JPG,C:\Users\USUARIO\Desktop\BP Mayo 2026\SynologyDrive\CT_14\01180714.JPG,moved
CT_14,C:\Users\USUARIO\Desktop\BP Mayo 2026\SynologyDrive\CT_14\100EK113\01180715.JPG,C:\Users\USUARIO\Desktop\BP Mayo 2026\SynologyDrive\CT_14\01180715.JPG,moved
CT_14,C:\Users\USUARIO\Desktop\BP Mayo 2026\SynologyDrive\CT_14\100EK113\01180716.JPG,C:\Users\USUARIO\Desktop\BP Mayo 2026\SynologyDrive\CT_14\01180716.JPG,moved
CT_14,C:\Users\USUARIO\Desktop\BP Mayo 2026\SynologyDrive\CT_14\100EK113\01180717.JPG,C:\Users\USUARIO\Desktop\BP Mayo 2026\SynologyDrive\CT_14\01180717.JPG,moved
CT_14,C:\Users\USUARIO\Desktop\BP Mayo 2026\SynologyDrive\CT_14\100EK113\01180718.JPG,C:\Users\USUARIO\Desktop\BP Mayo 2026\SynologyDrive\CT_14\01180718.JPG,moved
CT_14,C:\Users\USUARIO\Desktop\BP Mayo 2026\SynologyDrive\CT_14\100EK113\01180719.JPG,C:\Users\USUARIO\Desktop\BP Mayo 2026\SynologyDrive\CT_14\01180719.JPG,moved
CT_14,C:\Users\USUARIO\Desktop\BP Mayo 2026\SynologyDrive\CT_14\100EK113\01180720.JPG,C:\Users\USUARIO\Desktop\BP Mayo 2026\SynologyDrive\CT_14\01180720.JPG,moved
CT_14,C:\Users\USUARIO\Desktop\BP Mayo 2026\SynologyDrive\CT_14\100EK113\01180721.JPG,C:\Users\USUARIO\Desktop\BP Mayo 2026\SynologyDrive\CT_14\01180721.JPG,moved
CT_14,C:\Users\USUARIO\Desktop\BP Mayo 2026\SynologyDrive\CT_14\100EK113\01180722.JPG,C:\Users\USUARIO\Desktop\BP Mayo 2026\SynologyDrive\CT_14\01180722.JPG,moved
CT_14,C:\Users\USUARIO\Desktop\BP Mayo 2026\SynologyDrive\CT_14\100EK113\01180723.JPG,C:\Users\USUARIO\Desktop\BP Mayo 2026\SynologyDrive\CT_14\01180723.JPG,moved
CT_14,C:\Users\USUARIO\Desktop\BP Mayo 2026\SynologyDrive\CT_14\100EK113\01180724.JPG,C:\Users\USUARIO\Desktop\BP Mayo 2026\SynologyDrive\CT_14\01180724.JPG,moved
CT_14,C:\Users\USUARIO\Desktop\BP Mayo 2026\SynologyDrive\CT_14\100EK113\01180725.JPG,C:\Users\USUARIO\Desktop\BP Mayo 2026\SynologyDrive\CT_14\01180725.JPG,moved
CT_14,C:\Users\USUARIO\Desktop\BP Mayo 2026\SynologyDrive\CT_14\100EK113\01180726.JPG,C:\Users\USUARIO\Desktop\BP Mayo 2026\SynologyDrive\CT_14\01180726.JPG,moved
CT_14,C:\Users\USUARIO\Desktop\BP Mayo 2026\SynologyDrive\CT_14\100EK113\01180727.JPG,C:\Users\USUARIO\Desktop\BP Mayo 2026\SynologyDrive\CT_14\01180727.JPG,moved
CT_14,C:\Users\USUARIO\Desktop\BP Mayo 2026\SynologyDrive\CT_14\100EK113\01180728.JPG,C:\Users\USUARIO\Desktop\BP Mayo 2026\SynologyDrive\CT_14\01180728.JPG,moved
CT_14,C:\Users\USUARIO\Desktop\BP Mayo 2026\SynologyDrive\CT_14\100EK113\01180729.JPG,C:\Users\USUARIO\Desktop\BP Mayo 2026\SynologyDrive\CT_14\01180729.JPG,moved
CT_14,C:\Users\USUARIO\Desktop\BP Mayo 2026\SynologyDrive\CT_14\100EK113\01180730.JPG,C:\Users\USUARIO\Desktop\BP Mayo 2026\SynologyDrive\CT_14\01180730.JPG,moved
CT_14,C:\Users\USUARIO\Desktop\BP Mayo 2026\SynologyDrive\CT_14\100EK113\01180731.JPG,C:\Users\USUARIO\Desktop\BP Mayo 2026\SynologyDrive\CT_14\01180731.JPG,moved
CT_14,C:\Users\USUARIO\Desktop\BP Mayo 2026\SynologyDrive\CT_14\100EK113\01180732.JPG,C:\Users\USUARIO\Desktop\BP Mayo 2026\SynologyDrive\CT_14\01180732.JPG,moved
CT_14,C:\Users\USUARIO\Desktop\BP Mayo 2026\SynologyDrive\CT_14\100EK113\01180733.JPG,C:\Users\USUARIO\Desktop\BP Mayo 2026\SynologyDrive\CT_14\01180733.JPG,moved
CT_14,C:\Users\USUARIO\Desktop\BP Mayo 2026\SynologyDrive\CT_14\100EK113\01180734.JPG,C:\Users\USUARIO\Desktop\BP Mayo 2026\SynologyDrive\CT_14\01180734.JPG,moved
CT_14,C:\Users\USUARIO\Desktop\BP Mayo 2026\SynologyDrive\CT_14\100EK113\01180735.JPG,C:\Users\USUARIO\Desktop\BP Mayo 2026\SynologyDrive\CT_14\01180735.JPG,moved
CT_14,C:\Users\USUARIO\Desktop\BP Mayo 2026\SynologyDrive\CT_14\100EK113\01180736.JPG,C:\Users\USUARIO\Desktop\BP Mayo 2026\SynologyDrive\CT_14\01180736.JPG,moved
CT_14,C:\Users\USUARIO\Desktop\BP Mayo 2026\SynologyDrive\CT_14\100EK113\01180737.JPG,C:\Users\USUARIO\Desktop\BP Mayo 2026\SynologyDrive\CT_14\01180737.JPG,moved
CT_14,C:\Users\USUARIO\Desktop\BP Mayo 2026\SynologyDrive\CT_14\100EK113\01180738.JPG,C:\Users\USUARIO\Desktop\BP Mayo 2026\SynologyDrive\CT_14\01180738.JPG,moved
CT_14,C:\Users\USUARIO\Desktop\BP Mayo 2026\SynologyDrive\CT_14\100EK113\01180739.JPG,C:\Users\USUARIO\Desktop\BP Mayo 2026\SynologyDrive\CT_14\01180739.JPG,moved
CT_14,C:\Users\USUARIO\Desktop\BP Mayo 2026\SynologyDrive\CT_14\100EK113\01180740.JPG,C:\Users\USUARIO\Desktop\BP Mayo 2026\SynologyDrive\CT_14\01180740.JPG,moved
CT_14,C:\Users\USUARIO\Desktop\BP Mayo 2026\SynologyDrive\CT_14\100EK113\01180741.JPG,C:\Users\USUARIO\Desktop\BP Mayo 2026\SynologyDrive\CT_14\01180741.JPG,moved
CT_14,C:\Users\USUARIO\Desktop\BP Mayo 2026\SynologyDrive\CT_14\100EK113\01180742.JPG,C:\Users\USUARIO\Desktop\BP Mayo 2026\SynologyDrive\CT_14\01180742.JPG,moved
CT_14,C:\Users\USUARIO\Desktop\BP Mayo 2026\SynologyDrive\CT_14\100EK113\01180743.JPG,C:\Users\USUARIO\Desktop\BP Mayo 2026\SynologyDrive\CT_14\01180743.JPG,moved
CT_14,C:\Users\USUARIO\Desktop\BP Mayo 2026\SynologyDrive\CT_14\100EK113\01180744.JPG,C:\Users\USUARIO\Desktop\BP Mayo 2026\SynologyDrive\CT_14\01180744.JPG,moved
CT_14,C:\Users\USUARIO\Desktop\BP Mayo 2026\SynologyDrive\CT_14\100EK113\01180745.JPG,C:\Users\USUARIO\Desktop\BP Mayo 2026\SynologyDrive\CT_14\01180745.JPG,moved
CT_14,C:\Users\USUARIO\Desktop\BP Mayo 2026\SynologyDrive\CT_14\100EK113\01180746.JPG,C:\Users\USUARIO\Desktop\BP Mayo 2026\SynologyDrive\CT_14\01180746.JPG,moved
CT_14,C:\Users\USUARIO\Desktop\BP Mayo 2026\SynologyDrive\CT_14\100EK113\01180747.JPG,C:\Users\USUARIO\Desktop\BP Mayo 2026\SynologyDrive\CT_14\01180747.JPG,moved
CT_14,C:\Users\USUARIO\Desktop\BP Mayo 2026\SynologyDrive\CT_14\100EK113\01180748.JPG,C:\Users\USUARIO\Desktop\BP Mayo 2026\SynologyDrive\CT_14\01180748.JPG,moved
CT_14,C:\Users\USUARIO\Desktop\BP Mayo 2026\SynologyDrive\CT_14\100EK113\01180749.JPG,C:\Users\USUARIO\Desktop\BP Mayo 2026\SynologyDrive\CT_14\01180749.JPG,moved
CT_14,C:\Users\USUARIO\Desktop\BP Mayo 2026\SynologyDrive\CT_14\100EK113\01180750.JPG,C:\Users\USUARIO\Desktop\BP Mayo 2026\SynologyDrive\CT_14\01180750.JPG,moved
CT_14,C:\Users\USUARIO\Desktop\BP Mayo 2026\SynologyDrive\CT_14\100EK113\01180751.JPG,C:\Users\USUARIO\Desktop\BP Mayo 2026\SynologyDrive\CT_14\01180751.JPG,moved
CT_14,C:\Users\USUARIO\Desktop\BP Mayo 2026\SynologyDrive\CT_14\100EK113\01180752.JPG,C:\Users\USUARIO\Desktop\BP Mayo 2026\SynologyDrive\CT_14\01180752.JPG,moved
CT_14,C:\Users\USUARIO\Desktop\BP Mayo 2026\SynologyDrive\CT_14\100EK113\01180753.JPG,C:\Users\USUARIO\Desktop\BP Mayo 2026\SynologyDrive\CT_14\01180753.JPG,moved
CT_14,C:\Users\USUARIO\Desktop\BP Mayo 2026\SynologyDrive\CT_14\100EK113\01180754.JPG,C:\Users\USUARIO\Desktop\BP Mayo 2026\SynologyDrive\CT_14\01180754.JPG,moved
CT_14,C:\Users\USUARIO\Desktop\BP Mayo 2026\SynologyDrive\CT_14\100EK113\01180755.JPG,C:\Users\USUARIO\Desktop\BP Mayo 2026\SynologyDrive\CT_14\01180755.JPG,moved
CT_14,C:\Users\USUARIO\Desktop\BP Mayo 2026\SynologyDrive\CT_14\100EK113\01180756.JPG,C:\Users\USUARIO\Desktop\BP Mayo 2026\SynologyDrive\CT_14\01180756.JPG,moved
CT_14,C:\Users\USUARIO\Desktop\BP Mayo 2026\SynologyDrive\CT_14\100EK113\01180757.JPG,C:\Users\USUARIO\Desktop\BP Mayo 2026\SynologyDrive\CT_14\01180757.JPG,moved
CT_14,C:\Users\USUARIO\Desktop\BP Mayo 2026\SynologyDrive\CT_14\100EK113\01180758.JPG,C:\Users\USUARIO\Desktop\BP Mayo 2026\SynologyDrive\CT_14\01180758.JPG,moved
CT_14,C:\Users\USUARIO\Desktop\BP Mayo 2026\SynologyDrive\CT_14\100EK113\01180759.JPG,C:\Users\USUARIO\Desktop\BP Mayo 2026\SynologyDrive\CT_14\01180759.JPG,moved
CT_14,C:\Users\USUARIO\Desktop\BP Mayo 2026\SynologyDrive\CT_14\100EK113\01180760.JPG,C:\Users\USUARIO\Desktop\BP Mayo 2026\SynologyDrive\CT_14\01180760.JPG,moved
CT_14,C:\Users\USUARIO\Desktop\BP Mayo 2026\SynologyDrive\CT_14\100EK113\01180761.JPG,C:\Users\USUARIO\Desktop\BP Mayo 2026\SynologyDrive\CT_14\01180761.JPG,moved
CT_14,C:\Users\USUARIO\Desktop\BP Mayo 2026\SynologyDrive\CT_14\100EK113\01180762.JPG,C:\Users\USUARIO\Desktop\BP Mayo 2026\SynologyDrive\CT_14\01180762.JPG,moved
CT_14,C:\Users\USUARIO\Desktop\BP Mayo 2026\SynologyDrive\CT_14\100EK113\01180763.JPG,C:\Users\USUARIO\Desktop\BP Mayo 2026\SynologyDrive\CT_14\01180763.JPG,moved
CT_14,C:\Users\USUARIO\Desktop\BP Mayo 2026\SynologyDrive\CT_14\100EK113\01180764.JPG,C:\Users\USUARIO\Desktop\BP Mayo 2026\SynologyDrive\CT_14\01180764.JPG,moved
CT_14,C:\Users\USUARIO\Desktop\BP Mayo 2026\SynologyDrive\CT_14\100EK113\01180765.JPG,C:\Users\USUARIO\Desktop\BP Mayo 2026\SynologyDrive\CT_14\01180765.JPG,moved
CT_14,C:\Users\USUARIO\Desktop\BP Mayo 2026\SynologyDrive\CT_14\100EK113\01180766.JPG,C:\Users\USUARIO\Desktop\BP Mayo 2026\SynologyDrive\CT_14\01180766.JPG,moved
CT_14,C:\Users\USUARIO\Desktop\BP Mayo 2026\SynologyDrive\CT_14\100EK113\01180767.JPG,C:\Users\USUARIO\Desktop\BP Mayo 2026\SynologyDrive\CT_14\01180767.JPG,moved
CT_14,C:\Users\USUARIO\Desktop\BP Mayo 2026\SynologyDrive\CT_14\100EK113\01180768.JPG,C:\Users\USUARIO\Desktop\BP Mayo 2026\SynologyDrive\CT_14\01180768.JPG,moved
CT_14,C:\Users\USUARIO\Desktop\BP Mayo 2026\SynologyDrive\CT_14\100EK113\01180769.JPG,C:\Users\USUARIO\Desktop\BP Mayo 2026\SynologyDrive\CT_14\01180769.JPG,moved
CT_14,C:\Users\USUARIO\Desktop\BP Mayo 2026\SynologyDrive\CT_14\100EK113\01180770.JPG,C:\Users\USUARIO\Desktop\BP Mayo 2026\SynologyDrive\CT_14\01180770.JPG,moved
CT_14,C:\Users\USUARIO\Desktop\BP Mayo 2026\SynologyDrive\CT_14\100EK113\01180771.JPG,C:\Users\USUARIO\Desktop\BP Mayo 2026\SynologyDrive\CT_14\01180771.JPG,moved
CT_14,C:\Users\USUARIO\Desktop\BP Mayo 2026\SynologyDrive\CT_14\100EK113\01180772.JPG,C:\Users\USUARIO\Desktop\BP Mayo 2026\SynologyDrive\CT_14\01180772.JPG,moved
CT_14,C:\Users\USUARIO\Desktop\BP Mayo 2026\SynologyDrive\CT_14\100EK113\01180773.JPG,C:\Users\USUARIO\Desktop\BP Mayo 2026\SynologyDrive\CT_14\01180773.JPG,moved
CT_14,C:\Users\USUARIO\Desktop\BP Mayo 2026\SynologyDrive\CT_14\100EK113\01180774.JPG,C:\Users\USUARIO\Desktop\BP Mayo 2026\SynologyDrive\CT_14\01180774.JPG,moved
CT_14,C:\Users\USUARIO\Desktop\BP Mayo 2026\SynologyDrive\CT_14\100EK113\01180775.JPG,C:\Users\USUARIO\Desktop\BP Mayo 2026\SynologyDrive\CT_14\01180775.JPG,moved
CT_14,C:\Users\USUARIO\Desktop\BP Mayo 2026\SynologyDrive\CT_14\100EK113\01180776.JPG,C:\Users\USUARIO\Desktop\BP Mayo 2026\SynologyDrive\CT_14\01180776.JPG,moved
CT_14,C:\Users\USUARIO\Desktop\BP Mayo 2026\SynologyDrive\CT_14\100EK113\01180777.JPG,C:\Users\USUARIO\Desktop\BP Mayo 2026\SynologyDrive\CT_14\01180777.JPG,moved
CT_14,C:\Users\USUARIO\Desktop\BP Mayo 2026\SynologyDrive\CT_14\100EK113\01180778.JPG,C:\Users\USUARIO\Desktop\BP Mayo 2026\SynologyDrive\CT_14\01180778.JPG,moved
CT_14,C:\Users\USUARIO\Desktop\BP Mayo 2026\SynologyDrive\CT_14\100EK113\01180779.JPG,C:\Users\USUARIO\Desktop\BP Mayo 2026\SynologyDrive\CT_14\01180779.JPG,moved
CT_14,C:\Users\USUARIO\Desktop\BP Mayo 2026\SynologyDrive\CT_14\100EK113\01180780.JPG,C:\Users\USUARIO\Desktop\BP Mayo 2026\SynologyDrive\CT_14\01180780.JPG,moved
CT_14,C:\Users\USUARIO\Desktop\BP Mayo 2026\SynologyDrive\CT_14\100EK113\01180781.JPG,C:\Users\USUARIO\Desktop\BP Mayo 2026\SynologyDrive\CT_14\01180781.JPG,moved
CT_14,C:\Users\USUARIO\Desktop\BP Mayo 2026\SynologyDrive\CT_14\100EK113\01180782.JPG,C:\Users\USUARIO\Desktop\BP Mayo 2026\SynologyDrive\CT_14\01180782.JPG,moved
CT_14,C:\Users\USUARIO\Desktop\BP Mayo 2026\SynologyDrive\CT_14\100EK113\01180783.JPG,C:\Users\USUARIO\Desktop\BP Mayo 2026\SynologyDrive\CT_14\01180783.JPG,moved
CT_14,C:\Users\USUARIO\Desktop\BP Mayo 2026\SynologyDrive\CT_14\100EK113\01180784.JPG,C:\Users\USUARIO\Desktop\BP Mayo 2026\SynologyDrive\CT_14\01180784.JPG,moved
CT_14,C:\Users\USUARIO\Desktop\BP Mayo 2026\SynologyDrive\CT_14\100EK113\01180785.JPG,C:\Users\USUARIO\Desktop\BP Mayo 2026\SynologyDrive\CT_14\01180785.JPG,moved
CT_14,C:\Users\USUARIO\Desktop\BP Mayo 2026\SynologyDrive\CT_14\100EK113\01180786.JPG,C:\Users\USUARIO\Desktop\BP Mayo 2026\SynologyDrive\CT_14\01180786.JPG,moved
CT_14,C:\Users\USUARIO\Desktop\BP Mayo 2026\SynologyDrive\CT_14\100EK113\01180787.JPG,C:\Users\USUARIO\Desktop\BP Mayo 2026\SynologyDrive\CT_14\01180787.JPG,moved
CT_14,C:\Users\USUARIO\Desktop\BP Mayo 2026\SynologyDrive\CT_14\100EK113\01180788.JPG,C:\Users\USUARIO\Desktop\BP Mayo 2026\SynologyDrive\CT_14\01180788.JPG,moved
CT_14,C:\Users\USUARIO\Desktop\BP Mayo 2026\SynologyDrive\CT_14\100EK113\01180789.JPG,C:\Users\USUARIO\Desktop\BP Mayo 2026\SynologyDrive\CT_14\01180789.JPG,moved
CT_14,C:\Users\USUARIO\Desktop\BP Mayo 2026\SynologyDrive\CT_14\100EK113\01180790.JPG,C:\Users\USUARIO\Desktop\BP Mayo 2026\SynologyDrive\CT_14\01180790.JPG,moved
CT_14,C:\Users\USUARIO\Desktop\BP Mayo 2026\SynologyDrive\CT_14\100EK113\01180791.JPG,C:\Users\USUARIO\Desktop\BP Mayo 2026\SynologyDrive\CT_14\01180791.JPG,moved
CT_14,C:\Users\USUARIO\Desktop\BP Mayo 2026\SynologyDrive\CT_14\100EK113\01180792.JPG,C:\Users\USUARIO\Desktop\BP Mayo 2026\SynologyDrive\CT_14\01180792.JPG,moved
CT_14,C:\Users\USUARIO\Desktop\BP Mayo 2026\SynologyDrive\CT_14\100EK113\01180793.JPG,C:\Users\USUARIO\Desktop\BP Mayo 2026\SynologyDrive\CT_14\01180793.JPG,moved
CT_14,C:\Users\USUARIO\Desktop\BP Mayo 2026\SynologyDrive\CT_14\100EK113\01180794.JPG,C:\Users\USUARIO\Desktop\BP Mayo 2026\SynologyDrive\CT_14\01180794.JPG,moved
CT_14,C:\Users\USUARIO\Desktop\BP Mayo 2026\SynologyDrive\CT_14\100EK113\01180795.JPG,C:\Users\USUARIO\Desktop\BP Mayo 2026\SynologyDrive\CT_14\01180795.JPG,moved
CT_14,C:\Users\USUARIO\Desktop\BP Mayo 2026\SynologyDrive\CT_14\100EK113\01180796.JPG,C:\Users\USUARIO\Desktop\BP Mayo 2026\SynologyDrive\CT_14\01180796.JPG,moved
CT_14,C:\Users\USUARIO\Desktop\BP Mayo 2026\SynologyDrive\CT_14\100EK113\01180797.JPG,C:\Users\USUARIO\Desktop\BP Mayo 2026\SynologyDrive\CT_14\01180797.JPG,moved
CT_14,C:\Users\USUARIO\Desktop\BP Mayo 2026\SynologyDrive\CT_14\100EK113\01180798.JPG,C:\Users\USUARIO\Desktop\BP Mayo 2026\SynologyDrive\CT_14\01180798.JPG,moved
CT_14,C:\Users\USUARIO\Desktop\BP Mayo 2026\SynologyDrive\CT_14\100EK113\01180799.JPG,C:\Users\USUARIO\Desktop\BP Mayo 2026\SynologyDrive\CT_14\01180799.JPG,moved
CT_14,C:\Users\USUARIO\Desktop\BP Mayo 2026\SynologyDrive\CT_14\100EK113\01180800.JPG,C:\Users\USUARIO\Desktop\BP Mayo 2026\SynologyDrive\CT_14\01180800.JPG,moved
CT_14,C:\Users\USUARIO\Desktop\BP Mayo 2026\SynologyDrive\CT_14\100EK113\01180801.JPG,C:\Users\USUARIO\Desktop\BP Mayo 2026\SynologyDrive\CT_14\01180801.JPG,moved
CT_14,C:\Users\USUARIO\Desktop\BP Mayo 2026\SynologyDrive\CT_14\100EK113\01180802.JPG,C:\Users\USUARIO\Desktop\BP Mayo 2026\SynologyDrive\CT_14\01180802.JPG,moved
CT_14,C:\Users\USUARIO\Desktop\BP Mayo 2026\SynologyDrive\CT_14\100EK113\01180803.JPG,C:\Users\USUARIO\Desktop\BP Mayo 2026\SynologyDrive\CT_14\01180803.JPG,moved
CT_14,C:\Users\USUARIO\Desktop\BP Mayo 2026\SynologyDrive\CT_14\100EK113\01180804.JPG,C:\Users\USUARIO\Desktop\BP Mayo 2026\SynologyDrive\CT_14\01180804.JPG,moved
CT_14,C:\Users\USUARIO\Desktop\BP Mayo 2026\SynologyDrive\CT_14\100EK113\01180805.JPG,C:\Users\USUARIO\Desktop\BP Mayo 2026\SynologyDrive\CT_14\01180805.JPG,moved
CT_14,C:\Users\USUARIO\Desktop\BP Mayo 2026\SynologyDrive\CT_14\100EK113\01180806.JPG,C:\Users\USUARIO\Desktop\BP Mayo 2026\SynologyDrive\CT_14\01180806.JPG,moved
CT_14,C:\Users\USUARIO\Desktop\BP Mayo 2026\SynologyDrive\CT_14\100EK113\01180807.JPG,C:\Users\USUARIO\Desktop\BP Mayo 2026\SynologyDrive\CT_14\01180807.JPG,moved
CT_14,C:\Users\USUARIO\Desktop\BP Mayo 2026\SynologyDrive\CT_14\100EK113\01180808.JPG,C:\Users\USUARIO\Desktop\BP Mayo 2026\SynologyDrive\CT_14\01180808.JPG,moved
CT_14,C:\Users\USUARIO\Desktop\BP Mayo 2026\SynologyDrive\CT_14\100EK113\01180809.JPG,C:\Users\USUARIO\Desktop\BP Mayo 2026\SynologyDrive\CT_14\01180809.JPG,moved
CT_14,C:\Users\USUARIO\Desktop\BP Mayo 2026\SynologyDrive\CT_14\100EK113\01180810.JPG,C:\Users\USUARIO\Desktop\BP Mayo 2026\SynologyDrive\CT_14\01180810.JPG,moved
CT_14,C:\Users\USUARIO\Desktop\BP Mayo 2026\SynologyDrive\CT_14\100EK113\01180811.JPG,C:\Users\USUARIO\Desktop\BP Mayo 2026\SynologyDrive\CT_14\01180811.JPG,moved
CT_14,C:\Users\USUARIO\Desktop\BP Mayo 2026\SynologyDrive\CT_14\100EK113\01180812.JPG,C:\Users\USUARIO\Desktop\BP Mayo 2026\SynologyDrive\CT_14\01180812.JPG,moved
CT_14,C:\Users\USUARIO\Desktop\BP Mayo 2026\SynologyDrive\CT_14\100EK113\01180813.JPG,C:\Users\USUARIO\Desktop\BP Mayo 2026\SynologyDrive\CT_14\01180813.JPG,moved
CT_14,C:\Users\USUARIO\Desktop\BP Mayo 2026\SynologyDrive\CT_14\100EK113\01180814.JPG,C:\Users\USUARIO\Desktop\BP Mayo 2026\SynologyDrive\CT_14\01180814.JPG,moved
CT_14,C:\Users\USUARIO\Desktop\BP Mayo 2026\SynologyDrive\CT_14\100EK113\01180815.JPG,C:\Users\USUARIO\Desktop\BP Mayo 2026\SynologyDrive\CT_14\01180815.JPG,moved
CT_14,C:\Users\USUARIO\Desktop\BP Mayo 2026\SynologyDrive\CT_14\100EK113\01180816.JPG,C:\Users\USUARIO\Desktop\BP Mayo 2026\SynologyDrive\CT_14\01180816.JPG,moved
CT_14,C:\Users\USUARIO\Desktop\BP Mayo 2026\SynologyDrive\CT_14\100EK113\01180817.JPG,C:\Users\USUARIO\Desktop\BP Mayo 2026\SynologyDrive\CT_14\01180817.JPG,moved
CT_14,C:\Users\USUARIO\Desktop\BP Mayo 2026\SynologyDrive\CT_14\100EK113\01180818.JPG,C:\Users\USUARIO\Desktop\BP Mayo 2026\SynologyDrive\CT_14\01180818.JPG,moved
CT_14,C:\Users\USUARIO\Desktop\BP Mayo 2026\SynologyDrive\CT_14\100EK113\01180819.JPG,C:\Users\USUARIO\Desktop\BP Mayo 2026\SynologyDrive\CT_14\01180819.JPG,moved
CT_14,C:\Users\USUARIO\Desktop\BP Mayo 2026\SynologyDrive\CT_14\100EK113\01180820.JPG,C:\Users\USUARIO\Desktop\BP Mayo 2026\SynologyDrive\CT_14\01180820.JPG,moved
CT_14,C:\Users\USUARIO\Desktop\BP Mayo 2026\SynologyDrive\CT_14\100EK113\01180821.JPG,C:\Users\USUARIO\Desktop\BP Mayo 2026\SynologyDrive\CT_14\01180821.JPG,moved
CT_14,C:\Users\USUARIO\Desktop\BP Mayo 2026\SynologyDrive\CT_14\100EK113\01180822.JPG,C:\Users\USUARIO\Desktop\BP Mayo 2026\SynologyDrive\CT_14\01180822.JPG,moved
CT_14,C:\Users\USUARIO\Desktop\BP Mayo 2026\SynologyDrive\CT_14\100EK113\01180823.JPG,C:\Users\USUARIO\Desktop\BP Mayo 2026\SynologyDrive\CT_14\01180823.JPG,moved
CT_14,C:\Users\USUARIO\Desktop\BP Mayo 2026\SynologyDrive\CT_14\100EK113\01180824.JPG,C:\Users\USUARIO\Desktop\BP Mayo 2026\SynologyDrive\CT_14\01180824.JPG,moved
CT_14,C:\Users\USUARIO\Desktop\BP Mayo 2026\SynologyDrive\CT_14\100EK113\01180825.JPG,C:\Users\USUARIO\Desktop\BP Mayo 2026\SynologyDrive\CT_14\01180825.JPG,moved
CT_14,C:\Users\USUARIO\Desktop\BP Mayo 2026\SynologyDrive\CT_14\100EK113\01180826.JPG,C:\Users\USUARIO\Desktop\BP Mayo 2026\SynologyDrive\CT_14\01180826.JPG,moved
CT_14,C:\Users\USUARIO\Desktop\BP Mayo 2026\SynologyDrive\CT_14\100EK113\01180827.JPG,C:\Users\USUARIO\Desktop\BP Mayo 2026\SynologyDrive\CT_14\01180827.JPG,moved
CT_14,C:\Users\USUARIO\Desktop\BP Mayo 2026\SynologyDrive\CT_14\100EK113\01180828.JPG,C:\Users\USUARIO\Desktop\BP Mayo 2026\SynologyDrive\CT_14\01180828.JPG,moved
CT_14,C:\Users\USUARIO\Desktop\BP Mayo 2026\SynologyDrive\CT_14\100EK113\01180829.JPG,C:\Users\USUARIO\Desktop\BP Mayo 2026\SynologyDrive\CT_14\01180829.JPG,moved
CT_14,C:\Users\USUARIO\Desktop\BP Mayo 2026\SynologyDrive\CT_14\100EK113\01180830.JPG,C:\Users\USUARIO\Desktop\BP Mayo 2026\SynologyDrive\CT_14\01180830.JPG,moved
CT_14,C:\Users\USUARIO\Desktop\BP Mayo 2026\SynologyDrive\CT_14\100EK113\01180831.JPG,C:\Users\USUARIO\Desktop\BP Mayo 2026\SynologyDrive\CT_14\01180831.JPG,moved
CT_14,C:\Users\USUARIO\Desktop\BP Mayo 2026\SynologyDrive\CT_14\100EK113\01180832.JPG,C:\Users\USUARIO\Desktop\BP Mayo 2026\SynologyDrive\CT_14\01180832.JPG,moved
CT_14,C:\Users\USUARIO\Desktop\BP Mayo 2026\SynologyDrive\CT_14\100EK113\01180833.JPG,C:\Users\USUARIO\Desktop\BP Mayo 2026\SynologyDrive\CT_14\01180833.JPG,moved
CT_14,C:\Users\USUARIO\Desktop\BP Mayo 2026\SynologyDrive\CT_14\100EK113\01180834.JPG,C:\Users\USUARIO\Desktop\BP Mayo 2026\SynologyDrive\CT_14\01180834.JPG,moved
CT_14,C:\Users\USUARIO\Desktop\BP Mayo 2026\SynologyDrive\CT_14\100EK113\01180835.JPG,C:\Users\USUARIO\Desktop\BP Mayo 2026\SynologyDrive\CT_14\01180835.JPG,moved
CT_14,C:\Users\USUARIO\Desktop\BP Mayo 2026\SynologyDrive\CT_14\100EK113\01180836.JPG,C:\Users\USUARIO\Desktop\BP Mayo 2026\SynologyDrive\CT_14\01180836.JPG,moved
CT_14,C:\Users\USUARIO\Desktop\BP Mayo 2026\SynologyDrive\CT_14\100EK113\01180837.JPG,C:\Users\USUARIO\Desktop\BP Mayo 2026\SynologyDrive\CT_14\01180837.JPG,moved
CT_14,C:\Users\USUARIO\Desktop\BP Mayo 2026\SynologyDrive\CT_14\100EK113\01180838.JPG,C:\Users\USUARIO\Desktop\BP Mayo 2026\SynologyDrive\CT_14\01180838.JPG,moved
CT_14,C:\Users\USUARIO\Desktop\BP Mayo 2026\SynologyDrive\CT_14\100EK113\01180839.JPG,C:\Users\USUARIO\Desktop\BP Mayo 2026\SynologyDrive\CT_14\01180839.JPG,moved
CT_14,C:\Users\USUARIO\Desktop\BP Mayo 2026\SynologyDrive\CT_14\100EK113\01180840.JPG,C:\Users\USUARIO\Desktop\BP Mayo 2026\SynologyDrive\CT_14\01180840.JPG,moved
CT_14,C:\Users\USUARIO\Desktop\BP Mayo 2026\SynologyDrive\CT_14\100EK113\01180841.JPG,C:\Users\USUARIO\Desktop\BP Mayo 2026\SynologyDrive\CT_14\01180841.JPG,moved
CT_14,C:\Users\USUARIO\Desktop\BP Mayo 2026\SynologyDrive\CT_14\100EK113\01180842.JPG,C:\Users\USUARIO\Desktop\BP Mayo 2026\SynologyDrive\CT_14\01180842.JPG,moved
CT_14,C:\Users\USUARIO\Desktop\BP Mayo 2026\SynologyDrive\CT_14\100EK113\01180843.JPG,C:\Users\USUARIO\Desktop\BP Mayo 2026\SynologyDrive\CT_14\01180843.JPG,moved
CT_14,C:\Users\USUARIO\Desktop\BP Mayo 2026\SynologyDrive\CT_14\100EK113\01180844.JPG,C:\Users\USUARIO\Desktop\BP Mayo 2026\SynologyDrive\CT_14\01180844.JPG,moved
CT_14,C:\Users\USUARIO\Desktop\BP Mayo 2026\SynologyDrive\CT_14\100EK113\01180845.JPG,C:\Users\USUARIO\Desktop\BP Mayo 2026\SynologyDrive\CT_14\01180845.JPG,moved
CT_14,C:\Users\USUARIO\Desktop\BP Mayo 2026\SynologyDrive\CT_14\100EK113\01180846.JPG,C:\Users\USUARIO\Desktop\BP Mayo 2026\SynologyDrive\CT_14\01180846.JPG,moved
CT_14,C:\Users\USUARIO\Desktop\BP Mayo 2026\SynologyDrive\CT_14\100EK113\01180847.JPG,C:\Users\USUARIO\Desktop\BP Mayo 2026\SynologyDrive\CT_14\01180847.JPG,moved
CT_14,C:\Users\USUARIO\Desktop\BP Mayo 2026\SynologyDrive\CT_14\100EK113\01180848.JPG,C:\Users\USUARIO\Desktop\BP Mayo 2026\SynologyDrive\CT_14\01180848.JPG,moved
CT_14,C:\Users\USUARIO\Desktop\BP Mayo 2026\SynologyDrive\CT_14\100EK113\01180849.JPG,C:\Users\USUARIO\Desktop\BP Mayo 2026\SynologyDrive\CT_14\01180849.JPG,moved
CT_14,C:\Users\USUARIO\Desktop\BP Mayo 2026\SynologyDrive\CT_14\100EK113\01180850.JPG,C:\Users\USUARIO\Desktop\BP Mayo 2026\SynologyDrive\CT_14\01180850.JPG,moved
CT_14,C:\Users\USUARIO\Desktop\BP Mayo 2026\SynologyDrive\CT_14\100EK113\01180851.JPG,C:\Users\USUARIO\Desktop\BP Mayo 2026\SynologyDrive\CT_14\01180851.JPG,moved
CT_14,C:\Users\USUARIO\Desktop\BP Mayo 2026\SynologyDrive\CT_14\100EK113\01180852.JPG,C:\Users\USUARIO\Desktop\BP Mayo 2026\SynologyDrive\CT_14\01180852.JPG,moved
CT_14,C:\Users\USUARIO\Desktop\BP Mayo 2026\SynologyDrive\CT_14\100EK113\01180853.JPG,C:\Users\USUARIO\Desktop\BP Mayo 2026\SynologyDrive\CT_14\01180853.JPG,moved
CT_14,C:\Users\USUARIO\Desktop\BP Mayo 2026\SynologyDrive\CT_14\100EK113\01180854.JPG,C:\Users\USUARIO\Desktop\BP Mayo 2026\SynologyDrive\CT_14\01180854.JPG,moved
CT_14,C:\Users\USUARIO\Desktop\BP Mayo 2026\SynologyDrive\CT_14\100EK113\01180855.JPG,C:\Users\USUARIO\Desktop\BP Mayo 2026\SynologyDrive\CT_14\01180855.JPG,moved
CT_14,C:\Users\USUARIO\Desktop\BP Mayo 2026\SynologyDrive\CT_14\100EK113\01180856.JPG,C:\Users\USUARIO\Desktop\BP Mayo 2026\SynologyDrive\CT_14\01180856.JPG,moved
CT_14,C:\Users\USUARIO\Desktop\BP Mayo 2026\SynologyDrive\CT_14\100EK113\01180857.JPG,C:\Users\USUARIO\Desktop\BP Mayo 2026\SynologyDrive\CT_14\01180857.JPG,moved
CT_14,C:\Users\USUARIO\Desktop\BP Mayo 2026\SynologyDrive\CT_14\100EK113\01180858.JPG,C:\Users\USUARIO\Desktop\BP Mayo 2026\SynologyDrive\CT_14\01180858.JPG,moved
CT_14,C:\Users\USUARIO\Desktop\BP Mayo 2026\SynologyDrive\CT_14\100EK113\01180859.JPG,C:\Users\USUARIO\Desktop\BP Mayo 2026\SynologyDrive\CT_14\01180859.JPG,moved
CT_14,C:\Users\USUARIO\Desktop\BP Mayo 2026\SynologyDrive\CT_14\100EK113\01180860.JPG,C:\Users\USUARIO\Desktop\BP Mayo 2026\SynologyDrive\CT_14\01180860.JPG,moved
CT_14,C:\Users\USUARIO\Desktop\BP Mayo 2026\SynologyDrive\CT_14\100EK113\01180861.JPG,C:\Users\USUARIO\Desktop\BP Mayo 2026\SynologyDrive\CT_14\01180861.JPG,moved
CT_14,C:\Users\USUARIO\Desktop\BP Mayo 2026\SynologyDrive\CT_14\100EK113\01180862.JPG,C:\Users\USUARIO\Desktop\BP Mayo 2026\SynologyDrive\CT_14\01180862.JPG,moved
CT_14,C:\Users\USUARIO\Desktop\BP Mayo 2026\SynologyDrive\CT_14\100EK113\01180863.JPG,C:\Users\USUARIO\Desktop\BP Mayo 2026\SynologyDrive\CT_14\01180863.JPG,moved
CT_14,C:\Users\USUARIO\Desktop\BP Mayo 2026\SynologyDrive\CT_14\100EK113\01180864.JPG,C:\Users\USUARIO\Desktop\BP Mayo 2026\SynologyDrive\CT_14\01180864.JPG,moved
CT_14,C:\Users\USUARIO\Desktop\BP Mayo 2026\SynologyDrive\CT_14\100EK113\01180865.JPG,C:\Users\USUARIO\Desktop\BP Mayo 2026\SynologyDrive\CT_14\01180865.JPG,moved
CT_14,C:\Users\USUARIO\Desktop\BP Mayo 2026\SynologyDrive\CT_14\100EK113\01180866.JPG,C:\Users\USUARIO\Desktop\BP Mayo 2026\SynologyDrive\CT_14\01180866.JPG,moved
CT_14,C:\Users\USUARIO\Desktop\BP Mayo 2026\SynologyDrive\CT_14\100EK113\01180867.JPG,C:\Users\USUARIO\Desktop\BP Mayo 2026\SynologyDrive\CT_14\01180867.JPG,moved
CT_14,C:\Users\USUARIO\Desktop\BP Mayo 2026\SynologyDrive\CT_14\100EK113\01180868.JPG,C:\Users\USUARIO\Desktop\BP Mayo 2026\SynologyDrive\CT_14\01180868.JPG,moved
CT_14,C:\Users\USUARIO\Desktop\BP Mayo 2026\SynologyDrive\CT_14\100EK113\01180869.JPG,C:\Users\USUARIO\Desktop\BP Mayo 2026\SynologyDrive\CT_14\01180869.JPG,moved
CT_14,C:\Users\USUARIO\Desktop\BP Mayo 2026\SynologyDrive\CT_14\100EK113\01180870.JPG,C:\Users\USUARIO\Desktop\BP Mayo 2026\SynologyDrive\CT_14\01180870.JPG,moved
CT_14,C:\Users\USUARIO\Desktop\BP Mayo 2026\SynologyDrive\CT_14\100EK113\01180871.JPG,C:\Users\USUARIO\Desktop\BP Mayo 2026\SynologyDrive\CT_14\01180871.JPG,moved
CT_14,C:\Users\USUARIO\Desktop\BP Mayo 2026\SynologyDrive\CT_14\100EK113\01180872.JPG,C:\Users\USUARIO\Desktop\BP Mayo 2026\SynologyDrive\CT_14\01180872.JPG,moved
CT_14,C:\Users\USUARIO\Desktop\BP Mayo 2026\SynologyDrive\CT_14\100EK113\01180873.JPG,C:\Users\USUARIO\Desktop\BP Mayo 2026\SynologyDrive\CT_14\01180873.JPG,moved
CT_14,C:\Users\USUARIO\Desktop\BP Mayo 2026\SynologyDrive\CT_14\100EK113\01180874.JPG,C:\Users\USUARIO\Desktop\BP Mayo 2026\SynologyDrive\CT_14\01180874.JPG,moved
CT_14,C:\Users\USUARIO\Desktop\BP Mayo 2026\SynologyDrive\CT_14\100EK113\01180875.JPG,C:\Users\USUARIO\Desktop\BP Mayo 2026\SynologyDrive\CT_14\01180875.JPG,moved
CT_14,C:\Users\USUARIO\Desktop\BP Mayo 2026\SynologyDrive\CT_14\100EK113\01180876.JPG,C:\Users\USUARIO\Desktop\BP Mayo 2026\SynologyDrive\CT_14\01180876.JPG,moved
CT_14,C:\Users\USUARIO\Desktop\BP Mayo 2026\SynologyDrive\CT_14\100EK113\01180877.JPG,C:\Users\USUARIO\Desktop\BP Mayo 2026\SynologyDrive\CT_14\01180877.JPG,moved
CT_14,C:\Users\USUARIO\Desktop\BP Mayo 2026\SynologyDrive\CT_14\100EK113\01180878.JPG,C:\Users\USUARIO\Desktop\BP Mayo 2026\SynologyDrive\CT_14\01180878.JPG,moved
CT_14,C:\Users\USUARIO\Desktop\BP Mayo 2026\SynologyDrive\CT_14\100EK113\01180879.JPG,C:\Users\USUARIO\Desktop\BP Mayo 2026\SynologyDrive\CT_14\01180879.JPG,moved
CT_14,C:\Users\USUARIO\Desktop\BP Mayo 2026\SynologyDrive\CT_14\100EK113\01180880.JPG,C:\Users\USUARIO\Desktop\BP Mayo 2026\SynologyDrive\CT_14\01180880.JPG,moved
CT_14,C:\Users\USUARIO\Desktop\BP Mayo 2026\SynologyDrive\CT_14\100EK113\01180881.JPG,C:\Users\USUARIO\Desktop\BP Mayo 2026\SynologyDrive\CT_14\01180881.JPG,moved
CT_14,C:\Users\USUARIO\Desktop\BP Mayo 2026\SynologyDrive\CT_14\100EK113\01180882.JPG,C:\Users\USUARIO\Desktop\BP Mayo 2026\SynologyDrive\CT_14\01180882.JPG,moved
CT_14,C:\Users\USUARIO\Desktop\BP Mayo 2026\SynologyDrive\CT_14\100EK113\01180883.JPG,C:\Users\USUARIO\Desktop\BP Mayo 2026\SynologyDrive\CT_14\01180883.JPG,moved
CT_14,C:\Users\USUARIO\Desktop\BP Mayo 2026\SynologyDrive\CT_14\100EK113\01180884.JPG,C:\Users\USUARIO\Desktop\BP Mayo 2026\SynologyDrive\CT_14\01180884.JPG,moved
CT_14,C:\Users\USUARIO\Desktop\BP Mayo 2026\SynologyDrive\CT_14\100EK113\01180885.JPG,C:\Users\USUARIO\Desktop\BP Mayo 2026\SynologyDrive\CT_14\01180885.JPG,moved
CT_14,C:\Users\USUARIO\Desktop\BP Mayo 2026\SynologyDrive\CT_14\100EK113\01180886.JPG,C:\Users\USUARIO\Desktop\BP Mayo 2026\SynologyDrive\CT_14\01180886.JPG,moved
CT_14,C:\Users\USUARIO\Desktop\BP Mayo 2026\SynologyDrive\CT_14\100EK113\01180887.JPG,C:\Users\USUARIO\Desktop\BP Mayo 2026\SynologyDrive\CT_14\01180887.JPG,moved
CT_14,C:\Users\USUARIO\Desktop\BP Mayo 2026\SynologyDrive\CT_14\100EK113\01180888.JPG,C:\Users\USUARIO\Desktop\BP Mayo 2026\SynologyDrive\CT_14\01180888.JPG,moved
CT_14,C:\Users\USUARIO\Desktop\BP Mayo 2026\SynologyDrive\CT_14\100EK113\01180889.JPG,C:\Users\USUARIO\Desktop\BP Mayo 2026\SynologyDrive\CT_14\01180889.JPG,moved
CT_14,C:\Users\USUARIO\Desktop\BP Mayo 2026\SynologyDrive\CT_14\100EK113\01180890.JPG,C:\Users\USUARIO\Desktop\BP Mayo 2026\SynologyDrive\CT_14\01180890.JPG,moved
CT_14,C:\Users\USUARIO\Desktop\BP Mayo 2026\SynologyDrive\CT_14\100EK113\01180891.JPG,C:\Users\USUARIO\Desktop\BP Mayo 2026\SynologyDrive\CT_14\01180891.JPG,moved
CT_14,C:\Users\USUARIO\Desktop\BP Mayo 2026\SynologyDrive\CT_14\100EK113\01180892.JPG,C:\Users\USUARIO\Desktop\BP Mayo 2026\SynologyDrive\CT_14\01180892.JPG,moved
CT_14,C:\Users\USUARIO\Desktop\BP Mayo 2026\SynologyDrive\CT_14\100EK113\01180893.JPG,C:\Users\USUARIO\Desktop\BP Mayo 2026\SynologyDrive\CT_14\01180893.JPG,moved
CT_14,C:\Users\USUARIO\Desktop\BP Mayo 2026\SynologyDrive\CT_14\100EK113\01180894.JPG,C:\Users\USUARIO\Desktop\BP Mayo 2026\SynologyDrive\CT_14\01180894.JPG,moved
CT_14,C:\Users\USUARIO\Desktop\BP Mayo 2026\SynologyDrive\CT_14\100EK113\01180895.JPG,C:\Users\USUARIO\Desktop\BP Mayo 2026\SynologyDrive\CT_14\01180895.JPG,moved
CT_14,C:\Users\USUARIO\Desktop\BP Mayo 2026\SynologyDrive\CT_14\100EK113\01180896.JPG,C:\Users\USUARIO\Desktop\BP Mayo 2026\SynologyDrive\CT_14\01180896.JPG,moved
CT_14,C:\Users\USUARIO\Desktop\BP Mayo 2026\SynologyDrive\CT_14\100EK113\01180897.JPG,C:\Users\USUARIO\Desktop\BP Mayo 2026\SynologyDrive\CT_14\01180897.JPG,moved
CT_14,C:\Users\USUARIO\Desktop\BP Mayo 2026\SynologyDrive\CT_14\100EK113\01180898.JPG,C:\Users\USUARIO\Desktop\BP Mayo 2026\SynologyDrive\CT_14\01180898.JPG,moved
CT_14,C:\Users\USUARIO\Desktop\BP Mayo 2026\SynologyDrive\CT_14\100EK113\01180899.JPG,C:\Users\USUARIO\Desktop\BP Mayo 2026\SynologyDrive\CT_14\01180899.JPG,moved
CT_14,C:\Users\USUARIO\Desktop\BP Mayo 2026\SynologyDrive\CT_14\100EK113\01180900.JPG,C:\Users\USUARIO\Desktop\BP Mayo 2026\SynologyDrive\CT_14\01180900.JPG,moved
CT_14,C:\Users\USUARIO\Desktop\BP Mayo 2026\SynologyDrive\CT_14\100EK113\01180901.JPG,C:\Users\USUARIO\Desktop\BP Mayo 2026\SynologyDrive\CT_14\01180901.JPG,moved
CT_14,C:\Users\USUARIO\Desktop\BP Mayo 2026\SynologyDrive\CT_14\100EK113\01180902.JPG,C:\Users\USUARIO\Desktop\BP Mayo 2026\SynologyDrive\CT_14\01180902.JPG,moved
CT_14,C:\Users\USUARIO\Desktop\BP Mayo 2026\SynologyDrive\CT_14\100EK113\01180903.JPG,C:\Users\USUARIO\Desktop\BP Mayo 2026\SynologyDrive\CT_14\01180903.JPG,moved
CT_14,C:\Users\USUARIO\Desktop\BP Mayo 2026\SynologyDrive\CT_14\100EK113\01180904.JPG,C:\Users\USUARIO\Desktop\BP Mayo 2026\SynologyDrive\CT_14\01180904.JPG,moved
CT_14,C:\Users\USUARIO\Desktop\BP Mayo 2026\SynologyDrive\CT_14\100EK113\01180905.JPG,C:\Users\USUARIO\Desktop\BP Mayo 2026\SynologyDrive\CT_14\01180905.JPG,moved
CT_14,C:\Users\USUARIO\Desktop\BP Mayo 2026\SynologyDrive\CT_14\100EK113\01180906.JPG,C:\Users\USUARIO\Desktop\BP Mayo 2026\SynologyDrive\CT_14\01180906.JPG,moved
CT_14,C:\Users\USUARIO\Desktop\BP Mayo 2026\SynologyDrive\CT_14\100EK113\01180907.JPG,C:\Users\USUARIO\Desktop\BP Mayo 2026\SynologyDrive\CT_14\01180907.JPG,moved
CT_14,C:\Users\USUARIO\Desktop\BP Mayo 2026\SynologyDrive\CT_14\100EK113\01180908.JPG,C:\Users\USUARIO\Desktop\BP Mayo 2026\SynologyDrive\CT_14\01180908.JPG,moved
CT_14,C:\Users\USUARIO\Desktop\BP Mayo 2026\SynologyDrive\CT_14\100EK113\01180909.JPG,C:\Users\USUARIO\Desktop\BP Mayo 2026\SynologyDrive\CT_14\01180909.JPG,moved
CT_14,C:\Users\USUARIO\Desktop\BP Mayo 2026\SynologyDrive\CT_14\100EK113\01180910.JPG,C:\Users\USUARIO\Desktop\BP Mayo 2026\SynologyDrive\CT_14\01180910.JPG,moved
CT_14,C:\Users\USUARIO\Desktop\BP Mayo 2026\SynologyDrive\CT_14\100EK113\01180911.JPG,C:\Users\USUARIO\Desktop\BP Mayo 2026\SynologyDrive\CT_14\01180911.JPG,moved
CT_14,C:\Users\USUARIO\Desktop\BP Mayo 2026\SynologyDrive\CT_14\100EK113\01180912.JPG,C:\Users\USUARIO\Desktop\BP Mayo 2026\SynologyDrive\CT_14\01180912.JPG,moved
CT_14,C:\Users\USUARIO\Desktop\BP Mayo 2026\SynologyDrive\CT_14\100EK113\01180913.JPG,C:\Users\USUARIO\Desktop\BP Mayo 2026\SynologyDrive\CT_14\01180913.JPG,moved
CT_14,C:\Users\USUARIO\Desktop\BP Mayo 2026\SynologyDrive\CT_14\100EK113\01180914.JPG,C:\Users\USUARIO\Desktop\BP Mayo 2026\SynologyDrive\CT_14\01180914.JPG,moved
CT_14,C:\Users\USUARIO\Desktop\BP Mayo 2026\SynologyDrive\CT_14\100EK113\01180915.JPG,C:\Users\USUARIO\Desktop\BP Mayo 2026\SynologyDrive\CT_14\01180915.JPG,moved
CT_14,C:\Users\USUARIO\Desktop\BP Mayo 2026\SynologyDrive\CT_14\100EK113\01180916.JPG,C:\Users\USUARIO\Desktop\BP Mayo 2026\SynologyDrive\CT_14\01180916.JPG,moved
CT_14,C:\Users\USUARIO\Desktop\BP Mayo 2026\SynologyDrive\CT_14\100EK113\01180917.JPG,C:\Users\USUARIO\Desktop\BP Mayo 2026\SynologyDrive\CT_14\01180917.JPG,moved
CT_14,C:\Users\USUARIO\Desktop\BP Mayo 2026\SynologyDrive\CT_14\100EK113\01180918.JPG,C:\Users\USUARIO\Desktop\BP Mayo 2026\SynologyDrive\CT_14\01180918.JPG,moved
CT_14,C:\Users\USUARIO\Desktop\BP Mayo 2026\SynologyDrive\CT_14\100EK113\01180919.JPG,C:\Users\USUARIO\Desktop\BP Mayo 2026\SynologyDrive\CT_14\01180919.JPG,moved
CT_14,C:\Users\USUARIO\Desktop\BP Mayo 2026\SynologyDrive\CT_14\100EK113\01180920.JPG,C:\Users\USUARIO\Desktop\BP Mayo 2026\SynologyDrive\CT_14\01180920.JPG,moved
CT_14,C:\Users\USUARIO\Desktop\BP Mayo 2026\SynologyDrive\CT_14\100EK113\01180921.JPG,C:\Users\USUARIO\Desktop\BP Mayo 2026\SynologyDrive\CT_14\01180921.JPG,moved
CT_14,C:\Users\USUARIO\Desktop\BP Mayo 2026\SynologyDrive\CT_14\100EK113\01180922.JPG,C:\Users\USUARIO\Desktop\BP Mayo 2026\SynologyDrive\CT_14\01180922.JPG,moved
CT_14,C:\Users\USUARIO\Desktop\BP Mayo 2026\SynologyDrive\CT_14\100EK113\01180923.JPG,C:\Users\USUARIO\Desktop\BP Mayo 2026\SynologyDrive\CT_14\01180923.JPG,moved
CT_14,C:\Users\USUARIO\Desktop\BP Mayo 2026\SynologyDrive\CT_14\100EK113\01180924.JPG,C:\Users\USUARIO\Desktop\BP Mayo 2026\SynologyDrive\CT_14\01180924.JPG,moved
CT_14,C:\Users\USUARIO\Desktop\BP Mayo 2026\SynologyDrive\CT_14\100EK113\01180925.JPG,C:\Users\USUARIO\Desktop\BP Mayo 2026\SynologyDrive\CT_14\01180925.JPG,moved
CT_14,C:\Users\USUARIO\Desktop\BP Mayo 2026\SynologyDrive\CT_14\100EK113\01180926.JPG,C:\Users\USUARIO\Desktop\BP Mayo 2026\SynologyDrive\CT_14\01180926.JPG,moved
CT_14,C:\Users\USUARIO\Desktop\BP Mayo 2026\SynologyDrive\CT_14\100EK113\01180927.JPG,C:\Users\USUARIO\Desktop\BP Mayo 2026\SynologyDrive\CT_14\01180927.JPG,moved
CT_14,C:\Users\USUARIO\Desktop\BP Mayo 2026\SynologyDrive\CT_14\100EK113\01180928.JPG,C:\Users\USUARIO\Desktop\BP Mayo 2026\SynologyDrive\CT_14\01180928.JPG,moved
CT_14,C:\Users\USUARIO\Desktop\BP Mayo 2026\SynologyDrive\CT_14\100EK113\01180929.JPG,C:\Users\USUARIO\Desktop\BP Mayo 2026\SynologyDrive\CT_14\01180929.JPG,moved
CT_14,C:\Users\USUARIO\Desktop\BP Mayo 2026\SynologyDrive\CT_14\100EK113\01180930.JPG,C:\Users\USUARIO\Desktop\BP Mayo 2026\SynologyDrive\CT_14\01180930.JPG,moved
CT_14,C:\Users\USUARIO\Desktop\BP Mayo 2026\SynologyDrive\CT_14\100EK113\01180931.JPG,C:\Users\USUARIO\Desktop\BP Mayo 2026\SynologyDrive\CT_14\01180931.JPG,moved
CT_14,C:\Users\USUARIO\Desktop\BP Mayo 2026\SynologyDrive\CT_14\100EK113\01180932.JPG,C:\Users\USUARIO\Desktop\BP Mayo 2026\SynologyDrive\CT_14\01180932.JPG,moved
CT_14,C:\Users\USUARIO\Desktop\BP Mayo 2026\SynologyDrive\CT_14\100EK113\01180933.JPG,C:\Users\USUARIO\Desktop\BP Mayo 2026\SynologyDrive\CT_14\01180933.JPG,moved
CT_14,C:\Users\USUARIO\Desktop\BP Mayo 2026\SynologyDrive\CT_14\100EK113\01180934.JPG,C:\Users\USUARIO\Desktop\BP Mayo 2026\SynologyDrive\CT_14\01180934.JPG,moved
CT_14,C:\Users\USUARIO\Desktop\BP Mayo 2026\SynologyDrive\CT_14\100EK113\01180935.JPG,C:\Users\USUARIO\Desktop\BP Mayo 2026\SynologyDrive\CT_14\01180935.JPG,moved
CT_14,C:\Users\USUARIO\Desktop\BP Mayo 2026\SynologyDrive\CT_14\100EK113\01180936.JPG,C:\Users\USUARIO\Desktop\BP Mayo 2026\SynologyDrive\CT_14\01180936.JPG,moved
CT_14,C:\Users\USUARIO\Desktop\BP Mayo 2026\SynologyDrive\CT_14\100EK113\01180937.JPG,C:\Users\USUARIO\Desktop\BP Mayo 2026\SynologyDrive\CT_14\01180937.JPG,moved
CT_14,C:\Users\USUARIO\Desktop\BP Mayo 2026\SynologyDrive\CT_14\100EK113\01180938.JPG,C:\Users\USUARIO\Desktop\BP Mayo 2026\SynologyDrive\CT_14\01180938.JPG,moved
CT_14,C:\Users\USUARIO\Desktop\BP Mayo 2026\SynologyDrive\CT_14\100EK113\01180939.JPG,C:\Users\USUARIO\Desktop\BP Mayo 2026\SynologyDrive\CT_14\01180939.JPG,moved
CT_14,C:\Users\USUARIO\Desktop\BP Mayo 2026\SynologyDrive\CT_14\100EK113\01180940.JPG,C:\Users\USUARIO\Desktop\BP Mayo 2026\SynologyDrive\CT_14\01180940.JPG,moved
CT_14,C:\Users\USUARIO\Desktop\BP Mayo 2026\SynologyDrive\CT_14\100EK113\01180941.JPG,C:\Users\USUARIO\Desktop\BP Mayo 2026\SynologyDrive\CT_14\01180941.JPG,moved
CT_14,C:\Users\USUARIO\Desktop\BP Mayo 2026\SynologyDrive\CT_14\100EK113\01180942.JPG,C:\Users\USUARIO\Desktop\BP Mayo 2026\SynologyDrive\CT_14\01180942.JPG,moved
CT_14,C:\Users\USUARIO\Desktop\BP Mayo 2026\SynologyDrive\CT_14\100EK113\01180943.JPG,C:\Users\USUARIO\Desktop\BP Mayo 2026\SynologyDrive\CT_14\01180943.JPG,moved
CT_14,C:\Users\USUARIO\Desktop\BP Mayo 2026\SynologyDrive\CT_14\100EK113\01180944.JPG,C:\Users\USUARIO\Desktop\BP Mayo 2026\SynologyDrive\CT_14\01180944.JPG,moved
CT_14,C:\Users\USUARIO\Desktop\BP Mayo 2026\SynologyDrive\CT_14\100EK113\01180945.JPG,C:\Users\USUARIO\Desktop\BP Mayo 2026\SynologyDrive\CT_14\01180945.JPG,moved
CT_14,C:\Users\USUARIO\Desktop\BP Mayo 2026\SynologyDrive\CT_14\100EK113\01180946.JPG,C:\Users\USUARIO\Desktop\BP Mayo 2026\SynologyDrive\CT_14\01180946.JPG,moved
CT_14,C:\Users\USUARIO\Desktop\BP Mayo 2026\SynologyDrive\CT_14\100EK113\01180947.JPG,C:\Users\USUARIO\Desktop\BP Mayo 2026\SynologyDrive\CT_14\01180947.JPG,moved
CT_14,C:\Users\USUARIO\Desktop\BP Mayo 2026\SynologyDrive\CT_14\100EK113\01180948.JPG,C:\Users\USUARIO\Desktop\BP Mayo 2026\SynologyDrive\CT_14\01180948.JPG,moved
CT_14,C:\Users\USUARIO\Desktop\BP Mayo 2026\SynologyDrive\CT_14\100EK113\01180949.JPG,C:\Users\USUARIO\Desktop\BP Mayo 2026\SynologyDrive\CT_14\01180949.JPG,moved
CT_14,C:\Users\USUARIO\Desktop\BP Mayo 2026\SynologyDrive\CT_14\100EK113\01180950.JPG,C:\Users\USUARIO\Desktop\BP Mayo 2026\SynologyDrive\CT_14\01180950.JPG,moved
CT_14,C:\Users\USUARIO\Desktop\BP Mayo 2026\SynologyDrive\CT_14\100EK113\01180951.JPG,C:\Users\USUARIO\Desktop\BP Mayo 2026\SynologyDrive\CT_14\01180951.JPG,moved
CT_14,C:\Users\USUARIO\Desktop\BP Mayo 2026\SynologyDrive\CT_14\100EK113\01180952.JPG,C:\Users\USUARIO\Desktop\BP Mayo 2026\SynologyDrive\CT_14\01180952.JPG,moved
CT_14,C:\Users\USUARIO\Desktop\BP Mayo 2026\SynologyDrive\CT_14\100EK113\01180953.JPG,C:\Users\USUARIO\Desktop\BP Mayo 2026\SynologyDrive\CT_14\01180953.JPG,moved
CT_14,C:\Users\USUARIO\Desktop\BP Mayo 2026\SynologyDrive\CT_14\100EK113\01180954.JPG,C:\Users\USUARIO\Desktop\BP Mayo 2026\SynologyDrive\CT_14\01180954.JPG,moved
CT_14,C:\Users\USUARIO\Desktop\BP Mayo 2026\SynologyDrive\CT_14\100EK113\01180955.JPG,C:\Users\USUARIO\Desktop\BP Mayo 2026\SynologyDrive\CT_14\01180955.JPG,moved
CT_14,C:\Users\USUARIO\Desktop\BP Mayo 2026\SynologyDrive\CT_14\100EK113\01180956.JPG,C:\Users\USUARIO\Desktop\BP Mayo 2026\SynologyDrive\CT_14\01180956.JPG,moved
CT_14,C:\Users\USUARIO\Desktop\BP Mayo 2026\SynologyDrive\CT_14\100EK113\01180957.JPG,C:\Users\USUARIO\Desktop\BP Mayo 2026\SynologyDrive\CT_14\01180957.JPG,moved
CT_14,C:\Users\USUARIO\Desktop\BP Mayo 2026\SynologyDrive\CT_14\100EK113\01180958.JPG,C:\Users\USUARIO\Desktop\BP Mayo 2026\SynologyDrive\CT_14\01180958.JPG,moved
CT_14,C:\Users\USUARIO\Desktop\BP Mayo 2026\SynologyDrive\CT_14\100EK113\01180959.JPG,C:\Users\USUARIO\Desktop\BP Mayo 2026\SynologyDrive\CT_14\01180959.JPG,moved
CT_14,C:\Users\USUARIO\Desktop\BP Mayo 2026\SynologyDrive\CT_14\100EK113\01180960.JPG,C:\Users\USUARIO\Desktop\BP Mayo 2026\SynologyDrive\CT_14\01180960.JPG,moved
CT_14,C:\Users\USUARIO\Desktop\BP Mayo 2026\SynologyDrive\CT_14\100EK113\01180961.JPG,C:\Users\USUARIO\Desktop\BP Mayo 2026\SynologyDrive\CT_14\01180961.JPG,moved
CT_14,C:\Users\USUARIO\Desktop\BP Mayo 2026\SynologyDrive\CT_14\100EK113\01180962.JPG,C:\Users\USUARIO\Desktop\BP Mayo 2026\SynologyDrive\CT_14\01180962.JPG,moved
CT_14,C:\Users\USUARIO\Desktop\BP Mayo 2026\SynologyDrive\CT_14\100EK113\01180963.JPG,C:\Users\USUARIO\Desktop\BP Mayo 2026\SynologyDrive\CT_14\01180963.JPG,moved
CT_14,C:\Users\USUARIO\Desktop\BP Mayo 2026\SynologyDrive\CT_14\100EK113\01180964.JPG,C:\Users\USUARIO\Desktop\BP Mayo 2026\SynologyDrive\CT_14\01180964.JPG,moved
CT_14,C:\Users\USUARIO\Desktop\BP Mayo 2026\SynologyDrive\CT_14\100EK113\01180965.JPG,C:\Users\USUARIO\Desktop\BP Mayo 2026\SynologyDrive\CT_14\01180965.JPG,moved
CT_14,C:\Users\USUARIO\Desktop\BP Mayo 2026\SynologyDrive\CT_14\100EK113\01180966.JPG,C:\Users\USUARIO\Desktop\BP Mayo 2026\SynologyDrive\CT_14\01180966.JPG,moved
CT_14,C:\Users\USUARIO\Desktop\BP Mayo 2026\SynologyDrive\CT_14\100EK113\01180967.JPG,C:\Users\USUARIO\Desktop\BP Mayo 2026\SynologyDrive\CT_14\01180967.JPG,moved
CT_14,C:\Users\USUARIO\Desktop\BP Mayo 2026\SynologyDrive\CT_14\100EK113\01180968.JPG,C:\Users\USUARIO\Desktop\BP Mayo 2026\SynologyDrive\CT_14\01180968.JPG,moved
CT_14,C:\Users\USUARIO\Desktop\BP Mayo 2026\SynologyDrive\CT_14\100EK113\01180969.JPG,C:\Users\USUARIO\Desktop\BP Mayo 2026\SynologyDrive\CT_14\01180969.JPG,moved
CT_14,C:\Users\USUARIO\Desktop\BP Mayo 2026\SynologyDrive\CT_14\100EK113\01180970.JPG,C:\Users\USUARIO\Desktop\BP Mayo 2026\SynologyDrive\CT_14\01180970.JPG,moved
CT_14,C:\Users\USUARIO\Desktop\BP Mayo 2026\SynologyDrive\CT_14\100EK113\01180971.JPG,C:\Users\USUARIO\Desktop\BP Mayo 2026\SynologyDrive\CT_14\01180971.JPG,moved
CT_14,C:\Users\USUARIO\Desktop\BP Mayo 2026\SynologyDrive\CT_14\100EK113\01180972.JPG,C:\Users\USUARIO\Desktop\BP Mayo 2026\SynologyDrive\CT_14\01180972.JPG,moved
CT_14,C:\Users\USUARIO\Desktop\BP Mayo 2026\SynologyDrive\CT_14\100EK113\01180973.JPG,C:\Users\USUARIO\Desktop\BP Mayo 2026\SynologyDrive\CT_14\01180973.JPG,moved
CT_14,C:\Users\USUARIO\Desktop\BP Mayo 2026\SynologyDrive\CT_14\100EK113\01180974.JPG,C:\Users\USUARIO\Desktop\BP Mayo 2026\SynologyDrive\CT_14\01180974.JPG,moved
CT_14,C:\Users\USUARIO\Desktop\BP Mayo 2026\SynologyDrive\CT_14\100EK113\01180975.JPG,C:\Users\USUARIO\Desktop\BP Mayo 2026\SynologyDrive\CT_14\01180975.JPG,moved
CT_14,C:\Users\USUARIO\Desktop\BP Mayo 2026\SynologyDrive\CT_14\100EK113\01180976.JPG,C:\Users\USUARIO\Desktop\BP Mayo 2026\SynologyDrive\CT_14\01180976.JPG,moved
CT_14,C:\Users\USUARIO\Desktop\BP Mayo 2026\SynologyDrive\CT_14\100EK113\01180977.JPG,C:\Users\USUARIO\Desktop\BP Mayo 2026\SynologyDrive\CT_14\01180977.JPG,moved
CT_14,C:\Users\USUARIO\Desktop\BP Mayo 2026\SynologyDrive\CT_14\100EK113\01180978.JPG,C:\Users\USUARIO\Desktop\BP Mayo 2026\SynologyDrive\CT_14\01180978.JPG,moved
CT_14,C:\Users\USUARIO\Desktop\BP Mayo 2026\SynologyDrive\CT_14\100EK113\01180979.JPG,C:\Users\USUARIO\Desktop\BP Mayo 2026\SynologyDrive\CT_14\01180979.JPG,moved
CT_14,C:\Users\USUARIO\Desktop\BP Mayo 2026\SynologyDrive\CT_14\100EK113\01180980.JPG,C:\Users\USUARIO\Desktop\BP Mayo 2026\SynologyDrive\CT_14\01180980.JPG,moved
CT_14,C:\Users\USUARIO\Desktop\BP Mayo 2026\SynologyDrive\CT_14\100EK113\01180981.JPG,C:\Users\USUARIO\Desktop\BP Mayo 2026\SynologyDrive\CT_14\01180981.JPG,moved
CT_14,C:\Users\USUARIO\Desktop\BP Mayo 2026\SynologyDrive\CT_14\100EK113\01180982.JPG,C:\Users\USUARIO\Desktop\BP Mayo 2026\SynologyDrive\CT_14\01180982.JPG,moved
CT_14,C:\Users\USUARIO\Desktop\BP Mayo 2026\SynologyDrive\CT_14\100EK113\01180983.JPG,C:\Users\USUARIO\Desktop\BP Mayo 2026\SynologyDrive\CT_14\01180983.JPG,moved
CT_14,C:\Users\USUARIO\Desktop\BP Mayo 2026\SynologyDrive\CT_14\100EK113\01180984.JPG,C:\Users\USUARIO\Desktop\BP Mayo 2026\SynologyDrive\CT_14\01180984.JPG,moved
CT_14,C:\Users\USUARIO\Desktop\BP Mayo 2026\SynologyDrive\CT_14\100EK113\01180985.JPG,C:\Users\USUARIO\Desktop\BP Mayo 2026\SynologyDrive\CT_14\01180985.JPG,moved
CT_14,C:\Users\USUARIO\Desktop\BP Mayo 2026\SynologyDrive\CT_14\100EK113\01180986.JPG,C:\Users\USUARIO\Desktop\BP Mayo 2026\SynologyDrive\CT_14\01180986.JPG,moved
CT_14,C:\Users\USUARIO\Desktop\BP Mayo 2026\SynologyDrive\CT_14\100EK113\01180987.JPG,C:\Users\USUARIO\Desktop\BP Mayo 2026\SynologyDrive\CT_14\01180987.JPG,moved
CT_14,C:\Users\USUARIO\Desktop\BP Mayo 2026\SynologyDrive\CT_14\100EK113\01180988.JPG,C:\Users\USUARIO\Desktop\BP Mayo 2026\SynologyDrive\CT_14\01180988.JPG,moved
CT_14,C:\Users\USUARIO\Desktop\BP Mayo 2026\SynologyDrive\CT_14\100EK113\01180989.JPG,C:\Users\USUARIO\Desktop\BP Mayo 2026\SynologyDrive\CT_14\01180989.JPG,moved
CT_14,C:\Users\USUARIO\Desktop\BP Mayo 2026\SynologyDrive\CT_14\100EK113\01180990.JPG,C:\Users\USUARIO\Desktop\BP Mayo 2026\SynologyDrive\CT_14\01180990.JPG,moved
CT_14,C:\Users\USUARIO\Desktop\BP Mayo 2026\SynologyDrive\CT_14\100EK113\01180991.JPG,C:\Users\USUARIO\Desktop\BP Mayo 2026\SynologyDrive\CT_14\01180991.JPG,moved
CT_14,C:\Users\USUARIO\Desktop\BP Mayo 2026\SynologyDrive\CT_14\100EK113\01180992.JPG,C:\Users\USUARIO\Desktop\BP Mayo 2026\SynologyDrive\CT_14\01180992.JPG,moved
CT_14,C:\Users\USUARIO\Desktop\BP Mayo 2026\SynologyDrive\CT_14\100EK113\01180993.JPG,C:\Users\USUARIO\Desktop\BP Mayo 2026\SynologyDrive\CT_14\01180993.JPG,moved
CT_14,C:\Users\USUARIO\Desktop\BP Mayo 2026\SynologyDrive\CT_14\100EK113\01180994.JPG,C:\Users\USUARIO\Desktop\BP Mayo 2026\SynologyDrive\CT_14\01180994.JPG,moved
CT_14,C:\Users\USUARIO\Desktop\BP Mayo 2026\SynologyDrive\CT_14\100EK113\01180995.JPG,C:\Users\USUARIO\Desktop\BP Mayo 2026\SynologyDrive\CT_14\01180995.JPG,moved
CT_14,C:\Users\USUARIO\Desktop\BP Mayo 2026\SynologyDrive\CT_14\100EK113\01180996.JPG,C:\Users\USUARIO\Desktop\BP Mayo 2026\SynologyDrive\CT_14\01180996.JPG,moved
CT_14,C:\Users\USUARIO\Desktop\BP Mayo 2026\SynologyDrive\CT_14\100EK113\01180997.JPG,C:\Users\USUARIO\Desktop\BP Mayo 2026\SynologyDrive\CT_14\01180997.JPG,moved
CT_14,C:\Users\USUARIO\Desktop\BP Mayo 2026\SynologyDrive\CT_14\100EK113\01180998.JPG,C:\Users\USUARIO\Desktop\BP Mayo 2026\SynologyDrive\CT_14\01180998.JPG,moved
CT_14,C:\Users\USUARIO\Desktop\BP Mayo 2026\SynologyDrive\CT_14\100EK113\01180999.JPG,C:\Users\USUARIO\Desktop\BP Mayo 2026\SynologyDrive\CT_14\01180999.JPG,moved
CT_14,C:\Users\USUARIO\Desktop\BP Mayo 2026\SynologyDrive\CT_14\101EK113\01180001.JPG,C:\Users\USUARIO\Desktop\BP Mayo 2026\SynologyDrive\CT_14\01180001.JPG,moved
CT_14,C:\Users\USUARIO\Desktop\BP Mayo 2026\SynologyDrive\CT_14\101EK113\01180002.JPG,C:\Users\USUARIO\Desktop\BP Mayo 2026\SynologyDrive\CT_14\01180002.JPG,moved
CT_14,C:\Users\USUARIO\Desktop\BP Mayo 2026\SynologyDrive\CT_14\101EK113\01180003.JPG,C:\Users\USUARIO\Desktop\BP Mayo 2026\SynologyDrive\CT_14\01180003.JPG,moved
CT_14,C:\Users\USUARIO\Desktop\BP Mayo 2026\SynologyDrive\CT_14\101EK113\01180004.JPG,C:\Users\USUARIO\Desktop\BP Mayo 2026\SynologyDrive\CT_14\01180004.JPG,moved
CT_14,C:\Users\USUARIO\Desktop\BP Mayo 2026\SynologyDrive\CT_14\101EK113\01180005.JPG,C:\Users\USUARIO\Desktop\BP Mayo 2026\SynologyDrive\CT_14\01180005.JPG,moved
CT_14,C:\Users\USUARIO\Desktop\BP Mayo 2026\SynologyDrive\CT_14\101EK113\01180006.JPG,C:\Users\USUARIO\Desktop\BP Mayo 2026\SynologyDrive\CT_14\01180006.JPG,moved
CT_14,C:\Users\USUARIO\Desktop\BP Mayo 2026\SynologyDrive\CT_14\101EK113\01180007.JPG,C:\Users\USUARIO\Desktop\BP Mayo 2026\SynologyDrive\CT_14\01180007.JPG,moved
CT_14,C:\Users\USUARIO\Desktop\BP Mayo 2026\SynologyDrive\CT_14\101EK113\01180008.JPG,C:\Users\USUARIO\Desktop\BP Mayo 2026\SynologyDrive\CT_14\01180008.JPG,moved
CT_14,C:\Users\USUARIO\Desktop\BP Mayo 2026\SynologyDrive\CT_14\101EK113\01180009.JPG,C:\Users\USUARIO\Desktop\BP Mayo 2026\SynologyDrive\CT_14\01180009.JPG,moved
CT_14,C:\Users\USUARIO\Desktop\BP Mayo 2026\SynologyDrive\CT_14\101EK113\01180010.JPG,C:\Users\USUARIO\Desktop\BP Mayo 2026\SynologyDrive\CT_14\01180010.JPG,moved
CT_14,C:\Users\USUARIO\Desktop\BP Mayo 2026\SynologyDrive\CT_14\101EK113\01180011.JPG,C:\Users\USUARIO\Desktop\BP Mayo 2026\SynologyDrive\CT_14\01180011.JPG,moved
CT_14,C:\Users\USUARIO\Desktop\BP Mayo 2026\SynologyDrive\CT_14\101EK113\01180012.JPG,C:\Users\USUARIO\Desktop\BP Mayo 2026\SynologyDrive\CT_14\01180012.JPG,moved
CT_14,C:\Users\USUARIO\Desktop\BP Mayo 2026\SynologyDrive\CT_14\101EK113\01180013.JPG,C:\Users\USUARIO\Desktop\BP Mayo 2026\SynologyDrive\CT_14\01180013.JPG,moved
CT_14,C:\Users\USUARIO\Desktop\BP Mayo 2026\SynologyDrive\CT_14\101EK113\01180014.JPG,C:\Users\USUARIO\Desktop\BP Mayo 2026\SynologyDrive\CT_14\01180014.JPG,moved
CT_14,C:\Users\USUARIO\Desktop\BP Mayo 2026\SynologyDrive\CT_14\101EK113\01180015.JPG,C:\Users\USUARIO\Desktop\BP Mayo 2026\SynologyDrive\CT_14\01180015.JPG,moved
CT_14,C:\Users\USUARIO\Desktop\BP Mayo 2026\SynologyDrive\CT_14\101EK113\01180016.JPG,C:\Users\USUARIO\Desktop\BP Mayo 2026\SynologyDrive\CT_14\01180016.JPG,moved
CT_14,C:\Users\USUARIO\Desktop\BP Mayo 2026\SynologyDrive\CT_14\101EK113\01180017.JPG,C:\Users\USUARIO\Desktop\BP Mayo 2026\SynologyDrive\CT_14\01180017.JPG,moved
CT_14,C:\Users\USUARIO\Desktop\BP Mayo 2026\SynologyDrive\CT_14\101EK113\01180018.JPG,C:\Users\USUARIO\Desktop\BP Mayo 2026\SynologyDrive\CT_14\01180018.JPG,moved
CT_14,C:\Users\USUARIO\Desktop\BP Mayo 2026\SynologyDrive\CT_14\101EK113\01180019.JPG,C:\Users\USUARIO\Desktop\BP Mayo 2026\SynologyDrive\CT_14\01180019.JPG,moved
CT_14,C:\Users\USUARIO\Desktop\BP Mayo 2026\SynologyDrive\CT_14\101EK113\01180020.JPG,C:\Users\USUARIO\Desktop\BP Mayo 2026\SynologyDrive\CT_14\01180020.JPG,moved
CT_14,C:\Users\USUARIO\Desktop\BP Mayo 2026\SynologyDrive\CT_14\101EK113\01180021.JPG,C:\Users\USUARIO\Desktop\BP Mayo 2026\SynologyDrive\CT_14\01180021.JPG,moved
CT_14,C:\Users\USUARIO\Desktop\BP Mayo 2026\SynologyDrive\CT_14\101EK113\01180022.JPG,C:\Users\USUARIO\Desktop\BP Mayo 2026\SynologyDrive\CT_14\01180022.JPG,moved
CT_14,C:\Users\USUARIO\Desktop\BP Mayo 2026\SynologyDrive\CT_14\101EK113\01180023.JPG,C:\Users\USUARIO\Desktop\BP Mayo 2026\SynologyDrive\CT_14\01180023.JPG,moved
CT_14,C:\Users\USUARIO\Desktop\BP Mayo 2026\SynologyDrive\CT_14\101EK113\01180024.JPG,C:\Users\USUARIO\Desktop\BP Mayo 2026\SynologyDrive\CT_14\01180024.JPG,moved
CT_14,C:\Users\USUARIO\Desktop\BP Mayo 2026\SynologyDrive\CT_14\101EK113\01180025.JPG,C:\Users\USUARIO\Desktop\BP Mayo 2026\SynologyDrive\CT_14\01180025.JPG,moved
CT_14,C:\Users\USUARIO\Desktop\BP Mayo 2026\SynologyDrive\CT_14\101EK113\01180026.JPG,C:\Users\USUARIO\Desktop\BP Mayo 2026\SynologyDrive\CT_14\01180026.JPG,moved
CT_14,C:\Users\USUARIO\Desktop\BP Mayo 2026\SynologyDrive\CT_14\101EK113\01180027.JPG,C:\Users\USUARIO\Desktop\BP Mayo 2026\SynologyDrive\CT_14\01180027.JPG,moved
CT_14,C:\Users\USUARIO\Desktop\BP Mayo 2026\SynologyDrive\CT_14\101EK113\01180028.JPG,C:\Users\USUARIO\Desktop\BP Mayo 2026\SynologyDrive\CT_14\01180028.JPG,moved
CT_14,C:\Users\USUARIO\Desktop\BP Mayo 2026\SynologyDrive\CT_14\101EK113\01180029.JPG,C:\Users\USUARIO\Desktop\BP Mayo 2026\SynologyDrive\CT_14\01180029.JPG,moved
CT_14,C:\Users\USUARIO\Desktop\BP Mayo 2026\SynologyDrive\CT_14\101EK113\01180030.JPG,C:\Users\USUARIO\Desktop\BP Mayo 2026\SynologyDrive\CT_14\01180030.JPG,moved
CT_14,C:\Users\USUARIO\Desktop\BP Mayo 2026\SynologyDrive\CT_14\101EK113\01180031.JPG,C:\Users\USUARIO\Desktop\BP Mayo 2026\SynologyDrive\CT_14\01180031.JPG,moved
CT_14,C:\Users\USUARIO\Desktop\BP Mayo 2026\SynologyDrive\CT_14\101EK113\01180032.JPG,C:\Users\USUARIO\Desktop\BP Mayo 2026\SynologyDrive\CT_14\01180032.JPG,moved
CT_14,C:\Users\USUARIO\Desktop\BP Mayo 2026\SynologyDrive\CT_14\101EK113\01180033.JPG,C:\Users\USUARIO\Desktop\BP Mayo 2026\SynologyDrive\CT_14\01180033.JPG,moved
CT_14,C:\Users\USUARIO\Desktop\BP Mayo 2026\SynologyDrive\CT_14\101EK113\01180034.JPG,C:\Users\USUARIO\Desktop\BP Mayo 2026\SynologyDrive\CT_14\01180034.JPG,moved
CT_14,C:\Users\USUARIO\Desktop\BP Mayo 2026\SynologyDrive\CT_14\101EK113\01180035.JPG,C:\Users\USUARIO\Desktop\BP Mayo 2026\SynologyDrive\CT_14\01180035.JPG,moved
CT_14,C:\Users\USUARIO\Desktop\BP Mayo 2026\SynologyDrive\CT_14\101EK113\01180036.JPG,C:\Users\USUARIO\Desktop\BP Mayo 2026\SynologyDrive\CT_14\01180036.JPG,moved
CT_14,C:\Users\USUARIO\Desktop\BP Mayo 2026\SynologyDrive\CT_14\101EK113\01180037.JPG,C:\Users\USUARIO\Desktop\BP Mayo 2026\SynologyDrive\CT_14\01180037.JPG,moved
CT_14,C:\Users\USUARIO\Desktop\BP Mayo 2026\SynologyDrive\CT_14\101EK113\01180038.JPG,C:\Users\USUARIO\Desktop\BP Mayo 2026\SynologyDrive\CT_14\01180038.JPG,moved
CT_14,C:\Users\USUARIO\Desktop\BP Mayo 2026\SynologyDrive\CT_14\101EK113\01180039.JPG,C:\Users\USUARIO\Desktop\BP Mayo 2026\SynologyDrive\CT_14\01180039.JPG,moved
CT_14,C:\Users\USUARIO\Desktop\BP Mayo 2026\SynologyDrive\CT_14\101EK113\01180040.JPG,C:\Users\USUARIO\Desktop\BP Mayo 2026\SynologyDrive\CT_14\01180040.JPG,moved
CT_14,C:\Users\USUARIO\Desktop\BP Mayo 2026\SynologyDrive\CT_14\101EK113\01180041.JPG,C:\Users\USUARIO\Desktop\BP Mayo 2026\SynologyDrive\CT_14\01180041.JPG,moved
CT_14,C:\Users\USUARIO\Desktop\BP Mayo 2026\SynologyDrive\CT_14\101EK113\01180042.JPG,C:\Users\USUARIO\Desktop\BP Mayo 2026\SynologyDrive\CT_14\01180042.JPG,moved
CT_14,C:\Users\USUARIO\Desktop\BP Mayo 2026\SynologyDrive\CT_14\101EK113\01180043.JPG,C:\Users\USUARIO\Desktop\BP Mayo 2026\SynologyDrive\CT_14\01180043.JPG,moved
CT_14,C:\Users\USUARIO\Desktop\BP Mayo 2026\SynologyDrive\CT_14\101EK113\01180044.JPG,C:\Users\USUARIO\Desktop\BP Mayo 2026\SynologyDrive\CT_14\01180044.JPG,moved
CT_14,C:\Users\USUARIO\Desktop\BP Mayo 2026\SynologyDrive\CT_14\101EK113\01180045.JPG,C:\Users\USUARIO\Desktop\BP Mayo 2026\SynologyDrive\CT_14\01180045.JPG,moved
CT_14,C:\Users\USUARIO\Desktop\BP Mayo 2026\SynologyDrive\CT_14\101EK113\01180046.JPG,C:\Users\USUARIO\Desktop\BP Mayo 2026\SynologyDrive\CT_14\01180046.JPG,moved
CT_14,C:\Users\USUARIO\Desktop\BP Mayo 2026\SynologyDrive\CT_14\101EK113\01180047.JPG,C:\Users\USUARIO\Desktop\BP Mayo 2026\SynologyDrive\CT_14\01180047.JPG,moved
CT_14,C:\Users\USUARIO\Desktop\BP Mayo 2026\SynologyDrive\CT_14\101EK113\01180048.JPG,C:\Users\USUARIO\Desktop\BP Mayo 2026\SynologyDrive\CT_14\01180048.JPG,moved
CT_14,C:\Users\USUARIO\Desktop\BP Mayo 2026\SynologyDrive\CT_14\101EK113\01180049.JPG,C:\Users\USUARIO\Desktop\BP Mayo 2026\SynologyDrive\CT_14\01180049.JPG,moved
CT_14,C:\Users\USUARIO\Desktop\BP Mayo 2026\SynologyDrive\CT_14\101EK113\01180050.JPG,C:\Users\USUARIO\Desktop\BP Mayo 2026\SynologyDrive\CT_14\01180050.JPG,moved
CT_14,C:\Users\USUARIO\Desktop\BP Mayo 2026\SynologyDrive\CT_14\101EK113\01180051.JPG,C:\Users\USUARIO\Desktop\BP Mayo 2026\SynologyDrive\CT_14\01180051.JPG,moved
CT_14,C:\Users\USUARIO\Desktop\BP Mayo 2026\SynologyDrive\CT_14\101EK113\01180052.JPG,C:\Users\USUARIO\Desktop\BP Mayo 2026\SynologyDrive\CT_14\01180052.JPG,moved
CT_14,C:\Users\USUARIO\Desktop\BP Mayo 2026\SynologyDrive\CT_14\101EK113\01180053.JPG,C:\Users\USUARIO\Desktop\BP Mayo 2026\SynologyDrive\CT_14\01180053.JPG,moved
CT_14,C:\Users\USUARIO\Desktop\BP Mayo 2026\SynologyDrive\CT_14\101EK113\01180054.JPG,C:\Users\USUARIO\Desktop\BP Mayo 2026\SynologyDrive\CT_14\01180054.JPG,moved
CT_14,C:\Users\USUARIO\Desktop\BP Mayo 2026\SynologyDrive\CT_14\101EK113\01180055.JPG,C:\Users\USUARIO\Desktop\BP Mayo 2026\SynologyDrive\CT_14\01180055.JPG,moved
CT_14,C:\Users\USUARIO\Desktop\BP Mayo 2026\SynologyDrive\CT_14\101EK113\01180056.JPG,C:\Users\USUARIO\Desktop\BP Mayo 2026\SynologyDrive\CT_14\01180056.JPG,moved
CT_14,C:\Users\USUARIO\Desktop\BP Mayo 2026\SynologyDrive\CT_14\101EK113\01180057.JPG,C:\Users\USUARIO\Desktop\BP Mayo 2026\SynologyDrive\CT_14\01180057.JPG,moved
CT_14,C:\Users\USUARIO\Desktop\BP Mayo 2026\SynologyDrive\CT_14\101EK113\01180058.JPG,C:\Users\USUARIO\Desktop\BP Mayo 2026\SynologyDrive\CT_14\01180058.JPG,moved
CT_14,C:\Users\USUARIO\Desktop\BP Mayo 2026\SynologyDrive\CT_14\101EK113\01180059.JPG,C:\Users\USUARIO\Desktop\BP Mayo 2026\SynologyDrive\CT_14\01180059.JPG,moved
CT_14,C:\Users\USUARIO\Desktop\BP Mayo 2026\SynologyDrive\CT_14\101EK113\01180060.JPG,C:\Users\USUARIO\Desktop\BP Mayo 2026\SynologyDrive\CT_14\01180060.JPG,moved
CT_14,C:\Users\USUARIO\Desktop\BP Mayo 2026\SynologyDrive\CT_14\101EK113\01180061.JPG,C:\Users\USUARIO\Desktop\BP Mayo 2026\SynologyDrive\CT_14\01180061.JPG,moved
CT_14,C:\Users\USUARIO\Desktop\BP Mayo 2026\SynologyDrive\CT_14\101EK113\01180062.JPG,C:\Users\USUARIO\Desktop\BP Mayo 2026\SynologyDrive\CT_14\01180062.JPG,moved
CT_14,C:\Users\USUARIO\Desktop\BP Mayo 2026\SynologyDrive\CT_14\101EK113\01180063.JPG,C:\Users\USUARIO\Desktop\BP Mayo 2026\SynologyDrive\CT_14\01180063.JPG,moved
CT_14,C:\Users\USUARIO\Desktop\BP Mayo 2026\SynologyDrive\CT_14\101EK113\01180064.JPG,C:\Users\USUARIO\Desktop\BP Mayo 2026\SynologyDrive\CT_14\01180064.JPG,moved
CT_14,C:\Users\USUARIO\Desktop\BP Mayo 2026\SynologyDrive\CT_14\101EK113\01180065.JPG,C:\Users\USUARIO\Desktop\BP Mayo 2026\SynologyDrive\CT_14\01180065.JPG,moved
CT_14,C:\Users\USUARIO\Desktop\BP Mayo 2026\SynologyDrive\CT_14\101EK113\01180066.JPG,C:\Users\USUARIO\Desktop\BP Mayo 2026\SynologyDrive\CT_14\01180066.JPG,moved
CT_14,C:\Users\USUARIO\Desktop\BP Mayo 2026\SynologyDrive\CT_14\101EK113\01180067.JPG,C:\Users\USUARIO\Desktop\BP Mayo 2026\SynologyDrive\CT_14\01180067.JPG,moved
CT_14,C:\Users\USUARIO\Desktop\BP Mayo 2026\SynologyDrive\CT_14\101EK113\01180068.JPG,C:\Users\USUARIO\Desktop\BP Mayo 2026\SynologyDrive\CT_14\01180068.JPG,moved
CT_14,C:\Users\USUARIO\Desktop\BP Mayo 2026\SynologyDrive\CT_14\101EK113\01180069.JPG,C:\Users\USUARIO\Desktop\BP Mayo 2026\SynologyDrive\CT_14\01180069.JPG,moved
CT_14,C:\Users\USUARIO\Desktop\BP Mayo 2026\SynologyDrive\CT_14\101EK113\01180070.JPG,C:\Users\USUARIO\Desktop\BP Mayo 2026\SynologyDrive\CT_14\01180070.JPG,moved
CT_14,C:\Users\USUARIO\Desktop\BP Mayo 2026\SynologyDrive\CT_14\101EK113\01180071.JPG,C:\Users\USUARIO\Desktop\BP Mayo 2026\SynologyDrive\CT_14\01180071.JPG,moved
CT_14,C:\Users\USUARIO\Desktop\BP Mayo 2026\SynologyDrive\CT_14\101EK113\01180072.JPG,C:\Users\USUARIO\Desktop\BP Mayo 2026\SynologyDrive\CT_14\01180072.JPG,moved
CT_14,C:\Users\USUARIO\Desktop\BP Mayo 2026\SynologyDrive\CT_14\101EK113\01180073.JPG,C:\Users\USUARIO\Desktop\BP Mayo 2026\SynologyDrive\CT_14\01180073.JPG,moved
CT_14,C:\Users\USUARIO\Desktop\BP Mayo 2026\SynologyDrive\CT_14\101EK113\01180074.JPG,C:\Users\USUARIO\Desktop\BP Mayo 2026\SynologyDrive\CT_14\01180074.JPG,moved
CT_14,C:\Users\USUARIO\Desktop\BP Mayo 2026\SynologyDrive\CT_14\101EK113\01180075.JPG,C:\Users\USUARIO\Desktop\BP Mayo 2026\SynologyDrive\CT_14\01180075.JPG,moved
CT_14,C:\Users\USUARIO\Desktop\BP Mayo 2026\SynologyDrive\CT_14\101EK113\01180076.JPG,C:\Users\USUARIO\Desktop\BP Mayo 2026\SynologyDrive\CT_14\01180076.JPG,moved
CT_14,C:\Users\USUARIO\Desktop\BP Mayo 2026\SynologyDrive\CT_14\101EK113\01180077.JPG,C:\Users\USUARIO\Desktop\BP Mayo 2026\SynologyDrive\CT_14\01180077.JPG,moved
CT_14,C:\Users\USUARIO\Desktop\BP Mayo 2026\SynologyDrive\CT_14\101EK113\01180078.JPG,C:\Users\USUARIO\Desktop\BP Mayo 2026\SynologyDrive\CT_14\01180078.JPG,moved
CT_14,C:\Users\USUARIO\Desktop\BP Mayo 2026\SynologyDrive\CT_14\101EK113\01180079.JPG,C:\Users\USUARIO\Desktop\BP Mayo 2026\SynologyDrive\CT_14\01180079.JPG,moved
CT_14,C:\Users\USUARIO\Desktop\BP Mayo 2026\SynologyDrive\CT_14\101EK113\01180080.JPG,C:\Users\USUARIO\Desktop\BP Mayo 2026\SynologyDrive\CT_14\01180080.JPG,moved
CT_14,C:\Users\USUARIO\Desktop\BP Mayo 2026\SynologyDrive\CT_14\101EK113\01180081.JPG,C:\Users\USUARIO\Desktop\BP Mayo 2026\SynologyDrive\CT_14\01180081.JPG,moved
CT_14,C:\Users\USUARIO\Desktop\BP Mayo 2026\SynologyDrive\CT_14\101EK113\01180082.JPG,C:\Users\USUARIO\Desktop\BP Mayo 2026\SynologyDrive\CT_14\01180082.JPG,moved
CT_14,C:\Users\USUARIO\Desktop\BP Mayo 2026\SynologyDrive\CT_14\101EK113\01180083.JPG,C:\Users\USUARIO\Desktop\BP Mayo 2026\SynologyDrive\CT_14\01180083.JPG,moved
CT_14,C:\Users\USUARIO\Desktop\BP Mayo 2026\SynologyDrive\CT_14\101EK113\01180084.JPG,C:\Users\USUARIO\Desktop\BP Mayo 2026\SynologyDrive\CT_14\01180084.JPG,moved
CT_14,C:\Users\USUARIO\Desktop\BP Mayo 2026\SynologyDrive\CT_14\101EK113\01180085.JPG,C:\Users\USUARIO\Desktop\BP Mayo 2026\SynologyDrive\CT_14\01180085.JPG,moved
CT_14,C:\Users\USUARIO\Desktop\BP Mayo 2026\SynologyDrive\CT_14\101EK113\01180086.JPG,C:\Users\USUARIO\Desktop\BP Mayo 2026\SynologyDrive\CT_14\01180086.JPG,moved
CT_14,C:\Users\USUARIO\Desktop\BP Mayo 2026\SynologyDrive\CT_14\101EK113\01180087.JPG,C:\Users\USUARIO\Desktop\BP Mayo 2026\SynologyDrive\CT_14\01180087.JPG,moved
CT_14,C:\Users\USUARIO\Desktop\BP Mayo 2026\SynologyDrive\CT_14\101EK113\01180088.JPG,C:\Users\USUARIO\Desktop\BP Mayo 2026\SynologyDrive\CT_14\01180088.JPG,moved
CT_14,C:\Users\USUARIO\Desktop\BP Mayo 2026\SynologyDrive\CT_14\101EK113\01180089.JPG,C:\Users\USUARIO\Desktop\BP Mayo 2026\SynologyDrive\CT_14\01180089.JPG,moved
CT_14,C:\Users\USUARIO\Desktop\BP Mayo 2026\SynologyDrive\CT_14\101EK113\01180090.JPG,C:\Users\USUARIO\Desktop\BP Mayo 2026\SynologyDrive\CT_14\01180090.JPG,moved
CT_14,C:\Users\USUARIO\Desktop\BP Mayo 2026\SynologyDrive\CT_14\101EK113\01180091.JPG,C:\Users\USUARIO\Desktop\BP Mayo 2026\SynologyDrive\CT_14\01180091.JPG,moved
CT_14,C:\Users\USUARIO\Desktop\BP Mayo 2026\SynologyDrive\CT_14\101EK113\01180092.JPG,C:\Users\USUARIO\Desktop\BP Mayo 2026\SynologyDrive\CT_14\01180092.JPG,moved
CT_14,C:\Users\USUARIO\Desktop\BP Mayo 2026\SynologyDrive\CT_14\101EK113\01180093.JPG,C:\Users\USUARIO\Desktop\BP Mayo 2026\SynologyDrive\CT_14\01180093.JPG,moved
CT_14,C:\Users\USUARIO\Desktop\BP Mayo 2026\SynologyDrive\CT_14\101EK113\01180094.JPG,C:\Users\USUARIO\Desktop\BP Mayo 2026\SynologyDrive\CT_14\01180094.JPG,moved
CT_14,C:\Users\USUARIO\Desktop\BP Mayo 2026\SynologyDrive\CT_14\101EK113\01180095.JPG,C:\Users\USUARIO\Desktop\BP Mayo 2026\SynologyDrive\CT_14\01180095.JPG,moved
CT_14,C:\Users\USUARIO\Desktop\BP Mayo 2026\SynologyDrive\CT_14\101EK113\01180096.JPG,C:\Users\USUARIO\Desktop\BP Mayo 2026\SynologyDrive\CT_14\01180096.JPG,moved
CT_14,C:\Users\USUARIO\Desktop\BP Mayo 2026\SynologyDrive\CT_14\101EK113\01180097.JPG,C:\Users\USUARIO\Desktop\BP Mayo 2026\SynologyDrive\CT_14\01180097.JPG,moved
CT_14,C:\Users\USUARIO\Desktop\BP Mayo 2026\SynologyDrive\CT_14\101EK113\01180098.JPG,C:\Users\USUARIO\Desktop\BP Mayo 2026\SynologyDrive\CT_14\01180098.JPG,moved
CT_14,C:\Users\USUARIO\Desktop\BP Mayo 2026\SynologyDrive\CT_14\101EK113\01180099.JPG,C:\Users\USUARIO\Desktop\BP Mayo 2026\SynologyDrive\CT_14\01180099.JPG,moved
CT_14,C:\Users\USUARIO\Desktop\BP Mayo 2026\SynologyDrive\CT_14\101EK113\01180100.JPG,C:\Users\USUARIO\Desktop\BP Mayo 2026\SynologyDrive\CT_14\01180100.JPG,moved
CT_14,C:\Users\USUARIO\Desktop\BP Mayo 2026\SynologyDrive\CT_14\101EK113\01180101.JPG,C:\Users\USUARIO\Desktop\BP Mayo 2026\SynologyDrive\CT_14\01180101.JPG,moved
CT_14,C:\Users\USUARIO\Desktop\BP Mayo 2026\SynologyDrive\CT_14\101EK113\01180102.JPG,C:\Users\USUARIO\Desktop\BP Mayo 2026\SynologyDrive\CT_14\01180102.JPG,moved
CT_14,C:\Users\USUARIO\Desktop\BP Mayo 2026\SynologyDrive\CT_14\101EK113\01180103.JPG,C:\Users\USUARIO\Desktop\BP Mayo 2026\SynologyDrive\CT_14\01180103.JPG,moved
CT_14,C:\Users\USUARIO\Desktop\BP Mayo 2026\SynologyDrive\CT_14\101EK113\01180104.JPG,C:\Users\USUARIO\Desktop\BP Mayo 2026\SynologyDrive\CT_14\01180104.JPG,moved
CT_14,C:\Users\USUARIO\Desktop\BP Mayo 2026\SynologyDrive\CT_14\101EK113\01180105.JPG,C:\Users\USUARIO\Desktop\BP Mayo 2026\SynologyDrive\CT_14\01180105.JPG,moved
CT_14,C:\Users\USUARIO\Desktop\BP Mayo 2026\SynologyDrive\CT_14\101EK113\01180106.JPG,C:\Users\USUARIO\Desktop\BP Mayo 2026\SynologyDrive\CT_14\01180106.JPG,moved
CT_14,C:\Users\USUARIO\Desktop\BP Mayo 2026\SynologyDrive\CT_14\101EK113\01180107.JPG,C:\Users\USUARIO\Desktop\BP Mayo 2026\SynologyDrive\CT_14\01180107.JPG,moved
CT_14,C:\Users\USUARIO\Desktop\BP Mayo 2026\SynologyDrive\CT_14\101EK113\01180108.JPG,C:\Users\USUARIO\Desktop\BP Mayo 2026\SynologyDrive\CT_14\01180108.JPG,moved
CT_14,C:\Users\USUARIO\Desktop\BP Mayo 2026\SynologyDrive\CT_14\101EK113\01180109.JPG,C:\Users\USUARIO\Desktop\BP Mayo 2026\SynologyDrive\CT_14\01180109.JPG,moved
CT_14,C:\Users\USUARIO\Desktop\BP Mayo 2026\SynologyDrive\CT_14\101EK113\01180110.JPG,C:\Users\USUARIO\Desktop\BP Mayo 2026\SynologyDrive\CT_14\01180110.JPG,moved
CT_14,C:\Users\USUARIO\Desktop\BP Mayo 2026\SynologyDrive\CT_14\101EK113\01180111.JPG,C:\Users\USUARIO\Desktop\BP Mayo 2026\SynologyDrive\CT_14\01180111.JPG,moved
CT_14,C:\Users\USUARIO\Desktop\BP Mayo 2026\SynologyDrive\CT_14\101EK113\01180112.JPG,C:\Users\USUARIO\Desktop\BP Mayo 2026\SynologyDrive\CT_14\01180112.JPG,moved
CT_14,C:\Users\USUARIO\Desktop\BP Mayo 2026\SynologyDrive\CT_14\101EK113\01180113.JPG,C:\Users\USUARIO\Desktop\BP Mayo 2026\SynologyDrive\CT_14\01180113.JPG,moved
CT_14,C:\Users\USUARIO\Desktop\BP Mayo 2026\SynologyDrive\CT_14\101EK113\01180114.JPG,C:\Users\USUARIO\Desktop\BP Mayo 2026\SynologyDrive\CT_14\01180114.JPG,moved
CT_14,C:\Users\USUARIO\Desktop\BP Mayo 2026\SynologyDrive\CT_14\101EK113\01180115.JPG,C:\Users\USUARIO\Desktop\BP Mayo 2026\SynologyDrive\CT_14\01180115.JPG,moved
CT_14,C:\Users\USUARIO\Desktop\BP Mayo 2026\SynologyDrive\CT_14\101EK113\01180116.JPG,C:\Users\USUARIO\Desktop\BP Mayo 2026\SynologyDrive\CT_14\01180116.JPG,moved
CT_14,C:\Users\USUARIO\Desktop\BP Mayo 2026\SynologyDrive\CT_14\101EK113\01180117.JPG,C:\Users\USUARIO\Desktop\BP Mayo 2026\SynologyDrive\CT_14\01180117.JPG,moved
CT_14,C:\Users\USUARIO\Desktop\BP Mayo 2026\SynologyDrive\CT_14\101EK113\01180118.JPG,C:\Users\USUARIO\Desktop\BP Mayo 2026\SynologyDrive\CT_14\01180118.JPG,moved
CT_14,C:\Users\USUARIO\Desktop\BP Mayo 2026\SynologyDrive\CT_14\101EK113\01180119.JPG,C:\Users\USUARIO\Desktop\BP Mayo 2026\SynologyDrive\CT_14\01180119.JPG,moved
CT_14,C:\Users\USUARIO\Desktop\BP Mayo 2026\SynologyDrive\CT_14\101EK113\01180120.JPG,C:\Users\USUARIO\Desktop\BP Mayo 2026\SynologyDrive\CT_14\01180120.JPG,moved
CT_14,C:\Users\USUARIO\Desktop\BP Mayo 2026\SynologyDrive\CT_14\101EK113\01180121.JPG,C:\Users\USUARIO\Desktop\BP Mayo 2026\SynologyDrive\CT_14\01180121.JPG,moved
CT_14,C:\Users\USUARIO\Desktop\BP Mayo 2026\SynologyDrive\CT_14\101EK113\01180122.JPG,C:\Users\USUARIO\Desktop\BP Mayo 2026\SynologyDrive\CT_14\01180122.JPG,moved
CT_14,C:\Users\USUARIO\Desktop\BP Mayo 2026\SynologyDrive\CT_14\101EK113\01180123.JPG,C:\Users\USUARIO\Desktop\BP Mayo 2026\SynologyDrive\CT_14\01180123.JPG,moved
CT_14,C:\Users\USUARIO\Desktop\BP Mayo 2026\SynologyDrive\CT_14\101EK113\01180124.JPG,C:\Users\USUARIO\Desktop\BP Mayo 2026\SynologyDrive\CT_14\01180124.JPG,moved
CT_14,C:\Users\USUARIO\Desktop\BP Mayo 2026\SynologyDrive\CT_14\101EK113\01180125.JPG,C:\Users\USUARIO\Desktop\BP Mayo 2026\SynologyDrive\CT_14\01180125.JPG,moved
CT_14,C:\Users\USUARIO\Desktop\BP Mayo 2026\SynologyDrive\CT_14\101EK113\01180126.JPG,C:\Users\USUARIO\Desktop\BP Mayo 2026\SynologyDrive\CT_14\01180126.JPG,moved
CT_14,C:\Users\USUARIO\Desktop\BP Mayo 2026\SynologyDrive\CT_14\101EK113\01180127.JPG,C:\Users\USUARIO\Desktop\BP Mayo 2026\SynologyDrive\CT_14\01180127.JPG,moved
CT_14,C:\Users\USUARIO\Desktop\BP Mayo 2026\SynologyDrive\CT_14\101EK113\01180128.JPG,C:\Users\USUARIO\Desktop\BP Mayo 2026\SynologyDrive\CT_14\01180128.JPG,moved
CT_14,C:\Users\USUARIO\Desktop\BP Mayo 2026\SynologyDrive\CT_14\101EK113\01180129.JPG,C:\Users\USUARIO\Desktop\BP Mayo 2026\SynologyDrive\CT_14\01180129.JPG,moved
CT_14,C:\Users\USUARIO\Desktop\BP Mayo 2026\SynologyDrive\CT_14\101EK113\01180130.JPG,C:\Users\USUARIO\Desktop\BP Mayo 2026\SynologyDrive\CT_14\01180130.JPG,moved
CT_14,C:\Users\USUARIO\Desktop\BP Mayo 2026\SynologyDrive\CT_14\101EK113\01180131.JPG,C:\Users\USUARIO\Desktop\BP Mayo 2026\SynologyDrive\CT_14\01180131.JPG,moved
CT_14,C:\Users\USUARIO\Desktop\BP Mayo 2026\SynologyDrive\CT_14\101EK113\01180132.JPG,C:\Users\USUARIO\Desktop\BP Mayo 2026\SynologyDrive\CT_14\01180132.JPG,moved
CT_14,C:\Users\USUARIO\Desktop\BP Mayo 2026\SynologyDrive\CT_14\101EK113\01180133.JPG,C:\Users\USUARIO\Desktop\BP Mayo 2026\SynologyDrive\CT_14\01180133.JPG,moved
CT_14,C:\Users\USUARIO\Desktop\BP Mayo 2026\SynologyDrive\CT_14\101EK113\01180134.JPG,C:\Users\USUARIO\Desktop\BP Mayo 2026\SynologyDrive\CT_14\01180134.JPG,moved
CT_14,C:\Users\USUARIO\Desktop\BP Mayo 2026\SynologyDrive\CT_14\101EK113\01180135.JPG,C:\Users\USUARIO\Desktop\BP Mayo 2026\SynologyDrive\CT_14\01180135.JPG,moved
CT_14,C:\Users\USUARIO\Desktop\BP Mayo 2026\SynologyDrive\CT_14\101EK113\01180136.JPG,C:\Users\USUARIO\Desktop\BP Mayo 2026\SynologyDrive\CT_14\01180136.JPG,moved
CT_14,C:\Users\USUARIO\Desktop\BP Mayo 2026\SynologyDrive\CT_14\101EK113\01180137.JPG,C:\Users\USUARIO\Desktop\BP Mayo 2026\SynologyDrive\CT_14\01180137.JPG,moved
CT_14,C:\Users\USUARIO\Desktop\BP Mayo 2026\SynologyDrive\CT_14\101EK113\01180138.JPG,C:\Users\USUARIO\Desktop\BP Mayo 2026\SynologyDrive\CT_14\01180138.JPG,moved
CT_14,C:\Users\USUARIO\Desktop\BP Mayo 2026\SynologyDrive\CT_14\101EK113\01180139.JPG,C:\Users\USUARIO\Desktop\BP Mayo 2026\SynologyDrive\CT_14\01180139.JPG,moved
CT_14,C:\Users\USUARIO\Desktop\BP Mayo 2026\SynologyDrive\CT_14\101EK113\01180140.JPG,C:\Users\USUARIO\Desktop\BP Mayo 2026\SynologyDrive\CT_14\01180140.JPG,moved
CT_14,C:\Users\USUARIO\Desktop\BP Mayo 2026\SynologyDrive\CT_14\101EK113\01180141.JPG,C:\Users\USUARIO\Desktop\BP Mayo 2026\SynologyDrive\CT_14\01180141.JPG,moved
CT_14,C:\Users\USUARIO\Desktop\BP Mayo 2026\SynologyDrive\CT_14\101EK113\01180142.JPG,C:\Users\USUARIO\Desktop\BP Mayo 2026\SynologyDrive\CT_14\01180142.JPG,moved
CT_14,C:\Users\USUARIO\Desktop\BP Mayo 2026\SynologyDrive\CT_14\101EK113\01180143.JPG,C:\Users\USUARIO\Desktop\BP Mayo 2026\SynologyDrive\CT_14\01180143.JPG,moved
CT_14,C:\Users\USUARIO\Desktop\BP Mayo 2026\SynologyDrive\CT_14\101EK113\01180144.JPG,C:\Users\USUARIO\Desktop\BP Mayo 2026\SynologyDrive\CT_14\01180144.JPG,moved
CT_14,C:\Users\USUARIO\Desktop\BP Mayo 2026\SynologyDrive\CT_14\101EK113\01180145.JPG,C:\Users\USUARIO\Desktop\BP Mayo 2026\SynologyDrive\CT_14\01180145.JPG,moved
CT_14,C:\Users\USUARIO\Desktop\BP Mayo 2026\SynologyDrive\CT_14\101EK113\01180146.JPG,C:\Users\USUARIO\Desktop\BP Mayo 2026\SynologyDrive\CT_14\01180146.JPG,moved
CT_14,C:\Users\USUARIO\Desktop\BP Mayo 2026\SynologyDrive\CT_14\101EK113\01180147.JPG,C:\Users\USUARIO\Desktop\BP Mayo 2026\SynologyDrive\CT_14\01180147.JPG,moved
CT_14,C:\Users\USUARIO\Desktop\BP Mayo 2026\SynologyDrive\CT_14\101EK113\01180148.JPG,C:\Users\USUARIO\Desktop\BP Mayo 2026\SynologyDrive\CT_14\01180148.JPG,moved
CT_14,C:\Users\USUARIO\Desktop\BP Mayo 2026\SynologyDrive\CT_14\101EK113\01180149.JPG,C:\Users\USUARIO\Desktop\BP Mayo 2026\SynologyDrive\CT_14\01180149.JPG,moved
CT_14,C:\Users\USUARIO\Desktop\BP Mayo 2026\SynologyDrive\CT_14\101EK113\01180150.JPG,C:\Users\USUARIO\Desktop\BP Mayo 2026\SynologyDrive\CT_14\01180150.JPG,moved
CT_14,C:\Users\USUARIO\Desktop\BP Mayo 2026\SynologyDrive\CT_14\101EK113\01180151.JPG,C:\Users\USUARIO\Desktop\BP Mayo 2026\SynologyDrive\CT_14\01180151.JPG,moved
CT_14,C:\Users\USUARIO\Desktop\BP Mayo 2026\SynologyDrive\CT_14\101EK113\01180152.JPG,C:\Users\USUARIO\Desktop\BP Mayo 2026\SynologyDrive\CT_14\01180152.JPG,moved
CT_14,C:\Users\USUARIO\Desktop\BP Mayo 2026\SynologyDrive\CT_14\101EK113\01180153.JPG,C:\Users\USUARIO\Desktop\BP Mayo 2026\SynologyDrive\CT_14\01180153.JPG,moved
CT_14,C:\Users\USUARIO\Desktop\BP Mayo 2026\SynologyDrive\CT_14\101EK113\01180154.JPG,C:\Users\USUARIO\Desktop\BP Mayo 2026\SynologyDrive\CT_14\01180154.JPG,moved
CT_14,C:\Users\USUARIO\Desktop\BP Mayo 2026\SynologyDrive\CT_14\101EK113\01180155.JPG,C:\Users\USUARIO\Desktop\BP Mayo 2026\SynologyDrive\CT_14\01180155.JPG,moved
CT_14,C:\Users\USUARIO\Desktop\BP Mayo 2026\SynologyDrive\CT_14\101EK113\01180156.JPG,C:\Users\USUARIO\Desktop\BP Mayo 2026\SynologyDrive\CT_14\01180156.JPG,moved
CT_14,C:\Users\USUARIO\Desktop\BP Mayo 2026\SynologyDrive\CT_14\101EK113\01180157.JPG,C:\Users\USUARIO\Desktop\BP Mayo 2026\SynologyDrive\CT_14\01180157.JPG,moved
CT_14,C:\Users\USUARIO\Desktop\BP Mayo 2026\SynologyDrive\CT_14\101EK113\01180158.JPG,C:\Users\USUARIO\Desktop\BP Mayo 2026\SynologyDrive\CT_14\01180158.JPG,moved
CT_14,C:\Users\USUARIO\Desktop\BP Mayo 2026\SynologyDrive\CT_14\101EK113\01180159.JPG,C:\Users\USUARIO\Desktop\BP Mayo 2026\SynologyDrive\CT_14\01180159.JPG,moved
CT_14,C:\Users\USUARIO\Desktop\BP Mayo 2026\SynologyDrive\CT_14\101EK113\01180160.JPG,C:\Users\USUARIO\Desktop\BP Mayo 2026\SynologyDrive\CT_14\01180160.JPG,moved
CT_14,C:\Users\USUARIO\Desktop\BP Mayo 2026\SynologyDrive\CT_14\101EK113\01180161.JPG,C:\Users\USUARIO\Desktop\BP Mayo 2026\SynologyDrive\CT_14\01180161.JPG,moved
CT_14,C:\Users\USUARIO\Desktop\BP Mayo 2026\SynologyDrive\CT_14\101EK113\01180162.JPG,C:\Users\USUARIO\Desktop\BP Mayo 2026\SynologyDrive\CT_14\01180162.JPG,moved
CT_14,C:\Users\USUARIO\Desktop\BP Mayo 2026\SynologyDrive\CT_14\101EK113\01180163.JPG,C:\Users\USUARIO\Desktop\BP Mayo 2026\SynologyDrive\CT_14\01180163.JPG,moved
CT_14,C:\Users\USUARIO\Desktop\BP Mayo 2026\SynologyDrive\CT_14\101EK113\01180164.JPG,C:\Users\USUARIO\Desktop\BP Mayo 2026\SynologyDrive\CT_14\01180164.JPG,moved
CT_14,C:\Users\USUARIO\Desktop\BP Mayo 2026\SynologyDrive\CT_14\101EK113\01180165.JPG,C:\Users\USUARIO\Desktop\BP Mayo 2026\SynologyDrive\CT_14\01180165.JPG,moved
CT_14,C:\Users\USUARIO\Desktop\BP Mayo 2026\SynologyDrive\CT_14\101EK113\01180166.JPG,C:\Users\USUARIO\Desktop\BP Mayo 2026\SynologyDrive\CT_14\01180166.JPG,moved
CT_14,C:\Users\USUARIO\Desktop\BP Mayo 2026\SynologyDrive\CT_14\101EK113\01180167.JPG,C:\Users\USUARIO\Desktop\BP Mayo 2026\SynologyDrive\CT_14\01180167.JPG,moved
CT_14,C:\Users\USUARIO\Desktop\BP Mayo 2026\SynologyDrive\CT_14\101EK113\01180168.JPG,C:\Users\USUARIO\Desktop\BP Mayo 2026\SynologyDrive\CT_14\01180168.JPG,moved
CT_14,C:\Users\USUARIO\Desktop\BP Mayo 2026\SynologyDrive\CT_14\101EK113\01180169.JPG,C:\Users\USUARIO\Desktop\BP Mayo 2026\SynologyDrive\CT_14\01180169.JPG,moved
CT_14,C:\Users\USUARIO\Desktop\BP Mayo 2026\SynologyDrive\CT_14\101EK113\01180170.JPG,C:\Users\USUARIO\Desktop\BP Mayo 2026\SynologyDrive\CT_14\01180170.JPG,moved
CT_14,C:\Users\USUARIO\Desktop\BP Mayo 2026\SynologyDrive\CT_14\101EK113\01180171.JPG,C:\Users\USUARIO\Desktop\BP Mayo 2026\SynologyDrive\CT_14\01180171.JPG,moved
CT_14,C:\Users\USUARIO\Desktop\BP Mayo 2026\SynologyDrive\CT_14\101EK113\01180172.JPG,C:\Users\USUARIO\Desktop\BP Mayo 2026\SynologyDrive\CT_14\01180172.JPG,moved
CT_14,C:\Users\USUARIO\Desktop\BP Mayo 2026\SynologyDrive\CT_14\101EK113\01180173.JPG,C:\Users\USUARIO\Desktop\BP Mayo 2026\SynologyDrive\CT_14\01180173.JPG,moved
CT_14,C:\Users\USUARIO\Desktop\BP Mayo 2026\SynologyDrive\CT_14\101EK113\01180174.JPG,C:\Users\USUARIO\Desktop\BP Mayo 2026\SynologyDrive\CT_14\01180174.JPG,moved
CT_14,C:\Users\USUARIO\Desktop\BP Mayo 2026\SynologyDrive\CT_14\101EK113\01180175.JPG,C:\Users\USUARIO\Desktop\BP Mayo 2026\SynologyDrive\CT_14\01180175.JPG,moved
CT_14,C:\Users\USUARIO\Desktop\BP Mayo 2026\SynologyDrive\CT_14\101EK113\01180176.JPG,C:\Users\USUARIO\Desktop\BP Mayo 2026\SynologyDrive\CT_14\01180176.JPG,moved
CT_14,C:\Users\USUARIO\Desktop\BP Mayo 2026\SynologyDrive\CT_14\101EK113\01180177.JPG,C:\Users\USUARIO\Desktop\BP Mayo 2026\SynologyDrive\CT_14\01180177.JPG,moved
CT_14,C:\Users\USUARIO\Desktop\BP Mayo 2026\SynologyDrive\CT_14\101EK113\01180178.JPG,C:\Users\USUARIO\Desktop\BP Mayo 2026\SynologyDrive\CT_14\01180178.JPG,moved
CT_14,C:\Users\USUARIO\Desktop\BP Mayo 2026\SynologyDrive\CT_14\101EK113\01180179.JPG,C:\Users\USUARIO\Desktop\BP Mayo 2026\SynologyDrive\CT_14\01180179.JPG,moved
CT_14,C:\Users\USUARIO\Desktop\BP Mayo 2026\SynologyDrive\CT_14\101EK113\01180180.JPG,C:\Users\USUARIO\Desktop\BP Mayo 2026\SynologyDrive\CT_14\01180180.JPG,moved
CT_14,C:\Users\USUARIO\Desktop\BP Mayo 2026\SynologyDrive\CT_14\101EK113\01180181.JPG,C:\Users\USUARIO\Desktop\BP Mayo 2026\SynologyDrive\CT_14\01180181.JPG,moved
CT_14,C:\Users\USUARIO\Desktop\BP Mayo 2026\SynologyDrive\CT_14\101EK113\01180182.JPG,C:\Users\USUARIO\Desktop\BP Mayo 2026\SynologyDrive\CT_14\01180182.JPG,moved
CT_14,C:\Users\USUARIO\Desktop\BP Mayo 2026\SynologyDrive\CT_14\101EK113\01180183.JPG,C:\Users\USUARIO\Desktop\BP Mayo 2026\SynologyDrive\CT_14\01180183.JPG,moved
CT_14,C:\Users\USUARIO\Desktop\BP Mayo 2026\SynologyDrive\CT_14\101EK113\01180184.JPG,C:\Users\USUARIO\Desktop\BP Mayo 2026\SynologyDrive\CT_14\01180184.JPG,moved
CT_14,C:\Users\USUARIO\Desktop\BP Mayo 2026\SynologyDrive\CT_14\101EK113\01180185.JPG,C:\Users\USUARIO\Desktop\BP Mayo 2026\SynologyDrive\CT_14\01180185.JPG,moved
CT_14,C:\Users\USUARIO\Desktop\BP Mayo 2026\SynologyDrive\CT_14\101EK113\01180186.JPG,C:\Users\USUARIO\Desktop\BP Mayo 2026\SynologyDrive\CT_14\01180186.JPG,moved
CT_14,C:\Users\USUARIO\Desktop\BP Mayo 2026\SynologyDrive\CT_14\101EK113\01180187.JPG,C:\Users\USUARIO\Desktop\BP Mayo 2026\SynologyDrive\CT_14\01180187.JPG,moved
CT_14,C:\Users\USUARIO\Desktop\BP Mayo 2026\SynologyDrive\CT_14\101EK113\01180188.JPG,C:\Users\USUARIO\Desktop\BP Mayo 2026\SynologyDrive\CT_14\01180188.JPG,moved
CT_14,C:\Users\USUARIO\Desktop\BP Mayo 2026\SynologyDrive\CT_14\101EK113\01180189.JPG,C:\Users\USUARIO\Desktop\BP Mayo 2026\SynologyDrive\CT_14\01180189.JPG,moved
CT_14,C:\Users\USUARIO\Desktop\BP Mayo 2026\SynologyDrive\CT_14\101EK113\01180190.JPG,C:\Users\USUARIO\Desktop\BP Mayo 2026\SynologyDrive\CT_14\01180190.JPG,moved
CT_14,C:\Users\USUARIO\Desktop\BP Mayo 2026\SynologyDrive\CT_14\101EK113\01180191.JPG,C:\Users\USUARIO\Desktop\BP Mayo 2026\SynologyDrive\CT_14\01180191.JPG,moved
CT_14,C:\Users\USUARIO\Desktop\BP Mayo 2026\SynologyDrive\CT_14\101EK113\01180192.JPG,C:\Users\USUARIO\Desktop\BP Mayo 2026\SynologyDrive\CT_14\01180192.JPG,moved
CT_14,C:\Users\USUARIO\Desktop\BP Mayo 2026\SynologyDrive\CT_14\101EK113\01180193.JPG,C:\Users\USUARIO\Desktop\BP Mayo 2026\SynologyDrive\CT_14\01180193.JPG,moved
CT_14,C:\Users\USUARIO\Desktop\BP Mayo 2026\SynologyDrive\CT_14\101EK113\01180194.JPG,C:\Users\USUARIO\Desktop\BP Mayo 2026\SynologyDrive\CT_14\01180194.JPG,moved
CT_14,C:\Users\USUARIO\Desktop\BP Mayo 2026\SynologyDrive\CT_14\101EK113\01180195.JPG,C:\Users\USUARIO\Desktop\BP Mayo 2026\SynologyDrive\CT_14\01180195.JPG,moved
CT_14,C:\Users\USUARIO\Desktop\BP Mayo 2026\SynologyDrive\CT_14\101EK113\01180196.JPG,C:\Users\USUARIO\Desktop\BP Mayo 2026\SynologyDrive\CT_14\01180196.JPG,moved
CT_14,C:\Users\USUARIO\Desktop\BP Mayo 2026\SynologyDrive\CT_14\101EK113\01180197.JPG,C:\Users\USUARIO\Desktop\BP Mayo 2026\SynologyDrive\CT_14\01180197.JPG,moved
CT_14,C:\Users\USUARIO\Desktop\BP Mayo 2026\SynologyDrive\CT_14\101EK113\01180198.JPG,C:\Users\USUARIO\Desktop\BP Mayo 2026\SynologyDrive\CT_14\01180198.JPG,moved
CT_14,C:\Users\USUARIO\Desktop\BP Mayo 2026\SynologyDrive\CT_14\101EK113\01180199.JPG,C:\Users\USUARIO\Desktop\BP Mayo 2026\SynologyDrive\CT_14\01180199.JPG,moved
CT_14,C:\Users\USUARIO\Desktop\BP Mayo 2026\SynologyDrive\CT_14\101EK113\01180200.JPG,C:\Users\USUARIO\Desktop\BP Mayo 2026\SynologyDrive\CT_14\01180200.JPG,moved
CT_14,C:\Users\USUARIO\Desktop\BP Mayo 2026\SynologyDrive\CT_14\101EK113\01180201.JPG,C:\Users\USUARIO\Desktop\BP Mayo 2026\SynologyDrive\CT_14\01180201.JPG,moved
CT_14,C:\Users\USUARIO\Desktop\BP Mayo 2026\SynologyDrive\CT_14\101EK113\01180202.JPG,C:\Users\USUARIO\Desktop\BP Mayo 2026\SynologyDrive\CT_14\01180202.JPG,moved
CT_14,C:\Users\USUARIO\Desktop\BP Mayo 2026\SynologyDrive\CT_14\101EK113\01180203.JPG,C:\Users\USUARIO\Desktop\BP Mayo 2026\SynologyDrive\CT_14\01180203.JPG,moved
CT_14,C:\Users\USUARIO\Desktop\BP Mayo 2026\SynologyDrive\CT_14\101EK113\01180204.JPG,C:\Users\USUARIO\Desktop\BP Mayo 2026\SynologyDrive\CT_14\01180204.JPG,moved
CT_14,C:\Users\USUARIO\Desktop\BP Mayo 2026\SynologyDrive\CT_14\101EK113\01180205.JPG,C:\Users\USUARIO\Desktop\BP Mayo 2026\SynologyDrive\CT_14\01180205.JPG,moved
CT_14,C:\Users\USUARIO\Desktop\BP Mayo 2026\SynologyDrive\CT_14\101EK113\01180206.JPG,C:\Users\USUARIO\Desktop\BP Mayo 2026\SynologyDrive\CT_14\01180206.JPG,moved
CT_14,C:\Users\USUARIO\Desktop\BP Mayo 2026\SynologyDrive\CT_14\101EK113\01180207.JPG,C:\Users\USUARIO\Desktop\BP Mayo 2026\SynologyDrive\CT_14\01180207.JPG,moved
CT_14,C:\Users\USUARIO\Desktop\BP Mayo 2026\SynologyDrive\CT_14\101EK113\01180208.JPG,C:\Users\USUARIO\Desktop\BP Mayo 2026\SynologyDrive\CT_14\01180208.JPG,moved
CT_14,C:\Users\USUARIO\Desktop\BP Mayo 2026\SynologyDrive\CT_14\101EK113\01180209.JPG,C:\Users\USUARIO\Desktop\BP Mayo 2026\SynologyDrive\CT_14\01180209.JPG,moved
CT_14,C:\Users\USUARIO\Desktop\BP Mayo 2026\SynologyDrive\CT_14\101EK113\01180210.JPG,C:\Users\USUARIO\Desktop\BP Mayo 2026\SynologyDrive\CT_14\01180210.JPG,moved
CT_14,C:\Users\USUARIO\Desktop\BP Mayo 2026\SynologyDrive\CT_14\101EK113\01180211.JPG,C:\Users\USUARIO\Desktop\BP Mayo 2026\SynologyDrive\CT_14\01180211.JPG,moved
CT_14,C:\Users\USUARIO\Desktop\BP Mayo 2026\SynologyDrive\CT_14\101EK113\01180212.JPG,C:\Users\USUARIO\Desktop\BP Mayo 2026\SynologyDrive\CT_14\01180212.JPG,moved
CT_14,C:\Users\USUARIO\Desktop\BP Mayo 2026\SynologyDrive\CT_14\101EK113\01180213.JPG,C:\Users\USUARIO\Desktop\BP Mayo 2026\SynologyDrive\CT_14\01180213.JPG,moved
CT_14,C:\Users\USUARIO\Desktop\BP Mayo 2026\SynologyDrive\CT_14\101EK113\01180214.JPG,C:\Users\USUARIO\Desktop\BP Mayo 2026\SynologyDrive\CT_14\01180214.JPG,moved
CT_14,C:\Users\USUARIO\Desktop\BP Mayo 2026\SynologyDrive\CT_14\101EK113\01180215.JPG,C:\Users\USUARIO\Desktop\BP Mayo 2026\SynologyDrive\CT_14\01180215.JPG,moved
CT_14,C:\Users\USUARIO\Desktop\BP Mayo 2026\SynologyDrive\CT_14\101EK113\01180216.JPG,C:\Users\USUARIO\Desktop\BP Mayo 2026\SynologyDrive\CT_14\01180216.JPG,moved
CT_14,C:\Users\USUARIO\Desktop\BP Mayo 2026\SynologyDrive\CT_14\101EK113\01180217.JPG,C:\Users\USUARIO\Desktop\BP Mayo 2026\SynologyDrive\CT_14\01180217.JPG,moved
CT_14,C:\Users\USUARIO\Desktop\BP Mayo 2026\SynologyDrive\CT_14\101EK113\01180218.JPG,C:\Users\USUARIO\Desktop\BP Mayo 2026\SynologyDrive\CT_14\01180218.JPG,moved
CT_14,C:\Users\USUARIO\Desktop\BP Mayo 2026\SynologyDrive\CT_14\101EK113\01180219.JPG,C:\Users\USUARIO\Desktop\BP Mayo 2026\SynologyDrive\CT_14\01180219.JPG,moved
CT_14,C:\Users\USUARIO\Desktop\BP Mayo 2026\SynologyDrive\CT_14\101EK113\01180220.JPG,C:\Users\USUARIO\Desktop\BP Mayo 2026\SynologyDrive\CT_14\01180220.JPG,moved
CT_14,C:\Users\USUARIO\Desktop\BP Mayo 2026\SynologyDrive\CT_14\101EK113\01180221.JPG,C:\Users\USUARIO\Desktop\BP Mayo 2026\SynologyDrive\CT_14\01180221.JPG,moved
CT_14,C:\Users\USUARIO\Desktop\BP Mayo 2026\SynologyDrive\CT_14\101EK113\01180222.JPG,C:\Users\USUARIO\Desktop\BP Mayo 2026\SynologyDrive\CT_14\01180222.JPG,moved
CT_14,C:\Users\USUARIO\Desktop\BP Mayo 2026\SynologyDrive\CT_14\101EK113\01180223.JPG,C:\Users\USUARIO\Desktop\BP Mayo 2026\SynologyDrive\CT_14\01180223.JPG,moved
CT_14,C:\Users\USUARIO\Desktop\BP Mayo 2026\SynologyDrive\CT_14\101EK113\01180224.JPG,C:\Users\USUARIO\Desktop\BP Mayo 2026\SynologyDrive\CT_14\01180224.JPG,moved
CT_14,C:\Users\USUARIO\Desktop\BP Mayo 2026\SynologyDrive\CT_14\101EK113\01180225.JPG,C:\Users\USUARIO\Desktop\BP Mayo 2026\SynologyDrive\CT_14\01180225.JPG,moved
CT_14,C:\Users\USUARIO\Desktop\BP Mayo 2026\SynologyDrive\CT_14\101EK113\01180226.JPG,C:\Users\USUARIO\Desktop\BP Mayo 2026\SynologyDrive\CT_14\01180226.JPG,moved
CT_14,C:\Users\USUARIO\Desktop\BP Mayo 2026\SynologyDrive\CT_14\101EK113\01180227.JPG,C:\Users\USUARIO\Desktop\BP Mayo 2026\SynologyDrive\CT_14\01180227.JPG,moved
CT_14,C:\Users\USUARIO\Desktop\BP Mayo 2026\SynologyDrive\CT_14\101EK113\01180228.JPG,C:\Users\USUARIO\Desktop\BP Mayo 2026\SynologyDrive\CT_14\01180228.JPG,moved
CT_14,C:\Users\USUARIO\Desktop\BP Mayo 2026\SynologyDrive\CT_14\101EK113\01180229.JPG,C:\Users\USUARIO\Desktop\BP Mayo 2026\SynologyDrive\CT_14\01180229.JPG,moved
CT_14,C:\Users\USUARIO\Desktop\BP Mayo 2026\SynologyDrive\CT_14\101EK113\01180230.JPG,C:\Users\USUARIO\Desktop\BP Mayo 2026\SynologyDrive\CT_14\01180230.JPG,moved
CT_14,C:\Users\USUARIO\Desktop\BP Mayo 2026\SynologyDrive\CT_14\101EK113\01180231.JPG,C:\Users\USUARIO\Desktop\BP Mayo 2026\SynologyDrive\CT_14\01180231.JPG,moved
CT_14,C:\Users\USUARIO\Desktop\BP Mayo 2026\SynologyDrive\CT_14\101EK113\01180232.JPG,C:\Users\USUARIO\Desktop\BP Mayo 2026\SynologyDrive\CT_14\01180232.JPG,moved
CT_14,C:\Users\USUARIO\Desktop\BP Mayo 2026\SynologyDrive\CT_14\101EK113\01180233.JPG,C:\Users\USUARIO\Desktop\BP Mayo 2026\SynologyDrive\CT_14\01180233.JPG,moved
CT_14,C:\Users\USUARIO\Desktop\BP Mayo 2026\SynologyDrive\CT_14\101EK113\01180234.JPG,C:\Users\USUARIO\Desktop\BP Mayo 2026\SynologyDrive\CT_14\01180234.JPG,moved
CT_14,C:\Users\USUARIO\Desktop\BP Mayo 2026\SynologyDrive\CT_14\101EK113\01180235.JPG,C:\Users\USUARIO\Desktop\BP Mayo 2026\SynologyDrive\CT_14\01180235.JPG,moved
CT_14,C:\Users\USUARIO\Desktop\BP Mayo 2026\SynologyDrive\CT_14\101EK113\01180236.JPG,C:\Users\USUARIO\Desktop\BP Mayo 2026\SynologyDrive\CT_14\01180236.JPG,moved
CT_14,C:\Users\USUARIO\Desktop\BP Mayo 2026\SynologyDrive\CT_14\101EK113\01180237.JPG,C:\Users\USUARIO\Desktop\BP Mayo 2026\SynologyDrive\CT_14\01180237.JPG,moved
CT_14,C:\Users\USUARIO\Desktop\BP Mayo 2026\SynologyDrive\CT_14\101EK113\01180238.JPG,C:\Users\USUARIO\Desktop\BP Mayo 2026\SynologyDrive\CT_14\01180238.JPG,moved
CT_14,C:\Users\USUARIO\Desktop\BP Mayo 2026\SynologyDrive\CT_14\101EK113\01180239.JPG,C:\Users\USUARIO\Desktop\BP Mayo 2026\SynologyDrive\CT_14\01180239.JPG,moved
CT_14,C:\Users\USUARIO\Desktop\BP Mayo 2026\SynologyDrive\CT_14\101EK113\01180240.JPG,C:\Users\USUARIO\Desktop\BP Mayo 2026\SynologyDrive\CT_14\01180240.JPG,moved
CT_14,C:\Users\USUARIO\Desktop\BP Mayo 2026\SynologyDrive\CT_14\101EK113\01180241.JPG,C:\Users\USUARIO\Desktop\BP Mayo 2026\SynologyDrive\CT_14\01180241.JPG,moved
CT_14,C:\Users\USUARIO\Desktop\BP Mayo 2026\SynologyDrive\CT_14\101EK113\01180242.JPG,C:\Users\USUARIO\Desktop\BP Mayo 2026\SynologyDrive\CT_14\01180242.JPG,moved
CT_14,C:\Users\USUARIO\Desktop\BP Mayo 2026\SynologyDrive\CT_14\101EK113\01180243.JPG,C:\Users\USUARIO\Desktop\BP Mayo 2026\SynologyDrive\CT_14\01180243.JPG,moved
CT_14,C:\Users\USUARIO\Desktop\BP Mayo 2026\SynologyDrive\CT_14\101EK113\01180244.JPG,C:\Users\USUARIO\Desktop\BP Mayo 2026\SynologyDrive\CT_14\01180244.JPG,moved
CT_14,C:\Users\USUARIO\Desktop\BP Mayo 2026\SynologyDrive\CT_14\101EK113\01180245.JPG,C:\Users\USUARIO\Desktop\BP Mayo 2026\SynologyDrive\CT_14\01180245.JPG,moved
CT_14,C:\Users\USUARIO\Desktop\BP Mayo 2026\SynologyDrive\CT_14\101EK113\01180246.JPG,C:\Users\USUARIO\Desktop\BP Mayo 2026\SynologyDrive\CT_14\01180246.JPG,moved
CT_14,C:\Users\USUARIO\Desktop\BP Mayo 2026\SynologyDrive\CT_14\101EK113\01180247.JPG,C:\Users\USUARIO\Desktop\BP Mayo 2026\SynologyDrive\CT_14\01180247.JPG,moved
CT_14,C:\Users\USUARIO\Desktop\BP Mayo 2026\SynologyDrive\CT_14\101EK113\01180248.JPG,C:\Users\USUARIO\Desktop\BP Mayo 2026\SynologyDrive\CT_14\01180248.JPG,moved
CT_14,C:\Users\USUARIO\Desktop\BP Mayo 2026\SynologyDrive\CT_14\101EK113\01180249.JPG,C:\Users\USUARIO\Desktop\BP Mayo 2026\SynologyDrive\CT_14\01180249.JPG,moved
CT_14,C:\Users\USUARIO\Desktop\BP Mayo 2026\SynologyDrive\CT_14\101EK113\01180250.JPG,C:\Users\USUARIO\Desktop\BP Mayo 2026\SynologyDrive\CT_14\01180250.JPG,moved
CT_14,C:\Users\USUARIO\Desktop\BP Mayo 2026\SynologyDrive\CT_14\101EK113\01180251.JPG,C:\Users\USUARIO\Desktop\BP Mayo 2026\SynologyDrive\CT_14\01180251.JPG,moved
CT_14,C:\Users\USUARIO\Desktop\BP Mayo 2026\SynologyDrive\CT_14\101EK113\01180252.JPG,C:\Users\USUARIO\Desktop\BP Mayo 2026\SynologyDrive\CT_14\01180252.JPG,moved
CT_14,C:\Users\USUARIO\Desktop\BP Mayo 2026\SynologyDrive\CT_14\101EK113\01180253.JPG,C:\Users\USUARIO\Desktop\BP Mayo 2026\SynologyDrive\CT_14\01180253.JPG,moved
CT_14,C:\Users\USUARIO\Desktop\BP Mayo 2026\SynologyDrive\CT_14\101EK113\01180254.JPG,C:\Users\USUARIO\Desktop\BP Mayo 2026\SynologyDrive\CT_14\01180254.JPG,moved
CT_14,C:\Users\USUARIO\Desktop\BP Mayo 2026\SynologyDrive\CT_14\101EK113\01180255.JPG,C:\Users\USUARIO\Desktop\BP Mayo 2026\SynologyDrive\CT_14\01180255.JPG,moved
CT_14,C:\Users\USUARIO\Desktop\BP Mayo 2026\SynologyDrive\CT_14\101EK113\01180256.JPG,C:\Users\USUARIO\Desktop\BP Mayo 2026\SynologyDrive\CT_14\01180256.JPG,moved
CT_14,C:\Users\USUARIO\Desktop\BP Mayo 2026\SynologyDrive\CT_14\101EK113\01180257.JPG,C:\Users\USUARIO\Desktop\BP Mayo 2026\SynologyDrive\CT_14\01180257.JPG,moved
CT_14,C:\Users\USUARIO\Desktop\BP Mayo 2026\SynologyDrive\CT_14\101EK113\01180258.JPG,C:\Users\USUARIO\Desktop\BP Mayo 2026\SynologyDrive\CT_14\01180258.JPG,moved
CT_14,C:\Users\USUARIO\Desktop\BP Mayo 2026\SynologyDrive\CT_14\101EK113\01180259.JPG,C:\Users\USUARIO\Desktop\BP Mayo 2026\SynologyDrive\CT_14\01180259.JPG,moved
CT_14,C:\Users\USUARIO\Desktop\BP Mayo 2026\SynologyDrive\CT_14\101EK113\01180260.JPG,C:\Users\USUARIO\Desktop\BP Mayo 2026\SynologyDrive\CT_14\01180260.JPG,moved
CT_14,C:\Users\USUARIO\Desktop\BP Mayo 2026\SynologyDrive\CT_14\101EK113\01180261.JPG,C:\Users\USUARIO\Desktop\BP Mayo 2026\SynologyDrive\CT_14\01180261.JPG,moved
CT_14,C:\Users\USUARIO\Desktop\BP Mayo 2026\SynologyDrive\CT_14\101EK113\01180262.JPG,C:\Users\USUARIO\Desktop\BP Mayo 2026\SynologyDrive\CT_14\01180262.JPG,moved
CT_14,C:\Users\USUARIO\Desktop\BP Mayo 2026\SynologyDrive\CT_14\101EK113\01180263.JPG,C:\Users\USUARIO\Desktop\BP Mayo 2026\SynologyDrive\CT_14\01180263.JPG,moved
CT_14,C:\Users\USUARIO\Desktop\BP Mayo 2026\SynologyDrive\CT_14\101EK113\01180264.JPG,C:\Users\USUARIO\Desktop\BP Mayo 2026\SynologyDrive\CT_14\01180264.JPG,moved
CT_14,C:\Users\USUARIO\Desktop\BP Mayo 2026\SynologyDrive\CT_14\101EK113\01180265.JPG,C:\Users\USUARIO\Desktop\BP Mayo 2026\SynologyDrive\CT_14\01180265.JPG,moved
CT_14,C:\Users\USUARIO\Desktop\BP Mayo 2026\SynologyDrive\CT_14\101EK113\01180266.JPG,C:\Users\USUARIO\Desktop\BP Mayo 2026\SynologyDrive\CT_14\01180266.JPG,moved
CT_14,C:\Users\USUARIO\Desktop\BP Mayo 2026\SynologyDrive\CT_14\101EK113\01180267.JPG,C:\Users\USUARIO\Desktop\BP Mayo 2026\SynologyDrive\CT_14\01180267.JPG,moved
CT_14,C:\Users\USUARIO\Desktop\BP Mayo 2026\SynologyDrive\CT_14\101EK113\01180268.JPG,C:\Users\USUARIO\Desktop\BP Mayo 2026\SynologyDrive\CT_14\01180268.JPG,moved
CT_14,C:\Users\USUARIO\Desktop\BP Mayo 2026\SynologyDrive\CT_14\101EK113\01180269.JPG,C:\Users\USUARIO\Desktop\BP Mayo 2026\SynologyDrive\CT_14\01180269.JPG,moved
CT_14,C:\Users\USUARIO\Desktop\BP Mayo 2026\SynologyDrive\CT_14\101EK113\01180270.JPG,C:\Users\USUARIO\Desktop\BP Mayo 2026\SynologyDrive\CT_14\01180270.JPG,moved
CT_14,C:\Users\USUARIO\Desktop\BP Mayo 2026\SynologyDrive\CT_14\101EK113\01180271.JPG,C:\Users\USUARIO\Desktop\BP Mayo 2026\SynologyDrive\CT_14\01180271.JPG,moved
CT_14,C:\Users\USUARIO\Desktop\BP Mayo 2026\SynologyDrive\CT_14\101EK113\01180272.JPG,C:\Users\USUARIO\Desktop\BP Mayo 2026\SynologyDrive\CT_14\01180272.JPG,moved
CT_14,C:\Users\USUARIO\Desktop\BP Mayo 2026\SynologyDrive\CT_14\101EK113\01180273.JPG,C:\Users\USUARIO\Desktop\BP Mayo 2026\SynologyDrive\CT_14\01180273.JPG,moved
CT_14,C:\Users\USUARIO\Desktop\BP Mayo 2026\SynologyDrive\CT_14\101EK113\01180274.JPG,C:\Users\USUARIO\Desktop\BP Mayo 2026\SynologyDrive\CT_14\01180274.JPG,moved
CT_14,C:\Users\USUARIO\Desktop\BP Mayo 2026\SynologyDrive\CT_14\101EK113\01180275.JPG,C:\Users\USUARIO\Desktop\BP Mayo 2026\SynologyDrive\CT_14\01180275.JPG,moved
CT_14,C:\Users\USUARIO\Desktop\BP Mayo 2026\SynologyDrive\CT_14\101EK113\01180276.JPG,C:\Users\USUARIO\Desktop\BP Mayo 2026\SynologyDrive\CT_14\01180276.JPG,moved
CT_14,C:\Users\USUARIO\Desktop\BP Mayo 2026\SynologyDrive\CT_14\101EK113\01180277.JPG,C:\Users\USUARIO\Desktop\BP Mayo 2026\SynologyDrive\CT_14\01180277.JPG,moved
CT_14,C:\Users\USUARIO\Desktop\BP Mayo 2026\SynologyDrive\CT_14\101EK113\01180278.JPG,C:\Users\USUARIO\Desktop\BP Mayo 2026\SynologyDrive\CT_14\01180278.JPG,moved
CT_14,C:\Users\USUARIO\Desktop\BP Mayo 2026\SynologyDrive\CT_14\101EK113\01180279.JPG,C:\Users\USUARIO\Desktop\BP Mayo 2026\SynologyDrive\CT_14\01180279.JPG,moved
CT_14,C:\Users\USUARIO\Desktop\BP Mayo 2026\SynologyDrive\CT_14\101EK113\01180280.JPG,C:\Users\USUARIO\Desktop\BP Mayo 2026\SynologyDrive\CT_14\01180280.JPG,moved
CT_14,C:\Users\USUARIO\Desktop\BP Mayo 2026\SynologyDrive\CT_14\101EK113\01180281.JPG,C:\Users\USUARIO\Desktop\BP Mayo 2026\SynologyDrive\CT_14\01180281.JPG,moved
CT_14,C:\Users\USUARIO\Desktop\BP Mayo 2026\SynologyDrive\CT_14\101EK113\01180282.JPG,C:\Users\USUARIO\Desktop\BP Mayo 2026\SynologyDrive\CT_14\01180282.JPG,moved
CT_14,C:\Users\USUARIO\Desktop\BP Mayo 2026\SynologyDrive\CT_14\101EK113\01180283.JPG,C:\Users\USUARIO\Desktop\BP Mayo 2026\SynologyDrive\CT_14\01180283.JPG,moved
CT_14,C:\Users\USUARIO\Desktop\BP Mayo 2026\SynologyDrive\CT_14\101EK113\01180284.JPG,C:\Users\USUARIO\Desktop\BP Mayo 2026\SynologyDrive\CT_14\01180284.JPG,moved
CT_14,C:\Users\USUARIO\Desktop\BP Mayo 2026\SynologyDrive\CT_14\101EK113\01180285.JPG,C:\Users\USUARIO\Desktop\BP Mayo 2026\SynologyDrive\CT_14\01180285.JPG,moved
CT_14,C:\Users\USUARIO\Desktop\BP Mayo 2026\SynologyDrive\CT_14\101EK113\01180286.JPG,C:\Users\USUARIO\Desktop\BP Mayo 2026\SynologyDrive\CT_14\01180286.JPG,moved
CT_14,C:\Users\USUARIO\Desktop\BP Mayo 2026\SynologyDrive\CT_14\101EK113\01180287.JPG,C:\Users\USUARIO\Desktop\BP Mayo 2026\SynologyDrive\CT_14\01180287.JPG,moved
CT_14,C:\Users\USUARIO\Desktop\BP Mayo 2026\SynologyDrive\CT_14\101EK113\01180288.JPG,C:\Users\USUARIO\Desktop\BP Mayo 2026\SynologyDrive\CT_14\01180288.JPG,moved
CT_14,C:\Users\USUARIO\Desktop\BP Mayo 2026\SynologyDrive\CT_14\101EK113\01180289.JPG,C:\Users\USUARIO\Desktop\BP Mayo 2026\SynologyDrive\CT_14\01180289.JPG,moved
CT_14,C:\Users\USUARIO\Desktop\BP Mayo 2026\SynologyDrive\CT_14\101EK113\01180290.JPG,C:\Users\USUARIO\Desktop\BP Mayo 2026\SynologyDrive\CT_14\01180290.JPG,moved
CT_14,C:\Users\USUARIO\Desktop\BP Mayo 2026\SynologyDrive\CT_14\101EK113\01180291.JPG,C:\Users\USUARIO\Desktop\BP Mayo 2026\SynologyDrive\CT_14\01180291.JPG,moved
CT_14,C:\Users\USUARIO\Desktop\BP Mayo 2026\SynologyDrive\CT_14\101EK113\01180292.JPG,C:\Users\USUARIO\Desktop\BP Mayo 2026\SynologyDrive\CT_14\01180292.JPG,moved
CT_14,C:\Users\USUARIO\Desktop\BP Mayo 2026\SynologyDrive\CT_14\101EK113\01180293.JPG,C:\Users\USUARIO\Desktop\BP Mayo 2026\SynologyDrive\CT_14\01180293.JPG,moved
CT_14,C:\Users\USUARIO\Desktop\BP Mayo 2026\SynologyDrive\CT_14\101EK113\01180294.JPG,C:\Users\USUARIO\Desktop\BP Mayo 2026\SynologyDrive\CT_14\01180294.JPG,moved
CT_14,C:\Users\USUARIO\Desktop\BP Mayo 2026\SynologyDrive\CT_14\101EK113\01180295.JPG,C:\Users\USUARIO\Desktop\BP Mayo 2026\SynologyDrive\CT_14\01180295.JPG,moved
CT_14,C:\Users\USUARIO\Desktop\BP Mayo 2026\SynologyDrive\CT_14\101EK113\01180296.JPG,C:\Users\USUARIO\Desktop\BP Mayo 2026\SynologyDrive\CT_14\01180296.JPG,moved
CT_14,C:\Users\USUARIO\Desktop\BP Mayo 2026\SynologyDrive\CT_14\101EK113\01180297.JPG,C:\Users\USUARIO\Desktop\BP Mayo 2026\SynologyDrive\CT_14\01180297.JPG,moved
CT_14,C:\Users\USUARIO\Desktop\BP Mayo 2026\SynologyDrive\CT_14\101EK113\01180298.JPG,C:\Users\USUARIO\Desktop\BP Mayo 2026\SynologyDrive\CT_14\01180298.JPG,moved
CT_14,C:\Users\USUARIO\Desktop\BP Mayo 2026\SynologyDrive\CT_14\101EK113\01180299.JPG,C:\Users\USUARIO\Desktop\BP Mayo 2026\SynologyDrive\CT_14\01180299.JPG,moved
CT_14,C:\Users\USUARIO\Desktop\BP Mayo 2026\SynologyDrive\CT_14\101EK113\01180300.JPG,C:\Users\USUARIO\Desktop\BP Mayo 2026\SynologyDrive\CT_14\01180300.JPG,moved
CT_14,C:\Users\USUARIO\Desktop\BP Mayo 2026\SynologyDrive\CT_14\101EK113\01180301.JPG,C:\Users\USUARIO\Desktop\BP Mayo 2026\SynologyDrive\CT_14\01180301.JPG,moved
CT_14,C:\Users\USUARIO\Desktop\BP Mayo 2026\SynologyDrive\CT_14\101EK113\01180302.JPG,C:\Users\USUARIO\Desktop\BP Mayo 2026\SynologyDrive\CT_14\01180302.JPG,moved
CT_14,C:\Users\USUARIO\Desktop\BP Mayo 2026\SynologyDrive\CT_14\101EK113\01180303.JPG,C:\Users\USUARIO\Desktop\BP Mayo 2026\SynologyDrive\CT_14\01180303.JPG,moved
CT_14,C:\Users\USUARIO\Desktop\BP Mayo 2026\SynologyDrive\CT_14\101EK113\01180304.JPG,C:\Users\USUARIO\Desktop\BP Mayo 2026\SynologyDrive\CT_14\01180304.JPG,moved
CT_14,C:\Users\USUARIO\Desktop\BP Mayo 2026\SynologyDrive\CT_14\101EK113\01180305.JPG,C:\Users\USUARIO\Desktop\BP Mayo 2026\SynologyDrive\CT_14\01180305.JPG,moved
CT_14,C:\Users\USUARIO\Desktop\BP Mayo 2026\SynologyDrive\CT_14\101EK113\01180306.JPG,C:\Users\USUARIO\Desktop\BP Mayo 2026\SynologyDrive\CT_14\01180306.JPG,moved
CT_14,C:\Users\USUARIO\Desktop\BP Mayo 2026\SynologyDrive\CT_14\101EK113\01180307.JPG,C:\Users\USUARIO\Desktop\BP Mayo 2026\SynologyDrive\CT_14\01180307.JPG,moved
CT_14,C:\Users\USUARIO\Desktop\BP Mayo 2026\SynologyDrive\CT_14\101EK113\01180308.JPG,C:\Users\USUARIO\Desktop\BP Mayo 2026\SynologyDrive\CT_14\01180308.JPG,moved
CT_14,C:\Users\USUARIO\Desktop\BP Mayo 2026\SynologyDrive\CT_14\101EK113\01180309.JPG,C:\Users\USUARIO\Desktop\BP Mayo 2026\SynologyDrive\CT_14\01180309.JPG,moved
CT_14,C:\Users\USUARIO\Desktop\BP Mayo 2026\SynologyDrive\CT_14\101EK113\01180310.JPG,C:\Users\USUARIO\Desktop\BP Mayo 2026\SynologyDrive\CT_14\01180310.JPG,moved
CT_14,C:\Users\USUARIO\Desktop\BP Mayo 2026\SynologyDrive\CT_14\101EK113\01180311.JPG,C:\Users\USUARIO\Desktop\BP Mayo 2026\SynologyDrive\CT_14\01180311.JPG,moved
CT_14,C:\Users\USUARIO\Desktop\BP Mayo 2026\SynologyDrive\CT_14\101EK113\01180312.JPG,C:\Users\USUARIO\Desktop\BP Mayo 2026\SynologyDrive\CT_14\01180312.JPG,moved
CT_14,C:\Users\USUARIO\Desktop\BP Mayo 2026\SynologyDrive\CT_14\101EK113\01190313.JPG,C:\Users\USUARIO\Desktop\BP Mayo 2026\SynologyDrive\CT_14\01190313.JPG,moved
CT_14,C:\Users\USUARIO\Desktop\BP Mayo 2026\SynologyDrive\CT_14\101EK113\01190314.JPG,C:\Users\USUARIO\Desktop\BP Mayo 2026\SynologyDrive\CT_14\01190314.JPG,moved
CT_14,C:\Users\USUARIO\Desktop\BP Mayo 2026\SynologyDrive\CT_14\101EK113\01190315.JPG,C:\Users\USUARIO\Desktop\BP Mayo 2026\SynologyDrive\CT_14\01190315.JPG,moved
CT_14,C:\Users\USUARIO\Desktop\BP Mayo 2026\SynologyDrive\CT_14\101EK113\01190316.JPG,C:\Users\USUARIO\Desktop\BP Mayo 2026\SynologyDrive\CT_14\01190316.JPG,moved
CT_14,C:\Users\USUARIO\Desktop\BP Mayo 2026\SynologyDrive\CT_14\101EK113\01190317.JPG,C:\Users\USUARIO\Desktop\BP Mayo 2026\SynologyDrive\CT_14\01190317.JPG,moved
CT_14,C:\Users\USUARIO\Desktop\BP Mayo 2026\SynologyDrive\CT_14\101EK113\01190318.JPG,C:\Users\USUARIO\Desktop\BP Mayo 2026\SynologyDrive\CT_14\01190318.JPG,moved
CT_14,C:\Users\USUARIO\Desktop\BP Mayo 2026\SynologyDrive\CT_14\101EK113\01190319.JPG,C:\Users\USUARIO\Desktop\BP Mayo 2026\SynologyDrive\CT_14\01190319.JPG,moved
CT_14,C:\Users\USUARIO\Desktop\BP Mayo 2026\SynologyDrive\CT_14\101EK113\01190320.JPG,C:\Users\USUARIO\Desktop\BP Mayo 2026\SynologyDrive\CT_14\01190320.JPG,moved
CT_14,C:\Users\USUARIO\Desktop\BP Mayo 2026\SynologyDrive\CT_14\101EK113\01190321.JPG,C:\Users\USUARIO\Desktop\BP Mayo 2026\SynologyDrive\CT_14\01190321.JPG,moved
CT_14,C:\Users\USUARIO\Desktop\BP Mayo 2026\SynologyDrive\CT_14\101EK113\01190322.JPG,C:\Users\USUARIO\Desktop\BP Mayo 2026\SynologyDrive\CT_14\01190322.JPG,moved
CT_14,C:\Users\USUARIO\Desktop\BP Mayo 2026\SynologyDrive\CT_14\101EK113\01190323.JPG,C:\Users\USUARIO\Desktop\BP Mayo 2026\SynologyDrive\CT_14\01190323.JPG,moved
CT_14,C:\Users\USUARIO\Desktop\BP Mayo 2026\SynologyDrive\CT_14\101EK113\01190324.JPG,C:\Users\USUARIO\Desktop\BP Mayo 2026\SynologyDrive\CT_14\01190324.JPG,moved
CT_14,C:\Users\USUARIO\Desktop\BP Mayo 2026\SynologyDrive\CT_14\101EK113\01190325.JPG,C:\Users\USUARIO\Desktop\BP Mayo 2026\SynologyDrive\CT_14\01190325.JPG,moved
CT_14,C:\Users\USUARIO\Desktop\BP Mayo 2026\SynologyDrive\CT_14\101EK113\01190326.JPG,C:\Users\USUARIO\Desktop\BP Mayo 2026\SynologyDrive\CT_14\01190326.JPG,moved
CT_14,C:\Users\USUARIO\Desktop\BP Mayo 2026\SynologyDrive\CT_14\101EK113\01190327.JPG,C:\Users\USUARIO\Desktop\BP Mayo 2026\SynologyDrive\CT_14\01190327.JPG,moved
CT_14,C:\Users\USUARIO\Desktop\BP Mayo 2026\SynologyDrive\CT_14\101EK113\01190328.JPG,C:\Users\USUARIO\Desktop\BP Mayo 2026\SynologyDrive\CT_14\01190328.JPG,moved
CT_14,C:\Users\USUARIO\Desktop\BP Mayo 2026\SynologyDrive\CT_14\101EK113\01190329.JPG,C:\Users\USUARIO\Desktop\BP Mayo 2026\SynologyDrive\CT_14\01190329.JPG,moved
CT_14,C:\Users\USUARIO\Desktop\BP Mayo 2026\SynologyDrive\CT_14\101EK113\01190330.JPG,C:\Users\USUARIO\Desktop\BP Mayo 2026\SynologyDrive\CT_14\01190330.JPG,moved
CT_14,C:\Users\USUARIO\Desktop\BP Mayo 2026\SynologyDrive\CT_14\101EK113\01190331.JPG,C:\Users\USUARIO\Desktop\BP Mayo 2026\SynologyDrive\CT_14\01190331.JPG,moved
CT_14,C:\Users\USUARIO\Desktop\BP Mayo 2026\SynologyDrive\CT_14\101EK113\01190332.JPG,C:\Users\USUARIO\Desktop\BP Mayo 2026\SynologyDrive\CT_14\01190332.JPG,moved
CT_14,C:\Users\USUARIO\Desktop\BP Mayo 2026\SynologyDrive\CT_14\101EK113\01190333.JPG,C:\Users\USUARIO\Desktop\BP Mayo 2026\SynologyDrive\CT_14\01190333.JPG,moved
CT_14,C:\Users\USUARIO\Desktop\BP Mayo 2026\SynologyDrive\CT_14\101EK113\01190334.JPG,C:\Users\USUARIO\Desktop\BP Mayo 2026\SynologyDrive\CT_14\01190334.JPG,moved
CT_14,C:\Users\USUARIO\Desktop\BP Mayo 2026\SynologyDrive\CT_14\101EK113\01190335.JPG,C:\Users\USUARIO\Desktop\BP Mayo 2026\SynologyDrive\CT_14\01190335.JPG,moved
CT_14,C:\Users\USUARIO\Desktop\BP Mayo 2026\SynologyDrive\CT_14\101EK113\01190336.JPG,C:\Users\USUARIO\Desktop\BP Mayo 2026\SynologyDrive\CT_14\01190336.JPG,moved
CT_14,C:\Users\USUARIO\Desktop\BP Mayo 2026\SynologyDrive\CT_14\101EK113\01190337.JPG,C:\Users\USUARIO\Desktop\BP Mayo 2026\SynologyDrive\CT_14\01190337.JPG,moved
CT_14,C:\Users\USUARIO\Desktop\BP Mayo 2026\SynologyDrive\CT_14\101EK113\01190338.JPG,C:\Users\USUARIO\Desktop\BP Mayo 2026\SynologyDrive\CT_14\01190338.JPG,moved
CT_14,C:\Users\USUARIO\Desktop\BP Mayo 2026\SynologyDrive\CT_14\101EK113\01190339.JPG,C:\Users\USUARIO\Desktop\BP Mayo 2026\SynologyDrive\CT_14\01190339.JPG,moved
CT_14,C:\Users\USUARIO\Desktop\BP Mayo 2026\SynologyDrive\CT_14\101EK113\01190340.JPG,C:\Users\USUARIO\Desktop\BP Mayo 2026\SynologyDrive\CT_14\01190340.JPG,moved
CT_14,C:\Users\USUARIO\Desktop\BP Mayo 2026\SynologyDrive\CT_14\101EK113\01190341.JPG,C:\Users\USUARIO\Desktop\BP Mayo 2026\SynologyDrive\CT_14\01190341.JPG,moved
CT_14,C:\Users\USUARIO\Desktop\BP Mayo 2026\SynologyDrive\CT_14\101EK113\01190342.JPG,C:\Users\USUARIO\Desktop\BP Mayo 2026\SynologyDrive\CT_14\01190342.JPG,moved
CT_14,C:\Users\USUARIO\Desktop\BP Mayo 2026\SynologyDrive\CT_14\101EK113\01190343.JPG,C:\Users\USUARIO\Desktop\BP Mayo 2026\SynologyDrive\CT_14\01190343.JPG,moved
CT_14,C:\Users\USUARIO\Desktop\BP Mayo 2026\SynologyDrive\CT_14\101EK113\01190344.JPG,C:\Users\USUARIO\Desktop\BP Mayo 2026\SynologyDrive\CT_14\01190344.JPG,moved
CT_14,C:\Users\USUARIO\Desktop\BP Mayo 2026\SynologyDrive\CT_14\101EK113\01190345.JPG,C:\Users\USUARIO\Desktop\BP Mayo 2026\SynologyDrive\CT_14\01190345.JPG,moved
CT_14,C:\Users\USUARIO\Desktop\BP Mayo 2026\SynologyDrive\CT_14\101EK113\01190346.JPG,C:\Users\USUARIO\Desktop\BP Mayo 2026\SynologyDrive\CT_14\01190346.JPG,moved
CT_14,C:\Users\USUARIO\Desktop\BP Mayo 2026\SynologyDrive\CT_14\101EK113\01190347.JPG,C:\Users\USUARIO\Desktop\BP Mayo 2026\SynologyDrive\CT_14\01190347.JPG,moved
CT_14,C:\Users\USUARIO\Desktop\BP Mayo 2026\SynologyDrive\CT_14\101EK113\01190348.JPG,C:\Users\USUARIO\Desktop\BP Mayo 2026\SynologyDrive\CT_14\01190348.JPG,moved
CT_14,C:\Users\USUARIO\Desktop\BP Mayo 2026\SynologyDrive\CT_14\101EK113\01190349.JPG,C:\Users\USUARIO\Desktop\BP Mayo 2026\SynologyDrive\CT_14\01190349.JPG,moved
CT_14,C:\Users\USUARIO\Desktop\BP Mayo 2026\SynologyDrive\CT_14\101EK113\01190350.JPG,C:\Users\USUARIO\Desktop\BP Mayo 2026\SynologyDrive\CT_14\01190350.JPG,moved
CT_14,C:\Users\USUARIO\Desktop\BP Mayo 2026\SynologyDrive\CT_14\101EK113\01190351.JPG,C:\Users\USUARIO\Desktop\BP Mayo 2026\SynologyDrive\CT_14\01190351.JPG,moved
CT_14,C:\Users\USUARIO\Desktop\BP Mayo 2026\SynologyDrive\CT_14\101EK113\01190352.JPG,C:\Users\USUARIO\Desktop\BP Mayo 2026\SynologyDrive\CT_14\01190352.JPG,moved
CT_14,C:\Users\USUARIO\Desktop\BP Mayo 2026\SynologyDrive\CT_14\101EK113\01190353.JPG,C:\Users\USUARIO\Desktop\BP Mayo 2026\SynologyDrive\CT_14\01190353.JPG,moved
CT_14,C:\Users\USUARIO\Desktop\BP Mayo 2026\SynologyDrive\CT_14\101EK113\01190354.JPG,C:\Users\USUARIO\Desktop\BP Mayo 2026\SynologyDrive\CT_14\01190354.JPG,moved
CT_14,C:\Users\USUARIO\Desktop\BP Mayo 2026\SynologyDrive\CT_14\101EK113\01190355.JPG,C:\Users\USUARIO\Desktop\BP Mayo 2026\SynologyDrive\CT_14\01190355.JPG,moved
CT_14,C:\Users\USUARIO\Desktop\BP Mayo 2026\SynologyDrive\CT_14\101EK113\01190356.JPG,C:\Users\USUARIO\Desktop\BP Mayo 2026\SynologyDrive\CT_14\01190356.JPG,moved
CT_14,C:\Users\USUARIO\Desktop\BP Mayo 2026\SynologyDrive\CT_14\101EK113\01190357.JPG,C:\Users\USUARIO\Desktop\BP Mayo 2026\SynologyDrive\CT_14\01190357.JPG,moved
CT_14,C:\Users\USUARIO\Desktop\BP Mayo 2026\SynologyDrive\CT_14\101EK113\01190358.JPG,C:\Users\USUARIO\Desktop\BP Mayo 2026\SynologyDrive\CT_14\01190358.JPG,moved
CT_14,C:\Users\USUARIO\Desktop\BP Mayo 2026\SynologyDrive\CT_14\101EK113\01190359.JPG,C:\Users\USUARIO\Desktop\BP Mayo 2026\SynologyDrive\CT_14\01190359.JPG,moved
CT_14,C:\Users\USUARIO\Desktop\BP Mayo 2026\SynologyDrive\CT_14\101EK113\01190360.JPG,C:\Users\USUARIO\Desktop\BP Mayo 2026\SynologyDrive\CT_14\01190360.JPG,moved
CT_14,C:\Users\USUARIO\Desktop\BP Mayo 2026\SynologyDrive\CT_14\101EK113\01190361.JPG,C:\Users\USUARIO\Desktop\BP Mayo 2026\SynologyDrive\CT_14\01190361.JPG,moved
CT_14,C:\Users\USUARIO\Desktop\BP Mayo 2026\SynologyDrive\CT_14\101EK113\01190362.JPG,C:\Users\USUARIO\Desktop\BP Mayo 2026\SynologyDrive\CT_14\01190362.JPG,moved
CT_14,C:\Users\USUARIO\Desktop\BP Mayo 2026\SynologyDrive\CT_14\101EK113\01190363.JPG,C:\Users\USUARIO\Desktop\BP Mayo 2026\SynologyDrive\CT_14\01190363.JPG,moved
CT_14,C:\Users\USUARIO\Desktop\BP Mayo 2026\SynologyDrive\CT_14\101EK113\01190364.JPG,C:\Users\USUARIO\Desktop\BP Mayo 2026\SynologyDrive\CT_14\01190364.JPG,moved
CT_14,C:\Users\USUARIO\Desktop\BP Mayo 2026\SynologyDrive\CT_14\101EK113\01190365.JPG,C:\Users\USUARIO\Desktop\BP Mayo 2026\SynologyDrive\CT_14\01190365.JPG,moved
CT_14,C:\Users\USUARIO\Desktop\BP Mayo 2026\SynologyDrive\CT_14\101EK113\01190366.JPG,C:\Users\USUARIO\Desktop\BP Mayo 2026\SynologyDrive\CT_14\01190366.JPG,moved
CT_14,C:\Users\USUARIO\Desktop\BP Mayo 2026\SynologyDrive\CT_14\101EK113\01190367.JPG,C:\Users\USUARIO\Desktop\BP Mayo 2026\SynologyDrive\CT_14\01190367.JPG,moved
CT_14,C:\Users\USUARIO\Desktop\BP Mayo 2026\SynologyDrive\CT_14\101EK113\01190368.JPG,C:\Users\USUARIO\Desktop\BP Mayo 2026\SynologyDrive\CT_14\01190368.JPG,moved
CT_14,C:\Users\USUARIO\Desktop\BP Mayo 2026\SynologyDrive\CT_14\101EK113\01190369.JPG,C:\Users\USUARIO\Desktop\BP Mayo 2026\SynologyDrive\CT_14\01190369.JPG,moved
CT_14,C:\Users\USUARIO\Desktop\BP Mayo 2026\SynologyDrive\CT_14\101EK113\01190370.JPG,C:\Users\USUARIO\Desktop\BP Mayo 2026\SynologyDrive\CT_14\01190370.JPG,moved
CT_14,C:\Users\USUARIO\Desktop\BP Mayo 2026\SynologyDrive\CT_14\101EK113\01190371.JPG,C:\Users\USUARIO\Desktop\BP Mayo 2026\SynologyDrive\CT_14\01190371.JPG,moved
CT_14,C:\Users\USUARIO\Desktop\BP Mayo 2026\SynologyDrive\CT_14\101EK113\01190372.JPG,C:\Users\USUARIO\Desktop\BP Mayo 2026\SynologyDrive\CT_14\01190372.JPG,moved
CT_14,C:\Users\USUARIO\Desktop\BP Mayo 2026\SynologyDrive\CT_14\101EK113\01190373.JPG,C:\Users\USUARIO\Desktop\BP Mayo 2026\SynologyDrive\CT_14\01190373.JPG,moved
CT_14,C:\Users\USUARIO\Desktop\BP Mayo 2026\SynologyDrive\CT_14\101EK113\01190374.JPG,C:\Users\USUARIO\Desktop\BP Mayo 2026\SynologyDrive\CT_14\01190374.JPG,moved
CT_14,C:\Users\USUARIO\Desktop\BP Mayo 2026\SynologyDrive\CT_14\101EK113\01190375.JPG,C:\Users\USUARIO\Desktop\BP Mayo 2026\SynologyDrive\CT_14\01190375.JPG,moved
CT_14,C:\Users\USUARIO\Desktop\BP Mayo 2026\SynologyDrive\CT_14\101EK113\01190376.JPG,C:\Users\USUARIO\Desktop\BP Mayo 2026\SynologyDrive\CT_14\01190376.JPG,moved
CT_14,C:\Users\USUARIO\Desktop\BP Mayo 2026\SynologyDrive\CT_14\101EK113\01190377.JPG,C:\Users\USUARIO\Desktop\BP Mayo 2026\SynologyDrive\CT_14\01190377.JPG,moved
CT_14,C:\Users\USUARIO\Desktop\BP Mayo 2026\SynologyDrive\CT_14\101EK113\01190378.JPG,C:\Users\USUARIO\Desktop\BP Mayo 2026\SynologyDrive\CT_14\01190378.JPG,moved
CT_14,C:\Users\USUARIO\Desktop\BP Mayo 2026\SynologyDrive\CT_14\101EK113\01190379.JPG,C:\Users\USUARIO\Desktop\BP Mayo 2026\SynologyDrive\CT_14\01190379.JPG,moved
CT_14,C:\Users\USUARIO\Desktop\BP Mayo 2026\SynologyDrive\CT_14\101EK113\01190380.JPG,C:\Users\USUARIO\Desktop\BP Mayo 2026\SynologyDrive\CT_14\01190380.JPG,moved
CT_14,C:\Users\USUARIO\Desktop\BP Mayo 2026\SynologyDrive\CT_14\101EK113\01190381.JPG,C:\Users\USUARIO\Desktop\BP Mayo 2026\SynologyDrive\CT_14\01190381.JPG,moved
CT_14,C:\Users\USUARIO\Desktop\BP Mayo 2026\SynologyDrive\CT_14\101EK113\01190382.JPG,C:\Users\USUARIO\Desktop\BP Mayo 2026\SynologyDrive\CT_14\01190382.JPG,moved
CT_14,C:\Users\USUARIO\Desktop\BP Mayo 2026\SynologyDrive\CT_14\101EK113\01190383.JPG,C:\Users\USUARIO\Desktop\BP Mayo 2026\SynologyDrive\CT_14\01190383.JPG,moved
CT_14,C:\Users\USUARIO\Desktop\BP Mayo 2026\SynologyDrive\CT_14\101EK113\01190384.JPG,C:\Users\USUARIO\Desktop\BP Mayo 2026\SynologyDrive\CT_14\01190384.JPG,moved
CT_14,C:\Users\USUARIO\Desktop\BP Mayo 2026\SynologyDrive\CT_14\101EK113\01190385.JPG,C:\Users\USUARIO\Desktop\BP Mayo 2026\SynologyDrive\CT_14\01190385.JPG,moved
CT_14,C:\Users\USUARIO\Desktop\BP Mayo 2026\SynologyDrive\CT_14\101EK113\01190386.JPG,C:\Users\USUARIO\Desktop\BP Mayo 2026\SynologyDrive\CT_14\01190386.JPG,moved
CT_14,C:\Users\USUARIO\Desktop\BP Mayo 2026\SynologyDrive\CT_14\101EK113\01190387.JPG,C:\Users\USUARIO\Desktop\BP Mayo 2026\SynologyDrive\CT_14\01190387.JPG,moved
CT_14,C:\Users\USUARIO\Desktop\BP Mayo 2026\SynologyDrive\CT_14\101EK113\01190388.JPG,C:\Users\USUARIO\Desktop\BP Mayo 2026\SynologyDrive\CT_14\01190388.JPG,moved
CT_14,C:\Users\USUARIO\Desktop\BP Mayo 2026\SynologyDrive\CT_14\101EK113\01190389.JPG,C:\Users\USUARIO\Desktop\BP Mayo 2026\SynologyDrive\CT_14\01190389.JPG,moved
CT_14,C:\Users\USUARIO\Desktop\BP Mayo 2026\SynologyDrive\CT_14\101EK113\01190390.JPG,C:\Users\USUARIO\Desktop\BP Mayo 2026\SynologyDrive\CT_14\01190390.JPG,moved
CT_14,C:\Users\USUARIO\Desktop\BP Mayo 2026\SynologyDrive\CT_14\101EK113\01190391.JPG,C:\Users\USUARIO\Desktop\BP Mayo 2026\SynologyDrive\CT_14\01190391.JPG,moved
CT_14,C:\Users\USUARIO\Desktop\BP Mayo 2026\SynologyDrive\CT_14\101EK113\01190392.JPG,C:\Users\USUARIO\Desktop\BP Mayo 2026\SynologyDrive\CT_14\01190392.JPG,moved
CT_14,C:\Users\USUARIO\Desktop\BP Mayo 2026\SynologyDrive\CT_14\101EK113\01190393.JPG,C:\Users\USUARIO\Desktop\BP Mayo 2026\SynologyDrive\CT_14\01190393.JPG,moved
CT_14,C:\Users\USUARIO\Desktop\BP Mayo 2026\SynologyDrive\CT_14\101EK113\01190394.JPG,C:\Users\USUARIO\Desktop\BP Mayo 2026\SynologyDrive\CT_14\01190394.JPG,moved
CT_14,C:\Users\USUARIO\Desktop\BP Mayo 2026\SynologyDrive\CT_14\101EK113\01190395.JPG,C:\Users\USUARIO\Desktop\BP Mayo 2026\SynologyDrive\CT_14\01190395.JPG,moved
CT_14,C:\Users\USUARIO\Desktop\BP Mayo 2026\SynologyDrive\CT_14\101EK113\01190396.JPG,C:\Users\USUARIO\Desktop\BP Mayo 2026\SynologyDrive\CT_14\01190396.JPG,moved
CT_14,C:\Users\USUARIO\Desktop\BP Mayo 2026\SynologyDrive\CT_14\101EK113\01190397.JPG,C:\Users\USUARIO\Desktop\BP Mayo 2026\SynologyDrive\CT_14\01190397.JPG,moved
CT_14,C:\Users\USUARIO\Desktop\BP Mayo 2026\SynologyDrive\CT_14\101EK113\01190398.JPG,C:\Users\USUARIO\Desktop\BP Mayo 2026\SynologyDrive\CT_14\01190398.JPG,moved
CT_14,C:\Users\USUARIO\Desktop\BP Mayo 2026\SynologyDrive\CT_14\101EK113\01190399.JPG,C:\Users\USUARIO\Desktop\BP Mayo 2026\SynologyDrive\CT_14\01190399.JPG,moved
CT_14,C:\Users\USUARIO\Desktop\BP Mayo 2026\SynologyDrive\CT_14\101EK113\01190400.JPG,C:\Users\USUARIO\Desktop\BP Mayo 2026\SynologyDrive\CT_14\01190400.JPG,moved
CT_14,C:\Users\USUARIO\Desktop\BP Mayo 2026\SynologyDrive\CT_14\101EK113\01190401.JPG,C:\Users\USUARIO\Desktop\BP Mayo 2026\SynologyDrive\CT_14\01190401.JPG,moved
CT_14,C:\Users\USUARIO\Desktop\BP Mayo 2026\SynologyDrive\CT_14\101EK113\01190402.JPG,C:\Users\USUARIO\Desktop\BP Mayo 2026\SynologyDrive\CT_14\01190402.JPG,moved
CT_14,C:\Users\USUARIO\Desktop\BP Mayo 2026\SynologyDrive\CT_14\101EK113\01190403.JPG,C:\Users\USUARIO\Desktop\BP Mayo 2026\SynologyDrive\CT_14\01190403.JPG,moved
CT_14,C:\Users\USUARIO\Desktop\BP Mayo 2026\SynologyDrive\CT_14\101EK113\01190404.JPG,C:\Users\USUARIO\Desktop\BP Mayo 2026\SynologyDrive\CT_14\01190404.JPG,moved
CT_14,C:\Users\USUARIO\Desktop\BP Mayo 2026\SynologyDrive\CT_14\101EK113\01190405.JPG,C:\Users\USUARIO\Desktop\BP Mayo 2026\SynologyDrive\CT_14\01190405.JPG,moved
CT_14,C:\Users\USUARIO\Desktop\BP Mayo 2026\SynologyDrive\CT_14\101EK113\01190406.JPG,C:\Users\USUARIO\Desktop\BP Mayo 2026\SynologyDrive\CT_14\01190406.JPG,moved
CT_14,C:\Users\USUARIO\Desktop\BP Mayo 2026\SynologyDrive\CT_14\101EK113\01190407.JPG,C:\Users\USUARIO\Desktop\BP Mayo 2026\SynologyDrive\CT_14\01190407.JPG,moved
CT_14,C:\Users\USUARIO\Desktop\BP Mayo 2026\SynologyDrive\CT_14\101EK113\01190408.JPG,C:\Users\USUARIO\Desktop\BP Mayo 2026\SynologyDrive\CT_14\01190408.JPG,moved
CT_14,C:\Users\USUARIO\Desktop\BP Mayo 2026\SynologyDrive\CT_14\101EK113\01190409.JPG,C:\Users\USUARIO\Desktop\BP Mayo 2026\SynologyDrive\CT_14\01190409.JPG,moved
CT_14,C:\Users\USUARIO\Desktop\BP Mayo 2026\SynologyDrive\CT_14\101EK113\01190410.JPG,C:\Users\USUARIO\Desktop\BP Mayo 2026\SynologyDrive\CT_14\01190410.JPG,moved
CT_14,C:\Users\USUARIO\Desktop\BP Mayo 2026\SynologyDrive\CT_14\101EK113\01190411.JPG,C:\Users\USUARIO\Desktop\BP Mayo 2026\SynologyDrive\CT_14\01190411.JPG,moved
CT_14,C:\Users\USUARIO\Desktop\BP Mayo 2026\SynologyDrive\CT_14\101EK113\01190412.JPG,C:\Users\USUARIO\Desktop\BP Mayo 2026\SynologyDrive\CT_14\01190412.JPG,moved
CT_14,C:\Users\USUARIO\Desktop\BP Mayo 2026\SynologyDrive\CT_14\101EK113\01190413.JPG,C:\Users\USUARIO\Desktop\BP Mayo 2026\SynologyDrive\CT_14\01190413.JPG,moved
CT_14,C:\Users\USUARIO\Desktop\BP Mayo 2026\SynologyDrive\CT_14\101EK113\01190414.JPG,C:\Users\USUARIO\Desktop\BP Mayo 2026\SynologyDrive\CT_14\01190414.JPG,moved
CT_14,C:\Users\USUARIO\Desktop\BP Mayo 2026\SynologyDrive\CT_14\101EK113\01190415.JPG,C:\Users\USUARIO\Desktop\BP Mayo 2026\SynologyDrive\CT_14\01190415.JPG,moved
CT_14,C:\Users\USUARIO\Desktop\BP Mayo 2026\SynologyDrive\CT_14\101EK113\01190416.JPG,C:\Users\USUARIO\Desktop\BP Mayo 2026\SynologyDrive\CT_14\01190416.JPG,moved
CT_14,C:\Users\USUARIO\Desktop\BP Mayo 2026\SynologyDrive\CT_14\101EK113\01190417.JPG,C:\Users\USUARIO\Desktop\BP Mayo 2026\SynologyDrive\CT_14\01190417.JPG,moved
CT_14,C:\Users\USUARIO\Desktop\BP Mayo 2026\SynologyDrive\CT_14\101EK113\01190418.JPG,C:\Users\USUARIO\Desktop\BP Mayo 2026\SynologyDrive\CT_14\01190418.JPG,moved
CT_14,C:\Users\USUARIO\Desktop\BP Mayo 2026\SynologyDrive\CT_14\101EK113\01190419.JPG,C:\Users\USUARIO\Desktop\BP Mayo 2026\SynologyDrive\CT_14\01190419.JPG,moved
CT_14,C:\Users\USUARIO\Desktop\BP Mayo 2026\SynologyDrive\CT_14\101EK113\01190420.JPG,C:\Users\USUARIO\Desktop\BP Mayo 2026\SynologyDrive\CT_14\01190420.JPG,moved
CT_14,C:\Users\USUARIO\Desktop\BP Mayo 2026\SynologyDrive\CT_14\101EK113\01190421.JPG,C:\Users\USUARIO\Desktop\BP Mayo 2026\SynologyDrive\CT_14\01190421.JPG,moved
CT_14,C:\Users\USUARIO\Desktop\BP Mayo 2026\SynologyDrive\CT_14\101EK113\01190422.JPG,C:\Users\USUARIO\Desktop\BP Mayo 2026\SynologyDrive\CT_14\01190422.JPG,moved
CT_14,C:\Users\USUARIO\Desktop\BP Mayo 2026\SynologyDrive\CT_14\101EK113\01190423.JPG,C:\Users\USUARIO\Desktop\BP Mayo 2026\SynologyDrive\CT_14\01190423.JPG,moved
CT_14,C:\Users\USUARIO\Desktop\BP Mayo 2026\SynologyDrive\CT_14\101EK113\01190424.JPG,C:\Users\USUARIO\Desktop\BP Mayo 2026\SynologyDrive\CT_14\01190424.JPG,moved
CT_14,C:\Users\USUARIO\Desktop\BP Mayo 2026\SynologyDrive\CT_14\101EK113\01190425.JPG,C:\Users\USUARIO\Desktop\BP Mayo 2026\SynologyDrive\CT_14\01190425.JPG,moved
CT_14,C:\Users\USUARIO\Desktop\BP Mayo 2026\SynologyDrive\CT_14\101EK113\01190426.JPG,C:\Users\USUARIO\Desktop\BP Mayo 2026\SynologyDrive\CT_14\01190426.JPG,moved
CT_14,C:\Users\USUARIO\Desktop\BP Mayo 2026\SynologyDrive\CT_14\101EK113\01190427.JPG,C:\Users\USUARIO\Desktop\BP Mayo 2026\SynologyDrive\CT_14\01190427.JPG,moved
CT_14,C:\Users\USUARIO\Desktop\BP Mayo 2026\SynologyDrive\CT_14\101EK113\01190428.JPG,C:\Users\USUARIO\Desktop\BP Mayo 2026\SynologyDrive\CT_14\01190428.JPG,moved
CT_14,C:\Users\USUARIO\Desktop\BP Mayo 2026\SynologyDrive\CT_14\101EK113\01190429.JPG,C:\Users\USUARIO\Desktop\BP Mayo 2026\SynologyDrive\CT_14\01190429.JPG,moved
CT_14,C:\Users\USUARIO\Desktop\BP Mayo 2026\SynologyDrive\CT_14\101EK113\01190430.JPG,C:\Users\USUARIO\Desktop\BP Mayo 2026\SynologyDrive\CT_14\01190430.JPG,moved
CT_14,C:\Users\USUARIO\Desktop\BP Mayo 2026\SynologyDrive\CT_14\101EK113\01190431.JPG,C:\Users\USUARIO\Desktop\BP Mayo 2026\SynologyDrive\CT_14\01190431.JPG,moved
CT_14,C:\Users\USUARIO\Desktop\BP Mayo 2026\SynologyDrive\CT_14\101EK113\01190432.JPG,C:\Users\USUARIO\Desktop\BP Mayo 2026\SynologyDrive\CT_14\01190432.JPG,moved
CT_14,C:\Users\USUARIO\Desktop\BP Mayo 2026\SynologyDrive\CT_14\101EK113\01190433.JPG,C:\Users\USUARIO\Desktop\BP Mayo 2026\SynologyDrive\CT_14\01190433.JPG,moved
CT_14,C:\Users\USUARIO\Desktop\BP Mayo 2026\SynologyDrive\CT_14\101EK113\01190434.JPG,C:\Users\USUARIO\Desktop\BP Mayo 2026\SynologyDrive\CT_14\01190434.JPG,moved
CT_14,C:\Users\USUARIO\Desktop\BP Mayo 2026\SynologyDrive\CT_14\101EK113\01190435.JPG,C:\Users\USUARIO\Desktop\BP Mayo 2026\SynologyDrive\CT_14\01190435.JPG,moved
CT_14,C:\Users\USUARIO\Desktop\BP Mayo 2026\SynologyDrive\CT_14\101EK113\01190436.JPG,C:\Users\USUARIO\Desktop\BP Mayo 2026\SynologyDrive\CT_14\01190436.JPG,moved
CT_14,C:\Users\USUARIO\Desktop\BP Mayo 2026\SynologyDrive\CT_14\101EK113\01190437.JPG,C:\Users\USUARIO\Desktop\BP Mayo 2026\SynologyDrive\CT_14\01190437.JPG,moved
CT_14,C:\Users\USUARIO\Desktop\BP Mayo 2026\SynologyDrive\CT_14\101EK113\01190438.JPG,C:\Users\USUARIO\Desktop\BP Mayo 2026\SynologyDrive\CT_14\01190438.JPG,moved
CT_14,C:\Users\USUARIO\Desktop\BP Mayo 2026\SynologyDrive\CT_14\101EK113\01190439.JPG,C:\Users\USUARIO\Desktop\BP Mayo 2026\SynologyDrive\CT_14\01190439.JPG,moved
CT_14,C:\Users\USUARIO\Desktop\BP Mayo 2026\SynologyDrive\CT_14\101EK113\01190440.JPG,C:\Users\USUARIO\Desktop\BP Mayo 2026\SynologyDrive\CT_14\01190440.JPG,moved
CT_14,C:\Users\USUARIO\Desktop\BP Mayo 2026\SynologyDrive\CT_14\101EK113\01190441.JPG,C:\Users\USUARIO\Desktop\BP Mayo 2026\SynologyDrive\CT_14\01190441.JPG,moved
CT_14,C:\Users\USUARIO\Desktop\BP Mayo 2026\SynologyDrive\CT_14\101EK113\01190442.JPG,C:\Users\USUARIO\Desktop\BP Mayo 2026\SynologyDrive\CT_14\01190442.JPG,moved
CT_14,C:\Users\USUARIO\Desktop\BP Mayo 2026\SynologyDrive\CT_14\101EK113\01190443.JPG,C:\Users\USUARIO\Desktop\BP Mayo 2026\SynologyDrive\CT_14\01190443.JPG,moved
CT_14,C:\Users\USUARIO\Desktop\BP Mayo 2026\SynologyDrive\CT_14\101EK113\01190444.JPG,C:\Users\USUARIO\Desktop\BP Mayo 2026\SynologyDrive\CT_14\01190444.JPG,moved
CT_14,C:\Users\USUARIO\Desktop\BP Mayo 2026\SynologyDrive\CT_14\101EK113\01190445.JPG,C:\Users\USUARIO\Desktop\BP Mayo 2026\SynologyDrive\CT_14\01190445.JPG,moved
CT_14,C:\Users\USUARIO\Desktop\BP Mayo 2026\SynologyDrive\CT_14\101EK113\01190446.JPG,C:\Users\USUARIO\Desktop\BP Mayo 2026\SynologyDrive\CT_14\01190446.JPG,moved
CT_14,C:\Users\USUARIO\Desktop\BP Mayo 2026\SynologyDrive\CT_14\101EK113\01190447.JPG,C:\Users\USUARIO\Desktop\BP Mayo 2026\SynologyDrive\CT_14\01190447.JPG,moved
CT_14,C:\Users\USUARIO\Desktop\BP Mayo 2026\SynologyDrive\CT_14\101EK113\01190448.JPG,C:\Users\USUARIO\Desktop\BP Mayo 2026\SynologyDrive\CT_14\01190448.JPG,moved
CT_14,C:\Users\USUARIO\Desktop\BP Mayo 2026\SynologyDrive\CT_14\101EK113\01190449.JPG,C:\Users\USUARIO\Desktop\BP Mayo 2026\SynologyDrive\CT_14\01190449.JPG,moved
CT_14,C:\Users\USUARIO\Desktop\BP Mayo 2026\SynologyDrive\CT_14\101EK113\01190450.JPG,C:\Users\USUARIO\Desktop\BP Mayo 2026\SynologyDrive\CT_14\01190450.JPG,moved
CT_14,C:\Users\USUARIO\Desktop\BP Mayo 2026\SynologyDrive\CT_14\101EK113\01190451.JPG,C:\Users\USUARIO\Desktop\BP Mayo 2026\SynologyDrive\CT_14\01190451.JPG,moved
CT_14,C:\Users\USUARIO\Desktop\BP Mayo 2026\SynologyDrive\CT_14\101EK113\01190452.JPG,C:\Users\USUARIO\Desktop\BP Mayo 2026\SynologyDrive\CT_14\01190452.JPG,moved
CT_14,C:\Users\USUARIO\Desktop\BP Mayo 2026\SynologyDrive\CT_14\101EK113\01190453.JPG,C:\Users\USUARIO\Desktop\BP Mayo 2026\SynologyDrive\CT_14\01190453.JPG,moved
CT_14,C:\Users\USUARIO\Desktop\BP Mayo 2026\SynologyDrive\CT_14\101EK113\01190454.JPG,C:\Users\USUARIO\Desktop\BP Mayo 2026\SynologyDrive\CT_14\01190454.JPG,moved
CT_14,C:\Users\USUARIO\Desktop\BP Mayo 2026\SynologyDrive\CT_14\101EK113\01190455.JPG,C:\Users\USUARIO\Desktop\BP Mayo 2026\SynologyDrive\CT_14\01190455.JPG,moved
CT_14,C:\Users\USUARIO\Desktop\BP Mayo 2026\SynologyDrive\CT_14\101EK113\01190456.JPG,C:\Users\USUARIO\Desktop\BP Mayo 2026\SynologyDrive\CT_14\01190456.JPG,moved
CT_14,C:\Users\USUARIO\Desktop\BP Mayo 2026\SynologyDrive\CT_14\101EK113\01190457.JPG,C:\Users\USUARIO\Desktop\BP Mayo 2026\SynologyDrive\CT_14\01190457.JPG,moved
CT_14,C:\Users\USUARIO\Desktop\BP Mayo 2026\SynologyDrive\CT_14\101EK113\01190458.JPG,C:\Users\USUARIO\Desktop\BP Mayo 2026\SynologyDrive\CT_14\01190458.JPG,moved
CT_14,C:\Users\USUARIO\Desktop\BP Mayo 2026\SynologyDrive\CT_14\101EK113\01190459.JPG,C:\Users\USUARIO\Desktop\BP Mayo 2026\SynologyDrive\CT_14\01190459.JPG,moved
CT_14,C:\Users\USUARIO\Desktop\BP Mayo 2026\SynologyDrive\CT_14\101EK113\01190460.JPG,C:\Users\USUARIO\Desktop\BP Mayo 2026\SynologyDrive\CT_14\01190460.JPG,moved
CT_14,C:\Users\USUARIO\Desktop\BP Mayo 2026\SynologyDrive\CT_14\101EK113\01190461.JPG,C:\Users\USUARIO\Desktop\BP Mayo 2026\SynologyDrive\CT_14\01190461.JPG,moved
CT_14,C:\Users\USUARIO\Desktop\BP Mayo 2026\SynologyDrive\CT_14\101EK113\01190462.JPG,C:\Users\USUARIO\Desktop\BP Mayo 2026\SynologyDrive\CT_14\01190462.JPG,moved
CT_14,C:\Users\USUARIO\Desktop\BP Mayo 2026\SynologyDrive\CT_14\101EK113\01190463.JPG,C:\Users\USUARIO\Desktop\BP Mayo 2026\SynologyDrive\CT_14\01190463.JPG,moved
CT_14,C:\Users\USUARIO\Desktop\BP Mayo 2026\SynologyDrive\CT_14\101EK113\01190464.JPG,C:\Users\USUARIO\Desktop\BP Mayo 2026\SynologyDrive\CT_14\01190464.JPG,moved
CT_14,C:\Users\USUARIO\Desktop\BP Mayo 2026\SynologyDrive\CT_14\101EK113\01190465.JPG,C:\Users\USUARIO\Desktop\BP Mayo 2026\SynologyDrive\CT_14\01190465.JPG,moved
CT_14,C:\Users\USUARIO\Desktop\BP Mayo 2026\SynologyDrive\CT_14\101EK113\01190466.JPG,C:\Users\USUARIO\Desktop\BP Mayo 2026\SynologyDrive\CT_14\01190466.JPG,moved
CT_14,C:\Users\USUARIO\Desktop\BP Mayo 2026\SynologyDrive\CT_14\101EK113\01190467.JPG,C:\Users\USUARIO\Desktop\BP Mayo 2026\SynologyDrive\CT_14\01190467.JPG,moved
CT_14,C:\Users\USUARIO\Desktop\BP Mayo 2026\SynologyDrive\CT_14\101EK113\01190468.JPG,C:\Users\USUARIO\Desktop\BP Mayo 2026\SynologyDrive\CT_14\01190468.JPG,moved
CT_14,C:\Users\USUARIO\Desktop\BP Mayo 2026\SynologyDrive\CT_14\101EK113\01190469.JPG,C:\Users\USUARIO\Desktop\BP Mayo 2026\SynologyDrive\CT_14\01190469.JPG,moved
CT_14,C:\Users\USUARIO\Desktop\BP Mayo 2026\SynologyDrive\CT_14\101EK113\01190470.JPG,C:\Users\USUARIO\Desktop\BP Mayo 2026\SynologyDrive\CT_14\01190470.JPG,moved
CT_14,C:\Users\USUARIO\Desktop\BP Mayo 2026\SynologyDrive\CT_14\101EK113\01190471.JPG,C:\Users\USUARIO\Desktop\BP Mayo 2026\SynologyDrive\CT_14\01190471.JPG,moved
CT_14,C:\Users\USUARIO\Desktop\BP Mayo 2026\SynologyDrive\CT_14\101EK113\01190472.JPG,C:\Users\USUARIO\Desktop\BP Mayo 2026\SynologyDrive\CT_14\01190472.JPG,moved
CT_14,C:\Users\USUARIO\Desktop\BP Mayo 2026\SynologyDrive\CT_14\101EK113\01190473.JPG,C:\Users\USUARIO\Desktop\BP Mayo 2026\SynologyDrive\CT_14\01190473.JPG,moved
CT_14,C:\Users\USUARIO\Desktop\BP Mayo 2026\SynologyDrive\CT_14\101EK113\01190474.JPG,C:\Users\USUARIO\Desktop\BP Mayo 2026\SynologyDrive\CT_14\01190474.JPG,moved
CT_14,C:\Users\USUARIO\Desktop\BP Mayo 2026\SynologyDrive\CT_14\101EK113\01190475.JPG,C:\Users\USUARIO\Desktop\BP Mayo 2026\SynologyDrive\CT_14\01190475.JPG,moved
CT_14,C:\Users\USUARIO\Desktop\BP Mayo 2026\SynologyDrive\CT_14\101EK113\01190476.JPG,C:\Users\USUARIO\Desktop\BP Mayo 2026\SynologyDrive\CT_14\01190476.JPG,moved
CT_14,C:\Users\USUARIO\Desktop\BP Mayo 2026\SynologyDrive\CT_14\101EK113\01190477.JPG,C:\Users\USUARIO\Desktop\BP Mayo 2026\SynologyDrive\CT_14\01190477.JPG,moved
CT_14,C:\Users\USUARIO\Desktop\BP Mayo 2026\SynologyDrive\CT_14\101EK113\01190478.JPG,C:\Users\USUARIO\Desktop\BP Mayo 2026\SynologyDrive\CT_14\01190478.JPG,moved
CT_14,C:\Users\USUARIO\Desktop\BP Mayo 2026\SynologyDrive\CT_14\101EK113\01190479.JPG,C:\Users\USUARIO\Desktop\BP Mayo 2026\SynologyDrive\CT_14\01190479.JPG,moved
CT_14,C:\Users\USUARIO\Desktop\BP Mayo 2026\SynologyDrive\CT_14\101EK113\01190480.JPG,C:\Users\USUARIO\Desktop\BP Mayo 2026\SynologyDrive\CT_14\01190480.JPG,moved
CT_14,C:\Users\USUARIO\Desktop\BP Mayo 2026\SynologyDrive\CT_14\101EK113\01190481.JPG,C:\Users\USUARIO\Desktop\BP Mayo 2026\SynologyDrive\CT_14\01190481.JPG,moved
CT_14,C:\Users\USUARIO\Desktop\BP Mayo 2026\SynologyDrive\CT_14\101EK113\01190482.JPG,C:\Users\USUARIO\Desktop\BP Mayo 2026\SynologyDrive\CT_14\01190482.JPG,moved
CT_14,C:\Users\USUARIO\Desktop\BP Mayo 2026\SynologyDrive\CT_14\101EK113\01190483.JPG,C:\Users\USUARIO\Desktop\BP Mayo 2026\SynologyDrive\CT_14\01190483.JPG,moved
CT_14,C:\Users\USUARIO\Desktop\BP Mayo 2026\SynologyDrive\CT_14\101EK113\01190484.JPG,C:\Users\USUARIO\Desktop\BP Mayo 2026\SynologyDrive\CT_14\01190484.JPG,moved
CT_14,C:\Users\USUARIO\Desktop\BP Mayo 2026\SynologyDrive\CT_14\101EK113\01190485.JPG,C:\Users\USUARIO\Desktop\BP Mayo 2026\SynologyDrive\CT_14\01190485.JPG,moved
CT_14,C:\Users\USUARIO\Desktop\BP Mayo 2026\SynologyDrive\CT_14\101EK113\01190486.JPG,C:\Users\USUARIO\Desktop\BP Mayo 2026\SynologyDrive\CT_14\01190486.JPG,moved
CT_14,C:\Users\USUARIO\Desktop\BP Mayo 2026\SynologyDrive\CT_14\101EK113\01190487.JPG,C:\Users\USUARIO\Desktop\BP Mayo 2026\SynologyDrive\CT_14\01190487.JPG,moved
CT_14,C:\Users\USUARIO\Desktop\BP Mayo 2026\SynologyDrive\CT_14\101EK113\01190488.JPG,C:\Users\USUARIO\Desktop\BP Mayo 2026\SynologyDrive\CT_14\01190488.JPG,moved
CT_14,C:\Users\USUARIO\Desktop\BP Mayo 2026\SynologyDrive\CT_14\101EK113\01190489.JPG,C:\Users\USUARIO\Desktop\BP Mayo 2026\SynologyDrive\CT_14\01190489.JPG,moved
CT_14,C:\Users\USUARIO\Desktop\BP Mayo 2026\SynologyDrive\CT_14\101EK113\01190490.JPG,C:\Users\USUARIO\Desktop\BP Mayo 2026\SynologyDrive\CT_14\01190490.JPG,moved
CT_14,C:\Users\USUARIO\Desktop\BP Mayo 2026\SynologyDrive\CT_14\101EK113\01190491.JPG,C:\Users\USUARIO\Desktop\BP Mayo 2026\SynologyDrive\CT_14\01190491.JPG,moved
CT_14,C:\Users\USUARIO\Desktop\BP Mayo 2026\SynologyDrive\CT_14\101EK113\01190492.JPG,C:\Users\USUARIO\Desktop\BP Mayo 2026\SynologyDrive\CT_14\01190492.JPG,moved
CT_14,C:\Users\USUARIO\Desktop\BP Mayo 2026\SynologyDrive\CT_14\101EK113\01190493.JPG,C:\Users\USUARIO\Desktop\BP Mayo 2026\SynologyDrive\CT_14\01190493.JPG,moved
CT_14,C:\Users\USUARIO\Desktop\BP Mayo 2026\SynologyDrive\CT_14\101EK113\01190494.JPG,C:\Users\USUARIO\Desktop\BP Mayo 2026\SynologyDrive\CT_14\01190494.JPG,moved
CT_14,C:\Users\USUARIO\Desktop\BP Mayo 2026\SynologyDrive\CT_14\101EK113\01190495.JPG,C:\Users\USUARIO\Desktop\BP Mayo 2026\SynologyDrive\CT_14\01190495.JPG,moved
CT_14,C:\Users\USUARIO\Desktop\BP Mayo 2026\SynologyDrive\CT_14\101EK113\01190496.JPG,C:\Users\USUARIO\Desktop\BP Mayo 2026\SynologyDrive\CT_14\01190496.JPG,moved
CT_14,C:\Users\USUARIO\Desktop\BP Mayo 2026\SynologyDrive\CT_14\101EK113\01190497.JPG,C:\Users\USUARIO\Desktop\BP Mayo 2026\SynologyDrive\CT_14\01190497.JPG,moved
CT_14,C:\Users\USUARIO\Desktop\BP Mayo 2026\SynologyDrive\CT_14\101EK113\01190498.JPG,C:\Users\USUARIO\Desktop\BP Mayo 2026\SynologyDrive\CT_14\01190498.JPG,moved
CT_14,C:\Users\USUARIO\Desktop\BP Mayo 2026\SynologyDrive\CT_14\101EK113\01190499.JPG,C:\Users\USUARIO\Desktop\BP Mayo 2026\SynologyDrive\CT_14\01190499.JPG,moved
CT_14,C:\Users\USUARIO\Desktop\BP Mayo 2026\SynologyDrive\CT_14\101EK113\01190500.JPG,C:\Users\USUARIO\Desktop\BP Mayo 2026\SynologyDrive\CT_14\01190500.JPG,moved
CT_14,C:\Users\USUARIO\Desktop\BP Mayo 2026\SynologyDrive\CT_14\101EK113\01190501.JPG,C:\Users\USUARIO\Desktop\BP Mayo 2026\SynologyDrive\CT_14\01190501.JPG,moved
CT_14,C:\Users\USUARIO\Desktop\BP Mayo 2026\SynologyDrive\CT_14\101EK113\01190502.JPG,C:\Users\USUARIO\Desktop\BP Mayo 2026\SynologyDrive\CT_14\01190502.JPG,moved
CT_14,C:\Users\USUARIO\Desktop\BP Mayo 2026\SynologyDrive\CT_14\101EK113\01190503.JPG,C:\Users\USUARIO\Desktop\BP Mayo 2026\SynologyDrive\CT_14\01190503.JPG,moved
CT_14,C:\Users\USUARIO\Desktop\BP Mayo 2026\SynologyDrive\CT_14\101EK113\01190504.JPG,C:\Users\USUARIO\Desktop\BP Mayo 2026\SynologyDrive\CT_14\01190504.JPG,moved
CT_14,C:\Users\USUARIO\Desktop\BP Mayo 2026\SynologyDrive\CT_14\101EK113\01190505.JPG,C:\Users\USUARIO\Desktop\BP Mayo 2026\SynologyDrive\CT_14\01190505.JPG,moved
CT_14,C:\Users\USUARIO\Desktop\BP Mayo 2026\SynologyDrive\CT_14\101EK113\01190506.JPG,C:\Users\USUARIO\Desktop\BP Mayo 2026\SynologyDrive\CT_14\01190506.JPG,moved
CT_14,C:\Users\USUARIO\Desktop\BP Mayo 2026\SynologyDrive\CT_14\101EK113\01190507.JPG,C:\Users\USUARIO\Desktop\BP Mayo 2026\SynologyDrive\CT_14\01190507.JPG,moved
CT_14,C:\Users\USUARIO\Desktop\BP Mayo 2026\SynologyDrive\CT_14\101EK113\01190508.JPG,C:\Users\USUARIO\Desktop\BP Mayo 2026\SynologyDrive\CT_14\01190508.JPG,moved
CT_14,C:\Users\USUARIO\Desktop\BP Mayo 2026\SynologyDrive\CT_14\101EK113\01190509.JPG,C:\Users\USUARIO\Desktop\BP Mayo 2026\SynologyDrive\CT_14\01190509.JPG,moved
CT_14,C:\Users\USUARIO\Desktop\BP Mayo 2026\SynologyDrive\CT_14\101EK113\01190510.JPG,C:\Users\USUARIO\Desktop\BP Mayo 2026\SynologyDrive\CT_14\01190510.JPG,moved
CT_14,C:\Users\USUARIO\Desktop\BP Mayo 2026\SynologyDrive\CT_14\101EK113\01190511.JPG,C:\Users\USUARIO\Desktop\BP Mayo 2026\SynologyDrive\CT_14\01190511.JPG,moved
CT_14,C:\Users\USUARIO\Desktop\BP Mayo 2026\SynologyDrive\CT_14\101EK113\01190512.JPG,C:\Users\USUARIO\Desktop\BP Mayo 2026\SynologyDrive\CT_14\01190512.JPG,moved
CT_14,C:\Users\USUARIO\Desktop\BP Mayo 2026\SynologyDrive\CT_14\101EK113\01190513.JPG,C:\Users\USUARIO\Desktop\BP Mayo 2026\SynologyDrive\CT_14\01190513.JPG,moved
CT_14,C:\Users\USUARIO\Desktop\BP Mayo 2026\SynologyDrive\CT_14\101EK113\01190514.JPG,C:\Users\USUARIO\Desktop\BP Mayo 2026\SynologyDrive\CT_14\01190514.JPG,moved
CT_14,C:\Users\USUARIO\Desktop\BP Mayo 2026\SynologyDrive\CT_14\101EK113\01190515.JPG,C:\Users\USUARIO\Desktop\BP Mayo 2026\SynologyDrive\CT_14\01190515.JPG,moved
CT_14,C:\Users\USUARIO\Desktop\BP Mayo 2026\SynologyDrive\CT_14\101EK113\01190516.JPG,C:\Users\USUARIO\Desktop\BP Mayo 2026\SynologyDrive\CT_14\01190516.JPG,moved
CT_14,C:\Users\USUARIO\Desktop\BP Mayo 2026\SynologyDrive\CT_14\101EK113\01190517.JPG,C:\Users\USUARIO\Desktop\BP Mayo 2026\SynologyDrive\CT_14\01190517.JPG,moved
CT_14,C:\Users\USUARIO\Desktop\BP Mayo 2026\SynologyDrive\CT_14\101EK113\01190518.JPG,C:\Users\USUARIO\Desktop\BP Mayo 2026\SynologyDrive\CT_14\01190518.JPG,moved
CT_14,C:\Users\USUARIO\Desktop\BP Mayo 2026\SynologyDrive\CT_14\101EK113\01190519.JPG,C:\Users\USUARIO\Desktop\BP Mayo 2026\SynologyDrive\CT_14\01190519.JPG,moved
CT_14,C:\Users\USUARIO\Desktop\BP Mayo 2026\SynologyDrive\CT_14\101EK113\01190520.JPG,C:\Users\USUARIO\Desktop\BP Mayo 2026\SynologyDrive\CT_14\01190520.JPG,moved
CT_14,C:\Users\USUARIO\Desktop\BP Mayo 2026\SynologyDrive\CT_14\101EK113\01190521.JPG,C:\Users\USUARIO\Desktop\BP Mayo 2026\SynologyDrive\CT_14\01190521.JPG,moved
CT_14,C:\Users\USUARIO\Desktop\BP Mayo 2026\SynologyDrive\CT_14\101EK113\01190522.JPG,C:\Users\USUARIO\Desktop\BP Mayo 2026\SynologyDrive\CT_14\01190522.JPG,moved
CT_14,C:\Users\USUARIO\Desktop\BP Mayo 2026\SynologyDrive\CT_14\101EK113\01190523.JPG,C:\Users\USUARIO\Desktop\BP Mayo 2026\SynologyDrive\CT_14\01190523.JPG,moved
CT_14,C:\Users\USUARIO\Desktop\BP Mayo 2026\SynologyDrive\CT_14\101EK113\01190524.JPG,C:\Users\USUARIO\Desktop\BP Mayo 2026\SynologyDrive\CT_14\01190524.JPG,moved
CT_14,C:\Users\USUARIO\Desktop\BP Mayo 2026\SynologyDrive\CT_14\101EK113\01190525.JPG,C:\Users\USUARIO\Desktop\BP Mayo 2026\SynologyDrive\CT_14\01190525.JPG,moved
CT_14,C:\Users\USUARIO\Desktop\BP Mayo 2026\SynologyDrive\CT_14\101EK113\01190526.JPG,C:\Users\USUARIO\Desktop\BP Mayo 2026\SynologyDrive\CT_14\01190526.JPG,moved
CT_14,C:\Users\USUARIO\Desktop\BP Mayo 2026\SynologyDrive\CT_14\101EK113\01190527.JPG,C:\Users\USUARIO\Desktop\BP Mayo 2026\SynologyDrive\CT_14\01190527.JPG,moved
CT_14,C:\Users\USUARIO\Desktop\BP Mayo 2026\SynologyDrive\CT_14\101EK113\01190528.JPG,C:\Users\USUARIO\Desktop\BP Mayo 2026\SynologyDrive\CT_14\01190528.JPG,moved
CT_14,C:\Users\USUARIO\Desktop\BP Mayo 2026\SynologyDrive\CT_14\101EK113\01190529.JPG,C:\Users\USUARIO\Desktop\BP Mayo 2026\SynologyDrive\CT_14\01190529.JPG,moved
CT_14,C:\Users\USUARIO\Desktop\BP Mayo 2026\SynologyDrive\CT_14\101EK113\01190530.JPG,C:\Users\USUARIO\Desktop\BP Mayo 2026\SynologyDrive\CT_14\01190530.JPG,moved
CT_14,C:\Users\USUARIO\Desktop\BP Mayo 2026\SynologyDrive\CT_14\101EK113\01190531.JPG,C:\Users\USUARIO\Desktop\BP Mayo 2026\SynologyDrive\CT_14\01190531.JPG,moved
CT_14,C:\Users\USUARIO\Desktop\BP Mayo 2026\SynologyDrive\CT_14\101EK113\01190532.JPG,C:\Users\USUARIO\Desktop\BP Mayo 2026\SynologyDrive\CT_14\01190532.JPG,moved
CT_14,C:\Users\USUARIO\Desktop\BP Mayo 2026\SynologyDrive\CT_14\101EK113\01190533.JPG,C:\Users\USUARIO\Desktop\BP Mayo 2026\SynologyDrive\CT_14\01190533.JPG,moved
CT_14,C:\Users\USUARIO\Desktop\BP Mayo 2026\SynologyDrive\CT_14\101EK113\01190534.JPG,C:\Users\USUARIO\Desktop\BP Mayo 2026\SynologyDrive\CT_14\01190534.JPG,moved
CT_14,C:\Users\USUARIO\Desktop\BP Mayo 2026\SynologyDrive\CT_14\101EK113\01190535.JPG,C:\Users\USUARIO\Desktop\BP Mayo 2026\SynologyDrive\CT_14\01190535.JPG,moved
CT_14,C:\Users\USUARIO\Desktop\BP Mayo 2026\SynologyDrive\CT_14\101EK113\01190536.JPG,C:\Users\USUARIO\Desktop\BP Mayo 2026\SynologyDrive\CT_14\01190536.JPG,moved
CT_14,C:\Users\USUARIO\Desktop\BP Mayo 2026\SynologyDrive\CT_14\101EK113\01190537.JPG,C:\Users\USUARIO\Desktop\BP Mayo 2026\SynologyDrive\CT_14\01190537.JPG,moved
CT_14,C:\Users\USUARIO\Desktop\BP Mayo 2026\SynologyDrive\CT_14\101EK113\01190538.JPG,C:\Users\USUARIO\Desktop\BP Mayo 2026\SynologyDrive\CT_14\01190538.JPG,moved
CT_14,C:\Users\USUARIO\Desktop\BP Mayo 2026\SynologyDrive\CT_14\101EK113\01190539.JPG,C:\Users\USUARIO\Desktop\BP Mayo 2026\SynologyDrive\CT_14\01190539.JPG,moved
CT_14,C:\Users\USUARIO\Desktop\BP Mayo 2026\SynologyDrive\CT_14\101EK113\01190540.JPG,C:\Users\USUARIO\Desktop\BP Mayo 2026\SynologyDrive\CT_14\01190540.JPG,moved
CT_14,C:\Users\USUARIO\Desktop\BP Mayo 2026\SynologyDrive\CT_14\101EK113\01190541.JPG,C:\Users\USUARIO\Desktop\BP Mayo 2026\SynologyDrive\CT_14\01190541.JPG,moved
CT_14,C:\Users\USUARIO\Desktop\BP Mayo 2026\SynologyDrive\CT_14\101EK113\01190542.JPG,C:\Users\USUARIO\Desktop\BP Mayo 2026\SynologyDrive\CT_14\01190542.JPG,moved
CT_14,C:\Users\USUARIO\Desktop\BP Mayo 2026\SynologyDrive\CT_14\101EK113\01190543.JPG,C:\Users\USUARIO\Desktop\BP Mayo 2026\SynologyDrive\CT_14\01190543.JPG,moved
CT_14,C:\Users\USUARIO\Desktop\BP Mayo 2026\SynologyDrive\CT_14\101EK113\01190544.JPG,C:\Users\USUARIO\Desktop\BP Mayo 2026\SynologyDrive\CT_14\01190544.JPG,moved
CT_14,C:\Users\USUARIO\Desktop\BP Mayo 2026\SynologyDrive\CT_14\101EK113\01190545.JPG,C:\Users\USUARIO\Desktop\BP Mayo 2026\SynologyDrive\CT_14\01190545.JPG,moved
CT_14,C:\Users\USUARIO\Desktop\BP Mayo 2026\SynologyDrive\CT_14\101EK113\01190546.JPG,C:\Users\USUARIO\Desktop\BP Mayo 2026\SynologyDrive\CT_14\01190546.JPG,moved
CT_14,C:\Users\USUARIO\Desktop\BP Mayo 2026\SynologyDrive\CT_14\101EK113\01190547.JPG,C:\Users\USUARIO\Desktop\BP Mayo 2026\SynologyDrive\CT_14\01190547.JPG,moved
CT_14,C:\Users\USUARIO\Desktop\BP Mayo 2026\SynologyDrive\CT_14\101EK113\01190548.JPG,C:\Users\USUARIO\Desktop\BP Mayo 2026\SynologyDrive\CT_14\01190548.JPG,moved
CT_14,C:\Users\USUARIO\Desktop\BP Mayo 2026\SynologyDrive\CT_14\101EK113\01190549.JPG,C:\Users\USUARIO\Desktop\BP Mayo 2026\SynologyDrive\CT_14\01190549.JPG,moved
CT_14,C:\Users\USUARIO\Desktop\BP Mayo 2026\SynologyDrive\CT_14\101EK113\01190550.JPG,C:\Users\USUARIO\Desktop\BP Mayo 2026\SynologyDrive\CT_14\01190550.JPG,moved
CT_14,C:\Users\USUARIO\Desktop\BP Mayo 2026\SynologyDrive\CT_14\101EK113\01190551.JPG,C:\Users\USUARIO\Desktop\BP Mayo 2026\SynologyDrive\CT_14\01190551.JPG,moved
CT_14,C:\Users\USUARIO\Desktop\BP Mayo 2026\SynologyDrive\CT_14\101EK113\01190552.JPG,C:\Users\USUARIO\Desktop\BP Mayo 2026\SynologyDrive\CT_14\01190552.JPG,moved
CT_14,C:\Users\USUARIO\Desktop\BP Mayo 2026\SynologyDrive\CT_14\101EK113\01190553.JPG,C:\Users\USUARIO\Desktop\BP Mayo 2026\SynologyDrive\CT_14\01190553.JPG,moved
CT_14,C:\Users\USUARIO\Desktop\BP Mayo 2026\SynologyDrive\CT_14\101EK113\01190554.JPG,C:\Users\USUARIO\Desktop\BP Mayo 2026\SynologyDrive\CT_14\01190554.JPG,moved
CT_14,C:\Users\USUARIO\Desktop\BP Mayo 2026\SynologyDrive\CT_14\101EK113\01190555.JPG,C:\Users\USUARIO\Desktop\BP Mayo 2026\SynologyDrive\CT_14\01190555.JPG,moved
CT_14,C:\Users\USUARIO\Desktop\BP Mayo 2026\SynologyDrive\CT_14\101EK113\01190556.JPG,C:\Users\USUARIO\Desktop\BP Mayo 2026\SynologyDrive\CT_14\01190556.JPG,moved
CT_14,C:\Users\USUARIO\Desktop\BP Mayo 2026\SynologyDrive\CT_14\101EK113\01190557.JPG,C:\Users\USUARIO\Desktop\BP Mayo 2026\SynologyDrive\CT_14\01190557.JPG,moved
CT_14,C:\Users\USUARIO\Desktop\BP Mayo 2026\SynologyDrive\CT_14\101EK113\01190558.JPG,C:\Users\USUARIO\Desktop\BP Mayo 2026\SynologyDrive\CT_14\01190558.JPG,moved
CT_14,C:\Users\USUARIO\Desktop\BP Mayo 2026\SynologyDrive\CT_14\101EK113\01190559.JPG,C:\Users\USUARIO\Desktop\BP Mayo 2026\SynologyDrive\CT_14\01190559.JPG,moved
CT_14,C:\Users\USUARIO\Desktop\BP Mayo 2026\SynologyDrive\CT_14\101EK113\01190560.JPG,C:\Users\USUARIO\Desktop\BP Mayo 2026\SynologyDrive\CT_14\01190560.JPG,moved
CT_14,C:\Users\USUARIO\Desktop\BP Mayo 2026\SynologyDrive\CT_14\101EK113\01190561.JPG,C:\Users\USUARIO\Desktop\BP Mayo 2026\SynologyDrive\CT_14\01190561.JPG,moved
CT_14,C:\Users\USUARIO\Desktop\BP Mayo 2026\SynologyDrive\CT_14\101EK113\01190562.JPG,C:\Users\USUARIO\Desktop\BP Mayo 2026\SynologyDrive\CT_14\01190562.JPG,moved
CT_14,C:\Users\USUARIO\Desktop\BP Mayo 2026\SynologyDrive\CT_14\101EK113\01190563.JPG,C:\Users\USUARIO\Desktop\BP Mayo 2026\SynologyDrive\CT_14\01190563.JPG,moved
CT_14,C:\Users\USUARIO\Desktop\BP Mayo 2026\SynologyDrive\CT_14\101EK113\01190564.JPG,C:\Users\USUARIO\Desktop\BP Mayo 2026\SynologyDrive\CT_14\01190564.JPG,moved
CT_14,C:\Users\USUARIO\Desktop\BP Mayo 2026\SynologyDrive\CT_14\101EK113\01190565.JPG,C:\Users\USUARIO\Desktop\BP Mayo 2026\SynologyDrive\CT_14\01190565.JPG,moved
CT_14,C:\Users\USUARIO\Desktop\BP Mayo 2026\SynologyDrive\CT_14\101EK113\01190566.JPG,C:\Users\USUARIO\Desktop\BP Mayo 2026\SynologyDrive\CT_14\01190566.JPG,moved
CT_14,C:\Users\USUARIO\Desktop\BP Mayo 2026\SynologyDrive\CT_14\101EK113\01190567.JPG,C:\Users\USUARIO\Desktop\BP Mayo 2026\SynologyDrive\CT_14\01190567.JPG,moved
CT_14,C:\Users\USUARIO\Desktop\BP Mayo 2026\SynologyDrive\CT_14\101EK113\01190568.JPG,C:\Users\USUARIO\Desktop\BP Mayo 2026\SynologyDrive\CT_14\01190568.JPG,moved
CT_14,C:\Users\USUARIO\Desktop\BP Mayo 2026\SynologyDrive\CT_14\101EK113\01190569.JPG,C:\Users\USUARIO\Desktop\BP Mayo 2026\SynologyDrive\CT_14\01190569.JPG,moved
CT_14,C:\Users\USUARIO\Desktop\BP Mayo 2026\SynologyDrive\CT_14\101EK113\01190570.JPG,C:\Users\USUARIO\Desktop\BP Mayo 2026\SynologyDrive\CT_14\01190570.JPG,moved
CT_14,C:\Users\USUARIO\Desktop\BP Mayo 2026\SynologyDrive\CT_14\101EK113\01190571.JPG,C:\Users\USUARIO\Desktop\BP Mayo 2026\SynologyDrive\CT_14\01190571.JPG,moved
CT_14,C:\Users\USUARIO\Desktop\BP Mayo 2026\SynologyDrive\CT_14\101EK113\01190572.JPG,C:\Users\USUARIO\Desktop\BP Mayo 2026\SynologyDrive\CT_14\01190572.JPG,moved
CT_14,C:\Users\USUARIO\Desktop\BP Mayo 2026\SynologyDrive\CT_14\101EK113\01190573.JPG,C:\Users\USUARIO\Desktop\BP Mayo 2026\SynologyDrive\CT_14\01190573.JPG,moved
CT_14,C:\Users\USUARIO\Desktop\BP Mayo 2026\SynologyDrive\CT_14\101EK113\01190574.JPG,C:\Users\USUARIO\Desktop\BP Mayo 2026\SynologyDrive\CT_14\01190574.JPG,moved
CT_14,C:\Users\USUARIO\Desktop\BP Mayo 2026\SynologyDrive\CT_14\101EK113\01190575.JPG,C:\Users\USUARIO\Desktop\BP Mayo 2026\SynologyDrive\CT_14\01190575.JPG,moved
CT_14,C:\Users\USUARIO\Desktop\BP Mayo 2026\SynologyDrive\CT_14\101EK113\01190576.JPG,C:\Users\USUARIO\Desktop\BP Mayo 2026\SynologyDrive\CT_14\01190576.JPG,moved
CT_14,C:\Users\USUARIO\Desktop\BP Mayo 2026\SynologyDrive\CT_14\101EK113\01190577.JPG,C:\Users\USUARIO\Desktop\BP Mayo 2026\SynologyDrive\CT_14\01190577.JPG,moved
CT_14,C:\Users\USUARIO\Desktop\BP Mayo 2026\SynologyDrive\CT_14\101EK113\01190578.JPG,C:\Users\USUARIO\Desktop\BP Mayo 2026\SynologyDrive\CT_14\01190578.JPG,moved
CT_14,C:\Users\USUARIO\Desktop\BP Mayo 2026\SynologyDrive\CT_14\101EK113\01190579.JPG,C:\Users\USUARIO\Desktop\BP Mayo 2026\SynologyDrive\CT_14\01190579.JPG,moved
CT_14,C:\Users\USUARIO\Desktop\BP Mayo 2026\SynologyDrive\CT_14\101EK113\01190580.JPG,C:\Users\USUARIO\Desktop\BP Mayo 2026\SynologyDrive\CT_14\01190580.JPG,moved
CT_14,C:\Users\USUARIO\Desktop\BP Mayo 2026\SynologyDrive\CT_14\101EK113\01190581.JPG,C:\Users\USUARIO\Desktop\BP Mayo 2026\SynologyDrive\CT_14\01190581.JPG,moved
CT_14,C:\Users\USUARIO\Desktop\BP Mayo 2026\SynologyDrive\CT_14\101EK113\01190582.JPG,C:\Users\USUARIO\Desktop\BP Mayo 2026\SynologyDrive\CT_14\01190582.JPG,moved
CT_14,C:\Users\USUARIO\Desktop\BP Mayo 2026\SynologyDrive\CT_14\101EK113\01190583.JPG,C:\Users\USUARIO\Desktop\BP Mayo 2026\SynologyDrive\CT_14\01190583.JPG,moved
CT_14,C:\Users\USUARIO\Desktop\BP Mayo 2026\SynologyDrive\CT_14\101EK113\01190584.JPG,C:\Users\USUARIO\Desktop\BP Mayo 2026\SynologyDrive\CT_14\01190584.JPG,moved
CT_14,C:\Users\USUARIO\Desktop\BP Mayo 2026\SynologyDrive\CT_14\101EK113\01190585.JPG,C:\Users\USUARIO\Desktop\BP Mayo 2026\SynologyDrive\CT_14\01190585.JPG,moved
CT_14,C:\Users\USUARIO\Desktop\BP Mayo 2026\SynologyDrive\CT_14\101EK113\01190586.JPG,C:\Users\USUARIO\Desktop\BP Mayo 2026\SynologyDrive\CT_14\01190586.JPG,moved
CT_14,C:\Users\USUARIO\Desktop\BP Mayo 2026\SynologyDrive\CT_14\101EK113\01190587.JPG,C:\Users\USUARIO\Desktop\BP Mayo 2026\SynologyDrive\CT_14\01190587.JPG,moved
CT_14,C:\Users\USUARIO\Desktop\BP Mayo 2026\SynologyDrive\CT_14\101EK113\01190588.JPG,C:\Users\USUARIO\Desktop\BP Mayo 2026\SynologyDrive\CT_14\01190588.JPG,moved
CT_14,C:\Users\USUARIO\Desktop\BP Mayo 2026\SynologyDrive\CT_14\101EK113\01190589.JPG,C:\Users\USUARIO\Desktop\BP Mayo 2026\SynologyDrive\CT_14\01190589.JPG,moved
CT_14,C:\Users\USUARIO\Desktop\BP Mayo 2026\SynologyDrive\CT_14\101EK113\01190590.JPG,C:\Users\USUARIO\Desktop\BP Mayo 2026\SynologyDrive\CT_14\01190590.JPG,moved
CT_14,C:\Users\USUARIO\Desktop\BP Mayo 2026\SynologyDrive\CT_14\101EK113\01190591.JPG,C:\Users\USUARIO\Desktop\BP Mayo 2026\SynologyDrive\CT_14\01190591.JPG,moved
CT_14,C:\Users\USUARIO\Desktop\BP Mayo 2026\SynologyDrive\CT_14\101EK113\01190592.JPG,C:\Users\USUARIO\Desktop\BP Mayo 2026\SynologyDrive\CT_14\01190592.JPG,moved
CT_14,C:\Users\USUARIO\Desktop\BP Mayo 2026\SynologyDrive\CT_14\101EK113\01190593.JPG,C:\Users\USUARIO\Desktop\BP Mayo 2026\SynologyDrive\CT_14\01190593.JPG,moved
CT_14,C:\Users\USUARIO\Desktop\BP Mayo 2026\SynologyDrive\CT_14\101EK113\01190594.JPG,C:\Users\USUARIO\Desktop\BP Mayo 2026\SynologyDrive\CT_14\01190594.JPG,moved
CT_14,C:\Users\USUARIO\Desktop\BP Mayo 2026\SynologyDrive\CT_14\101EK113\01190595.JPG,C:\Users\USUARIO\Desktop\BP Mayo 2026\SynologyDrive\CT_14\01190595.JPG,moved
CT_14,C:\Users\USUARIO\Desktop\BP Mayo 2026\SynologyDrive\CT_14\101EK113\01190596.JPG,C:\Users\USUARIO\Desktop\BP Mayo 2026\SynologyDrive\CT_14\01190596.JPG,moved
CT_14,C:\Users\USUARIO\Desktop\BP Mayo 2026\SynologyDrive\CT_14\101EK113\01190597.JPG,C:\Users\USUARIO\Desktop\BP Mayo 2026\SynologyDrive\CT_14\01190597.JPG,moved
CT_14,C:\Users\USUARIO\Desktop\BP Mayo 2026\SynologyDrive\CT_14\101EK113\01190598.JPG,C:\Users\USUARIO\Desktop\BP Mayo 2026\SynologyDrive\CT_14\01190598.JPG,moved
CT_14,C:\Users\USUARIO\Desktop\BP Mayo 2026\SynologyDrive\CT_14\101EK113\01190599.JPG,C:\Users\USUARIO\Desktop\BP Mayo 2026\SynologyDrive\CT_14\01190599.JPG,moved
CT_14,C:\Users\USUARIO\Desktop\BP Mayo 2026\SynologyDrive\CT_14\101EK113\01190600.JPG,C:\Users\USUARIO\Desktop\BP Mayo 2026\SynologyDrive\CT_14\01190600.JPG,moved
CT_14,C:\Users\USUARIO\Desktop\BP Mayo 2026\SynologyDrive\CT_14\101EK113\01190601.JPG,C:\Users\USUARIO\Desktop\BP Mayo 2026\SynologyDrive\CT_14\01190601.JPG,moved
CT_14,C:\Users\USUARIO\Desktop\BP Mayo 2026\SynologyDrive\CT_14\101EK113\01190602.JPG,C:\Users\USUARIO\Desktop\BP Mayo 2026\SynologyDrive\CT_14\01190602.JPG,moved
CT_14,C:\Users\USUARIO\Desktop\BP Mayo 2026\SynologyDrive\CT_14\101EK113\01190603.JPG,C:\Users\USUARIO\Desktop\BP Mayo 2026\SynologyDrive\CT_14\01190603.JPG,moved
CT_14,C:\Users\USUARIO\Desktop\BP Mayo 2026\SynologyDrive\CT_14\101EK113\01190604.JPG,C:\Users\USUARIO\Desktop\BP Mayo 2026\SynologyDrive\CT_14\01190604.JPG,moved
CT_14,C:\Users\USUARIO\Desktop\BP Mayo 2026\SynologyDrive\CT_14\101EK113\01190605.JPG,C:\Users\USUARIO\Desktop\BP Mayo 2026\SynologyDrive\CT_14\01190605.JPG,moved
CT_14,C:\Users\USUARIO\Desktop\BP Mayo 2026\SynologyDrive\CT_14\101EK113\01190606.JPG,C:\Users\USUARIO\Desktop\BP Mayo 2026\SynologyDrive\CT_14\01190606.JPG,moved
CT_14,C:\Users\USUARIO\Desktop\BP Mayo 2026\SynologyDrive\CT_14\101EK113\01190607.JPG,C:\Users\USUARIO\Desktop\BP Mayo 2026\SynologyDrive\CT_14\01190607.JPG,moved
CT_14,C:\Users\USUARIO\Desktop\BP Mayo 2026\SynologyDrive\CT_14\101EK113\01190608.JPG,C:\Users\USUARIO\Desktop\BP Mayo 2026\SynologyDrive\CT_14\01190608.JPG,moved
CT_14,C:\Users\USUARIO\Desktop\BP Mayo 2026\SynologyDrive\CT_14\101EK113\01190609.JPG,C:\Users\USUARIO\Desktop\BP Mayo 2026\SynologyDrive\CT_14\01190609.JPG,moved
CT_14,C:\Users\USUARIO\Desktop\BP Mayo 2026\SynologyDrive\CT_14\101EK113\01190610.JPG,C:\Users\USUARIO\Desktop\BP Mayo 2026\SynologyDrive\CT_14\01190610.JPG,moved
CT_14,C:\Users\USUARIO\Desktop\BP Mayo 2026\SynologyDrive\CT_14\101EK113\01190611.JPG,C:\Users\USUARIO\Desktop\BP Mayo 2026\SynologyDrive\CT_14\01190611.JPG,moved
CT_14,C:\Users\USUARIO\Desktop\BP Mayo 2026\SynologyDrive\CT_14\101EK113\01190612.JPG,C:\Users\USUARIO\Desktop\BP Mayo 2026\SynologyDrive\CT_14\01190612.JPG,moved
CT_14,C:\Users\USUARIO\Desktop\BP Mayo 2026\SynologyDrive\CT_14\101EK113\01190613.JPG,C:\Users\USUARIO\Desktop\BP Mayo 2026\SynologyDrive\CT_14\01190613.JPG,moved
CT_14,C:\Users\USUARIO\Desktop\BP Mayo 2026\SynologyDrive\CT_14\101EK113\01190614.JPG,C:\Users\USUARIO\Desktop\BP Mayo 2026\SynologyDrive\CT_14\01190614.JPG,moved
CT_14,C:\Users\USUARIO\Desktop\BP Mayo 2026\SynologyDrive\CT_14\101EK113\01190615.JPG,C:\Users\USUARIO\Desktop\BP Mayo 2026\SynologyDrive\CT_14\01190615.JPG,moved
CT_14,C:\Users\USUARIO\Desktop\BP Mayo 2026\SynologyDrive\CT_14\101EK113\01190616.JPG,C:\Users\USUARIO\Desktop\BP Mayo 2026\SynologyDrive\CT_14\01190616.JPG,moved
CT_14,C:\Users\USUARIO\Desktop\BP Mayo 2026\SynologyDrive\CT_14\101EK113\01190617.JPG,C:\Users\USUARIO\Desktop\BP Mayo 2026\SynologyDrive\CT_14\01190617.JPG,moved
CT_14,C:\Users\USUARIO\Desktop\BP Mayo 2026\SynologyDrive\CT_14\101EK113\01190618.JPG,C:\Users\USUARIO\Desktop\BP Mayo 2026\SynologyDrive\CT_14\01190618.JPG,moved
CT_14,C:\Users\USUARIO\Desktop\BP Mayo 2026\SynologyDrive\CT_14\101EK113\01190619.JPG,C:\Users\USUARIO\Desktop\BP Mayo 2026\SynologyDrive\CT_14\01190619.JPG,moved
CT_14,C:\Users\USUARIO\Desktop\BP Mayo 2026\SynologyDrive\CT_14\101EK113\01190620.JPG,C:\Users\USUARIO\Desktop\BP Mayo 2026\SynologyDrive\CT_14\01190620.JPG,moved
CT_14,C:\Users\USUARIO\Desktop\BP Mayo 2026\SynologyDrive\CT_14\101EK113\01190621.JPG,C:\Users\USUARIO\Desktop\BP Mayo 2026\SynologyDrive\CT_14\01190621.JPG,moved
CT_14,C:\Users\USUARIO\Desktop\BP Mayo 2026\SynologyDrive\CT_14\101EK113\01190622.JPG,C:\Users\USUARIO\Desktop\BP Mayo 2026\SynologyDrive\CT_14\01190622.JPG,moved
CT_14,C:\Users\USUARIO\Desktop\BP Mayo 2026\SynologyDrive\CT_14\101EK113\01190623.JPG,C:\Users\USUARIO\Desktop\BP Mayo 2026\SynologyDrive\CT_14\01190623.JPG,moved
CT_14,C:\Users\USUARIO\Desktop\BP Mayo 2026\SynologyDrive\CT_14\101EK113\01190624.JPG,C:\Users\USUARIO\Desktop\BP Mayo 2026\SynologyDrive\CT_14\01190624.JPG,moved
CT_14,C:\Users\USUARIO\Desktop\BP Mayo 2026\SynologyDrive\CT_14\101EK113\01190625.JPG,C:\Users\USUARIO\Desktop\BP Mayo 2026\SynologyDrive\CT_14\01190625.JPG,moved
CT_14,C:\Users\USUARIO\Desktop\BP Mayo 2026\SynologyDrive\CT_14\101EK113\01190626.JPG,C:\Users\USUARIO\Desktop\BP Mayo 2026\SynologyDrive\CT_14\01190626.JPG,moved
CT_14,C:\Users\USUARIO\Desktop\BP Mayo 2026\SynologyDrive\CT_14\101EK113\01190627.JPG,C:\Users\USUARIO\Desktop\BP Mayo 2026\SynologyDrive\CT_14\01190627.JPG,moved
CT_14,C:\Users\USUARIO\Desktop\BP Mayo 2026\SynologyDrive\CT_14\101EK113\01190628.JPG,C:\Users\USUARIO\Desktop\BP Mayo 2026\SynologyDrive\CT_14\01190628.JPG,moved
CT_14,C:\Users\USUARIO\Desktop\BP Mayo 2026\SynologyDrive\CT_14\101EK113\01190629.JPG,C:\Users\USUARIO\Desktop\BP Mayo 2026\SynologyDrive\CT_14\01190629.JPG,moved
CT_14,C:\Users\USUARIO\Desktop\BP Mayo 2026\SynologyDrive\CT_14\101EK113\01190630.JPG,C:\Users\USUARIO\Desktop\BP Mayo 2026\SynologyDrive\CT_14\01190630.JPG,moved
CT_14,C:\Users\USUARIO\Desktop\BP Mayo 2026\SynologyDrive\CT_14\101EK113\01190631.JPG,C:\Users\USUARIO\Desktop\BP Mayo 2026\SynologyDrive\CT_14\01190631.JPG,moved
CT_14,C:\Users\USUARIO\Desktop\BP Mayo 2026\SynologyDrive\CT_14\101EK113\01190632.JPG,C:\Users\USUARIO\Desktop\BP Mayo 2026\SynologyDrive\CT_14\01190632.JPG,moved
CT_14,C:\Users\USUARIO\Desktop\BP Mayo 2026\SynologyDrive\CT_14\101EK113\01190633.JPG,C:\Users\USUARIO\Desktop\BP Mayo 2026\SynologyDrive\CT_14\01190633.JPG,moved
CT_14,C:\Users\USUARIO\Desktop\BP Mayo 2026\SynologyDrive\CT_14\101EK113\01190634.JPG,C:\Users\USUARIO\Desktop\BP Mayo 2026\SynologyDrive\CT_14\01190634.JPG,moved
CT_14,C:\Users\USUARIO\Desktop\BP Mayo 2026\SynologyDrive\CT_14\101EK113\01190635.JPG,C:\Users\USUARIO\Desktop\BP Mayo 2026\SynologyDrive\CT_14\01190635.JPG,moved
CT_14,C:\Users\USUARIO\Desktop\BP Mayo 2026\SynologyDrive\CT_14\101EK113\01190636.JPG,C:\Users\USUARIO\Desktop\BP Mayo 2026\SynologyDrive\CT_14\01190636.JPG,moved
CT_14,C:\Users\USUARIO\Desktop\BP Mayo 2026\SynologyDrive\CT_14\101EK113\01190637.JPG,C:\Users\USUARIO\Desktop\BP Mayo 2026\SynologyDrive\CT_14\01190637.JPG,moved
CT_14,C:\Users\USUARIO\Desktop\BP Mayo 2026\SynologyDrive\CT_14\101EK113\01190638.JPG,C:\Users\USUARIO\Desktop\BP Mayo 2026\SynologyDrive\CT_14\01190638.JPG,moved
CT_14,C:\Users\USUARIO\Desktop\BP Mayo 2026\SynologyDrive\CT_14\101EK113\01190639.JPG,C:\Users\USUARIO\Desktop\BP Mayo 2026\SynologyDrive\CT_14\01190639.JPG,moved
CT_14,C:\Users\USUARIO\Desktop\BP Mayo 2026\SynologyDrive\CT_14\101EK113\01190640.JPG,C:\Users\USUARIO\Desktop\BP Mayo 2026\SynologyDrive\CT_14\01190640.JPG,moved
CT_14,C:\Users\USUARIO\Desktop\BP Mayo 2026\SynologyDrive\CT_14\101EK113\01190641.JPG,C:\Users\USUARIO\Desktop\BP Mayo 2026\SynologyDrive\CT_14\01190641.JPG,moved
CT_14,C:\Users\USUARIO\Desktop\BP Mayo 2026\SynologyDrive\CT_14\101EK113\01190642.JPG,C:\Users\USUARIO\Desktop\BP Mayo 2026\SynologyDrive\CT_14\01190642.JPG,moved
CT_14,C:\Users\USUARIO\Desktop\BP Mayo 2026\SynologyDrive\CT_14\101EK113\01190643.JPG,C:\Users\USUARIO\Desktop\BP Mayo 2026\SynologyDrive\CT_14\01190643.JPG,moved
CT_14,C:\Users\USUARIO\Desktop\BP Mayo 2026\SynologyDrive\CT_14\101EK113\01190644.JPG,C:\Users\USUARIO\Desktop\BP Mayo 2026\SynologyDrive\CT_14\01190644.JPG,moved
CT_14,C:\Users\USUARIO\Desktop\BP Mayo 2026\SynologyDrive\CT_14\101EK113\01190645.JPG,C:\Users\USUARIO\Desktop\BP Mayo 2026\SynologyDrive\CT_14\01190645.JPG,moved
CT_14,C:\Users\USUARIO\Desktop\BP Mayo 2026\SynologyDrive\CT_14\101EK113\01190646.JPG,C:\Users\USUARIO\Desktop\BP Mayo 2026\SynologyDrive\CT_14\01190646.JPG,moved
CT_14,C:\Users\USUARIO\Desktop\BP Mayo 2026\SynologyDrive\CT_14\101EK113\01190647.JPG,C:\Users\USUARIO\Desktop\BP Mayo 2026\SynologyDrive\CT_14\01190647.JPG,moved
CT_14,C:\Users\USUARIO\Desktop\BP Mayo 2026\SynologyDrive\CT_14\101EK113\01190648.JPG,C:\Users\USUARIO\Desktop\BP Mayo 2026\SynologyDrive\CT_14\01190648.JPG,moved
CT_14,C:\Users\USUARIO\Desktop\BP Mayo 2026\SynologyDrive\CT_14\101EK113\01190649.JPG,C:\Users\USUARIO\Desktop\BP Mayo 2026\SynologyDrive\CT_14\01190649.JPG,moved
CT_14,C:\Users\USUARIO\Desktop\BP Mayo 2026\SynologyDrive\CT_14\101EK113\01190650.JPG,C:\Users\USUARIO\Desktop\BP Mayo 2026\SynologyDrive\CT_14\01190650.JPG,moved
CT_14,C:\Users\USUARIO\Desktop\BP Mayo 2026\SynologyDrive\CT_14\101EK113\01190651.JPG,C:\Users\USUARIO\Desktop\BP Mayo 2026\SynologyDrive\CT_14\01190651.JPG,moved
CT_14,C:\Users\USUARIO\Desktop\BP Mayo 2026\SynologyDrive\CT_14\101EK113\01190652.JPG,C:\Users\USUARIO\Desktop\BP Mayo 2026\SynologyDrive\CT_14\01190652.JPG,moved
CT_14,C:\Users\USUARIO\Desktop\BP Mayo 2026\SynologyDrive\CT_14\101EK113\01190653.JPG,C:\Users\USUARIO\Desktop\BP Mayo 2026\SynologyDrive\CT_14\01190653.JPG,moved
CT_14,C:\Users\USUARIO\Desktop\BP Mayo 2026\SynologyDrive\CT_14\101EK113\01190654.JPG,C:\Users\USUARIO\Desktop\BP Mayo 2026\SynologyDrive\CT_14\01190654.JPG,moved
CT_14,C:\Users\USUARIO\Desktop\BP Mayo 2026\SynologyDrive\CT_14\101EK113\01190655.JPG,C:\Users\USUARIO\Desktop\BP Mayo 2026\SynologyDrive\CT_14\01190655.JPG,moved
CT_14,C:\Users\USUARIO\Desktop\BP Mayo 2026\SynologyDrive\CT_14\101EK113\01190656.JPG,C:\Users\USUARIO\Desktop\BP Mayo 2026\SynologyDrive\CT_14\01190656.JPG,moved
CT_14,C:\Users\USUARIO\Desktop\BP Mayo 2026\SynologyDrive\CT_14\101EK113\01190657.JPG,C:\Users\USUARIO\Desktop\BP Mayo 2026\SynologyDrive\CT_14\01190657.JPG,moved
CT_14,C:\Users\USUARIO\Desktop\BP Mayo 2026\SynologyDrive\CT_14\101EK113\01190658.JPG,C:\Users\USUARIO\Desktop\BP Mayo 2026\SynologyDrive\CT_14\01190658.JPG,moved
CT_14,C:\Users\USUARIO\Desktop\BP Mayo 2026\SynologyDrive\CT_14\101EK113\01190659.JPG,C:\Users\USUARIO\Desktop\BP Mayo 2026\SynologyDrive\CT_14\01190659.JPG,moved
CT_14,C:\Users\USUARIO\Desktop\BP Mayo 2026\SynologyDrive\CT_14\101EK113\01190660.JPG,C:\Users\USUARIO\Desktop\BP Mayo 2026\SynologyDrive\CT_14\01190660.JPG,moved
CT_14,C:\Users\USUARIO\Desktop\BP Mayo 2026\SynologyDrive\CT_14\101EK113\01190661.JPG,C:\Users\USUARIO\Desktop\BP Mayo 2026\SynologyDrive\CT_14\01190661.JPG,moved
CT_14,C:\Users\USUARIO\Desktop\BP Mayo 2026\SynologyDrive\CT_14\101EK113\01190662.JPG,C:\Users\USUARIO\Desktop\BP Mayo 2026\SynologyDrive\CT_14\01190662.JPG,moved
CT_14,C:\Users\USUARIO\Desktop\BP Mayo 2026\SynologyDrive\CT_14\101EK113\01190663.JPG,C:\Users\USUARIO\Desktop\BP Mayo 2026\SynologyDrive\CT_14\01190663.JPG,moved
CT_14,C:\Users\USUARIO\Desktop\BP Mayo 2026\SynologyDrive\CT_14\101EK113\01190664.JPG,C:\Users\USUARIO\Desktop\BP Mayo 2026\SynologyDrive\CT_14\01190664.JPG,moved
CT_14,C:\Users\USUARIO\Desktop\BP Mayo 2026\SynologyDrive\CT_14\101EK113\01190665.JPG,C:\Users\USUARIO\Desktop\BP Mayo 2026\SynologyDrive\CT_14\01190665.JPG,moved
CT_14,C:\Users\USUARIO\Desktop\BP Mayo 2026\SynologyDrive\CT_14\101EK113\01190666.JPG,C:\Users\USUARIO\Desktop\BP Mayo 2026\SynologyDrive\CT_14\01190666.JPG,moved
CT_14,C:\Users\USUARIO\Desktop\BP Mayo 2026\SynologyDrive\CT_14\101EK113\01190667.JPG,C:\Users\USUARIO\Desktop\BP Mayo 2026\SynologyDrive\CT_14\01190667.JPG,moved
CT_14,C:\Users\USUARIO\Desktop\BP Mayo 2026\SynologyDrive\CT_14\101EK113\01190668.JPG,C:\Users\USUARIO\Desktop\BP Mayo 2026\SynologyDrive\CT_14\01190668.JPG,moved
CT_14,C:\Users\USUARIO\Desktop\BP Mayo 2026\SynologyDrive\CT_14\101EK113\01190669.JPG,C:\Users\USUARIO\Desktop\BP Mayo 2026\SynologyDrive\CT_14\01190669.JPG,moved
CT_14,C:\Users\USUARIO\Desktop\BP Mayo 2026\SynologyDrive\CT_14\101EK113\01190670.JPG,C:\Users\USUARIO\Desktop\BP Mayo 2026\SynologyDrive\CT_14\01190670.JPG,moved
CT_14,C:\Users\USUARIO\Desktop\BP Mayo 2026\SynologyDrive\CT_14\101EK113\01190671.JPG,C:\Users\USUARIO\Desktop\BP Mayo 2026\SynologyDrive\CT_14\01190671.JPG,moved
CT_14,C:\Users\USUARIO\Desktop\BP Mayo 2026\SynologyDrive\CT_14\101EK113\01190672.JPG,C:\Users\USUARIO\Desktop\BP Mayo 2026\SynologyDrive\CT_14\01190672.JPG,moved
CT_14,C:\Users\USUARIO\Desktop\BP Mayo 2026\SynologyDrive\CT_14\101EK113\01190673.JPG,C:\Users\USUARIO\Desktop\BP Mayo 2026\SynologyDrive\CT_14\01190673.JPG,moved
CT_14,C:\Users\USUARIO\Desktop\BP Mayo 2026\SynologyDrive\CT_14\101EK113\01190674.JPG,C:\Users\USUARIO\Desktop\BP Mayo 2026\SynologyDrive\CT_14\01190674.JPG,moved
CT_14,C:\Users\USUARIO\Desktop\BP Mayo 2026\SynologyDrive\CT_14\101EK113\01190675.JPG,C:\Users\USUARIO\Desktop\BP Mayo 2026\SynologyDrive\CT_14\01190675.JPG,moved
CT_14,C:\Users\USUARIO\Desktop\BP Mayo 2026\SynologyDrive\CT_14\101EK113\01190676.JPG,C:\Users\USUARIO\Desktop\BP Mayo 2026\SynologyDrive\CT_14\01190676.JPG,moved
CT_14,C:\Users\USUARIO\Desktop\BP Mayo 2026\SynologyDrive\CT_14\101EK113\01190677.JPG,C:\Users\USUARIO\Desktop\BP Mayo 2026\SynologyDrive\CT_14\01190677.JPG,moved
CT_14,C:\Users\USUARIO\Desktop\BP Mayo 2026\SynologyDrive\CT_14\101EK113\01190678.JPG,C:\Users\USUARIO\Desktop\BP Mayo 2026\SynologyDrive\CT_14\01190678.JPG,moved
CT_14,C:\Users\USUARIO\Desktop\BP Mayo 2026\SynologyDrive\CT_14\101EK113\01190679.JPG,C:\Users\USUARIO\Desktop\BP Mayo 2026\SynologyDrive\CT_14\01190679.JPG,moved
CT_14,C:\Users\USUARIO\Desktop\BP Mayo 2026\SynologyDrive\CT_14\101EK113\01190680.JPG,C:\Users\USUARIO\Desktop\BP Mayo 2026\SynologyDrive\CT_14\01190680.JPG,moved
CT_14,C:\Users\USUARIO\Desktop\BP Mayo 2026\SynologyDrive\CT_14\101EK113\01190681.JPG,C:\Users\USUARIO\Desktop\BP Mayo 2026\SynologyDrive\CT_14\01190681.JPG,moved
CT_14,C:\Users\USUARIO\Desktop\BP Mayo 2026\SynologyDrive\CT_14\101EK113\01190682.JPG,C:\Users\USUARIO\Desktop\BP Mayo 2026\SynologyDrive\CT_14\01190682.JPG,moved
CT_14,C:\Users\USUARIO\Desktop\BP Mayo 2026\SynologyDrive\CT_14\101EK113\01190683.JPG,C:\Users\USUARIO\Desktop\BP Mayo 2026\SynologyDrive\CT_14\01190683.JPG,moved
CT_14,C:\Users\USUARIO\Desktop\BP Mayo 2026\SynologyDrive\CT_14\101EK113\01190684.JPG,C:\Users\USUARIO\Desktop\BP Mayo 2026\SynologyDrive\CT_14\01190684.JPG,moved
CT_14,C:\Users\USUARIO\Desktop\BP Mayo 2026\SynologyDrive\CT_14\101EK113\01190685.JPG,C:\Users\USUARIO\Desktop\BP Mayo 2026\SynologyDrive\CT_14\01190685.JPG,moved
CT_14,C:\Users\USUARIO\Desktop\BP Mayo 2026\SynologyDrive\CT_14\101EK113\01190686.JPG,C:\Users\USUARIO\Desktop\BP Mayo 2026\SynologyDrive\CT_14\01190686.JPG,moved
CT_14,C:\Users\USUARIO\Desktop\BP Mayo 2026\SynologyDrive\CT_14\101EK113\01190687.JPG,C:\Users\USUARIO\Desktop\BP Mayo 2026\SynologyDrive\CT_14\01190687.JPG,moved
CT_14,C:\Users\USUARIO\Desktop\BP Mayo 2026\SynologyDrive\CT_14\101EK113\01190688.JPG,C:\Users\USUARIO\Desktop\BP Mayo 2026\SynologyDrive\CT_14\01190688.JPG,moved
CT_14,C:\Users\USUARIO\Desktop\BP Mayo 2026\SynologyDrive\CT_14\101EK113\01190689.JPG,C:\Users\USUARIO\Desktop\BP Mayo 2026\SynologyDrive\CT_14\01190689.JPG,moved
CT_14,C:\Users\USUARIO\Desktop\BP Mayo 2026\SynologyDrive\CT_14\101EK113\01190690.JPG,C:\Users\USUARIO\Desktop\BP Mayo 2026\SynologyDrive\CT_14\01190690.JPG,moved
CT_14,C:\Users\USUARIO\Desktop\BP Mayo 2026\SynologyDrive\CT_14\101EK113\01190691.JPG,C:\Users\USUARIO\Desktop\BP Mayo 2026\SynologyDrive\CT_14\01190691.JPG,moved
CT_14,C:\Users\USUARIO\Desktop\BP Mayo 2026\SynologyDrive\CT_14\101EK113\01190692.JPG,C:\Users\USUARIO\Desktop\BP Mayo 2026\SynologyDrive\CT_14\01190692.JPG,moved
CT_14,C:\Users\USUARIO\Desktop\BP Mayo 2026\SynologyDrive\CT_14\101EK113\01190693.JPG,C:\Users\USUARIO\Desktop\BP Mayo 2026\SynologyDrive\CT_14\01190693.JPG,moved
CT_14,C:\Users\USUARIO\Desktop\BP Mayo 2026\SynologyDrive\CT_14\101EK113\01190694.JPG,C:\Users\USUARIO\Desktop\BP Mayo 2026\SynologyDrive\CT_14\01190694.JPG,moved
CT_14,C:\Users\USUARIO\Desktop\BP Mayo 2026\SynologyDrive\CT_14\101EK113\01190695.JPG,C:\Users\USUARIO\Desktop\BP Mayo 2026\SynologyDrive\CT_14\01190695.JPG,moved
CT_14,C:\Users\USUARIO\Desktop\BP Mayo 2026\SynologyDrive\CT_14\101EK113\01190696.JPG,C:\Users\USUARIO\Desktop\BP Mayo 2026\SynologyDrive\CT_14\01190696.JPG,moved
CT_14,C:\Users\USUARIO\Desktop\BP Mayo 2026\SynologyDrive\CT_14\101EK113\01190697.JPG,C:\Users\USUARIO\Desktop\BP Mayo 2026\SynologyDrive\CT_14\01190697.JPG,moved
CT_14,C:\Users\USUARIO\Desktop\BP Mayo 2026\SynologyDrive\CT_14\101EK113\01190698.JPG,C:\Users\USUARIO\Desktop\BP Mayo 2026\SynologyDrive\CT_14\01190698.JPG,moved
CT_14,C:\Users\USUARIO\Desktop\BP Mayo 2026\SynologyDrive\CT_14\101EK113\01190699.JPG,C:\Users\USUARIO\Desktop\BP Mayo 2026\SynologyDrive\CT_14\01190699.JPG,moved
CT_14,C:\Users\USUARIO\Desktop\BP Mayo 2026\SynologyDrive\CT_14\101EK113\01190700.JPG,C:\Users\USUARIO\Desktop\BP Mayo 2026\SynologyDrive\CT_14\01190700.JPG,moved
CT_14,C:\Users\USUARIO\Desktop\BP Mayo 2026\SynologyDrive\CT_14\101EK113\01190701.JPG,C:\Users\USUARIO\Desktop\BP Mayo 2026\SynologyDrive\CT_14\01190701.JPG,moved
CT_14,C:\Users\USUARIO\Desktop\BP Mayo 2026\SynologyDrive\CT_14\101EK113\01190702.JPG,C:\Users\USUARIO\Desktop\BP Mayo 2026\SynologyDrive\CT_14\01190702.JPG,moved
CT_14,C:\Users\USUARIO\Desktop\BP Mayo 2026\SynologyDrive\CT_14\101EK113\01190703.JPG,C:\Users\USUARIO\Desktop\BP Mayo 2026\SynologyDrive\CT_14\01190703.JPG,moved
CT_14,C:\Users\USUARIO\Desktop\BP Mayo 2026\SynologyDrive\CT_14\101EK113\01190704.JPG,C:\Users\USUARIO\Desktop\BP Mayo 2026\SynologyDrive\CT_14\01190704.JPG,moved
CT_14,C:\Users\USUARIO\Desktop\BP Mayo 2026\SynologyDrive\CT_14\101EK113\01190705.JPG,C:\Users\USUARIO\Desktop\BP Mayo 2026\SynologyDrive\CT_14\01190705.JPG,moved
CT_14,C:\Users\USUARIO\Desktop\BP Mayo 2026\SynologyDrive\CT_14\101EK113\01190706.JPG,C:\Users\USUARIO\Desktop\BP Mayo 2026\SynologyDrive\CT_14\01190706.JPG,moved
CT_14,C:\Users\USUARIO\Desktop\BP Mayo 2026\SynologyDrive\CT_14\101EK113\01190707.JPG,C:\Users\USUARIO\Desktop\BP Mayo 2026\SynologyDrive\CT_14\01190707.JPG,moved
CT_14,C:\Users\USUARIO\Desktop\BP Mayo 2026\SynologyDrive\CT_14\101EK113\01190708.JPG,C:\Users\USUARIO\Desktop\BP Mayo 2026\SynologyDrive\CT_14\01190708.JPG,moved
CT_14,C:\Users\USUARIO\Desktop\BP Mayo 2026\SynologyDrive\CT_14\101EK113\01190709.JPG,C:\Users\USUARIO\Desktop\BP Mayo 2026\SynologyDrive\CT_14\01190709.JPG,moved
CT_14,C:\Users\USUARIO\Desktop\BP Mayo 2026\SynologyDrive\CT_14\101EK113\01190710.JPG,C:\Users\USUARIO\Desktop\BP Mayo 2026\SynologyDrive\CT_14\01190710.JPG,moved
CT_14,C:\Users\USUARIO\Desktop\BP Mayo 2026\SynologyDrive\CT_14\101EK113\01190711.JPG,C:\Users\USUARIO\Desktop\BP Mayo 2026\SynologyDrive\CT_14\01190711.JPG,moved
CT_14,C:\Users\USUARIO\Desktop\BP Mayo 2026\SynologyDrive\CT_14\101EK113\01190712.JPG,C:\Users\USUARIO\Desktop\BP Mayo 2026\SynologyDrive\CT_14\01190712.JPG,moved
CT_14,C:\Users\USUARIO\Desktop\BP Mayo 2026\SynologyDrive\CT_14\101EK113\01190713.JPG,C:\Users\USUARIO\Desktop\BP Mayo 2026\SynologyDrive\CT_14\01190713.JPG,moved
CT_14,C:\Users\USUARIO\Desktop\BP Mayo 2026\SynologyDrive\CT_14\101EK113\01190714.JPG,C:\Users\USUARIO\Desktop\BP Mayo 2026\SynologyDrive\CT_14\01190714.JPG,moved
CT_14,C:\Users\USUARIO\Desktop\BP Mayo 2026\SynologyDrive\CT_14\101EK113\01190715.JPG,C:\Users\USUARIO\Desktop\BP Mayo 2026\SynologyDrive\CT_14\01190715.JPG,moved
CT_14,C:\Users\USUARIO\Desktop\BP Mayo 2026\SynologyDrive\CT_14\101EK113\01190716.JPG,C:\Users\USUARIO\Desktop\BP Mayo 2026\SynologyDrive\CT_14\01190716.JPG,moved
CT_14,C:\Users\USUARIO\Desktop\BP Mayo 2026\SynologyDrive\CT_14\101EK113\01190717.JPG,C:\Users\USUARIO\Desktop\BP Mayo 2026\SynologyDrive\CT_14\01190717.JPG,moved
CT_14,C:\Users\USUARIO\Desktop\BP Mayo 2026\SynologyDrive\CT_14\101EK113\01190718.JPG,C:\Users\USUARIO\Desktop\BP Mayo 2026\SynologyDrive\CT_14\01190718.JPG,moved
CT_14,C:\Users\USUARIO\Desktop\BP Mayo 2026\SynologyDrive\CT_14\101EK113\01190719.JPG,C:\Users\USUARIO\Desktop\BP Mayo 2026\SynologyDrive\CT_14\01190719.JPG,moved
CT_14,C:\Users\USUARIO\Desktop\BP Mayo 2026\SynologyDrive\CT_14\101EK113\01190720.JPG,C:\Users\USUARIO\Desktop\BP Mayo 2026\SynologyDrive\CT_14\01190720.JPG,moved
CT_14,C:\Users\USUARIO\Desktop\BP Mayo 2026\SynologyDrive\CT_14\101EK113\01190721.JPG,C:\Users\USUARIO\Desktop\BP Mayo 2026\SynologyDrive\CT_14\01190721.JPG,moved
CT_14,C:\Users\USUARIO\Desktop\BP Mayo 2026\SynologyDrive\CT_14\101EK113\01190722.JPG,C:\Users\USUARIO\Desktop\BP Mayo 2026\SynologyDrive\CT_14\01190722.JPG,moved
CT_14,C:\Users\USUARIO\Desktop\BP Mayo 2026\SynologyDrive\CT_14\101EK113\01190723.JPG,C:\Users\USUARIO\Desktop\BP Mayo 2026\SynologyDrive\CT_14\01190723.JPG,moved
CT_14,C:\Users\USUARIO\Desktop\BP Mayo 2026\SynologyDrive\CT_14\101EK113\01190724.JPG,C:\Users\USUARIO\Desktop\BP Mayo 2026\SynologyDrive\CT_14\01190724.JPG,moved
CT_14,C:\Users\USUARIO\Desktop\BP Mayo 2026\SynologyDrive\CT_14\101EK113\01190725.JPG,C:\Users\USUARIO\Desktop\BP Mayo 2026\SynologyDrive\CT_14\01190725.JPG,moved
CT_14,C:\Users\USUARIO\Desktop\BP Mayo 2026\SynologyDrive\CT_14\101EK113\01190726.JPG,C:\Users\USUARIO\Desktop\BP Mayo 2026\SynologyDrive\CT_14\01190726.JPG,moved
CT_14,C:\Users\USUARIO\Desktop\BP Mayo 2026\SynologyDrive\CT_14\101EK113\01190727.JPG,C:\Users\USUARIO\Desktop\BP Mayo 2026\SynologyDrive\CT_14\01190727.JPG,moved
CT_14,C:\Users\USUARIO\Desktop\BP Mayo 2026\SynologyDrive\CT_14\101EK113\01190728.JPG,C:\Users\USUARIO\Desktop\BP Mayo 2026\SynologyDrive\CT_14\01190728.JPG,moved
CT_14,C:\Users\USUARIO\Desktop\BP Mayo 2026\SynologyDrive\CT_14\101EK113\01190729.JPG,C:\Users\USUARIO\Desktop\BP Mayo 2026\SynologyDrive\CT_14\01190729.JPG,moved
CT_14,C:\Users\USUARIO\Desktop\BP Mayo 2026\SynologyDrive\CT_14\101EK113\01190730.JPG,C:\Users\USUARIO\Desktop\BP Mayo 2026\SynologyDrive\CT_14\01190730.JPG,moved
CT_14,C:\Users\USUARIO\Desktop\BP Mayo 2026\SynologyDrive\CT_14\101EK113\01190731.JPG,C:\Users\USUARIO\Desktop\BP Mayo 2026\SynologyDrive\CT_14\01190731.JPG,moved
CT_14,C:\Users\USUARIO\Desktop\BP Mayo 2026\SynologyDrive\CT_14\101EK113\01190732.JPG,C:\Users\USUARIO\Desktop\BP Mayo 2026\SynologyDrive\CT_14\01190732.JPG,moved
CT_14,C:\Users\USUARIO\Desktop\BP Mayo 2026\SynologyDrive\CT_14\101EK113\01190733.JPG,C:\Users\USUARIO\Desktop\BP Mayo 2026\SynologyDrive\CT_14\01190733.JPG,moved
CT_14,C:\Users\USUARIO\Desktop\BP Mayo 2026\SynologyDrive\CT_14\101EK113\01190734.JPG,C:\Users\USUARIO\Desktop\BP Mayo 2026\SynologyDrive\CT_14\01190734.JPG,moved
CT_14,C:\Users\USUARIO\Desktop\BP Mayo 2026\SynologyDrive\CT_14\101EK113\01190735.JPG,C:\Users\USUARIO\Desktop\BP Mayo 2026\SynologyDrive\CT_14\01190735.JPG,moved
CT_14,C:\Users\USUARIO\Desktop\BP Mayo 2026\SynologyDrive\CT_14\101EK113\01190736.JPG,C:\Users\USUARIO\Desktop\BP Mayo 2026\SynologyDrive\CT_14\01190736.JPG,moved
CT_14,C:\Users\USUARIO\Desktop\BP Mayo 2026\SynologyDrive\CT_14\101EK113\01190737.JPG,C:\Users\USUARIO\Desktop\BP Mayo 2026\SynologyDrive\CT_14\01190737.JPG,moved
CT_14,C:\Users\USUARIO\Desktop\BP Mayo 2026\SynologyDrive\CT_14\101EK113\01190738.JPG,C:\Users\USUARIO\Desktop\BP Mayo 2026\SynologyDrive\CT_14\01190738.JPG,moved
CT_14,C:\Users\USUARIO\Desktop\BP Mayo 2026\SynologyDrive\CT_14\101EK113\01190739.JPG,C:\Users\USUARIO\Desktop\BP Mayo 2026\SynologyDrive\CT_14\01190739.JPG,moved
CT_14,C:\Users\USUARIO\Desktop\BP Mayo 2026\SynologyDrive\CT_14\101EK113\01190740.JPG,C:\Users\USUARIO\Desktop\BP Mayo 2026\SynologyDrive\CT_14\01190740.JPG,moved
CT_14,C:\Users\USUARIO\Desktop\BP Mayo 2026\SynologyDrive\CT_14\101EK113\01190741.JPG,C:\Users\USUARIO\Desktop\BP Mayo 2026\SynologyDrive\CT_14\01190741.JPG,moved
CT_14,C:\Users\USUARIO\Desktop\BP Mayo 2026\SynologyDrive\CT_14\101EK113\01190742.JPG,C:\Users\USUARIO\Desktop\BP Mayo 2026\SynologyDrive\CT_14\01190742.JPG,moved
CT_14,C:\Users\USUARIO\Desktop\BP Mayo 2026\SynologyDrive\CT_14\101EK113\01190743.JPG,C:\Users\USUARIO\Desktop\BP Mayo 2026\SynologyDrive\CT_14\01190743.JPG,moved
CT_14,C:\Users\USUARIO\Desktop\BP Mayo 2026\SynologyDrive\CT_14\101EK113\01190744.JPG,C:\Users\USUARIO\Desktop\BP Mayo 2026\SynologyDrive\CT_14\01190744.JPG,moved
CT_14,C:\Users\USUARIO\Desktop\BP Mayo 2026\SynologyDrive\CT_14\101EK113\01190745.JPG,C:\Users\USUARIO\Desktop\BP Mayo 2026\SynologyDrive\CT_14\01190745.JPG,moved
CT_14,C:\Users\USUARIO\Desktop\BP Mayo 2026\SynologyDrive\CT_14\101EK113\01190746.JPG,C:\Users\USUARIO\Desktop\BP Mayo 2026\SynologyDrive\CT_14\01190746.JPG,moved
CT_14,C:\Users\USUARIO\Desktop\BP Mayo 2026\SynologyDrive\CT_14\101EK113\01190747.JPG,C:\Users\USUARIO\Desktop\BP Mayo 2026\SynologyDrive\CT_14\01190747.JPG,moved
CT_14,C:\Users\USUARIO\Desktop\BP Mayo 2026\SynologyDrive\CT_14\101EK113\01190748.JPG,C:\Users\USUARIO\Desktop\BP Mayo 2026\SynologyDrive\CT_14\01190748.JPG,moved
CT_14,C:\Users\USUARIO\Desktop\BP Mayo 2026\SynologyDrive\CT_14\101EK113\01190749.JPG,C:\Users\USUARIO\Desktop\BP Mayo 2026\SynologyDrive\CT_14\01190749.JPG,moved
CT_14,C:\Users\USUARIO\Desktop\BP Mayo 2026\SynologyDrive\CT_14\101EK113\01190750.JPG,C:\Users\USUARIO\Desktop\BP Mayo 2026\SynologyDrive\CT_14\01190750.JPG,moved
CT_14,C:\Users\USUARIO\Desktop\BP Mayo 2026\SynologyDrive\CT_14\101EK113\01190751.JPG,C:\Users\USUARIO\Desktop\BP Mayo 2026\SynologyDrive\CT_14\01190751.JPG,moved
CT_14,C:\Users\USUARIO\Desktop\BP Mayo 2026\SynologyDrive\CT_14\101EK113\01190752.JPG,C:\Users\USUARIO\Desktop\BP Mayo 2026\SynologyDrive\CT_14\01190752.JPG,moved
CT_14,C:\Users\USUARIO\Desktop\BP Mayo 2026\SynologyDrive\CT_14\101EK113\01190753.JPG,C:\Users\USUARIO\Desktop\BP Mayo 2026\SynologyDrive\CT_14\01190753.JPG,moved
CT_14,C:\Users\USUARIO\Desktop\BP Mayo 2026\SynologyDrive\CT_14\101EK113\01190754.JPG,C:\Users\USUARIO\Desktop\BP Mayo 2026\SynologyDrive\CT_14\01190754.JPG,moved
CT_14,C:\Users\USUARIO\Desktop\BP Mayo 2026\SynologyDrive\CT_14\101EK113\01190755.JPG,C:\Users\USUARIO\Desktop\BP Mayo 2026\SynologyDrive\CT_14\01190755.JPG,moved
CT_14,C:\Users\USUARIO\Desktop\BP Mayo 2026\SynologyDrive\CT_14\101EK113\01190756.JPG,C:\Users\USUARIO\Desktop\BP Mayo 2026\SynologyDrive\CT_14\01190756.JPG,moved
CT_14,C:\Users\USUARIO\Desktop\BP Mayo 2026\SynologyDrive\CT_14\101EK113\01190757.JPG,C:\Users\USUARIO\Desktop\BP Mayo 2026\SynologyDrive\CT_14\01190757.JPG,moved
CT_14,C:\Users\USUARIO\Desktop\BP Mayo 2026\SynologyDrive\CT_14\101EK113\01190758.JPG,C:\Users\USUARIO\Desktop\BP Mayo 2026\SynologyDrive\CT_14\01190758.JPG,moved
CT_14,C:\Users\USUARIO\Desktop\BP Mayo 2026\SynologyDrive\CT_14\101EK113\01190759.JPG,C:\Users\USUARIO\Desktop\BP Mayo 2026\SynologyDrive\CT_14\01190759.JPG,moved
CT_14,C:\Users\USUARIO\Desktop\BP Mayo 2026\SynologyDrive\CT_14\101EK113\01190760.JPG,C:\Users\USUARIO\Desktop\BP Mayo 2026\SynologyDrive\CT_14\01190760.JPG,moved
CT_14,C:\Users\USUARIO\Desktop\BP Mayo 2026\SynologyDrive\CT_14\101EK113\01190761.JPG,C:\Users\USUARIO\Desktop\BP Mayo 2026\SynologyDrive\CT_14\01190761.JPG,moved
CT_14,C:\Users\USUARIO\Desktop\BP Mayo 2026\SynologyDrive\CT_14\101EK113\01190762.JPG,C:\Users\USUARIO\Desktop\BP Mayo 2026\SynologyDrive\CT_14\01190762.JPG,moved
CT_14,C:\Users\USUARIO\Desktop\BP Mayo 2026\SynologyDrive\CT_14\101EK113\01190763.JPG,C:\Users\USUARIO\Desktop\BP Mayo 2026\SynologyDrive\CT_14\01190763.JPG,moved
CT_14,C:\Users\USUARIO\Desktop\BP Mayo 2026\SynologyDrive\CT_14\101EK113\01190764.JPG,C:\Users\USUARIO\Desktop\BP Mayo 2026\SynologyDrive\CT_14\01190764.JPG,moved
CT_14,C:\Users\USUARIO\Desktop\BP Mayo 2026\SynologyDrive\CT_14\101EK113\01190765.JPG,C:\Users\USUARIO\Desktop\BP Mayo 2026\SynologyDrive\CT_14\01190765.JPG,moved
CT_14,C:\Users\USUARIO\Desktop\BP Mayo 2026\SynologyDrive\CT_14\101EK113\01190766.JPG,C:\Users\USUARIO\Desktop\BP Mayo 2026\SynologyDrive\CT_14\01190766.JPG,moved
CT_14,C:\Users\USUARIO\Desktop\BP Mayo 2026\SynologyDrive\CT_14\101EK113\01190767.JPG,C:\Users\USUARIO\Desktop\BP Mayo 2026\SynologyDrive\CT_14\01190767.JPG,moved
CT_14,C:\Users\USUARIO\Desktop\BP Mayo 2026\SynologyDrive\CT_14\101EK113\01190768.JPG,C:\Users\USUARIO\Desktop\BP Mayo 2026\SynologyDrive\CT_14\01190768.JPG,moved
CT_14,C:\Users\USUARIO\Desktop\BP Mayo 2026\SynologyDrive\CT_14\101EK113\01190769.JPG,C:\Users\USUARIO\Desktop\BP Mayo 2026\SynologyDrive\CT_14\01190769.JPG,moved
CT_14,C:\Users\USUARIO\Desktop\BP Mayo 2026\SynologyDrive\CT_14\101EK113\01190770.JPG,C:\Users\USUARIO\Desktop\BP Mayo 2026\SynologyDrive\CT_14\01190770.JPG,moved
CT_14,C:\Users\USUARIO\Desktop\BP Mayo 2026\SynologyDrive\CT_14\101EK113\01190771.JPG,C:\Users\USUARIO\Desktop\BP Mayo 2026\SynologyDrive\CT_14\01190771.JPG,moved
CT_14,C:\Users\USUARIO\Desktop\BP Mayo 2026\SynologyDrive\CT_14\101EK113\01190772.JPG,C:\Users\USUARIO\Desktop\BP Mayo 2026\SynologyDrive\CT_14\01190772.JPG,moved
CT_14,C:\Users\USUARIO\Desktop\BP Mayo 2026\SynologyDrive\CT_14\101EK113\01190773.JPG,C:\Users\USUARIO\Desktop\BP Mayo 2026\SynologyDrive\CT_14\01190773.JPG,moved
CT_14,C:\Users\USUARIO\Desktop\BP Mayo 2026\SynologyDrive\CT_14\101EK113\01190774.JPG,C:\Users\USUARIO\Desktop\BP Mayo 2026\SynologyDrive\CT_14\01190774.JPG,moved
CT_14,C:\Users\USUARIO\Desktop\BP Mayo 2026\SynologyDrive\CT_14\101EK113\01190775.JPG,C:\Users\USUARIO\Desktop\BP Mayo 2026\SynologyDrive\CT_14\01190775.JPG,moved
CT_14,C:\Users\USUARIO\Desktop\BP Mayo 2026\SynologyDrive\CT_14\101EK113\01190776.JPG,C:\Users\USUARIO\Desktop\BP Mayo 2026\SynologyDrive\CT_14\01190776.JPG,moved
CT_14,C:\Users\USUARIO\Desktop\BP Mayo 2026\SynologyDrive\CT_14\101EK113\01190777.JPG,C:\Users\USUARIO\Desktop\BP Mayo 2026\SynologyDrive\CT_14\01190777.JPG,moved
CT_14,C:\Users\USUARIO\Desktop\BP Mayo 2026\SynologyDrive\CT_14\101EK113\01190778.JPG,C:\Users\USUARIO\Desktop\BP Mayo 2026\SynologyDrive\CT_14\01190778.JPG,moved
CT_14,C:\Users\USUARIO\Desktop\BP Mayo 2026\SynologyDrive\CT_14\101EK113\01190779.JPG,C:\Users\USUARIO\Desktop\BP Mayo 2026\SynologyDrive\CT_14\01190779.JPG,moved
CT_14,C:\Users\USUARIO\Desktop\BP Mayo 2026\SynologyDrive\CT_14\101EK113\01190780.JPG,C:\Users\USUARIO\Desktop\BP Mayo 2026\SynologyDrive\CT_14\01190780.JPG,moved
CT_14,C:\Users\USUARIO\Desktop\BP Mayo 2026\SynologyDrive\CT_14\101EK113\01190781.JPG,C:\Users\USUARIO\Desktop\BP Mayo 2026\SynologyDrive\CT_14\01190781.JPG,moved
CT_14,C:\Users\USUARIO\Desktop\BP Mayo 2026\SynologyDrive\CT_14\101EK113\01190782.JPG,C:\Users\USUARIO\Desktop\BP Mayo 2026\SynologyDrive\CT_14\01190782.JPG,moved
CT_14,C:\Users\USUARIO\Desktop\BP Mayo 2026\SynologyDrive\CT_14\101EK113\01190783.JPG,C:\Users\USUARIO\Desktop\BP Mayo 2026\SynologyDrive\CT_14\01190783.JPG,moved
CT_14,C:\Users\USUARIO\Desktop\BP Mayo 2026\SynologyDrive\CT_14\101EK113\01190784.JPG,C:\Users\USUARIO\Desktop\BP Mayo 2026\SynologyDrive\CT_14\01190784.JPG,moved
CT_14,C:\Users\USUARIO\Desktop\BP Mayo 2026\SynologyDrive\CT_14\101EK113\01190785.JPG,C:\Users\USUARIO\Desktop\BP Mayo 2026\SynologyDrive\CT_14\01190785.JPG,moved
CT_14,C:\Users\USUARIO\Desktop\BP Mayo 2026\SynologyDrive\CT_14\101EK113\01190786.JPG,C:\Users\USUARIO\Desktop\BP Mayo 2026\SynologyDrive\CT_14\01190786.JPG,moved
CT_14,C:\Users\USUARIO\Desktop\BP Mayo 2026\SynologyDrive\CT_14\101EK113\01190787.JPG,C:\Users\USUARIO\Desktop\BP Mayo 2026\SynologyDrive\CT_14\01190787.JPG,moved
CT_14,C:\Users\USUARIO\Desktop\BP Mayo 2026\SynologyDrive\CT_14\101EK113\01190788.JPG,C:\Users\USUARIO\Desktop\BP Mayo 2026\SynologyDrive\CT_14\01190788.JPG,moved
CT_14,C:\Users\USUARIO\Desktop\BP Mayo 2026\SynologyDrive\CT_14\101EK113\01190789.JPG,C:\Users\USUARIO\Desktop\BP Mayo 2026\SynologyDrive\CT_14\01190789.JPG,moved
CT_14,C:\Users\USUARIO\Desktop\BP Mayo 2026\SynologyDrive\CT_14\101EK113\01190790.JPG,C:\Users\USUARIO\Desktop\BP Mayo 2026\SynologyDrive\CT_14\01190790.JPG,moved
CT_14,C:\Users\USUARIO\Desktop\BP Mayo 2026\SynologyDrive\CT_14\101EK113\01190791.JPG,C:\Users\USUARIO\Desktop\BP Mayo 2026\SynologyDrive\CT_14\01190791.JPG,moved
CT_14,C:\Users\USUARIO\Desktop\BP Mayo 2026\SynologyDrive\CT_14\101EK113\01190792.JPG,C:\Users\USUARIO\Desktop\BP Mayo 2026\SynologyDrive\CT_14\01190792.JPG,moved
CT_14,C:\Users\USUARIO\Desktop\BP Mayo 2026\SynologyDrive\CT_14\101EK113\01190793.JPG,C:\Users\USUARIO\Desktop\BP Mayo 2026\SynologyDrive\CT_14\01190793.JPG,moved
CT_14,C:\Users\USUARIO\Desktop\BP Mayo 2026\SynologyDrive\CT_14\101EK113\01190794.JPG,C:\Users\USUARIO\Desktop\BP Mayo 2026\SynologyDrive\CT_14\01190794.JPG,moved
CT_14,C:\Users\USUARIO\Desktop\BP Mayo 2026\SynologyDrive\CT_14\101EK113\01190795.JPG,C:\Users\USUARIO\Desktop\BP Mayo 2026\SynologyDrive\CT_14\01190795.JPG,moved
CT_14,C:\Users\USUARIO\Desktop\BP Mayo 2026\SynologyDrive\CT_14\101EK113\01190796.JPG,C:\Users\USUARIO\Desktop\BP Mayo 2026\SynologyDrive\CT_14\01190796.JPG,moved
CT_14,C:\Users\USUARIO\Desktop\BP Mayo 2026\SynologyDrive\CT_14\101EK113\01190797.JPG,C:\Users\USUARIO\Desktop\BP Mayo 2026\SynologyDrive\CT_14\01190797.JPG,moved
CT_14,C:\Users\USUARIO\Desktop\BP Mayo 2026\SynologyDrive\CT_14\101EK113\01190798.JPG,C:\Users\USUARIO\Desktop\BP Mayo 2026\SynologyDrive\CT_14\01190798.JPG,moved
CT_14,C:\Users\USUARIO\Desktop\BP Mayo 2026\SynologyDrive\CT_14\101EK113\01190799.JPG,C:\Users\USUARIO\Desktop\BP Mayo 2026\SynologyDrive\CT_14\01190799.JPG,moved
CT_14,C:\Users\USUARIO\Desktop\BP Mayo 2026\SynologyDrive\CT_14\101EK113\01190800.JPG,C:\Users\USUARIO\Desktop\BP Mayo 2026\SynologyDrive\CT_14\01190800.JPG,moved
CT_14,C:\Users\USUARIO\Desktop\BP Mayo 2026\SynologyDrive\CT_14\101EK113\01190801.JPG,C:\Users\USUARIO\Desktop\BP Mayo 2026\SynologyDrive\CT_14\01190801.JPG,moved
CT_14,C:\Users\USUARIO\Desktop\BP Mayo 2026\SynologyDrive\CT_14\101EK113\01190802.JPG,C:\Users\USUARIO\Desktop\BP Mayo 2026\SynologyDrive\CT_14\01190802.JPG,moved
CT_14,C:\Users\USUARIO\Desktop\BP Mayo 2026\SynologyDrive\CT_14\101EK113\01190803.JPG,C:\Users\USUARIO\Desktop\BP Mayo 2026\SynologyDrive\CT_14\01190803.JPG,moved
CT_14,C:\Users\USUARIO\Desktop\BP Mayo 2026\SynologyDrive\CT_14\101EK113\01190804.JPG,C:\Users\USUARIO\Desktop\BP Mayo 2026\SynologyDrive\CT_14\01190804.JPG,moved
CT_14,C:\Users\USUARIO\Desktop\BP Mayo 2026\SynologyDrive\CT_14\101EK113\01190805.JPG,C:\Users\USUARIO\Desktop\BP Mayo 2026\SynologyDrive\CT_14\01190805.JPG,moved
CT_14,C:\Users\USUARIO\Desktop\BP Mayo 2026\SynologyDrive\CT_14\101EK113\01190806.JPG,C:\Users\USUARIO\Desktop\BP Mayo 2026\SynologyDrive\CT_14\01190806.JPG,moved
CT_14,C:\Users\USUARIO\Desktop\BP Mayo 2026\SynologyDrive\CT_14\101EK113\01190807.JPG,C:\Users\USUARIO\Desktop\BP Mayo 2026\SynologyDrive\CT_14\01190807.JPG,moved
CT_14,C:\Users\USUARIO\Desktop\BP Mayo 2026\SynologyDrive\CT_14\101EK113\01190808.JPG,C:\Users\USUARIO\Desktop\BP Mayo 2026\SynologyDrive\CT_14\01190808.JPG,moved
CT_14,C:\Users\USUARIO\Desktop\BP Mayo 2026\SynologyDrive\CT_14\101EK113\01190809.JPG,C:\Users\USUARIO\Desktop\BP Mayo 2026\SynologyDrive\CT_14\01190809.JPG,moved
CT_14,C:\Users\USUARIO\Desktop\BP Mayo 2026\SynologyDrive\CT_14\101EK113\01190810.JPG,C:\Users\USUARIO\Desktop\BP Mayo 2026\SynologyDrive\CT_14\01190810.JPG,moved
CT_14,C:\Users\USUARIO\Desktop\BP Mayo 2026\SynologyDrive\CT_14\101EK113\01190811.JPG,C:\Users\USUARIO\Desktop\BP Mayo 2026\SynologyDrive\CT_14\01190811.JPG,moved
CT_14,C:\Users\USUARIO\Desktop\BP Mayo 2026\SynologyDrive\CT_14\101EK113\01190812.JPG,C:\Users\USUARIO\Desktop\BP Mayo 2026\SynologyDrive\CT_14\01190812.JPG,moved
CT_14,C:\Users\USUARIO\Desktop\BP Mayo 2026\SynologyDrive\CT_14\101EK113\01190813.JPG,C:\Users\USUARIO\Desktop\BP Mayo 2026\SynologyDrive\CT_14\01190813.JPG,moved
CT_14,C:\Users\USUARIO\Desktop\BP Mayo 2026\SynologyDrive\CT_14\101EK113\01190814.JPG,C:\Users\USUARIO\Desktop\BP Mayo 2026\SynologyDrive\CT_14\01190814.JPG,moved
CT_14,C:\Users\USUARIO\Desktop\BP Mayo 2026\SynologyDrive\CT_14\101EK113\01190815.JPG,C:\Users\USUARIO\Desktop\BP Mayo 2026\SynologyDrive\CT_14\01190815.JPG,moved
CT_14,C:\Users\USUARIO\Desktop\BP Mayo 2026\SynologyDrive\CT_14\101EK113\01190816.JPG,C:\Users\USUARIO\Desktop\BP Mayo 2026\SynologyDrive\CT_14\01190816.JPG,moved
CT_14,C:\Users\USUARIO\Desktop\BP Mayo 2026\SynologyDrive\CT_14\101EK113\01190817.JPG,C:\Users\USUARIO\Desktop\BP Mayo 2026\SynologyDrive\CT_14\01190817.JPG,moved
CT_14,C:\Users\USUARIO\Desktop\BP Mayo 2026\SynologyDrive\CT_14\101EK113\01190818.JPG,C:\Users\USUARIO\Desktop\BP Mayo 2026\SynologyDrive\CT_14\01190818.JPG,moved
CT_14,C:\Users\USUARIO\Desktop\BP Mayo 2026\SynologyDrive\CT_14\101EK113\01190819.JPG,C:\Users\USUARIO\Desktop\BP Mayo 2026\SynologyDrive\CT_14\01190819.JPG,moved
CT_14,C:\Users\USUARIO\Desktop\BP Mayo 2026\SynologyDrive\CT_14\101EK113\01190820.JPG,C:\Users\USUARIO\Desktop\BP Mayo 2026\SynologyDrive\CT_14\01190820.JPG,moved
CT_14,C:\Users\USUARIO\Desktop\BP Mayo 2026\SynologyDrive\CT_14\101EK113\01190821.JPG,C:\Users\USUARIO\Desktop\BP Mayo 2026\SynologyDrive\CT_14\01190821.JPG,moved
CT_14,C:\Users\USUARIO\Desktop\BP Mayo 2026\SynologyDrive\CT_14\101EK113\01190822.JPG,C:\Users\USUARIO\Desktop\BP Mayo 2026\SynologyDrive\CT_14\01190822.JPG,moved
CT_14,C:\Users\USUARIO\Desktop\BP Mayo 2026\SynologyDrive\CT_14\101EK113\01190823.JPG,C:\Users\USUARIO\Desktop\BP Mayo 2026\SynologyDrive\CT_14\01190823.JPG,moved
CT_14,C:\Users\USUARIO\Desktop\BP Mayo 2026\SynologyDrive\CT_14\101EK113\01190824.JPG,C:\Users\USUARIO\Desktop\BP Mayo 2026\SynologyDrive\CT_14\01190824.JPG,moved
CT_14,C:\Users\USUARIO\Desktop\BP Mayo 2026\SynologyDrive\CT_14\101EK113\01190825.JPG,C:\Users\USUARIO\Desktop\BP Mayo 2026\SynologyDrive\CT_14\01190825.JPG,moved
CT_14,C:\Users\USUARIO\Desktop\BP Mayo 2026\SynologyDrive\CT_14\101EK113\01190826.JPG,C:\Users\USUARIO\Desktop\BP Mayo 2026\SynologyDrive\CT_14\01190826.JPG,moved
CT_14,C:\Users\USUARIO\Desktop\BP Mayo 2026\SynologyDrive\CT_14\101EK113\01190827.JPG,C:\Users\USUARIO\Desktop\BP Mayo 2026\SynologyDrive\CT_14\01190827.JPG,moved
CT_14,C:\Users\USUARIO\Desktop\BP Mayo 2026\SynologyDrive\CT_14\101EK113\01190828.JPG,C:\Users\USUARIO\Desktop\BP Mayo 2026\SynologyDrive\CT_14\01190828.JPG,moved
CT_14,C:\Users\USUARIO\Desktop\BP Mayo 2026\SynologyDrive\CT_14\101EK113\01190829.JPG,C:\Users\USUARIO\Desktop\BP Mayo 2026\SynologyDrive\CT_14\01190829.JPG,moved
CT_14,C:\Users\USUARIO\Desktop\BP Mayo 2026\SynologyDrive\CT_14\101EK113\01190830.JPG,C:\Users\USUARIO\Desktop\BP Mayo 2026\SynologyDrive\CT_14\01190830.JPG,moved
CT_14,C:\Users\USUARIO\Desktop\BP Mayo 2026\SynologyDrive\CT_14\101EK113\01190831.JPG,C:\Users\USUARIO\Desktop\BP Mayo 2026\SynologyDrive\CT_14\01190831.JPG,moved
CT_14,C:\Users\USUARIO\Desktop\BP Mayo 2026\SynologyDrive\CT_14\101EK113\01190832.JPG,C:\Users\USUARIO\Desktop\BP Mayo 2026\SynologyDrive\CT_14\01190832.JPG,moved
CT_14,C:\Users\USUARIO\Desktop\BP Mayo 2026\SynologyDrive\CT_14\101EK113\01190833.JPG,C:\Users\USUARIO\Desktop\BP Mayo 2026\SynologyDrive\CT_14\01190833.JPG,moved
CT_14,C:\Users\USUARIO\Desktop\BP Mayo 2026\SynologyDrive\CT_14\101EK113\01190834.JPG,C:\Users\USUARIO\Desktop\BP Mayo 2026\SynologyDrive\CT_14\01190834.JPG,moved
CT_14,C:\Users\USUARIO\Desktop\BP Mayo 2026\SynologyDrive\CT_14\101EK113\01190835.JPG,C:\Users\USUARIO\Desktop\BP Mayo 2026\SynologyDrive\CT_14\01190835.JPG,moved
CT_14,C:\Users\USUARIO\Desktop\BP Mayo 2026\SynologyDrive\CT_14\101EK113\01190836.JPG,C:\Users\USUARIO\Desktop\BP Mayo 2026\SynologyDrive\CT_14\01190836.JPG,moved
CT_14,C:\Users\USUARIO\Desktop\BP Mayo 2026\SynologyDrive\CT_14\101EK113\01190837.JPG,C:\Users\USUARIO\Desktop\BP Mayo 2026\SynologyDrive\CT_14\01190837.JPG,moved
CT_14,C:\Users\USUARIO\Desktop\BP Mayo 2026\SynologyDrive\CT_14\101EK113\01190838.JPG,C:\Users\USUARIO\Desktop\BP Mayo 2026\SynologyDrive\CT_14\01190838.JPG,moved
CT_14,C:\Users\USUARIO\Desktop\BP Mayo 2026\SynologyDrive\CT_14\101EK113\01190839.JPG,C:\Users\USUARIO\Desktop\BP Mayo 2026\SynologyDrive\CT_14\01190839.JPG,moved
CT_14,C:\Users\USUARIO\Desktop\BP Mayo 2026\SynologyDrive\CT_14\101EK113\01190840.JPG,C:\Users\USUARIO\Desktop\BP Mayo 2026\SynologyDrive\CT_14\01190840.JPG,moved
CT_14,C:\Users\USUARIO\Desktop\BP Mayo 2026\SynologyDrive\CT_14\101EK113\01190841.JPG,C:\Users\USUARIO\Desktop\BP Mayo 2026\SynologyDrive\CT_14\01190841.JPG,moved
CT_14,C:\Users\USUARIO\Desktop\BP Mayo 2026\SynologyDrive\CT_14\101EK113\01190842.JPG,C:\Users\USUARIO\Desktop\BP Mayo 2026\SynologyDrive\CT_14\01190842.JPG,moved
CT_14,C:\Users\USUARIO\Desktop\BP Mayo 2026\SynologyDrive\CT_14\101EK113\01190843.JPG,C:\Users\USUARIO\Desktop\BP Mayo 2026\SynologyDrive\CT_14\01190843.JPG,moved
CT_14,C:\Users\USUARIO\Desktop\BP Mayo 2026\SynologyDrive\CT_14\101EK113\01190844.JPG,C:\Users\USUARIO\Desktop\BP Mayo 2026\SynologyDrive\CT_14\01190844.JPG,moved
CT_14,C:\Users\USUARIO\Desktop\BP Mayo 2026\SynologyDrive\CT_14\101EK113\01190845.JPG,C:\Users\USUARIO\Desktop\BP Mayo 2026\SynologyDrive\CT_14\01190845.JPG,moved
CT_14,C:\Users\USUARIO\Desktop\BP Mayo 2026\SynologyDrive\CT_14\101EK113\01190846.JPG,C:\Users\USUARIO\Desktop\BP Mayo 2026\SynologyDrive\CT_14\01190846.JPG,moved
CT_14,C:\Users\USUARIO\Desktop\BP Mayo 2026\SynologyDrive\CT_14\101EK113\01190847.JPG,C:\Users\USUARIO\Desktop\BP Mayo 2026\SynologyDrive\CT_14\01190847.JPG,moved
CT_14,C:\Users\USUARIO\Desktop\BP Mayo 2026\SynologyDrive\CT_14\101EK113\01190848.JPG,C:\Users\USUARIO\Desktop\BP Mayo 2026\SynologyDrive\CT_14\01190848.JPG,moved
CT_14,C:\Users\USUARIO\Desktop\BP Mayo 2026\SynologyDrive\CT_14\101EK113\01190849.JPG,C:\Users\USUARIO\Desktop\BP Mayo 2026\SynologyDrive\CT_14\01190849.JPG,moved
CT_14,C:\Users\USUARIO\Desktop\BP Mayo 2026\SynologyDrive\CT_14\101EK113\01190850.JPG,C:\Users\USUARIO\Desktop\BP Mayo 2026\SynologyDrive\CT_14\01190850.JPG,moved
CT_14,C:\Users\USUARIO\Desktop\BP Mayo 2026\SynologyDrive\CT_14\101EK113\01190851.JPG,C:\Users\USUARIO\Desktop\BP Mayo 2026\SynologyDrive\CT_14\01190851.JPG,moved
CT_14,C:\Users\USUARIO\Desktop\BP Mayo 2026\SynologyDrive\CT_14\101EK113\01190852.JPG,C:\Users\USUARIO\Desktop\BP Mayo 2026\SynologyDrive\CT_14\01190852.JPG,moved
CT_14,C:\Users\USUARIO\Desktop\BP Mayo 2026\SynologyDrive\CT_14\101EK113\01190853.JPG,C:\Users\USUARIO\Desktop\BP Mayo 2026\SynologyDrive\CT_14\01190853.JPG,moved
CT_14,C:\Users\USUARIO\Desktop\BP Mayo 2026\SynologyDrive\CT_14\101EK113\01190854.JPG,C:\Users\USUARIO\Desktop\BP Mayo 2026\SynologyDrive\CT_14\01190854.JPG,moved
CT_14,C:\Users\USUARIO\Desktop\BP Mayo 2026\SynologyDrive\CT_14\101EK113\01190855.JPG,C:\Users\USUARIO\Desktop\BP Mayo 2026\SynologyDrive\CT_14\01190855.JPG,moved
CT_14,C:\Users\USUARIO\Desktop\BP Mayo 2026\SynologyDrive\CT_14\101EK113\01190856.JPG,C:\Users\USUARIO\Desktop\BP Mayo 2026\SynologyDrive\CT_14\01190856.JPG,moved
CT_14,C:\Users\USUARIO\Desktop\BP Mayo 2026\SynologyDrive\CT_14\101EK113\01190857.JPG,C:\Users\USUARIO\Desktop\BP Mayo 2026\SynologyDrive\CT_14\01190857.JPG,moved
CT_14,C:\Users\USUARIO\Desktop\BP Mayo 2026\SynologyDrive\CT_14\101EK113\01190858.JPG,C:\Users\USUARIO\Desktop\BP Mayo 2026\SynologyDrive\CT_14\01190858.JPG,moved
CT_14,C:\Users\USUARIO\Desktop\BP Mayo 2026\SynologyDrive\CT_14\101EK113\01190859.JPG,C:\Users\USUARIO\Desktop\BP Mayo 2026\SynologyDrive\CT_14\01190859.JPG,moved
CT_14,C:\Users\USUARIO\Desktop\BP Mayo 2026\SynologyDrive\CT_14\101EK113\01190860.JPG,C:\Users\USUARIO\Desktop\BP Mayo 2026\SynologyDrive\CT_14\01190860.JPG,moved
CT_14,C:\Users\USUARIO\Desktop\BP Mayo 2026\SynologyDrive\CT_14\101EK113\01190861.JPG,C:\Users\USUARIO\Desktop\BP Mayo 2026\SynologyDrive\CT_14\01190861.JPG,moved
CT_14,C:\Users\USUARIO\Desktop\BP Mayo 2026\SynologyDrive\CT_14\101EK113\01190862.JPG,C:\Users\USUARIO\Desktop\BP Mayo 2026\SynologyDrive\CT_14\01190862.JPG,moved
CT_14,C:\Users\USUARIO\Desktop\BP Mayo 2026\SynologyDrive\CT_14\101EK113\01190863.JPG,C:\Users\USUARIO\Desktop\BP Mayo 2026\SynologyDrive\CT_14\01190863.JPG,moved
CT_14,C:\Users\USUARIO\Desktop\BP Mayo 2026\SynologyDrive\CT_14\101EK113\01190864.JPG,C:\Users\USUARIO\Desktop\BP Mayo 2026\SynologyDrive\CT_14\01190864.JPG,moved
CT_14,C:\Users\USUARIO\Desktop\BP Mayo 2026\SynologyDrive\CT_14\101EK113\01190865.JPG,C:\Users\USUARIO\Desktop\BP Mayo 2026\SynologyDrive\CT_14\01190865.JPG,moved
CT_14,C:\Users\USUARIO\Desktop\BP Mayo 2026\SynologyDrive\CT_14\101EK113\01190866.JPG,C:\Users\USUARIO\Desktop\BP Mayo 2026\SynologyDrive\CT_14\01190866.JPG,moved
CT_14,C:\Users\USUARIO\Desktop\BP Mayo 2026\SynologyDrive\CT_14\101EK113\01190867.JPG,C:\Users\USUARIO\Desktop\BP Mayo 2026\SynologyDrive\CT_14\01190867.JPG,moved
CT_14,C:\Users\USUARIO\Desktop\BP Mayo 2026\SynologyDrive\CT_14\101EK113\01190868.JPG,C:\Users\USUARIO\Desktop\BP Mayo 2026\SynologyDrive\CT_14\01190868.JPG,moved
CT_14,C:\Users\USUARIO\Desktop\BP Mayo 2026\SynologyDrive\CT_14\101EK113\01190869.JPG,C:\Users\USUARIO\Desktop\BP Mayo 2026\SynologyDrive\CT_14\01190869.JPG,moved
CT_14,C:\Users\USUARIO\Desktop\BP Mayo 2026\SynologyDrive\CT_14\101EK113\01190870.JPG,C:\Users\USUARIO\Desktop\BP Mayo 2026\SynologyDrive\CT_14\01190870.JPG,moved
CT_14,C:\Users\USUARIO\Desktop\BP Mayo 2026\SynologyDrive\CT_14\101EK113\01190871.JPG,C:\Users\USUARIO\Desktop\BP Mayo 2026\SynologyDrive\CT_14\01190871.JPG,moved
CT_14,C:\Users\USUARIO\Desktop\BP Mayo 2026\SynologyDrive\CT_14\101EK113\01190872.JPG,C:\Users\USUARIO\Desktop\BP Mayo 2026\SynologyDrive\CT_14\01190872.JPG,moved
CT_14,C:\Users\USUARIO\Desktop\BP Mayo 2026\SynologyDrive\CT_14\101EK113\01190873.JPG,C:\Users\USUARIO\Desktop\BP Mayo 2026\SynologyDrive\CT_14\01190873.JPG,moved
CT_14,C:\Users\USUARIO\Desktop\BP Mayo 2026\SynologyDrive\CT_14\101EK113\01190874.JPG,C:\Users\USUARIO\Desktop\BP Mayo 2026\SynologyDrive\CT_14\01190874.JPG,moved
CT_14,C:\Users\USUARIO\Desktop\BP Mayo 2026\SynologyDrive\CT_14\101EK113\01190875.JPG,C:\Users\USUARIO\Desktop\BP Mayo 2026\SynologyDrive\CT_14\01190875.JPG,moved
CT_14,C:\Users\USUARIO\Desktop\BP Mayo 2026\SynologyDrive\CT_14\101EK113\01190876.JPG,C:\Users\USUARIO\Desktop\BP Mayo 2026\SynologyDrive\CT_14\01190876.JPG,moved
CT_14,C:\Users\USUARIO\Desktop\BP Mayo 2026\SynologyDrive\CT_14\101EK113\01190877.JPG,C:\Users\USUARIO\Desktop\BP Mayo 2026\SynologyDrive\CT_14\01190877.JPG,moved
CT_14,C:\Users\USUARIO\Desktop\BP Mayo 2026\SynologyDrive\CT_14\101EK113\01190878.JPG,C:\Users\USUARIO\Desktop\BP Mayo 2026\SynologyDrive\CT_14\01190878.JPG,moved
CT_14,C:\Users\USUARIO\Desktop\BP Mayo 2026\SynologyDrive\CT_14\101EK113\01190879.JPG,C:\Users\USUARIO\Desktop\BP Mayo 2026\SynologyDrive\CT_14\01190879.JPG,moved
CT_14,C:\Users\USUARIO\Desktop\BP Mayo 2026\SynologyDrive\CT_14\101EK113\01190880.JPG,C:\Users\USUARIO\Desktop\BP Mayo 2026\SynologyDrive\CT_14\01190880.JPG,moved
CT_14,C:\Users\USUARIO\Desktop\BP Mayo 2026\SynologyDrive\CT_14\101EK113\01190881.JPG,C:\Users\USUARIO\Desktop\BP Mayo 2026\SynologyDrive\CT_14\01190881.JPG,moved
CT_14,C:\Users\USUARIO\Desktop\BP Mayo 2026\SynologyDrive\CT_14\101EK113\01190882.JPG,C:\Users\USUARIO\Desktop\BP Mayo 2026\SynologyDrive\CT_14\01190882.JPG,moved
CT_14,C:\Users\USUARIO\Desktop\BP Mayo 2026\SynologyDrive\CT_14\101EK113\01190883.JPG,C:\Users\USUARIO\Desktop\BP Mayo 2026\SynologyDrive\CT_14\01190883.JPG,moved
CT_14,C:\Users\USUARIO\Desktop\BP Mayo 2026\SynologyDrive\CT_14\101EK113\01190884.JPG,C:\Users\USUARIO\Desktop\BP Mayo 2026\SynologyDrive\CT_14\01190884.JPG,moved
CT_14,C:\Users\USUARIO\Desktop\BP Mayo 2026\SynologyDrive\CT_14\101EK113\01190885.JPG,C:\Users\USUARIO\Desktop\BP Mayo 2026\SynologyDrive\CT_14\01190885.JPG,moved
CT_14,C:\Users\USUARIO\Desktop\BP Mayo 2026\SynologyDrive\CT_14\101EK113\01190886.JPG,C:\Users\USUARIO\Desktop\BP Mayo 2026\SynologyDrive\CT_14\01190886.JPG,moved
CT_14,C:\Users\USUARIO\Desktop\BP Mayo 2026\SynologyDrive\CT_14\101EK113\01190887.JPG,C:\Users\USUARIO\Desktop\BP Mayo 2026\SynologyDrive\CT_14\01190887.JPG,moved
CT_14,C:\Users\USUARIO\Desktop\BP Mayo 2026\SynologyDrive\CT_14\101EK113\01190888.JPG,C:\Users\USUARIO\Desktop\BP Mayo 2026\SynologyDrive\CT_14\01190888.JPG,moved
CT_14,C:\Users\USUARIO\Desktop\BP Mayo 2026\SynologyDrive\CT_14\101EK113\01190889.JPG,C:\Users\USUARIO\Desktop\BP Mayo 2026\SynologyDrive\CT_14\01190889.JPG,moved
CT_14,C:\Users\USUARIO\Desktop\BP Mayo 2026\SynologyDrive\CT_14\101EK113\01190890.JPG,C:\Users\USUARIO\Desktop\BP Mayo 2026\SynologyDrive\CT_14\01190890.JPG,moved
CT_14,C:\Users\USUARIO\Desktop\BP Mayo 2026\SynologyDrive\CT_14\101EK113\01190891.JPG,C:\Users\USUARIO\Desktop\BP Mayo 2026\SynologyDrive\CT_14\01190891.JPG,moved
CT_14,C:\Users\USUARIO\Desktop\BP Mayo 2026\SynologyDrive\CT_14\101EK113\01190892.JPG,C:\Users\USUARIO\Desktop\BP Mayo 2026\SynologyDrive\CT_14\01190892.JPG,moved
CT_14,C:\Users\USUARIO\Desktop\BP Mayo 2026\SynologyDrive\CT_14\101EK113\01190893.JPG,C:\Users\USUARIO\Desktop\BP Mayo 2026\SynologyDrive\CT_14\01190893.JPG,moved
CT_14,C:\Users\USUARIO\Desktop\BP Mayo 2026\SynologyDrive\CT_14\101EK113\01190894.JPG,C:\Users\USUARIO\Desktop\BP Mayo 2026\SynologyDrive\CT_14\01190894.JPG,moved
CT_14,C:\Users\USUARIO\Desktop\BP Mayo 2026\SynologyDrive\CT_14\101EK113\01190895.JPG,C:\Users\USUARIO\Desktop\BP Mayo 2026\SynologyDrive\CT_14\01190895.JPG,moved
CT_14,C:\Users\USUARIO\Desktop\BP Mayo 2026\SynologyDrive\CT_14\101EK113\01190896.JPG,C:\Users\USUARIO\Desktop\BP Mayo 2026\SynologyDrive\CT_14\01190896.JPG,moved
CT_14,C:\Users\USUARIO\Desktop\BP Mayo 2026\SynologyDrive\CT_14\101EK113\01190897.JPG,C:\Users\USUARIO\Desktop\BP Mayo 2026\SynologyDrive\CT_14\01190897.JPG,moved
CT_14,C:\Users\USUARIO\Desktop\BP Mayo 2026\SynologyDrive\CT_14\101EK113\01190898.JPG,C:\Users\USUARIO\Desktop\BP Mayo 2026\SynologyDrive\CT_14\01190898.JPG,moved
CT_14,C:\Users\USUARIO\Desktop\BP Mayo 2026\SynologyDrive\CT_14\101EK113\01190899.JPG,C:\Users\USUARIO\Desktop\BP Mayo 2026\SynologyDrive\CT_14\01190899.JPG,moved
CT_14,C:\Users\USUARIO\Desktop\BP Mayo 2026\SynologyDrive\CT_14\101EK113\01190900.JPG,C:\Users\USUARIO\Desktop\BP Mayo 2026\SynologyDrive\CT_14\01190900.JPG,moved
CT_14,C:\Users\USUARIO\Desktop\BP Mayo 2026\SynologyDrive\CT_14\101EK113\01190901.JPG,C:\Users\USUARIO\Desktop\BP Mayo 2026\SynologyDrive\CT_14\01190901.JPG,moved
CT_14,C:\Users\USUARIO\Desktop\BP Mayo 2026\SynologyDrive\CT_14\101EK113\01190902.JPG,C:\Users\USUARIO\Desktop\BP Mayo 2026\SynologyDrive\CT_14\01190902.JPG,moved
CT_14,C:\Users\USUARIO\Desktop\BP Mayo 2026\SynologyDrive\CT_14\101EK113\01190903.JPG,C:\Users\USUARIO\Desktop\BP Mayo 2026\SynologyDrive\CT_14\01190903.JPG,moved
CT_14,C:\Users\USUARIO\Desktop\BP Mayo 2026\SynologyDrive\CT_14\101EK113\01190904.JPG,C:\Users\USUARIO\Desktop\BP Mayo 2026\SynologyDrive\CT_14\01190904.JPG,moved
CT_14,C:\Users\USUARIO\Desktop\BP Mayo 2026\SynologyDrive\CT_14\101EK113\01190905.JPG,C:\Users\USUARIO\Desktop\BP Mayo 2026\SynologyDrive\CT_14\01190905.JPG,moved
CT_14,C:\Users\USUARIO\Desktop\BP Mayo 2026\SynologyDrive\CT_14\101EK113\01190906.JPG,C:\Users\USUARIO\Desktop\BP Mayo 2026\SynologyDrive\CT_14\01190906.JPG,moved
CT_14,C:\Users\USUARIO\Desktop\BP Mayo 2026\SynologyDrive\CT_14\101EK113\01190907.JPG,C:\Users\USUARIO\Desktop\BP Mayo 2026\SynologyDrive\CT_14\01190907.JPG,moved
CT_14,C:\Users\USUARIO\Desktop\BP Mayo 2026\SynologyDrive\CT_14\101EK113\01190908.JPG,C:\Users\USUARIO\Desktop\BP Mayo 2026\SynologyDrive\CT_14\01190908.JPG,moved
CT_14,C:\Users\USUARIO\Desktop\BP Mayo 2026\SynologyDrive\CT_14\101EK113\01190909.JPG,C:\Users\USUARIO\Desktop\BP Mayo 2026\SynologyDrive\CT_14\01190909.JPG,moved
CT_14,C:\Users\USUARIO\Desktop\BP Mayo 2026\SynologyDrive\CT_14\101EK113\01190910.JPG,C:\Users\USUARIO\Desktop\BP Mayo 2026\SynologyDrive\CT_14\01190910.JPG,moved
CT_14,C:\Users\USUARIO\Desktop\BP Mayo 2026\SynologyDrive\CT_14\101EK113\01190911.JPG,C:\Users\USUARIO\Desktop\BP Mayo 2026\SynologyDrive\CT_14\01190911.JPG,moved
CT_14,C:\Users\USUARIO\Desktop\BP Mayo 2026\SynologyDrive\CT_14\101EK113\01190912.JPG,C:\Users\USUARIO\Desktop\BP Mayo 2026\SynologyDrive\CT_14\01190912.JPG,moved
CT_14,C:\Users\USUARIO\Desktop\BP Mayo 2026\SynologyDrive\CT_14\101EK113\01190913.JPG,C:\Users\USUARIO\Desktop\BP Mayo 2026\SynologyDrive\CT_14\01190913.JPG,moved
CT_14,C:\Users\USUARIO\Desktop\BP Mayo 2026\SynologyDrive\CT_14\101EK113\01190914.JPG,C:\Users\USUARIO\Desktop\BP Mayo 2026\SynologyDrive\CT_14\01190914.JPG,moved
CT_14,C:\Users\USUARIO\Desktop\BP Mayo 2026\SynologyDrive\CT_14\101EK113\01190915.JPG,C:\Users\USUARIO\Desktop\BP Mayo 2026\SynologyDrive\CT_14\01190915.JPG,moved
CT_14,C:\Users\USUARIO\Desktop\BP Mayo 2026\SynologyDrive\CT_14\101EK113\01190916.JPG,C:\Users\USUARIO\Desktop\BP Mayo 2026\SynologyDrive\CT_14\01190916.JPG,moved
CT_14,C:\Users\USUARIO\Desktop\BP Mayo 2026\SynologyDrive\CT_14\101EK113\01190917.JPG,C:\Users\USUARIO\Desktop\BP Mayo 2026\SynologyDrive\CT_14\01190917.JPG,moved
CT_14,C:\Users\USUARIO\Desktop\BP Mayo 2026\SynologyDrive\CT_14\101EK113\01190918.JPG,C:\Users\USUARIO\Desktop\BP Mayo 2026\SynologyDrive\CT_14\01190918.JPG,moved
CT_14,C:\Users\USUARIO\Desktop\BP Mayo 2026\SynologyDrive\CT_14\101EK113\01190919.JPG,C:\Users\USUARIO\Desktop\BP Mayo 2026\SynologyDrive\CT_14\01190919.JPG,moved
CT_14,C:\Users\USUARIO\Desktop\BP Mayo 2026\SynologyDrive\CT_14\101EK113\01190920.JPG,C:\Users\USUARIO\Desktop\BP Mayo 2026\SynologyDrive\CT_14\01190920.JPG,moved
CT_14,C:\Users\USUARIO\Desktop\BP Mayo 2026\SynologyDrive\CT_14\101EK113\01190921.JPG,C:\Users\USUARIO\Desktop\BP Mayo 2026\SynologyDrive\CT_14\01190921.JPG,moved
CT_14,C:\Users\USUARIO\Desktop\BP Mayo 2026\SynologyDrive\CT_14\101EK113\01190922.JPG,C:\Users\USUARIO\Desktop\BP Mayo 2026\SynologyDrive\CT_14\01190922.JPG,moved
CT_14,C:\Users\USUARIO\Desktop\BP Mayo 2026\SynologyDrive\CT_14\101EK113\01190923.JPG,C:\Users\USUARIO\Desktop\BP Mayo 2026\SynologyDrive\CT_14\01190923.JPG,moved
CT_14,C:\Users\USUARIO\Desktop\BP Mayo 2026\SynologyDrive\CT_14\101EK113\01190924.JPG,C:\Users\USUARIO\Desktop\BP Mayo 2026\SynologyDrive\CT_14\01190924.JPG,moved
CT_14,C:\Users\USUARIO\Desktop\BP Mayo 2026\SynologyDrive\CT_14\101EK113\01190925.JPG,C:\Users\USUARIO\Desktop\BP Mayo 2026\SynologyDrive\CT_14\01190925.JPG,moved
CT_14,C:\Users\USUARIO\Desktop\BP Mayo 2026\SynologyDrive\CT_14\101EK113\01190926.JPG,C:\Users\USUARIO\Desktop\BP Mayo 2026\SynologyDrive\CT_14\01190926.JPG,moved
CT_14,C:\Users\USUARIO\Desktop\BP Mayo 2026\SynologyDrive\CT_14\101EK113\01190927.JPG,C:\Users\USUARIO\Desktop\BP Mayo 2026\SynologyDrive\CT_14\01190927.JPG,moved
CT_14,C:\Users\USUARIO\Desktop\BP Mayo 2026\SynologyDrive\CT_14\101EK113\01190928.JPG,C:\Users\USUARIO\Desktop\BP Mayo 2026\SynologyDrive\CT_14\01190928.JPG,moved
CT_14,C:\Users\USUARIO\Desktop\BP Mayo 2026\SynologyDrive\CT_14\101EK113\01190929.JPG,C:\Users\USUARIO\Desktop\BP Mayo 2026\SynologyDrive\CT_14\01190929.JPG,moved
CT_14,C:\Users\USUARIO\Desktop\BP Mayo 2026\SynologyDrive\CT_14\101EK113\01190930.JPG,C:\Users\USUARIO\Desktop\BP Mayo 2026\SynologyDrive\CT_14\01190930.JPG,moved
CT_14,C:\Users\USUARIO\Desktop\BP Mayo 2026\SynologyDrive\CT_14\101EK113\01190931.JPG,C:\Users\USUARIO\Desktop\BP Mayo 2026\SynologyDrive\CT_14\01190931.JPG,moved
CT_14,C:\Users\USUARIO\Desktop\BP Mayo 2026\SynologyDrive\CT_14\101EK113\01190932.JPG,C:\Users\USUARIO\Desktop\BP Mayo 2026\SynologyDrive\CT_14\01190932.JPG,moved
CT_14,C:\Users\USUARIO\Desktop\BP Mayo 2026\SynologyDrive\CT_14\101EK113\01190933.JPG,C:\Users\USUARIO\Desktop\BP Mayo 2026\SynologyDrive\CT_14\01190933.JPG,moved
CT_14,C:\Users\USUARIO\Desktop\BP Mayo 2026\SynologyDrive\CT_14\101EK113\01190934.JPG,C:\Users\USUARIO\Desktop\BP Mayo 2026\SynologyDrive\CT_14\01190934.JPG,moved
CT_14,C:\Users\USUARIO\Desktop\BP Mayo 2026\SynologyDrive\CT_14\101EK113\01190935.JPG,C:\Users\USUARIO\Desktop\BP Mayo 2026\SynologyDrive\CT_14\01190935.JPG,moved
CT_14,C:\Users\USUARIO\Desktop\BP Mayo 2026\SynologyDrive\CT_14\101EK113\01190936.JPG,C:\Users\USUARIO\Desktop\BP Mayo 2026\SynologyDrive\CT_14\01190936.JPG,moved
CT_14,C:\Users\USUARIO\Desktop\BP Mayo 2026\SynologyDrive\CT_14\101EK113\01190937.JPG,C:\Users\USUARIO\Desktop\BP Mayo 2026\SynologyDrive\CT_14\01190937.JPG,moved
CT_14,C:\Users\USUARIO\Desktop\BP Mayo 2026\SynologyDrive\CT_14\101EK113\01190938.JPG,C:\Users\USUARIO\Desktop\BP Mayo 2026\SynologyDrive\CT_14\01190938.JPG,moved
CT_14,C:\Users\USUARIO\Desktop\BP Mayo 2026\SynologyDrive\CT_14\101EK113\01190939.JPG,C:\Users\USUARIO\Desktop\BP Mayo 2026\SynologyDrive\CT_14\01190939.JPG,moved
CT_14,C:\Users\USUARIO\Desktop\BP Mayo 2026\SynologyDrive\CT_14\101EK113\01190940.JPG,C:\Users\USUARIO\Desktop\BP Mayo 2026\SynologyDrive\CT_14\01190940.JPG,moved
CT_14,C:\Users\USUARIO\Desktop\BP Mayo 2026\SynologyDrive\CT_14\101EK113\01190941.JPG,C:\Users\USUARIO\Desktop\BP Mayo 2026\SynologyDrive\CT_14\01190941.JPG,moved
CT_14,C:\Users\USUARIO\Desktop\BP Mayo 2026\SynologyDrive\CT_14\101EK113\01190942.JPG,C:\Users\USUARIO\Desktop\BP Mayo 2026\SynologyDrive\CT_14\01190942.JPG,moved
CT_14,C:\Users\USUARIO\Desktop\BP Mayo 2026\SynologyDrive\CT_14\101EK113\01190943.JPG,C:\Users\USUARIO\Desktop\BP Mayo 2026\SynologyDrive\CT_14\01190943.JPG,moved
CT_14,C:\Users\USUARIO\Desktop\BP Mayo 2026\SynologyDrive\CT_14\101EK113\01190944.JPG,C:\Users\USUARIO\Desktop\BP Mayo 2026\SynologyDrive\CT_14\01190944.JPG,moved
CT_14,C:\Users\USUARIO\Desktop\BP Mayo 2026\SynologyDrive\CT_14\101EK113\01190945.JPG,C:\Users\USUARIO\Desktop\BP Mayo 2026\SynologyDrive\CT_14\01190945.JPG,moved
CT_14,C:\Users\USUARIO\Desktop\BP Mayo 2026\SynologyDrive\CT_14\101EK113\01190946.JPG,C:\Users\USUARIO\Desktop\BP Mayo 2026\SynologyDrive\CT_14\01190946.JPG,moved
CT_14,C:\Users\USUARIO\Desktop\BP Mayo 2026\SynologyDrive\CT_14\101EK113\01190947.JPG,C:\Users\USUARIO\Desktop\BP Mayo 2026\SynologyDrive\CT_14\01190947.JPG,moved
CT_14,C:\Users\USUARIO\Desktop\BP Mayo 2026\SynologyDrive\CT_14\101EK113\01190948.JPG,C:\Users\USUARIO\Desktop\BP Mayo 2026\SynologyDrive\CT_14\01190948.JPG,moved
CT_14,C:\Users\USUARIO\Desktop\BP Mayo 2026\SynologyDrive\CT_14\101EK113\01190949.JPG,C:\Users\USUARIO\Desktop\BP Mayo 2026\SynologyDrive\CT_14\01190949.JPG,moved
CT_14,C:\Users\USUARIO\Desktop\BP Mayo 2026\SynologyDrive\CT_14\101EK113\01190950.JPG,C:\Users\USUARIO\Desktop\BP Mayo 2026\SynologyDrive\CT_14\01190950.JPG,moved
CT_14,C:\Users\USUARIO\Desktop\BP Mayo 2026\SynologyDrive\CT_14\101EK113\01190951.JPG,C:\Users\USUARIO\Desktop\BP Mayo 2026\SynologyDrive\CT_14\01190951.JPG,moved
CT_14,C:\Users\USUARIO\Desktop\BP Mayo 2026\SynologyDrive\CT_14\101EK113\01190952.JPG,C:\Users\USUARIO\Desktop\BP Mayo 2026\SynologyDrive\CT_14\01190952.JPG,moved
CT_14,C:\Users\USUARIO\Desktop\BP Mayo 2026\SynologyDrive\CT_14\101EK113\01190953.JPG,C:\Users\USUARIO\Desktop\BP Mayo 2026\SynologyDrive\CT_14\01190953.JPG,moved
CT_14,C:\Users\USUARIO\Desktop\BP Mayo 2026\SynologyDrive\CT_14\101EK113\01190954.JPG,C:\Users\USUARIO\Desktop\BP Mayo 2026\SynologyDrive\CT_14\01190954.JPG,moved
CT_14,C:\Users\USUARIO\Desktop\BP Mayo 2026\SynologyDrive\CT_14\101EK113\01190955.JPG,C:\Users\USUARIO\Desktop\BP Mayo 2026\SynologyDrive\CT_14\01190955.JPG,moved
CT_14,C:\Users\USUARIO\Desktop\BP Mayo 2026\SynologyDrive\CT_14\101EK113\01190956.JPG,C:\Users\USUARIO\Desktop\BP Mayo 2026\SynologyDrive\CT_14\01190956.JPG,moved
CT_14,C:\Users\USUARIO\Desktop\BP Mayo 2026\SynologyDrive\CT_14\101EK113\01190957.JPG,C:\Users\USUARIO\Desktop\BP Mayo 2026\SynologyDrive\CT_14\01190957.JPG,moved
CT_14,C:\Users\USUARIO\Desktop\BP Mayo 2026\SynologyDrive\CT_14\101EK113\01190958.JPG,C:\Users\USUARIO\Desktop\BP Mayo 2026\SynologyDrive\CT_14\01190958.JPG,moved
CT_14,C:\Users\USUARIO\Desktop\BP Mayo 2026\SynologyDrive\CT_14\101EK113\01190959.JPG,C:\Users\USUARIO\Desktop\BP Mayo 2026\SynologyDrive\CT_14\01190959.JPG,moved
CT_14,C:\Users\USUARIO\Desktop\BP Mayo 2026\SynologyDrive\CT_14\101EK113\01190960.JPG,C:\Users\USUARIO\Desktop\BP Mayo 2026\SynologyDrive\CT_14\01190960.JPG,moved
CT_14,C:\Users\USUARIO\Desktop\BP Mayo 2026\SynologyDrive\CT_14\101EK113\01190961.JPG,C:\Users\USUARIO\Desktop\BP Mayo 2026\SynologyDrive\CT_14\01190961.JPG,moved
CT_14,C:\Users\USUARIO\Desktop\BP Mayo 2026\SynologyDrive\CT_14\101EK113\01190962.JPG,C:\Users\USUARIO\Desktop\BP Mayo 2026\SynologyDrive\CT_14\01190962.JPG,moved
CT_14,C:\Users\USUARIO\Desktop\BP Mayo 2026\SynologyDrive\CT_14\101EK113\01190963.JPG,C:\Users\USUARIO\Desktop\BP Mayo 2026\SynologyDrive\CT_14\01190963.JPG,moved
CT_14,C:\Users\USUARIO\Desktop\BP Mayo 2026\SynologyDrive\CT_14\101EK113\01190964.JPG,C:\Users\USUARIO\Desktop\BP Mayo 2026\SynologyDrive\CT_14\01190964.JPG,moved
CT_14,C:\Users\USUARIO\Desktop\BP Mayo 2026\SynologyDrive\CT_14\101EK113\01190965.JPG,C:\Users\USUARIO\Desktop\BP Mayo 2026\SynologyDrive\CT_14\01190965.JPG,moved
CT_14,C:\Users\USUARIO\Desktop\BP Mayo 2026\SynologyDrive\CT_14\101EK113\01190966.JPG,C:\Users\USUARIO\Desktop\BP Mayo 2026\SynologyDrive\CT_14\01190966.JPG,moved
CT_14,C:\Users\USUARIO\Desktop\BP Mayo 2026\SynologyDrive\CT_14\101EK113\01190967.JPG,C:\Users\USUARIO\Desktop\BP Mayo 2026\SynologyDrive\CT_14\01190967.JPG,moved
CT_14,C:\Users\USUARIO\Desktop\BP Mayo 2026\SynologyDrive\CT_14\101EK113\01190968.JPG,C:\Users\USUARIO\Desktop\BP Mayo 2026\SynologyDrive\CT_14\01190968.JPG,moved
CT_14,C:\Users\USUARIO\Desktop\BP Mayo 2026\SynologyDrive\CT_14\101EK113\01190969.JPG,C:\Users\USUARIO\Desktop\BP Mayo 2026\SynologyDrive\CT_14\01190969.JPG,moved
CT_14,C:\Users\USUARIO\Desktop\BP Mayo 2026\SynologyDrive\CT_14\101EK113\01190970.JPG,C:\Users\USUARIO\Desktop\BP Mayo 2026\SynologyDrive\CT_14\01190970.JPG,moved
CT_14,C:\Users\USUARIO\Desktop\BP Mayo 2026\SynologyDrive\CT_14\101EK113\01190971.JPG,C:\Users\USUARIO\Desktop\BP Mayo 2026\SynologyDrive\CT_14\01190971.JPG,moved
CT_14,C:\Users\USUARIO\Desktop\BP Mayo 2026\SynologyDrive\CT_14\101EK113\01190972.JPG,C:\Users\USUARIO\Desktop\BP Mayo 2026\SynologyDrive\CT_14\01190972.JPG,moved
CT_14,C:\Users\USUARIO\Desktop\BP Mayo 2026\SynologyDrive\CT_14\101EK113\01190973.JPG,C:\Users\USUARIO\Desktop\BP Mayo 2026\SynologyDrive\CT_14\01190973.JPG,moved
CT_14,C:\Users\USUARIO\Desktop\BP Mayo 2026\SynologyDrive\CT_14\101EK113\01190974.JPG,C:\Users\USUARIO\Desktop\BP Mayo 2026\SynologyDrive\CT_14\01190974.JPG,moved
CT_14,C:\Users\USUARIO\Desktop\BP Mayo 2026\SynologyDrive\CT_14\101EK113\01190975.JPG,C:\Users\USUARIO\Desktop\BP Mayo 2026\SynologyDrive\CT_14\01190975.JPG,moved
CT_14,C:\Users\USUARIO\Desktop\BP Mayo 2026\SynologyDrive\CT_14\101EK113\01190976.JPG,C:\Users\USUARIO\Desktop\BP Mayo 2026\SynologyDrive\CT_14\01190976.JPG,moved
CT_14,C:\Users\USUARIO\Desktop\BP Mayo 2026\SynologyDrive\CT_14\101EK113\01190977.JPG,C:\Users\USUARIO\Desktop\BP Mayo 2026\SynologyDrive\CT_14\01190977.JPG,moved
CT_14,C:\Users\USUARIO\Desktop\BP Mayo 2026\SynologyDrive\CT_14\101EK113\01190978.JPG,C:\Users\USUARIO\Desktop\BP Mayo 2026\SynologyDrive\CT_14\01190978.JPG,moved
CT_14,C:\Users\USUARIO\Desktop\BP Mayo 2026\SynologyDrive\CT_14\101EK113\01190979.JPG,C:\Users\USUARIO\Desktop\BP Mayo 2026\SynologyDrive\CT_14\01190979.JPG,moved
CT_14,C:\Users\USUARIO\Desktop\BP Mayo 2026\SynologyDrive\CT_14\101EK113\01190980.JPG,C:\Users\USUARIO\Desktop\BP Mayo 2026\SynologyDrive\CT_14\01190980.JPG,moved
CT_14,C:\Users\USUARIO\Desktop\BP Mayo 2026\SynologyDrive\CT_14\101EK113\01190981.JPG,C:\Users\USUARIO\Desktop\BP Mayo 2026\SynologyDrive\CT_14\01190981.JPG,moved
CT_14,C:\Users\USUARIO\Desktop\BP Mayo 2026\SynologyDrive\CT_14\101EK113\01190982.JPG,C:\Users\USUARIO\Desktop\BP Mayo 2026\SynologyDrive\CT_14\01190982.JPG,moved
CT_14,C:\Users\USUARIO\Desktop\BP Mayo 2026\SynologyDrive\CT_14\101EK113\01190983.JPG,C:\Users\USUARIO\Desktop\BP Mayo 2026\SynologyDrive\CT_14\01190983.JPG,moved
CT_14,C:\Users\USUARIO\Desktop\BP Mayo 2026\SynologyDrive\CT_14\101EK113\01190984.JPG,C:\Users\USUARIO\Desktop\BP Mayo 2026\SynologyDrive\CT_14\01190984.JPG,moved
CT_14,C:\Users\USUARIO\Desktop\BP Mayo 2026\SynologyDrive\CT_14\101EK113\01190985.JPG,C:\Users\USUARIO\Desktop\BP Mayo 2026\SynologyDrive\CT_14\01190985.JPG,moved
CT_14,C:\Users\USUARIO\Desktop\BP Mayo 2026\SynologyDrive\CT_14\101EK113\01190986.JPG,C:\Users\USUARIO\Desktop\BP Mayo 2026\SynologyDrive\CT_14\01190986.JPG,moved
CT_14,C:\Users\USUARIO\Desktop\BP Mayo 2026\SynologyDrive\CT_14\101EK113\01190987.JPG,C:\Users\USUARIO\Desktop\BP Mayo 2026\SynologyDrive\CT_14\01190987.JPG,moved
CT_14,C:\Users\USUARIO\Desktop\BP Mayo 2026\SynologyDrive\CT_14\101EK113\01190988.JPG,C:\Users\USUARIO\Desktop\BP Mayo 2026\SynologyDrive\CT_14\01190988.JPG,moved
CT_14,C:\Users\USUARIO\Desktop\BP Mayo 2026\SynologyDrive\CT_14\101EK113\01190989.JPG,C:\Users\USUARIO\Desktop\BP Mayo 2026\SynologyDrive\CT_14\01190989.JPG,moved
CT_14,C:\Users\USUARIO\Desktop\BP Mayo 2026\SynologyDrive\CT_14\101EK113\01190990.JPG,C:\Users\USUARIO\Desktop\BP Mayo 2026\SynologyDrive\CT_14\01190990.JPG,moved
CT_14,C:\Users\USUARIO\Desktop\BP Mayo 2026\SynologyDrive\CT_14\101EK113\01190991.JPG,C:\Users\USUARIO\Desktop\BP Mayo 2026\SynologyDrive\CT_14\01190991.JPG,moved
CT_14,C:\Users\USUARIO\Desktop\BP Mayo 2026\SynologyDrive\CT_14\101EK113\01190992.JPG,C:\Users\USUARIO\Desktop\BP Mayo 2026\SynologyDrive\CT_14\01190992.JPG,moved
CT_14,C:\Users\USUARIO\Desktop\BP Mayo 2026\SynologyDrive\CT_14\101EK113\01190993.JPG,C:\Users\USUARIO\Desktop\BP Mayo 2026\SynologyDrive\CT_14\01190993.JPG,moved
CT_14,C:\Users\USUARIO\Desktop\BP Mayo 2026\SynologyDrive\CT_14\101EK113\01190994.JPG,C:\Users\USUARIO\Desktop\BP Mayo 2026\SynologyDrive\CT_14\01190994.JPG,moved
CT_14,C:\Users\USUARIO\Desktop\BP Mayo 2026\SynologyDrive\CT_14\101EK113\01190995.JPG,C:\Users\USUARIO\Desktop\BP Mayo 2026\SynologyDrive\CT_14\01190995.JPG,moved
CT_14,C:\Users\USUARIO\Desktop\BP Mayo 2026\SynologyDrive\CT_14\101EK113\01190996.JPG,C:\Users\USUARIO\Desktop\BP Mayo 2026\SynologyDrive\CT_14\01190996.JPG,moved
CT_14,C:\Users\USUARIO\Desktop\BP Mayo 2026\SynologyDrive\CT_14\101EK113\01190997.JPG,C:\Users\USUARIO\Desktop\BP Mayo 2026\SynologyDrive\CT_14\01190997.JPG,moved
CT_14,C:\Users\USUARIO\Desktop\BP Mayo 2026\SynologyDrive\CT_14\101EK113\01190998.JPG,C:\Users\USUARIO\Desktop\BP Mayo 2026\SynologyDrive\CT_14\01190998.JPG,moved
CT_14,C:\Users\USUARIO\Desktop\BP Mayo 2026\SynologyDrive\CT_14\101EK113\01190999.JPG,C:\Users\USUARIO\Desktop\BP Mayo 2026\SynologyDrive\CT_14\01190999.JPG,moved
CT_14,C:\Users\USUARIO\Desktop\BP Mayo 2026\SynologyDrive\CT_14\102EK113\01190001.JPG,C:\Users\USUARIO\Desktop\BP Mayo 2026\SynologyDrive\CT_14\01190001.JPG,moved
CT_14,C:\Users\USUARIO\Desktop\BP Mayo 2026\SynologyDrive\CT_14\102EK113\01190002.JPG,C:\Users\USUARIO\Desktop\BP Mayo 2026\SynologyDrive\CT_14\01190002.JPG,moved
CT_14,C:\Users\USUARIO\Desktop\BP Mayo 2026\SynologyDrive\CT_14\102EK113\01190003.JPG,C:\Users\USUARIO\Desktop\BP Mayo 2026\SynologyDrive\CT_14\01190003.JPG,moved
CT_14,C:\Users\USUARIO\Desktop\BP Mayo 2026\SynologyDrive\CT_14\102EK113\01190004.JPG,C:\Users\USUARIO\Desktop\BP Mayo 2026\SynologyDrive\CT_14\01190004.JPG,moved
CT_14,C:\Users\USUARIO\Desktop\BP Mayo 2026\SynologyDrive\CT_14\102EK113\01190005.JPG,C:\Users\USUARIO\Desktop\BP Mayo 2026\SynologyDrive\CT_14\01190005.JPG,moved
CT_14,C:\Users\USUARIO\Desktop\BP Mayo 2026\SynologyDrive\CT_14\102EK113\01190006.JPG,C:\Users\USUARIO\Desktop\BP Mayo 2026\SynologyDrive\CT_14\01190006.JPG,moved
CT_14,C:\Users\USUARIO\Desktop\BP Mayo 2026\SynologyDrive\CT_14\102EK113\01190007.JPG,C:\Users\USUARIO\Desktop\BP Mayo 2026\SynologyDrive\CT_14\01190007.JPG,moved
CT_14,C:\Users\USUARIO\Desktop\BP Mayo 2026\SynologyDrive\CT_14\102EK113\01190008.JPG,C:\Users\USUARIO\Desktop\BP Mayo 2026\SynologyDrive\CT_14\01190008.JPG,moved
CT_14,C:\Users\USUARIO\Desktop\BP Mayo 2026\SynologyDrive\CT_14\102EK113\01190009.JPG,C:\Users\USUARIO\Desktop\BP Mayo 2026\SynologyDrive\CT_14\01190009.JPG,moved
CT_14,C:\Users\USUARIO\Desktop\BP Mayo 2026\SynologyDrive\CT_14\102EK113\01190010.JPG,C:\Users\USUARIO\Desktop\BP Mayo 2026\SynologyDrive\CT_14\01190010.JPG,moved
CT_14,C:\Users\USUARIO\Desktop\BP Mayo 2026\SynologyDrive\CT_14\102EK113\01190011.JPG,C:\Users\USUARIO\Desktop\BP Mayo 2026\SynologyDrive\CT_14\01190011.JPG,moved
CT_14,C:\Users\USUARIO\Desktop\BP Mayo 2026\SynologyDrive\CT_14\102EK113\01190012.JPG,C:\Users\USUARIO\Desktop\BP Mayo 2026\SynologyDrive\CT_14\01190012.JPG,moved
CT_14,C:\Users\USUARIO\Desktop\BP Mayo 2026\SynologyDrive\CT_14\102EK113\01190013.JPG,C:\Users\USUARIO\Desktop\BP Mayo 2026\SynologyDrive\CT_14\01190013.JPG,moved
CT_14,C:\Users\USUARIO\Desktop\BP Mayo 2026\SynologyDrive\CT_14\102EK113\01190014.JPG,C:\Users\USUARIO\Desktop\BP Mayo 2026\SynologyDrive\CT_14\01190014.JPG,moved
CT_14,C:\Users\USUARIO\Desktop\BP Mayo 2026\SynologyDrive\CT_14\102EK113\01190015.JPG,C:\Users\USUARIO\Desktop\BP Mayo 2026\SynologyDrive\CT_14\01190015.JPG,moved
CT_14,C:\Users\USUARIO\Desktop\BP Mayo 2026\SynologyDrive\CT_14\102EK113\01190016.JPG,C:\Users\USUARIO\Desktop\BP Mayo 2026\SynologyDrive\CT_14\01190016.JPG,moved
CT_14,C:\Users\USUARIO\Desktop\BP Mayo 2026\SynologyDrive\CT_14\102EK113\01190017.JPG,C:\Users\USUARIO\Desktop\BP Mayo 2026\SynologyDrive\CT_14\01190017.JPG,moved
CT_14,C:\Users\USUARIO\Desktop\BP Mayo 2026\SynologyDrive\CT_14\102EK113\01190018.JPG,C:\Users\USUARIO\Desktop\BP Mayo 2026\SynologyDrive\CT_14\01190018.JPG,moved
CT_14,C:\Users\USUARIO\Desktop\BP Mayo 2026\SynologyDrive\CT_14\102EK113\01190019.JPG,C:\Users\USUARIO\Desktop\BP Mayo 2026\SynologyDrive\CT_14\01190019.JPG,moved
CT_14,C:\Users\USUARIO\Desktop\BP Mayo 2026\SynologyDrive\CT_14\102EK113\01190020.JPG,C:\Users\USUARIO\Desktop\BP Mayo 2026\SynologyDrive\CT_14\01190020.JPG,moved
CT_14,C:\Users\USUARIO\Desktop\BP Mayo 2026\SynologyDrive\CT_14\102EK113\01190021.JPG,C:\Users\USUARIO\Desktop\BP Mayo 2026\SynologyDrive\CT_14\01190021.JPG,moved
CT_14,C:\Users\USUARIO\Desktop\BP Mayo 2026\SynologyDrive\CT_14\102EK113\01190022.JPG,C:\Users\USUARIO\Desktop\BP Mayo 2026\SynologyDrive\CT_14\01190022.JPG,moved
CT_14,C:\Users\USUARIO\Desktop\BP Mayo 2026\SynologyDrive\CT_14\102EK113\01190023.JPG,C:\Users\USUARIO\Desktop\BP Mayo 2026\SynologyDrive\CT_14\01190023.JPG,moved
CT_14,C:\Users\USUARIO\Desktop\BP Mayo 2026\SynologyDrive\CT_14\102EK113\01190024.JPG,C:\Users\USUARIO\Desktop\BP Mayo 2026\SynologyDrive\CT_14\01190024.JPG,moved
CT_14,C:\Users\USUARIO\Desktop\BP Mayo 2026\SynologyDrive\CT_14\102EK113\01190025.JPG,C:\Users\USUARIO\Desktop\BP Mayo 2026\SynologyDrive\CT_14\01190025.JPG,moved
CT_14,C:\Users\USUARIO\Desktop\BP Mayo 2026\SynologyDrive\CT_14\102EK113\01190026.JPG,C:\Users\USUARIO\Desktop\BP Mayo 2026\SynologyDrive\CT_14\01190026.JPG,moved
CT_14,C:\Users\USUARIO\Desktop\BP Mayo 2026\SynologyDrive\CT_14\102EK113\01190027.JPG,C:\Users\USUARIO\Desktop\BP Mayo 2026\SynologyDrive\CT_14\01190027.JPG,moved
CT_14,C:\Users\USUARIO\Desktop\BP Mayo 2026\SynologyDrive\CT_14\102EK113\01190028.JPG,C:\Users\USUARIO\Desktop\BP Mayo 2026\SynologyDrive\CT_14\01190028.JPG,moved
CT_14,C:\Users\USUARIO\Desktop\BP Mayo 2026\SynologyDrive\CT_14\102EK113\01190029.JPG,C:\Users\USUARIO\Desktop\BP Mayo 2026\SynologyDrive\CT_14\01190029.JPG,moved
CT_14,C:\Users\USUARIO\Desktop\BP Mayo 2026\SynologyDrive\CT_14\102EK113\01190030.JPG,C:\Users\USUARIO\Desktop\BP Mayo 2026\SynologyDrive\CT_14\01190030.JPG,moved
CT_14,C:\Users\USUARIO\Desktop\BP Mayo 2026\SynologyDrive\CT_14\102EK113\01190031.JPG,C:\Users\USUARIO\Desktop\BP Mayo 2026\SynologyDrive\CT_14\01190031.JPG,moved
CT_14,C:\Users\USUARIO\Desktop\BP Mayo 2026\SynologyDrive\CT_14\102EK113\01190032.JPG,C:\Users\USUARIO\Desktop\BP Mayo 2026\SynologyDrive\CT_14\01190032.JPG,moved
CT_14,C:\Users\USUARIO\Desktop\BP Mayo 2026\SynologyDrive\CT_14\102EK113\01190033.JPG,C:\Users\USUARIO\Desktop\BP Mayo 2026\SynologyDrive\CT_14\01190033.JPG,moved
CT_14,C:\Users\USUARIO\Desktop\BP Mayo 2026\SynologyDrive\CT_14\102EK113\01190034.JPG,C:\Users\USUARIO\Desktop\BP Mayo 2026\SynologyDrive\CT_14\01190034.JPG,moved
CT_14,C:\Users\USUARIO\Desktop\BP Mayo 2026\SynologyDrive\CT_14\102EK113\01190035.JPG,C:\Users\USUARIO\Desktop\BP Mayo 2026\SynologyDrive\CT_14\01190035.JPG,moved
CT_14,C:\Users\USUARIO\Desktop\BP Mayo 2026\SynologyDrive\CT_14\102EK113\01190036.JPG,C:\Users\USUARIO\Desktop\BP Mayo 2026\SynologyDrive\CT_14\01190036.JPG,moved
CT_14,C:\Users\USUARIO\Desktop\BP Mayo 2026\SynologyDrive\CT_14\102EK113\01190037.JPG,C:\Users\USUARIO\Desktop\BP Mayo 2026\SynologyDrive\CT_14\01190037.JPG,moved
CT_14,C:\Users\USUARIO\Desktop\BP Mayo 2026\SynologyDrive\CT_14\102EK113\01190038.JPG,C:\Users\USUARIO\Desktop\BP Mayo 2026\SynologyDrive\CT_14\01190038.JPG,moved
CT_14,C:\Users\USUARIO\Desktop\BP Mayo 2026\SynologyDrive\CT_14\102EK113\01190039.JPG,C:\Users\USUARIO\Desktop\BP Mayo 2026\SynologyDrive\CT_14\01190039.JPG,moved
CT_14,C:\Users\USUARIO\Desktop\BP Mayo 2026\SynologyDrive\CT_14\102EK113\01190040.JPG,C:\Users\USUARIO\Desktop\BP Mayo 2026\SynologyDrive\CT_14\01190040.JPG,moved
CT_14,C:\Users\USUARIO\Desktop\BP Mayo 2026\SynologyDrive\CT_14\102EK113\01190041.JPG,C:\Users\USUARIO\Desktop\BP Mayo 2026\SynologyDrive\CT_14\01190041.JPG,moved
CT_14,C:\Users\USUARIO\Desktop\BP Mayo 2026\SynologyDrive\CT_14\102EK113\01190042.JPG,C:\Users\USUARIO\Desktop\BP Mayo 2026\SynologyDrive\CT_14\01190042.JPG,moved
CT_14,C:\Users\USUARIO\Desktop\BP Mayo 2026\SynologyDrive\CT_14\102EK113\01190043.JPG,C:\Users\USUARIO\Desktop\BP Mayo 2026\SynologyDrive\CT_14\01190043.JPG,moved
CT_14,C:\Users\USUARIO\Desktop\BP Mayo 2026\SynologyDrive\CT_14\102EK113\01190044.JPG,C:\Users\USUARIO\Desktop\BP Mayo 2026\SynologyDrive\CT_14\01190044.JPG,moved
CT_14,C:\Users\USUARIO\Desktop\BP Mayo 2026\SynologyDrive\CT_14\102EK113\01190045.JPG,C:\Users\USUARIO\Desktop\BP Mayo 2026\SynologyDrive\CT_14\01190045.JPG,moved
CT_14,C:\Users\USUARIO\Desktop\BP Mayo 2026\SynologyDrive\CT_14\102EK113\01190046.JPG,C:\Users\USUARIO\Desktop\BP Mayo 2026\SynologyDrive\CT_14\01190046.JPG,moved
CT_14,C:\Users\USUARIO\Desktop\BP Mayo 2026\SynologyDrive\CT_14\102EK113\01190047.JPG,C:\Users\USUARIO\Desktop\BP Mayo 2026\SynologyDrive\CT_14\01190047.JPG,moved
CT_14,C:\Users\USUARIO\Desktop\BP Mayo 2026\SynologyDrive\CT_14\102EK113\01190048.JPG,C:\Users\USUARIO\Desktop\BP Mayo 2026\SynologyDrive\CT_14\01190048.JPG,moved
CT_14,C:\Users\USUARIO\Desktop\BP Mayo 2026\SynologyDrive\CT_14\102EK113\01190049.JPG,C:\Users\USUARIO\Desktop\BP Mayo 2026\SynologyDrive\CT_14\01190049.JPG,moved
CT_14,C:\Users\USUARIO\Desktop\BP Mayo 2026\SynologyDrive\CT_14\102EK113\01190050.JPG,C:\Users\USUARIO\Desktop\BP Mayo 2026\SynologyDrive\CT_14\01190050.JPG,moved
CT_14,C:\Users\USUARIO\Desktop\BP Mayo 2026\SynologyDrive\CT_14\102EK113\01190051.JPG,C:\Users\USUARIO\Desktop\BP Mayo 2026\SynologyDrive\CT_14\01190051.JPG,moved
CT_14,C:\Users\USUARIO\Desktop\BP Mayo 2026\SynologyDrive\CT_14\102EK113\01190052.JPG,C:\Users\USUARIO\Desktop\BP Mayo 2026\SynologyDrive\CT_14\01190052.JPG,moved
CT_14,C:\Users\USUARIO\Desktop\BP Mayo 2026\SynologyDrive\CT_14\102EK113\01190053.JPG,C:\Users\USUARIO\Desktop\BP Mayo 2026\SynologyDrive\CT_14\01190053.JPG,moved
CT_14,C:\Users\USUARIO\Desktop\BP Mayo 2026\SynologyDrive\CT_14\102EK113\01190054.JPG,C:\Users\USUARIO\Desktop\BP Mayo 2026\SynologyDrive\CT_14\01190054.JPG,moved
CT_14,C:\Users\USUARIO\Desktop\BP Mayo 2026\SynologyDrive\CT_14\102EK113\01190055.JPG,C:\Users\USUARIO\Desktop\BP Mayo 2026\SynologyDrive\CT_14\01190055.JPG,moved
CT_14,C:\Users\USUARIO\Desktop\BP Mayo 2026\SynologyDrive\CT_14\102EK113\01190056.JPG,C:\Users\USUARIO\Desktop\BP Mayo 2026\SynologyDrive\CT_14\01190056.JPG,moved
CT_14,C:\Users\USUARIO\Desktop\BP Mayo 2026\SynologyDrive\CT_14\102EK113\01190057.JPG,C:\Users\USUARIO\Desktop\BP Mayo 2026\SynologyDrive\CT_14\01190057.JPG,moved
CT_14,C:\Users\USUARIO\Desktop\BP Mayo 2026\SynologyDrive\CT_14\102EK113\01190058.JPG,C:\Users\USUARIO\Desktop\BP Mayo 2026\SynologyDrive\CT_14\01190058.JPG,moved
CT_14,C:\Users\USUARIO\Desktop\BP Mayo 2026\SynologyDrive\CT_14\102EK113\01190059.JPG,C:\Users\USUARIO\Desktop\BP Mayo 2026\SynologyDrive\CT_14\01190059.JPG,moved
CT_14,C:\Users\USUARIO\Desktop\BP Mayo 2026\SynologyDrive\CT_14\102EK113\01190060.JPG,C:\Users\USUARIO\Desktop\BP Mayo 2026\SynologyDrive\CT_14\01190060.JPG,moved
CT_14,C:\Users\USUARIO\Desktop\BP Mayo 2026\SynologyDrive\CT_14\102EK113\01190061.JPG,C:\Users\USUARIO\Desktop\BP Mayo 2026\SynologyDrive\CT_14\01190061.JPG,moved
CT_14,C:\Users\USUARIO\Desktop\BP Mayo 2026\SynologyDrive\CT_14\102EK113\01190062.JPG,C:\Users\USUARIO\Desktop\BP Mayo 2026\SynologyDrive\CT_14\01190062.JPG,moved
CT_14,C:\Users\USUARIO\Desktop\BP Mayo 2026\SynologyDrive\CT_14\102EK113\01190063.JPG,C:\Users\USUARIO\Desktop\BP Mayo 2026\SynologyDrive\CT_14\01190063.JPG,moved
CT_14,C:\Users\USUARIO\Desktop\BP Mayo 2026\SynologyDrive\CT_14\102EK113\01190064.JPG,C:\Users\USUARIO\Desktop\BP Mayo 2026\SynologyDrive\CT_14\01190064.JPG,moved
CT_14,C:\Users\USUARIO\Desktop\BP Mayo 2026\SynologyDrive\CT_14\102EK113\01190065.JPG,C:\Users\USUARIO\Desktop\BP Mayo 2026\SynologyDrive\CT_14\01190065.JPG,moved
CT_14,C:\Users\USUARIO\Desktop\BP Mayo 2026\SynologyDrive\CT_14\102EK113\01190066.JPG,C:\Users\USUARIO\Desktop\BP Mayo 2026\SynologyDrive\CT_14\01190066.JPG,moved
CT_14,C:\Users\USUARIO\Desktop\BP Mayo 2026\SynologyDrive\CT_14\102EK113\01190067.JPG,C:\Users\USUARIO\Desktop\BP Mayo 2026\SynologyDrive\CT_14\01190067.JPG,moved
CT_14,C:\Users\USUARIO\Desktop\BP Mayo 2026\SynologyDrive\CT_14\102EK113\01190068.JPG,C:\Users\USUARIO\Desktop\BP Mayo 2026\SynologyDrive\CT_14\01190068.JPG,moved
CT_14,C:\Users\USUARIO\Desktop\BP Mayo 2026\SynologyDrive\CT_14\102EK113\01190069.JPG,C:\Users\USUARIO\Desktop\BP Mayo 2026\SynologyDrive\CT_14\01190069.JPG,moved
CT_14,C:\Users\USUARIO\Desktop\BP Mayo 2026\SynologyDrive\CT_14\102EK113\01190070.JPG,C:\Users\USUARIO\Desktop\BP Mayo 2026\SynologyDrive\CT_14\01190070.JPG,moved
CT_14,C:\Users\USUARIO\Desktop\BP Mayo 2026\SynologyDrive\CT_14\102EK113\01190071.JPG,C:\Users\USUARIO\Desktop\BP Mayo 2026\SynologyDrive\CT_14\01190071.JPG,moved
CT_14,C:\Users\USUARIO\Desktop\BP Mayo 2026\SynologyDrive\CT_14\102EK113\01190072.JPG,C:\Users\USUARIO\Desktop\BP Mayo 2026\SynologyDrive\CT_14\01190072.JPG,moved
CT_14,C:\Users\USUARIO\Desktop\BP Mayo 2026\SynologyDrive\CT_14\102EK113\01190073.JPG,C:\Users\USUARIO\Desktop\BP Mayo 2026\SynologyDrive\CT_14\01190073.JPG,moved
CT_14,C:\Users\USUARIO\Desktop\BP Mayo 2026\SynologyDrive\CT_14\102EK113\01190074.JPG,C:\Users\USUARIO\Desktop\BP Mayo 2026\SynologyDrive\CT_14\01190074.JPG,moved
CT_14,C:\Users\USUARIO\Desktop\BP Mayo 2026\SynologyDrive\CT_14\102EK113\01190075.JPG,C:\Users\USUARIO\Desktop\BP Mayo 2026\SynologyDrive\CT_14\01190075.JPG,moved
CT_14,C:\Users\USUARIO\Desktop\BP Mayo 2026\SynologyDrive\CT_14\102EK113\01190076.JPG,C:\Users\USUARIO\Desktop\BP Mayo 2026\SynologyDrive\CT_14\01190076.JPG,moved
CT_14,C:\Users\USUARIO\Desktop\BP Mayo 2026\SynologyDrive\CT_14\102EK113\01190077.JPG,C:\Users\USUARIO\Desktop\BP Mayo 2026\SynologyDrive\CT_14\01190077.JPG,moved
CT_14,C:\Users\USUARIO\Desktop\BP Mayo 2026\SynologyDrive\CT_14\102EK113\01190078.JPG,C:\Users\USUARIO\Desktop\BP Mayo 2026\SynologyDrive\CT_14\01190078.JPG,moved
CT_14,C:\Users\USUARIO\Desktop\BP Mayo 2026\SynologyDrive\CT_14\102EK113\01190079.JPG,C:\Users\USUARIO\Desktop\BP Mayo 2026\SynologyDrive\CT_14\01190079.JPG,moved
CT_14,C:\Users\USUARIO\Desktop\BP Mayo 2026\SynologyDrive\CT_14\102EK113\01190080.JPG,C:\Users\USUARIO\Desktop\BP Mayo 2026\SynologyDrive\CT_14\01190080.JPG,moved
CT_14,C:\Users\USUARIO\Desktop\BP Mayo 2026\SynologyDrive\CT_14\102EK113\01190081.JPG,C:\Users\USUARIO\Desktop\BP Mayo 2026\SynologyDrive\CT_14\01190081.JPG,moved
CT_14,C:\Users\USUARIO\Desktop\BP Mayo 2026\SynologyDrive\CT_14\102EK113\01190082.JPG,C:\Users\USUARIO\Desktop\BP Mayo 2026\SynologyDrive\CT_14\01190082.JPG,moved
CT_14,C:\Users\USUARIO\Desktop\BP Mayo 2026\SynologyDrive\CT_14\102EK113\01190083.JPG,C:\Users\USUARIO\Desktop\BP Mayo 2026\SynologyDrive\CT_14\01190083.JPG,moved
CT_14,C:\Users\USUARIO\Desktop\BP Mayo 2026\SynologyDrive\CT_14\102EK113\01190084.JPG,C:\Users\USUARIO\Desktop\BP Mayo 2026\SynologyDrive\CT_14\01190084.JPG,moved
CT_14,C:\Users\USUARIO\Desktop\BP Mayo 2026\SynologyDrive\CT_14\102EK113\01190085.JPG,C:\Users\USUARIO\Desktop\BP Mayo 2026\SynologyDrive\CT_14\01190085.JPG,moved
CT_14,C:\Users\USUARIO\Desktop\BP Mayo 2026\SynologyDrive\CT_14\102EK113\01190086.JPG,C:\Users\USUARIO\Desktop\BP Mayo 2026\SynologyDrive\CT_14\01190086.JPG,moved
CT_14,C:\Users\USUARIO\Desktop\BP Mayo 2026\SynologyDrive\CT_14\102EK113\01190087.JPG,C:\Users\USUARIO\Desktop\BP Mayo 2026\SynologyDrive\CT_14\01190087.JPG,moved
CT_14,C:\Users\USUARIO\Desktop\BP Mayo 2026\SynologyDrive\CT_14\102EK113\01190088.JPG,C:\Users\USUARIO\Desktop\BP Mayo 2026\SynologyDrive\CT_14\01190088.JPG,moved
CT_14,C:\Users\USUARIO\Desktop\BP Mayo 2026\SynologyDrive\CT_14\102EK113\01190089.JPG,C:\Users\USUARIO\Desktop\BP Mayo 2026\SynologyDrive\CT_14\01190089.JPG,moved
CT_14,C:\Users\USUARIO\Desktop\BP Mayo 2026\SynologyDrive\CT_14\102EK113\01190090.JPG,C:\Users\USUARIO\Desktop\BP Mayo 2026\SynologyDrive\CT_14\01190090.JPG,moved
CT_14,C:\Users\USUARIO\Desktop\BP Mayo 2026\SynologyDrive\CT_14\102EK113\01190091.JPG,C:\Users\USUARIO\Desktop\BP Mayo 2026\SynologyDrive\CT_14\01190091.JPG,moved
CT_14,C:\Users\USUARIO\Desktop\BP Mayo 2026\SynologyDrive\CT_14\102EK113\01190092.JPG,C:\Users\USUARIO\Desktop\BP Mayo 2026\SynologyDrive\CT_14\01190092.JPG,moved
CT_14,C:\Users\USUARIO\Desktop\BP Mayo 2026\SynologyDrive\CT_14\102EK113\01190093.JPG,C:\Users\USUARIO\Desktop\BP Mayo 2026\SynologyDrive\CT_14\01190093.JPG,moved
CT_14,C:\Users\USUARIO\Desktop\BP Mayo 2026\SynologyDrive\CT_14\102EK113\01190094.JPG,C:\Users\USUARIO\Desktop\BP Mayo 2026\SynologyDrive\CT_14\01190094.JPG,moved
CT_14,C:\Users\USUARIO\Desktop\BP Mayo 2026\SynologyDrive\CT_14\102EK113\01190095.JPG,C:\Users\USUARIO\Desktop\BP Mayo 2026\SynologyDrive\CT_14\01190095.JPG,moved
CT_14,C:\Users\USUARIO\Desktop\BP Mayo 2026\SynologyDrive\CT_14\102EK113\01190096.JPG,C:\Users\USUARIO\Desktop\BP Mayo 2026\SynologyDrive\CT_14\01190096.JPG,moved
CT_14,C:\Users\USUARIO\Desktop\BP Mayo 2026\SynologyDrive\CT_14\102EK113\01190097.JPG,C:\Users\USUARIO\Desktop\BP Mayo 2026\SynologyDrive\CT_14\01190097.JPG,moved
CT_14,C:\Users\USUARIO\Desktop\BP Mayo 2026\SynologyDrive\CT_14\102EK113\01190098.JPG,C:\Users\USUARIO\Desktop\BP Mayo 2026\SynologyDrive\CT_14\01190098.JPG,moved
CT_14,C:\Users\USUARIO\Desktop\BP Mayo 2026\SynologyDrive\CT_14\102EK113\01190099.JPG,C:\Users\USUARIO\Desktop\BP Mayo 2026\SynologyDrive\CT_14\01190099.JPG,moved
CT_14,C:\Users\USUARIO\Desktop\BP Mayo 2026\SynologyDrive\CT_14\102EK113\01190100.JPG,C:\Users\USUARIO\Desktop\BP Mayo 2026\SynologyDrive\CT_14\01190100.JPG,moved
CT_14,C:\Users\USUARIO\Desktop\BP Mayo 2026\SynologyDrive\CT_14\102EK113\01190101.JPG,C:\Users\USUARIO\Desktop\BP Mayo 2026\SynologyDrive\CT_14\01190101.JPG,moved
CT_14,C:\Users\USUARIO\Desktop\BP Mayo 2026\SynologyDrive\CT_14\102EK113\01190102.JPG,C:\Users\USUARIO\Desktop\BP Mayo 2026\SynologyDrive\CT_14\01190102.JPG,moved
CT_14,C:\Users\USUARIO\Desktop\BP Mayo 2026\SynologyDrive\CT_14\102EK113\01190103.JPG,C:\Users\USUARIO\Desktop\BP Mayo 2026\SynologyDrive\CT_14\01190103.JPG,moved
CT_14,C:\Users\USUARIO\Desktop\BP Mayo 2026\SynologyDrive\CT_14\102EK113\01190104.JPG,C:\Users\USUARIO\Desktop\BP Mayo 2026\SynologyDrive\CT_14\01190104.JPG,moved
CT_14,C:\Users\USUARIO\Desktop\BP Mayo 2026\SynologyDrive\CT_14\102EK113\01190105.JPG,C:\Users\USUARIO\Desktop\BP Mayo 2026\SynologyDrive\CT_14\01190105.JPG,moved
CT_14,C:\Users\USUARIO\Desktop\BP Mayo 2026\SynologyDrive\CT_14\102EK113\01190106.JPG,C:\Users\USUARIO\Desktop\BP Mayo 2026\SynologyDrive\CT_14\01190106.JPG,moved
CT_14,C:\Users\USUARIO\Desktop\BP Mayo 2026\SynologyDrive\CT_14\102EK113\01190107.JPG,C:\Users\USUARIO\Desktop\BP Mayo 2026\SynologyDrive\CT_14\01190107.JPG,moved
CT_14,C:\Users\USUARIO\Desktop\BP Mayo 2026\SynologyDrive\CT_14\102EK113\01190108.JPG,C:\Users\USUARIO\Desktop\BP Mayo 2026\SynologyDrive\CT_14\01190108.JPG,moved
CT_14,C:\Users\USUARIO\Desktop\BP Mayo 2026\SynologyDrive\CT_14\102EK113\01190109.JPG,C:\Users\USUARIO\Desktop\BP Mayo 2026\SynologyDrive\CT_14\01190109.JPG,moved
CT_14,C:\Users\USUARIO\Desktop\BP Mayo 2026\SynologyDrive\CT_14\102EK113\01190110.JPG,C:\Users\USUARIO\Desktop\BP Mayo 2026\SynologyDrive\CT_14\01190110.JPG,moved
CT_14,C:\Users\USUARIO\Desktop\BP Mayo 2026\SynologyDrive\CT_14\102EK113\01190111.JPG,C:\Users\USUARIO\Desktop\BP Mayo 2026\SynologyDrive\CT_14\01190111.JPG,moved
CT_14,C:\Users\USUARIO\Desktop\BP Mayo 2026\SynologyDrive\CT_14\102EK113\01190112.JPG,C:\Users\USUARIO\Desktop\BP Mayo 2026\SynologyDrive\CT_14\01190112.JPG,moved
CT_14,C:\Users\USUARIO\Desktop\BP Mayo 2026\SynologyDrive\CT_14\102EK113\01190113.JPG,C:\Users\USUARIO\Desktop\BP Mayo 2026\SynologyDrive\CT_14\01190113.JPG,moved
CT_14,C:\Users\USUARIO\Desktop\BP Mayo 2026\SynologyDrive\CT_14\102EK113\01190114.JPG,C:\Users\USUARIO\Desktop\BP Mayo 2026\SynologyDrive\CT_14\01190114.JPG,moved
CT_14,C:\Users\USUARIO\Desktop\BP Mayo 2026\SynologyDrive\CT_14\102EK113\01190115.JPG,C:\Users\USUARIO\Desktop\BP Mayo 2026\SynologyDrive\CT_14\01190115.JPG,moved
CT_14,C:\Users\USUARIO\Desktop\BP Mayo 2026\SynologyDrive\CT_14\102EK113\01190116.JPG,C:\Users\USUARIO\Desktop\BP Mayo 2026\SynologyDrive\CT_14\01190116.JPG,moved
CT_14,C:\Users\USUARIO\Desktop\BP Mayo 2026\SynologyDrive\CT_14\102EK113\01190117.JPG,C:\Users\USUARIO\Desktop\BP Mayo 2026\SynologyDrive\CT_14\01190117.JPG,moved
CT_14,C:\Users\USUARIO\Desktop\BP Mayo 2026\SynologyDrive\CT_14\102EK113\01190118.JPG,C:\Users\USUARIO\Desktop\BP Mayo 2026\SynologyDrive\CT_14\01190118.JPG,moved
CT_14,C:\Users\USUARIO\Desktop\BP Mayo 2026\SynologyDrive\CT_14\102EK113\01190119.JPG,C:\Users\USUARIO\Desktop\BP Mayo 2026\SynologyDrive\CT_14\01190119.JPG,moved
CT_14,C:\Users\USUARIO\Desktop\BP Mayo 2026\SynologyDrive\CT_14\102EK113\01190120.JPG,C:\Users\USUARIO\Desktop\BP Mayo 2026\SynologyDrive\CT_14\01190120.JPG,moved
CT_14,C:\Users\USUARIO\Desktop\BP Mayo 2026\SynologyDrive\CT_14\102EK113\01190121.JPG,C:\Users\USUARIO\Desktop\BP Mayo 2026\SynologyDrive\CT_14\01190121.JPG,moved
CT_14,C:\Users\USUARIO\Desktop\BP Mayo 2026\SynologyDrive\CT_14\102EK113\01190122.JPG,C:\Users\USUARIO\Desktop\BP Mayo 2026\SynologyDrive\CT_14\01190122.JPG,moved
CT_14,C:\Users\USUARIO\Desktop\BP Mayo 2026\SynologyDrive\CT_14\102EK113\01190123.JPG,C:\Users\USUARIO\Desktop\BP Mayo 2026\SynologyDrive\CT_14\01190123.JPG,moved
CT_14,C:\Users\USUARIO\Desktop\BP Mayo 2026\SynologyDrive\CT_14\102EK113\01190124.JPG,C:\Users\USUARIO\Desktop\BP Mayo 2026\SynologyDrive\CT_14\01190124.JPG,moved
CT_14,C:\Users\USUARIO\Desktop\BP Mayo 2026\SynologyDrive\CT_14\102EK113\01190125.JPG,C:\Users\USUARIO\Desktop\BP Mayo 2026\SynologyDrive\CT_14\01190125.JPG,moved
CT_14,C:\Users\USUARIO\Desktop\BP Mayo 2026\SynologyDrive\CT_14\102EK113\01190126.JPG,C:\Users\USUARIO\Desktop\BP Mayo 2026\SynologyDrive\CT_14\01190126.JPG,moved
CT_14,C:\Users\USUARIO\Desktop\BP Mayo 2026\SynologyDrive\CT_14\102EK113\01190127.JPG,C:\Users\USUARIO\Desktop\BP Mayo 2026\SynologyDrive\CT_14\01190127.JPG,moved
CT_14,C:\Users\USUARIO\Desktop\BP Mayo 2026\SynologyDrive\CT_14\102EK113\01190128.JPG,C:\Users\USUARIO\Desktop\BP Mayo 2026\SynologyDrive\CT_14\01190128.JPG,moved
CT_14,C:\Users\USUARIO\Desktop\BP Mayo 2026\SynologyDrive\CT_14\102EK113\01190129.JPG,C:\Users\USUARIO\Desktop\BP Mayo 2026\SynologyDrive\CT_14\01190129.JPG,moved
CT_14,C:\Users\USUARIO\Desktop\BP Mayo 2026\SynologyDrive\CT_14\102EK113\01190130.JPG,C:\Users\USUARIO\Desktop\BP Mayo 2026\SynologyDrive\CT_14\01190130.JPG,moved
CT_14,C:\Users\USUARIO\Desktop\BP Mayo 2026\SynologyDrive\CT_14\102EK113\01190131.JPG,C:\Users\USUARIO\Desktop\BP Mayo 2026\SynologyDrive\CT_14\01190131.JPG,moved
CT_14,C:\Users\USUARIO\Desktop\BP Mayo 2026\SynologyDrive\CT_14\102EK113\01190132.JPG,C:\Users\USUARIO\Desktop\BP Mayo 2026\SynologyDrive\CT_14\01190132.JPG,moved
CT_14,C:\Users\USUARIO\Desktop\BP Mayo 2026\SynologyDrive\CT_14\102EK113\01190133.JPG,C:\Users\USUARIO\Desktop\BP Mayo 2026\SynologyDrive\CT_14\01190133.JPG,moved
CT_14,C:\Users\USUARIO\Desktop\BP Mayo 2026\SynologyDrive\CT_14\102EK113\01190134.JPG,C:\Users\USUARIO\Desktop\BP Mayo 2026\SynologyDrive\CT_14\01190134.JPG,moved
CT_14,C:\Users\USUARIO\Desktop\BP Mayo 2026\SynologyDrive\CT_14\102EK113\01190135.JPG,C:\Users\USUARIO\Desktop\BP Mayo 2026\SynologyDrive\CT_14\01190135.JPG,moved
CT_14,C:\Users\USUARIO\Desktop\BP Mayo 2026\SynologyDrive\CT_14\102EK113\01190136.JPG,C:\Users\USUARIO\Desktop\BP Mayo 2026\SynologyDrive\CT_14\01190136.JPG,moved
CT_14,C:\Users\USUARIO\Desktop\BP Mayo 2026\SynologyDrive\CT_14\102EK113\01190137.JPG,C:\Users\USUARIO\Desktop\BP Mayo 2026\SynologyDrive\CT_14\01190137.JPG,moved
CT_14,C:\Users\USUARIO\Desktop\BP Mayo 2026\SynologyDrive\CT_14\102EK113\01190138.JPG,C:\Users\USUARIO\Desktop\BP Mayo 2026\SynologyDrive\CT_14\01190138.JPG,moved
CT_14,C:\Users\USUARIO\Desktop\BP Mayo 2026\SynologyDrive\CT_14\102EK113\01190139.JPG,C:\Users\USUARIO\Desktop\BP Mayo 2026\SynologyDrive\CT_14\01190139.JPG,moved
CT_14,C:\Users\USUARIO\Desktop\BP Mayo 2026\SynologyDrive\CT_14\102EK113\01190140.JPG,C:\Users\USUARIO\Desktop\BP Mayo 2026\SynologyDrive\CT_14\01190140.JPG,moved
CT_14,C:\Users\USUARIO\Desktop\BP Mayo 2026\SynologyDrive\CT_14\102EK113\01190141.JPG,C:\Users\USUARIO\Desktop\BP Mayo 2026\SynologyDrive\CT_14\01190141.JPG,moved
CT_14,C:\Users\USUARIO\Desktop\BP Mayo 2026\SynologyDrive\CT_14\102EK113\01190142.JPG,C:\Users\USUARIO\Desktop\BP Mayo 2026\SynologyDrive\CT_14\01190142.JPG,moved
CT_14,C:\Users\USUARIO\Desktop\BP Mayo 2026\SynologyDrive\CT_14\102EK113\01190143.JPG,C:\Users\USUARIO\Desktop\BP Mayo 2026\SynologyDrive\CT_14\01190143.JPG,moved
CT_14,C:\Users\USUARIO\Desktop\BP Mayo 2026\SynologyDrive\CT_14\102EK113\01190144.JPG,C:\Users\USUARIO\Desktop\BP Mayo 2026\SynologyDrive\CT_14\01190144.JPG,moved
CT_14,C:\Users\USUARIO\Desktop\BP Mayo 2026\SynologyDrive\CT_14\102EK113\01190145.JPG,C:\Users\USUARIO\Desktop\BP Mayo 2026\SynologyDrive\CT_14\01190145.JPG,moved
CT_14,C:\Users\USUARIO\Desktop\BP Mayo 2026\SynologyDrive\CT_14\102EK113\01190146.JPG,C:\Users\USUARIO\Desktop\BP Mayo 2026\SynologyDrive\CT_14\01190146.JPG,moved
CT_14,C:\Users\USUARIO\Desktop\BP Mayo 2026\SynologyDrive\CT_14\102EK113\01190147.JPG,C:\Users\USUARIO\Desktop\BP Mayo 2026\SynologyDrive\CT_14\01190147.JPG,moved
CT_14,C:\Users\USUARIO\Desktop\BP Mayo 2026\SynologyDrive\CT_14\102EK113\01190148.JPG,C:\Users\USUARIO\Desktop\BP Mayo 2026\SynologyDrive\CT_14\01190148.JPG,moved
CT_14,C:\Users\USUARIO\Desktop\BP Mayo 2026\SynologyDrive\CT_14\102EK113\01190149.JPG,C:\Users\USUARIO\Desktop\BP Mayo 2026\SynologyDrive\CT_14\01190149.JPG,moved
CT_14,C:\Users\USUARIO\Desktop\BP Mayo 2026\SynologyDrive\CT_14\102EK113\01190150.JPG,C:\Users\USUARIO\Desktop\BP Mayo 2026\SynologyDrive\CT_14\01190150.JPG,moved
CT_14,C:\Users\USUARIO\Desktop\BP Mayo 2026\SynologyDrive\CT_14\102EK113\01190151.JPG,C:\Users\USUARIO\Desktop\BP Mayo 2026\SynologyDrive\CT_14\01190151.JPG,moved
CT_14,C:\Users\USUARIO\Desktop\BP Mayo 2026\SynologyDrive\CT_14\102EK113\01190152.JPG,C:\Users\USUARIO\Desktop\BP Mayo 2026\SynologyDrive\CT_14\01190152.JPG,moved
CT_14,C:\Users\USUARIO\Desktop\BP Mayo 2026\SynologyDrive\CT_14\102EK113\01190153.JPG,C:\Users\USUARIO\Desktop\BP Mayo 2026\SynologyDrive\CT_14\01190153.JPG,moved
CT_14,C:\Users\USUARIO\Desktop\BP Mayo 2026\SynologyDrive\CT_14\102EK113\01190154.JPG,C:\Users\USUARIO\Desktop\BP Mayo 2026\SynologyDrive\CT_14\01190154.JPG,moved
CT_14,C:\Users\USUARIO\Desktop\BP Mayo 2026\SynologyDrive\CT_14\102EK113\01190155.JPG,C:\Users\USUARIO\Desktop\BP Mayo 2026\SynologyDrive\CT_14\01190155.JPG,moved
CT_14,C:\Users\USUARIO\Desktop\BP Mayo 2026\SynologyDrive\CT_14\102EK113\01190156.JPG,C:\Users\USUARIO\Desktop\BP Mayo 2026\SynologyDrive\CT_14\01190156.JPG,moved
CT_14,C:\Users\USUARIO\Desktop\BP Mayo 2026\SynologyDrive\CT_14\102EK113\01190157.JPG,C:\Users\USUARIO\Desktop\BP Mayo 2026\SynologyDrive\CT_14\01190157.JPG,moved
CT_14,C:\Users\USUARIO\Desktop\BP Mayo 2026\SynologyDrive\CT_14\102EK113\01190158.JPG,C:\Users\USUARIO\Desktop\BP Mayo 2026\SynologyDrive\CT_14\01190158.JPG,moved
CT_14,C:\Users\USUARIO\Desktop\BP Mayo 2026\SynologyDrive\CT_14\102EK113\01190159.JPG,C:\Users\USUARIO\Desktop\BP Mayo 2026\SynologyDrive\CT_14\01190159.JPG,moved
CT_14,C:\Users\USUARIO\Desktop\BP Mayo 2026\SynologyDrive\CT_14\102EK113\01190160.JPG,C:\Users\USUARIO\Desktop\BP Mayo 2026\SynologyDrive\CT_14\01190160.JPG,moved
CT_14,C:\Users\USUARIO\Desktop\BP Mayo 2026\SynologyDrive\CT_14\102EK113\01190161.JPG,C:\Users\USUARIO\Desktop\BP Mayo 2026\SynologyDrive\CT_14\01190161.JPG,moved
CT_14,C:\Users\USUARIO\Desktop\BP Mayo 2026\SynologyDrive\CT_14\102EK113\01190162.JPG,C:\Users\USUARIO\Desktop\BP Mayo 2026\SynologyDrive\CT_14\01190162.JPG,moved
CT_14,C:\Users\USUARIO\Desktop\BP Mayo 2026\SynologyDrive\CT_14\102EK113\01190163.JPG,C:\Users\USUARIO\Desktop\BP Mayo 2026\SynologyDrive\CT_14\01190163.JPG,moved
CT_14,C:\Users\USUARIO\Desktop\BP Mayo 2026\SynologyDrive\CT_14\102EK113\01190164.JPG,C:\Users\USUARIO\Desktop\BP Mayo 2026\SynologyDrive\CT_14\01190164.JPG,moved
CT_14,C:\Users\USUARIO\Desktop\BP Mayo 2026\SynologyDrive\CT_14\102EK113\01190165.JPG,C:\Users\USUARIO\Desktop\BP Mayo 2026\SynologyDrive\CT_14\01190165.JPG,moved
CT_14,C:\Users\USUARIO\Desktop\BP Mayo 2026\SynologyDrive\CT_14\102EK113\01190166.JPG,C:\Users\USUARIO\Desktop\BP Mayo 2026\SynologyDrive\CT_14\01190166.JPG,moved
CT_14,C:\Users\USUARIO\Desktop\BP Mayo 2026\SynologyDrive\CT_14\102EK113\01190167.JPG,C:\Users\USUARIO\Desktop\BP Mayo 2026\SynologyDrive\CT_14\01190167.JPG,moved
CT_14,C:\Users\USUARIO\Desktop\BP Mayo 2026\SynologyDrive\CT_14\102EK113\01190168.JPG,C:\Users\USUARIO\Desktop\BP Mayo 2026\SynologyDrive\CT_14\01190168.JPG,moved
CT_14,C:\Users\USUARIO\Desktop\BP Mayo 2026\SynologyDrive\CT_14\102EK113\01190169.JPG,C:\Users\USUARIO\Desktop\BP Mayo 2026\SynologyDrive\CT_14\01190169.JPG,moved
CT_14,C:\Users\USUARIO\Desktop\BP Mayo 2026\SynologyDrive\CT_14\102EK113\01190170.JPG,C:\Users\USUARIO\Desktop\BP Mayo 2026\SynologyDrive\CT_14\01190170.JPG,moved
CT_14,C:\Users\USUARIO\Desktop\BP Mayo 2026\SynologyDrive\CT_14\102EK113\01190171.JPG,C:\Users\USUARIO\Desktop\BP Mayo 2026\SynologyDrive\CT_14\01190171.JPG,moved
CT_14,C:\Users\USUARIO\Desktop\BP Mayo 2026\SynologyDrive\CT_14\102EK113\01190172.JPG,C:\Users\USUARIO\Desktop\BP Mayo 2026\SynologyDrive\CT_14\01190172.JPG,moved
CT_14,C:\Users\USUARIO\Desktop\BP Mayo 2026\SynologyDrive\CT_14\102EK113\01190173.JPG,C:\Users\USUARIO\Desktop\BP Mayo 2026\SynologyDrive\CT_14\01190173.JPG,moved
CT_14,C:\Users\USUARIO\Desktop\BP Mayo 2026\SynologyDrive\CT_14\102EK113\01190174.JPG,C:\Users\USUARIO\Desktop\BP Mayo 2026\SynologyDrive\CT_14\01190174.JPG,moved
CT_14,C:\Users\USUARIO\Desktop\BP Mayo 2026\SynologyDrive\CT_14\102EK113\01190175.JPG,C:\Users\USUARIO\Desktop\BP Mayo 2026\SynologyDrive\CT_14\01190175.JPG,moved
CT_14,C:\Users\USUARIO\Desktop\BP Mayo 2026\SynologyDrive\CT_14\102EK113\01190176.JPG,C:\Users\USUARIO\Desktop\BP Mayo 2026\SynologyDrive\CT_14\01190176.JPG,moved
CT_14,C:\Users\USUARIO\Desktop\BP Mayo 2026\SynologyDrive\CT_14\102EK113\01190177.JPG,C:\Users\USUARIO\Desktop\BP Mayo 2026\SynologyDrive\CT_14\01190177.JPG,moved
CT_14,C:\Users\USUARIO\Desktop\BP Mayo 2026\SynologyDrive\CT_14\102EK113\01190178.JPG,C:\Users\USUARIO\Desktop\BP Mayo 2026\SynologyDrive\CT_14\01190178.JPG,moved
CT_14,C:\Users\USUARIO\Desktop\BP Mayo 2026\SynologyDrive\CT_14\102EK113\01190179.JPG,C:\Users\USUARIO\Desktop\BP Mayo 2026\SynologyDrive\CT_14\01190179.JPG,moved
CT_14,C:\Users\USUARIO\Desktop\BP Mayo 2026\SynologyDrive\CT_14\102EK113\01190180.JPG,C:\Users\USUARIO\Desktop\BP Mayo 2026\SynologyDrive\CT_14\01190180.JPG,moved
CT_14,C:\Users\USUARIO\Desktop\BP Mayo 2026\SynologyDrive\CT_14\102EK113\01190181.JPG,C:\Users\USUARIO\Desktop\BP Mayo 2026\SynologyDrive\CT_14\01190181.JPG,moved
CT_14,C:\Users\USUARIO\Desktop\BP Mayo 2026\SynologyDrive\CT_14\102EK113\01190182.JPG,C:\Users\USUARIO\Desktop\BP Mayo 2026\SynologyDrive\CT_14\01190182.JPG,moved
CT_14,C:\Users\USUARIO\Desktop\BP Mayo 2026\SynologyDrive\CT_14\102EK113\01190183.JPG,C:\Users\USUARIO\Desktop\BP Mayo 2026\SynologyDrive\CT_14\01190183.JPG,moved
CT_14,C:\Users\USUARIO\Desktop\BP Mayo 2026\SynologyDrive\CT_14\102EK113\01190184.JPG,C:\Users\USUARIO\Desktop\BP Mayo 2026\SynologyDrive\CT_14\01190184.JPG,moved
CT_14,C:\Users\USUARIO\Desktop\BP Mayo 2026\SynologyDrive\CT_14\102EK113\01190185.JPG,C:\Users\USUARIO\Desktop\BP Mayo 2026\SynologyDrive\CT_14\01190185.JPG,moved
CT_14,C:\Users\USUARIO\Desktop\BP Mayo 2026\SynologyDrive\CT_14\102EK113\01190186.JPG,C:\Users\USUARIO\Desktop\BP Mayo 2026\SynologyDrive\CT_14\01190186.JPG,moved
CT_14,C:\Users\USUARIO\Desktop\BP Mayo 2026\SynologyDrive\CT_14\102EK113\01190187.JPG,C:\Users\USUARIO\Desktop\BP Mayo 2026\SynologyDrive\CT_14\01190187.JPG,moved
CT_14,C:\Users\USUARIO\Desktop\BP Mayo 2026\SynologyDrive\CT_14\102EK113\01190188.JPG,C:\Users\USUARIO\Desktop\BP Mayo 2026\SynologyDrive\CT_14\01190188.JPG,moved
CT_14,C:\Users\USUARIO\Desktop\BP Mayo 2026\SynologyDrive\CT_14\102EK113\01190189.JPG,C:\Users\USUARIO\Desktop\BP Mayo 2026\SynologyDrive\CT_14\01190189.JPG,moved
CT_14,C:\Users\USUARIO\Desktop\BP Mayo 2026\SynologyDrive\CT_14\102EK113\01190190.JPG,C:\Users\USUARIO\Desktop\BP Mayo 2026\SynologyDrive\CT_14\01190190.JPG,moved
CT_14,C:\Users\USUARIO\Desktop\BP Mayo 2026\SynologyDrive\CT_14\102EK113\01190191.JPG,C:\Users\USUARIO\Desktop\BP Mayo 2026\SynologyDrive\CT_14\01190191.JPG,moved
CT_14,C:\Users\USUARIO\Desktop\BP Mayo 2026\SynologyDrive\CT_14\102EK113\01190192.JPG,C:\Users\USUARIO\Desktop\BP Mayo 2026\SynologyDrive\CT_14\01190192.JPG,moved
CT_14,C:\Users\USUARIO\Desktop\BP Mayo 2026\SynologyDrive\CT_14\102EK113\01190193.JPG,C:\Users\USUARIO\Desktop\BP Mayo 2026\SynologyDrive\CT_14\01190193.JPG,moved
CT_14,C:\Users\USUARIO\Desktop\BP Mayo 2026\SynologyDrive\CT_14\102EK113\01190194.JPG,C:\Users\USUARIO\Desktop\BP Mayo 2026\SynologyDrive\CT_14\01190194.JPG,moved
CT_14,C:\Users\USUARIO\Desktop\BP Mayo 2026\SynologyDrive\CT_14\102EK113\01190195.JPG,C:\Users\USUARIO\Desktop\BP Mayo 2026\SynologyDrive\CT_14\01190195.JPG,moved
CT_14,C:\Users\USUARIO\Desktop\BP Mayo 2026\SynologyDrive\CT_14\102EK113\01190196.JPG,C:\Users\USUARIO\Desktop\BP Mayo 2026\SynologyDrive\CT_14\01190196.JPG,moved
CT_14,C:\Users\USUARIO\Desktop\BP Mayo 2026\SynologyDrive\CT_14\102EK113\01190197.JPG,C:\Users\USUARIO\Desktop\BP Mayo 2026\SynologyDrive\CT_14\01190197.JPG,moved
CT_14,C:\Users\USUARIO\Desktop\BP Mayo 2026\SynologyDrive\CT_14\102EK113\01190198.JPG,C:\Users\USUARIO\Desktop\BP Mayo 2026\SynologyDrive\CT_14\01190198.JPG,moved
CT_14,C:\Users\USUARIO\Desktop\BP Mayo 2026\SynologyDrive\CT_14\102EK113\01190199.JPG,C:\Users\USUARIO\Desktop\BP Mayo 2026\SynologyDrive\CT_14\01190199.JPG,moved
CT_14,C:\Users\USUARIO\Desktop\BP Mayo 2026\SynologyDrive\CT_14\102EK113\01190200.JPG,C:\Users\USUARIO\Desktop\BP Mayo 2026\SynologyDrive\CT_14\01190200.JPG,moved
CT_14,C:\Users\USUARIO\Desktop\BP Mayo 2026\SynologyDrive\CT_14\102EK113\01190201.JPG,C:\Users\USUARIO\Desktop\BP Mayo 2026\SynologyDrive\CT_14\01190201.JPG,moved
CT_14,C:\Users\USUARIO\Desktop\BP Mayo 2026\SynologyDrive\CT_14\102EK113\01190202.JPG,C:\Users\USUARIO\Desktop\BP Mayo 2026\SynologyDrive\CT_14\01190202.JPG,moved
CT_14,C:\Users\USUARIO\Desktop\BP Mayo 2026\SynologyDrive\CT_14\102EK113\01190203.JPG,C:\Users\USUARIO\Desktop\BP Mayo 2026\SynologyDrive\CT_14\01190203.JPG,moved
CT_14,C:\Users\USUARIO\Desktop\BP Mayo 2026\SynologyDrive\CT_14\102EK113\01190204.JPG,C:\Users\USUARIO\Desktop\BP Mayo 2026\SynologyDrive\CT_14\01190204.JPG,moved
CT_14,C:\Users\USUARIO\Desktop\BP Mayo 2026\SynologyDrive\CT_14\102EK113\01190205.JPG,C:\Users\USUARIO\Desktop\BP Mayo 2026\SynologyDrive\CT_14\01190205.JPG,moved
CT_14,C:\Users\USUARIO\Desktop\BP Mayo 2026\SynologyDrive\CT_14\102EK113\01190206.JPG,C:\Users\USUARIO\Desktop\BP Mayo 2026\SynologyDrive\CT_14\01190206.JPG,moved
CT_14,C:\Users\USUARIO\Desktop\BP Mayo 2026\SynologyDrive\CT_14\102EK113\01190207.JPG,C:\Users\USUARIO\Desktop\BP Mayo 2026\SynologyDrive\CT_14\01190207.JPG,moved
CT_14,C:\Users\USUARIO\Desktop\BP Mayo 2026\SynologyDrive\CT_14\102EK113\01190208.JPG,C:\Users\USUARIO\Desktop\BP Mayo 2026\SynologyDrive\CT_14\01190208.JPG,moved
CT_14,C:\Users\USUARIO\Desktop\BP Mayo 2026\SynologyDrive\CT_14\102EK113\01190209.JPG,C:\Users\USUARIO\Desktop\BP Mayo 2026\SynologyDrive\CT_14\01190209.JPG,moved
CT_14,C:\Users\USUARIO\Desktop\BP Mayo 2026\SynologyDrive\CT_14\102EK113\01190210.JPG,C:\Users\USUARIO\Desktop\BP Mayo 2026\SynologyDrive\CT_14\01190210.JPG,moved
CT_14,C:\Users\USUARIO\Desktop\BP Mayo 2026\SynologyDrive\CT_14\102EK113\01190211.JPG,C:\Users\USUARIO\Desktop\BP Mayo 2026\SynologyDrive\CT_14\01190211.JPG,moved
CT_14,C:\Users\USUARIO\Desktop\BP Mayo 2026\SynologyDrive\CT_14\102EK113\01190212.JPG,C:\Users\USUARIO\Desktop\BP Mayo 2026\SynologyDrive\CT_14\01190212.JPG,moved
CT_14,C:\Users\USUARIO\Desktop\BP Mayo 2026\SynologyDrive\CT_14\102EK113\01190213.JPG,C:\Users\USUARIO\Desktop\BP Mayo 2026\SynologyDrive\CT_14\01190213.JPG,moved
CT_14,C:\Users\USUARIO\Desktop\BP Mayo 2026\SynologyDrive\CT_14\102EK113\01190214.JPG,C:\Users\USUARIO\Desktop\BP Mayo 2026\SynologyDrive\CT_14\01190214.JPG,moved
CT_14,C:\Users\USUARIO\Desktop\BP Mayo 2026\SynologyDrive\CT_14\102EK113\01190215.JPG,C:\Users\USUARIO\Desktop\BP Mayo 2026\SynologyDrive\CT_14\01190215.JPG,moved
CT_14,C:\Users\USUARIO\Desktop\BP Mayo 2026\SynologyDrive\CT_14\102EK113\01190216.JPG,C:\Users\USUARIO\Desktop\BP Mayo 2026\SynologyDrive\CT_14\01190216.JPG,moved
CT_14,C:\Users\USUARIO\Desktop\BP Mayo 2026\SynologyDrive\CT_14\102EK113\01190217.JPG,C:\Users\USUARIO\Desktop\BP Mayo 2026\SynologyDrive\CT_14\01190217.JPG,moved
CT_14,C:\Users\USUARIO\Desktop\BP Mayo 2026\SynologyDrive\CT_14\102EK113\01190218.JPG,C:\Users\USUARIO\Desktop\BP Mayo 2026\SynologyDrive\CT_14\01190218.JPG,moved
CT_14,C:\Users\USUARIO\Desktop\BP Mayo 2026\SynologyDrive\CT_14\102EK113\01190219.JPG,C:\Users\USUARIO\Desktop\BP Mayo 2026\SynologyDrive\CT_14\01190219.JPG,moved
CT_14,C:\Users\USUARIO\Desktop\BP Mayo 2026\SynologyDrive\CT_14\102EK113\01190220.JPG,C:\Users\USUARIO\Desktop\BP Mayo 2026\SynologyDrive\CT_14\01190220.JPG,moved
CT_14,C:\Users\USUARIO\Desktop\BP Mayo 2026\SynologyDrive\CT_14\102EK113\01190221.JPG,C:\Users\USUARIO\Desktop\BP Mayo 2026\SynologyDrive\CT_14\01190221.JPG,moved
CT_14,C:\Users\USUARIO\Desktop\BP Mayo 2026\SynologyDrive\CT_14\102EK113\01190222.JPG,C:\Users\USUARIO\Desktop\BP Mayo 2026\SynologyDrive\CT_14\01190222.JPG,moved
CT_14,C:\Users\USUARIO\Desktop\BP Mayo 2026\SynologyDrive\CT_14\102EK113\01190223.JPG,C:\Users\USUARIO\Desktop\BP Mayo 2026\SynologyDrive\CT_14\01190223.JPG,moved
CT_14,C:\Users\USUARIO\Desktop\BP Mayo 2026\SynologyDrive\CT_14\102EK113\01190224.JPG,C:\Users\USUARIO\Desktop\BP Mayo 2026\SynologyDrive\CT_14\01190224.JPG,moved
CT_14,C:\Users\USUARIO\Desktop\BP Mayo 2026\SynologyDrive\CT_14\102EK113\01190225.JPG,C:\Users\USUARIO\Desktop\BP Mayo 2026\SynologyDrive\CT_14\01190225.JPG,moved
CT_14,C:\Users\USUARIO\Desktop\BP Mayo 2026\SynologyDrive\CT_14\102EK113\01190226.JPG,C:\Users\USUARIO\Desktop\BP Mayo 2026\SynologyDrive\CT_14\01190226.JPG,moved
CT_14,C:\Users\USUARIO\Desktop\BP Mayo 2026\SynologyDrive\CT_14\102EK113\01190227.JPG,C:\Users\USUARIO\Desktop\BP Mayo 2026\SynologyDrive\CT_14\01190227.JPG,moved
CT_14,C:\Users\USUARIO\Desktop\BP Mayo 2026\SynologyDrive\CT_14\102EK113\01190228.JPG,C:\Users\USUARIO\Desktop\BP Mayo 2026\SynologyDrive\CT_14\01190228.JPG,moved
CT_14,C:\Users\USUARIO\Desktop\BP Mayo 2026\SynologyDrive\CT_14\102EK113\01190229.JPG,C:\Users\USUARIO\Desktop\BP Mayo 2026\SynologyDrive\CT_14\01190229.JPG,moved
CT_14,C:\Users\USUARIO\Desktop\BP Mayo 2026\SynologyDrive\CT_14\102EK113\01190230.JPG,C:\Users\USUARIO\Desktop\BP Mayo 2026\SynologyDrive\CT_14\01190230.JPG,moved
CT_14,C:\Users\USUARIO\Desktop\BP Mayo 2026\SynologyDrive\CT_14\102EK113\01190231.JPG,C:\Users\USUARIO\Desktop\BP Mayo 2026\SynologyDrive\CT_14\01190231.JPG,moved
CT_14,C:\Users\USUARIO\Desktop\BP Mayo 2026\SynologyDrive\CT_14\102EK113\01190232.JPG,C:\Users\USUARIO\Desktop\BP Mayo 2026\SynologyDrive\CT_14\01190232.JPG,moved
CT_14,C:\Users\USUARIO\Desktop\BP Mayo 2026\SynologyDrive\CT_14\102EK113\01190233.JPG,C:\Users\USUARIO\Desktop\BP Mayo 2026\SynologyDrive\CT_14\01190233.JPG,moved
CT_14,C:\Users\USUARIO\Desktop\BP Mayo 2026\SynologyDrive\CT_14\102EK113\01190234.JPG,C:\Users\USUARIO\Desktop\BP Mayo 2026\SynologyDrive\CT_14\01190234.JPG,moved
CT_14,C:\Users\USUARIO\Desktop\BP Mayo 2026\SynologyDrive\CT_14\102EK113\01190235.JPG,C:\Users\USUARIO\Desktop\BP Mayo 2026\SynologyDrive\CT_14\01190235.JPG,moved
CT_14,C:\Users\USUARIO\Desktop\BP Mayo 2026\SynologyDrive\CT_14\102EK113\01190236.JPG,C:\Users\USUARIO\Desktop\BP Mayo 2026\SynologyDrive\CT_14\01190236.JPG,moved
CT_14,C:\Users\USUARIO\Desktop\BP Mayo 2026\SynologyDrive\CT_14\102EK113\01190237.JPG,C:\Users\USUARIO\Desktop\BP Mayo 2026\SynologyDrive\CT_14\01190237.JPG,moved
CT_14,C:\Users\USUARIO\Desktop\BP Mayo 2026\SynologyDrive\CT_14\102EK113\01190238.JPG,C:\Users\USUARIO\Desktop\BP Mayo 2026\SynologyDrive\CT_14\01190238.JPG,moved
CT_14,C:\Users\USUARIO\Desktop\BP Mayo 2026\SynologyDrive\CT_14\102EK113\01190239.JPG,C:\Users\USUARIO\Desktop\BP Mayo 2026\SynologyDrive\CT_14\01190239.JPG,moved
CT_14,C:\Users\USUARIO\Desktop\BP Mayo 2026\SynologyDrive\CT_14\102EK113\01190240.JPG,C:\Users\USUARIO\Desktop\BP Mayo 2026\SynologyDrive\CT_14\01190240.JPG,moved
CT_14,C:\Users\USUARIO\Desktop\BP Mayo 2026\SynologyDrive\CT_14\102EK113\01190241.JPG,C:\Users\USUARIO\Desktop\BP Mayo 2026\SynologyDrive\CT_14\01190241.JPG,moved
CT_14,C:\Users\USUARIO\Desktop\BP Mayo 2026\SynologyDrive\CT_14\102EK113\01190242.JPG,C:\Users\USUARIO\Desktop\BP Mayo 2026\SynologyDrive\CT_14\01190242.JPG,moved
CT_14,C:\Users\USUARIO\Desktop\BP Mayo 2026\SynologyDrive\CT_14\102EK113\01190243.JPG,C:\Users\USUARIO\Desktop\BP Mayo 2026\SynologyDrive\CT_14\01190243.JPG,moved
CT_14,C:\Users\USUARIO\Desktop\BP Mayo 2026\SynologyDrive\CT_14\102EK113\01190244.JPG,C:\Users\USUARIO\Desktop\BP Mayo 2026\SynologyDrive\CT_14\01190244.JPG,moved
CT_14,C:\Users\USUARIO\Desktop\BP Mayo 2026\SynologyDrive\CT_14\102EK113\01190245.JPG,C:\Users\USUARIO\Desktop\BP Mayo 2026\SynologyDrive\CT_14\01190245.JPG,moved
CT_14,C:\Users\USUARIO\Desktop\BP Mayo 2026\SynologyDrive\CT_14\102EK113\01190246.JPG,C:\Users\USUARIO\Desktop\BP Mayo 2026\SynologyDrive\CT_14\01190246.JPG,moved
CT_14,C:\Users\USUARIO\Desktop\BP Mayo 2026\SynologyDrive\CT_14\102EK113\01190247.JPG,C:\Users\USUARIO\Desktop\BP Mayo 2026\SynologyDrive\CT_14\01190247.JPG,moved
CT_14,C:\Users\USUARIO\Desktop\BP Mayo 2026\SynologyDrive\CT_14\102EK113\01190248.JPG,C:\Users\USUARIO\Desktop\BP Mayo 2026\SynologyDrive\CT_14\01190248.JPG,moved
CT_14,C:\Users\USUARIO\Desktop\BP Mayo 2026\SynologyDrive\CT_14\102EK113\01190249.JPG,C:\Users\USUARIO\Desktop\BP Mayo 2026\SynologyDrive\CT_14\01190249.JPG,moved
CT_14,C:\Users\USUARIO\Desktop\BP Mayo 2026\SynologyDrive\CT_14\102EK113\01190250.JPG,C:\Users\USUARIO\Desktop\BP Mayo 2026\SynologyDrive\CT_14\01190250.JPG,moved
CT_14,C:\Users\USUARIO\Desktop\BP Mayo 2026\SynologyDrive\CT_14\102EK113\01190251.JPG,C:\Users\USUARIO\Desktop\BP Mayo 2026\SynologyDrive\CT_14\01190251.JPG,moved
CT_14,C:\Users\USUARIO\Desktop\BP Mayo 2026\SynologyDrive\CT_14\102EK113\01190252.JPG,C:\Users\USUARIO\Desktop\BP Mayo 2026\SynologyDrive\CT_14\01190252.JPG,moved
CT_14,C:\Users\USUARIO\Desktop\BP Mayo 2026\SynologyDrive\CT_14\102EK113\01190253.JPG,C:\Users\USUARIO\Desktop\BP Mayo 2026\SynologyDrive\CT_14\01190253.JPG,moved
CT_14,C:\Users\USUARIO\Desktop\BP Mayo 2026\SynologyDrive\CT_14\102EK113\01190254.JPG,C:\Users\USUARIO\Desktop\BP Mayo 2026\SynologyDrive\CT_14\01190254.JPG,moved
CT_14,C:\Users\USUARIO\Desktop\BP Mayo 2026\SynologyDrive\CT_14\102EK113\01190255.JPG,C:\Users\USUARIO\Desktop\BP Mayo 2026\SynologyDrive\CT_14\01190255.JPG,moved
CT_14,C:\Users\USUARIO\Desktop\BP Mayo 2026\SynologyDrive\CT_14\102EK113\01190256.JPG,C:\Users\USUARIO\Desktop\BP Mayo 2026\SynologyDrive\CT_14\01190256.JPG,moved
CT_14,C:\Users\USUARIO\Desktop\BP Mayo 2026\SynologyDrive\CT_14\102EK113\01190257.JPG,C:\Users\USUARIO\Desktop\BP Mayo 2026\SynologyDrive\CT_14\01190257.JPG,moved
CT_14,C:\Users\USUARIO\Desktop\BP Mayo 2026\SynologyDrive\CT_14\102EK113\01190258.JPG,C:\Users\USUARIO\Desktop\BP Mayo 2026\SynologyDrive\CT_14\01190258.JPG,moved
CT_14,C:\Users\USUARIO\Desktop\BP Mayo 2026\SynologyDrive\CT_14\102EK113\01190259.JPG,C:\Users\USUARIO\Desktop\BP Mayo 2026\SynologyDrive\CT_14\01190259.JPG,moved
CT_14,C:\Users\USUARIO\Desktop\BP Mayo 2026\SynologyDrive\CT_14\102EK113\01190260.JPG,C:\Users\USUARIO\Desktop\BP Mayo 2026\SynologyDrive\CT_14\01190260.JPG,moved
CT_14,C:\Users\USUARIO\Desktop\BP Mayo 2026\SynologyDrive\CT_14\102EK113\01190261.JPG,C:\Users\USUARIO\Desktop\BP Mayo 2026\SynologyDrive\CT_14\01190261.JPG,moved
CT_14,C:\Users\USUARIO\Desktop\BP Mayo 2026\SynologyDrive\CT_14\102EK113\01190262.JPG,C:\Users\USUARIO\Desktop\BP Mayo 2026\SynologyDrive\CT_14\01190262.JPG,moved
CT_14,C:\Users\USUARIO\Desktop\BP Mayo 2026\SynologyDrive\CT_14\102EK113\01190263.JPG,C:\Users\USUARIO\Desktop\BP Mayo 2026\SynologyDrive\CT_14\01190263.JPG,moved
CT_14,C:\Users\USUARIO\Desktop\BP Mayo 2026\SynologyDrive\CT_14\102EK113\01190264.JPG,C:\Users\USUARIO\Desktop\BP Mayo 2026\SynologyDrive\CT_14\01190264.JPG,moved
CT_14,C:\Users\USUARIO\Desktop\BP Mayo 2026\SynologyDrive\CT_14\102EK113\01190265.JPG,C:\Users\USUARIO\Desktop\BP Mayo 2026\SynologyDrive\CT_14\01190265.JPG,moved
CT_14,C:\Users\USUARIO\Desktop\BP Mayo 2026\SynologyDrive\CT_14\102EK113\01190266.JPG,C:\Users\USUARIO\Desktop\BP Mayo 2026\SynologyDrive\CT_14\01190266.JPG,moved
CT_14,C:\Users\USUARIO\Desktop\BP Mayo 2026\SynologyDrive\CT_14\102EK113\01190267.JPG,C:\Users\USUARIO\Desktop\BP Mayo 2026\SynologyDrive\CT_14\01190267.JPG,moved
CT_14,C:\Users\USUARIO\Desktop\BP Mayo 2026\SynologyDrive\CT_14\102EK113\01190268.JPG,C:\Users\USUARIO\Desktop\BP Mayo 2026\SynologyDrive\CT_14\01190268.JPG,moved
CT_14,C:\Users\USUARIO\Desktop\BP Mayo 2026\SynologyDrive\CT_14\102EK113\01190269.JPG,C:\Users\USUARIO\Desktop\BP Mayo 2026\SynologyDrive\CT_14\01190269.JPG,moved
CT_14,C:\Users\USUARIO\Desktop\BP Mayo 2026\SynologyDrive\CT_14\102EK113\01190270.JPG,C:\Users\USUARIO\Desktop\BP Mayo 2026\SynologyDrive\CT_14\01190270.JPG,moved
CT_14,C:\Users\USUARIO\Desktop\BP Mayo 2026\SynologyDrive\CT_14\102EK113\01190271.JPG,C:\Users\USUARIO\Desktop\BP Mayo 2026\SynologyDrive\CT_14\01190271.JPG,moved
CT_14,C:\Users\USUARIO\Desktop\BP Mayo 2026\SynologyDrive\CT_14\102EK113\01190272.JPG,C:\Users\USUARIO\Desktop\BP Mayo 2026\SynologyDrive\CT_14\01190272.JPG,moved
CT_14,C:\Users\USUARIO\Desktop\BP Mayo 2026\SynologyDrive\CT_14\102EK113\01190273.JPG,C:\Users\USUARIO\Desktop\BP Mayo 2026\SynologyDrive\CT_14\01190273.JPG,moved
CT_14,C:\Users\USUARIO\Desktop\BP Mayo 2026\SynologyDrive\CT_14\102EK113\01190274.JPG,C:\Users\USUARIO\Desktop\BP Mayo 2026\SynologyDrive\CT_14\01190274.JPG,moved
CT_14,C:\Users\USUARIO\Desktop\BP Mayo 2026\SynologyDrive\CT_14\102EK113\01190275.JPG,C:\Users\USUARIO\Desktop\BP Mayo 2026\SynologyDrive\CT_14\01190275.JPG,moved
CT_14,C:\Users\USUARIO\Desktop\BP Mayo 2026\SynologyDrive\CT_14\102EK113\01190276.JPG,C:\Users\USUARIO\Desktop\BP Mayo 2026\SynologyDrive\CT_14\01190276.JPG,moved
CT_14,C:\Users\USUARIO\Desktop\BP Mayo 2026\SynologyDrive\CT_14\102EK113\01190277.JPG,C:\Users\USUARIO\Desktop\BP Mayo 2026\SynologyDrive\CT_14\01190277.JPG,moved
CT_14,C:\Users\USUARIO\Desktop\BP Mayo 2026\SynologyDrive\CT_14\102EK113\01190278.JPG,C:\Users\USUARIO\Desktop\BP Mayo 2026\SynologyDrive\CT_14\01190278.JPG,moved
CT_14,C:\Users\USUARIO\Desktop\BP Mayo 2026\SynologyDrive\CT_14\102EK113\01190279.JPG,C:\Users\USUARIO\Desktop\BP Mayo 2026\SynologyDrive\CT_14\01190279.JPG,moved
CT_14,C:\Users\USUARIO\Desktop\BP Mayo 2026\SynologyDrive\CT_14\102EK113\01190280.JPG,C:\Users\USUARIO\Desktop\BP Mayo 2026\SynologyDrive\CT_14\01190280.JPG,moved
CT_14,C:\Users\USUARIO\Desktop\BP Mayo 2026\SynologyDrive\CT_14\102EK113\01190281.JPG,C:\Users\USUARIO\Desktop\BP Mayo 2026\SynologyDrive\CT_14\01190281.JPG,moved
CT_14,C:\Users\USUARIO\Desktop\BP Mayo 2026\SynologyDrive\CT_14\102EK113\01190282.JPG,C:\Users\USUARIO\Desktop\BP Mayo 2026\SynologyDrive\CT_14\01190282.JPG,moved
CT_14,C:\Users\USUARIO\Desktop\BP Mayo 2026\SynologyDrive\CT_14\102EK113\01190283.JPG,C:\Users\USUARIO\Desktop\BP Mayo 2026\SynologyDrive\CT_14\01190283.JPG,moved
CT_14,C:\Users\USUARIO\Desktop\BP Mayo 2026\SynologyDrive\CT_14\102EK113\01190284.JPG,C:\Users\USUARIO\Desktop\BP Mayo 2026\SynologyDrive\CT_14\01190284.JPG,moved
CT_14,C:\Users\USUARIO\Desktop\BP Mayo 2026\SynologyDrive\CT_14\102EK113\01190285.JPG,C:\Users\USUARIO\Desktop\BP Mayo 2026\SynologyDrive\CT_14\01190285.JPG,moved
CT_14,C:\Users\USUARIO\Desktop\BP Mayo 2026\SynologyDrive\CT_14\102EK113\01190286.JPG,C:\Users\USUARIO\Desktop\BP Mayo 2026\SynologyDrive\CT_14\01190286.JPG,moved
CT_14,C:\Users\USUARIO\Desktop\BP Mayo 2026\SynologyDrive\CT_14\102EK113\01190287.JPG,C:\Users\USUARIO\Desktop\BP Mayo 2026\SynologyDrive\CT_14\01190287.JPG,moved
CT_14,C:\Users\USUARIO\Desktop\BP Mayo 2026\SynologyDrive\CT_14\102EK113\01190288.JPG,C:\Users\USUARIO\Desktop\BP Mayo 2026\SynologyDrive\CT_14\01190288.JPG,moved
CT_14,C:\Users\USUARIO\Desktop\BP Mayo 2026\SynologyDrive\CT_14\102EK113\01190289.JPG,C:\Users\USUARIO\Desktop\BP Mayo 2026\SynologyDrive\CT_14\01190289.JPG,moved
CT_14,C:\Users\USUARIO\Desktop\BP Mayo 2026\SynologyDrive\CT_14\102EK113\01190290.JPG,C:\Users\USUARIO\Desktop\BP Mayo 2026\SynologyDrive\CT_14\01190290.JPG,moved
CT_14,C:\Users\USUARIO\Desktop\BP Mayo 2026\SynologyDrive\CT_14\102EK113\01190291.JPG,C:\Users\USUARIO\Desktop\BP Mayo 2026\SynologyDrive\CT_14\01190291.JPG,moved
CT_14,C:\Users\USUARIO\Desktop\BP Mayo 2026\SynologyDrive\CT_14\102EK113\01190292.JPG,C:\Users\USUARIO\Desktop\BP Mayo 2026\SynologyDrive\CT_14\01190292.JPG,moved
CT_14,C:\Users\USUARIO\Desktop\BP Mayo 2026\SynologyDrive\CT_14\102EK113\01190293.JPG,C:\Users\USUARIO\Desktop\BP Mayo 2026\SynologyDrive\CT_14\01190293.JPG,moved
CT_14,C:\Users\USUARIO\Desktop\BP Mayo 2026\SynologyDrive\CT_14\102EK113\01190294.JPG,C:\Users\USUARIO\Desktop\BP Mayo 2026\SynologyDrive\CT_14\01190294.JPG,moved
CT_14,C:\Users\USUARIO\Desktop\BP Mayo 2026\SynologyDrive\CT_14\102EK113\01190295.JPG,C:\Users\USUARIO\Desktop\BP Mayo 2026\SynologyDrive\CT_14\01190295.JPG,moved
CT_14,C:\Users\USUARIO\Desktop\BP Mayo 2026\SynologyDrive\CT_14\102EK113\01190296.JPG,C:\Users\USUARIO\Desktop\BP Mayo 2026\SynologyDrive\CT_14\01190296.JPG,moved
CT_14,C:\Users\USUARIO\Desktop\BP Mayo 2026\SynologyDrive\CT_14\102EK113\01190297.JPG,C:\Users\USUARIO\Desktop\BP Mayo 2026\SynologyDrive\CT_14\01190297.JPG,moved
CT_14,C:\Users\USUARIO\Desktop\BP Mayo 2026\SynologyDrive\CT_14\102EK113\01190298.JPG,C:\Users\USUARIO\Desktop\BP Mayo 2026\SynologyDrive\CT_14\01190298.JPG,moved
CT_14,C:\Users\USUARIO\Desktop\BP Mayo 2026\SynologyDrive\CT_14\102EK113\01190299.JPG,C:\Users\USUARIO\Desktop\BP Mayo 2026\SynologyDrive\CT_14\01190299.JPG,moved
CT_14,C:\Users\USUARIO\Desktop\BP Mayo 2026\SynologyDrive\CT_14\102EK113\01190300.JPG,C:\Users\USUARIO\Desktop\BP Mayo 2026\SynologyDrive\CT_14\01190300.JPG,moved
CT_14,C:\Users\USUARIO\Desktop\BP Mayo 2026\SynologyDrive\CT_14\102EK113\01190301.JPG,C:\Users\USUARIO\Desktop\BP Mayo 2026\SynologyDrive\CT_14\01190301.JPG,moved
CT_14,C:\Users\USUARIO\Desktop\BP Mayo 2026\SynologyDrive\CT_14\102EK113\01190302.JPG,C:\Users\USUARIO\Desktop\BP Mayo 2026\SynologyDrive\CT_14\01190302.JPG,moved
CT_14,C:\Users\USUARIO\Desktop\BP Mayo 2026\SynologyDrive\CT_14\102EK113\01190303.JPG,C:\Users\USUARIO\Desktop\BP Mayo 2026\SynologyDrive\CT_14\01190303.JPG,moved
CT_14,C:\Users\USUARIO\Desktop\BP Mayo 2026\SynologyDrive\CT_14\102EK113\01190304.JPG,C:\Users\USUARIO\Desktop\BP Mayo 2026\SynologyDrive\CT_14\01190304.JPG,moved
CT_14,C:\Users\USUARIO\Desktop\BP Mayo 2026\SynologyDrive\CT_14\102EK113\01190305.JPG,C:\Users\USUARIO\Desktop\BP Mayo 2026\SynologyDrive\CT_14\01190305.JPG,moved
CT_14,C:\Users\USUARIO\Desktop\BP Mayo 2026\SynologyDrive\CT_14\102EK113\01190306.JPG,C:\Users\USUARIO\Desktop\BP Mayo 2026\SynologyDrive\CT_14\01190306.JPG,moved
CT_14,C:\Users\USUARIO\Desktop\BP Mayo 2026\SynologyDrive\CT_14\102EK113\01190307.JPG,C:\Users\USUARIO\Desktop\BP Mayo 2026\SynologyDrive\CT_14\01190307.JPG,moved
CT_14,C:\Users\USUARIO\Desktop\BP Mayo 2026\SynologyDrive\CT_14\102EK113\01190308.JPG,C:\Users\USUARIO\Desktop\BP Mayo 2026\SynologyDrive\CT_14\01190308.JPG,moved
CT_14,C:\Users\USUARIO\Desktop\BP Mayo 2026\SynologyDrive\CT_14\102EK113\01190309.JPG,C:\Users\USUARIO\Desktop\BP Mayo 2026\SynologyDrive\CT_14\01190309.JPG,moved
CT_14,C:\Users\USUARIO\Desktop\BP Mayo 2026\SynologyDrive\CT_14\102EK113\01190310.JPG,C:\Users\USUARIO\Desktop\BP Mayo 2026\SynologyDrive\CT_14\01190310.JPG,moved
CT_14,C:\Users\USUARIO\Desktop\BP Mayo 2026\SynologyDrive\CT_14\102EK113\01190311.JPG,C:\Users\USUARIO\Desktop\BP Mayo 2026\SynologyDrive\CT_14\01190311.JPG,moved
CT_14,C:\Users\USUARIO\Desktop\BP Mayo 2026\SynologyDrive\CT_14\102EK113\01190312.JPG,C:\Users\USUARIO\Desktop\BP Mayo 2026\SynologyDrive\CT_14\01190312.JPG,moved
CT_14,C:\Users\USUARIO\Desktop\BP Mayo 2026\SynologyDrive\CT_14\102EK113\01190313.JPG,C:\Users\USUARIO\Desktop\BP Mayo 2026\SynologyDrive\CT_14\102EK113_01190313.JPG,renamed
CT_14,C:\Users\USUARIO\Desktop\BP Mayo 2026\SynologyDrive\CT_14\102EK113\01190314.JPG,C:\Users\USUARIO\Desktop\BP Mayo 2026\SynologyDrive\CT_14\102EK113_01190314.JPG,renamed
CT_14,C:\Users\USUARIO\Desktop\BP Mayo 2026\SynologyDrive\CT_14\102EK113\01190315.JPG,C:\Users\USUARIO\Desktop\BP Mayo 2026\SynologyDrive\CT_14\102EK113_01190315.JPG,renamed
CT_14,C:\Users\USUARIO\Desktop\BP Mayo 2026\SynologyDrive\CT_14\102EK113\01190316.JPG,C:\Users\USUARIO\Desktop\BP Mayo 2026\SynologyDrive\CT_14\102EK113_01190316.JPG,renamed
CT_14,C:\Users\USUARIO\Desktop\BP Mayo 2026\SynologyDrive\CT_14\102EK113\01190317.JPG,C:\Users\USUARIO\Desktop\BP Mayo 2026\SynologyDrive\CT_14\102EK113_01190317.JPG,renamed
CT_14,C:\Users\USUARIO\Desktop\BP Mayo 2026\SynologyDrive\CT_14\102EK113\01190318.JPG,C:\Users\USUARIO\Desktop\BP Mayo 2026\SynologyDrive\CT_14\102EK113_01190318.JPG,renamed
CT_14,C:\Users\USUARIO\Desktop\BP Mayo 2026\SynologyDrive\CT_14\102EK113\01190319.JPG,C:\Users\USUARIO\Desktop\BP Mayo 2026\SynologyDrive\CT_14\102EK113_01190319.JPG,renamed
CT_14,C:\Users\USUARIO\Desktop\BP Mayo 2026\SynologyDrive\CT_14\102EK113\01190320.JPG,C:\Users\USUARIO\Desktop\BP Mayo 2026\SynologyDrive\CT_14\102EK113_01190320.JPG,renamed
CT_14,C:\Users\USUARIO\Desktop\BP Mayo 2026\SynologyDrive\CT_14\102EK113\01190321.JPG,C:\Users\USUARIO\Desktop\BP Mayo 2026\SynologyDrive\CT_14\102EK113_01190321.JPG,renamed
CT_14,C:\Users\USUARIO\Desktop\BP Mayo 2026\SynologyDrive\CT_14\102EK113\01190322.JPG,C:\Users\USUARIO\Desktop\BP Mayo 2026\SynologyDrive\CT_14\102EK113_01190322.JPG,renamed
CT_14,C:\Users\USUARIO\Desktop\BP Mayo 2026\SynologyDrive\CT_14\102EK113\01190323.JPG,C:\Users\USUARIO\Desktop\BP Mayo 2026\SynologyDrive\CT_14\102EK113_01190323.JPG,renamed
CT_14,C:\Users\USUARIO\Desktop\BP Mayo 2026\SynologyDrive\CT_14\102EK113\01190324.JPG,C:\Users\USUARIO\Desktop\BP Mayo 2026\SynologyDrive\CT_14\102EK113_01190324.JPG,renamed
CT_14,C:\Users\USUARIO\Desktop\BP Mayo 2026\SynologyDrive\CT_14\102EK113\01190325.JPG,C:\Users\USUARIO\Desktop\BP Mayo 2026\SynologyDrive\CT_14\102EK113_01190325.JPG,renamed
CT_14,C:\Users\USUARIO\Desktop\BP Mayo 2026\SynologyDrive\CT_14\102EK113\01190326.JPG,C:\Users\USUARIO\Desktop\BP Mayo 2026\SynologyDrive\CT_14\102EK113_01190326.JPG,renamed
CT_14,C:\Users\USUARIO\Desktop\BP Mayo 2026\SynologyDrive\CT_14\102EK113\01190327.JPG,C:\Users\USUARIO\Desktop\BP Mayo 2026\SynologyDrive\CT_14\102EK113_01190327.JPG,renamed
CT_14,C:\Users\USUARIO\Desktop\BP Mayo 2026\SynologyDrive\CT_14\102EK113\01190328.JPG,C:\Users\USUARIO\Desktop\BP Mayo 2026\SynologyDrive\CT_14\102EK113_01190328.JPG,renamed
CT_14,C:\Users\USUARIO\Desktop\BP Mayo 2026\SynologyDrive\CT_14\102EK113\01190329.JPG,C:\Users\USUARIO\Desktop\BP Mayo 2026\SynologyDrive\CT_14\102EK113_01190329.JPG,renamed
CT_14,C:\Users\USUARIO\Desktop\BP Mayo 2026\SynologyDrive\CT_14\102EK113\01190330.JPG,C:\Users\USUARIO\Desktop\BP Mayo 2026\SynologyDrive\CT_14\102EK113_01190330.JPG,renamed
CT_14,C:\Users\USUARIO\Desktop\BP Mayo 2026\SynologyDrive\CT_14\102EK113\01190331.JPG,C:\Users\USUARIO\Desktop\BP Mayo 2026\SynologyDrive\CT_14\102EK113_01190331.JPG,renamed
CT_14,C:\Users\USUARIO\Desktop\BP Mayo 2026\SynologyDrive\CT_14\102EK113\01190332.JPG,C:\Users\USUARIO\Desktop\BP Mayo 2026\SynologyDrive\CT_14\102EK113_01190332.JPG,renamed
CT_14,C:\Users\USUARIO\Desktop\BP Mayo 2026\SynologyDrive\CT_14\102EK113\01190333.JPG,C:\Users\USUARIO\Desktop\BP Mayo 2026\SynologyDrive\CT_14\102EK113_01190333.JPG,renamed
CT_14,C:\Users\USUARIO\Desktop\BP Mayo 2026\SynologyDrive\CT_14\102EK113\01190334.JPG,C:\Users\USUARIO\Desktop\BP Mayo 2026\SynologyDrive\CT_14\102EK113_01190334.JPG,renamed
CT_14,C:\Users\USUARIO\Desktop\BP Mayo 2026\SynologyDrive\CT_14\102EK113\01190335.JPG,C:\Users\USUARIO\Desktop\BP Mayo 2026\SynologyDrive\CT_14\102EK113_01190335.JPG,renamed
CT_14,C:\Users\USUARIO\Desktop\BP Mayo 2026\SynologyDrive\CT_14\102EK113\01190336.JPG,C:\Users\USUARIO\Desktop\BP Mayo 2026\SynologyDrive\CT_14\102EK113_01190336.JPG,renamed
CT_14,C:\Users\USUARIO\Desktop\BP Mayo 2026\SynologyDrive\CT_14\102EK113\01200337.JPG,C:\Users\USUARIO\Desktop\BP Mayo 2026\SynologyDrive\CT_14\01200337.JPG,moved
CT_14,C:\Users\USUARIO\Desktop\BP Mayo 2026\SynologyDrive\CT_14\102EK113\01200338.JPG,C:\Users\USUARIO\Desktop\BP Mayo 2026\SynologyDrive\CT_14\01200338.JPG,moved
CT_14,C:\Users\USUARIO\Desktop\BP Mayo 2026\SynologyDrive\CT_14\102EK113\01200339.JPG,C:\Users\USUARIO\Desktop\BP Mayo 2026\SynologyDrive\CT_14\01200339.JPG,moved
CT_14,C:\Users\USUARIO\Desktop\BP Mayo 2026\SynologyDrive\CT_14\102EK113\01200340.JPG,C:\Users\USUARIO\Desktop\BP Mayo 2026\SynologyDrive\CT_14\01200340.JPG,moved
CT_14,C:\Users\USUARIO\Desktop\BP Mayo 2026\SynologyDrive\CT_14\102EK113\01200341.JPG,C:\Users\USUARIO\Desktop\BP Mayo 2026\SynologyDrive\CT_14\01200341.JPG,moved
CT_14,C:\Users\USUARIO\Desktop\BP Mayo 2026\SynologyDrive\CT_14\102EK113\01200342.JPG,C:\Users\USUARIO\Desktop\BP Mayo 2026\SynologyDrive\CT_14\01200342.JPG,moved
CT_14,C:\Users\USUARIO\Desktop\BP Mayo 2026\SynologyDrive\CT_14\102EK113\01200343.JPG,C:\Users\USUARIO\Desktop\BP Mayo 2026\SynologyDrive\CT_14\01200343.JPG,moved
CT_14,C:\Users\USUARIO\Desktop\BP Mayo 2026\SynologyDrive\CT_14\102EK113\01200344.JPG,C:\Users\USUARIO\Desktop\BP Mayo 2026\SynologyDrive\CT_14\01200344.JPG,moved
CT_14,C:\Users\USUARIO\Desktop\BP Mayo 2026\SynologyDrive\CT_14\102EK113\01200345.JPG,C:\Users\USUARIO\Desktop\BP Mayo 2026\SynologyDrive\CT_14\01200345.JPG,moved
CT_14,C:\Users\USUARIO\Desktop\BP Mayo 2026\SynologyDrive\CT_14\102EK113\01200346.JPG,C:\Users\USUARIO\Desktop\BP Mayo 2026\SynologyDrive\CT_14\01200346.JPG,moved
CT_14,C:\Users\USUARIO\Desktop\BP Mayo 2026\SynologyDrive\CT_14\102EK113\01200347.JPG,C:\Users\USUARIO\Desktop\BP Mayo 2026\SynologyDrive\CT_14\01200347.JPG,moved
CT_14,C:\Users\USUARIO\Desktop\BP Mayo 2026\SynologyDrive\CT_14\102EK113\01200348.JPG,C:\Users\USUARIO\Desktop\BP Mayo 2026\SynologyDrive\CT_14\01200348.JPG,moved
CT_14,C:\Users\USUARIO\Desktop\BP Mayo 2026\SynologyDrive\CT_14\102EK113\01200349.JPG,C:\Users\USUARIO\Desktop\BP Mayo 2026\SynologyDrive\CT_14\01200349.JPG,moved
CT_14,C:\Users\USUARIO\Desktop\BP Mayo 2026\SynologyDrive\CT_14\102EK113\01200350.JPG,C:\Users\USUARIO\Desktop\BP Mayo 2026\SynologyDrive\CT_14\01200350.JPG,moved
CT_14,C:\Users\USUARIO\Desktop\BP Mayo 2026\SynologyDrive\CT_14\102EK113\01200351.JPG,C:\Users\USUARIO\Desktop\BP Mayo 2026\SynologyDrive\CT_14\01200351.JPG,moved
CT_14,C:\Users\USUARIO\Desktop\BP Mayo 2026\SynologyDrive\CT_14\102EK113\01200352.JPG,C:\Users\USUARIO\Desktop\BP Mayo 2026\SynologyDrive\CT_14\01200352.JPG,moved
CT_14,C:\Users\USUARIO\Desktop\BP Mayo 2026\SynologyDrive\CT_14\102EK113\01200353.JPG,C:\Users\USUARIO\Desktop\BP Mayo 2026\SynologyDrive\CT_14\01200353.JPG,moved
CT_14,C:\Users\USUARIO\Desktop\BP Mayo 2026\SynologyDrive\CT_14\102EK113\01200354.JPG,C:\Users\USUARIO\Desktop\BP Mayo 2026\SynologyDrive\CT_14\01200354.JPG,moved
CT_14,C:\Users\USUARIO\Desktop\BP Mayo 2026\SynologyDrive\CT_14\102EK113\01200355.JPG,C:\Users\USUARIO\Desktop\BP Mayo 2026\SynologyDrive\CT_14\01200355.JPG,moved
CT_14,C:\Users\USUARIO\Desktop\BP Mayo 2026\SynologyDrive\CT_14\102EK113\01200356.JPG,C:\Users\USUARIO\Desktop\BP Mayo 2026\SynologyDrive\CT_14\01200356.JPG,moved
CT_14,C:\Users\USUARIO\Desktop\BP Mayo 2026\SynologyDrive\CT_14\102EK113\01200357.JPG,C:\Users\USUARIO\Desktop\BP Mayo 2026\SynologyDrive\CT_14\01200357.JPG,moved
CT_14,C:\Users\USUARIO\Desktop\BP Mayo 2026\SynologyDrive\CT_14\102EK113\01200358.JPG,C:\Users\USUARIO\Desktop\BP Mayo 2026\SynologyDrive\CT_14\01200358.JPG,moved
CT_14,C:\Users\USUARIO\Desktop\BP Mayo 2026\SynologyDrive\CT_14\102EK113\01200359.JPG,C:\Users\USUARIO\Desktop\BP Mayo 2026\SynologyDrive\CT_14\01200359.JPG,moved
CT_14,C:\Users\USUARIO\Desktop\BP Mayo 2026\SynologyDrive\CT_14\102EK113\01200360.JPG,C:\Users\USUARIO\Desktop\BP Mayo 2026\SynologyDrive\CT_14\01200360.JPG,moved
CT_14,C:\Users\USUARIO\Desktop\BP Mayo 2026\SynologyDrive\CT_14\102EK113\01200361.JPG,C:\Users\USUARIO\Desktop\BP Mayo 2026\SynologyDrive\CT_14\01200361.JPG,moved
CT_14,C:\Users\USUARIO\Desktop\BP Mayo 2026\SynologyDrive\CT_14\102EK113\01200362.JPG,C:\Users\USUARIO\Desktop\BP Mayo 2026\SynologyDrive\CT_14\01200362.JPG,moved
CT_14,C:\Users\USUARIO\Desktop\BP Mayo 2026\SynologyDrive\CT_14\102EK113\01200363.JPG,C:\Users\USUARIO\Desktop\BP Mayo 2026\SynologyDrive\CT_14\01200363.JPG,moved
CT_14,C:\Users\USUARIO\Desktop\BP Mayo 2026\SynologyDrive\CT_14\102EK113\01200364.JPG,C:\Users\USUARIO\Desktop\BP Mayo 2026\SynologyDrive\CT_14\01200364.JPG,moved
CT_14,C:\Users\USUARIO\Desktop\BP Mayo 2026\SynologyDrive\CT_14\102EK113\01200365.JPG,C:\Users\USUARIO\Desktop\BP Mayo 2026\SynologyDrive\CT_14\01200365.JPG,moved
CT_14,C:\Users\USUARIO\Desktop\BP Mayo 2026\SynologyDrive\CT_14\102EK113\01200366.JPG,C:\Users\USUARIO\Desktop\BP Mayo 2026\SynologyDrive\CT_14\01200366.JPG,moved
CT_14,C:\Users\USUARIO\Desktop\BP Mayo 2026\SynologyDrive\CT_14\102EK113\01200367.JPG,C:\Users\USUARIO\Desktop\BP Mayo 2026\SynologyDrive\CT_14\01200367.JPG,moved
CT_14,C:\Users\USUARIO\Desktop\BP Mayo 2026\SynologyDrive\CT_14\102EK113\01200368.JPG,C:\Users\USUARIO\Desktop\BP Mayo 2026\SynologyDrive\CT_14\01200368.JPG,moved
CT_14,C:\Users\USUARIO\Desktop\BP Mayo 2026\SynologyDrive\CT_14\102EK113\01200369.JPG,C:\Users\USUARIO\Desktop\BP Mayo 2026\SynologyDrive\CT_14\01200369.JPG,moved
CT_14,C:\Users\USUARIO\Desktop\BP Mayo 2026\SynologyDrive\CT_14\102EK113\01200370.JPG,C:\Users\USUARIO\Desktop\BP Mayo 2026\SynologyDrive\CT_14\01200370.JPG,moved
CT_14,C:\Users\USUARIO\Desktop\BP Mayo 2026\SynologyDrive\CT_14\102EK113\01200371.JPG,C:\Users\USUARIO\Desktop\BP Mayo 2026\SynologyDrive\CT_14\01200371.JPG,moved
CT_14,C:\Users\USUARIO\Desktop\BP Mayo 2026\SynologyDrive\CT_14\102EK113\01200372.JPG,C:\Users\USUARIO\Desktop\BP Mayo 2026\SynologyDrive\CT_14\01200372.JPG,moved
CT_14,C:\Users\USUARIO\Desktop\BP Mayo 2026\SynologyDrive\CT_14\102EK113\01200373.JPG,C:\Users\USUARIO\Desktop\BP Mayo 2026\SynologyDrive\CT_14\01200373.JPG,moved
CT_14,C:\Users\USUARIO\Desktop\BP Mayo 2026\SynologyDrive\CT_14\102EK113\01200374.JPG,C:\Users\USUARIO\Desktop\BP Mayo 2026\SynologyDrive\CT_14\01200374.JPG,moved
CT_14,C:\Users\USUARIO\Desktop\BP Mayo 2026\SynologyDrive\CT_14\102EK113\01200375.JPG,C:\Users\USUARIO\Desktop\BP Mayo 2026\SynologyDrive\CT_14\01200375.JPG,moved
CT_14,C:\Users\USUARIO\Desktop\BP Mayo 2026\SynologyDrive\CT_14\102EK113\01200376.JPG,C:\Users\USUARIO\Desktop\BP Mayo 2026\SynologyDrive\CT_14\01200376.JPG,moved
CT_14,C:\Users\USUARIO\Desktop\BP Mayo 2026\SynologyDrive\CT_14\102EK113\01200377.JPG,C:\Users\USUARIO\Desktop\BP Mayo 2026\SynologyDrive\CT_14\01200377.JPG,moved
CT_14,C:\Users\USUARIO\Desktop\BP Mayo 2026\SynologyDrive\CT_14\102EK113\01200378.JPG,C:\Users\USUARIO\Desktop\BP Mayo 2026\SynologyDrive\CT_14\01200378.JPG,moved
CT_14,C:\Users\USUARIO\Desktop\BP Mayo 2026\SynologyDrive\CT_14\102EK113\01200379.JPG,C:\Users\USUARIO\Desktop\BP Mayo 2026\SynologyDrive\CT_14\01200379.JPG,moved
CT_14,C:\Users\USUARIO\Desktop\BP Mayo 2026\SynologyDrive\CT_14\102EK113\01200380.JPG,C:\Users\USUARIO\Desktop\BP Mayo 2026\SynologyDrive\CT_14\01200380.JPG,moved
CT_14,C:\Users\USUARIO\Desktop\BP Mayo 2026\SynologyDrive\CT_14\102EK113\01200381.JPG,C:\Users\USUARIO\Desktop\BP Mayo 2026\SynologyDrive\CT_14\01200381.JPG,moved
CT_14,C:\Users\USUARIO\Desktop\BP Mayo 2026\SynologyDrive\CT_14\102EK113\01200382.JPG,C:\Users\USUARIO\Desktop\BP Mayo 2026\SynologyDrive\CT_14\01200382.JPG,moved
CT_14,C:\Users\USUARIO\Desktop\BP Mayo 2026\SynologyDrive\CT_14\102EK113\01200383.JPG,C:\Users\USUARIO\Desktop\BP Mayo 2026\SynologyDrive\CT_14\01200383.JPG,moved
CT_14,C:\Users\USUARIO\Desktop\BP Mayo 2026\SynologyDrive\CT_14\102EK113\01200384.JPG,C:\Users\USUARIO\Desktop\BP Mayo 2026\SynologyDrive\CT_14\01200384.JPG,moved
CT_14,C:\Users\USUARIO\Desktop\BP Mayo 2026\SynologyDrive\CT_14\102EK113\01200385.JPG,C:\Users\USUARIO\Desktop\BP Mayo 2026\SynologyDrive\CT_14\01200385.JPG,moved
CT_14,C:\Users\USUARIO\Desktop\BP Mayo 2026\SynologyDrive\CT_14\102EK113\01200386.JPG,C:\Users\USUARIO\Desktop\BP Mayo 2026\SynologyDrive\CT_14\01200386.JPG,moved
CT_14,C:\Users\USUARIO\Desktop\BP Mayo 2026\SynologyDrive\CT_14\102EK113\01200387.JPG,C:\Users\USUARIO\Desktop\BP Mayo 2026\SynologyDrive\CT_14\01200387.JPG,moved
CT_14,C:\Users\USUARIO\Desktop\BP Mayo 2026\SynologyDrive\CT_14\102EK113\01200388.JPG,C:\Users\USUARIO\Desktop\BP Mayo 2026\SynologyDrive\CT_14\01200388.JPG,moved
CT_14,C:\Users\USUARIO\Desktop\BP Mayo 2026\SynologyDrive\CT_14\102EK113\01200389.JPG,C:\Users\USUARIO\Desktop\BP Mayo 2026\SynologyDrive\CT_14\01200389.JPG,moved
CT_14,C:\Users\USUARIO\Desktop\BP Mayo 2026\SynologyDrive\CT_14\102EK113\01200390.JPG,C:\Users\USUARIO\Desktop\BP Mayo 2026\SynologyDrive\CT_14\01200390.JPG,moved
CT_14,C:\Users\USUARIO\Desktop\BP Mayo 2026\SynologyDrive\CT_14\102EK113\01200391.JPG,C:\Users\USUARIO\Desktop\BP Mayo 2026\SynologyDrive\CT_14\01200391.JPG,moved
CT_14,C:\Users\USUARIO\Desktop\BP Mayo 2026\SynologyDrive\CT_14\102EK113\01200392.JPG,C:\Users\USUARIO\Desktop\BP Mayo 2026\SynologyDrive\CT_14\01200392.JPG,moved
CT_14,C:\Users\USUARIO\Desktop\BP Mayo 2026\SynologyDrive\CT_14\102EK113\01200393.JPG,C:\Users\USUARIO\Desktop\BP Mayo 2026\SynologyDrive\CT_14\01200393.JPG,moved
CT_14,C:\Users\USUARIO\Desktop\BP Mayo 2026\SynologyDrive\CT_14\102EK113\01200394.JPG,C:\Users\USUARIO\Desktop\BP Mayo 2026\SynologyDrive\CT_14\01200394.JPG,moved
CT_14,C:\Users\USUARIO\Desktop\BP Mayo 2026\SynologyDrive\CT_14\102EK113\01200395.JPG,C:\Users\USUARIO\Desktop\BP Mayo 2026\SynologyDrive\CT_14\01200395.JPG,moved
CT_14,C:\Users\USUARIO\Desktop\BP Mayo 2026\SynologyDrive\CT_14\102EK113\01200396.JPG,C:\Users\USUARIO\Desktop\BP Mayo 2026\SynologyDrive\CT_14\01200396.JPG,moved
CT_14,C:\Users\USUARIO\Desktop\BP Mayo 2026\SynologyDrive\CT_14\102EK113\01200397.JPG,C:\Users\USUARIO\Desktop\BP Mayo 2026\SynologyDrive\CT_14\01200397.JPG,moved
CT_14,C:\Users\USUARIO\Desktop\BP Mayo 2026\SynologyDrive\CT_14\102EK113\01200398.JPG,C:\Users\USUARIO\Desktop\BP Mayo 2026\SynologyDrive\CT_14\01200398.JPG,moved
CT_14,C:\Users\USUARIO\Desktop\BP Mayo 2026\SynologyDrive\CT_14\102EK113\01200399.JPG,C:\Users\USUARIO\Desktop\BP Mayo 2026\SynologyDrive\CT_14\01200399.JPG,moved
CT_14,C:\Users\USUARIO\Desktop\BP Mayo 2026\SynologyDrive\CT_14\102EK113\01200400.JPG,C:\Users\USUARIO\Desktop\BP Mayo 2026\SynologyDrive\CT_14\01200400.JPG,moved
CT_14,C:\Users\USUARIO\Desktop\BP Mayo 2026\SynologyDrive\CT_14\102EK113\01200401.JPG,C:\Users\USUARIO\Desktop\BP Mayo 2026\SynologyDrive\CT_14\01200401.JPG,moved
CT_14,C:\Users\USUARIO\Desktop\BP Mayo 2026\SynologyDrive\CT_14\102EK113\01200402.JPG,C:\Users\USUARIO\Desktop\BP Mayo 2026\SynologyDrive\CT_14\01200402.JPG,moved
CT_14,C:\Users\USUARIO\Desktop\BP Mayo 2026\SynologyDrive\CT_14\102EK113\01200403.JPG,C:\Users\USUARIO\Desktop\BP Mayo 2026\SynologyDrive\CT_14\01200403.JPG,moved
CT_14,C:\Users\USUARIO\Desktop\BP Mayo 2026\SynologyDrive\CT_14\102EK113\01200404.JPG,C:\Users\USUARIO\Desktop\BP Mayo 2026\SynologyDrive\CT_14\01200404.JPG,moved
CT_14,C:\Users\USUARIO\Desktop\BP Mayo 2026\SynologyDrive\CT_14\102EK113\01200405.JPG,C:\Users\USUARIO\Desktop\BP Mayo 2026\SynologyDrive\CT_14\01200405.JPG,moved
CT_14,C:\Users\USUARIO\Desktop\BP Mayo 2026\SynologyDrive\CT_14\102EK113\01200406.JPG,C:\Users\USUARIO\Desktop\BP Mayo 2026\SynologyDrive\CT_14\01200406.JPG,moved
CT_14,C:\Users\USUARIO\Desktop\BP Mayo 2026\SynologyDrive\CT_14\102EK113\01200407.JPG,C:\Users\USUARIO\Desktop\BP Mayo 2026\SynologyDrive\CT_14\01200407.JPG,moved
CT_14,C:\Users\USUARIO\Desktop\BP Mayo 2026\SynologyDrive\CT_14\102EK113\01200408.JPG,C:\Users\USUARIO\Desktop\BP Mayo 2026\SynologyDrive\CT_14\01200408.JPG,moved
CT_14,C:\Users\USUARIO\Desktop\BP Mayo 2026\SynologyDrive\CT_14\102EK113\01200409.JPG,C:\Users\USUARIO\Desktop\BP Mayo 2026\SynologyDrive\CT_14\01200409.JPG,moved
CT_14,C:\Users\USUARIO\Desktop\BP Mayo 2026\SynologyDrive\CT_14\102EK113\01200410.JPG,C:\Users\USUARIO\Desktop\BP Mayo 2026\SynologyDrive\CT_14\01200410.JPG,moved
CT_14,C:\Users\USUARIO\Desktop\BP Mayo 2026\SynologyDrive\CT_14\102EK113\01200411.JPG,C:\Users\USUARIO\Desktop\BP Mayo 2026\SynologyDrive\CT_14\01200411.JPG,moved
CT_14,C:\Users\USUARIO\Desktop\BP Mayo 2026\SynologyDrive\CT_14\102EK113\01200412.JPG,C:\Users\USUARIO\Desktop\BP Mayo 2026\SynologyDrive\CT_14\01200412.JPG,moved
CT_14,C:\Users\USUARIO\Desktop\BP Mayo 2026\SynologyDrive\CT_14\102EK113\01200413.JPG,C:\Users\USUARIO\Desktop\BP Mayo 2026\SynologyDrive\CT_14\01200413.JPG,moved
CT_14,C:\Users\USUARIO\Desktop\BP Mayo 2026\SynologyDrive\CT_14\102EK113\01200414.JPG,C:\Users\USUARIO\Desktop\BP Mayo 2026\SynologyDrive\CT_14\01200414.JPG,moved
CT_14,C:\Users\USUARIO\Desktop\BP Mayo 2026\SynologyDrive\CT_14\102EK113\01200415.JPG,C:\Users\USUARIO\Desktop\BP Mayo 2026\SynologyDrive\CT_14\01200415.JPG,moved
CT_14,C:\Users\USUARIO\Desktop\BP Mayo 2026\SynologyDrive\CT_14\102EK113\01200416.JPG,C:\Users\USUARIO\Desktop\BP Mayo 2026\SynologyDrive\CT_14\01200416.JPG,moved
CT_14,C:\Users\USUARIO\Desktop\BP Mayo 2026\SynologyDrive\CT_14\102EK113\01200417.JPG,C:\Users\USUARIO\Desktop\BP Mayo 2026\SynologyDrive\CT_14\01200417.JPG,moved
CT_14,C:\Users\USUARIO\Desktop\BP Mayo 2026\SynologyDrive\CT_14\102EK113\01200418.JPG,C:\Users\USUARIO\Desktop\BP Mayo 2026\SynologyDrive\CT_14\01200418.JPG,moved
CT_14,C:\Users\USUARIO\Desktop\BP Mayo 2026\SynologyDrive\CT_14\102EK113\01200419.JPG,C:\Users\USUARIO\Desktop\BP Mayo 2026\SynologyDrive\CT_14\01200419.JPG,moved
CT_14,C:\Users\USUARIO\Desktop\BP Mayo 2026\SynologyDrive\CT_14\102EK113\01200420.JPG,C:\Users\USUARIO\Desktop\BP Mayo 2026\SynologyDrive\CT_14\01200420.JPG,moved
CT_14,C:\Users\USUARIO\Desktop\BP Mayo 2026\SynologyDrive\CT_14\102EK113\01200421.JPG,C:\Users\USUARIO\Desktop\BP Mayo 2026\SynologyDrive\CT_14\01200421.JPG,moved
CT_14,C:\Users\USUARIO\Desktop\BP Mayo 2026\SynologyDrive\CT_14\102EK113\01200422.JPG,C:\Users\USUARIO\Desktop\BP Mayo 2026\SynologyDrive\CT_14\01200422.JPG,moved
CT_14,C:\Users\USUARIO\Desktop\BP Mayo 2026\SynologyDrive\CT_14\102EK113\01200423.JPG,C:\Users\USUARIO\Desktop\BP Mayo 2026\SynologyDrive\CT_14\01200423.JPG,moved
CT_14,C:\Users\USUARIO\Desktop\BP Mayo 2026\SynologyDrive\CT_14\102EK113\01200424.JPG,C:\Users\USUARIO\Desktop\BP Mayo 2026\SynologyDrive\CT_14\01200424.JPG,moved
CT_14,C:\Users\USUARIO\Desktop\BP Mayo 2026\SynologyDrive\CT_14\102EK113\01200425.JPG,C:\Users\USUARIO\Desktop\BP Mayo 2026\SynologyDrive\CT_14\01200425.JPG,moved
CT_14,C:\Users\USUARIO\Desktop\BP Mayo 2026\SynologyDrive\CT_14\102EK113\01200426.JPG,C:\Users\USUARIO\Desktop\BP Mayo 2026\SynologyDrive\CT_14\01200426.JPG,moved
CT_14,C:\Users\USUARIO\Desktop\BP Mayo 2026\SynologyDrive\CT_14\102EK113\01200427.JPG,C:\Users\USUARIO\Desktop\BP Mayo 2026\SynologyDrive\CT_14\01200427.JPG,moved
CT_14,C:\Users\USUARIO\Desktop\BP Mayo 2026\SynologyDrive\CT_14\102EK113\01200428.JPG,C:\Users\USUARIO\Desktop\BP Mayo 2026\SynologyDrive\CT_14\01200428.JPG,moved
CT_14,C:\Users\USUARIO\Desktop\BP Mayo 2026\SynologyDrive\CT_14\102EK113\01200429.JPG,C:\Users\USUARIO\Desktop\BP Mayo 2026\SynologyDrive\CT_14\01200429.JPG,moved
CT_14,C:\Users\USUARIO\Desktop\BP Mayo 2026\SynologyDrive\CT_14\102EK113\01200430.JPG,C:\Users\USUARIO\Desktop\BP Mayo 2026\SynologyDrive\CT_14\01200430.JPG,moved
CT_14,C:\Users\USUARIO\Desktop\BP Mayo 2026\SynologyDrive\CT_14\102EK113\01200431.JPG,C:\Users\USUARIO\Desktop\BP Mayo 2026\SynologyDrive\CT_14\01200431.JPG,moved
CT_14,C:\Users\USUARIO\Desktop\BP Mayo 2026\SynologyDrive\CT_14\102EK113\01200432.JPG,C:\Users\USUARIO\Desktop\BP Mayo 2026\SynologyDrive\CT_14\01200432.JPG,moved
CT_14,C:\Users\USUARIO\Desktop\BP Mayo 2026\SynologyDrive\CT_14\102EK113\01200433.JPG,C:\Users\USUARIO\Desktop\BP Mayo 2026\SynologyDrive\CT_14\01200433.JPG,moved
CT_14,C:\Users\USUARIO\Desktop\BP Mayo 2026\SynologyDrive\CT_14\102EK113\01200434.JPG,C:\Users\USUARIO\Desktop\BP Mayo 2026\SynologyDrive\CT_14\01200434.JPG,moved
CT_14,C:\Users\USUARIO\Desktop\BP Mayo 2026\SynologyDrive\CT_14\102EK113\01200435.JPG,C:\Users\USUARIO\Desktop\BP Mayo 2026\SynologyDrive\CT_14\01200435.JPG,moved
CT_14,C:\Users\USUARIO\Desktop\BP Mayo 2026\SynologyDrive\CT_14\102EK113\01200436.JPG,C:\Users\USUARIO\Desktop\BP Mayo 2026\SynologyDrive\CT_14\01200436.JPG,moved
CT_14,C:\Users\USUARIO\Desktop\BP Mayo 2026\SynologyDrive\CT_14\102EK113\01200437.JPG,C:\Users\USUARIO\Desktop\BP Mayo 2026\SynologyDrive\CT_14\01200437.JPG,moved
CT_14,C:\Users\USUARIO\Desktop\BP Mayo 2026\SynologyDrive\CT_14\102EK113\01200438.JPG,C:\Users\USUARIO\Desktop\BP Mayo 2026\SynologyDrive\CT_14\01200438.JPG,moved
CT_14,C:\Users\USUARIO\Desktop\BP Mayo 2026\SynologyDrive\CT_14\102EK113\01200439.JPG,C:\Users\USUARIO\Desktop\BP Mayo 2026\SynologyDrive\CT_14\01200439.JPG,moved
CT_14,C:\Users\USUARIO\Desktop\BP Mayo 2026\SynologyDrive\CT_14\102EK113\01200440.JPG,C:\Users\USUARIO\Desktop\BP Mayo 2026\SynologyDrive\CT_14\01200440.JPG,moved
CT_14,C:\Users\USUARIO\Desktop\BP Mayo 2026\SynologyDrive\CT_14\102EK113\01200441.JPG,C:\Users\USUARIO\Desktop\BP Mayo 2026\SynologyDrive\CT_14\01200441.JPG,moved
CT_14,C:\Users\USUARIO\Desktop\BP Mayo 2026\SynologyDrive\CT_14\102EK113\01200442.JPG,C:\Users\USUARIO\Desktop\BP Mayo 2026\SynologyDrive\CT_14\01200442.JPG,moved
CT_14,C:\Users\USUARIO\Desktop\BP Mayo 2026\SynologyDrive\CT_14\102EK113\01200443.JPG,C:\Users\USUARIO\Desktop\BP Mayo 2026\SynologyDrive\CT_14\01200443.JPG,moved
CT_14,C:\Users\USUARIO\Desktop\BP Mayo 2026\SynologyDrive\CT_14\102EK113\01200444.JPG,C:\Users\USUARIO\Desktop\BP Mayo 2026\SynologyDrive\CT_14\01200444.JPG,moved
CT_14,C:\Users\USUARIO\Desktop\BP Mayo 2026\SynologyDrive\CT_14\102EK113\01200445.JPG,C:\Users\USUARIO\Desktop\BP Mayo 2026\SynologyDrive\CT_14\01200445.JPG,moved
CT_14,C:\Users\USUARIO\Desktop\BP Mayo 2026\SynologyDrive\CT_14\102EK113\01200446.JPG,C:\Users\USUARIO\Desktop\BP Mayo 2026\SynologyDrive\CT_14\01200446.JPG,moved
CT_14,C:\Users\USUARIO\Desktop\BP Mayo 2026\SynologyDrive\CT_14\102EK113\01200447.JPG,C:\Users\USUARIO\Desktop\BP Mayo 2026\SynologyDrive\CT_14\01200447.JPG,moved
CT_14,C:\Users\USUARIO\Desktop\BP Mayo 2026\SynologyDrive\CT_14\102EK113\01200448.JPG,C:\Users\USUARIO\Desktop\BP Mayo 2026\SynologyDrive\CT_14\01200448.JPG,moved
CT_14,C:\Users\USUARIO\Desktop\BP Mayo 2026\SynologyDrive\CT_14\102EK113\01200449.JPG,C:\Users\USUARIO\Desktop\BP Mayo 2026\SynologyDrive\CT_14\01200449.JPG,moved
CT_14,C:\Users\USUARIO\Desktop\BP Mayo 2026\SynologyDrive\CT_14\102EK113\01200450.JPG,C:\Users\USUARIO\Desktop\BP Mayo 2026\SynologyDrive\CT_14\01200450.JPG,moved
CT_14,C:\Users\USUARIO\Desktop\BP Mayo 2026\SynologyDrive\CT_14\102EK113\01200451.JPG,C:\Users\USUARIO\Desktop\BP Mayo 2026\SynologyDrive\CT_14\01200451.JPG,moved
CT_14,C:\Users\USUARIO\Desktop\BP Mayo 2026\SynologyDrive\CT_14\102EK113\01200452.JPG,C:\Users\USUARIO\Desktop\BP Mayo 2026\SynologyDrive\CT_14\01200452.JPG,moved
CT_14,C:\Users\USUARIO\Desktop\BP Mayo 2026\SynologyDrive\CT_14\102EK113\01200453.JPG,C:\Users\USUARIO\Desktop\BP Mayo 2026\SynologyDrive\CT_14\01200453.JPG,moved
CT_14,C:\Users\USUARIO\Desktop\BP Mayo 2026\SynologyDrive\CT_14\102EK113\01200454.JPG,C:\Users\USUARIO\Desktop\BP Mayo 2026\SynologyDrive\CT_14\01200454.JPG,moved
CT_14,C:\Users\USUARIO\Desktop\BP Mayo 2026\SynologyDrive\CT_14\102EK113\01200455.JPG,C:\Users\USUARIO\Desktop\BP Mayo 2026\SynologyDrive\CT_14\01200455.JPG,moved
CT_14,C:\Users\USUARIO\Desktop\BP Mayo 2026\SynologyDrive\CT_14\102EK113\01200456.JPG,C:\Users\USUARIO\Desktop\BP Mayo 2026\SynologyDrive\CT_14\01200456.JPG,moved
CT_14,C:\Users\USUARIO\Desktop\BP Mayo 2026\SynologyDrive\CT_14\102EK113\01200457.JPG,C:\Users\USUARIO\Desktop\BP Mayo 2026\SynologyDrive\CT_14\01200457.JPG,moved
CT_14,C:\Users\USUARIO\Desktop\BP Mayo 2026\SynologyDrive\CT_14\102EK113\01200458.JPG,C:\Users\USUARIO\Desktop\BP Mayo 2026\SynologyDrive\CT_14\01200458.JPG,moved
CT_14,C:\Users\USUARIO\Desktop\BP Mayo 2026\SynologyDrive\CT_14\102EK113\01200459.JPG,C:\Users\USUARIO\Desktop\BP Mayo 2026\SynologyDrive\CT_14\01200459.JPG,moved
CT_14,C:\Users\USUARIO\Desktop\BP Mayo 2026\SynologyDrive\CT_14\102EK113\01200460.JPG,C:\Users\USUARIO\Desktop\BP Mayo 2026\SynologyDrive\CT_14\01200460.JPG,moved
CT_14,C:\Users\USUARIO\Desktop\BP Mayo 2026\SynologyDrive\CT_14\102EK113\01200461.JPG,C:\Users\USUARIO\Desktop\BP Mayo 2026\SynologyDrive\CT_14\01200461.JPG,moved
CT_14,C:\Users\USUARIO\Desktop\BP Mayo 2026\SynologyDrive\CT_14\102EK113\01200462.JPG,C:\Users\USUARIO\Desktop\BP Mayo 2026\SynologyDrive\CT_14\01200462.JPG,moved
CT_14,C:\Users\USUARIO\Desktop\BP Mayo 2026\SynologyDrive\CT_14\102EK113\01200463.JPG,C:\Users\USUARIO\Desktop\BP Mayo 2026\SynologyDrive\CT_14\01200463.JPG,moved
CT_14,C:\Users\USUARIO\Desktop\BP Mayo 2026\SynologyDrive\CT_14\102EK113\01200464.JPG,C:\Users\USUARIO\Desktop\BP Mayo 2026\SynologyDrive\CT_14\01200464.JPG,moved
CT_14,C:\Users\USUARIO\Desktop\BP Mayo 2026\SynologyDrive\CT_14\102EK113\01200465.JPG,C:\Users\USUARIO\Desktop\BP Mayo 2026\SynologyDrive\CT_14\01200465.JPG,moved
CT_14,C:\Users\USUARIO\Desktop\BP Mayo 2026\SynologyDrive\CT_14\102EK113\01200466.JPG,C:\Users\USUARIO\Desktop\BP Mayo 2026\SynologyDrive\CT_14\01200466.JPG,moved
CT_14,C:\Users\USUARIO\Desktop\BP Mayo 2026\SynologyDrive\CT_14\102EK113\01200467.JPG,C:\Users\USUARIO\Desktop\BP Mayo 2026\SynologyDrive\CT_14\01200467.JPG,moved
CT_14,C:\Users\USUARIO\Desktop\BP Mayo 2026\SynologyDrive\CT_14\102EK113\01200468.JPG,C:\Users\USUARIO\Desktop\BP Mayo 2026\SynologyDrive\CT_14\01200468.JPG,moved
CT_14,C:\Users\USUARIO\Desktop\BP Mayo 2026\SynologyDrive\CT_14\102EK113\01200469.JPG,C:\Users\USUARIO\Desktop\BP Mayo 2026\SynologyDrive\CT_14\01200469.JPG,moved
CT_14,C:\Users\USUARIO\Desktop\BP Mayo 2026\SynologyDrive\CT_14\102EK113\01200470.JPG,C:\Users\USUARIO\Desktop\BP Mayo 2026\SynologyDrive\CT_14\01200470.JPG,moved
CT_14,C:\Users\USUARIO\Desktop\BP Mayo 2026\SynologyDrive\CT_14\102EK113\01200471.JPG,C:\Users\USUARIO\Desktop\BP Mayo 2026\SynologyDrive\CT_14\01200471.JPG,moved
CT_14,C:\Users\USUARIO\Desktop\BP Mayo 2026\SynologyDrive\CT_14\102EK113\01200472.JPG,C:\Users\USUARIO\Desktop\BP Mayo 2026\SynologyDrive\CT_14\01200472.JPG,moved
CT_14,C:\Users\USUARIO\Desktop\BP Mayo 2026\SynologyDrive\CT_14\102EK113\01200473.JPG,C:\Users\USUARIO\Desktop\BP Mayo 2026\SynologyDrive\CT_14\01200473.JPG,moved
CT_14,C:\Users\USUARIO\Desktop\BP Mayo 2026\SynologyDrive\CT_14\102EK113\01200474.JPG,C:\Users\USUARIO\Desktop\BP Mayo 2026\SynologyDrive\CT_14\01200474.JPG,moved
CT_14,C:\Users\USUARIO\Desktop\BP Mayo 2026\SynologyDrive\CT_14\102EK113\01200475.JPG,C:\Users\USUARIO\Desktop\BP Mayo 2026\SynologyDrive\CT_14\01200475.JPG,moved
CT_14,C:\Users\USUARIO\Desktop\BP Mayo 2026\SynologyDrive\CT_14\102EK113\01200476.JPG,C:\Users\USUARIO\Desktop\BP Mayo 2026\SynologyDrive\CT_14\01200476.JPG,moved
CT_14,C:\Users\USUARIO\Desktop\BP Mayo 2026\SynologyDrive\CT_14\102EK113\01200477.JPG,C:\Users\USUARIO\Desktop\BP Mayo 2026\SynologyDrive\CT_14\01200477.JPG,moved
CT_14,C:\Users\USUARIO\Desktop\BP Mayo 2026\SynologyDrive\CT_14\102EK113\01200478.JPG,C:\Users\USUARIO\Desktop\BP Mayo 2026\SynologyDrive\CT_14\01200478.JPG,moved
CT_14,C:\Users\USUARIO\Desktop\BP Mayo 2026\SynologyDrive\CT_14\102EK113\01200479.JPG,C:\Users\USUARIO\Desktop\BP Mayo 2026\SynologyDrive\CT_14\01200479.JPG,moved
CT_14,C:\Users\USUARIO\Desktop\BP Mayo 2026\SynologyDrive\CT_14\102EK113\01200480.JPG,C:\Users\USUARIO\Desktop\BP Mayo 2026\SynologyDrive\CT_14\01200480.JPG,moved
CT_14,C:\Users\USUARIO\Desktop\BP Mayo 2026\SynologyDrive\CT_14\102EK113\01200481.JPG,C:\Users\USUARIO\Desktop\BP Mayo 2026\SynologyDrive\CT_14\01200481.JPG,moved
CT_14,C:\Users\USUARIO\Desktop\BP Mayo 2026\SynologyDrive\CT_14\102EK113\01200482.JPG,C:\Users\USUARIO\Desktop\BP Mayo 2026\SynologyDrive\CT_14\01200482.JPG,moved
CT_14,C:\Users\USUARIO\Desktop\BP Mayo 2026\SynologyDrive\CT_14\102EK113\01200483.JPG,C:\Users\USUARIO\Desktop\BP Mayo 2026\SynologyDrive\CT_14\01200483.JPG,moved
CT_14,C:\Users\USUARIO\Desktop\BP Mayo 2026\SynologyDrive\CT_14\102EK113\01200484.JPG,C:\Users\USUARIO\Desktop\BP Mayo 2026\SynologyDrive\CT_14\01200484.JPG,moved
CT_14,C:\Users\USUARIO\Desktop\BP Mayo 2026\SynologyDrive\CT_14\102EK113\01200485.JPG,C:\Users\USUARIO\Desktop\BP Mayo 2026\SynologyDrive\CT_14\01200485.JPG,moved
CT_14,C:\Users\USUARIO\Desktop\BP Mayo 2026\SynologyDrive\CT_14\102EK113\01200486.JPG,C:\Users\USUARIO\Desktop\BP Mayo 2026\SynologyDrive\CT_14\01200486.JPG,moved
CT_14,C:\Users\USUARIO\Desktop\BP Mayo 2026\SynologyDrive\CT_14\102EK113\01200487.JPG,C:\Users\USUARIO\Desktop\BP Mayo 2026\SynologyDrive\CT_14\01200487.JPG,moved
CT_14,C:\Users\USUARIO\Desktop\BP Mayo 2026\SynologyDrive\CT_14\102EK113\01200488.JPG,C:\Users\USUARIO\Desktop\BP Mayo 2026\SynologyDrive\CT_14\01200488.JPG,moved
CT_14,C:\Users\USUARIO\Desktop\BP Mayo 2026\SynologyDrive\CT_14\102EK113\01200489.JPG,C:\Users\USUARIO\Desktop\BP Mayo 2026\SynologyDrive\CT_14\01200489.JPG,moved
CT_14,C:\Users\USUARIO\Desktop\BP Mayo 2026\SynologyDrive\CT_14\102EK113\01200490.JPG,C:\Users\USUARIO\Desktop\BP Mayo 2026\SynologyDrive\CT_14\01200490.JPG,moved
CT_14,C:\Users\USUARIO\Desktop\BP Mayo 2026\SynologyDrive\CT_14\102EK113\01200491.JPG,C:\Users\USUARIO\Desktop\BP Mayo 2026\SynologyDrive\CT_14\01200491.JPG,moved
CT_14,C:\Users\USUARIO\Desktop\BP Mayo 2026\SynologyDrive\CT_14\102EK113\01200492.JPG,C:\Users\USUARIO\Desktop\BP Mayo 2026\SynologyDrive\CT_14\01200492.JPG,moved
CT_14,C:\Users\USUARIO\Desktop\BP Mayo 2026\SynologyDrive\CT_14\102EK113\01200493.JPG,C:\Users\USUARIO\Desktop\BP Mayo 2026\SynologyDrive\CT_14\01200493.JPG,moved
CT_14,C:\Users\USUARIO\Desktop\BP Mayo 2026\SynologyDrive\CT_14\102EK113\01200494.JPG,C:\Users\USUARIO\Desktop\BP Mayo 2026\SynologyDrive\CT_14\01200494.JPG,moved
CT_14,C:\Users\USUARIO\Desktop\BP Mayo 2026\SynologyDrive\CT_14\102EK113\01200495.JPG,C:\Users\USUARIO\Desktop\BP Mayo 2026\SynologyDrive\CT_14\01200495.JPG,moved
CT_14,C:\Users\USUARIO\Desktop\BP Mayo 2026\SynologyDrive\CT_14\102EK113\01200496.JPG,C:\Users\USUARIO\Desktop\BP Mayo 2026\SynologyDrive\CT_14\01200496.JPG,moved
CT_14,C:\Users\USUARIO\Desktop\BP Mayo 2026\SynologyDrive\CT_14\102EK113\01200497.JPG,C:\Users\USUARIO\Desktop\BP Mayo 2026\SynologyDrive\CT_14\01200497.JPG,moved
CT_14,C:\Users\USUARIO\Desktop\BP Mayo 2026\SynologyDrive\CT_14\102EK113\01200498.JPG,C:\Users\USUARIO\Desktop\BP Mayo 2026\SynologyDrive\CT_14\01200498.JPG,moved
CT_14,C:\Users\USUARIO\Desktop\BP Mayo 2026\SynologyDrive\CT_14\102EK113\01200499.JPG,C:\Users\USUARIO\Desktop\BP Mayo 2026\SynologyDrive\CT_14\01200499.JPG,moved
CT_14,C:\Users\USUARIO\Desktop\BP Mayo 2026\SynologyDrive\CT_14\102EK113\01200500.JPG,C:\Users\USUARIO\Desktop\BP Mayo 2026\SynologyDrive\CT_14\01200500.JPG,moved
CT_14,C:\Users\USUARIO\Desktop\BP Mayo 2026\SynologyDrive\CT_14\102EK113\01200501.JPG,C:\Users\USUARIO\Desktop\BP Mayo 2026\SynologyDrive\CT_14\01200501.JPG,moved
CT_14,C:\Users\USUARIO\Desktop\BP Mayo 2026\SynologyDrive\CT_14\102EK113\01200502.JPG,C:\Users\USUARIO\Desktop\BP Mayo 2026\SynologyDrive\CT_14\01200502.JPG,moved
CT_14,C:\Users\USUARIO\Desktop\BP Mayo 2026\SynologyDrive\CT_14\102EK113\01200503.JPG,C:\Users\USUARIO\Desktop\BP Mayo 2026\SynologyDrive\CT_14\01200503.JPG,moved
CT_14,C:\Users\USUARIO\Desktop\BP Mayo 2026\SynologyDrive\CT_14\102EK113\01200504.JPG,C:\Users\USUARIO\Desktop\BP Mayo 2026\SynologyDrive\CT_14\01200504.JPG,moved
CT_14,C:\Users\USUARIO\Desktop\BP Mayo 2026\SynologyDrive\CT_14\102EK113\01200505.JPG,C:\Users\USUARIO\Desktop\BP Mayo 2026\SynologyDrive\CT_14\01200505.JPG,moved
CT_14,C:\Users\USUARIO\Desktop\BP Mayo 2026\SynologyDrive\CT_14\102EK113\01200506.JPG,C:\Users\USUARIO\Desktop\BP Mayo 2026\SynologyDrive\CT_14\01200506.JPG,moved
CT_14,C:\Users\USUARIO\Desktop\BP Mayo 2026\SynologyDrive\CT_14\102EK113\01200507.JPG,C:\Users\USUARIO\Desktop\BP Mayo 2026\SynologyDrive\CT_14\01200507.JPG,moved
CT_14,C:\Users\USUARIO\Desktop\BP Mayo 2026\SynologyDrive\CT_14\102EK113\01200508.JPG,C:\Users\USUARIO\Desktop\BP Mayo 2026\SynologyDrive\CT_14\01200508.JPG,moved
CT_14,C:\Users\USUARIO\Desktop\BP Mayo 2026\SynologyDrive\CT_14\102EK113\01200509.JPG,C:\Users\USUARIO\Desktop\BP Mayo 2026\SynologyDrive\CT_14\01200509.JPG,moved
CT_14,C:\Users\USUARIO\Desktop\BP Mayo 2026\SynologyDrive\CT_14\102EK113\01200510.JPG,C:\Users\USUARIO\Desktop\BP Mayo 2026\SynologyDrive\CT_14\01200510.JPG,moved
CT_14,C:\Users\USUARIO\Desktop\BP Mayo 2026\SynologyDrive\CT_14\102EK113\01200511.JPG,C:\Users\USUARIO\Desktop\BP Mayo 2026\SynologyDrive\CT_14\01200511.JPG,moved
CT_14,C:\Users\USUARIO\Desktop\BP Mayo 2026\SynologyDrive\CT_14\102EK113\01200512.JPG,C:\Users\USUARIO\Desktop\BP Mayo 2026\SynologyDrive\CT_14\01200512.JPG,moved
CT_14,C:\Users\USUARIO\Desktop\BP Mayo 2026\SynologyDrive\CT_14\102EK113\01200513.JPG,C:\Users\USUARIO\Desktop\BP Mayo 2026\SynologyDrive\CT_14\01200513.JPG,moved
CT_14,C:\Users\USUARIO\Desktop\BP Mayo 2026\SynologyDrive\CT_14\102EK113\01200514.JPG,C:\Users\USUARIO\Desktop\BP Mayo 2026\SynologyDrive\CT_14\01200514.JPG,moved
CT_14,C:\Users\USUARIO\Desktop\BP Mayo 2026\SynologyDrive\CT_14\102EK113\01200515.JPG,C:\Users\USUARIO\Desktop\BP Mayo 2026\SynologyDrive\CT_14\01200515.JPG,moved
CT_14,C:\Users\USUARIO\Desktop\BP Mayo 2026\SynologyDrive\CT_14\102EK113\01200516.JPG,C:\Users\USUARIO\Desktop\BP Mayo 2026\SynologyDrive\CT_14\01200516.JPG,moved
CT_14,C:\Users\USUARIO\Desktop\BP Mayo 2026\SynologyDrive\CT_14\102EK113\01200517.JPG,C:\Users\USUARIO\Desktop\BP Mayo 2026\SynologyDrive\CT_14\01200517.JPG,moved
CT_14,C:\Users\USUARIO\Desktop\BP Mayo 2026\SynologyDrive\CT_14\102EK113\01200518.JPG,C:\Users\USUARIO\Desktop\BP Mayo 2026\SynologyDrive\CT_14\01200518.JPG,moved
CT_14,C:\Users\USUARIO\Desktop\BP Mayo 2026\SynologyDrive\CT_14\102EK113\01200519.JPG,C:\Users\USUARIO\Desktop\BP Mayo 2026\SynologyDrive\CT_14\01200519.JPG,moved
CT_14,C:\Users\USUARIO\Desktop\BP Mayo 2026\SynologyDrive\CT_14\102EK113\01200520.JPG,C:\Users\USUARIO\Desktop\BP Mayo 2026\SynologyDrive\CT_14\01200520.JPG,moved
CT_14,C:\Users\USUARIO\Desktop\BP Mayo 2026\SynologyDrive\CT_14\102EK113\01200521.JPG,C:\Users\USUARIO\Desktop\BP Mayo 2026\SynologyDrive\CT_14\01200521.JPG,moved
CT_14,C:\Users\USUARIO\Desktop\BP Mayo 2026\SynologyDrive\CT_14\102EK113\01200522.JPG,C:\Users\USUARIO\Desktop\BP Mayo 2026\SynologyDrive\CT_14\01200522.JPG,moved
CT_14,C:\Users\USUARIO\Desktop\BP Mayo 2026\SynologyDrive\CT_14\102EK113\01200523.JPG,C:\Users\USUARIO\Desktop\BP Mayo 2026\SynologyDrive\CT_14\01200523.JPG,moved
CT_14,C:\Users\USUARIO\Desktop\BP Mayo 2026\SynologyDrive\CT_14\102EK113\01200524.JPG,C:\Users\USUARIO\Desktop\BP Mayo 2026\SynologyDrive\CT_14\01200524.JPG,moved
CT_14,C:\Users\USUARIO\Desktop\BP Mayo 2026\SynologyDrive\CT_14\102EK113\01200525.JPG,C:\Users\USUARIO\Desktop\BP Mayo 2026\SynologyDrive\CT_14\01200525.JPG,moved
CT_14,C:\Users\USUARIO\Desktop\BP Mayo 2026\SynologyDrive\CT_14\102EK113\01200526.JPG,C:\Users\USUARIO\Desktop\BP Mayo 2026\SynologyDrive\CT_14\01200526.JPG,moved
CT_14,C:\Users\USUARIO\Desktop\BP Mayo 2026\SynologyDrive\CT_14\102EK113\01200527.JPG,C:\Users\USUARIO\Desktop\BP Mayo 2026\SynologyDrive\CT_14\01200527.JPG,moved
CT_14,C:\Users\USUARIO\Desktop\BP Mayo 2026\SynologyDrive\CT_14\102EK113\01200528.JPG,C:\Users\USUARIO\Desktop\BP Mayo 2026\SynologyDrive\CT_14\01200528.JPG,moved
CT_14,C:\Users\USUARIO\Desktop\BP Mayo 2026\SynologyDrive\CT_14\102EK113\01200529.JPG,C:\Users\USUARIO\Desktop\BP Mayo 2026\SynologyDrive\CT_14\01200529.JPG,moved
CT_14,C:\Users\USUARIO\Desktop\BP Mayo 2026\SynologyDrive\CT_14\102EK113\01200530.JPG,C:\Users\USUARIO\Desktop\BP Mayo 2026\SynologyDrive\CT_14\01200530.JPG,moved
CT_14,C:\Users\USUARIO\Desktop\BP Mayo 2026\SynologyDrive\CT_14\102EK113\01200531.JPG,C:\Users\USUARIO\Desktop\BP Mayo 2026\SynologyDrive\CT_14\01200531.JPG,moved
CT_14,C:\Users\USUARIO\Desktop\BP Mayo 2026\SynologyDrive\CT_14\102EK113\01200532.JPG,C:\Users\USUARIO\Desktop\BP Mayo 2026\SynologyDrive\CT_14\01200532.JPG,moved
CT_14,C:\Users\USUARIO\Desktop\BP Mayo 2026\SynologyDrive\CT_14\102EK113\01200533.JPG,C:\Users\USUARIO\Desktop\BP Mayo 2026\SynologyDrive\CT_14\01200533.JPG,moved
CT_14,C:\Users\USUARIO\Desktop\BP Mayo 2026\SynologyDrive\CT_14\102EK113\01200534.JPG,C:\Users\USUARIO\Desktop\BP Mayo 2026\SynologyDrive\CT_14\01200534.JPG,moved
CT_14,C:\Users\USUARIO\Desktop\BP Mayo 2026\SynologyDrive\CT_14\102EK113\01200535.JPG,C:\Users\USUARIO\Desktop\BP Mayo 2026\SynologyDrive\CT_14\01200535.JPG,moved
CT_14,C:\Users\USUARIO\Desktop\BP Mayo 2026\SynologyDrive\CT_14\102EK113\01200536.JPG,C:\Users\USUARIO\Desktop\BP Mayo 2026\SynologyDrive\CT_14\01200536.JPG,moved
CT_14,C:\Users\USUARIO\Desktop\BP Mayo 2026\SynologyDrive\CT_14\102EK113\01200537.JPG,C:\Users\USUARIO\Desktop\BP Mayo 2026\SynologyDrive\CT_14\01200537.JPG,moved
CT_14,C:\Users\USUARIO\Desktop\BP Mayo 2026\SynologyDrive\CT_14\102EK113\01200538.JPG,C:\Users\USUARIO\Desktop\BP Mayo 2026\SynologyDrive\CT_14\01200538.JPG,moved
CT_14,C:\Users\USUARIO\Desktop\BP Mayo 2026\SynologyDrive\CT_14\102EK113\01200539.JPG,C:\Users\USUARIO\Desktop\BP Mayo 2026\SynologyDrive\CT_14\01200539.JPG,moved
CT_14,C:\Users\USUARIO\Desktop\BP Mayo 2026\SynologyDrive\CT_14\102EK113\01200540.JPG,C:\Users\USUARIO\Desktop\BP Mayo 2026\SynologyDrive\CT_14\01200540.JPG,moved
CT_14,C:\Users\USUARIO\Desktop\BP Mayo 2026\SynologyDrive\CT_14\102EK113\01200541.JPG,C:\Users\USUARIO\Desktop\BP Mayo 2026\SynologyDrive\CT_14\01200541.JPG,moved
CT_14,C:\Users\USUARIO\Desktop\BP Mayo 2026\SynologyDrive\CT_14\102EK113\01200542.JPG,C:\Users\USUARIO\Desktop\BP Mayo 2026\SynologyDrive\CT_14\01200542.JPG,moved
CT_14,C:\Users\USUARIO\Desktop\BP Mayo 2026\SynologyDrive\CT_14\102EK113\01200543.JPG,C:\Users\USUARIO\Desktop\BP Mayo 2026\SynologyDrive\CT_14\01200543.JPG,moved
CT_14,C:\Users\USUARIO\Desktop\BP Mayo 2026\SynologyDrive\CT_14\102EK113\01200544.JPG,C:\Users\USUARIO\Desktop\BP Mayo 2026\SynologyDrive\CT_14\01200544.JPG,moved
CT_14,C:\Users\USUARIO\Desktop\BP Mayo 2026\SynologyDrive\CT_14\102EK113\01200545.JPG,C:\Users\USUARIO\Desktop\BP Mayo 2026\SynologyDrive\CT_14\01200545.JPG,moved
CT_14,C:\Users\USUARIO\Desktop\BP Mayo 2026\SynologyDrive\CT_14\102EK113\01200546.JPG,C:\Users\USUARIO\Desktop\BP Mayo 2026\SynologyDrive\CT_14\01200546.JPG,moved
CT_14,C:\Users\USUARIO\Desktop\BP Mayo 2026\SynologyDrive\CT_14\102EK113\01200547.JPG,C:\Users\USUARIO\Desktop\BP Mayo 2026\SynologyDrive\CT_14\01200547.JPG,moved
CT_14,C:\Users\USUARIO\Desktop\BP Mayo 2026\SynologyDrive\CT_14\102EK113\01200548.JPG,C:\Users\USUARIO\Desktop\BP Mayo 2026\SynologyDrive\CT_14\01200548.JPG,moved
CT_14,C:\Users\USUARIO\Desktop\BP Mayo 2026\SynologyDrive\CT_14\102EK113\01200549.JPG,C:\Users\USUARIO\Desktop\BP Mayo 2026\SynologyDrive\CT_14\01200549.JPG,moved
CT_14,C:\Users\USUARIO\Desktop\BP Mayo 2026\SynologyDrive\CT_14\102EK113\01200550.JPG,C:\Users\USUARIO\Desktop\BP Mayo 2026\SynologyDrive\CT_14\01200550.JPG,moved
CT_14,C:\Users\USUARIO\Desktop\BP Mayo 2026\SynologyDrive\CT_14\102EK113\01200551.JPG,C:\Users\USUARIO\Desktop\BP Mayo 2026\SynologyDrive\CT_14\01200551.JPG,moved
CT_14,C:\Users\USUARIO\Desktop\BP Mayo 2026\SynologyDrive\CT_14\102EK113\01200552.JPG,C:\Users\USUARIO\Desktop\BP Mayo 2026\SynologyDrive\CT_14\01200552.JPG,moved
CT_14,C:\Users\USUARIO\Desktop\BP Mayo 2026\SynologyDrive\CT_14\102EK113\01200553.JPG,C:\Users\USUARIO\Desktop\BP Mayo 2026\SynologyDrive\CT_14\01200553.JPG,moved
CT_14,C:\Users\USUARIO\Desktop\BP Mayo 2026\SynologyDrive\CT_14\102EK113\01200554.JPG,C:\Users\USUARIO\Desktop\BP Mayo 2026\SynologyDrive\CT_14\01200554.JPG,moved
CT_14,C:\Users\USUARIO\Desktop\BP Mayo 2026\SynologyDrive\CT_14\102EK113\01200555.JPG,C:\Users\USUARIO\Desktop\BP Mayo 2026\SynologyDrive\CT_14\01200555.JPG,moved
CT_14,C:\Users\USUARIO\Desktop\BP Mayo 2026\SynologyDrive\CT_14\102EK113\01200556.JPG,C:\Users\USUARIO\Desktop\BP Mayo 2026\SynologyDrive\CT_14\01200556.JPG,moved
CT_14,C:\Users\USUARIO\Desktop\BP Mayo 2026\SynologyDrive\CT_14\102EK113\01200557.JPG,C:\Users\USUARIO\Desktop\BP Mayo 2026\SynologyDrive\CT_14\01200557.JPG,moved
CT_14,C:\Users\USUARIO\Desktop\BP Mayo 2026\SynologyDrive\CT_14\102EK113\01200558.JPG,C:\Users\USUARIO\Desktop\BP Mayo 2026\SynologyDrive\CT_14\01200558.JPG,moved
CT_14,C:\Users\USUARIO\Desktop\BP Mayo 2026\SynologyDrive\CT_14\102EK113\01200559.JPG,C:\Users\USUARIO\Desktop\BP Mayo 2026\SynologyDrive\CT_14\01200559.JPG,moved
CT_14,C:\Users\USUARIO\Desktop\BP Mayo 2026\SynologyDrive\CT_14\102EK113\01200560.JPG,C:\Users\USUARIO\Desktop\BP Mayo 2026\SynologyDrive\CT_14\01200560.JPG,moved
CT_14,C:\Users\USUARIO\Desktop\BP Mayo 2026\SynologyDrive\CT_14\102EK113\01200561.JPG,C:\Users\USUARIO\Desktop\BP Mayo 2026\SynologyDrive\CT_14\01200561.JPG,moved
CT_14,C:\Users\USUARIO\Desktop\BP Mayo 2026\SynologyDrive\CT_14\102EK113\01200562.JPG,C:\Users\USUARIO\Desktop\BP Mayo 2026\SynologyDrive\CT_14\01200562.JPG,moved
CT_14,C:\Users\USUARIO\Desktop\BP Mayo 2026\SynologyDrive\CT_14\102EK113\01200563.JPG,C:\Users\USUARIO\Desktop\BP Mayo 2026\SynologyDrive\CT_14\01200563.JPG,moved
CT_14,C:\Users\USUARIO\Desktop\BP Mayo 2026\SynologyDrive\CT_14\102EK113\01200564.JPG,C:\Users\USUARIO\Desktop\BP Mayo 2026\SynologyDrive\CT_14\01200564.JPG,moved
CT_14,C:\Users\USUARIO\Desktop\BP Mayo 2026\SynologyDrive\CT_14\102EK113\01200565.JPG,C:\Users\USUARIO\Desktop\BP Mayo 2026\SynologyDrive\CT_14\01200565.JPG,moved
CT_14,C:\Users\USUARIO\Desktop\BP Mayo 2026\SynologyDrive\CT_14\102EK113\01200566.JPG,C:\Users\USUARIO\Desktop\BP Mayo 2026\SynologyDrive\CT_14\01200566.JPG,moved
CT_14,C:\Users\USUARIO\Desktop\BP Mayo 2026\SynologyDrive\CT_14\102EK113\01200567.JPG,C:\Users\USUARIO\Desktop\BP Mayo 2026\SynologyDrive\CT_14\01200567.JPG,moved
CT_14,C:\Users\USUARIO\Desktop\BP Mayo 2026\SynologyDrive\CT_14\102EK113\01200568.JPG,C:\Users\USUARIO\Desktop\BP Mayo 2026\SynologyDrive\CT_14\01200568.JPG,moved
CT_14,C:\Users\USUARIO\Desktop\BP Mayo 2026\SynologyDrive\CT_14\102EK113\01200569.JPG,C:\Users\USUARIO\Desktop\BP Mayo 2026\SynologyDrive\CT_14\01200569.JPG,moved
CT_14,C:\Users\USUARIO\Desktop\BP Mayo 2026\SynologyDrive\CT_14\102EK113\01200570.JPG,C:\Users\USUARIO\Desktop\BP Mayo 2026\SynologyDrive\CT_14\01200570.JPG,moved
CT_14,C:\Users\USUARIO\Desktop\BP Mayo 2026\SynologyDrive\CT_14\102EK113\01200571.JPG,C:\Users\USUARIO\Desktop\BP Mayo 2026\SynologyDrive\CT_14\01200571.JPG,moved
CT_14,C:\Users\USUARIO\Desktop\BP Mayo 2026\SynologyDrive\CT_14\102EK113\01200572.JPG,C:\Users\USUARIO\Desktop\BP Mayo 2026\SynologyDrive\CT_14\01200572.JPG,moved
CT_14,C:\Users\USUARIO\Desktop\BP Mayo 2026\SynologyDrive\CT_14\102EK113\01200573.JPG,C:\Users\USUARIO\Desktop\BP Mayo 2026\SynologyDrive\CT_14\01200573.JPG,moved
CT_14,C:\Users\USUARIO\Desktop\BP Mayo 2026\SynologyDrive\CT_14\102EK113\01200574.JPG,C:\Users\USUARIO\Desktop\BP Mayo 2026\SynologyDrive\CT_14\01200574.JPG,moved
CT_14,C:\Users\USUARIO\Desktop\BP Mayo 2026\SynologyDrive\CT_14\102EK113\01200575.JPG,C:\Users\USUARIO\Desktop\BP Mayo 2026\SynologyDrive\CT_14\01200575.JPG,moved
CT_14,C:\Users\USUARIO\Desktop\BP Mayo 2026\SynologyDrive\CT_14\102EK113\01200576.JPG,C:\Users\USUARIO\Desktop\BP Mayo 2026\SynologyDrive\CT_14\01200576.JPG,moved
CT_14,C:\Users\USUARIO\Desktop\BP Mayo 2026\SynologyDrive\CT_14\102EK113\01200577.JPG,C:\Users\USUARIO\Desktop\BP Mayo 2026\SynologyDrive\CT_14\01200577.JPG,moved
CT_14,C:\Users\USUARIO\Desktop\BP Mayo 2026\SynologyDrive\CT_14\102EK113\01200578.JPG,C:\Users\USUARIO\Desktop\BP Mayo 2026\SynologyDrive\CT_14\01200578.JPG,moved
CT_14,C:\Users\USUARIO\Desktop\BP Mayo 2026\SynologyDrive\CT_14\102EK113\01200579.JPG,C:\Users\USUARIO\Desktop\BP Mayo 2026\SynologyDrive\CT_14\01200579.JPG,moved
CT_14,C:\Users\USUARIO\Desktop\BP Mayo 2026\SynologyDrive\CT_14\102EK113\01200580.JPG,C:\Users\USUARIO\Desktop\BP Mayo 2026\SynologyDrive\CT_14\01200580.JPG,moved
CT_14,C:\Users\USUARIO\Desktop\BP Mayo 2026\SynologyDrive\CT_14\102EK113\01200581.JPG,C:\Users\USUARIO\Desktop\BP Mayo 2026\SynologyDrive\CT_14\01200581.JPG,moved
CT_14,C:\Users\USUARIO\Desktop\BP Mayo 2026\SynologyDrive\CT_14\102EK113\01200582.JPG,C:\Users\USUARIO\Desktop\BP Mayo 2026\SynologyDrive\CT_14\01200582.JPG,moved
CT_14,C:\Users\USUARIO\Desktop\BP Mayo 2026\SynologyDrive\CT_14\102EK113\01200583.JPG,C:\Users\USUARIO\Desktop\BP Mayo 2026\SynologyDrive\CT_14\01200583.JPG,moved
CT_14,C:\Users\USUARIO\Desktop\BP Mayo 2026\SynologyDrive\CT_14\102EK113\01200584.JPG,C:\Users\USUARIO\Desktop\BP Mayo 2026\SynologyDrive\CT_14\01200584.JPG,moved
CT_14,C:\Users\USUARIO\Desktop\BP Mayo 2026\SynologyDrive\CT_14\102EK113\01200585.JPG,C:\Users\USUARIO\Desktop\BP Mayo 2026\SynologyDrive\CT_14\01200585.JPG,moved
CT_14,C:\Users\USUARIO\Desktop\BP Mayo 2026\SynologyDrive\CT_14\102EK113\01200586.JPG,C:\Users\USUARIO\Desktop\BP Mayo 2026\SynologyDrive\CT_14\01200586.JPG,moved
CT_14,C:\Users\USUARIO\Desktop\BP Mayo 2026\SynologyDrive\CT_14\102EK113\01200587.JPG,C:\Users\USUARIO\Desktop\BP Mayo 2026\SynologyDrive\CT_14\01200587.JPG,moved
CT_14,C:\Users\USUARIO\Desktop\BP Mayo 2026\SynologyDrive\CT_14\102EK113\01200588.JPG,C:\Users\USUARIO\Desktop\BP Mayo 2026\SynologyDrive\CT_14\01200588.JPG,moved
CT_14,C:\Users\USUARIO\Desktop\BP Mayo 2026\SynologyDrive\CT_14\102EK113\01200589.JPG,C:\Users\USUARIO\Desktop\BP Mayo 2026\SynologyDrive\CT_14\01200589.JPG,moved
CT_14,C:\Users\USUARIO\Desktop\BP Mayo 2026\SynologyDrive\CT_14\102EK113\01200590.JPG,C:\Users\USUARIO\Desktop\BP Mayo 2026\SynologyDrive\CT_14\01200590.JPG,moved
CT_14,C:\Users\USUARIO\Desktop\BP Mayo 2026\SynologyDrive\CT_14\102EK113\01200591.JPG,C:\Users\USUARIO\Desktop\BP Mayo 2026\SynologyDrive\CT_14\01200591.JPG,moved
CT_14,C:\Users\USUARIO\Desktop\BP Mayo 2026\SynologyDrive\CT_14\102EK113\01200592.JPG,C:\Users\USUARIO\Desktop\BP Mayo 2026\SynologyDrive\CT_14\01200592.JPG,moved
CT_14,C:\Users\USUARIO\Desktop\BP Mayo 2026\SynologyDrive\CT_14\102EK113\01200593.JPG,C:\Users\USUARIO\Desktop\BP Mayo 2026\SynologyDrive\CT_14\01200593.JPG,moved
CT_14,C:\Users\USUARIO\Desktop\BP Mayo 2026\SynologyDrive\CT_14\102EK113\01200594.JPG,C:\Users\USUARIO\Desktop\BP Mayo 2026\SynologyDrive\CT_14\01200594.JPG,moved
CT_14,C:\Users\USUARIO\Desktop\BP Mayo 2026\SynologyDrive\CT_14\102EK113\01200595.JPG,C:\Users\USUARIO\Desktop\BP Mayo 2026\SynologyDrive\CT_14\01200595.JPG,moved
CT_14,C:\Users\USUARIO\Desktop\BP Mayo 2026\SynologyDrive\CT_14\102EK113\01200596.JPG,C:\Users\USUARIO\Desktop\BP Mayo 2026\SynologyDrive\CT_14\01200596.JPG,moved
CT_14,C:\Users\USUARIO\Desktop\BP Mayo 2026\SynologyDrive\CT_14\102EK113\01200597.JPG,C:\Users\USUARIO\Desktop\BP Mayo 2026\SynologyDrive\CT_14\01200597.JPG,moved
CT_14,C:\Users\USUARIO\Desktop\BP Mayo 2026\SynologyDrive\CT_14\102EK113\01200598.JPG,C:\Users\USUARIO\Desktop\BP Mayo 2026\SynologyDrive\CT_14\01200598.JPG,moved
CT_14,C:\Users\USUARIO\Desktop\BP Mayo 2026\SynologyDrive\CT_14\102EK113\01200599.JPG,C:\Users\USUARIO\Desktop\BP Mayo 2026\SynologyDrive\CT_14\01200599.JPG,moved
CT_14,C:\Users\USUARIO\Desktop\BP Mayo 2026\SynologyDrive\CT_14\102EK113\01200600.JPG,C:\Users\USUARIO\Desktop\BP Mayo 2026\SynologyDrive\CT_14\01200600.JPG,moved
CT_14,C:\Users\USUARIO\Desktop\BP Mayo 2026\SynologyDrive\CT_14\102EK113\01200601.JPG,C:\Users\USUARIO\Desktop\BP Mayo 2026\SynologyDrive\CT_14\01200601.JPG,moved
CT_14,C:\Users\USUARIO\Desktop\BP Mayo 2026\SynologyDrive\CT_14\102EK113\01200602.JPG,C:\Users\USUARIO\Desktop\BP Mayo 2026\SynologyDrive\CT_14\01200602.JPG,moved
CT_14,C:\Users\USUARIO\Desktop\BP Mayo 2026\SynologyDrive\CT_14\102EK113\01200603.JPG,C:\Users\USUARIO\Desktop\BP Mayo 2026\SynologyDrive\CT_14\01200603.JPG,moved
CT_14,C:\Users\USUARIO\Desktop\BP Mayo 2026\SynologyDrive\CT_14\102EK113\01200604.JPG,C:\Users\USUARIO\Desktop\BP Mayo 2026\SynologyDrive\CT_14\01200604.JPG,moved
CT_14,C:\Users\USUARIO\Desktop\BP Mayo 2026\SynologyDrive\CT_14\102EK113\01200605.JPG,C:\Users\USUARIO\Desktop\BP Mayo 2026\SynologyDrive\CT_14\01200605.JPG,moved
CT_14,C:\Users\USUARIO\Desktop\BP Mayo 2026\SynologyDrive\CT_14\102EK113\01200606.JPG,C:\Users\USUARIO\Desktop\BP Mayo 2026\SynologyDrive\CT_14\01200606.JPG,moved
CT_14,C:\Users\USUARIO\Desktop\BP Mayo 2026\SynologyDrive\CT_14\102EK113\01200607.JPG,C:\Users\USUARIO\Desktop\BP Mayo 2026\SynologyDrive\CT_14\01200607.JPG,moved
CT_14,C:\Users\USUARIO\Desktop\BP Mayo 2026\SynologyDrive\CT_14\102EK113\01200608.JPG,C:\Users\USUARIO\Desktop\BP Mayo 2026\SynologyDrive\CT_14\01200608.JPG,moved
CT_14,C:\Users\USUARIO\Desktop\BP Mayo 2026\SynologyDrive\CT_14\102EK113\01200609.JPG,C:\Users\USUARIO\Desktop\BP Mayo 2026\SynologyDrive\CT_14\01200609.JPG,moved
CT_14,C:\Users\USUARIO\Desktop\BP Mayo 2026\SynologyDrive\CT_14\102EK113\01200610.JPG,C:\Users\USUARIO\Desktop\BP Mayo 2026\SynologyDrive\CT_14\01200610.JPG,moved
CT_14,C:\Users\USUARIO\Desktop\BP Mayo 2026\SynologyDrive\CT_14\102EK113\01200611.JPG,C:\Users\USUARIO\Desktop\BP Mayo 2026\SynologyDrive\CT_14\01200611.JPG,moved
CT_14,C:\Users\USUARIO\Desktop\BP Mayo 2026\SynologyDrive\CT_14\102EK113\01200612.JPG,C:\Users\USUARIO\Desktop\BP Mayo 2026\SynologyDrive\CT_14\01200612.JPG,moved
CT_14,C:\Users\USUARIO\Desktop\BP Mayo 2026\SynologyDrive\CT_14\102EK113\01200613.JPG,C:\Users\USUARIO\Desktop\BP Mayo 2026\SynologyDrive\CT_14\01200613.JPG,moved
CT_14,C:\Users\USUARIO\Desktop\BP Mayo 2026\SynologyDrive\CT_14\102EK113\01200614.JPG,C:\Users\USUARIO\Desktop\BP Mayo 2026\SynologyDrive\CT_14\01200614.JPG,moved
CT_14,C:\Users\USUARIO\Desktop\BP Mayo 2026\SynologyDrive\CT_14\102EK113\01200615.JPG,C:\Users\USUARIO\Desktop\BP Mayo 2026\SynologyDrive\CT_14\01200615.JPG,moved
CT_14,C:\Users\USUARIO\Desktop\BP Mayo 2026\SynologyDrive\CT_14\102EK113\01200616.JPG,C:\Users\USUARIO\Desktop\BP Mayo 2026\SynologyDrive\CT_14\01200616.JPG,moved
CT_14,C:\Users\USUARIO\Desktop\BP Mayo 2026\SynologyDrive\CT_14\102EK113\01200617.JPG,C:\Users\USUARIO\Desktop\BP Mayo 2026\SynologyDrive\CT_14\01200617.JPG,moved
CT_14,C:\Users\USUARIO\Desktop\BP Mayo 2026\SynologyDrive\CT_14\102EK113\01200618.JPG,C:\Users\USUARIO\Desktop\BP Mayo 2026\SynologyDrive\CT_14\01200618.JPG,moved
CT_14,C:\Users\USUARIO\Desktop\BP Mayo 2026\SynologyDrive\CT_14\102EK113\01200619.JPG,C:\Users\USUARIO\Desktop\BP Mayo 2026\SynologyDrive\CT_14\01200619.JPG,moved
CT_14,C:\Users\USUARIO\Desktop\BP Mayo 2026\SynologyDrive\CT_14\102EK113\01200620.JPG,C:\Users\USUARIO\Desktop\BP Mayo 2026\SynologyDrive\CT_14\01200620.JPG,moved
CT_14,C:\Users\USUARIO\Desktop\BP Mayo 2026\SynologyDrive\CT_14\102EK113\01200621.JPG,C:\Users\USUARIO\Desktop\BP Mayo 2026\SynologyDrive\CT_14\01200621.JPG,moved
CT_14,C:\Users\USUARIO\Desktop\BP Mayo 2026\SynologyDrive\CT_14\102EK113\01200622.JPG,C:\Users\USUARIO\Desktop\BP Mayo 2026\SynologyDrive\CT_14\01200622.JPG,moved
CT_14,C:\Users\USUARIO\Desktop\BP Mayo 2026\SynologyDrive\CT_14\102EK113\01200623.JPG,C:\Users\USUARIO\Desktop\BP Mayo 2026\SynologyDrive\CT_14\01200623.JPG,moved
CT_14,C:\Users\USUARIO\Desktop\BP Mayo 2026\SynologyDrive\CT_14\102EK113\01200624.JPG,C:\Users\USUARIO\Desktop\BP Mayo 2026\SynologyDrive\CT_14\01200624.JPG,moved
CT_14,C:\Users\USUARIO\Desktop\BP Mayo 2026\SynologyDrive\CT_14\102EK113\01200625.JPG,C:\Users\USUARIO\Desktop\BP Mayo 2026\SynologyDrive\CT_14\01200625.JPG,moved
CT_14,C:\Users\USUARIO\Desktop\BP Mayo 2026\SynologyDrive\CT_14\102EK113\01200626.JPG,C:\Users\USUARIO\Desktop\BP Mayo 2026\SynologyDrive\CT_14\01200626.JPG,moved
CT_14,C:\Users\USUARIO\Desktop\BP Mayo 2026\SynologyDrive\CT_14\102EK113\01200627.JPG,C:\Users\USUARIO\Desktop\BP Mayo 2026\SynologyDrive\CT_14\01200627.JPG,moved
CT_14,C:\Users\USUARIO\Desktop\BP Mayo 2026\SynologyDrive\CT_14\102EK113\01200628.JPG,C:\Users\USUARIO\Desktop\BP Mayo 2026\SynologyDrive\CT_14\01200628.JPG,moved
CT_14,C:\Users\USUARIO\Desktop\BP Mayo 2026\SynologyDrive\CT_14\102EK113\01200629.JPG,C:\Users\USUARIO\Desktop\BP Mayo 2026\SynologyDrive\CT_14\01200629.JPG,moved
CT_14,C:\Users\USUARIO\Desktop\BP Mayo 2026\SynologyDrive\CT_14\102EK113\01200630.JPG,C:\Users\USUARIO\Desktop\BP Mayo 2026\SynologyDrive\CT_14\01200630.JPG,moved
CT_14,C:\Users\USUARIO\Desktop\BP Mayo 2026\SynologyDrive\CT_14\102EK113\02190631.JPG,C:\Users\USUARIO\Desktop\BP Mayo 2026\SynologyDrive\CT_14\02190631.JPG,moved
CT_14,C:\Users\USUARIO\Desktop\BP Mayo 2026\SynologyDrive\CT_14\102EK113\02190632.JPG,C:\Users\USUARIO\Desktop\BP Mayo 2026\SynologyDrive\CT_14\02190632.JPG,moved
CT_14,C:\Users\USUARIO\Desktop\BP Mayo 2026\SynologyDrive\CT_14\102EK113\02190633.JPG,C:\Users\USUARIO\Desktop\BP Mayo 2026\SynologyDrive\CT_14\02190633.JPG,moved
CT_14,C:\Users\USUARIO\Desktop\BP Mayo 2026\SynologyDrive\CT_14\102EK113\02190634.JPG,C:\Users\USUARIO\Desktop\BP Mayo 2026\SynologyDrive\CT_14\02190634.JPG,moved
CT_20,C:\Users\USUARIO\Desktop\BP Mayo 2026\SynologyDrive\CT_20\100EK113\01030689.JPG,C:\Users\USUARIO\Desktop\BP Mayo 2026\SynologyDrive\CT_20\01030689.JPG,moved
CT_20,C:\Users\USUARIO\Desktop\BP Mayo 2026\SynologyDrive\CT_20\100EK113\01030690.JPG,C:\Users\USUARIO\Desktop\BP Mayo 2026\SynologyDrive\CT_20\01030690.JPG,moved
CT_20,C:\Users\USUARIO\Desktop\BP Mayo 2026\SynologyDrive\CT_20\100EK113\01030691.JPG,C:\Users\USUARIO\Desktop\BP Mayo 2026\SynologyDrive\CT_20\01030691.JPG,moved
CT_20,C:\Users\USUARIO\Desktop\BP Mayo 2026\SynologyDrive\CT_20\100EK113\01030692.MOV,C:\Users\USUARIO\Desktop\BP Mayo 2026\SynologyDrive\CT_20\01030692.MOV,moved
CT_20,C:\Users\USUARIO\Desktop\BP Mayo 2026\SynologyDrive\CT_20\100EK113\01040693.JPG,C:\Users\USUARIO\Desktop\BP Mayo 2026\SynologyDrive\CT_20\01040693.JPG,moved
CT_20,C:\Users\USUARIO\Desktop\BP Mayo 2026\SynologyDrive\CT_20\100EK113\01040694.JPG,C:\Users\USUARIO\Desktop\BP Mayo 2026\SynologyDrive\CT_20\01040694.JPG,moved
CT_20,C:\Users\USUARIO\Desktop\BP Mayo 2026\SynologyDrive\CT_20\100EK113\01040695.JPG,C:\Users\USUARIO\Desktop\BP Mayo 2026\SynologyDrive\CT_20\01040695.JPG,moved
CT_20,C:\Users\USUARIO\Desktop\BP Mayo 2026\SynologyDrive\CT_20\100EK113\01040696.MOV,C:\Users\USUARIO\Desktop\BP Mayo 2026\SynologyDrive\CT_20\01040696.MOV,moved
CT_20,C:\Users\USUARIO\Desktop\BP Mayo 2026\SynologyDrive\CT_20\100EK113\01040697.JPG,C:\Users\USUARIO\Desktop\BP Mayo 2026\SynologyDrive\CT_20\01040697.JPG,moved
CT_20,C:\Users\USUARIO\Desktop\BP Mayo 2026\SynologyDrive\CT_20\100EK113\01040698.JPG,C:\Users\USUARIO\Desktop\BP Mayo 2026\SynologyDrive\CT_20\01040698.JPG,moved
CT_20,C:\Users\USUARIO\Desktop\BP Mayo 2026\SynologyDrive\CT_20\100EK113\01040699.JPG,C:\Users\USUARIO\Desktop\BP Mayo 2026\SynologyDrive\CT_20\01040699.JPG,moved
CT_20,C:\Users\USUARIO\Desktop\BP Mayo 2026\SynologyDrive\CT_20\100EK113\01040700.MOV,C:\Users\USUARIO\Desktop\BP Mayo 2026\SynologyDrive\CT_20\01040700.MOV,moved
CT_20,C:\Users\USUARIO\Desktop\BP Mayo 2026\SynologyDrive\CT_20\100EK113\01040701.JPG,C:\Users\USUARIO\Desktop\BP Mayo 2026\SynologyDrive\CT_20\01040701.JPG,moved
CT_20,C:\Users\USUARIO\Desktop\BP Mayo 2026\SynologyDrive\CT_20\100EK113\01040702.JPG,C:\Users\USUARIO\Desktop\BP Mayo 2026\SynologyDrive\CT_20\01040702.JPG,moved
CT_20,C:\Users\USUARIO\Desktop\BP Mayo 2026\SynologyDrive\CT_20\100EK113\01040703.JPG,C:\Users\USUARIO\Desktop\BP Mayo 2026\SynologyDrive\CT_20\01040703.JPG,moved
CT_20,C:\Users\USUARIO\Desktop\BP Mayo 2026\SynologyDrive\CT_20\100EK113\01040704.MOV,C:\Users\USUARIO\Desktop\BP Mayo 2026\SynologyDrive\CT_20\01040704.MOV,moved
CT_20,C:\Users\USUARIO\Desktop\BP Mayo 2026\SynologyDrive\CT_20\100EK113\01050705.JPG,C:\Users\USUARIO\Desktop\BP Mayo 2026\SynologyDrive\CT_20\01050705.JPG,moved
CT_20,C:\Users\USUARIO\Desktop\BP Mayo 2026\SynologyDrive\CT_20\100EK113\01050706.JPG,C:\Users\USUARIO\Desktop\BP Mayo 2026\SynologyDrive\CT_20\01050706.JPG,moved
CT_20,C:\Users\USUARIO\Desktop\BP Mayo 2026\SynologyDrive\CT_20\100EK113\01050707.JPG,C:\Users\USUARIO\Desktop\BP Mayo 2026\SynologyDrive\CT_20\01050707.JPG,moved
CT_20,C:\Users\USUARIO\Desktop\BP Mayo 2026\SynologyDrive\CT_20\100EK113\01050708.MOV,C:\Users\USUARIO\Desktop\BP Mayo 2026\SynologyDrive\CT_20\01050708.MOV,moved
CT_20,C:\Users\USUARIO\Desktop\BP Mayo 2026\SynologyDrive\CT_20\100EK113\01050709.JPG,C:\Users\USUARIO\Desktop\BP Mayo 2026\SynologyDrive\CT_20\01050709.JPG,moved
CT_20,C:\Users\USUARIO\Desktop\BP Mayo 2026\SynologyDrive\CT_20\100EK113\01050710.JPG,C:\Users\USUARIO\Desktop\BP Mayo 2026\SynologyDrive\CT_20\01050710.JPG,moved
CT_20,C:\Users\USUARIO\Desktop\BP Mayo 2026\SynologyDrive\CT_20\100EK113\01050711.JPG,C:\Users\USUARIO\Desktop\BP Mayo 2026\SynologyDrive\CT_20\01050711.JPG,moved
CT_20,C:\Users\USUARIO\Desktop\BP Mayo 2026\SynologyDrive\CT_20\100EK113\01050712.MOV,C:\Users\USUARIO\Desktop\BP Mayo 2026\SynologyDrive\CT_20\01050712.MOV,moved
CT_20,C:\Users\USUARIO\Desktop\BP Mayo 2026\SynologyDrive\CT_20\100EK113\01050713.JPG,C:\Users\USUARIO\Desktop\BP Mayo 2026\SynologyDrive\CT_20\01050713.JPG,moved
CT_20,C:\Users\USUARIO\Desktop\BP Mayo 2026\SynologyDrive\CT_20\100EK113\01050714.JPG,C:\Users\USUARIO\Desktop\BP Mayo 2026\SynologyDrive\CT_20\01050714.JPG,moved
CT_20,C:\Users\USUARIO\Desktop\BP Mayo 2026\SynologyDrive\CT_20\100EK113\01050715.JPG,C:\Users\USUARIO\Desktop\BP Mayo 2026\SynologyDrive\CT_20\01050715.JPG,moved
CT_20,C:\Users\USUARIO\Desktop\BP Mayo 2026\SynologyDrive\CT_20\100EK113\01050716.MOV,C:\Users\USUARIO\Desktop\BP Mayo 2026\SynologyDrive\CT_20\01050716.MOV,moved
CT_20,C:\Users\USUARIO\Desktop\BP Mayo 2026\SynologyDrive\CT_20\100EK113\01050717.JPG,C:\Users\USUARIO\Desktop\BP Mayo 2026\SynologyDrive\CT_20\01050717.JPG,moved
CT_20,C:\Users\USUARIO\Desktop\BP Mayo 2026\SynologyDrive\CT_20\100EK113\01050718.JPG,C:\Users\USUARIO\Desktop\BP Mayo 2026\SynologyDrive\CT_20\01050718.JPG,moved
CT_20,C:\Users\USUARIO\Desktop\BP Mayo 2026\SynologyDrive\CT_20\100EK113\01050719.JPG,C:\Users\USUARIO\Desktop\BP Mayo 2026\SynologyDrive\CT_20\01050719.JPG,moved
CT_20,C:\Users\USUARIO\Desktop\BP Mayo 2026\SynologyDrive\CT_20\100EK113\01050720.MOV,C:\Users\USUARIO\Desktop\BP Mayo 2026\SynologyDrive\CT_20\01050720.MOV,moved
CT_20,C:\Users\USUARIO\Desktop\BP Mayo 2026\SynologyDrive\CT_20\100EK113\01050721.JPG,C:\Users\USUARIO\Desktop\BP Mayo 2026\SynologyDrive\CT_20\01050721.JPG,moved
CT_20,C:\Users\USUARIO\Desktop\BP Mayo 2026\SynologyDrive\CT_20\100EK113\01050722.JPG,C:\Users\USUARIO\Desktop\BP Mayo 2026\SynologyDrive\CT_20\01050722.JPG,moved
CT_20,C:\Users\USUARIO\Desktop\BP Mayo 2026\SynologyDrive\CT_20\100EK113\01050723.JPG,C:\Users\USUARIO\Desktop\BP Mayo 2026\SynologyDrive\CT_20\01050723.JPG,moved
CT_20,C:\Users\USUARIO\Desktop\BP Mayo 2026\SynologyDrive\CT_20\100EK113\01050724.MOV,C:\Users\USUARIO\Desktop\BP Mayo 2026\SynologyDrive\CT_20\01050724.MOV,moved
CT_20,C:\Users\USUARIO\Desktop\BP Mayo 2026\SynologyDrive\CT_20\100EK113\01050725.JPG,C:\Users\USUARIO\Desktop\BP Mayo 2026\SynologyDrive\CT_20\01050725.JPG,moved
CT_20,C:\Users\USUARIO\Desktop\BP Mayo 2026\SynologyDrive\CT_20\100EK113\01050726.JPG,C:\Users\USUARIO\Desktop\BP Mayo 2026\SynologyDrive\CT_20\01050726.JPG,moved
CT_20,C:\Users\USUARIO\Desktop\BP Mayo 2026\SynologyDrive\CT_20\100EK113\01050727.JPG,C:\Users\USUARIO\Desktop\BP Mayo 2026\SynologyDrive\CT_20\01050727.JPG,moved
CT_20,C:\Users\USUARIO\Desktop\BP Mayo 2026\SynologyDrive\CT_20\100EK113\01050728.MOV,C:\Users\USUARIO\Desktop\BP Mayo 2026\SynologyDrive\CT_20\01050728.MOV,moved
CT_20,C:\Users\USUARIO\Desktop\BP Mayo 2026\SynologyDrive\CT_20\100EK113\01050729.JPG,C:\Users\USUARIO\Desktop\BP Mayo 2026\SynologyDrive\CT_20\01050729.JPG,moved
CT_20,C:\Users\USUARIO\Desktop\BP Mayo 2026\SynologyDrive\CT_20\100EK113\01050730.JPG,C:\Users\USUARIO\Desktop\BP Mayo 2026\SynologyDrive\CT_20\01050730.JPG,moved
CT_20,C:\Users\USUARIO\Desktop\BP Mayo 2026\SynologyDrive\CT_20\100EK113\01050731.JPG,C:\Users\USUARIO\Desktop\BP Mayo 2026\SynologyDrive\CT_20\01050731.JPG,moved
CT_20,C:\Users\USUARIO\Desktop\BP Mayo 2026\SynologyDrive\CT_20\100EK113\01050732.MOV,C:\Users\USUARIO\Desktop\BP Mayo 2026\SynologyDrive\CT_20\01050732.MOV,moved
CT_20,C:\Users\USUARIO\Desktop\BP Mayo 2026\SynologyDrive\CT_20\100EK113\01080733.JPG,C:\Users\USUARIO\Desktop\BP Mayo 2026\SynologyDrive\CT_20\01080733.JPG,moved
CT_20,C:\Users\USUARIO\Desktop\BP Mayo 2026\SynologyDrive\CT_20\100EK113\01080734.JPG,C:\Users\USUARIO\Desktop\BP Mayo 2026\SynologyDrive\CT_20\01080734.JPG,moved
CT_20,C:\Users\USUARIO\Desktop\BP Mayo 2026\SynologyDrive\CT_20\100EK113\01080735.JPG,C:\Users\USUARIO\Desktop\BP Mayo 2026\SynologyDrive\CT_20\01080735.JPG,moved
CT_20,C:\Users\USUARIO\Desktop\BP Mayo 2026\SynologyDrive\CT_20\100EK113\01080736.MOV,C:\Users\USUARIO\Desktop\BP Mayo 2026\SynologyDrive\CT_20\01080736.MOV,moved
CT_20,C:\Users\USUARIO\Desktop\BP Mayo 2026\SynologyDrive\CT_20\100EK113\01080737.JPG,C:\Users\USUARIO\Desktop\BP Mayo 2026\SynologyDrive\CT_20\01080737.JPG,moved
CT_20,C:\Users\USUARIO\Desktop\BP Mayo 2026\SynologyDrive\CT_20\100EK113\01080738.JPG,C:\Users\USUARIO\Desktop\BP Mayo 2026\SynologyDrive\CT_20\01080738.JPG,moved
CT_20,C:\Users\USUARIO\Desktop\BP Mayo 2026\SynologyDrive\CT_20\100EK113\01080739.JPG,C:\Users\USUARIO\Desktop\BP Mayo 2026\SynologyDrive\CT_20\01080739.JPG,moved
CT_20,C:\Users\USUARIO\Desktop\BP Mayo 2026\SynologyDrive\CT_20\100EK113\01080740.MOV,C:\Users\USUARIO\Desktop\BP Mayo 2026\SynologyDrive\CT_20\01080740.MOV,moved
CT_20,C:\Users\USUARIO\Desktop\BP Mayo 2026\SynologyDrive\CT_20\100EK113\01090741.JPG,C:\Users\USUARIO\Desktop\BP Mayo 2026\SynologyDrive\CT_20\01090741.JPG,moved
CT_20,C:\Users\USUARIO\Desktop\BP Mayo 2026\SynologyDrive\CT_20\100EK113\01090742.JPG,C:\Users\USUARIO\Desktop\BP Mayo 2026\SynologyDrive\CT_20\01090742.JPG,moved
CT_20,C:\Users\USUARIO\Desktop\BP Mayo 2026\SynologyDrive\CT_20\100EK113\01090743.JPG,C:\Users\USUARIO\Desktop\BP Mayo 2026\SynologyDrive\CT_20\01090743.JPG,moved
CT_20,C:\Users\USUARIO\Desktop\BP Mayo 2026\SynologyDrive\CT_20\100EK113\01090744.MOV,C:\Users\USUARIO\Desktop\BP Mayo 2026\SynologyDrive\CT_20\01090744.MOV,moved
CT_20,C:\Users\USUARIO\Desktop\BP Mayo 2026\SynologyDrive\CT_20\100EK113\01100745.JPG,C:\Users\USUARIO\Desktop\BP Mayo 2026\SynologyDrive\CT_20\01100745.JPG,moved
CT_20,C:\Users\USUARIO\Desktop\BP Mayo 2026\SynologyDrive\CT_20\100EK113\01100746.JPG,C:\Users\USUARIO\Desktop\BP Mayo 2026\SynologyDrive\CT_20\01100746.JPG,moved
CT_20,C:\Users\USUARIO\Desktop\BP Mayo 2026\SynologyDrive\CT_20\100EK113\01100747.JPG,C:\Users\USUARIO\Desktop\BP Mayo 2026\SynologyDrive\CT_20\01100747.JPG,moved
CT_20,C:\Users\USUARIO\Desktop\BP Mayo 2026\SynologyDrive\CT_20\100EK113\01100748.MOV,C:\Users\USUARIO\Desktop\BP Mayo 2026\SynologyDrive\CT_20\01100748.MOV,moved
CT_20,C:\Users\USUARIO\Desktop\BP Mayo 2026\SynologyDrive\CT_20\100EK113\01100749.JPG,C:\Users\USUARIO\Desktop\BP Mayo 2026\SynologyDrive\CT_20\01100749.JPG,moved
CT_20,C:\Users\USUARIO\Desktop\BP Mayo 2026\SynologyDrive\CT_20\100EK113\01100750.JPG,C:\Users\USUARIO\Desktop\BP Mayo 2026\SynologyDrive\CT_20\01100750.JPG,moved
CT_20,C:\Users\USUARIO\Desktop\BP Mayo 2026\SynologyDrive\CT_20\100EK113\01100751.JPG,C:\Users\USUARIO\Desktop\BP Mayo 2026\SynologyDrive\CT_20\01100751.JPG,moved
CT_20,C:\Users\USUARIO\Desktop\BP Mayo 2026\SynologyDrive\CT_20\100EK113\01100752.MOV,C:\Users\USUARIO\Desktop\BP Mayo 2026\SynologyDrive\CT_20\01100752.MOV,moved
CT_20,C:\Users\USUARIO\Desktop\BP Mayo 2026\SynologyDrive\CT_20\100EK113\01100753.JPG,C:\Users\USUARIO\Desktop\BP Mayo 2026\SynologyDrive\CT_20\01100753.JPG,moved
CT_20,C:\Users\USUARIO\Desktop\BP Mayo 2026\SynologyDrive\CT_20\100EK113\01100754.JPG,C:\Users\USUARIO\Desktop\BP Mayo 2026\SynologyDrive\CT_20\01100754.JPG,moved
CT_20,C:\Users\USUARIO\Desktop\BP Mayo 2026\SynologyDrive\CT_20\100EK113\01100755.JPG,C:\Users\USUARIO\Desktop\BP Mayo 2026\SynologyDrive\CT_20\01100755.JPG,moved
CT_20,C:\Users\USUARIO\Desktop\BP Mayo 2026\SynologyDrive\CT_20\100EK113\01100756.MOV,C:\Users\USUARIO\Desktop\BP Mayo 2026\SynologyDrive\CT_20\01100756.MOV,moved
CT_20,C:\Users\USUARIO\Desktop\BP Mayo 2026\SynologyDrive\CT_20\100EK113\01100757.JPG,C:\Users\USUARIO\Desktop\BP Mayo 2026\SynologyDrive\CT_20\01100757.JPG,moved
CT_20,C:\Users\USUARIO\Desktop\BP Mayo 2026\SynologyDrive\CT_20\100EK113\01100758.JPG,C:\Users\USUARIO\Desktop\BP Mayo 2026\SynologyDrive\CT_20\01100758.JPG,moved
CT_20,C:\Users\USUARIO\Desktop\BP Mayo 2026\SynologyDrive\CT_20\100EK113\01100759.JPG,C:\Users\USUARIO\Desktop\BP Mayo 2026\SynologyDrive\CT_20\01100759.JPG,moved
CT_20,C:\Users\USUARIO\Desktop\BP Mayo 2026\SynologyDrive\CT_20\100EK113\01100760.MOV,C:\Users\USUARIO\Desktop\BP Mayo 2026\SynologyDrive\CT_20\01100760.MOV,moved
CT_20,C:\Users\USUARIO\Desktop\BP Mayo 2026\SynologyDrive\CT_20\100EK113\01100761.JPG,C:\Users\USUARIO\Desktop\BP Mayo 2026\SynologyDrive\CT_20\01100761.JPG,moved
CT_20,C:\Users\USUARIO\Desktop\BP Mayo 2026\SynologyDrive\CT_20\100EK113\01100762.JPG,C:\Users\USUARIO\Desktop\BP Mayo 2026\SynologyDrive\CT_20\01100762.JPG,moved
CT_20,C:\Users\USUARIO\Desktop\BP Mayo 2026\SynologyDrive\CT_20\100EK113\01100763.JPG,C:\Users\USUARIO\Desktop\BP Mayo 2026\SynologyDrive\CT_20\01100763.JPG,moved
CT_20,C:\Users\USUARIO\Desktop\BP Mayo 2026\SynologyDrive\CT_20\100EK113\01100764.MOV,C:\Users\USUARIO\Desktop\BP Mayo 2026\SynologyDrive\CT_20\01100764.MOV,moved
CT_20,C:\Users\USUARIO\Desktop\BP Mayo 2026\SynologyDrive\CT_20\100EK113\01100765.JPG,C:\Users\USUARIO\Desktop\BP Mayo 2026\SynologyDrive\CT_20\01100765.JPG,moved
CT_20,C:\Users\USUARIO\Desktop\BP Mayo 2026\SynologyDrive\CT_20\100EK113\01100766.JPG,C:\Users\USUARIO\Desktop\BP Mayo 2026\SynologyDrive\CT_20\01100766.JPG,moved
CT_20,C:\Users\USUARIO\Desktop\BP Mayo 2026\SynologyDrive\CT_20\100EK113\01100767.JPG,C:\Users\USUARIO\Desktop\BP Mayo 2026\SynologyDrive\CT_20\01100767.JPG,moved
CT_20,C:\Users\USUARIO\Desktop\BP Mayo 2026\SynologyDrive\CT_20\100EK113\01100768.MOV,C:\Users\USUARIO\Desktop\BP Mayo 2026\SynologyDrive\CT_20\01100768.MOV,moved
CT_20,C:\Users\USUARIO\Desktop\BP Mayo 2026\SynologyDrive\CT_20\100EK113\01100769.JPG,C:\Users\USUARIO\Desktop\BP Mayo 2026\SynologyDrive\CT_20\01100769.JPG,moved
CT_20,C:\Users\USUARIO\Desktop\BP Mayo 2026\SynologyDrive\CT_20\100EK113\01100770.JPG,C:\Users\USUARIO\Desktop\BP Mayo 2026\SynologyDrive\CT_20\01100770.JPG,moved
CT_20,C:\Users\USUARIO\Desktop\BP Mayo 2026\SynologyDrive\CT_20\100EK113\01100771.JPG,C:\Users\USUARIO\Desktop\BP Mayo 2026\SynologyDrive\CT_20\01100771.JPG,moved
CT_20,C:\Users\USUARIO\Desktop\BP Mayo 2026\SynologyDrive\CT_20\100EK113\01100772.MOV,C:\Users\USUARIO\Desktop\BP Mayo 2026\SynologyDrive\CT_20\01100772.MOV,moved
CT_20,C:\Users\USUARIO\Desktop\BP Mayo 2026\SynologyDrive\CT_20\100EK113\01100773.JPG,C:\Users\USUARIO\Desktop\BP Mayo 2026\SynologyDrive\CT_20\01100773.JPG,moved
CT_20,C:\Users\USUARIO\Desktop\BP Mayo 2026\SynologyDrive\CT_20\100EK113\01100774.JPG,C:\Users\USUARIO\Desktop\BP Mayo 2026\SynologyDrive\CT_20\01100774.JPG,moved
CT_20,C:\Users\USUARIO\Desktop\BP Mayo 2026\SynologyDrive\CT_20\100EK113\01100775.JPG,C:\Users\USUARIO\Desktop\BP Mayo 2026\SynologyDrive\CT_20\01100775.JPG,moved
CT_20,C:\Users\USUARIO\Desktop\BP Mayo 2026\SynologyDrive\CT_20\100EK113\01100776.MOV,C:\Users\USUARIO\Desktop\BP Mayo 2026\SynologyDrive\CT_20\01100776.MOV,moved
CT_20,C:\Users\USUARIO\Desktop\BP Mayo 2026\SynologyDrive\CT_20\100EK113\01100777.JPG,C:\Users\USUARIO\Desktop\BP Mayo 2026\SynologyDrive\CT_20\01100777.JPG,moved
CT_20,C:\Users\USUARIO\Desktop\BP Mayo 2026\SynologyDrive\CT_20\100EK113\01100778.JPG,C:\Users\USUARIO\Desktop\BP Mayo 2026\SynologyDrive\CT_20\01100778.JPG,moved
CT_20,C:\Users\USUARIO\Desktop\BP Mayo 2026\SynologyDrive\CT_20\100EK113\01100779.JPG,C:\Users\USUARIO\Desktop\BP Mayo 2026\SynologyDrive\CT_20\01100779.JPG,moved
CT_20,C:\Users\USUARIO\Desktop\BP Mayo 2026\SynologyDrive\CT_20\100EK113\01100780.MOV,C:\Users\USUARIO\Desktop\BP Mayo 2026\SynologyDrive\CT_20\01100780.MOV,moved
CT_20,C:\Users\USUARIO\Desktop\BP Mayo 2026\SynologyDrive\CT_20\100EK113\01100781.JPG,C:\Users\USUARIO\Desktop\BP Mayo 2026\SynologyDrive\CT_20\01100781.JPG,moved
CT_20,C:\Users\USUARIO\Desktop\BP Mayo 2026\SynologyDrive\CT_20\100EK113\01100782.JPG,C:\Users\USUARIO\Desktop\BP Mayo 2026\SynologyDrive\CT_20\01100782.JPG,moved
CT_20,C:\Users\USUARIO\Desktop\BP Mayo 2026\SynologyDrive\CT_20\100EK113\01100783.JPG,C:\Users\USUARIO\Desktop\BP Mayo 2026\SynologyDrive\CT_20\01100783.JPG,moved
CT_20,C:\Users\USUARIO\Desktop\BP Mayo 2026\SynologyDrive\CT_20\100EK113\01100784.MOV,C:\Users\USUARIO\Desktop\BP Mayo 2026\SynologyDrive\CT_20\01100784.MOV,moved
CT_20,C:\Users\USUARIO\Desktop\BP Mayo 2026\SynologyDrive\CT_20\100EK113\01110785.JPG,C:\Users\USUARIO\Desktop\BP Mayo 2026\SynologyDrive\CT_20\01110785.JPG,moved
CT_20,C:\Users\USUARIO\Desktop\BP Mayo 2026\SynologyDrive\CT_20\100EK113\01110786.JPG,C:\Users\USUARIO\Desktop\BP Mayo 2026\SynologyDrive\CT_20\01110786.JPG,moved
CT_20,C:\Users\USUARIO\Desktop\BP Mayo 2026\SynologyDrive\CT_20\100EK113\01110787.JPG,C:\Users\USUARIO\Desktop\BP Mayo 2026\SynologyDrive\CT_20\01110787.JPG,moved
CT_20,C:\Users\USUARIO\Desktop\BP Mayo 2026\SynologyDrive\CT_20\100EK113\01110788.MOV,C:\Users\USUARIO\Desktop\BP Mayo 2026\SynologyDrive\CT_20\01110788.MOV,moved
CT_20,C:\Users\USUARIO\Desktop\BP Mayo 2026\SynologyDrive\CT_20\100EK113\01110789.JPG,C:\Users\USUARIO\Desktop\BP Mayo 2026\SynologyDrive\CT_20\01110789.JPG,moved
CT_20,C:\Users\USUARIO\Desktop\BP Mayo 2026\SynologyDrive\CT_20\100EK113\01110790.JPG,C:\Users\USUARIO\Desktop\BP Mayo 2026\SynologyDrive\CT_20\01110790.JPG,moved
CT_20,C:\Users\USUARIO\Desktop\BP Mayo 2026\SynologyDrive\CT_20\100EK113\01110791.JPG,C:\Users\USUARIO\Desktop\BP Mayo 2026\SynologyDrive\CT_20\01110791.JPG,moved
CT_20,C:\Users\USUARIO\Desktop\BP Mayo 2026\SynologyDrive\CT_20\100EK113\01110792.MOV,C:\Users\USUARIO\Desktop\BP Mayo 2026\SynologyDrive\CT_20\01110792.MOV,moved
CT_20,C:\Users\USUARIO\Desktop\BP Mayo 2026\SynologyDrive\CT_20\100EK113\01110793.JPG,C:\Users\USUARIO\Desktop\BP Mayo 2026\SynologyDrive\CT_20\01110793.JPG,moved
CT_20,C:\Users\USUARIO\Desktop\BP Mayo 2026\SynologyDrive\CT_20\100EK113\01110794.JPG,C:\Users\USUARIO\Desktop\BP Mayo 2026\SynologyDrive\CT_20\01110794.JPG,moved
CT_20,C:\Users\USUARIO\Desktop\BP Mayo 2026\SynologyDrive\CT_20\100EK113\01110795.JPG,C:\Users\USUARIO\Desktop\BP Mayo 2026\SynologyDrive\CT_20\01110795.JPG,moved
CT_20,C:\Users\USUARIO\Desktop\BP Mayo 2026\SynologyDrive\CT_20\100EK113\01110796.MOV,C:\Users\USUARIO\Desktop\BP Mayo 2026\SynologyDrive\CT_20\01110796.MOV,moved
CT_20,C:\Users\USUARIO\Desktop\BP Mayo 2026\SynologyDrive\CT_20\100EK113\01110797.JPG,C:\Users\USUARIO\Desktop\BP Mayo 2026\SynologyDrive\CT_20\01110797.JPG,moved
CT_20,C:\Users\USUARIO\Desktop\BP Mayo 2026\SynologyDrive\CT_20\100EK113\01110798.JPG,C:\Users\USUARIO\Desktop\BP Mayo 2026\SynologyDrive\CT_20\01110798.JPG,moved
CT_20,C:\Users\USUARIO\Desktop\BP Mayo 2026\SynologyDrive\CT_20\100EK113\01110799.JPG,C:\Users\USUARIO\Desktop\BP Mayo 2026\SynologyDrive\CT_20\01110799.JPG,moved
CT_20,C:\Users\USUARIO\Desktop\BP Mayo 2026\SynologyDrive\CT_20\100EK113\01110800.MOV,C:\Users\USUARIO\Desktop\BP Mayo 2026\SynologyDrive\CT_20\01110800.MOV,moved
CT_20,C:\Users\USUARIO\Desktop\BP Mayo 2026\SynologyDrive\CT_20\100EK113\01110801.JPG,C:\Users\USUARIO\Desktop\BP Mayo 2026\SynologyDrive\CT_20\01110801.JPG,moved
CT_20,C:\Users\USUARIO\Desktop\BP Mayo 2026\SynologyDrive\CT_20\100EK113\01110802.JPG,C:\Users\USUARIO\Desktop\BP Mayo 2026\SynologyDrive\CT_20\01110802.JPG,moved
CT_20,C:\Users\USUARIO\Desktop\BP Mayo 2026\SynologyDrive\CT_20\100EK113\01110803.JPG,C:\Users\USUARIO\Desktop\BP Mayo 2026\SynologyDrive\CT_20\01110803.JPG,moved
CT_20,C:\Users\USUARIO\Desktop\BP Mayo 2026\SynologyDrive\CT_20\100EK113\01110804.MOV,C:\Users\USUARIO\Desktop\BP Mayo 2026\SynologyDrive\CT_20\01110804.MOV,moved
CT_20,C:\Users\USUARIO\Desktop\BP Mayo 2026\SynologyDrive\CT_20\100EK113\01110805.JPG,C:\Users\USUARIO\Desktop\BP Mayo 2026\SynologyDrive\CT_20\01110805.JPG,moved
CT_20,C:\Users\USUARIO\Desktop\BP Mayo 2026\SynologyDrive\CT_20\100EK113\01110806.JPG,C:\Users\USUARIO\Desktop\BP Mayo 2026\SynologyDrive\CT_20\01110806.JPG,moved
CT_20,C:\Users\USUARIO\Desktop\BP Mayo 2026\SynologyDrive\CT_20\100EK113\01110807.JPG,C:\Users\USUARIO\Desktop\BP Mayo 2026\SynologyDrive\CT_20\01110807.JPG,moved
CT_20,C:\Users\USUARIO\Desktop\BP Mayo 2026\SynologyDrive\CT_20\100EK113\01110808.MOV,C:\Users\USUARIO\Desktop\BP Mayo 2026\SynologyDrive\CT_20\01110808.MOV,moved
CT_20,C:\Users\USUARIO\Desktop\BP Mayo 2026\SynologyDrive\CT_20\100EK113\01110809.JPG,C:\Users\USUARIO\Desktop\BP Mayo 2026\SynologyDrive\CT_20\01110809.JPG,moved
CT_20,C:\Users\USUARIO\Desktop\BP Mayo 2026\SynologyDrive\CT_20\100EK113\01110810.JPG,C:\Users\USUARIO\Desktop\BP Mayo 2026\SynologyDrive\CT_20\01110810.JPG,moved
CT_20,C:\Users\USUARIO\Desktop\BP Mayo 2026\SynologyDrive\CT_20\100EK113\01110811.JPG,C:\Users\USUARIO\Desktop\BP Mayo 2026\SynologyDrive\CT_20\01110811.JPG,moved
CT_20,C:\Users\USUARIO\Desktop\BP Mayo 2026\SynologyDrive\CT_20\100EK113\01110812.MOV,C:\Users\USUARIO\Desktop\BP Mayo 2026\SynologyDrive\CT_20\01110812.MOV,moved
CT_20,C:\Users\USUARIO\Desktop\BP Mayo 2026\SynologyDrive\CT_20\100EK113\01110813.JPG,C:\Users\USUARIO\Desktop\BP Mayo 2026\SynologyDrive\CT_20\01110813.JPG,moved
CT_20,C:\Users\USUARIO\Desktop\BP Mayo 2026\SynologyDrive\CT_20\100EK113\01110814.JPG,C:\Users\USUARIO\Desktop\BP Mayo 2026\SynologyDrive\CT_20\01110814.JPG,moved
CT_20,C:\Users\USUARIO\Desktop\BP Mayo 2026\SynologyDrive\CT_20\100EK113\01110815.JPG,C:\Users\USUARIO\Desktop\BP Mayo 2026\SynologyDrive\CT_20\01110815.JPG,moved
CT_20,C:\Users\USUARIO\Desktop\BP Mayo 2026\SynologyDrive\CT_20\100EK113\01110816.MOV,C:\Users\USUARIO\Desktop\BP Mayo 2026\SynologyDrive\CT_20\01110816.MOV,moved
CT_20,C:\Users\USUARIO\Desktop\BP Mayo 2026\SynologyDrive\CT_20\100EK113\01110817.JPG,C:\Users\USUARIO\Desktop\BP Mayo 2026\SynologyDrive\CT_20\01110817.JPG,moved
CT_20,C:\Users\USUARIO\Desktop\BP Mayo 2026\SynologyDrive\CT_20\100EK113\01110818.JPG,C:\Users\USUARIO\Desktop\BP Mayo 2026\SynologyDrive\CT_20\01110818.JPG,moved
CT_20,C:\Users\USUARIO\Desktop\BP Mayo 2026\SynologyDrive\CT_20\100EK113\01110819.JPG,C:\Users\USUARIO\Desktop\BP Mayo 2026\SynologyDrive\CT_20\01110819.JPG,moved
CT_20,C:\Users\USUARIO\Desktop\BP Mayo 2026\SynologyDrive\CT_20\100EK113\01110820.MOV,C:\Users\USUARIO\Desktop\BP Mayo 2026\SynologyDrive\CT_20\01110820.MOV,moved
CT_20,C:\Users\USUARIO\Desktop\BP Mayo 2026\SynologyDrive\CT_20\100EK113\01110821.JPG,C:\Users\USUARIO\Desktop\BP Mayo 2026\SynologyDrive\CT_20\01110821.JPG,moved
CT_20,C:\Users\USUARIO\Desktop\BP Mayo 2026\SynologyDrive\CT_20\100EK113\01110822.JPG,C:\Users\USUARIO\Desktop\BP Mayo 2026\SynologyDrive\CT_20\01110822.JPG,moved
CT_20,C:\Users\USUARIO\Desktop\BP Mayo 2026\SynologyDrive\CT_20\100EK113\01110823.JPG,C:\Users\USUARIO\Desktop\BP Mayo 2026\SynologyDrive\CT_20\01110823.JPG,moved
CT_20,C:\Users\USUARIO\Desktop\BP Mayo 2026\SynologyDrive\CT_20\100EK113\01110824.MOV,C:\Users\USUARIO\Desktop\BP Mayo 2026\SynologyDrive\CT_20\01110824.MOV,moved
CT_20,C:\Users\USUARIO\Desktop\BP Mayo 2026\SynologyDrive\CT_20\100EK113\01110825.JPG,C:\Users\USUARIO\Desktop\BP Mayo 2026\SynologyDrive\CT_20\01110825.JPG,moved
CT_20,C:\Users\USUARIO\Desktop\BP Mayo 2026\SynologyDrive\CT_20\100EK113\01110826.JPG,C:\Users\USUARIO\Desktop\BP Mayo 2026\SynologyDrive\CT_20\01110826.JPG,moved
CT_20,C:\Users\USUARIO\Desktop\BP Mayo 2026\SynologyDrive\CT_20\100EK113\01110827.JPG,C:\Users\USUARIO\Desktop\BP Mayo 2026\SynologyDrive\CT_20\01110827.JPG,moved
CT_20,C:\Users\USUARIO\Desktop\BP Mayo 2026\SynologyDrive\CT_20\100EK113\01110828.MOV,C:\Users\USUARIO\Desktop\BP Mayo 2026\SynologyDrive\CT_20\01110828.MOV,moved
CT_20,C:\Users\USUARIO\Desktop\BP Mayo 2026\SynologyDrive\CT_20\100EK113\01110829.JPG,C:\Users\USUARIO\Desktop\BP Mayo 2026\SynologyDrive\CT_20\01110829.JPG,moved
CT_20,C:\Users\USUARIO\Desktop\BP Mayo 2026\SynologyDrive\CT_20\100EK113\01110830.JPG,C:\Users\USUARIO\Desktop\BP Mayo 2026\SynologyDrive\CT_20\01110830.JPG,moved
CT_20,C:\Users\USUARIO\Desktop\BP Mayo 2026\SynologyDrive\CT_20\100EK113\01110831.JPG,C:\Users\USUARIO\Desktop\BP Mayo 2026\SynologyDrive\CT_20\01110831.JPG,moved
CT_20,C:\Users\USUARIO\Desktop\BP Mayo 2026\SynologyDrive\CT_20\100EK113\01110832.MOV,C:\Users\USUARIO\Desktop\BP Mayo 2026\SynologyDrive\CT_20\01110832.MOV,moved
CT_20,C:\Users\USUARIO\Desktop\BP Mayo 2026\SynologyDrive\CT_20\100EK113\01110833.JPG,C:\Users\USUARIO\Desktop\BP Mayo 2026\SynologyDrive\CT_20\01110833.JPG,moved
CT_20,C:\Users\USUARIO\Desktop\BP Mayo 2026\SynologyDrive\CT_20\100EK113\01110834.JPG,C:\Users\USUARIO\Desktop\BP Mayo 2026\SynologyDrive\CT_20\01110834.JPG,moved
CT_20,C:\Users\USUARIO\Desktop\BP Mayo 2026\SynologyDrive\CT_20\100EK113\01110835.JPG,C:\Users\USUARIO\Desktop\BP Mayo 2026\SynologyDrive\CT_20\01110835.JPG,moved
CT_20,C:\Users\USUARIO\Desktop\BP Mayo 2026\SynologyDrive\CT_20\100EK113\01110836.MOV,C:\Users\USUARIO\Desktop\BP Mayo 2026\SynologyDrive\CT_20\01110836.MOV,moved
CT_20,C:\Users\USUARIO\Desktop\BP Mayo 2026\SynologyDrive\CT_20\100EK113\01110837.JPG,C:\Users\USUARIO\Desktop\BP Mayo 2026\SynologyDrive\CT_20\01110837.JPG,moved
CT_20,C:\Users\USUARIO\Desktop\BP Mayo 2026\SynologyDrive\CT_20\100EK113\01110838.JPG,C:\Users\USUARIO\Desktop\BP Mayo 2026\SynologyDrive\CT_20\01110838.JPG,moved
CT_20,C:\Users\USUARIO\Desktop\BP Mayo 2026\SynologyDrive\CT_20\100EK113\01110839.JPG,C:\Users\USUARIO\Desktop\BP Mayo 2026\SynologyDrive\CT_20\01110839.JPG,moved
CT_20,C:\Users\USUARIO\Desktop\BP Mayo 2026\SynologyDrive\CT_20\100EK113\01110840.MOV,C:\Users\USUARIO\Desktop\BP Mayo 2026\SynologyDrive\CT_20\01110840.MOV,moved
CT_20,C:\Users\USUARIO\Desktop\BP Mayo 2026\SynologyDrive\CT_20\100EK113\01110841.JPG,C:\Users\USUARIO\Desktop\BP Mayo 2026\SynologyDrive\CT_20\01110841.JPG,moved
CT_20,C:\Users\USUARIO\Desktop\BP Mayo 2026\SynologyDrive\CT_20\100EK113\01110842.JPG,C:\Users\USUARIO\Desktop\BP Mayo 2026\SynologyDrive\CT_20\01110842.JPG,moved
CT_20,C:\Users\USUARIO\Desktop\BP Mayo 2026\SynologyDrive\CT_20\100EK113\01110843.JPG,C:\Users\USUARIO\Desktop\BP Mayo 2026\SynologyDrive\CT_20\01110843.JPG,moved
CT_20,C:\Users\USUARIO\Desktop\BP Mayo 2026\SynologyDrive\CT_20\100EK113\01110844.MOV,C:\Users\USUARIO\Desktop\BP Mayo 2026\SynologyDrive\CT_20\01110844.MOV,moved
CT_20,C:\Users\USUARIO\Desktop\BP Mayo 2026\SynologyDrive\CT_20\100EK113\01110845.JPG,C:\Users\USUARIO\Desktop\BP Mayo 2026\SynologyDrive\CT_20\01110845.JPG,moved
CT_20,C:\Users\USUARIO\Desktop\BP Mayo 2026\SynologyDrive\CT_20\100EK113\01110846.JPG,C:\Users\USUARIO\Desktop\BP Mayo 2026\SynologyDrive\CT_20\01110846.JPG,moved
CT_20,C:\Users\USUARIO\Desktop\BP Mayo 2026\SynologyDrive\CT_20\100EK113\01110847.JPG,C:\Users\USUARIO\Desktop\BP Mayo 2026\SynologyDrive\CT_20\01110847.JPG,moved
CT_20,C:\Users\USUARIO\Desktop\BP Mayo 2026\SynologyDrive\CT_20\100EK113\01110848.MOV,C:\Users\USUARIO\Desktop\BP Mayo 2026\SynologyDrive\CT_20\01110848.MOV,moved
CT_20,C:\Users\USUARIO\Desktop\BP Mayo 2026\SynologyDrive\CT_20\100EK113\01110849.JPG,C:\Users\USUARIO\Desktop\BP Mayo 2026\SynologyDrive\CT_20\01110849.JPG,moved
CT_20,C:\Users\USUARIO\Desktop\BP Mayo 2026\SynologyDrive\CT_20\100EK113\01110850.JPG,C:\Users\USUARIO\Desktop\BP Mayo 2026\SynologyDrive\CT_20\01110850.JPG,moved
CT_20,C:\Users\USUARIO\Desktop\BP Mayo 2026\SynologyDrive\CT_20\100EK113\01110851.JPG,C:\Users\USUARIO\Desktop\BP Mayo 2026\SynologyDrive\CT_20\01110851.JPG,moved
CT_20,C:\Users\USUARIO\Desktop\BP Mayo 2026\SynologyDrive\CT_20\100EK113\01110852.MOV,C:\Users\USUARIO\Desktop\BP Mayo 2026\SynologyDrive\CT_20\01110852.MOV,moved
CT_20,C:\Users\USUARIO\Desktop\BP Mayo 2026\SynologyDrive\CT_20\100EK113\01110853.JPG,C:\Users\USUARIO\Desktop\BP Mayo 2026\SynologyDrive\CT_20\01110853.JPG,moved
CT_20,C:\Users\USUARIO\Desktop\BP Mayo 2026\SynologyDrive\CT_20\100EK113\01110854.JPG,C:\Users\USUARIO\Desktop\BP Mayo 2026\SynologyDrive\CT_20\01110854.JPG,moved
CT_20,C:\Users\USUARIO\Desktop\BP Mayo 2026\SynologyDrive\CT_20\100EK113\01110855.JPG,C:\Users\USUARIO\Desktop\BP Mayo 2026\SynologyDrive\CT_20\01110855.JPG,moved
CT_20,C:\Users\USUARIO\Desktop\BP Mayo 2026\SynologyDrive\CT_20\100EK113\01110856.MOV,C:\Users\USUARIO\Desktop\BP Mayo 2026\SynologyDrive\CT_20\01110856.MOV,moved
CT_20,C:\Users\USUARIO\Desktop\BP Mayo 2026\SynologyDrive\CT_20\100EK113\01110857.JPG,C:\Users\USUARIO\Desktop\BP Mayo 2026\SynologyDrive\CT_20\01110857.JPG,moved
CT_20,C:\Users\USUARIO\Desktop\BP Mayo 2026\SynologyDrive\CT_20\100EK113\01110858.JPG,C:\Users\USUARIO\Desktop\BP Mayo 2026\SynologyDrive\CT_20\01110858.JPG,moved
CT_20,C:\Users\USUARIO\Desktop\BP Mayo 2026\SynologyDrive\CT_20\100EK113\01110859.JPG,C:\Users\USUARIO\Desktop\BP Mayo 2026\SynologyDrive\CT_20\01110859.JPG,moved
CT_20,C:\Users\USUARIO\Desktop\BP Mayo 2026\SynologyDrive\CT_20\100EK113\01110860.MOV,C:\Users\USUARIO\Desktop\BP Mayo 2026\SynologyDrive\CT_20\01110860.MOV,moved
CT_20,C:\Users\USUARIO\Desktop\BP Mayo 2026\SynologyDrive\CT_20\100EK113\01110861.JPG,C:\Users\USUARIO\Desktop\BP Mayo 2026\SynologyDrive\CT_20\01110861.JPG,moved
CT_20,C:\Users\USUARIO\Desktop\BP Mayo 2026\SynologyDrive\CT_20\100EK113\01110862.JPG,C:\Users\USUARIO\Desktop\BP Mayo 2026\SynologyDrive\CT_20\01110862.JPG,moved
CT_20,C:\Users\USUARIO\Desktop\BP Mayo 2026\SynologyDrive\CT_20\100EK113\01110863.JPG,C:\Users\USUARIO\Desktop\BP Mayo 2026\SynologyDrive\CT_20\01110863.JPG,moved
CT_20,C:\Users\USUARIO\Desktop\BP Mayo 2026\SynologyDrive\CT_20\100EK113\01110864.MOV,C:\Users\USUARIO\Desktop\BP Mayo 2026\SynologyDrive\CT_20\01110864.MOV,moved
CT_20,C:\Users\USUARIO\Desktop\BP Mayo 2026\SynologyDrive\CT_20\100EK113\01110865.JPG,C:\Users\USUARIO\Desktop\BP Mayo 2026\SynologyDrive\CT_20\01110865.JPG,moved
CT_20,C:\Users\USUARIO\Desktop\BP Mayo 2026\SynologyDrive\CT_20\100EK113\01110866.JPG,C:\Users\USUARIO\Desktop\BP Mayo 2026\SynologyDrive\CT_20\01110866.JPG,moved
CT_20,C:\Users\USUARIO\Desktop\BP Mayo 2026\SynologyDrive\CT_20\100EK113\01110867.JPG,C:\Users\USUARIO\Desktop\BP Mayo 2026\SynologyDrive\CT_20\01110867.JPG,moved
CT_20,C:\Users\USUARIO\Desktop\BP Mayo 2026\SynologyDrive\CT_20\100EK113\01110868.MOV,C:\Users\USUARIO\Desktop\BP Mayo 2026\SynologyDrive\CT_20\01110868.MOV,moved
CT_20,C:\Users\USUARIO\Desktop\BP Mayo 2026\SynologyDrive\CT_20\100EK113\01110869.JPG,C:\Users\USUARIO\Desktop\BP Mayo 2026\SynologyDrive\CT_20\01110869.JPG,moved
CT_20,C:\Users\USUARIO\Desktop\BP Mayo 2026\SynologyDrive\CT_20\100EK113\01110870.JPG,C:\Users\USUARIO\Desktop\BP Mayo 2026\SynologyDrive\CT_20\01110870.JPG,moved
CT_20,C:\Users\USUARIO\Desktop\BP Mayo 2026\SynologyDrive\CT_20\100EK113\01110871.JPG,C:\Users\USUARIO\Desktop\BP Mayo 2026\SynologyDrive\CT_20\01110871.JPG,moved
CT_20,C:\Users\USUARIO\Desktop\BP Mayo 2026\SynologyDrive\CT_20\100EK113\01110872.MOV,C:\Users\USUARIO\Desktop\BP Mayo 2026\SynologyDrive\CT_20\01110872.MOV,moved
CT_20,C:\Users\USUARIO\Desktop\BP Mayo 2026\SynologyDrive\CT_20\100EK113\01110873.JPG,C:\Users\USUARIO\Desktop\BP Mayo 2026\SynologyDrive\CT_20\01110873.JPG,moved
CT_20,C:\Users\USUARIO\Desktop\BP Mayo 2026\SynologyDrive\CT_20\100EK113\01110874.JPG,C:\Users\USUARIO\Desktop\BP Mayo 2026\SynologyDrive\CT_20\01110874.JPG,moved
CT_20,C:\Users\USUARIO\Desktop\BP Mayo 2026\SynologyDrive\CT_20\100EK113\01110875.JPG,C:\Users\USUARIO\Desktop\BP Mayo 2026\SynologyDrive\CT_20\01110875.JPG,moved
CT_20,C:\Users\USUARIO\Desktop\BP Mayo 2026\SynologyDrive\CT_20\100EK113\01110876.MOV,C:\Users\USUARIO\Desktop\BP Mayo 2026\SynologyDrive\CT_20\01110876.MOV,moved
CT_20,C:\Users\USUARIO\Desktop\BP Mayo 2026\SynologyDrive\CT_20\100EK113\01110877.JPG,C:\Users\USUARIO\Desktop\BP Mayo 2026\SynologyDrive\CT_20\01110877.JPG,moved
CT_20,C:\Users\USUARIO\Desktop\BP Mayo 2026\SynologyDrive\CT_20\100EK113\01110878.JPG,C:\Users\USUARIO\Desktop\BP Mayo 2026\SynologyDrive\CT_20\01110878.JPG,moved
CT_20,C:\Users\USUARIO\Desktop\BP Mayo 2026\SynologyDrive\CT_20\100EK113\01110879.JPG,C:\Users\USUARIO\Desktop\BP Mayo 2026\SynologyDrive\CT_20\01110879.JPG,moved
CT_20,C:\Users\USUARIO\Desktop\BP Mayo 2026\SynologyDrive\CT_20\100EK113\01110880.MOV,C:\Users\USUARIO\Desktop\BP Mayo 2026\SynologyDrive\CT_20\01110880.MOV,moved
CT_20,C:\Users\USUARIO\Desktop\BP Mayo 2026\SynologyDrive\CT_20\100EK113\01110881.JPG,C:\Users\USUARIO\Desktop\BP Mayo 2026\SynologyDrive\CT_20\01110881.JPG,moved
CT_20,C:\Users\USUARIO\Desktop\BP Mayo 2026\SynologyDrive\CT_20\100EK113\01110882.JPG,C:\Users\USUARIO\Desktop\BP Mayo 2026\SynologyDrive\CT_20\01110882.JPG,moved
CT_20,C:\Users\USUARIO\Desktop\BP Mayo 2026\SynologyDrive\CT_20\100EK113\01110883.JPG,C:\Users\USUARIO\Desktop\BP Mayo 2026\SynologyDrive\CT_20\01110883.JPG,moved
CT_20,C:\Users\USUARIO\Desktop\BP Mayo 2026\SynologyDrive\CT_20\100EK113\01110884.MOV,C:\Users\USUARIO\Desktop\BP Mayo 2026\SynologyDrive\CT_20\01110884.MOV,moved
CT_20,C:\Users\USUARIO\Desktop\BP Mayo 2026\SynologyDrive\CT_20\100EK113\01110885.JPG,C:\Users\USUARIO\Desktop\BP Mayo 2026\SynologyDrive\CT_20\01110885.JPG,moved
CT_20,C:\Users\USUARIO\Desktop\BP Mayo 2026\SynologyDrive\CT_20\100EK113\01110886.JPG,C:\Users\USUARIO\Desktop\BP Mayo 2026\SynologyDrive\CT_20\01110886.JPG,moved
CT_20,C:\Users\USUARIO\Desktop\BP Mayo 2026\SynologyDrive\CT_20\100EK113\01110887.JPG,C:\Users\USUARIO\Desktop\BP Mayo 2026\SynologyDrive\CT_20\01110887.JPG,moved
CT_20,C:\Users\USUARIO\Desktop\BP Mayo 2026\SynologyDrive\CT_20\100EK113\01110888.MOV,C:\Users\USUARIO\Desktop\BP Mayo 2026\SynologyDrive\CT_20\01110888.MOV,moved
CT_20,C:\Users\USUARIO\Desktop\BP Mayo 2026\SynologyDrive\CT_20\100EK113\01110889.JPG,C:\Users\USUARIO\Desktop\BP Mayo 2026\SynologyDrive\CT_20\01110889.JPG,moved
CT_20,C:\Users\USUARIO\Desktop\BP Mayo 2026\SynologyDrive\CT_20\100EK113\01110890.JPG,C:\Users\USUARIO\Desktop\BP Mayo 2026\SynologyDrive\CT_20\01110890.JPG,moved
CT_20,C:\Users\USUARIO\Desktop\BP Mayo 2026\SynologyDrive\CT_20\100EK113\01110891.JPG,C:\Users\USUARIO\Desktop\BP Mayo 2026\SynologyDrive\CT_20\01110891.JPG,moved
CT_20,C:\Users\USUARIO\Desktop\BP Mayo 2026\SynologyDrive\CT_20\100EK113\01110892.MOV,C:\Users\USUARIO\Desktop\BP Mayo 2026\SynologyDrive\CT_20\01110892.MOV,moved
CT_20,C:\Users\USUARIO\Desktop\BP Mayo 2026\SynologyDrive\CT_20\100EK113\01110893.JPG,C:\Users\USUARIO\Desktop\BP Mayo 2026\SynologyDrive\CT_20\01110893.JPG,moved
CT_20,C:\Users\USUARIO\Desktop\BP Mayo 2026\SynologyDrive\CT_20\100EK113\01110894.JPG,C:\Users\USUARIO\Desktop\BP Mayo 2026\SynologyDrive\CT_20\01110894.JPG,moved
CT_20,C:\Users\USUARIO\Desktop\BP Mayo 2026\SynologyDrive\CT_20\100EK113\01110895.JPG,C:\Users\USUARIO\Desktop\BP Mayo 2026\SynologyDrive\CT_20\01110895.JPG,moved
CT_20,C:\Users\USUARIO\Desktop\BP Mayo 2026\SynologyDrive\CT_20\100EK113\01110896.MOV,C:\Users\USUARIO\Desktop\BP Mayo 2026\SynologyDrive\CT_20\01110896.MOV,moved
CT_20,C:\Users\USUARIO\Desktop\BP Mayo 2026\SynologyDrive\CT_20\100EK113\01110897.JPG,C:\Users\USUARIO\Desktop\BP Mayo 2026\SynologyDrive\CT_20\01110897.JPG,moved
CT_20,C:\Users\USUARIO\Desktop\BP Mayo 2026\SynologyDrive\CT_20\100EK113\01110898.JPG,C:\Users\USUARIO\Desktop\BP Mayo 2026\SynologyDrive\CT_20\01110898.JPG,moved
CT_20,C:\Users\USUARIO\Desktop\BP Mayo 2026\SynologyDrive\CT_20\100EK113\01110899.JPG,C:\Users\USUARIO\Desktop\BP Mayo 2026\SynologyDrive\CT_20\01110899.JPG,moved
CT_20,C:\Users\USUARIO\Desktop\BP Mayo 2026\SynologyDrive\CT_20\100EK113\01110900.MOV,C:\Users\USUARIO\Desktop\BP Mayo 2026\SynologyDrive\CT_20\01110900.MOV,moved
CT_20,C:\Users\USUARIO\Desktop\BP Mayo 2026\SynologyDrive\CT_20\100EK113\01110901.JPG,C:\Users\USUARIO\Desktop\BP Mayo 2026\SynologyDrive\CT_20\01110901.JPG,moved
CT_20,C:\Users\USUARIO\Desktop\BP Mayo 2026\SynologyDrive\CT_20\100EK113\01110902.JPG,C:\Users\USUARIO\Desktop\BP Mayo 2026\SynologyDrive\CT_20\01110902.JPG,moved
CT_20,C:\Users\USUARIO\Desktop\BP Mayo 2026\SynologyDrive\CT_20\100EK113\01110903.JPG,C:\Users\USUARIO\Desktop\BP Mayo 2026\SynologyDrive\CT_20\01110903.JPG,moved
CT_20,C:\Users\USUARIO\Desktop\BP Mayo 2026\SynologyDrive\CT_20\100EK113\01110904.MOV,C:\Users\USUARIO\Desktop\BP Mayo 2026\SynologyDrive\CT_20\01110904.MOV,moved
CT_20,C:\Users\USUARIO\Desktop\BP Mayo 2026\SynologyDrive\CT_20\100EK113\01110905.JPG,C:\Users\USUARIO\Desktop\BP Mayo 2026\SynologyDrive\CT_20\01110905.JPG,moved
CT_20,C:\Users\USUARIO\Desktop\BP Mayo 2026\SynologyDrive\CT_20\100EK113\01110906.JPG,C:\Users\USUARIO\Desktop\BP Mayo 2026\SynologyDrive\CT_20\01110906.JPG,moved
CT_20,C:\Users\USUARIO\Desktop\BP Mayo 2026\SynologyDrive\CT_20\100EK113\01110907.JPG,C:\Users\USUARIO\Desktop\BP Mayo 2026\SynologyDrive\CT_20\01110907.JPG,moved
CT_20,C:\Users\USUARIO\Desktop\BP Mayo 2026\SynologyDrive\CT_20\100EK113\01110908.MOV,C:\Users\USUARIO\Desktop\BP Mayo 2026\SynologyDrive\CT_20\01110908.MOV,moved
CT_20,C:\Users\USUARIO\Desktop\BP Mayo 2026\SynologyDrive\CT_20\100EK113\01110909.JPG,C:\Users\USUARIO\Desktop\BP Mayo 2026\SynologyDrive\CT_20\01110909.JPG,moved
CT_20,C:\Users\USUARIO\Desktop\BP Mayo 2026\SynologyDrive\CT_20\100EK113\01110910.JPG,C:\Users\USUARIO\Desktop\BP Mayo 2026\SynologyDrive\CT_20\01110910.JPG,moved
CT_20,C:\Users\USUARIO\Desktop\BP Mayo 2026\SynologyDrive\CT_20\100EK113\01110911.JPG,C:\Users\USUARIO\Desktop\BP Mayo 2026\SynologyDrive\CT_20\01110911.JPG,moved
CT_20,C:\Users\USUARIO\Desktop\BP Mayo 2026\SynologyDrive\CT_20\100EK113\01110912.MOV,C:\Users\USUARIO\Desktop\BP Mayo 2026\SynologyDrive\CT_20\01110912.MOV,moved
CT_20,C:\Users\USUARIO\Desktop\BP Mayo 2026\SynologyDrive\CT_20\100EK113\01110913.JPG,C:\Users\USUARIO\Desktop\BP Mayo 2026\SynologyDrive\CT_20\01110913.JPG,moved
CT_20,C:\Users\USUARIO\Desktop\BP Mayo 2026\SynologyDrive\CT_20\100EK113\01110914.JPG,C:\Users\USUARIO\Desktop\BP Mayo 2026\SynologyDrive\CT_20\01110914.JPG,moved
CT_20,C:\Users\USUARIO\Desktop\BP Mayo 2026\SynologyDrive\CT_20\100EK113\01110915.JPG,C:\Users\USUARIO\Desktop\BP Mayo 2026\SynologyDrive\CT_20\01110915.JPG,moved
CT_20,C:\Users\USUARIO\Desktop\BP Mayo 2026\SynologyDrive\CT_20\100EK113\01110916.MOV,C:\Users\USUARIO\Desktop\BP Mayo 2026\SynologyDrive\CT_20\01110916.MOV,moved
CT_20,C:\Users\USUARIO\Desktop\BP Mayo 2026\SynologyDrive\CT_20\100EK113\01110917.JPG,C:\Users\USUARIO\Desktop\BP Mayo 2026\SynologyDrive\CT_20\01110917.JPG,moved
CT_20,C:\Users\USUARIO\Desktop\BP Mayo 2026\SynologyDrive\CT_20\100EK113\01110918.JPG,C:\Users\USUARIO\Desktop\BP Mayo 2026\SynologyDrive\CT_20\01110918.JPG,moved
CT_20,C:\Users\USUARIO\Desktop\BP Mayo 2026\SynologyDrive\CT_20\100EK113\01110919.JPG,C:\Users\USUARIO\Desktop\BP Mayo 2026\SynologyDrive\CT_20\01110919.JPG,moved
CT_20,C:\Users\USUARIO\Desktop\BP Mayo 2026\SynologyDrive\CT_20\100EK113\01110920.MOV,C:\Users\USUARIO\Desktop\BP Mayo 2026\SynologyDrive\CT_20\01110920.MOV,moved
CT_20,C:\Users\USUARIO\Desktop\BP Mayo 2026\SynologyDrive\CT_20\100EK113\01110921.JPG,C:\Users\USUARIO\Desktop\BP Mayo 2026\SynologyDrive\CT_20\01110921.JPG,moved
CT_20,C:\Users\USUARIO\Desktop\BP Mayo 2026\SynologyDrive\CT_20\100EK113\01110922.JPG,C:\Users\USUARIO\Desktop\BP Mayo 2026\SynologyDrive\CT_20\01110922.JPG,moved
CT_20,C:\Users\USUARIO\Desktop\BP Mayo 2026\SynologyDrive\CT_20\100EK113\01110923.JPG,C:\Users\USUARIO\Desktop\BP Mayo 2026\SynologyDrive\CT_20\01110923.JPG,moved
CT_20,C:\Users\USUARIO\Desktop\BP Mayo 2026\SynologyDrive\CT_20\100EK113\01110924.MOV,C:\Users\USUARIO\Desktop\BP Mayo 2026\SynologyDrive\CT_20\01110924.MOV,moved
CT_20,C:\Users\USUARIO\Desktop\BP Mayo 2026\SynologyDrive\CT_20\100EK113\01110925.JPG,C:\Users\USUARIO\Desktop\BP Mayo 2026\SynologyDrive\CT_20\01110925.JPG,moved
CT_20,C:\Users\USUARIO\Desktop\BP Mayo 2026\SynologyDrive\CT_20\100EK113\01110926.JPG,C:\Users\USUARIO\Desktop\BP Mayo 2026\SynologyDrive\CT_20\01110926.JPG,moved
CT_20,C:\Users\USUARIO\Desktop\BP Mayo 2026\SynologyDrive\CT_20\100EK113\01110927.JPG,C:\Users\USUARIO\Desktop\BP Mayo 2026\SynologyDrive\CT_20\01110927.JPG,moved
CT_20,C:\Users\USUARIO\Desktop\BP Mayo 2026\SynologyDrive\CT_20\100EK113\01110928.MOV,C:\Users\USUARIO\Desktop\BP Mayo 2026\SynologyDrive\CT_20\01110928.MOV,moved
CT_20,C:\Users\USUARIO\Desktop\BP Mayo 2026\SynologyDrive\CT_20\100EK113\01110929.JPG,C:\Users\USUARIO\Desktop\BP Mayo 2026\SynologyDrive\CT_20\01110929.JPG,moved
CT_20,C:\Users\USUARIO\Desktop\BP Mayo 2026\SynologyDrive\CT_20\100EK113\01110930.JPG,C:\Users\USUARIO\Desktop\BP Mayo 2026\SynologyDrive\CT_20\01110930.JPG,moved
CT_20,C:\Users\USUARIO\Desktop\BP Mayo 2026\SynologyDrive\CT_20\100EK113\01110931.JPG,C:\Users\USUARIO\Desktop\BP Mayo 2026\SynologyDrive\CT_20\01110931.JPG,moved
CT_20,C:\Users\USUARIO\Desktop\BP Mayo 2026\SynologyDrive\CT_20\100EK113\01110932.MOV,C:\Users\USUARIO\Desktop\BP Mayo 2026\SynologyDrive\CT_20\01110932.MOV,moved
CT_20,C:\Users\USUARIO\Desktop\BP Mayo 2026\SynologyDrive\CT_20\100EK113\01110933.JPG,C:\Users\USUARIO\Desktop\BP Mayo 2026\SynologyDrive\CT_20\01110933.JPG,moved
CT_20,C:\Users\USUARIO\Desktop\BP Mayo 2026\SynologyDrive\CT_20\100EK113\01110934.JPG,C:\Users\USUARIO\Desktop\BP Mayo 2026\SynologyDrive\CT_20\01110934.JPG,moved
CT_20,C:\Users\USUARIO\Desktop\BP Mayo 2026\SynologyDrive\CT_20\100EK113\01110935.JPG,C:\Users\USUARIO\Desktop\BP Mayo 2026\SynologyDrive\CT_20\01110935.JPG,moved
CT_20,C:\Users\USUARIO\Desktop\BP Mayo 2026\SynologyDrive\CT_20\100EK113\01110936.MOV,C:\Users\USUARIO\Desktop\BP Mayo 2026\SynologyDrive\CT_20\01110936.MOV,moved
CT_20,C:\Users\USUARIO\Desktop\BP Mayo 2026\SynologyDrive\CT_20\100EK113\01110937.JPG,C:\Users\USUARIO\Desktop\BP Mayo 2026\SynologyDrive\CT_20\01110937.JPG,moved
CT_20,C:\Users\USUARIO\Desktop\BP Mayo 2026\SynologyDrive\CT_20\100EK113\01110938.JPG,C:\Users\USUARIO\Desktop\BP Mayo 2026\SynologyDrive\CT_20\01110938.JPG,moved
CT_20,C:\Users\USUARIO\Desktop\BP Mayo 2026\SynologyDrive\CT_20\100EK113\01110939.JPG,C:\Users\USUARIO\Desktop\BP Mayo 2026\SynologyDrive\CT_20\01110939.JPG,moved
CT_20,C:\Users\USUARIO\Desktop\BP Mayo 2026\SynologyDrive\CT_20\100EK113\01110940.MOV,C:\Users\USUARIO\Desktop\BP Mayo 2026\SynologyDrive\CT_20\01110940.MOV,moved
CT_20,C:\Users\USUARIO\Desktop\BP Mayo 2026\SynologyDrive\CT_20\100EK113\01110941.JPG,C:\Users\USUARIO\Desktop\BP Mayo 2026\SynologyDrive\CT_20\01110941.JPG,moved
CT_20,C:\Users\USUARIO\Desktop\BP Mayo 2026\SynologyDrive\CT_20\100EK113\01110942.JPG,C:\Users\USUARIO\Desktop\BP Mayo 2026\SynologyDrive\CT_20\01110942.JPG,moved
CT_20,C:\Users\USUARIO\Desktop\BP Mayo 2026\SynologyDrive\CT_20\100EK113\01110943.JPG,C:\Users\USUARIO\Desktop\BP Mayo 2026\SynologyDrive\CT_20\01110943.JPG,moved
CT_20,C:\Users\USUARIO\Desktop\BP Mayo 2026\SynologyDrive\CT_20\100EK113\01110944.MOV,C:\Users\USUARIO\Desktop\BP Mayo 2026\SynologyDrive\CT_20\01110944.MOV,moved
CT_20,C:\Users\USUARIO\Desktop\BP Mayo 2026\SynologyDrive\CT_20\100EK113\01110945.JPG,C:\Users\USUARIO\Desktop\BP Mayo 2026\SynologyDrive\CT_20\01110945.JPG,moved
CT_20,C:\Users\USUARIO\Desktop\BP Mayo 2026\SynologyDrive\CT_20\100EK113\01110946.JPG,C:\Users\USUARIO\Desktop\BP Mayo 2026\SynologyDrive\CT_20\01110946.JPG,moved
CT_20,C:\Users\USUARIO\Desktop\BP Mayo 2026\SynologyDrive\CT_20\100EK113\01110947.JPG,C:\Users\USUARIO\Desktop\BP Mayo 2026\SynologyDrive\CT_20\01110947.JPG,moved
CT_20,C:\Users\USUARIO\Desktop\BP Mayo 2026\SynologyDrive\CT_20\100EK113\01110948.MOV,C:\Users\USUARIO\Desktop\BP Mayo 2026\SynologyDrive\CT_20\01110948.MOV,moved
CT_20,C:\Users\USUARIO\Desktop\BP Mayo 2026\SynologyDrive\CT_20\100EK113\01110949.JPG,C:\Users\USUARIO\Desktop\BP Mayo 2026\SynologyDrive\CT_20\01110949.JPG,moved
CT_20,C:\Users\USUARIO\Desktop\BP Mayo 2026\SynologyDrive\CT_20\100EK113\01110950.JPG,C:\Users\USUARIO\Desktop\BP Mayo 2026\SynologyDrive\CT_20\01110950.JPG,moved
CT_20,C:\Users\USUARIO\Desktop\BP Mayo 2026\SynologyDrive\CT_20\100EK113\01110951.JPG,C:\Users\USUARIO\Desktop\BP Mayo 2026\SynologyDrive\CT_20\01110951.JPG,moved
CT_20,C:\Users\USUARIO\Desktop\BP Mayo 2026\SynologyDrive\CT_20\100EK113\01110952.MOV,C:\Users\USUARIO\Desktop\BP Mayo 2026\SynologyDrive\CT_20\01110952.MOV,moved
CT_20,C:\Users\USUARIO\Desktop\BP Mayo 2026\SynologyDrive\CT_20\100EK113\01110953.JPG,C:\Users\USUARIO\Desktop\BP Mayo 2026\SynologyDrive\CT_20\01110953.JPG,moved
CT_20,C:\Users\USUARIO\Desktop\BP Mayo 2026\SynologyDrive\CT_20\100EK113\01110954.JPG,C:\Users\USUARIO\Desktop\BP Mayo 2026\SynologyDrive\CT_20\01110954.JPG,moved
CT_20,C:\Users\USUARIO\Desktop\BP Mayo 2026\SynologyDrive\CT_20\100EK113\01110955.JPG,C:\Users\USUARIO\Desktop\BP Mayo 2026\SynologyDrive\CT_20\01110955.JPG,moved
CT_20,C:\Users\USUARIO\Desktop\BP Mayo 2026\SynologyDrive\CT_20\100EK113\01110956.MOV,C:\Users\USUARIO\Desktop\BP Mayo 2026\SynologyDrive\CT_20\01110956.MOV,moved
CT_20,C:\Users\USUARIO\Desktop\BP Mayo 2026\SynologyDrive\CT_20\100EK113\01110957.JPG,C:\Users\USUARIO\Desktop\BP Mayo 2026\SynologyDrive\CT_20\01110957.JPG,moved
CT_20,C:\Users\USUARIO\Desktop\BP Mayo 2026\SynologyDrive\CT_20\100EK113\01110958.JPG,C:\Users\USUARIO\Desktop\BP Mayo 2026\SynologyDrive\CT_20\01110958.JPG,moved
CT_20,C:\Users\USUARIO\Desktop\BP Mayo 2026\SynologyDrive\CT_20\100EK113\01110959.JPG,C:\Users\USUARIO\Desktop\BP Mayo 2026\SynologyDrive\CT_20\01110959.JPG,moved
CT_20,C:\Users\USUARIO\Desktop\BP Mayo 2026\SynologyDrive\CT_20\100EK113\01110960.MOV,C:\Users\USUARIO\Desktop\BP Mayo 2026\SynologyDrive\CT_20\01110960.MOV,moved
CT_20,C:\Users\USUARIO\Desktop\BP Mayo 2026\SynologyDrive\CT_20\100EK113\01110961.JPG,C:\Users\USUARIO\Desktop\BP Mayo 2026\SynologyDrive\CT_20\01110961.JPG,moved
CT_20,C:\Users\USUARIO\Desktop\BP Mayo 2026\SynologyDrive\CT_20\100EK113\01110962.JPG,C:\Users\USUARIO\Desktop\BP Mayo 2026\SynologyDrive\CT_20\01110962.JPG,moved
CT_20,C:\Users\USUARIO\Desktop\BP Mayo 2026\SynologyDrive\CT_20\100EK113\01110963.JPG,C:\Users\USUARIO\Desktop\BP Mayo 2026\SynologyDrive\CT_20\01110963.JPG,moved
CT_20,C:\Users\USUARIO\Desktop\BP Mayo 2026\SynologyDrive\CT_20\100EK113\01110964.MOV,C:\Users\USUARIO\Desktop\BP Mayo 2026\SynologyDrive\CT_20\01110964.MOV,moved
CT_20,C:\Users\USUARIO\Desktop\BP Mayo 2026\SynologyDrive\CT_20\100EK113\01110965.JPG,C:\Users\USUARIO\Desktop\BP Mayo 2026\SynologyDrive\CT_20\01110965.JPG,moved
CT_20,C:\Users\USUARIO\Desktop\BP Mayo 2026\SynologyDrive\CT_20\100EK113\01110966.JPG,C:\Users\USUARIO\Desktop\BP Mayo 2026\SynologyDrive\CT_20\01110966.JPG,moved
CT_20,C:\Users\USUARIO\Desktop\BP Mayo 2026\SynologyDrive\CT_20\100EK113\01110967.JPG,C:\Users\USUARIO\Desktop\BP Mayo 2026\SynologyDrive\CT_20\01110967.JPG,moved
CT_20,C:\Users\USUARIO\Desktop\BP Mayo 2026\SynologyDrive\CT_20\100EK113\01110968.MOV,C:\Users\USUARIO\Desktop\BP Mayo 2026\SynologyDrive\CT_20\01110968.MOV,moved
CT_20,C:\Users\USUARIO\Desktop\BP Mayo 2026\SynologyDrive\CT_20\100EK113\01110969.JPG,C:\Users\USUARIO\Desktop\BP Mayo 2026\SynologyDrive\CT_20\01110969.JPG,moved
CT_20,C:\Users\USUARIO\Desktop\BP Mayo 2026\SynologyDrive\CT_20\100EK113\01110970.JPG,C:\Users\USUARIO\Desktop\BP Mayo 2026\SynologyDrive\CT_20\01110970.JPG,moved
CT_20,C:\Users\USUARIO\Desktop\BP Mayo 2026\SynologyDrive\CT_20\100EK113\01110971.JPG,C:\Users\USUARIO\Desktop\BP Mayo 2026\SynologyDrive\CT_20\01110971.JPG,moved
CT_20,C:\Users\USUARIO\Desktop\BP Mayo 2026\SynologyDrive\CT_20\100EK113\01110972.MOV,C:\Users\USUARIO\Desktop\BP Mayo 2026\SynologyDrive\CT_20\01110972.MOV,moved
CT_20,C:\Users\USUARIO\Desktop\BP Mayo 2026\SynologyDrive\CT_20\100EK113\01110973.JPG,C:\Users\USUARIO\Desktop\BP Mayo 2026\SynologyDrive\CT_20\01110973.JPG,moved
CT_20,C:\Users\USUARIO\Desktop\BP Mayo 2026\SynologyDrive\CT_20\100EK113\01110974.JPG,C:\Users\USUARIO\Desktop\BP Mayo 2026\SynologyDrive\CT_20\01110974.JPG,moved
CT_20,C:\Users\USUARIO\Desktop\BP Mayo 2026\SynologyDrive\CT_20\100EK113\01110975.JPG,C:\Users\USUARIO\Desktop\BP Mayo 2026\SynologyDrive\CT_20\01110975.JPG,moved
CT_20,C:\Users\USUARIO\Desktop\BP Mayo 2026\SynologyDrive\CT_20\100EK113\01110976.MOV,C:\Users\USUARIO\Desktop\BP Mayo 2026\SynologyDrive\CT_20\01110976.MOV,moved
CT_20,C:\Users\USUARIO\Desktop\BP Mayo 2026\SynologyDrive\CT_20\100EK113\01110977.JPG,C:\Users\USUARIO\Desktop\BP Mayo 2026\SynologyDrive\CT_20\01110977.JPG,moved
CT_20,C:\Users\USUARIO\Desktop\BP Mayo 2026\SynologyDrive\CT_20\100EK113\01110978.JPG,C:\Users\USUARIO\Desktop\BP Mayo 2026\SynologyDrive\CT_20\01110978.JPG,moved
CT_20,C:\Users\USUARIO\Desktop\BP Mayo 2026\SynologyDrive\CT_20\100EK113\01110979.JPG,C:\Users\USUARIO\Desktop\BP Mayo 2026\SynologyDrive\CT_20\01110979.JPG,moved
CT_20,C:\Users\USUARIO\Desktop\BP Mayo 2026\SynologyDrive\CT_20\100EK113\01110980.MOV,C:\Users\USUARIO\Desktop\BP Mayo 2026\SynologyDrive\CT_20\01110980.MOV,moved
CT_20,C:\Users\USUARIO\Desktop\BP Mayo 2026\SynologyDrive\CT_20\100EK113\01110981.JPG,C:\Users\USUARIO\Desktop\BP Mayo 2026\SynologyDrive\CT_20\01110981.JPG,moved
CT_20,C:\Users\USUARIO\Desktop\BP Mayo 2026\SynologyDrive\CT_20\100EK113\01110982.JPG,C:\Users\USUARIO\Desktop\BP Mayo 2026\SynologyDrive\CT_20\01110982.JPG,moved
CT_20,C:\Users\USUARIO\Desktop\BP Mayo 2026\SynologyDrive\CT_20\100EK113\01110983.JPG,C:\Users\USUARIO\Desktop\BP Mayo 2026\SynologyDrive\CT_20\01110983.JPG,moved
CT_20,C:\Users\USUARIO\Desktop\BP Mayo 2026\SynologyDrive\CT_20\100EK113\01110984.MOV,C:\Users\USUARIO\Desktop\BP Mayo 2026\SynologyDrive\CT_20\01110984.MOV,moved
CT_20,C:\Users\USUARIO\Desktop\BP Mayo 2026\SynologyDrive\CT_20\100EK113\01110985.JPG,C:\Users\USUARIO\Desktop\BP Mayo 2026\SynologyDrive\CT_20\01110985.JPG,moved
CT_20,C:\Users\USUARIO\Desktop\BP Mayo 2026\SynologyDrive\CT_20\100EK113\01110986.JPG,C:\Users\USUARIO\Desktop\BP Mayo 2026\SynologyDrive\CT_20\01110986.JPG,moved
CT_20,C:\Users\USUARIO\Desktop\BP Mayo 2026\SynologyDrive\CT_20\100EK113\01110987.JPG,C:\Users\USUARIO\Desktop\BP Mayo 2026\SynologyDrive\CT_20\01110987.JPG,moved
CT_20,C:\Users\USUARIO\Desktop\BP Mayo 2026\SynologyDrive\CT_20\100EK113\01110988.MOV,C:\Users\USUARIO\Desktop\BP Mayo 2026\SynologyDrive\CT_20\01110988.MOV,moved
CT_20,C:\Users\USUARIO\Desktop\BP Mayo 2026\SynologyDrive\CT_20\100EK113\01110989.JPG,C:\Users\USUARIO\Desktop\BP Mayo 2026\SynologyDrive\CT_20\01110989.JPG,moved
CT_20,C:\Users\USUARIO\Desktop\BP Mayo 2026\SynologyDrive\CT_20\100EK113\01110990.JPG,C:\Users\USUARIO\Desktop\BP Mayo 2026\SynologyDrive\CT_20\01110990.JPG,moved
CT_20,C:\Users\USUARIO\Desktop\BP Mayo 2026\SynologyDrive\CT_20\100EK113\01110991.JPG,C:\Users\USUARIO\Desktop\BP Mayo 2026\SynologyDrive\CT_20\01110991.JPG,moved
CT_20,C:\Users\USUARIO\Desktop\BP Mayo 2026\SynologyDrive\CT_20\100EK113\01110992.MOV,C:\Users\USUARIO\Desktop\BP Mayo 2026\SynologyDrive\CT_20\01110992.MOV,moved
CT_20,C:\Users\USUARIO\Desktop\BP Mayo 2026\SynologyDrive\CT_20\100EK113\01110993.JPG,C:\Users\USUARIO\Desktop\BP Mayo 2026\SynologyDrive\CT_20\01110993.JPG,moved
CT_20,C:\Users\USUARIO\Desktop\BP Mayo 2026\SynologyDrive\CT_20\100EK113\01110994.JPG,C:\Users\USUARIO\Desktop\BP Mayo 2026\SynologyDrive\CT_20\01110994.JPG,moved
CT_20,C:\Users\USUARIO\Desktop\BP Mayo 2026\SynologyDrive\CT_20\100EK113\01110995.JPG,C:\Users\USUARIO\Desktop\BP Mayo 2026\SynologyDrive\CT_20\01110995.JPG,moved
CT_20,C:\Users\USUARIO\Desktop\BP Mayo 2026\SynologyDrive\CT_20\100EK113\01110996.MOV,C:\Users\USUARIO\Desktop\BP Mayo 2026\SynologyDrive\CT_20\01110996.MOV,moved
CT_20,C:\Users\USUARIO\Desktop\BP Mayo 2026\SynologyDrive\CT_20\100EK113\01110997.JPG,C:\Users\USUARIO\Desktop\BP Mayo 2026\SynologyDrive\CT_20\01110997.JPG,moved
CT_20,C:\Users\USUARIO\Desktop\BP Mayo 2026\SynologyDrive\CT_20\100EK113\01110998.JPG,C:\Users\USUARIO\Desktop\BP Mayo 2026\SynologyDrive\CT_20\01110998.JPG,moved
CT_20,C:\Users\USUARIO\Desktop\BP Mayo 2026\SynologyDrive\CT_20\100EK113\01110999.JPG,C:\Users\USUARIO\Desktop\BP Mayo 2026\SynologyDrive\CT_20\01110999.JPG,moved
CT_20,C:\Users\USUARIO\Desktop\BP Mayo 2026\SynologyDrive\CT_20\100EK113\12030001.JPG,C:\Users\USUARIO\Desktop\BP Mayo 2026\SynologyDrive\CT_20\12030001.JPG,moved
CT_20,C:\Users\USUARIO\Desktop\BP Mayo 2026\SynologyDrive\CT_20\100EK113\12030002.JPG,C:\Users\USUARIO\Desktop\BP Mayo 2026\SynologyDrive\CT_20\12030002.JPG,moved
CT_20,C:\Users\USUARIO\Desktop\BP Mayo 2026\SynologyDrive\CT_20\100EK113\12030003.JPG,C:\Users\USUARIO\Desktop\BP Mayo 2026\SynologyDrive\CT_20\12030003.JPG,moved
CT_20,C:\Users\USUARIO\Desktop\BP Mayo 2026\SynologyDrive\CT_20\100EK113\12030004.MOV,C:\Users\USUARIO\Desktop\BP Mayo 2026\SynologyDrive\CT_20\12030004.MOV,moved
CT_20,C:\Users\USUARIO\Desktop\BP Mayo 2026\SynologyDrive\CT_20\100EK113\12030005.JPG,C:\Users\USUARIO\Desktop\BP Mayo 2026\SynologyDrive\CT_20\12030005.JPG,moved
CT_20,C:\Users\USUARIO\Desktop\BP Mayo 2026\SynologyDrive\CT_20\100EK113\12030006.JPG,C:\Users\USUARIO\Desktop\BP Mayo 2026\SynologyDrive\CT_20\12030006.JPG,moved
CT_20,C:\Users\USUARIO\Desktop\BP Mayo 2026\SynologyDrive\CT_20\100EK113\12030007.JPG,C:\Users\USUARIO\Desktop\BP Mayo 2026\SynologyDrive\CT_20\12030007.JPG,moved
CT_20,C:\Users\USUARIO\Desktop\BP Mayo 2026\SynologyDrive\CT_20\100EK113\12030008.MOV,C:\Users\USUARIO\Desktop\BP Mayo 2026\SynologyDrive\CT_20\12030008.MOV,moved
CT_20,C:\Users\USUARIO\Desktop\BP Mayo 2026\SynologyDrive\CT_20\100EK113\12040009.JPG,C:\Users\USUARIO\Desktop\BP Mayo 2026\SynologyDrive\CT_20\12040009.JPG,moved
CT_20,C:\Users\USUARIO\Desktop\BP Mayo 2026\SynologyDrive\CT_20\100EK113\12040010.JPG,C:\Users\USUARIO\Desktop\BP Mayo 2026\SynologyDrive\CT_20\12040010.JPG,moved
CT_20,C:\Users\USUARIO\Desktop\BP Mayo 2026\SynologyDrive\CT_20\100EK113\12040011.JPG,C:\Users\USUARIO\Desktop\BP Mayo 2026\SynologyDrive\CT_20\12040011.JPG,moved
CT_20,C:\Users\USUARIO\Desktop\BP Mayo 2026\SynologyDrive\CT_20\100EK113\12040012.MOV,C:\Users\USUARIO\Desktop\BP Mayo 2026\SynologyDrive\CT_20\12040012.MOV,moved
CT_20,C:\Users\USUARIO\Desktop\BP Mayo 2026\SynologyDrive\CT_20\100EK113\12040013.JPG,C:\Users\USUARIO\Desktop\BP Mayo 2026\SynologyDrive\CT_20\12040013.JPG,moved
CT_20,C:\Users\USUARIO\Desktop\BP Mayo 2026\SynologyDrive\CT_20\100EK113\12040014.JPG,C:\Users\USUARIO\Desktop\BP Mayo 2026\SynologyDrive\CT_20\12040014.JPG,moved
CT_20,C:\Users\USUARIO\Desktop\BP Mayo 2026\SynologyDrive\CT_20\100EK113\12040015.JPG,C:\Users\USUARIO\Desktop\BP Mayo 2026\SynologyDrive\CT_20\12040015.JPG,moved
CT_20,C:\Users\USUARIO\Desktop\BP Mayo 2026\SynologyDrive\CT_20\100EK113\12040016.MOV,C:\Users\USUARIO\Desktop\BP Mayo 2026\SynologyDrive\CT_20\12040016.MOV,moved
CT_20,C:\Users\USUARIO\Desktop\BP Mayo 2026\SynologyDrive\CT_20\100EK113\12050017.JPG,C:\Users\USUARIO\Desktop\BP Mayo 2026\SynologyDrive\CT_20\12050017.JPG,moved
CT_20,C:\Users\USUARIO\Desktop\BP Mayo 2026\SynologyDrive\CT_20\100EK113\12050018.JPG,C:\Users\USUARIO\Desktop\BP Mayo 2026\SynologyDrive\CT_20\12050018.JPG,moved
CT_20,C:\Users\USUARIO\Desktop\BP Mayo 2026\SynologyDrive\CT_20\100EK113\12050019.JPG,C:\Users\USUARIO\Desktop\BP Mayo 2026\SynologyDrive\CT_20\12050019.JPG,moved
CT_20,C:\Users\USUARIO\Desktop\BP Mayo 2026\SynologyDrive\CT_20\100EK113\12050020.MOV,C:\Users\USUARIO\Desktop\BP Mayo 2026\SynologyDrive\CT_20\12050020.MOV,moved
CT_20,C:\Users\USUARIO\Desktop\BP Mayo 2026\SynologyDrive\CT_20\100EK113\12050021.JPG,C:\Users\USUARIO\Desktop\BP Mayo 2026\SynologyDrive\CT_20\12050021.JPG,moved
CT_20,C:\Users\USUARIO\Desktop\BP Mayo 2026\SynologyDrive\CT_20\100EK113\12050022.JPG,C:\Users\USUARIO\Desktop\BP Mayo 2026\SynologyDrive\CT_20\12050022.JPG,moved
CT_20,C:\Users\USUARIO\Desktop\BP Mayo 2026\SynologyDrive\CT_20\100EK113\12050023.JPG,C:\Users\USUARIO\Desktop\BP Mayo 2026\SynologyDrive\CT_20\12050023.JPG,moved
CT_20,C:\Users\USUARIO\Desktop\BP Mayo 2026\SynologyDrive\CT_20\100EK113\12050024.MOV,C:\Users\USUARIO\Desktop\BP Mayo 2026\SynologyDrive\CT_20\12050024.MOV,moved
CT_20,C:\Users\USUARIO\Desktop\BP Mayo 2026\SynologyDrive\CT_20\100EK113\12100025.JPG,C:\Users\USUARIO\Desktop\BP Mayo 2026\SynologyDrive\CT_20\12100025.JPG,moved
CT_20,C:\Users\USUARIO\Desktop\BP Mayo 2026\SynologyDrive\CT_20\100EK113\12100026.JPG,C:\Users\USUARIO\Desktop\BP Mayo 2026\SynologyDrive\CT_20\12100026.JPG,moved
CT_20,C:\Users\USUARIO\Desktop\BP Mayo 2026\SynologyDrive\CT_20\100EK113\12100027.JPG,C:\Users\USUARIO\Desktop\BP Mayo 2026\SynologyDrive\CT_20\12100027.JPG,moved
CT_20,C:\Users\USUARIO\Desktop\BP Mayo 2026\SynologyDrive\CT_20\100EK113\12100028.MOV,C:\Users\USUARIO\Desktop\BP Mayo 2026\SynologyDrive\CT_20\12100028.MOV,moved
CT_20,C:\Users\USUARIO\Desktop\BP Mayo 2026\SynologyDrive\CT_20\100EK113\12110029.JPG,C:\Users\USUARIO\Desktop\BP Mayo 2026\SynologyDrive\CT_20\12110029.JPG,moved
CT_20,C:\Users\USUARIO\Desktop\BP Mayo 2026\SynologyDrive\CT_20\100EK113\12110030.JPG,C:\Users\USUARIO\Desktop\BP Mayo 2026\SynologyDrive\CT_20\12110030.JPG,moved
CT_20,C:\Users\USUARIO\Desktop\BP Mayo 2026\SynologyDrive\CT_20\100EK113\12110031.JPG,C:\Users\USUARIO\Desktop\BP Mayo 2026\SynologyDrive\CT_20\12110031.JPG,moved
CT_20,C:\Users\USUARIO\Desktop\BP Mayo 2026\SynologyDrive\CT_20\100EK113\12110032.MOV,C:\Users\USUARIO\Desktop\BP Mayo 2026\SynologyDrive\CT_20\12110032.MOV,moved
CT_20,C:\Users\USUARIO\Desktop\BP Mayo 2026\SynologyDrive\CT_20\100EK113\12110033.JPG,C:\Users\USUARIO\Desktop\BP Mayo 2026\SynologyDrive\CT_20\12110033.JPG,moved
CT_20,C:\Users\USUARIO\Desktop\BP Mayo 2026\SynologyDrive\CT_20\100EK113\12110034.JPG,C:\Users\USUARIO\Desktop\BP Mayo 2026\SynologyDrive\CT_20\12110034.JPG,moved
CT_20,C:\Users\USUARIO\Desktop\BP Mayo 2026\SynologyDrive\CT_20\100EK113\12110035.JPG,C:\Users\USUARIO\Desktop\BP Mayo 2026\SynologyDrive\CT_20\12110035.JPG,moved
CT_20,C:\Users\USUARIO\Desktop\BP Mayo 2026\SynologyDrive\CT_20\100EK113\12110036.MOV,C:\Users\USUARIO\Desktop\BP Mayo 2026\SynologyDrive\CT_20\12110036.MOV,moved
CT_20,C:\Users\USUARIO\Desktop\BP Mayo 2026\SynologyDrive\CT_20\100EK113\12110037.JPG,C:\Users\USUARIO\Desktop\BP Mayo 2026\SynologyDrive\CT_20\12110037.JPG,moved
CT_20,C:\Users\USUARIO\Desktop\BP Mayo 2026\SynologyDrive\CT_20\100EK113\12110038.JPG,C:\Users\USUARIO\Desktop\BP Mayo 2026\SynologyDrive\CT_20\12110038.JPG,moved
CT_20,C:\Users\USUARIO\Desktop\BP Mayo 2026\SynologyDrive\CT_20\100EK113\12110039.JPG,C:\Users\USUARIO\Desktop\BP Mayo 2026\SynologyDrive\CT_20\12110039.JPG,moved
CT_20,C:\Users\USUARIO\Desktop\BP Mayo 2026\SynologyDrive\CT_20\100EK113\12110040.MOV,C:\Users\USUARIO\Desktop\BP Mayo 2026\SynologyDrive\CT_20\12110040.MOV,moved
CT_20,C:\Users\USUARIO\Desktop\BP Mayo 2026\SynologyDrive\CT_20\100EK113\12110041.JPG,C:\Users\USUARIO\Desktop\BP Mayo 2026\SynologyDrive\CT_20\12110041.JPG,moved
CT_20,C:\Users\USUARIO\Desktop\BP Mayo 2026\SynologyDrive\CT_20\100EK113\12110042.JPG,C:\Users\USUARIO\Desktop\BP Mayo 2026\SynologyDrive\CT_20\12110042.JPG,moved
CT_20,C:\Users\USUARIO\Desktop\BP Mayo 2026\SynologyDrive\CT_20\100EK113\12110043.JPG,C:\Users\USUARIO\Desktop\BP Mayo 2026\SynologyDrive\CT_20\12110043.JPG,moved
CT_20,C:\Users\USUARIO\Desktop\BP Mayo 2026\SynologyDrive\CT_20\100EK113\12110044.MOV,C:\Users\USUARIO\Desktop\BP Mayo 2026\SynologyDrive\CT_20\12110044.MOV,moved
CT_20,C:\Users\USUARIO\Desktop\BP Mayo 2026\SynologyDrive\CT_20\100EK113\12110045.JPG,C:\Users\USUARIO\Desktop\BP Mayo 2026\SynologyDrive\CT_20\12110045.JPG,moved
CT_20,C:\Users\USUARIO\Desktop\BP Mayo 2026\SynologyDrive\CT_20\100EK113\12110046.JPG,C:\Users\USUARIO\Desktop\BP Mayo 2026\SynologyDrive\CT_20\12110046.JPG,moved
CT_20,C:\Users\USUARIO\Desktop\BP Mayo 2026\SynologyDrive\CT_20\100EK113\12110047.JPG,C:\Users\USUARIO\Desktop\BP Mayo 2026\SynologyDrive\CT_20\12110047.JPG,moved
CT_20,C:\Users\USUARIO\Desktop\BP Mayo 2026\SynologyDrive\CT_20\100EK113\12110048.MOV,C:\Users\USUARIO\Desktop\BP Mayo 2026\SynologyDrive\CT_20\12110048.MOV,moved
CT_20,C:\Users\USUARIO\Desktop\BP Mayo 2026\SynologyDrive\CT_20\100EK113\12110049.JPG,C:\Users\USUARIO\Desktop\BP Mayo 2026\SynologyDrive\CT_20\12110049.JPG,moved
CT_20,C:\Users\USUARIO\Desktop\BP Mayo 2026\SynologyDrive\CT_20\100EK113\12110050.JPG,C:\Users\USUARIO\Desktop\BP Mayo 2026\SynologyDrive\CT_20\12110050.JPG,moved
CT_20,C:\Users\USUARIO\Desktop\BP Mayo 2026\SynologyDrive\CT_20\100EK113\12110051.JPG,C:\Users\USUARIO\Desktop\BP Mayo 2026\SynologyDrive\CT_20\12110051.JPG,moved
CT_20,C:\Users\USUARIO\Desktop\BP Mayo 2026\SynologyDrive\CT_20\100EK113\12110052.MOV,C:\Users\USUARIO\Desktop\BP Mayo 2026\SynologyDrive\CT_20\12110052.MOV,moved
CT_20,C:\Users\USUARIO\Desktop\BP Mayo 2026\SynologyDrive\CT_20\100EK113\12110053.JPG,C:\Users\USUARIO\Desktop\BP Mayo 2026\SynologyDrive\CT_20\12110053.JPG,moved
CT_20,C:\Users\USUARIO\Desktop\BP Mayo 2026\SynologyDrive\CT_20\100EK113\12110054.JPG,C:\Users\USUARIO\Desktop\BP Mayo 2026\SynologyDrive\CT_20\12110054.JPG,moved
CT_20,C:\Users\USUARIO\Desktop\BP Mayo 2026\SynologyDrive\CT_20\100EK113\12110055.JPG,C:\Users\USUARIO\Desktop\BP Mayo 2026\SynologyDrive\CT_20\12110055.JPG,moved
CT_20,C:\Users\USUARIO\Desktop\BP Mayo 2026\SynologyDrive\CT_20\100EK113\12110056.MOV,C:\Users\USUARIO\Desktop\BP Mayo 2026\SynologyDrive\CT_20\12110056.MOV,moved
CT_20,C:\Users\USUARIO\Desktop\BP Mayo 2026\SynologyDrive\CT_20\100EK113\12110057.JPG,C:\Users\USUARIO\Desktop\BP Mayo 2026\SynologyDrive\CT_20\12110057.JPG,moved
CT_20,C:\Users\USUARIO\Desktop\BP Mayo 2026\SynologyDrive\CT_20\100EK113\12110058.JPG,C:\Users\USUARIO\Desktop\BP Mayo 2026\SynologyDrive\CT_20\12110058.JPG,moved
CT_20,C:\Users\USUARIO\Desktop\BP Mayo 2026\SynologyDrive\CT_20\100EK113\12110059.JPG,C:\Users\USUARIO\Desktop\BP Mayo 2026\SynologyDrive\CT_20\12110059.JPG,moved
CT_20,C:\Users\USUARIO\Desktop\BP Mayo 2026\SynologyDrive\CT_20\100EK113\12110060.MOV,C:\Users\USUARIO\Desktop\BP Mayo 2026\SynologyDrive\CT_20\12110060.MOV,moved
CT_20,C:\Users\USUARIO\Desktop\BP Mayo 2026\SynologyDrive\CT_20\100EK113\12110061.JPG,C:\Users\USUARIO\Desktop\BP Mayo 2026\SynologyDrive\CT_20\12110061.JPG,moved
CT_20,C:\Users\USUARIO\Desktop\BP Mayo 2026\SynologyDrive\CT_20\100EK113\12110062.JPG,C:\Users\USUARIO\Desktop\BP Mayo 2026\SynologyDrive\CT_20\12110062.JPG,moved
CT_20,C:\Users\USUARIO\Desktop\BP Mayo 2026\SynologyDrive\CT_20\100EK113\12110063.JPG,C:\Users\USUARIO\Desktop\BP Mayo 2026\SynologyDrive\CT_20\12110063.JPG,moved
CT_20,C:\Users\USUARIO\Desktop\BP Mayo 2026\SynologyDrive\CT_20\100EK113\12110064.MOV,C:\Users\USUARIO\Desktop\BP Mayo 2026\SynologyDrive\CT_20\12110064.MOV,moved
CT_20,C:\Users\USUARIO\Desktop\BP Mayo 2026\SynologyDrive\CT_20\100EK113\12110065.JPG,C:\Users\USUARIO\Desktop\BP Mayo 2026\SynologyDrive\CT_20\12110065.JPG,moved
CT_20,C:\Users\USUARIO\Desktop\BP Mayo 2026\SynologyDrive\CT_20\100EK113\12110066.JPG,C:\Users\USUARIO\Desktop\BP Mayo 2026\SynologyDrive\CT_20\12110066.JPG,moved
CT_20,C:\Users\USUARIO\Desktop\BP Mayo 2026\SynologyDrive\CT_20\100EK113\12110067.JPG,C:\Users\USUARIO\Desktop\BP Mayo 2026\SynologyDrive\CT_20\12110067.JPG,moved
CT_20,C:\Users\USUARIO\Desktop\BP Mayo 2026\SynologyDrive\CT_20\100EK113\12110068.MOV,C:\Users\USUARIO\Desktop\BP Mayo 2026\SynologyDrive\CT_20\12110068.MOV,moved
CT_20,C:\Users\USUARIO\Desktop\BP Mayo 2026\SynologyDrive\CT_20\100EK113\12110069.JPG,C:\Users\USUARIO\Desktop\BP Mayo 2026\SynologyDrive\CT_20\12110069.JPG,moved
CT_20,C:\Users\USUARIO\Desktop\BP Mayo 2026\SynologyDrive\CT_20\100EK113\12110070.JPG,C:\Users\USUARIO\Desktop\BP Mayo 2026\SynologyDrive\CT_20\12110070.JPG,moved
CT_20,C:\Users\USUARIO\Desktop\BP Mayo 2026\SynologyDrive\CT_20\100EK113\12110071.JPG,C:\Users\USUARIO\Desktop\BP Mayo 2026\SynologyDrive\CT_20\12110071.JPG,moved
CT_20,C:\Users\USUARIO\Desktop\BP Mayo 2026\SynologyDrive\CT_20\100EK113\12110072.MOV,C:\Users\USUARIO\Desktop\BP Mayo 2026\SynologyDrive\CT_20\12110072.MOV,moved
CT_20,C:\Users\USUARIO\Desktop\BP Mayo 2026\SynologyDrive\CT_20\100EK113\12110073.JPG,C:\Users\USUARIO\Desktop\BP Mayo 2026\SynologyDrive\CT_20\12110073.JPG,moved
CT_20,C:\Users\USUARIO\Desktop\BP Mayo 2026\SynologyDrive\CT_20\100EK113\12110074.JPG,C:\Users\USUARIO\Desktop\BP Mayo 2026\SynologyDrive\CT_20\12110074.JPG,moved
CT_20,C:\Users\USUARIO\Desktop\BP Mayo 2026\SynologyDrive\CT_20\100EK113\12110075.JPG,C:\Users\USUARIO\Desktop\BP Mayo 2026\SynologyDrive\CT_20\12110075.JPG,moved
CT_20,C:\Users\USUARIO\Desktop\BP Mayo 2026\SynologyDrive\CT_20\100EK113\12110076.MOV,C:\Users\USUARIO\Desktop\BP Mayo 2026\SynologyDrive\CT_20\12110076.MOV,moved
CT_20,C:\Users\USUARIO\Desktop\BP Mayo 2026\SynologyDrive\CT_20\100EK113\12110077.JPG,C:\Users\USUARIO\Desktop\BP Mayo 2026\SynologyDrive\CT_20\12110077.JPG,moved
CT_20,C:\Users\USUARIO\Desktop\BP Mayo 2026\SynologyDrive\CT_20\100EK113\12110078.JPG,C:\Users\USUARIO\Desktop\BP Mayo 2026\SynologyDrive\CT_20\12110078.JPG,moved
CT_20,C:\Users\USUARIO\Desktop\BP Mayo 2026\SynologyDrive\CT_20\100EK113\12110079.JPG,C:\Users\USUARIO\Desktop\BP Mayo 2026\SynologyDrive\CT_20\12110079.JPG,moved
CT_20,C:\Users\USUARIO\Desktop\BP Mayo 2026\SynologyDrive\CT_20\100EK113\12110080.MOV,C:\Users\USUARIO\Desktop\BP Mayo 2026\SynologyDrive\CT_20\12110080.MOV,moved
CT_20,C:\Users\USUARIO\Desktop\BP Mayo 2026\SynologyDrive\CT_20\100EK113\12110081.JPG,C:\Users\USUARIO\Desktop\BP Mayo 2026\SynologyDrive\CT_20\12110081.JPG,moved
CT_20,C:\Users\USUARIO\Desktop\BP Mayo 2026\SynologyDrive\CT_20\100EK113\12110082.JPG,C:\Users\USUARIO\Desktop\BP Mayo 2026\SynologyDrive\CT_20\12110082.JPG,moved
CT_20,C:\Users\USUARIO\Desktop\BP Mayo 2026\SynologyDrive\CT_20\100EK113\12110083.JPG,C:\Users\USUARIO\Desktop\BP Mayo 2026\SynologyDrive\CT_20\12110083.JPG,moved
CT_20,C:\Users\USUARIO\Desktop\BP Mayo 2026\SynologyDrive\CT_20\100EK113\12110084.MOV,C:\Users\USUARIO\Desktop\BP Mayo 2026\SynologyDrive\CT_20\12110084.MOV,moved
CT_20,C:\Users\USUARIO\Desktop\BP Mayo 2026\SynologyDrive\CT_20\100EK113\12110085.JPG,C:\Users\USUARIO\Desktop\BP Mayo 2026\SynologyDrive\CT_20\12110085.JPG,moved
CT_20,C:\Users\USUARIO\Desktop\BP Mayo 2026\SynologyDrive\CT_20\100EK113\12110086.JPG,C:\Users\USUARIO\Desktop\BP Mayo 2026\SynologyDrive\CT_20\12110086.JPG,moved
CT_20,C:\Users\USUARIO\Desktop\BP Mayo 2026\SynologyDrive\CT_20\100EK113\12110087.JPG,C:\Users\USUARIO\Desktop\BP Mayo 2026\SynologyDrive\CT_20\12110087.JPG,moved
CT_20,C:\Users\USUARIO\Desktop\BP Mayo 2026\SynologyDrive\CT_20\100EK113\12110088.MOV,C:\Users\USUARIO\Desktop\BP Mayo 2026\SynologyDrive\CT_20\12110088.MOV,moved
CT_20,C:\Users\USUARIO\Desktop\BP Mayo 2026\SynologyDrive\CT_20\100EK113\12110089.JPG,C:\Users\USUARIO\Desktop\BP Mayo 2026\SynologyDrive\CT_20\12110089.JPG,moved
CT_20,C:\Users\USUARIO\Desktop\BP Mayo 2026\SynologyDrive\CT_20\100EK113\12110090.JPG,C:\Users\USUARIO\Desktop\BP Mayo 2026\SynologyDrive\CT_20\12110090.JPG,moved
CT_20,C:\Users\USUARIO\Desktop\BP Mayo 2026\SynologyDrive\CT_20\100EK113\12110091.JPG,C:\Users\USUARIO\Desktop\BP Mayo 2026\SynologyDrive\CT_20\12110091.JPG,moved
CT_20,C:\Users\USUARIO\Desktop\BP Mayo 2026\SynologyDrive\CT_20\100EK113\12110092.MOV,C:\Users\USUARIO\Desktop\BP Mayo 2026\SynologyDrive\CT_20\12110092.MOV,moved
CT_20,C:\Users\USUARIO\Desktop\BP Mayo 2026\SynologyDrive\CT_20\100EK113\12110093.JPG,C:\Users\USUARIO\Desktop\BP Mayo 2026\SynologyDrive\CT_20\12110093.JPG,moved
CT_20,C:\Users\USUARIO\Desktop\BP Mayo 2026\SynologyDrive\CT_20\100EK113\12110094.JPG,C:\Users\USUARIO\Desktop\BP Mayo 2026\SynologyDrive\CT_20\12110094.JPG,moved
CT_20,C:\Users\USUARIO\Desktop\BP Mayo 2026\SynologyDrive\CT_20\100EK113\12110095.JPG,C:\Users\USUARIO\Desktop\BP Mayo 2026\SynologyDrive\CT_20\12110095.JPG,moved
CT_20,C:\Users\USUARIO\Desktop\BP Mayo 2026\SynologyDrive\CT_20\100EK113\12110096.MOV,C:\Users\USUARIO\Desktop\BP Mayo 2026\SynologyDrive\CT_20\12110096.MOV,moved
CT_20,C:\Users\USUARIO\Desktop\BP Mayo 2026\SynologyDrive\CT_20\100EK113\12110097.JPG,C:\Users\USUARIO\Desktop\BP Mayo 2026\SynologyDrive\CT_20\12110097.JPG,moved
CT_20,C:\Users\USUARIO\Desktop\BP Mayo 2026\SynologyDrive\CT_20\100EK113\12110098.JPG,C:\Users\USUARIO\Desktop\BP Mayo 2026\SynologyDrive\CT_20\12110098.JPG,moved
CT_20,C:\Users\USUARIO\Desktop\BP Mayo 2026\SynologyDrive\CT_20\100EK113\12110099.JPG,C:\Users\USUARIO\Desktop\BP Mayo 2026\SynologyDrive\CT_20\12110099.JPG,moved
CT_20,C:\Users\USUARIO\Desktop\BP Mayo 2026\SynologyDrive\CT_20\100EK113\12110100.MOV,C:\Users\USUARIO\Desktop\BP Mayo 2026\SynologyDrive\CT_20\12110100.MOV,moved
CT_20,C:\Users\USUARIO\Desktop\BP Mayo 2026\SynologyDrive\CT_20\100EK113\12110101.JPG,C:\Users\USUARIO\Desktop\BP Mayo 2026\SynologyDrive\CT_20\12110101.JPG,moved
CT_20,C:\Users\USUARIO\Desktop\BP Mayo 2026\SynologyDrive\CT_20\100EK113\12110102.JPG,C:\Users\USUARIO\Desktop\BP Mayo 2026\SynologyDrive\CT_20\12110102.JPG,moved
CT_20,C:\Users\USUARIO\Desktop\BP Mayo 2026\SynologyDrive\CT_20\100EK113\12110103.JPG,C:\Users\USUARIO\Desktop\BP Mayo 2026\SynologyDrive\CT_20\12110103.JPG,moved
CT_20,C:\Users\USUARIO\Desktop\BP Mayo 2026\SynologyDrive\CT_20\100EK113\12110104.MOV,C:\Users\USUARIO\Desktop\BP Mayo 2026\SynologyDrive\CT_20\12110104.MOV,moved
CT_20,C:\Users\USUARIO\Desktop\BP Mayo 2026\SynologyDrive\CT_20\100EK113\12110105.JPG,C:\Users\USUARIO\Desktop\BP Mayo 2026\SynologyDrive\CT_20\12110105.JPG,moved
CT_20,C:\Users\USUARIO\Desktop\BP Mayo 2026\SynologyDrive\CT_20\100EK113\12110106.JPG,C:\Users\USUARIO\Desktop\BP Mayo 2026\SynologyDrive\CT_20\12110106.JPG,moved
CT_20,C:\Users\USUARIO\Desktop\BP Mayo 2026\SynologyDrive\CT_20\100EK113\12110107.JPG,C:\Users\USUARIO\Desktop\BP Mayo 2026\SynologyDrive\CT_20\12110107.JPG,moved
CT_20,C:\Users\USUARIO\Desktop\BP Mayo 2026\SynologyDrive\CT_20\100EK113\12110108.MOV,C:\Users\USUARIO\Desktop\BP Mayo 2026\SynologyDrive\CT_20\12110108.MOV,moved
CT_20,C:\Users\USUARIO\Desktop\BP Mayo 2026\SynologyDrive\CT_20\100EK113\12110109.JPG,C:\Users\USUARIO\Desktop\BP Mayo 2026\SynologyDrive\CT_20\12110109.JPG,moved
CT_20,C:\Users\USUARIO\Desktop\BP Mayo 2026\SynologyDrive\CT_20\100EK113\12110110.JPG,C:\Users\USUARIO\Desktop\BP Mayo 2026\SynologyDrive\CT_20\12110110.JPG,moved
CT_20,C:\Users\USUARIO\Desktop\BP Mayo 2026\SynologyDrive\CT_20\100EK113\12110111.JPG,C:\Users\USUARIO\Desktop\BP Mayo 2026\SynologyDrive\CT_20\12110111.JPG,moved
CT_20,C:\Users\USUARIO\Desktop\BP Mayo 2026\SynologyDrive\CT_20\100EK113\12110112.MOV,C:\Users\USUARIO\Desktop\BP Mayo 2026\SynologyDrive\CT_20\12110112.MOV,moved
CT_20,C:\Users\USUARIO\Desktop\BP Mayo 2026\SynologyDrive\CT_20\100EK113\12110113.JPG,C:\Users\USUARIO\Desktop\BP Mayo 2026\SynologyDrive\CT_20\12110113.JPG,moved
CT_20,C:\Users\USUARIO\Desktop\BP Mayo 2026\SynologyDrive\CT_20\100EK113\12110114.JPG,C:\Users\USUARIO\Desktop\BP Mayo 2026\SynologyDrive\CT_20\12110114.JPG,moved
CT_20,C:\Users\USUARIO\Desktop\BP Mayo 2026\SynologyDrive\CT_20\100EK113\12110115.JPG,C:\Users\USUARIO\Desktop\BP Mayo 2026\SynologyDrive\CT_20\12110115.JPG,moved
CT_20,C:\Users\USUARIO\Desktop\BP Mayo 2026\SynologyDrive\CT_20\100EK113\12110116.MOV,C:\Users\USUARIO\Desktop\BP Mayo 2026\SynologyDrive\CT_20\12110116.MOV,moved
CT_20,C:\Users\USUARIO\Desktop\BP Mayo 2026\SynologyDrive\CT_20\100EK113\12110117.JPG,C:\Users\USUARIO\Desktop\BP Mayo 2026\SynologyDrive\CT_20\12110117.JPG,moved
CT_20,C:\Users\USUARIO\Desktop\BP Mayo 2026\SynologyDrive\CT_20\100EK113\12110118.JPG,C:\Users\USUARIO\Desktop\BP Mayo 2026\SynologyDrive\CT_20\12110118.JPG,moved
CT_20,C:\Users\USUARIO\Desktop\BP Mayo 2026\SynologyDrive\CT_20\100EK113\12110119.JPG,C:\Users\USUARIO\Desktop\BP Mayo 2026\SynologyDrive\CT_20\12110119.JPG,moved
CT_20,C:\Users\USUARIO\Desktop\BP Mayo 2026\SynologyDrive\CT_20\100EK113\12110120.MOV,C:\Users\USUARIO\Desktop\BP Mayo 2026\SynologyDrive\CT_20\12110120.MOV,moved
CT_20,C:\Users\USUARIO\Desktop\BP Mayo 2026\SynologyDrive\CT_20\100EK113\12110121.JPG,C:\Users\USUARIO\Desktop\BP Mayo 2026\SynologyDrive\CT_20\12110121.JPG,moved
CT_20,C:\Users\USUARIO\Desktop\BP Mayo 2026\SynologyDrive\CT_20\100EK113\12110122.JPG,C:\Users\USUARIO\Desktop\BP Mayo 2026\SynologyDrive\CT_20\12110122.JPG,moved
CT_20,C:\Users\USUARIO\Desktop\BP Mayo 2026\SynologyDrive\CT_20\100EK113\12110123.JPG,C:\Users\USUARIO\Desktop\BP Mayo 2026\SynologyDrive\CT_20\12110123.JPG,moved
CT_20,C:\Users\USUARIO\Desktop\BP Mayo 2026\SynologyDrive\CT_20\100EK113\12110124.MOV,C:\Users\USUARIO\Desktop\BP Mayo 2026\SynologyDrive\CT_20\12110124.MOV,moved
CT_20,C:\Users\USUARIO\Desktop\BP Mayo 2026\SynologyDrive\CT_20\100EK113\12110125.JPG,C:\Users\USUARIO\Desktop\BP Mayo 2026\SynologyDrive\CT_20\12110125.JPG,moved
CT_20,C:\Users\USUARIO\Desktop\BP Mayo 2026\SynologyDrive\CT_20\100EK113\12110126.JPG,C:\Users\USUARIO\Desktop\BP Mayo 2026\SynologyDrive\CT_20\12110126.JPG,moved
CT_20,C:\Users\USUARIO\Desktop\BP Mayo 2026\SynologyDrive\CT_20\100EK113\12110127.JPG,C:\Users\USUARIO\Desktop\BP Mayo 2026\SynologyDrive\CT_20\12110127.JPG,moved
CT_20,C:\Users\USUARIO\Desktop\BP Mayo 2026\SynologyDrive\CT_20\100EK113\12110128.MOV,C:\Users\USUARIO\Desktop\BP Mayo 2026\SynologyDrive\CT_20\12110128.MOV,moved
CT_20,C:\Users\USUARIO\Desktop\BP Mayo 2026\SynologyDrive\CT_20\100EK113\12110129.JPG,C:\Users\USUARIO\Desktop\BP Mayo 2026\SynologyDrive\CT_20\12110129.JPG,moved
CT_20,C:\Users\USUARIO\Desktop\BP Mayo 2026\SynologyDrive\CT_20\100EK113\12110130.JPG,C:\Users\USUARIO\Desktop\BP Mayo 2026\SynologyDrive\CT_20\12110130.JPG,moved
CT_20,C:\Users\USUARIO\Desktop\BP Mayo 2026\SynologyDrive\CT_20\100EK113\12110131.JPG,C:\Users\USUARIO\Desktop\BP Mayo 2026\SynologyDrive\CT_20\12110131.JPG,moved
CT_20,C:\Users\USUARIO\Desktop\BP Mayo 2026\SynologyDrive\CT_20\100EK113\12110132.MOV,C:\Users\USUARIO\Desktop\BP Mayo 2026\SynologyDrive\CT_20\12110132.MOV,moved
CT_20,C:\Users\USUARIO\Desktop\BP Mayo 2026\SynologyDrive\CT_20\100EK113\12110133.JPG,C:\Users\USUARIO\Desktop\BP Mayo 2026\SynologyDrive\CT_20\12110133.JPG,moved
CT_20,C:\Users\USUARIO\Desktop\BP Mayo 2026\SynologyDrive\CT_20\100EK113\12110134.JPG,C:\Users\USUARIO\Desktop\BP Mayo 2026\SynologyDrive\CT_20\12110134.JPG,moved
CT_20,C:\Users\USUARIO\Desktop\BP Mayo 2026\SynologyDrive\CT_20\100EK113\12110135.JPG,C:\Users\USUARIO\Desktop\BP Mayo 2026\SynologyDrive\CT_20\12110135.JPG,moved
CT_20,C:\Users\USUARIO\Desktop\BP Mayo 2026\SynologyDrive\CT_20\100EK113\12110136.MOV,C:\Users\USUARIO\Desktop\BP Mayo 2026\SynologyDrive\CT_20\12110136.MOV,moved
CT_20,C:\Users\USUARIO\Desktop\BP Mayo 2026\SynologyDrive\CT_20\100EK113\12110137.JPG,C:\Users\USUARIO\Desktop\BP Mayo 2026\SynologyDrive\CT_20\12110137.JPG,moved
CT_20,C:\Users\USUARIO\Desktop\BP Mayo 2026\SynologyDrive\CT_20\100EK113\12110138.JPG,C:\Users\USUARIO\Desktop\BP Mayo 2026\SynologyDrive\CT_20\12110138.JPG,moved
CT_20,C:\Users\USUARIO\Desktop\BP Mayo 2026\SynologyDrive\CT_20\100EK113\12110139.JPG,C:\Users\USUARIO\Desktop\BP Mayo 2026\SynologyDrive\CT_20\12110139.JPG,moved
CT_20,C:\Users\USUARIO\Desktop\BP Mayo 2026\SynologyDrive\CT_20\100EK113\12110140.MOV,C:\Users\USUARIO\Desktop\BP Mayo 2026\SynologyDrive\CT_20\12110140.MOV,moved
CT_20,C:\Users\USUARIO\Desktop\BP Mayo 2026\SynologyDrive\CT_20\100EK113\12110141.JPG,C:\Users\USUARIO\Desktop\BP Mayo 2026\SynologyDrive\CT_20\12110141.JPG,moved
CT_20,C:\Users\USUARIO\Desktop\BP Mayo 2026\SynologyDrive\CT_20\100EK113\12110142.JPG,C:\Users\USUARIO\Desktop\BP Mayo 2026\SynologyDrive\CT_20\12110142.JPG,moved
CT_20,C:\Users\USUARIO\Desktop\BP Mayo 2026\SynologyDrive\CT_20\100EK113\12110143.JPG,C:\Users\USUARIO\Desktop\BP Mayo 2026\SynologyDrive\CT_20\12110143.JPG,moved
CT_20,C:\Users\USUARIO\Desktop\BP Mayo 2026\SynologyDrive\CT_20\100EK113\12110144.MOV,C:\Users\USUARIO\Desktop\BP Mayo 2026\SynologyDrive\CT_20\12110144.MOV,moved
CT_20,C:\Users\USUARIO\Desktop\BP Mayo 2026\SynologyDrive\CT_20\100EK113\12110145.JPG,C:\Users\USUARIO\Desktop\BP Mayo 2026\SynologyDrive\CT_20\12110145.JPG,moved
CT_20,C:\Users\USUARIO\Desktop\BP Mayo 2026\SynologyDrive\CT_20\100EK113\12110146.JPG,C:\Users\USUARIO\Desktop\BP Mayo 2026\SynologyDrive\CT_20\12110146.JPG,moved
CT_20,C:\Users\USUARIO\Desktop\BP Mayo 2026\SynologyDrive\CT_20\100EK113\12110147.JPG,C:\Users\USUARIO\Desktop\BP Mayo 2026\SynologyDrive\CT_20\12110147.JPG,moved
CT_20,C:\Users\USUARIO\Desktop\BP Mayo 2026\SynologyDrive\CT_20\100EK113\12110148.MOV,C:\Users\USUARIO\Desktop\BP Mayo 2026\SynologyDrive\CT_20\12110148.MOV,moved
CT_20,C:\Users\USUARIO\Desktop\BP Mayo 2026\SynologyDrive\CT_20\100EK113\12110149.JPG,C:\Users\USUARIO\Desktop\BP Mayo 2026\SynologyDrive\CT_20\12110149.JPG,moved
CT_20,C:\Users\USUARIO\Desktop\BP Mayo 2026\SynologyDrive\CT_20\100EK113\12110150.JPG,C:\Users\USUARIO\Desktop\BP Mayo 2026\SynologyDrive\CT_20\12110150.JPG,moved
CT_20,C:\Users\USUARIO\Desktop\BP Mayo 2026\SynologyDrive\CT_20\100EK113\12110151.JPG,C:\Users\USUARIO\Desktop\BP Mayo 2026\SynologyDrive\CT_20\12110151.JPG,moved
CT_20,C:\Users\USUARIO\Desktop\BP Mayo 2026\SynologyDrive\CT_20\100EK113\12110152.MOV,C:\Users\USUARIO\Desktop\BP Mayo 2026\SynologyDrive\CT_20\12110152.MOV,moved
CT_20,C:\Users\USUARIO\Desktop\BP Mayo 2026\SynologyDrive\CT_20\100EK113\12110153.JPG,C:\Users\USUARIO\Desktop\BP Mayo 2026\SynologyDrive\CT_20\12110153.JPG,moved
CT_20,C:\Users\USUARIO\Desktop\BP Mayo 2026\SynologyDrive\CT_20\100EK113\12110154.JPG,C:\Users\USUARIO\Desktop\BP Mayo 2026\SynologyDrive\CT_20\12110154.JPG,moved
CT_20,C:\Users\USUARIO\Desktop\BP Mayo 2026\SynologyDrive\CT_20\100EK113\12110155.JPG,C:\Users\USUARIO\Desktop\BP Mayo 2026\SynologyDrive\CT_20\12110155.JPG,moved
CT_20,C:\Users\USUARIO\Desktop\BP Mayo 2026\SynologyDrive\CT_20\100EK113\12110156.MOV,C:\Users\USUARIO\Desktop\BP Mayo 2026\SynologyDrive\CT_20\12110156.MOV,moved
CT_20,C:\Users\USUARIO\Desktop\BP Mayo 2026\SynologyDrive\CT_20\100EK113\12110157.JPG,C:\Users\USUARIO\Desktop\BP Mayo 2026\SynologyDrive\CT_20\12110157.JPG,moved
CT_20,C:\Users\USUARIO\Desktop\BP Mayo 2026\SynologyDrive\CT_20\100EK113\12110158.JPG,C:\Users\USUARIO\Desktop\BP Mayo 2026\SynologyDrive\CT_20\12110158.JPG,moved
CT_20,C:\Users\USUARIO\Desktop\BP Mayo 2026\SynologyDrive\CT_20\100EK113\12110159.JPG,C:\Users\USUARIO\Desktop\BP Mayo 2026\SynologyDrive\CT_20\12110159.JPG,moved
CT_20,C:\Users\USUARIO\Desktop\BP Mayo 2026\SynologyDrive\CT_20\100EK113\12110160.MOV,C:\Users\USUARIO\Desktop\BP Mayo 2026\SynologyDrive\CT_20\12110160.MOV,moved
CT_20,C:\Users\USUARIO\Desktop\BP Mayo 2026\SynologyDrive\CT_20\100EK113\12110161.JPG,C:\Users\USUARIO\Desktop\BP Mayo 2026\SynologyDrive\CT_20\12110161.JPG,moved
CT_20,C:\Users\USUARIO\Desktop\BP Mayo 2026\SynologyDrive\CT_20\100EK113\12110162.JPG,C:\Users\USUARIO\Desktop\BP Mayo 2026\SynologyDrive\CT_20\12110162.JPG,moved
CT_20,C:\Users\USUARIO\Desktop\BP Mayo 2026\SynologyDrive\CT_20\100EK113\12110163.JPG,C:\Users\USUARIO\Desktop\BP Mayo 2026\SynologyDrive\CT_20\12110163.JPG,moved
CT_20,C:\Users\USUARIO\Desktop\BP Mayo 2026\SynologyDrive\CT_20\100EK113\12110164.MOV,C:\Users\USUARIO\Desktop\BP Mayo 2026\SynologyDrive\CT_20\12110164.MOV,moved
CT_20,C:\Users\USUARIO\Desktop\BP Mayo 2026\SynologyDrive\CT_20\100EK113\12110165.JPG,C:\Users\USUARIO\Desktop\BP Mayo 2026\SynologyDrive\CT_20\12110165.JPG,moved
CT_20,C:\Users\USUARIO\Desktop\BP Mayo 2026\SynologyDrive\CT_20\100EK113\12110166.JPG,C:\Users\USUARIO\Desktop\BP Mayo 2026\SynologyDrive\CT_20\12110166.JPG,moved
CT_20,C:\Users\USUARIO\Desktop\BP Mayo 2026\SynologyDrive\CT_20\100EK113\12110167.JPG,C:\Users\USUARIO\Desktop\BP Mayo 2026\SynologyDrive\CT_20\12110167.JPG,moved
CT_20,C:\Users\USUARIO\Desktop\BP Mayo 2026\SynologyDrive\CT_20\100EK113\12110168.MOV,C:\Users\USUARIO\Desktop\BP Mayo 2026\SynologyDrive\CT_20\12110168.MOV,moved
CT_20,C:\Users\USUARIO\Desktop\BP Mayo 2026\SynologyDrive\CT_20\100EK113\12110169.JPG,C:\Users\USUARIO\Desktop\BP Mayo 2026\SynologyDrive\CT_20\12110169.JPG,moved
CT_20,C:\Users\USUARIO\Desktop\BP Mayo 2026\SynologyDrive\CT_20\100EK113\12110170.JPG,C:\Users\USUARIO\Desktop\BP Mayo 2026\SynologyDrive\CT_20\12110170.JPG,moved
CT_20,C:\Users\USUARIO\Desktop\BP Mayo 2026\SynologyDrive\CT_20\100EK113\12110171.JPG,C:\Users\USUARIO\Desktop\BP Mayo 2026\SynologyDrive\CT_20\12110171.JPG,moved
CT_20,C:\Users\USUARIO\Desktop\BP Mayo 2026\SynologyDrive\CT_20\100EK113\12110172.MOV,C:\Users\USUARIO\Desktop\BP Mayo 2026\SynologyDrive\CT_20\12110172.MOV,moved
CT_20,C:\Users\USUARIO\Desktop\BP Mayo 2026\SynologyDrive\CT_20\100EK113\12110173.JPG,C:\Users\USUARIO\Desktop\BP Mayo 2026\SynologyDrive\CT_20\12110173.JPG,moved
CT_20,C:\Users\USUARIO\Desktop\BP Mayo 2026\SynologyDrive\CT_20\100EK113\12110174.JPG,C:\Users\USUARIO\Desktop\BP Mayo 2026\SynologyDrive\CT_20\12110174.JPG,moved
CT_20,C:\Users\USUARIO\Desktop\BP Mayo 2026\SynologyDrive\CT_20\100EK113\12110175.JPG,C:\Users\USUARIO\Desktop\BP Mayo 2026\SynologyDrive\CT_20\12110175.JPG,moved
CT_20,C:\Users\USUARIO\Desktop\BP Mayo 2026\SynologyDrive\CT_20\100EK113\12110176.MOV,C:\Users\USUARIO\Desktop\BP Mayo 2026\SynologyDrive\CT_20\12110176.MOV,moved
CT_20,C:\Users\USUARIO\Desktop\BP Mayo 2026\SynologyDrive\CT_20\100EK113\12110177.JPG,C:\Users\USUARIO\Desktop\BP Mayo 2026\SynologyDrive\CT_20\12110177.JPG,moved
CT_20,C:\Users\USUARIO\Desktop\BP Mayo 2026\SynologyDrive\CT_20\100EK113\12110178.JPG,C:\Users\USUARIO\Desktop\BP Mayo 2026\SynologyDrive\CT_20\12110178.JPG,moved
CT_20,C:\Users\USUARIO\Desktop\BP Mayo 2026\SynologyDrive\CT_20\100EK113\12110179.JPG,C:\Users\USUARIO\Desktop\BP Mayo 2026\SynologyDrive\CT_20\12110179.JPG,moved
CT_20,C:\Users\USUARIO\Desktop\BP Mayo 2026\SynologyDrive\CT_20\100EK113\12110180.MOV,C:\Users\USUARIO\Desktop\BP Mayo 2026\SynologyDrive\CT_20\12110180.MOV,moved
CT_20,C:\Users\USUARIO\Desktop\BP Mayo 2026\SynologyDrive\CT_20\100EK113\12110181.JPG,C:\Users\USUARIO\Desktop\BP Mayo 2026\SynologyDrive\CT_20\12110181.JPG,moved
CT_20,C:\Users\USUARIO\Desktop\BP Mayo 2026\SynologyDrive\CT_20\100EK113\12110182.JPG,C:\Users\USUARIO\Desktop\BP Mayo 2026\SynologyDrive\CT_20\12110182.JPG,moved
CT_20,C:\Users\USUARIO\Desktop\BP Mayo 2026\SynologyDrive\CT_20\100EK113\12110183.JPG,C:\Users\USUARIO\Desktop\BP Mayo 2026\SynologyDrive\CT_20\12110183.JPG,moved
CT_20,C:\Users\USUARIO\Desktop\BP Mayo 2026\SynologyDrive\CT_20\100EK113\12110184.MOV,C:\Users\USUARIO\Desktop\BP Mayo 2026\SynologyDrive\CT_20\12110184.MOV,moved
CT_20,C:\Users\USUARIO\Desktop\BP Mayo 2026\SynologyDrive\CT_20\100EK113\12120185.JPG,C:\Users\USUARIO\Desktop\BP Mayo 2026\SynologyDrive\CT_20\12120185.JPG,moved
CT_20,C:\Users\USUARIO\Desktop\BP Mayo 2026\SynologyDrive\CT_20\100EK113\12120186.JPG,C:\Users\USUARIO\Desktop\BP Mayo 2026\SynologyDrive\CT_20\12120186.JPG,moved
CT_20,C:\Users\USUARIO\Desktop\BP Mayo 2026\SynologyDrive\CT_20\100EK113\12120187.JPG,C:\Users\USUARIO\Desktop\BP Mayo 2026\SynologyDrive\CT_20\12120187.JPG,moved
CT_20,C:\Users\USUARIO\Desktop\BP Mayo 2026\SynologyDrive\CT_20\100EK113\12120188.MOV,C:\Users\USUARIO\Desktop\BP Mayo 2026\SynologyDrive\CT_20\12120188.MOV,moved
CT_20,C:\Users\USUARIO\Desktop\BP Mayo 2026\SynologyDrive\CT_20\100EK113\12130189.JPG,C:\Users\USUARIO\Desktop\BP Mayo 2026\SynologyDrive\CT_20\12130189.JPG,moved
CT_20,C:\Users\USUARIO\Desktop\BP Mayo 2026\SynologyDrive\CT_20\100EK113\12130190.JPG,C:\Users\USUARIO\Desktop\BP Mayo 2026\SynologyDrive\CT_20\12130190.JPG,moved
CT_20,C:\Users\USUARIO\Desktop\BP Mayo 2026\SynologyDrive\CT_20\100EK113\12130191.JPG,C:\Users\USUARIO\Desktop\BP Mayo 2026\SynologyDrive\CT_20\12130191.JPG,moved
CT_20,C:\Users\USUARIO\Desktop\BP Mayo 2026\SynologyDrive\CT_20\100EK113\12130192.MOV,C:\Users\USUARIO\Desktop\BP Mayo 2026\SynologyDrive\CT_20\12130192.MOV,moved
CT_20,C:\Users\USUARIO\Desktop\BP Mayo 2026\SynologyDrive\CT_20\100EK113\12130193.JPG,C:\Users\USUARIO\Desktop\BP Mayo 2026\SynologyDrive\CT_20\12130193.JPG,moved
CT_20,C:\Users\USUARIO\Desktop\BP Mayo 2026\SynologyDrive\CT_20\100EK113\12130194.JPG,C:\Users\USUARIO\Desktop\BP Mayo 2026\SynologyDrive\CT_20\12130194.JPG,moved
CT_20,C:\Users\USUARIO\Desktop\BP Mayo 2026\SynologyDrive\CT_20\100EK113\12130195.JPG,C:\Users\USUARIO\Desktop\BP Mayo 2026\SynologyDrive\CT_20\12130195.JPG,moved
CT_20,C:\Users\USUARIO\Desktop\BP Mayo 2026\SynologyDrive\CT_20\100EK113\12130196.MOV,C:\Users\USUARIO\Desktop\BP Mayo 2026\SynologyDrive\CT_20\12130196.MOV,moved
CT_20,C:\Users\USUARIO\Desktop\BP Mayo 2026\SynologyDrive\CT_20\100EK113\12130197.JPG,C:\Users\USUARIO\Desktop\BP Mayo 2026\SynologyDrive\CT_20\12130197.JPG,moved
CT_20,C:\Users\USUARIO\Desktop\BP Mayo 2026\SynologyDrive\CT_20\100EK113\12130198.JPG,C:\Users\USUARIO\Desktop\BP Mayo 2026\SynologyDrive\CT_20\12130198.JPG,moved
CT_20,C:\Users\USUARIO\Desktop\BP Mayo 2026\SynologyDrive\CT_20\100EK113\12130199.JPG,C:\Users\USUARIO\Desktop\BP Mayo 2026\SynologyDrive\CT_20\12130199.JPG,moved
CT_20,C:\Users\USUARIO\Desktop\BP Mayo 2026\SynologyDrive\CT_20\100EK113\12130200.MOV,C:\Users\USUARIO\Desktop\BP Mayo 2026\SynologyDrive\CT_20\12130200.MOV,moved
CT_20,C:\Users\USUARIO\Desktop\BP Mayo 2026\SynologyDrive\CT_20\100EK113\12140201.JPG,C:\Users\USUARIO\Desktop\BP Mayo 2026\SynologyDrive\CT_20\12140201.JPG,moved
CT_20,C:\Users\USUARIO\Desktop\BP Mayo 2026\SynologyDrive\CT_20\100EK113\12140202.JPG,C:\Users\USUARIO\Desktop\BP Mayo 2026\SynologyDrive\CT_20\12140202.JPG,moved
CT_20,C:\Users\USUARIO\Desktop\BP Mayo 2026\SynologyDrive\CT_20\100EK113\12140203.JPG,C:\Users\USUARIO\Desktop\BP Mayo 2026\SynologyDrive\CT_20\12140203.JPG,moved
CT_20,C:\Users\USUARIO\Desktop\BP Mayo 2026\SynologyDrive\CT_20\100EK113\12140204.MOV,C:\Users\USUARIO\Desktop\BP Mayo 2026\SynologyDrive\CT_20\12140204.MOV,moved
CT_20,C:\Users\USUARIO\Desktop\BP Mayo 2026\SynologyDrive\CT_20\100EK113\12140205.JPG,C:\Users\USUARIO\Desktop\BP Mayo 2026\SynologyDrive\CT_20\12140205.JPG,moved
CT_20,C:\Users\USUARIO\Desktop\BP Mayo 2026\SynologyDrive\CT_20\100EK113\12140206.JPG,C:\Users\USUARIO\Desktop\BP Mayo 2026\SynologyDrive\CT_20\12140206.JPG,moved
CT_20,C:\Users\USUARIO\Desktop\BP Mayo 2026\SynologyDrive\CT_20\100EK113\12140207.JPG,C:\Users\USUARIO\Desktop\BP Mayo 2026\SynologyDrive\CT_20\12140207.JPG,moved
CT_20,C:\Users\USUARIO\Desktop\BP Mayo 2026\SynologyDrive\CT_20\100EK113\12140208.MOV,C:\Users\USUARIO\Desktop\BP Mayo 2026\SynologyDrive\CT_20\12140208.MOV,moved
CT_20,C:\Users\USUARIO\Desktop\BP Mayo 2026\SynologyDrive\CT_20\100EK113\12140209.JPG,C:\Users\USUARIO\Desktop\BP Mayo 2026\SynologyDrive\CT_20\12140209.JPG,moved
CT_20,C:\Users\USUARIO\Desktop\BP Mayo 2026\SynologyDrive\CT_20\100EK113\12140210.JPG,C:\Users\USUARIO\Desktop\BP Mayo 2026\SynologyDrive\CT_20\12140210.JPG,moved
CT_20,C:\Users\USUARIO\Desktop\BP Mayo 2026\SynologyDrive\CT_20\100EK113\12140211.JPG,C:\Users\USUARIO\Desktop\BP Mayo 2026\SynologyDrive\CT_20\12140211.JPG,moved
CT_20,C:\Users\USUARIO\Desktop\BP Mayo 2026\SynologyDrive\CT_20\100EK113\12140212.MOV,C:\Users\USUARIO\Desktop\BP Mayo 2026\SynologyDrive\CT_20\12140212.MOV,moved
CT_20,C:\Users\USUARIO\Desktop\BP Mayo 2026\SynologyDrive\CT_20\100EK113\12140213.JPG,C:\Users\USUARIO\Desktop\BP Mayo 2026\SynologyDrive\CT_20\12140213.JPG,moved
CT_20,C:\Users\USUARIO\Desktop\BP Mayo 2026\SynologyDrive\CT_20\100EK113\12140214.JPG,C:\Users\USUARIO\Desktop\BP Mayo 2026\SynologyDrive\CT_20\12140214.JPG,moved
CT_20,C:\Users\USUARIO\Desktop\BP Mayo 2026\SynologyDrive\CT_20\100EK113\12140215.JPG,C:\Users\USUARIO\Desktop\BP Mayo 2026\SynologyDrive\CT_20\12140215.JPG,moved
CT_20,C:\Users\USUARIO\Desktop\BP Mayo 2026\SynologyDrive\CT_20\100EK113\12140216.MOV,C:\Users\USUARIO\Desktop\BP Mayo 2026\SynologyDrive\CT_20\12140216.MOV,moved
CT_20,C:\Users\USUARIO\Desktop\BP Mayo 2026\SynologyDrive\CT_20\100EK113\12140217.JPG,C:\Users\USUARIO\Desktop\BP Mayo 2026\SynologyDrive\CT_20\12140217.JPG,moved
CT_20,C:\Users\USUARIO\Desktop\BP Mayo 2026\SynologyDrive\CT_20\100EK113\12140218.JPG,C:\Users\USUARIO\Desktop\BP Mayo 2026\SynologyDrive\CT_20\12140218.JPG,moved
CT_20,C:\Users\USUARIO\Desktop\BP Mayo 2026\SynologyDrive\CT_20\100EK113\12140219.JPG,C:\Users\USUARIO\Desktop\BP Mayo 2026\SynologyDrive\CT_20\12140219.JPG,moved
CT_20,C:\Users\USUARIO\Desktop\BP Mayo 2026\SynologyDrive\CT_20\100EK113\12140220.MOV,C:\Users\USUARIO\Desktop\BP Mayo 2026\SynologyDrive\CT_20\12140220.MOV,moved
CT_20,C:\Users\USUARIO\Desktop\BP Mayo 2026\SynologyDrive\CT_20\100EK113\12140221.JPG,C:\Users\USUARIO\Desktop\BP Mayo 2026\SynologyDrive\CT_20\12140221.JPG,moved
CT_20,C:\Users\USUARIO\Desktop\BP Mayo 2026\SynologyDrive\CT_20\100EK113\12140222.JPG,C:\Users\USUARIO\Desktop\BP Mayo 2026\SynologyDrive\CT_20\12140222.JPG,moved
CT_20,C:\Users\USUARIO\Desktop\BP Mayo 2026\SynologyDrive\CT_20\100EK113\12140223.JPG,C:\Users\USUARIO\Desktop\BP Mayo 2026\SynologyDrive\CT_20\12140223.JPG,moved
CT_20,C:\Users\USUARIO\Desktop\BP Mayo 2026\SynologyDrive\CT_20\100EK113\12140224.MOV,C:\Users\USUARIO\Desktop\BP Mayo 2026\SynologyDrive\CT_20\12140224.MOV,moved
CT_20,C:\Users\USUARIO\Desktop\BP Mayo 2026\SynologyDrive\CT_20\100EK113\12170225.JPG,C:\Users\USUARIO\Desktop\BP Mayo 2026\SynologyDrive\CT_20\12170225.JPG,moved
CT_20,C:\Users\USUARIO\Desktop\BP Mayo 2026\SynologyDrive\CT_20\100EK113\12170226.JPG,C:\Users\USUARIO\Desktop\BP Mayo 2026\SynologyDrive\CT_20\12170226.JPG,moved
CT_20,C:\Users\USUARIO\Desktop\BP Mayo 2026\SynologyDrive\CT_20\100EK113\12170227.JPG,C:\Users\USUARIO\Desktop\BP Mayo 2026\SynologyDrive\CT_20\12170227.JPG,moved
CT_20,C:\Users\USUARIO\Desktop\BP Mayo 2026\SynologyDrive\CT_20\100EK113\12170228.MOV,C:\Users\USUARIO\Desktop\BP Mayo 2026\SynologyDrive\CT_20\12170228.MOV,moved
CT_20,C:\Users\USUARIO\Desktop\BP Mayo 2026\SynologyDrive\CT_20\100EK113\12170229.JPG,C:\Users\USUARIO\Desktop\BP Mayo 2026\SynologyDrive\CT_20\12170229.JPG,moved
CT_20,C:\Users\USUARIO\Desktop\BP Mayo 2026\SynologyDrive\CT_20\100EK113\12170230.JPG,C:\Users\USUARIO\Desktop\BP Mayo 2026\SynologyDrive\CT_20\12170230.JPG,moved
CT_20,C:\Users\USUARIO\Desktop\BP Mayo 2026\SynologyDrive\CT_20\100EK113\12170231.JPG,C:\Users\USUARIO\Desktop\BP Mayo 2026\SynologyDrive\CT_20\12170231.JPG,moved
CT_20,C:\Users\USUARIO\Desktop\BP Mayo 2026\SynologyDrive\CT_20\100EK113\12170232.MOV,C:\Users\USUARIO\Desktop\BP Mayo 2026\SynologyDrive\CT_20\12170232.MOV,moved
CT_20,C:\Users\USUARIO\Desktop\BP Mayo 2026\SynologyDrive\CT_20\100EK113\12180233.JPG,C:\Users\USUARIO\Desktop\BP Mayo 2026\SynologyDrive\CT_20\12180233.JPG,moved
CT_20,C:\Users\USUARIO\Desktop\BP Mayo 2026\SynologyDrive\CT_20\100EK113\12180234.JPG,C:\Users\USUARIO\Desktop\BP Mayo 2026\SynologyDrive\CT_20\12180234.JPG,moved
CT_20,C:\Users\USUARIO\Desktop\BP Mayo 2026\SynologyDrive\CT_20\100EK113\12180235.JPG,C:\Users\USUARIO\Desktop\BP Mayo 2026\SynologyDrive\CT_20\12180235.JPG,moved
CT_20,C:\Users\USUARIO\Desktop\BP Mayo 2026\SynologyDrive\CT_20\100EK113\12180236.MOV,C:\Users\USUARIO\Desktop\BP Mayo 2026\SynologyDrive\CT_20\12180236.MOV,moved
CT_20,C:\Users\USUARIO\Desktop\BP Mayo 2026\SynologyDrive\CT_20\100EK113\12190237.JPG,C:\Users\USUARIO\Desktop\BP Mayo 2026\SynologyDrive\CT_20\12190237.JPG,moved
CT_20,C:\Users\USUARIO\Desktop\BP Mayo 2026\SynologyDrive\CT_20\100EK113\12190238.JPG,C:\Users\USUARIO\Desktop\BP Mayo 2026\SynologyDrive\CT_20\12190238.JPG,moved
CT_20,C:\Users\USUARIO\Desktop\BP Mayo 2026\SynologyDrive\CT_20\100EK113\12190239.JPG,C:\Users\USUARIO\Desktop\BP Mayo 2026\SynologyDrive\CT_20\12190239.JPG,moved
CT_20,C:\Users\USUARIO\Desktop\BP Mayo 2026\SynologyDrive\CT_20\100EK113\12190240.MOV,C:\Users\USUARIO\Desktop\BP Mayo 2026\SynologyDrive\CT_20\12190240.MOV,moved
CT_20,C:\Users\USUARIO\Desktop\BP Mayo 2026\SynologyDrive\CT_20\100EK113\12190241.JPG,C:\Users\USUARIO\Desktop\BP Mayo 2026\SynologyDrive\CT_20\12190241.JPG,moved
CT_20,C:\Users\USUARIO\Desktop\BP Mayo 2026\SynologyDrive\CT_20\100EK113\12190242.JPG,C:\Users\USUARIO\Desktop\BP Mayo 2026\SynologyDrive\CT_20\12190242.JPG,moved
CT_20,C:\Users\USUARIO\Desktop\BP Mayo 2026\SynologyDrive\CT_20\100EK113\12190243.JPG,C:\Users\USUARIO\Desktop\BP Mayo 2026\SynologyDrive\CT_20\12190243.JPG,moved
CT_20,C:\Users\USUARIO\Desktop\BP Mayo 2026\SynologyDrive\CT_20\100EK113\12190244.MOV,C:\Users\USUARIO\Desktop\BP Mayo 2026\SynologyDrive\CT_20\12190244.MOV,moved
CT_20,C:\Users\USUARIO\Desktop\BP Mayo 2026\SynologyDrive\CT_20\100EK113\12190245.JPG,C:\Users\USUARIO\Desktop\BP Mayo 2026\SynologyDrive\CT_20\12190245.JPG,moved
CT_20,C:\Users\USUARIO\Desktop\BP Mayo 2026\SynologyDrive\CT_20\100EK113\12190246.JPG,C:\Users\USUARIO\Desktop\BP Mayo 2026\SynologyDrive\CT_20\12190246.JPG,moved
CT_20,C:\Users\USUARIO\Desktop\BP Mayo 2026\SynologyDrive\CT_20\100EK113\12190247.JPG,C:\Users\USUARIO\Desktop\BP Mayo 2026\SynologyDrive\CT_20\12190247.JPG,moved
CT_20,C:\Users\USUARIO\Desktop\BP Mayo 2026\SynologyDrive\CT_20\100EK113\12190248.MOV,C:\Users\USUARIO\Desktop\BP Mayo 2026\SynologyDrive\CT_20\12190248.MOV,moved
CT_20,C:\Users\USUARIO\Desktop\BP Mayo 2026\SynologyDrive\CT_20\100EK113\12190249.JPG,C:\Users\USUARIO\Desktop\BP Mayo 2026\SynologyDrive\CT_20\12190249.JPG,moved
CT_20,C:\Users\USUARIO\Desktop\BP Mayo 2026\SynologyDrive\CT_20\100EK113\12190250.JPG,C:\Users\USUARIO\Desktop\BP Mayo 2026\SynologyDrive\CT_20\12190250.JPG,moved
CT_20,C:\Users\USUARIO\Desktop\BP Mayo 2026\SynologyDrive\CT_20\100EK113\12190251.JPG,C:\Users\USUARIO\Desktop\BP Mayo 2026\SynologyDrive\CT_20\12190251.JPG,moved
CT_20,C:\Users\USUARIO\Desktop\BP Mayo 2026\SynologyDrive\CT_20\100EK113\12190252.MOV,C:\Users\USUARIO\Desktop\BP Mayo 2026\SynologyDrive\CT_20\12190252.MOV,moved
CT_20,C:\Users\USUARIO\Desktop\BP Mayo 2026\SynologyDrive\CT_20\100EK113\12190253.JPG,C:\Users\USUARIO\Desktop\BP Mayo 2026\SynologyDrive\CT_20\12190253.JPG,moved
CT_20,C:\Users\USUARIO\Desktop\BP Mayo 2026\SynologyDrive\CT_20\100EK113\12190254.JPG,C:\Users\USUARIO\Desktop\BP Mayo 2026\SynologyDrive\CT_20\12190254.JPG,moved
CT_20,C:\Users\USUARIO\Desktop\BP Mayo 2026\SynologyDrive\CT_20\100EK113\12190255.JPG,C:\Users\USUARIO\Desktop\BP Mayo 2026\SynologyDrive\CT_20\12190255.JPG,moved
CT_20,C:\Users\USUARIO\Desktop\BP Mayo 2026\SynologyDrive\CT_20\100EK113\12190256.MOV,C:\Users\USUARIO\Desktop\BP Mayo 2026\SynologyDrive\CT_20\12190256.MOV,moved
CT_20,C:\Users\USUARIO\Desktop\BP Mayo 2026\SynologyDrive\CT_20\100EK113\12190257.JPG,C:\Users\USUARIO\Desktop\BP Mayo 2026\SynologyDrive\CT_20\12190257.JPG,moved
CT_20,C:\Users\USUARIO\Desktop\BP Mayo 2026\SynologyDrive\CT_20\100EK113\12190258.JPG,C:\Users\USUARIO\Desktop\BP Mayo 2026\SynologyDrive\CT_20\12190258.JPG,moved
CT_20,C:\Users\USUARIO\Desktop\BP Mayo 2026\SynologyDrive\CT_20\100EK113\12190259.JPG,C:\Users\USUARIO\Desktop\BP Mayo 2026\SynologyDrive\CT_20\12190259.JPG,moved
CT_20,C:\Users\USUARIO\Desktop\BP Mayo 2026\SynologyDrive\CT_20\100EK113\12190260.MOV,C:\Users\USUARIO\Desktop\BP Mayo 2026\SynologyDrive\CT_20\12190260.MOV,moved
CT_20,C:\Users\USUARIO\Desktop\BP Mayo 2026\SynologyDrive\CT_20\100EK113\12190261.JPG,C:\Users\USUARIO\Desktop\BP Mayo 2026\SynologyDrive\CT_20\12190261.JPG,moved
CT_20,C:\Users\USUARIO\Desktop\BP Mayo 2026\SynologyDrive\CT_20\100EK113\12190262.JPG,C:\Users\USUARIO\Desktop\BP Mayo 2026\SynologyDrive\CT_20\12190262.JPG,moved
CT_20,C:\Users\USUARIO\Desktop\BP Mayo 2026\SynologyDrive\CT_20\100EK113\12190263.JPG,C:\Users\USUARIO\Desktop\BP Mayo 2026\SynologyDrive\CT_20\12190263.JPG,moved
CT_20,C:\Users\USUARIO\Desktop\BP Mayo 2026\SynologyDrive\CT_20\100EK113\12190264.MOV,C:\Users\USUARIO\Desktop\BP Mayo 2026\SynologyDrive\CT_20\12190264.MOV,moved
CT_20,C:\Users\USUARIO\Desktop\BP Mayo 2026\SynologyDrive\CT_20\100EK113\12190265.JPG,C:\Users\USUARIO\Desktop\BP Mayo 2026\SynologyDrive\CT_20\12190265.JPG,moved
CT_20,C:\Users\USUARIO\Desktop\BP Mayo 2026\SynologyDrive\CT_20\100EK113\12190266.JPG,C:\Users\USUARIO\Desktop\BP Mayo 2026\SynologyDrive\CT_20\12190266.JPG,moved
CT_20,C:\Users\USUARIO\Desktop\BP Mayo 2026\SynologyDrive\CT_20\100EK113\12190267.JPG,C:\Users\USUARIO\Desktop\BP Mayo 2026\SynologyDrive\CT_20\12190267.JPG,moved
CT_20,C:\Users\USUARIO\Desktop\BP Mayo 2026\SynologyDrive\CT_20\100EK113\12190268.MOV,C:\Users\USUARIO\Desktop\BP Mayo 2026\SynologyDrive\CT_20\12190268.MOV,moved
CT_20,C:\Users\USUARIO\Desktop\BP Mayo 2026\SynologyDrive\CT_20\100EK113\12190269.JPG,C:\Users\USUARIO\Desktop\BP Mayo 2026\SynologyDrive\CT_20\12190269.JPG,moved
CT_20,C:\Users\USUARIO\Desktop\BP Mayo 2026\SynologyDrive\CT_20\100EK113\12190270.JPG,C:\Users\USUARIO\Desktop\BP Mayo 2026\SynologyDrive\CT_20\12190270.JPG,moved
CT_20,C:\Users\USUARIO\Desktop\BP Mayo 2026\SynologyDrive\CT_20\100EK113\12190271.JPG,C:\Users\USUARIO\Desktop\BP Mayo 2026\SynologyDrive\CT_20\12190271.JPG,moved
CT_20,C:\Users\USUARIO\Desktop\BP Mayo 2026\SynologyDrive\CT_20\100EK113\12190272.MOV,C:\Users\USUARIO\Desktop\BP Mayo 2026\SynologyDrive\CT_20\12190272.MOV,moved
CT_20,C:\Users\USUARIO\Desktop\BP Mayo 2026\SynologyDrive\CT_20\100EK113\12190273.JPG,C:\Users\USUARIO\Desktop\BP Mayo 2026\SynologyDrive\CT_20\12190273.JPG,moved
CT_20,C:\Users\USUARIO\Desktop\BP Mayo 2026\SynologyDrive\CT_20\100EK113\12190274.JPG,C:\Users\USUARIO\Desktop\BP Mayo 2026\SynologyDrive\CT_20\12190274.JPG,moved
CT_20,C:\Users\USUARIO\Desktop\BP Mayo 2026\SynologyDrive\CT_20\100EK113\12190275.JPG,C:\Users\USUARIO\Desktop\BP Mayo 2026\SynologyDrive\CT_20\12190275.JPG,moved
CT_20,C:\Users\USUARIO\Desktop\BP Mayo 2026\SynologyDrive\CT_20\100EK113\12190276.MOV,C:\Users\USUARIO\Desktop\BP Mayo 2026\SynologyDrive\CT_20\12190276.MOV,moved
CT_20,C:\Users\USUARIO\Desktop\BP Mayo 2026\SynologyDrive\CT_20\100EK113\12190277.JPG,C:\Users\USUARIO\Desktop\BP Mayo 2026\SynologyDrive\CT_20\12190277.JPG,moved
CT_20,C:\Users\USUARIO\Desktop\BP Mayo 2026\SynologyDrive\CT_20\100EK113\12190278.JPG,C:\Users\USUARIO\Desktop\BP Mayo 2026\SynologyDrive\CT_20\12190278.JPG,moved
CT_20,C:\Users\USUARIO\Desktop\BP Mayo 2026\SynologyDrive\CT_20\100EK113\12190279.JPG,C:\Users\USUARIO\Desktop\BP Mayo 2026\SynologyDrive\CT_20\12190279.JPG,moved
CT_20,C:\Users\USUARIO\Desktop\BP Mayo 2026\SynologyDrive\CT_20\100EK113\12190280.MOV,C:\Users\USUARIO\Desktop\BP Mayo 2026\SynologyDrive\CT_20\12190280.MOV,moved
CT_20,C:\Users\USUARIO\Desktop\BP Mayo 2026\SynologyDrive\CT_20\100EK113\12190281.JPG,C:\Users\USUARIO\Desktop\BP Mayo 2026\SynologyDrive\CT_20\12190281.JPG,moved
CT_20,C:\Users\USUARIO\Desktop\BP Mayo 2026\SynologyDrive\CT_20\100EK113\12190282.JPG,C:\Users\USUARIO\Desktop\BP Mayo 2026\SynologyDrive\CT_20\12190282.JPG,moved
CT_20,C:\Users\USUARIO\Desktop\BP Mayo 2026\SynologyDrive\CT_20\100EK113\12190283.JPG,C:\Users\USUARIO\Desktop\BP Mayo 2026\SynologyDrive\CT_20\12190283.JPG,moved
CT_20,C:\Users\USUARIO\Desktop\BP Mayo 2026\SynologyDrive\CT_20\100EK113\12190284.MOV,C:\Users\USUARIO\Desktop\BP Mayo 2026\SynologyDrive\CT_20\12190284.MOV,moved
CT_20,C:\Users\USUARIO\Desktop\BP Mayo 2026\SynologyDrive\CT_20\100EK113\12190285.JPG,C:\Users\USUARIO\Desktop\BP Mayo 2026\SynologyDrive\CT_20\12190285.JPG,moved
CT_20,C:\Users\USUARIO\Desktop\BP Mayo 2026\SynologyDrive\CT_20\100EK113\12190286.JPG,C:\Users\USUARIO\Desktop\BP Mayo 2026\SynologyDrive\CT_20\12190286.JPG,moved
CT_20,C:\Users\USUARIO\Desktop\BP Mayo 2026\SynologyDrive\CT_20\100EK113\12190287.JPG,C:\Users\USUARIO\Desktop\BP Mayo 2026\SynologyDrive\CT_20\12190287.JPG,moved
CT_20,C:\Users\USUARIO\Desktop\BP Mayo 2026\SynologyDrive\CT_20\100EK113\12190288.MOV,C:\Users\USUARIO\Desktop\BP Mayo 2026\SynologyDrive\CT_20\12190288.MOV,moved
CT_20,C:\Users\USUARIO\Desktop\BP Mayo 2026\SynologyDrive\CT_20\100EK113\12190289.JPG,C:\Users\USUARIO\Desktop\BP Mayo 2026\SynologyDrive\CT_20\12190289.JPG,moved
CT_20,C:\Users\USUARIO\Desktop\BP Mayo 2026\SynologyDrive\CT_20\100EK113\12190290.JPG,C:\Users\USUARIO\Desktop\BP Mayo 2026\SynologyDrive\CT_20\12190290.JPG,moved
CT_20,C:\Users\USUARIO\Desktop\BP Mayo 2026\SynologyDrive\CT_20\100EK113\12190291.JPG,C:\Users\USUARIO\Desktop\BP Mayo 2026\SynologyDrive\CT_20\12190291.JPG,moved
CT_20,C:\Users\USUARIO\Desktop\BP Mayo 2026\SynologyDrive\CT_20\100EK113\12190292.MOV,C:\Users\USUARIO\Desktop\BP Mayo 2026\SynologyDrive\CT_20\12190292.MOV,moved
CT_20,C:\Users\USUARIO\Desktop\BP Mayo 2026\SynologyDrive\CT_20\100EK113\12190293.JPG,C:\Users\USUARIO\Desktop\BP Mayo 2026\SynologyDrive\CT_20\12190293.JPG,moved
CT_20,C:\Users\USUARIO\Desktop\BP Mayo 2026\SynologyDrive\CT_20\100EK113\12190294.JPG,C:\Users\USUARIO\Desktop\BP Mayo 2026\SynologyDrive\CT_20\12190294.JPG,moved
CT_20,C:\Users\USUARIO\Desktop\BP Mayo 2026\SynologyDrive\CT_20\100EK113\12190295.JPG,C:\Users\USUARIO\Desktop\BP Mayo 2026\SynologyDrive\CT_20\12190295.JPG,moved
CT_20,C:\Users\USUARIO\Desktop\BP Mayo 2026\SynologyDrive\CT_20\100EK113\12190296.MOV,C:\Users\USUARIO\Desktop\BP Mayo 2026\SynologyDrive\CT_20\12190296.MOV,moved
CT_20,C:\Users\USUARIO\Desktop\BP Mayo 2026\SynologyDrive\CT_20\100EK113\12190297.JPG,C:\Users\USUARIO\Desktop\BP Mayo 2026\SynologyDrive\CT_20\12190297.JPG,moved
CT_20,C:\Users\USUARIO\Desktop\BP Mayo 2026\SynologyDrive\CT_20\100EK113\12190298.JPG,C:\Users\USUARIO\Desktop\BP Mayo 2026\SynologyDrive\CT_20\12190298.JPG,moved
CT_20,C:\Users\USUARIO\Desktop\BP Mayo 2026\SynologyDrive\CT_20\100EK113\12190299.JPG,C:\Users\USUARIO\Desktop\BP Mayo 2026\SynologyDrive\CT_20\12190299.JPG,moved
CT_20,C:\Users\USUARIO\Desktop\BP Mayo 2026\SynologyDrive\CT_20\100EK113\12190300.MOV,C:\Users\USUARIO\Desktop\BP Mayo 2026\SynologyDrive\CT_20\12190300.MOV,moved
CT_20,C:\Users\USUARIO\Desktop\BP Mayo 2026\SynologyDrive\CT_20\100EK113\12190301.JPG,C:\Users\USUARIO\Desktop\BP Mayo 2026\SynologyDrive\CT_20\12190301.JPG,moved
CT_20,C:\Users\USUARIO\Desktop\BP Mayo 2026\SynologyDrive\CT_20\100EK113\12190302.JPG,C:\Users\USUARIO\Desktop\BP Mayo 2026\SynologyDrive\CT_20\12190302.JPG,moved
CT_20,C:\Users\USUARIO\Desktop\BP Mayo 2026\SynologyDrive\CT_20\100EK113\12190303.JPG,C:\Users\USUARIO\Desktop\BP Mayo 2026\SynologyDrive\CT_20\12190303.JPG,moved
CT_20,C:\Users\USUARIO\Desktop\BP Mayo 2026\SynologyDrive\CT_20\100EK113\12190304.MOV,C:\Users\USUARIO\Desktop\BP Mayo 2026\SynologyDrive\CT_20\12190304.MOV,moved
CT_20,C:\Users\USUARIO\Desktop\BP Mayo 2026\SynologyDrive\CT_20\100EK113\12190305.JPG,C:\Users\USUARIO\Desktop\BP Mayo 2026\SynologyDrive\CT_20\12190305.JPG,moved
CT_20,C:\Users\USUARIO\Desktop\BP Mayo 2026\SynologyDrive\CT_20\100EK113\12190306.JPG,C:\Users\USUARIO\Desktop\BP Mayo 2026\SynologyDrive\CT_20\12190306.JPG,moved
CT_20,C:\Users\USUARIO\Desktop\BP Mayo 2026\SynologyDrive\CT_20\100EK113\12190307.JPG,C:\Users\USUARIO\Desktop\BP Mayo 2026\SynologyDrive\CT_20\12190307.JPG,moved
CT_20,C:\Users\USUARIO\Desktop\BP Mayo 2026\SynologyDrive\CT_20\100EK113\12190308.MOV,C:\Users\USUARIO\Desktop\BP Mayo 2026\SynologyDrive\CT_20\12190308.MOV,moved
CT_20,C:\Users\USUARIO\Desktop\BP Mayo 2026\SynologyDrive\CT_20\100EK113\12190309.JPG,C:\Users\USUARIO\Desktop\BP Mayo 2026\SynologyDrive\CT_20\12190309.JPG,moved
CT_20,C:\Users\USUARIO\Desktop\BP Mayo 2026\SynologyDrive\CT_20\100EK113\12190310.JPG,C:\Users\USUARIO\Desktop\BP Mayo 2026\SynologyDrive\CT_20\12190310.JPG,moved
CT_20,C:\Users\USUARIO\Desktop\BP Mayo 2026\SynologyDrive\CT_20\100EK113\12190311.JPG,C:\Users\USUARIO\Desktop\BP Mayo 2026\SynologyDrive\CT_20\12190311.JPG,moved
CT_20,C:\Users\USUARIO\Desktop\BP Mayo 2026\SynologyDrive\CT_20\100EK113\12190312.MOV,C:\Users\USUARIO\Desktop\BP Mayo 2026\SynologyDrive\CT_20\12190312.MOV,moved
CT_20,C:\Users\USUARIO\Desktop\BP Mayo 2026\SynologyDrive\CT_20\100EK113\12190313.JPG,C:\Users\USUARIO\Desktop\BP Mayo 2026\SynologyDrive\CT_20\12190313.JPG,moved
CT_20,C:\Users\USUARIO\Desktop\BP Mayo 2026\SynologyDrive\CT_20\100EK113\12190314.JPG,C:\Users\USUARIO\Desktop\BP Mayo 2026\SynologyDrive\CT_20\12190314.JPG,moved
CT_20,C:\Users\USUARIO\Desktop\BP Mayo 2026\SynologyDrive\CT_20\100EK113\12190315.JPG,C:\Users\USUARIO\Desktop\BP Mayo 2026\SynologyDrive\CT_20\12190315.JPG,moved
CT_20,C:\Users\USUARIO\Desktop\BP Mayo 2026\SynologyDrive\CT_20\100EK113\12190316.MOV,C:\Users\USUARIO\Desktop\BP Mayo 2026\SynologyDrive\CT_20\12190316.MOV,moved
CT_20,C:\Users\USUARIO\Desktop\BP Mayo 2026\SynologyDrive\CT_20\100EK113\12190317.JPG,C:\Users\USUARIO\Desktop\BP Mayo 2026\SynologyDrive\CT_20\12190317.JPG,moved
CT_20,C:\Users\USUARIO\Desktop\BP Mayo 2026\SynologyDrive\CT_20\100EK113\12190318.JPG,C:\Users\USUARIO\Desktop\BP Mayo 2026\SynologyDrive\CT_20\12190318.JPG,moved
CT_20,C:\Users\USUARIO\Desktop\BP Mayo 2026\SynologyDrive\CT_20\100EK113\12190319.JPG,C:\Users\USUARIO\Desktop\BP Mayo 2026\SynologyDrive\CT_20\12190319.JPG,moved
CT_20,C:\Users\USUARIO\Desktop\BP Mayo 2026\SynologyDrive\CT_20\100EK113\12190320.MOV,C:\Users\USUARIO\Desktop\BP Mayo 2026\SynologyDrive\CT_20\12190320.MOV,moved
CT_20,C:\Users\USUARIO\Desktop\BP Mayo 2026\SynologyDrive\CT_20\100EK113\12190321.JPG,C:\Users\USUARIO\Desktop\BP Mayo 2026\SynologyDrive\CT_20\12190321.JPG,moved
CT_20,C:\Users\USUARIO\Desktop\BP Mayo 2026\SynologyDrive\CT_20\100EK113\12190322.JPG,C:\Users\USUARIO\Desktop\BP Mayo 2026\SynologyDrive\CT_20\12190322.JPG,moved
CT_20,C:\Users\USUARIO\Desktop\BP Mayo 2026\SynologyDrive\CT_20\100EK113\12190323.JPG,C:\Users\USUARIO\Desktop\BP Mayo 2026\SynologyDrive\CT_20\12190323.JPG,moved
CT_20,C:\Users\USUARIO\Desktop\BP Mayo 2026\SynologyDrive\CT_20\100EK113\12190324.MOV,C:\Users\USUARIO\Desktop\BP Mayo 2026\SynologyDrive\CT_20\12190324.MOV,moved
CT_20,C:\Users\USUARIO\Desktop\BP Mayo 2026\SynologyDrive\CT_20\100EK113\12190325.JPG,C:\Users\USUARIO\Desktop\BP Mayo 2026\SynologyDrive\CT_20\12190325.JPG,moved
CT_20,C:\Users\USUARIO\Desktop\BP Mayo 2026\SynologyDrive\CT_20\100EK113\12190326.JPG,C:\Users\USUARIO\Desktop\BP Mayo 2026\SynologyDrive\CT_20\12190326.JPG,moved
CT_20,C:\Users\USUARIO\Desktop\BP Mayo 2026\SynologyDrive\CT_20\100EK113\12190327.JPG,C:\Users\USUARIO\Desktop\BP Mayo 2026\SynologyDrive\CT_20\12190327.JPG,moved
CT_20,C:\Users\USUARIO\Desktop\BP Mayo 2026\SynologyDrive\CT_20\100EK113\12190328.MOV,C:\Users\USUARIO\Desktop\BP Mayo 2026\SynologyDrive\CT_20\12190328.MOV,moved
CT_20,C:\Users\USUARIO\Desktop\BP Mayo 2026\SynologyDrive\CT_20\100EK113\12190329.JPG,C:\Users\USUARIO\Desktop\BP Mayo 2026\SynologyDrive\CT_20\12190329.JPG,moved
CT_20,C:\Users\USUARIO\Desktop\BP Mayo 2026\SynologyDrive\CT_20\100EK113\12190330.JPG,C:\Users\USUARIO\Desktop\BP Mayo 2026\SynologyDrive\CT_20\12190330.JPG,moved
CT_20,C:\Users\USUARIO\Desktop\BP Mayo 2026\SynologyDrive\CT_20\100EK113\12190331.JPG,C:\Users\USUARIO\Desktop\BP Mayo 2026\SynologyDrive\CT_20\12190331.JPG,moved
CT_20,C:\Users\USUARIO\Desktop\BP Mayo 2026\SynologyDrive\CT_20\100EK113\12190332.MOV,C:\Users\USUARIO\Desktop\BP Mayo 2026\SynologyDrive\CT_20\12190332.MOV,moved
CT_20,C:\Users\USUARIO\Desktop\BP Mayo 2026\SynologyDrive\CT_20\100EK113\12190333.JPG,C:\Users\USUARIO\Desktop\BP Mayo 2026\SynologyDrive\CT_20\12190333.JPG,moved
CT_20,C:\Users\USUARIO\Desktop\BP Mayo 2026\SynologyDrive\CT_20\100EK113\12190334.JPG,C:\Users\USUARIO\Desktop\BP Mayo 2026\SynologyDrive\CT_20\12190334.JPG,moved
CT_20,C:\Users\USUARIO\Desktop\BP Mayo 2026\SynologyDrive\CT_20\100EK113\12190335.JPG,C:\Users\USUARIO\Desktop\BP Mayo 2026\SynologyDrive\CT_20\12190335.JPG,moved
CT_20,C:\Users\USUARIO\Desktop\BP Mayo 2026\SynologyDrive\CT_20\100EK113\12190336.MOV,C:\Users\USUARIO\Desktop\BP Mayo 2026\SynologyDrive\CT_20\12190336.MOV,moved
CT_20,C:\Users\USUARIO\Desktop\BP Mayo 2026\SynologyDrive\CT_20\100EK113\12190337.JPG,C:\Users\USUARIO\Desktop\BP Mayo 2026\SynologyDrive\CT_20\12190337.JPG,moved
CT_20,C:\Users\USUARIO\Desktop\BP Mayo 2026\SynologyDrive\CT_20\100EK113\12190338.JPG,C:\Users\USUARIO\Desktop\BP Mayo 2026\SynologyDrive\CT_20\12190338.JPG,moved
CT_20,C:\Users\USUARIO\Desktop\BP Mayo 2026\SynologyDrive\CT_20\100EK113\12190339.JPG,C:\Users\USUARIO\Desktop\BP Mayo 2026\SynologyDrive\CT_20\12190339.JPG,moved
CT_20,C:\Users\USUARIO\Desktop\BP Mayo 2026\SynologyDrive\CT_20\100EK113\12190340.MOV,C:\Users\USUARIO\Desktop\BP Mayo 2026\SynologyDrive\CT_20\12190340.MOV,moved
CT_20,C:\Users\USUARIO\Desktop\BP Mayo 2026\SynologyDrive\CT_20\100EK113\12190341.JPG,C:\Users\USUARIO\Desktop\BP Mayo 2026\SynologyDrive\CT_20\12190341.JPG,moved
CT_20,C:\Users\USUARIO\Desktop\BP Mayo 2026\SynologyDrive\CT_20\100EK113\12190342.JPG,C:\Users\USUARIO\Desktop\BP Mayo 2026\SynologyDrive\CT_20\12190342.JPG,moved
CT_20,C:\Users\USUARIO\Desktop\BP Mayo 2026\SynologyDrive\CT_20\100EK113\12190343.JPG,C:\Users\USUARIO\Desktop\BP Mayo 2026\SynologyDrive\CT_20\12190343.JPG,moved
CT_20,C:\Users\USUARIO\Desktop\BP Mayo 2026\SynologyDrive\CT_20\100EK113\12190344.MOV,C:\Users\USUARIO\Desktop\BP Mayo 2026\SynologyDrive\CT_20\12190344.MOV,moved
CT_20,C:\Users\USUARIO\Desktop\BP Mayo 2026\SynologyDrive\CT_20\100EK113\12190345.JPG,C:\Users\USUARIO\Desktop\BP Mayo 2026\SynologyDrive\CT_20\12190345.JPG,moved
CT_20,C:\Users\USUARIO\Desktop\BP Mayo 2026\SynologyDrive\CT_20\100EK113\12190346.JPG,C:\Users\USUARIO\Desktop\BP Mayo 2026\SynologyDrive\CT_20\12190346.JPG,moved
CT_20,C:\Users\USUARIO\Desktop\BP Mayo 2026\SynologyDrive\CT_20\100EK113\12190347.JPG,C:\Users\USUARIO\Desktop\BP Mayo 2026\SynologyDrive\CT_20\12190347.JPG,moved
CT_20,C:\Users\USUARIO\Desktop\BP Mayo 2026\SynologyDrive\CT_20\100EK113\12190348.MOV,C:\Users\USUARIO\Desktop\BP Mayo 2026\SynologyDrive\CT_20\12190348.MOV,moved
CT_20,C:\Users\USUARIO\Desktop\BP Mayo 2026\SynologyDrive\CT_20\100EK113\12190349.JPG,C:\Users\USUARIO\Desktop\BP Mayo 2026\SynologyDrive\CT_20\12190349.JPG,moved
CT_20,C:\Users\USUARIO\Desktop\BP Mayo 2026\SynologyDrive\CT_20\100EK113\12190350.JPG,C:\Users\USUARIO\Desktop\BP Mayo 2026\SynologyDrive\CT_20\12190350.JPG,moved
CT_20,C:\Users\USUARIO\Desktop\BP Mayo 2026\SynologyDrive\CT_20\100EK113\12190351.JPG,C:\Users\USUARIO\Desktop\BP Mayo 2026\SynologyDrive\CT_20\12190351.JPG,moved
CT_20,C:\Users\USUARIO\Desktop\BP Mayo 2026\SynologyDrive\CT_20\100EK113\12190352.MOV,C:\Users\USUARIO\Desktop\BP Mayo 2026\SynologyDrive\CT_20\12190352.MOV,moved
CT_20,C:\Users\USUARIO\Desktop\BP Mayo 2026\SynologyDrive\CT_20\100EK113\12190353.JPG,C:\Users\USUARIO\Desktop\BP Mayo 2026\SynologyDrive\CT_20\12190353.JPG,moved
CT_20,C:\Users\USUARIO\Desktop\BP Mayo 2026\SynologyDrive\CT_20\100EK113\12190354.JPG,C:\Users\USUARIO\Desktop\BP Mayo 2026\SynologyDrive\CT_20\12190354.JPG,moved
CT_20,C:\Users\USUARIO\Desktop\BP Mayo 2026\SynologyDrive\CT_20\100EK113\12190355.JPG,C:\Users\USUARIO\Desktop\BP Mayo 2026\SynologyDrive\CT_20\12190355.JPG,moved
CT_20,C:\Users\USUARIO\Desktop\BP Mayo 2026\SynologyDrive\CT_20\100EK113\12190356.MOV,C:\Users\USUARIO\Desktop\BP Mayo 2026\SynologyDrive\CT_20\12190356.MOV,moved
CT_20,C:\Users\USUARIO\Desktop\BP Mayo 2026\SynologyDrive\CT_20\100EK113\12190357.JPG,C:\Users\USUARIO\Desktop\BP Mayo 2026\SynologyDrive\CT_20\12190357.JPG,moved
CT_20,C:\Users\USUARIO\Desktop\BP Mayo 2026\SynologyDrive\CT_20\100EK113\12190358.JPG,C:\Users\USUARIO\Desktop\BP Mayo 2026\SynologyDrive\CT_20\12190358.JPG,moved
CT_20,C:\Users\USUARIO\Desktop\BP Mayo 2026\SynologyDrive\CT_20\100EK113\12190359.JPG,C:\Users\USUARIO\Desktop\BP Mayo 2026\SynologyDrive\CT_20\12190359.JPG,moved
CT_20,C:\Users\USUARIO\Desktop\BP Mayo 2026\SynologyDrive\CT_20\100EK113\12190360.MOV,C:\Users\USUARIO\Desktop\BP Mayo 2026\SynologyDrive\CT_20\12190360.MOV,moved
CT_20,C:\Users\USUARIO\Desktop\BP Mayo 2026\SynologyDrive\CT_20\100EK113\12190361.JPG,C:\Users\USUARIO\Desktop\BP Mayo 2026\SynologyDrive\CT_20\12190361.JPG,moved
CT_20,C:\Users\USUARIO\Desktop\BP Mayo 2026\SynologyDrive\CT_20\100EK113\12190362.JPG,C:\Users\USUARIO\Desktop\BP Mayo 2026\SynologyDrive\CT_20\12190362.JPG,moved
CT_20,C:\Users\USUARIO\Desktop\BP Mayo 2026\SynologyDrive\CT_20\100EK113\12190363.JPG,C:\Users\USUARIO\Desktop\BP Mayo 2026\SynologyDrive\CT_20\12190363.JPG,moved
CT_20,C:\Users\USUARIO\Desktop\BP Mayo 2026\SynologyDrive\CT_20\100EK113\12190364.MOV,C:\Users\USUARIO\Desktop\BP Mayo 2026\SynologyDrive\CT_20\12190364.MOV,moved
CT_20,C:\Users\USUARIO\Desktop\BP Mayo 2026\SynologyDrive\CT_20\100EK113\12190365.JPG,C:\Users\USUARIO\Desktop\BP Mayo 2026\SynologyDrive\CT_20\12190365.JPG,moved
CT_20,C:\Users\USUARIO\Desktop\BP Mayo 2026\SynologyDrive\CT_20\100EK113\12190366.JPG,C:\Users\USUARIO\Desktop\BP Mayo 2026\SynologyDrive\CT_20\12190366.JPG,moved
CT_20,C:\Users\USUARIO\Desktop\BP Mayo 2026\SynologyDrive\CT_20\100EK113\12190367.JPG,C:\Users\USUARIO\Desktop\BP Mayo 2026\SynologyDrive\CT_20\12190367.JPG,moved
CT_20,C:\Users\USUARIO\Desktop\BP Mayo 2026\SynologyDrive\CT_20\100EK113\12190368.MOV,C:\Users\USUARIO\Desktop\BP Mayo 2026\SynologyDrive\CT_20\12190368.MOV,moved
CT_20,C:\Users\USUARIO\Desktop\BP Mayo 2026\SynologyDrive\CT_20\100EK113\12190369.JPG,C:\Users\USUARIO\Desktop\BP Mayo 2026\SynologyDrive\CT_20\12190369.JPG,moved
CT_20,C:\Users\USUARIO\Desktop\BP Mayo 2026\SynologyDrive\CT_20\100EK113\12190370.JPG,C:\Users\USUARIO\Desktop\BP Mayo 2026\SynologyDrive\CT_20\12190370.JPG,moved
CT_20,C:\Users\USUARIO\Desktop\BP Mayo 2026\SynologyDrive\CT_20\100EK113\12190371.JPG,C:\Users\USUARIO\Desktop\BP Mayo 2026\SynologyDrive\CT_20\12190371.JPG,moved
CT_20,C:\Users\USUARIO\Desktop\BP Mayo 2026\SynologyDrive\CT_20\100EK113\12190372.MOV,C:\Users\USUARIO\Desktop\BP Mayo 2026\SynologyDrive\CT_20\12190372.MOV,moved
CT_20,C:\Users\USUARIO\Desktop\BP Mayo 2026\SynologyDrive\CT_20\100EK113\12190373.JPG,C:\Users\USUARIO\Desktop\BP Mayo 2026\SynologyDrive\CT_20\12190373.JPG,moved
CT_20,C:\Users\USUARIO\Desktop\BP Mayo 2026\SynologyDrive\CT_20\100EK113\12190374.JPG,C:\Users\USUARIO\Desktop\BP Mayo 2026\SynologyDrive\CT_20\12190374.JPG,moved
CT_20,C:\Users\USUARIO\Desktop\BP Mayo 2026\SynologyDrive\CT_20\100EK113\12190375.JPG,C:\Users\USUARIO\Desktop\BP Mayo 2026\SynologyDrive\CT_20\12190375.JPG,moved
CT_20,C:\Users\USUARIO\Desktop\BP Mayo 2026\SynologyDrive\CT_20\100EK113\12190376.MOV,C:\Users\USUARIO\Desktop\BP Mayo 2026\SynologyDrive\CT_20\12190376.MOV,moved
CT_20,C:\Users\USUARIO\Desktop\BP Mayo 2026\SynologyDrive\CT_20\100EK113\12190377.JPG,C:\Users\USUARIO\Desktop\BP Mayo 2026\SynologyDrive\CT_20\12190377.JPG,moved
CT_20,C:\Users\USUARIO\Desktop\BP Mayo 2026\SynologyDrive\CT_20\100EK113\12190378.JPG,C:\Users\USUARIO\Desktop\BP Mayo 2026\SynologyDrive\CT_20\12190378.JPG,moved
CT_20,C:\Users\USUARIO\Desktop\BP Mayo 2026\SynologyDrive\CT_20\100EK113\12190379.JPG,C:\Users\USUARIO\Desktop\BP Mayo 2026\SynologyDrive\CT_20\12190379.JPG,moved
CT_20,C:\Users\USUARIO\Desktop\BP Mayo 2026\SynologyDrive\CT_20\100EK113\12190380.MOV,C:\Users\USUARIO\Desktop\BP Mayo 2026\SynologyDrive\CT_20\12190380.MOV,moved
CT_20,C:\Users\USUARIO\Desktop\BP Mayo 2026\SynologyDrive\CT_20\100EK113\12190381.JPG,C:\Users\USUARIO\Desktop\BP Mayo 2026\SynologyDrive\CT_20\12190381.JPG,moved
CT_20,C:\Users\USUARIO\Desktop\BP Mayo 2026\SynologyDrive\CT_20\100EK113\12190382.JPG,C:\Users\USUARIO\Desktop\BP Mayo 2026\SynologyDrive\CT_20\12190382.JPG,moved
CT_20,C:\Users\USUARIO\Desktop\BP Mayo 2026\SynologyDrive\CT_20\100EK113\12190383.JPG,C:\Users\USUARIO\Desktop\BP Mayo 2026\SynologyDrive\CT_20\12190383.JPG,moved
CT_20,C:\Users\USUARIO\Desktop\BP Mayo 2026\SynologyDrive\CT_20\100EK113\12190384.MOV,C:\Users\USUARIO\Desktop\BP Mayo 2026\SynologyDrive\CT_20\12190384.MOV,moved
CT_20,C:\Users\USUARIO\Desktop\BP Mayo 2026\SynologyDrive\CT_20\100EK113\12190385.JPG,C:\Users\USUARIO\Desktop\BP Mayo 2026\SynologyDrive\CT_20\12190385.JPG,moved
CT_20,C:\Users\USUARIO\Desktop\BP Mayo 2026\SynologyDrive\CT_20\100EK113\12190386.JPG,C:\Users\USUARIO\Desktop\BP Mayo 2026\SynologyDrive\CT_20\12190386.JPG,moved
CT_20,C:\Users\USUARIO\Desktop\BP Mayo 2026\SynologyDrive\CT_20\100EK113\12190387.JPG,C:\Users\USUARIO\Desktop\BP Mayo 2026\SynologyDrive\CT_20\12190387.JPG,moved
CT_20,C:\Users\USUARIO\Desktop\BP Mayo 2026\SynologyDrive\CT_20\100EK113\12190388.MOV,C:\Users\USUARIO\Desktop\BP Mayo 2026\SynologyDrive\CT_20\12190388.MOV,moved
CT_20,C:\Users\USUARIO\Desktop\BP Mayo 2026\SynologyDrive\CT_20\100EK113\12190389.JPG,C:\Users\USUARIO\Desktop\BP Mayo 2026\SynologyDrive\CT_20\12190389.JPG,moved
CT_20,C:\Users\USUARIO\Desktop\BP Mayo 2026\SynologyDrive\CT_20\100EK113\12190390.JPG,C:\Users\USUARIO\Desktop\BP Mayo 2026\SynologyDrive\CT_20\12190390.JPG,moved
CT_20,C:\Users\USUARIO\Desktop\BP Mayo 2026\SynologyDrive\CT_20\100EK113\12190391.JPG,C:\Users\USUARIO\Desktop\BP Mayo 2026\SynologyDrive\CT_20\12190391.JPG,moved
CT_20,C:\Users\USUARIO\Desktop\BP Mayo 2026\SynologyDrive\CT_20\100EK113\12190392.MOV,C:\Users\USUARIO\Desktop\BP Mayo 2026\SynologyDrive\CT_20\12190392.MOV,moved
CT_20,C:\Users\USUARIO\Desktop\BP Mayo 2026\SynologyDrive\CT_20\100EK113\12190393.JPG,C:\Users\USUARIO\Desktop\BP Mayo 2026\SynologyDrive\CT_20\12190393.JPG,moved
CT_20,C:\Users\USUARIO\Desktop\BP Mayo 2026\SynologyDrive\CT_20\100EK113\12190394.JPG,C:\Users\USUARIO\Desktop\BP Mayo 2026\SynologyDrive\CT_20\12190394.JPG,moved
CT_20,C:\Users\USUARIO\Desktop\BP Mayo 2026\SynologyDrive\CT_20\100EK113\12190395.JPG,C:\Users\USUARIO\Desktop\BP Mayo 2026\SynologyDrive\CT_20\12190395.JPG,moved
CT_20,C:\Users\USUARIO\Desktop\BP Mayo 2026\SynologyDrive\CT_20\100EK113\12190396.MOV,C:\Users\USUARIO\Desktop\BP Mayo 2026\SynologyDrive\CT_20\12190396.MOV,moved
CT_20,C:\Users\USUARIO\Desktop\BP Mayo 2026\SynologyDrive\CT_20\100EK113\12190397.JPG,C:\Users\USUARIO\Desktop\BP Mayo 2026\SynologyDrive\CT_20\12190397.JPG,moved
CT_20,C:\Users\USUARIO\Desktop\BP Mayo 2026\SynologyDrive\CT_20\100EK113\12190398.JPG,C:\Users\USUARIO\Desktop\BP Mayo 2026\SynologyDrive\CT_20\12190398.JPG,moved
CT_20,C:\Users\USUARIO\Desktop\BP Mayo 2026\SynologyDrive\CT_20\100EK113\12190399.JPG,C:\Users\USUARIO\Desktop\BP Mayo 2026\SynologyDrive\CT_20\12190399.JPG,moved
CT_20,C:\Users\USUARIO\Desktop\BP Mayo 2026\SynologyDrive\CT_20\100EK113\12190400.MOV,C:\Users\USUARIO\Desktop\BP Mayo 2026\SynologyDrive\CT_20\12190400.MOV,moved
CT_20,C:\Users\USUARIO\Desktop\BP Mayo 2026\SynologyDrive\CT_20\100EK113\12190401.JPG,C:\Users\USUARIO\Desktop\BP Mayo 2026\SynologyDrive\CT_20\12190401.JPG,moved
CT_20,C:\Users\USUARIO\Desktop\BP Mayo 2026\SynologyDrive\CT_20\100EK113\12190402.JPG,C:\Users\USUARIO\Desktop\BP Mayo 2026\SynologyDrive\CT_20\12190402.JPG,moved
CT_20,C:\Users\USUARIO\Desktop\BP Mayo 2026\SynologyDrive\CT_20\100EK113\12190403.JPG,C:\Users\USUARIO\Desktop\BP Mayo 2026\SynologyDrive\CT_20\12190403.JPG,moved
CT_20,C:\Users\USUARIO\Desktop\BP Mayo 2026\SynologyDrive\CT_20\100EK113\12190404.MOV,C:\Users\USUARIO\Desktop\BP Mayo 2026\SynologyDrive\CT_20\12190404.MOV,moved
CT_20,C:\Users\USUARIO\Desktop\BP Mayo 2026\SynologyDrive\CT_20\100EK113\12190405.JPG,C:\Users\USUARIO\Desktop\BP Mayo 2026\SynologyDrive\CT_20\12190405.JPG,moved
CT_20,C:\Users\USUARIO\Desktop\BP Mayo 2026\SynologyDrive\CT_20\100EK113\12190406.JPG,C:\Users\USUARIO\Desktop\BP Mayo 2026\SynologyDrive\CT_20\12190406.JPG,moved
CT_20,C:\Users\USUARIO\Desktop\BP Mayo 2026\SynologyDrive\CT_20\100EK113\12190407.JPG,C:\Users\USUARIO\Desktop\BP Mayo 2026\SynologyDrive\CT_20\12190407.JPG,moved
CT_20,C:\Users\USUARIO\Desktop\BP Mayo 2026\SynologyDrive\CT_20\100EK113\12190408.MOV,C:\Users\USUARIO\Desktop\BP Mayo 2026\SynologyDrive\CT_20\12190408.MOV,moved
CT_20,C:\Users\USUARIO\Desktop\BP Mayo 2026\SynologyDrive\CT_20\100EK113\12190409.JPG,C:\Users\USUARIO\Desktop\BP Mayo 2026\SynologyDrive\CT_20\12190409.JPG,moved
CT_20,C:\Users\USUARIO\Desktop\BP Mayo 2026\SynologyDrive\CT_20\100EK113\12190410.JPG,C:\Users\USUARIO\Desktop\BP Mayo 2026\SynologyDrive\CT_20\12190410.JPG,moved
CT_20,C:\Users\USUARIO\Desktop\BP Mayo 2026\SynologyDrive\CT_20\100EK113\12190411.JPG,C:\Users\USUARIO\Desktop\BP Mayo 2026\SynologyDrive\CT_20\12190411.JPG,moved
CT_20,C:\Users\USUARIO\Desktop\BP Mayo 2026\SynologyDrive\CT_20\100EK113\12190412.MOV,C:\Users\USUARIO\Desktop\BP Mayo 2026\SynologyDrive\CT_20\12190412.MOV,moved
CT_20,C:\Users\USUARIO\Desktop\BP Mayo 2026\SynologyDrive\CT_20\100EK113\12190413.JPG,C:\Users\USUARIO\Desktop\BP Mayo 2026\SynologyDrive\CT_20\12190413.JPG,moved
CT_20,C:\Users\USUARIO\Desktop\BP Mayo 2026\SynologyDrive\CT_20\100EK113\12190414.JPG,C:\Users\USUARIO\Desktop\BP Mayo 2026\SynologyDrive\CT_20\12190414.JPG,moved
CT_20,C:\Users\USUARIO\Desktop\BP Mayo 2026\SynologyDrive\CT_20\100EK113\12190415.JPG,C:\Users\USUARIO\Desktop\BP Mayo 2026\SynologyDrive\CT_20\12190415.JPG,moved
CT_20,C:\Users\USUARIO\Desktop\BP Mayo 2026\SynologyDrive\CT_20\100EK113\12190416.MOV,C:\Users\USUARIO\Desktop\BP Mayo 2026\SynologyDrive\CT_20\12190416.MOV,moved
CT_20,C:\Users\USUARIO\Desktop\BP Mayo 2026\SynologyDrive\CT_20\100EK113\12210417.JPG,C:\Users\USUARIO\Desktop\BP Mayo 2026\SynologyDrive\CT_20\12210417.JPG,moved
CT_20,C:\Users\USUARIO\Desktop\BP Mayo 2026\SynologyDrive\CT_20\100EK113\12210418.JPG,C:\Users\USUARIO\Desktop\BP Mayo 2026\SynologyDrive\CT_20\12210418.JPG,moved
CT_20,C:\Users\USUARIO\Desktop\BP Mayo 2026\SynologyDrive\CT_20\100EK113\12210419.JPG,C:\Users\USUARIO\Desktop\BP Mayo 2026\SynologyDrive\CT_20\12210419.JPG,moved
CT_20,C:\Users\USUARIO\Desktop\BP Mayo 2026\SynologyDrive\CT_20\100EK113\12210420.MOV,C:\Users\USUARIO\Desktop\BP Mayo 2026\SynologyDrive\CT_20\12210420.MOV,moved
CT_20,C:\Users\USUARIO\Desktop\BP Mayo 2026\SynologyDrive\CT_20\100EK113\12210421.JPG,C:\Users\USUARIO\Desktop\BP Mayo 2026\SynologyDrive\CT_20\12210421.JPG,moved
CT_20,C:\Users\USUARIO\Desktop\BP Mayo 2026\SynologyDrive\CT_20\100EK113\12210422.JPG,C:\Users\USUARIO\Desktop\BP Mayo 2026\SynologyDrive\CT_20\12210422.JPG,moved
CT_20,C:\Users\USUARIO\Desktop\BP Mayo 2026\SynologyDrive\CT_20\100EK113\12210423.JPG,C:\Users\USUARIO\Desktop\BP Mayo 2026\SynologyDrive\CT_20\12210423.JPG,moved
CT_20,C:\Users\USUARIO\Desktop\BP Mayo 2026\SynologyDrive\CT_20\100EK113\12210424.MOV,C:\Users\USUARIO\Desktop\BP Mayo 2026\SynologyDrive\CT_20\12210424.MOV,moved
CT_20,C:\Users\USUARIO\Desktop\BP Mayo 2026\SynologyDrive\CT_20\100EK113\12210425.JPG,C:\Users\USUARIO\Desktop\BP Mayo 2026\SynologyDrive\CT_20\12210425.JPG,moved
CT_20,C:\Users\USUARIO\Desktop\BP Mayo 2026\SynologyDrive\CT_20\100EK113\12210426.JPG,C:\Users\USUARIO\Desktop\BP Mayo 2026\SynologyDrive\CT_20\12210426.JPG,moved
CT_20,C:\Users\USUARIO\Desktop\BP Mayo 2026\SynologyDrive\CT_20\100EK113\12210427.JPG,C:\Users\USUARIO\Desktop\BP Mayo 2026\SynologyDrive\CT_20\12210427.JPG,moved
CT_20,C:\Users\USUARIO\Desktop\BP Mayo 2026\SynologyDrive\CT_20\100EK113\12210428.MOV,C:\Users\USUARIO\Desktop\BP Mayo 2026\SynologyDrive\CT_20\12210428.MOV,moved
CT_20,C:\Users\USUARIO\Desktop\BP Mayo 2026\SynologyDrive\CT_20\100EK113\12210429.JPG,C:\Users\USUARIO\Desktop\BP Mayo 2026\SynologyDrive\CT_20\12210429.JPG,moved
CT_20,C:\Users\USUARIO\Desktop\BP Mayo 2026\SynologyDrive\CT_20\100EK113\12210430.JPG,C:\Users\USUARIO\Desktop\BP Mayo 2026\SynologyDrive\CT_20\12210430.JPG,moved
CT_20,C:\Users\USUARIO\Desktop\BP Mayo 2026\SynologyDrive\CT_20\100EK113\12210431.JPG,C:\Users\USUARIO\Desktop\BP Mayo 2026\SynologyDrive\CT_20\12210431.JPG,moved
CT_20,C:\Users\USUARIO\Desktop\BP Mayo 2026\SynologyDrive\CT_20\100EK113\12210432.MOV,C:\Users\USUARIO\Desktop\BP Mayo 2026\SynologyDrive\CT_20\12210432.MOV,moved
CT_20,C:\Users\USUARIO\Desktop\BP Mayo 2026\SynologyDrive\CT_20\100EK113\12210433.JPG,C:\Users\USUARIO\Desktop\BP Mayo 2026\SynologyDrive\CT_20\12210433.JPG,moved
CT_20,C:\Users\USUARIO\Desktop\BP Mayo 2026\SynologyDrive\CT_20\100EK113\12210434.JPG,C:\Users\USUARIO\Desktop\BP Mayo 2026\SynologyDrive\CT_20\12210434.JPG,moved
CT_20,C:\Users\USUARIO\Desktop\BP Mayo 2026\SynologyDrive\CT_20\100EK113\12210435.JPG,C:\Users\USUARIO\Desktop\BP Mayo 2026\SynologyDrive\CT_20\12210435.JPG,moved
CT_20,C:\Users\USUARIO\Desktop\BP Mayo 2026\SynologyDrive\CT_20\100EK113\12210436.MOV,C:\Users\USUARIO\Desktop\BP Mayo 2026\SynologyDrive\CT_20\12210436.MOV,moved
CT_20,C:\Users\USUARIO\Desktop\BP Mayo 2026\SynologyDrive\CT_20\100EK113\12210437.JPG,C:\Users\USUARIO\Desktop\BP Mayo 2026\SynologyDrive\CT_20\12210437.JPG,moved
CT_20,C:\Users\USUARIO\Desktop\BP Mayo 2026\SynologyDrive\CT_20\100EK113\12210438.JPG,C:\Users\USUARIO\Desktop\BP Mayo 2026\SynologyDrive\CT_20\12210438.JPG,moved
CT_20,C:\Users\USUARIO\Desktop\BP Mayo 2026\SynologyDrive\CT_20\100EK113\12210439.JPG,C:\Users\USUARIO\Desktop\BP Mayo 2026\SynologyDrive\CT_20\12210439.JPG,moved
CT_20,C:\Users\USUARIO\Desktop\BP Mayo 2026\SynologyDrive\CT_20\100EK113\12210440.MOV,C:\Users\USUARIO\Desktop\BP Mayo 2026\SynologyDrive\CT_20\12210440.MOV,moved
CT_20,C:\Users\USUARIO\Desktop\BP Mayo 2026\SynologyDrive\CT_20\100EK113\12210441.JPG,C:\Users\USUARIO\Desktop\BP Mayo 2026\SynologyDrive\CT_20\12210441.JPG,moved
CT_20,C:\Users\USUARIO\Desktop\BP Mayo 2026\SynologyDrive\CT_20\100EK113\12210442.JPG,C:\Users\USUARIO\Desktop\BP Mayo 2026\SynologyDrive\CT_20\12210442.JPG,moved
CT_20,C:\Users\USUARIO\Desktop\BP Mayo 2026\SynologyDrive\CT_20\100EK113\12210443.JPG,C:\Users\USUARIO\Desktop\BP Mayo 2026\SynologyDrive\CT_20\12210443.JPG,moved
CT_20,C:\Users\USUARIO\Desktop\BP Mayo 2026\SynologyDrive\CT_20\100EK113\12210444.MOV,C:\Users\USUARIO\Desktop\BP Mayo 2026\SynologyDrive\CT_20\12210444.MOV,moved
CT_20,C:\Users\USUARIO\Desktop\BP Mayo 2026\SynologyDrive\CT_20\100EK113\12210445.JPG,C:\Users\USUARIO\Desktop\BP Mayo 2026\SynologyDrive\CT_20\12210445.JPG,moved
CT_20,C:\Users\USUARIO\Desktop\BP Mayo 2026\SynologyDrive\CT_20\100EK113\12210446.JPG,C:\Users\USUARIO\Desktop\BP Mayo 2026\SynologyDrive\CT_20\12210446.JPG,moved
CT_20,C:\Users\USUARIO\Desktop\BP Mayo 2026\SynologyDrive\CT_20\100EK113\12210447.JPG,C:\Users\USUARIO\Desktop\BP Mayo 2026\SynologyDrive\CT_20\12210447.JPG,moved
CT_20,C:\Users\USUARIO\Desktop\BP Mayo 2026\SynologyDrive\CT_20\100EK113\12210448.MOV,C:\Users\USUARIO\Desktop\BP Mayo 2026\SynologyDrive\CT_20\12210448.MOV,moved
CT_20,C:\Users\USUARIO\Desktop\BP Mayo 2026\SynologyDrive\CT_20\100EK113\12210449.JPG,C:\Users\USUARIO\Desktop\BP Mayo 2026\SynologyDrive\CT_20\12210449.JPG,moved
CT_20,C:\Users\USUARIO\Desktop\BP Mayo 2026\SynologyDrive\CT_20\100EK113\12210450.JPG,C:\Users\USUARIO\Desktop\BP Mayo 2026\SynologyDrive\CT_20\12210450.JPG,moved
CT_20,C:\Users\USUARIO\Desktop\BP Mayo 2026\SynologyDrive\CT_20\100EK113\12210451.JPG,C:\Users\USUARIO\Desktop\BP Mayo 2026\SynologyDrive\CT_20\12210451.JPG,moved
CT_20,C:\Users\USUARIO\Desktop\BP Mayo 2026\SynologyDrive\CT_20\100EK113\12210452.MOV,C:\Users\USUARIO\Desktop\BP Mayo 2026\SynologyDrive\CT_20\12210452.MOV,moved
CT_20,C:\Users\USUARIO\Desktop\BP Mayo 2026\SynologyDrive\CT_20\100EK113\12210453.JPG,C:\Users\USUARIO\Desktop\BP Mayo 2026\SynologyDrive\CT_20\12210453.JPG,moved
CT_20,C:\Users\USUARIO\Desktop\BP Mayo 2026\SynologyDrive\CT_20\100EK113\12210454.JPG,C:\Users\USUARIO\Desktop\BP Mayo 2026\SynologyDrive\CT_20\12210454.JPG,moved
CT_20,C:\Users\USUARIO\Desktop\BP Mayo 2026\SynologyDrive\CT_20\100EK113\12210455.JPG,C:\Users\USUARIO\Desktop\BP Mayo 2026\SynologyDrive\CT_20\12210455.JPG,moved
CT_20,C:\Users\USUARIO\Desktop\BP Mayo 2026\SynologyDrive\CT_20\100EK113\12210456.MOV,C:\Users\USUARIO\Desktop\BP Mayo 2026\SynologyDrive\CT_20\12210456.MOV,moved
CT_20,C:\Users\USUARIO\Desktop\BP Mayo 2026\SynologyDrive\CT_20\100EK113\12210457.JPG,C:\Users\USUARIO\Desktop\BP Mayo 2026\SynologyDrive\CT_20\12210457.JPG,moved
CT_20,C:\Users\USUARIO\Desktop\BP Mayo 2026\SynologyDrive\CT_20\100EK113\12210458.JPG,C:\Users\USUARIO\Desktop\BP Mayo 2026\SynologyDrive\CT_20\12210458.JPG,moved
CT_20,C:\Users\USUARIO\Desktop\BP Mayo 2026\SynologyDrive\CT_20\100EK113\12210459.JPG,C:\Users\USUARIO\Desktop\BP Mayo 2026\SynologyDrive\CT_20\12210459.JPG,moved
CT_20,C:\Users\USUARIO\Desktop\BP Mayo 2026\SynologyDrive\CT_20\100EK113\12210460.MOV,C:\Users\USUARIO\Desktop\BP Mayo 2026\SynologyDrive\CT_20\12210460.MOV,moved
CT_20,C:\Users\USUARIO\Desktop\BP Mayo 2026\SynologyDrive\CT_20\100EK113\12210461.JPG,C:\Users\USUARIO\Desktop\BP Mayo 2026\SynologyDrive\CT_20\12210461.JPG,moved
CT_20,C:\Users\USUARIO\Desktop\BP Mayo 2026\SynologyDrive\CT_20\100EK113\12210462.JPG,C:\Users\USUARIO\Desktop\BP Mayo 2026\SynologyDrive\CT_20\12210462.JPG,moved
CT_20,C:\Users\USUARIO\Desktop\BP Mayo 2026\SynologyDrive\CT_20\100EK113\12210463.JPG,C:\Users\USUARIO\Desktop\BP Mayo 2026\SynologyDrive\CT_20\12210463.JPG,moved
CT_20,C:\Users\USUARIO\Desktop\BP Mayo 2026\SynologyDrive\CT_20\100EK113\12210464.MOV,C:\Users\USUARIO\Desktop\BP Mayo 2026\SynologyDrive\CT_20\12210464.MOV,moved
CT_20,C:\Users\USUARIO\Desktop\BP Mayo 2026\SynologyDrive\CT_20\100EK113\12210465.JPG,C:\Users\USUARIO\Desktop\BP Mayo 2026\SynologyDrive\CT_20\12210465.JPG,moved
CT_20,C:\Users\USUARIO\Desktop\BP Mayo 2026\SynologyDrive\CT_20\100EK113\12210466.JPG,C:\Users\USUARIO\Desktop\BP Mayo 2026\SynologyDrive\CT_20\12210466.JPG,moved
CT_20,C:\Users\USUARIO\Desktop\BP Mayo 2026\SynologyDrive\CT_20\100EK113\12210467.JPG,C:\Users\USUARIO\Desktop\BP Mayo 2026\SynologyDrive\CT_20\12210467.JPG,moved
CT_20,C:\Users\USUARIO\Desktop\BP Mayo 2026\SynologyDrive\CT_20\100EK113\12210468.MOV,C:\Users\USUARIO\Desktop\BP Mayo 2026\SynologyDrive\CT_20\12210468.MOV,moved
CT_20,C:\Users\USUARIO\Desktop\BP Mayo 2026\SynologyDrive\CT_20\100EK113\12220469.JPG,C:\Users\USUARIO\Desktop\BP Mayo 2026\SynologyDrive\CT_20\12220469.JPG,moved
CT_20,C:\Users\USUARIO\Desktop\BP Mayo 2026\SynologyDrive\CT_20\100EK113\12220470.JPG,C:\Users\USUARIO\Desktop\BP Mayo 2026\SynologyDrive\CT_20\12220470.JPG,moved
CT_20,C:\Users\USUARIO\Desktop\BP Mayo 2026\SynologyDrive\CT_20\100EK113\12220471.JPG,C:\Users\USUARIO\Desktop\BP Mayo 2026\SynologyDrive\CT_20\12220471.JPG,moved
CT_20,C:\Users\USUARIO\Desktop\BP Mayo 2026\SynologyDrive\CT_20\100EK113\12220472.MOV,C:\Users\USUARIO\Desktop\BP Mayo 2026\SynologyDrive\CT_20\12220472.MOV,moved
CT_20,C:\Users\USUARIO\Desktop\BP Mayo 2026\SynologyDrive\CT_20\100EK113\12220473.JPG,C:\Users\USUARIO\Desktop\BP Mayo 2026\SynologyDrive\CT_20\12220473.JPG,moved
CT_20,C:\Users\USUARIO\Desktop\BP Mayo 2026\SynologyDrive\CT_20\100EK113\12220474.JPG,C:\Users\USUARIO\Desktop\BP Mayo 2026\SynologyDrive\CT_20\12220474.JPG,moved
CT_20,C:\Users\USUARIO\Desktop\BP Mayo 2026\SynologyDrive\CT_20\100EK113\12220475.JPG,C:\Users\USUARIO\Desktop\BP Mayo 2026\SynologyDrive\CT_20\12220475.JPG,moved
CT_20,C:\Users\USUARIO\Desktop\BP Mayo 2026\SynologyDrive\CT_20\100EK113\12220476.MOV,C:\Users\USUARIO\Desktop\BP Mayo 2026\SynologyDrive\CT_20\12220476.MOV,moved
CT_20,C:\Users\USUARIO\Desktop\BP Mayo 2026\SynologyDrive\CT_20\100EK113\12220477.JPG,C:\Users\USUARIO\Desktop\BP Mayo 2026\SynologyDrive\CT_20\12220477.JPG,moved
CT_20,C:\Users\USUARIO\Desktop\BP Mayo 2026\SynologyDrive\CT_20\100EK113\12220478.JPG,C:\Users\USUARIO\Desktop\BP Mayo 2026\SynologyDrive\CT_20\12220478.JPG,moved
CT_20,C:\Users\USUARIO\Desktop\BP Mayo 2026\SynologyDrive\CT_20\100EK113\12220479.JPG,C:\Users\USUARIO\Desktop\BP Mayo 2026\SynologyDrive\CT_20\12220479.JPG,moved
CT_20,C:\Users\USUARIO\Desktop\BP Mayo 2026\SynologyDrive\CT_20\100EK113\12220480.MOV,C:\Users\USUARIO\Desktop\BP Mayo 2026\SynologyDrive\CT_20\12220480.MOV,moved
CT_20,C:\Users\USUARIO\Desktop\BP Mayo 2026\SynologyDrive\CT_20\100EK113\12220481.JPG,C:\Users\USUARIO\Desktop\BP Mayo 2026\SynologyDrive\CT_20\12220481.JPG,moved
CT_20,C:\Users\USUARIO\Desktop\BP Mayo 2026\SynologyDrive\CT_20\100EK113\12220482.JPG,C:\Users\USUARIO\Desktop\BP Mayo 2026\SynologyDrive\CT_20\12220482.JPG,moved
CT_20,C:\Users\USUARIO\Desktop\BP Mayo 2026\SynologyDrive\CT_20\100EK113\12220483.JPG,C:\Users\USUARIO\Desktop\BP Mayo 2026\SynologyDrive\CT_20\12220483.JPG,moved
CT_20,C:\Users\USUARIO\Desktop\BP Mayo 2026\SynologyDrive\CT_20\100EK113\12220484.MOV,C:\Users\USUARIO\Desktop\BP Mayo 2026\SynologyDrive\CT_20\12220484.MOV,moved
CT_20,C:\Users\USUARIO\Desktop\BP Mayo 2026\SynologyDrive\CT_20\100EK113\12220485.JPG,C:\Users\USUARIO\Desktop\BP Mayo 2026\SynologyDrive\CT_20\12220485.JPG,moved
CT_20,C:\Users\USUARIO\Desktop\BP Mayo 2026\SynologyDrive\CT_20\100EK113\12220486.JPG,C:\Users\USUARIO\Desktop\BP Mayo 2026\SynologyDrive\CT_20\12220486.JPG,moved
CT_20,C:\Users\USUARIO\Desktop\BP Mayo 2026\SynologyDrive\CT_20\100EK113\12220487.JPG,C:\Users\USUARIO\Desktop\BP Mayo 2026\SynologyDrive\CT_20\12220487.JPG,moved
CT_20,C:\Users\USUARIO\Desktop\BP Mayo 2026\SynologyDrive\CT_20\100EK113\12220488.MOV,C:\Users\USUARIO\Desktop\BP Mayo 2026\SynologyDrive\CT_20\12220488.MOV,moved
CT_20,C:\Users\USUARIO\Desktop\BP Mayo 2026\SynologyDrive\CT_20\100EK113\12220489.JPG,C:\Users\USUARIO\Desktop\BP Mayo 2026\SynologyDrive\CT_20\12220489.JPG,moved
CT_20,C:\Users\USUARIO\Desktop\BP Mayo 2026\SynologyDrive\CT_20\100EK113\12220490.JPG,C:\Users\USUARIO\Desktop\BP Mayo 2026\SynologyDrive\CT_20\12220490.JPG,moved
CT_20,C:\Users\USUARIO\Desktop\BP Mayo 2026\SynologyDrive\CT_20\100EK113\12220491.JPG,C:\Users\USUARIO\Desktop\BP Mayo 2026\SynologyDrive\CT_20\12220491.JPG,moved
CT_20,C:\Users\USUARIO\Desktop\BP Mayo 2026\SynologyDrive\CT_20\100EK113\12220492.MOV,C:\Users\USUARIO\Desktop\BP Mayo 2026\SynologyDrive\CT_20\12220492.MOV,moved
CT_20,C:\Users\USUARIO\Desktop\BP Mayo 2026\SynologyDrive\CT_20\100EK113\12220493.JPG,C:\Users\USUARIO\Desktop\BP Mayo 2026\SynologyDrive\CT_20\12220493.JPG,moved
CT_20,C:\Users\USUARIO\Desktop\BP Mayo 2026\SynologyDrive\CT_20\100EK113\12220494.JPG,C:\Users\USUARIO\Desktop\BP Mayo 2026\SynologyDrive\CT_20\12220494.JPG,moved
CT_20,C:\Users\USUARIO\Desktop\BP Mayo 2026\SynologyDrive\CT_20\100EK113\12220495.JPG,C:\Users\USUARIO\Desktop\BP Mayo 2026\SynologyDrive\CT_20\12220495.JPG,moved
CT_20,C:\Users\USUARIO\Desktop\BP Mayo 2026\SynologyDrive\CT_20\100EK113\12220496.MOV,C:\Users\USUARIO\Desktop\BP Mayo 2026\SynologyDrive\CT_20\12220496.MOV,moved
CT_20,C:\Users\USUARIO\Desktop\BP Mayo 2026\SynologyDrive\CT_20\100EK113\12220497.JPG,C:\Users\USUARIO\Desktop\BP Mayo 2026\SynologyDrive\CT_20\12220497.JPG,moved
CT_20,C:\Users\USUARIO\Desktop\BP Mayo 2026\SynologyDrive\CT_20\100EK113\12220498.JPG,C:\Users\USUARIO\Desktop\BP Mayo 2026\SynologyDrive\CT_20\12220498.JPG,moved
CT_20,C:\Users\USUARIO\Desktop\BP Mayo 2026\SynologyDrive\CT_20\100EK113\12220499.JPG,C:\Users\USUARIO\Desktop\BP Mayo 2026\SynologyDrive\CT_20\12220499.JPG,moved
CT_20,C:\Users\USUARIO\Desktop\BP Mayo 2026\SynologyDrive\CT_20\100EK113\12220500.MOV,C:\Users\USUARIO\Desktop\BP Mayo 2026\SynologyDrive\CT_20\12220500.MOV,moved
CT_20,C:\Users\USUARIO\Desktop\BP Mayo 2026\SynologyDrive\CT_20\100EK113\12220501.JPG,C:\Users\USUARIO\Desktop\BP Mayo 2026\SynologyDrive\CT_20\12220501.JPG,moved
CT_20,C:\Users\USUARIO\Desktop\BP Mayo 2026\SynologyDrive\CT_20\100EK113\12220502.JPG,C:\Users\USUARIO\Desktop\BP Mayo 2026\SynologyDrive\CT_20\12220502.JPG,moved
CT_20,C:\Users\USUARIO\Desktop\BP Mayo 2026\SynologyDrive\CT_20\100EK113\12220503.JPG,C:\Users\USUARIO\Desktop\BP Mayo 2026\SynologyDrive\CT_20\12220503.JPG,moved
CT_20,C:\Users\USUARIO\Desktop\BP Mayo 2026\SynologyDrive\CT_20\100EK113\12220504.MOV,C:\Users\USUARIO\Desktop\BP Mayo 2026\SynologyDrive\CT_20\12220504.MOV,moved
CT_20,C:\Users\USUARIO\Desktop\BP Mayo 2026\SynologyDrive\CT_20\100EK113\12220505.JPG,C:\Users\USUARIO\Desktop\BP Mayo 2026\SynologyDrive\CT_20\12220505.JPG,moved
CT_20,C:\Users\USUARIO\Desktop\BP Mayo 2026\SynologyDrive\CT_20\100EK113\12220506.JPG,C:\Users\USUARIO\Desktop\BP Mayo 2026\SynologyDrive\CT_20\12220506.JPG,moved
CT_20,C:\Users\USUARIO\Desktop\BP Mayo 2026\SynologyDrive\CT_20\100EK113\12220507.JPG,C:\Users\USUARIO\Desktop\BP Mayo 2026\SynologyDrive\CT_20\12220507.JPG,moved
CT_20,C:\Users\USUARIO\Desktop\BP Mayo 2026\SynologyDrive\CT_20\100EK113\12220508.MOV,C:\Users\USUARIO\Desktop\BP Mayo 2026\SynologyDrive\CT_20\12220508.MOV,moved
CT_20,C:\Users\USUARIO\Desktop\BP Mayo 2026\SynologyDrive\CT_20\100EK113\12220509.JPG,C:\Users\USUARIO\Desktop\BP Mayo 2026\SynologyDrive\CT_20\12220509.JPG,moved
CT_20,C:\Users\USUARIO\Desktop\BP Mayo 2026\SynologyDrive\CT_20\100EK113\12220510.JPG,C:\Users\USUARIO\Desktop\BP Mayo 2026\SynologyDrive\CT_20\12220510.JPG,moved
CT_20,C:\Users\USUARIO\Desktop\BP Mayo 2026\SynologyDrive\CT_20\100EK113\12220511.JPG,C:\Users\USUARIO\Desktop\BP Mayo 2026\SynologyDrive\CT_20\12220511.JPG,moved
CT_20,C:\Users\USUARIO\Desktop\BP Mayo 2026\SynologyDrive\CT_20\100EK113\12220512.MOV,C:\Users\USUARIO\Desktop\BP Mayo 2026\SynologyDrive\CT_20\12220512.MOV,moved
CT_20,C:\Users\USUARIO\Desktop\BP Mayo 2026\SynologyDrive\CT_20\100EK113\12260513.JPG,C:\Users\USUARIO\Desktop\BP Mayo 2026\SynologyDrive\CT_20\12260513.JPG,moved
CT_20,C:\Users\USUARIO\Desktop\BP Mayo 2026\SynologyDrive\CT_20\100EK113\12260514.JPG,C:\Users\USUARIO\Desktop\BP Mayo 2026\SynologyDrive\CT_20\12260514.JPG,moved
CT_20,C:\Users\USUARIO\Desktop\BP Mayo 2026\SynologyDrive\CT_20\100EK113\12260515.JPG,C:\Users\USUARIO\Desktop\BP Mayo 2026\SynologyDrive\CT_20\12260515.JPG,moved
CT_20,C:\Users\USUARIO\Desktop\BP Mayo 2026\SynologyDrive\CT_20\100EK113\12260516.MOV,C:\Users\USUARIO\Desktop\BP Mayo 2026\SynologyDrive\CT_20\12260516.MOV,moved
CT_20,C:\Users\USUARIO\Desktop\BP Mayo 2026\SynologyDrive\CT_20\100EK113\12260517.JPG,C:\Users\USUARIO\Desktop\BP Mayo 2026\SynologyDrive\CT_20\12260517.JPG,moved
CT_20,C:\Users\USUARIO\Desktop\BP Mayo 2026\SynologyDrive\CT_20\100EK113\12260518.JPG,C:\Users\USUARIO\Desktop\BP Mayo 2026\SynologyDrive\CT_20\12260518.JPG,moved
CT_20,C:\Users\USUARIO\Desktop\BP Mayo 2026\SynologyDrive\CT_20\100EK113\12260519.JPG,C:\Users\USUARIO\Desktop\BP Mayo 2026\SynologyDrive\CT_20\12260519.JPG,moved
CT_20,C:\Users\USUARIO\Desktop\BP Mayo 2026\SynologyDrive\CT_20\100EK113\12260520.MOV,C:\Users\USUARIO\Desktop\BP Mayo 2026\SynologyDrive\CT_20\12260520.MOV,moved
CT_20,C:\Users\USUARIO\Desktop\BP Mayo 2026\SynologyDrive\CT_20\100EK113\12260521.JPG,C:\Users\USUARIO\Desktop\BP Mayo 2026\SynologyDrive\CT_20\12260521.JPG,moved
CT_20,C:\Users\USUARIO\Desktop\BP Mayo 2026\SynologyDrive\CT_20\100EK113\12260522.JPG,C:\Users\USUARIO\Desktop\BP Mayo 2026\SynologyDrive\CT_20\12260522.JPG,moved
CT_20,C:\Users\USUARIO\Desktop\BP Mayo 2026\SynologyDrive\CT_20\100EK113\12260523.JPG,C:\Users\USUARIO\Desktop\BP Mayo 2026\SynologyDrive\CT_20\12260523.JPG,moved
CT_20,C:\Users\USUARIO\Desktop\BP Mayo 2026\SynologyDrive\CT_20\100EK113\12260524.MOV,C:\Users\USUARIO\Desktop\BP Mayo 2026\SynologyDrive\CT_20\12260524.MOV,moved
CT_20,C:\Users\USUARIO\Desktop\BP Mayo 2026\SynologyDrive\CT_20\100EK113\12260525.JPG,C:\Users\USUARIO\Desktop\BP Mayo 2026\SynologyDrive\CT_20\12260525.JPG,moved
CT_20,C:\Users\USUARIO\Desktop\BP Mayo 2026\SynologyDrive\CT_20\100EK113\12260526.JPG,C:\Users\USUARIO\Desktop\BP Mayo 2026\SynologyDrive\CT_20\12260526.JPG,moved
CT_20,C:\Users\USUARIO\Desktop\BP Mayo 2026\SynologyDrive\CT_20\100EK113\12260527.JPG,C:\Users\USUARIO\Desktop\BP Mayo 2026\SynologyDrive\CT_20\12260527.JPG,moved
CT_20,C:\Users\USUARIO\Desktop\BP Mayo 2026\SynologyDrive\CT_20\100EK113\12260528.MOV,C:\Users\USUARIO\Desktop\BP Mayo 2026\SynologyDrive\CT_20\12260528.MOV,moved
CT_20,C:\Users\USUARIO\Desktop\BP Mayo 2026\SynologyDrive\CT_20\100EK113\12260529.JPG,C:\Users\USUARIO\Desktop\BP Mayo 2026\SynologyDrive\CT_20\12260529.JPG,moved
CT_20,C:\Users\USUARIO\Desktop\BP Mayo 2026\SynologyDrive\CT_20\100EK113\12260530.JPG,C:\Users\USUARIO\Desktop\BP Mayo 2026\SynologyDrive\CT_20\12260530.JPG,moved
CT_20,C:\Users\USUARIO\Desktop\BP Mayo 2026\SynologyDrive\CT_20\100EK113\12260531.JPG,C:\Users\USUARIO\Desktop\BP Mayo 2026\SynologyDrive\CT_20\12260531.JPG,moved
CT_20,C:\Users\USUARIO\Desktop\BP Mayo 2026\SynologyDrive\CT_20\100EK113\12260532.MOV,C:\Users\USUARIO\Desktop\BP Mayo 2026\SynologyDrive\CT_20\12260532.MOV,moved
CT_20,C:\Users\USUARIO\Desktop\BP Mayo 2026\SynologyDrive\CT_20\100EK113\12260533.JPG,C:\Users\USUARIO\Desktop\BP Mayo 2026\SynologyDrive\CT_20\12260533.JPG,moved
CT_20,C:\Users\USUARIO\Desktop\BP Mayo 2026\SynologyDrive\CT_20\100EK113\12260534.JPG,C:\Users\USUARIO\Desktop\BP Mayo 2026\SynologyDrive\CT_20\12260534.JPG,moved
CT_20,C:\Users\USUARIO\Desktop\BP Mayo 2026\SynologyDrive\CT_20\100EK113\12260535.JPG,C:\Users\USUARIO\Desktop\BP Mayo 2026\SynologyDrive\CT_20\12260535.JPG,moved
CT_20,C:\Users\USUARIO\Desktop\BP Mayo 2026\SynologyDrive\CT_20\100EK113\12260536.MOV,C:\Users\USUARIO\Desktop\BP Mayo 2026\SynologyDrive\CT_20\12260536.MOV,moved
CT_20,C:\Users\USUARIO\Desktop\BP Mayo 2026\SynologyDrive\CT_20\100EK113\12260537.JPG,C:\Users\USUARIO\Desktop\BP Mayo 2026\SynologyDrive\CT_20\12260537.JPG,moved
CT_20,C:\Users\USUARIO\Desktop\BP Mayo 2026\SynologyDrive\CT_20\100EK113\12260538.JPG,C:\Users\USUARIO\Desktop\BP Mayo 2026\SynologyDrive\CT_20\12260538.JPG,moved
CT_20,C:\Users\USUARIO\Desktop\BP Mayo 2026\SynologyDrive\CT_20\100EK113\12260539.JPG,C:\Users\USUARIO\Desktop\BP Mayo 2026\SynologyDrive\CT_20\12260539.JPG,moved
CT_20,C:\Users\USUARIO\Desktop\BP Mayo 2026\SynologyDrive\CT_20\100EK113\12260540.MOV,C:\Users\USUARIO\Desktop\BP Mayo 2026\SynologyDrive\CT_20\12260540.MOV,moved
CT_20,C:\Users\USUARIO\Desktop\BP Mayo 2026\SynologyDrive\CT_20\100EK113\12260541.JPG,C:\Users\USUARIO\Desktop\BP Mayo 2026\SynologyDrive\CT_20\12260541.JPG,moved
CT_20,C:\Users\USUARIO\Desktop\BP Mayo 2026\SynologyDrive\CT_20\100EK113\12260542.JPG,C:\Users\USUARIO\Desktop\BP Mayo 2026\SynologyDrive\CT_20\12260542.JPG,moved
CT_20,C:\Users\USUARIO\Desktop\BP Mayo 2026\SynologyDrive\CT_20\100EK113\12260543.JPG,C:\Users\USUARIO\Desktop\BP Mayo 2026\SynologyDrive\CT_20\12260543.JPG,moved
CT_20,C:\Users\USUARIO\Desktop\BP Mayo 2026\SynologyDrive\CT_20\100EK113\12260544.MOV,C:\Users\USUARIO\Desktop\BP Mayo 2026\SynologyDrive\CT_20\12260544.MOV,moved
CT_20,C:\Users\USUARIO\Desktop\BP Mayo 2026\SynologyDrive\CT_20\100EK113\12260545.JPG,C:\Users\USUARIO\Desktop\BP Mayo 2026\SynologyDrive\CT_20\12260545.JPG,moved
CT_20,C:\Users\USUARIO\Desktop\BP Mayo 2026\SynologyDrive\CT_20\100EK113\12260546.JPG,C:\Users\USUARIO\Desktop\BP Mayo 2026\SynologyDrive\CT_20\12260546.JPG,moved
CT_20,C:\Users\USUARIO\Desktop\BP Mayo 2026\SynologyDrive\CT_20\100EK113\12260547.JPG,C:\Users\USUARIO\Desktop\BP Mayo 2026\SynologyDrive\CT_20\12260547.JPG,moved
CT_20,C:\Users\USUARIO\Desktop\BP Mayo 2026\SynologyDrive\CT_20\100EK113\12260548.MOV,C:\Users\USUARIO\Desktop\BP Mayo 2026\SynologyDrive\CT_20\12260548.MOV,moved
CT_20,C:\Users\USUARIO\Desktop\BP Mayo 2026\SynologyDrive\CT_20\100EK113\12260549.JPG,C:\Users\USUARIO\Desktop\BP Mayo 2026\SynologyDrive\CT_20\12260549.JPG,moved
CT_20,C:\Users\USUARIO\Desktop\BP Mayo 2026\SynologyDrive\CT_20\100EK113\12260550.JPG,C:\Users\USUARIO\Desktop\BP Mayo 2026\SynologyDrive\CT_20\12260550.JPG,moved
CT_20,C:\Users\USUARIO\Desktop\BP Mayo 2026\SynologyDrive\CT_20\100EK113\12260551.JPG,C:\Users\USUARIO\Desktop\BP Mayo 2026\SynologyDrive\CT_20\12260551.JPG,moved
CT_20,C:\Users\USUARIO\Desktop\BP Mayo 2026\SynologyDrive\CT_20\100EK113\12260552.MOV,C:\Users\USUARIO\Desktop\BP Mayo 2026\SynologyDrive\CT_20\12260552.MOV,moved
CT_20,C:\Users\USUARIO\Desktop\BP Mayo 2026\SynologyDrive\CT_20\100EK113\12260553.JPG,C:\Users\USUARIO\Desktop\BP Mayo 2026\SynologyDrive\CT_20\12260553.JPG,moved
CT_20,C:\Users\USUARIO\Desktop\BP Mayo 2026\SynologyDrive\CT_20\100EK113\12260554.JPG,C:\Users\USUARIO\Desktop\BP Mayo 2026\SynologyDrive\CT_20\12260554.JPG,moved
CT_20,C:\Users\USUARIO\Desktop\BP Mayo 2026\SynologyDrive\CT_20\100EK113\12260555.JPG,C:\Users\USUARIO\Desktop\BP Mayo 2026\SynologyDrive\CT_20\12260555.JPG,moved
CT_20,C:\Users\USUARIO\Desktop\BP Mayo 2026\SynologyDrive\CT_20\100EK113\12260556.MOV,C:\Users\USUARIO\Desktop\BP Mayo 2026\SynologyDrive\CT_20\12260556.MOV,moved
CT_20,C:\Users\USUARIO\Desktop\BP Mayo 2026\SynologyDrive\CT_20\100EK113\12260557.JPG,C:\Users\USUARIO\Desktop\BP Mayo 2026\SynologyDrive\CT_20\12260557.JPG,moved
CT_20,C:\Users\USUARIO\Desktop\BP Mayo 2026\SynologyDrive\CT_20\100EK113\12260558.JPG,C:\Users\USUARIO\Desktop\BP Mayo 2026\SynologyDrive\CT_20\12260558.JPG,moved
CT_20,C:\Users\USUARIO\Desktop\BP Mayo 2026\SynologyDrive\CT_20\100EK113\12260559.JPG,C:\Users\USUARIO\Desktop\BP Mayo 2026\SynologyDrive\CT_20\12260559.JPG,moved
CT_20,C:\Users\USUARIO\Desktop\BP Mayo 2026\SynologyDrive\CT_20\100EK113\12260560.MOV,C:\Users\USUARIO\Desktop\BP Mayo 2026\SynologyDrive\CT_20\12260560.MOV,moved
CT_20,C:\Users\USUARIO\Desktop\BP Mayo 2026\SynologyDrive\CT_20\100EK113\12260561.JPG,C:\Users\USUARIO\Desktop\BP Mayo 2026\SynologyDrive\CT_20\12260561.JPG,moved
CT_20,C:\Users\USUARIO\Desktop\BP Mayo 2026\SynologyDrive\CT_20\100EK113\12260562.JPG,C:\Users\USUARIO\Desktop\BP Mayo 2026\SynologyDrive\CT_20\12260562.JPG,moved
CT_20,C:\Users\USUARIO\Desktop\BP Mayo 2026\SynologyDrive\CT_20\100EK113\12260563.JPG,C:\Users\USUARIO\Desktop\BP Mayo 2026\SynologyDrive\CT_20\12260563.JPG,moved
CT_20,C:\Users\USUARIO\Desktop\BP Mayo 2026\SynologyDrive\CT_20\100EK113\12260564.MOV,C:\Users\USUARIO\Desktop\BP Mayo 2026\SynologyDrive\CT_20\12260564.MOV,moved
CT_20,C:\Users\USUARIO\Desktop\BP Mayo 2026\SynologyDrive\CT_20\100EK113\12260565.JPG,C:\Users\USUARIO\Desktop\BP Mayo 2026\SynologyDrive\CT_20\12260565.JPG,moved
CT_20,C:\Users\USUARIO\Desktop\BP Mayo 2026\SynologyDrive\CT_20\100EK113\12260566.JPG,C:\Users\USUARIO\Desktop\BP Mayo 2026\SynologyDrive\CT_20\12260566.JPG,moved
CT_20,C:\Users\USUARIO\Desktop\BP Mayo 2026\SynologyDrive\CT_20\100EK113\12260567.JPG,C:\Users\USUARIO\Desktop\BP Mayo 2026\SynologyDrive\CT_20\12260567.JPG,moved
CT_20,C:\Users\USUARIO\Desktop\BP Mayo 2026\SynologyDrive\CT_20\100EK113\12260568.MOV,C:\Users\USUARIO\Desktop\BP Mayo 2026\SynologyDrive\CT_20\12260568.MOV,moved
CT_20,C:\Users\USUARIO\Desktop\BP Mayo 2026\SynologyDrive\CT_20\100EK113\12260569.JPG,C:\Users\USUARIO\Desktop\BP Mayo 2026\SynologyDrive\CT_20\12260569.JPG,moved
CT_20,C:\Users\USUARIO\Desktop\BP Mayo 2026\SynologyDrive\CT_20\100EK113\12260570.JPG,C:\Users\USUARIO\Desktop\BP Mayo 2026\SynologyDrive\CT_20\12260570.JPG,moved
CT_20,C:\Users\USUARIO\Desktop\BP Mayo 2026\SynologyDrive\CT_20\100EK113\12260571.JPG,C:\Users\USUARIO\Desktop\BP Mayo 2026\SynologyDrive\CT_20\12260571.JPG,moved
CT_20,C:\Users\USUARIO\Desktop\BP Mayo 2026\SynologyDrive\CT_20\100EK113\12260572.MOV,C:\Users\USUARIO\Desktop\BP Mayo 2026\SynologyDrive\CT_20\12260572.MOV,moved
CT_20,C:\Users\USUARIO\Desktop\BP Mayo 2026\SynologyDrive\CT_20\100EK113\12260573.JPG,C:\Users\USUARIO\Desktop\BP Mayo 2026\SynologyDrive\CT_20\12260573.JPG,moved
CT_20,C:\Users\USUARIO\Desktop\BP Mayo 2026\SynologyDrive\CT_20\100EK113\12260574.JPG,C:\Users\USUARIO\Desktop\BP Mayo 2026\SynologyDrive\CT_20\12260574.JPG,moved
CT_20,C:\Users\USUARIO\Desktop\BP Mayo 2026\SynologyDrive\CT_20\100EK113\12260575.JPG,C:\Users\USUARIO\Desktop\BP Mayo 2026\SynologyDrive\CT_20\12260575.JPG,moved
CT_20,C:\Users\USUARIO\Desktop\BP Mayo 2026\SynologyDrive\CT_20\100EK113\12260576.MOV,C:\Users\USUARIO\Desktop\BP Mayo 2026\SynologyDrive\CT_20\12260576.MOV,moved
CT_20,C:\Users\USUARIO\Desktop\BP Mayo 2026\SynologyDrive\CT_20\100EK113\12260577.JPG,C:\Users\USUARIO\Desktop\BP Mayo 2026\SynologyDrive\CT_20\12260577.JPG,moved
CT_20,C:\Users\USUARIO\Desktop\BP Mayo 2026\SynologyDrive\CT_20\100EK113\12260578.JPG,C:\Users\USUARIO\Desktop\BP Mayo 2026\SynologyDrive\CT_20\12260578.JPG,moved
CT_20,C:\Users\USUARIO\Desktop\BP Mayo 2026\SynologyDrive\CT_20\100EK113\12260579.JPG,C:\Users\USUARIO\Desktop\BP Mayo 2026\SynologyDrive\CT_20\12260579.JPG,moved
CT_20,C:\Users\USUARIO\Desktop\BP Mayo 2026\SynologyDrive\CT_20\100EK113\12260580.MOV,C:\Users\USUARIO\Desktop\BP Mayo 2026\SynologyDrive\CT_20\12260580.MOV,moved
CT_20,C:\Users\USUARIO\Desktop\BP Mayo 2026\SynologyDrive\CT_20\100EK113\12260581.JPG,C:\Users\USUARIO\Desktop\BP Mayo 2026\SynologyDrive\CT_20\12260581.JPG,moved
CT_20,C:\Users\USUARIO\Desktop\BP Mayo 2026\SynologyDrive\CT_20\100EK113\12260582.JPG,C:\Users\USUARIO\Desktop\BP Mayo 2026\SynologyDrive\CT_20\12260582.JPG,moved
CT_20,C:\Users\USUARIO\Desktop\BP Mayo 2026\SynologyDrive\CT_20\100EK113\12260583.JPG,C:\Users\USUARIO\Desktop\BP Mayo 2026\SynologyDrive\CT_20\12260583.JPG,moved
CT_20,C:\Users\USUARIO\Desktop\BP Mayo 2026\SynologyDrive\CT_20\100EK113\12260584.MOV,C:\Users\USUARIO\Desktop\BP Mayo 2026\SynologyDrive\CT_20\12260584.MOV,moved
CT_20,C:\Users\USUARIO\Desktop\BP Mayo 2026\SynologyDrive\CT_20\100EK113\12260585.JPG,C:\Users\USUARIO\Desktop\BP Mayo 2026\SynologyDrive\CT_20\12260585.JPG,moved
CT_20,C:\Users\USUARIO\Desktop\BP Mayo 2026\SynologyDrive\CT_20\100EK113\12260586.JPG,C:\Users\USUARIO\Desktop\BP Mayo 2026\SynologyDrive\CT_20\12260586.JPG,moved
CT_20,C:\Users\USUARIO\Desktop\BP Mayo 2026\SynologyDrive\CT_20\100EK113\12260587.JPG,C:\Users\USUARIO\Desktop\BP Mayo 2026\SynologyDrive\CT_20\12260587.JPG,moved
CT_20,C:\Users\USUARIO\Desktop\BP Mayo 2026\SynologyDrive\CT_20\100EK113\12260588.MOV,C:\Users\USUARIO\Desktop\BP Mayo 2026\SynologyDrive\CT_20\12260588.MOV,moved
CT_20,C:\Users\USUARIO\Desktop\BP Mayo 2026\SynologyDrive\CT_20\100EK113\12260589.JPG,C:\Users\USUARIO\Desktop\BP Mayo 2026\SynologyDrive\CT_20\12260589.JPG,moved
CT_20,C:\Users\USUARIO\Desktop\BP Mayo 2026\SynologyDrive\CT_20\100EK113\12260590.JPG,C:\Users\USUARIO\Desktop\BP Mayo 2026\SynologyDrive\CT_20\12260590.JPG,moved
CT_20,C:\Users\USUARIO\Desktop\BP Mayo 2026\SynologyDrive\CT_20\100EK113\12260591.JPG,C:\Users\USUARIO\Desktop\BP Mayo 2026\SynologyDrive\CT_20\12260591.JPG,moved
CT_20,C:\Users\USUARIO\Desktop\BP Mayo 2026\SynologyDrive\CT_20\100EK113\12260592.MOV,C:\Users\USUARIO\Desktop\BP Mayo 2026\SynologyDrive\CT_20\12260592.MOV,moved
CT_20,C:\Users\USUARIO\Desktop\BP Mayo 2026\SynologyDrive\CT_20\100EK113\12260593.JPG,C:\Users\USUARIO\Desktop\BP Mayo 2026\SynologyDrive\CT_20\12260593.JPG,moved
CT_20,C:\Users\USUARIO\Desktop\BP Mayo 2026\SynologyDrive\CT_20\100EK113\12260594.JPG,C:\Users\USUARIO\Desktop\BP Mayo 2026\SynologyDrive\CT_20\12260594.JPG,moved
CT_20,C:\Users\USUARIO\Desktop\BP Mayo 2026\SynologyDrive\CT_20\100EK113\12260595.JPG,C:\Users\USUARIO\Desktop\BP Mayo 2026\SynologyDrive\CT_20\12260595.JPG,moved
CT_20,C:\Users\USUARIO\Desktop\BP Mayo 2026\SynologyDrive\CT_20\100EK113\12260596.MOV,C:\Users\USUARIO\Desktop\BP Mayo 2026\SynologyDrive\CT_20\12260596.MOV,moved
CT_20,C:\Users\USUARIO\Desktop\BP Mayo 2026\SynologyDrive\CT_20\100EK113\12260597.JPG,C:\Users\USUARIO\Desktop\BP Mayo 2026\SynologyDrive\CT_20\12260597.JPG,moved
CT_20,C:\Users\USUARIO\Desktop\BP Mayo 2026\SynologyDrive\CT_20\100EK113\12260598.JPG,C:\Users\USUARIO\Desktop\BP Mayo 2026\SynologyDrive\CT_20\12260598.JPG,moved
CT_20,C:\Users\USUARIO\Desktop\BP Mayo 2026\SynologyDrive\CT_20\100EK113\12260599.JPG,C:\Users\USUARIO\Desktop\BP Mayo 2026\SynologyDrive\CT_20\12260599.JPG,moved
CT_20,C:\Users\USUARIO\Desktop\BP Mayo 2026\SynologyDrive\CT_20\100EK113\12260600.MOV,C:\Users\USUARIO\Desktop\BP Mayo 2026\SynologyDrive\CT_20\12260600.MOV,moved
CT_20,C:\Users\USUARIO\Desktop\BP Mayo 2026\SynologyDrive\CT_20\100EK113\12260601.JPG,C:\Users\USUARIO\Desktop\BP Mayo 2026\SynologyDrive\CT_20\12260601.JPG,moved
CT_20,C:\Users\USUARIO\Desktop\BP Mayo 2026\SynologyDrive\CT_20\100EK113\12260602.JPG,C:\Users\USUARIO\Desktop\BP Mayo 2026\SynologyDrive\CT_20\12260602.JPG,moved
CT_20,C:\Users\USUARIO\Desktop\BP Mayo 2026\SynologyDrive\CT_20\100EK113\12260603.JPG,C:\Users\USUARIO\Desktop\BP Mayo 2026\SynologyDrive\CT_20\12260603.JPG,moved
CT_20,C:\Users\USUARIO\Desktop\BP Mayo 2026\SynologyDrive\CT_20\100EK113\12260604.MOV,C:\Users\USUARIO\Desktop\BP Mayo 2026\SynologyDrive\CT_20\12260604.MOV,moved
CT_20,C:\Users\USUARIO\Desktop\BP Mayo 2026\SynologyDrive\CT_20\100EK113\12260605.JPG,C:\Users\USUARIO\Desktop\BP Mayo 2026\SynologyDrive\CT_20\12260605.JPG,moved
CT_20,C:\Users\USUARIO\Desktop\BP Mayo 2026\SynologyDrive\CT_20\100EK113\12260606.JPG,C:\Users\USUARIO\Desktop\BP Mayo 2026\SynologyDrive\CT_20\12260606.JPG,moved
CT_20,C:\Users\USUARIO\Desktop\BP Mayo 2026\SynologyDrive\CT_20\100EK113\12260607.JPG,C:\Users\USUARIO\Desktop\BP Mayo 2026\SynologyDrive\CT_20\12260607.JPG,moved
CT_20,C:\Users\USUARIO\Desktop\BP Mayo 2026\SynologyDrive\CT_20\100EK113\12260608.MOV,C:\Users\USUARIO\Desktop\BP Mayo 2026\SynologyDrive\CT_20\12260608.MOV,moved
CT_20,C:\Users\USUARIO\Desktop\BP Mayo 2026\SynologyDrive\CT_20\100EK113\12260609.JPG,C:\Users\USUARIO\Desktop\BP Mayo 2026\SynologyDrive\CT_20\12260609.JPG,moved
CT_20,C:\Users\USUARIO\Desktop\BP Mayo 2026\SynologyDrive\CT_20\100EK113\12260610.JPG,C:\Users\USUARIO\Desktop\BP Mayo 2026\SynologyDrive\CT_20\12260610.JPG,moved
CT_20,C:\Users\USUARIO\Desktop\BP Mayo 2026\SynologyDrive\CT_20\100EK113\12260611.JPG,C:\Users\USUARIO\Desktop\BP Mayo 2026\SynologyDrive\CT_20\12260611.JPG,moved
CT_20,C:\Users\USUARIO\Desktop\BP Mayo 2026\SynologyDrive\CT_20\100EK113\12260612.MOV,C:\Users\USUARIO\Desktop\BP Mayo 2026\SynologyDrive\CT_20\12260612.MOV,moved
CT_20,C:\Users\USUARIO\Desktop\BP Mayo 2026\SynologyDrive\CT_20\100EK113\12260613.JPG,C:\Users\USUARIO\Desktop\BP Mayo 2026\SynologyDrive\CT_20\12260613.JPG,moved
CT_20,C:\Users\USUARIO\Desktop\BP Mayo 2026\SynologyDrive\CT_20\100EK113\12260614.JPG,C:\Users\USUARIO\Desktop\BP Mayo 2026\SynologyDrive\CT_20\12260614.JPG,moved
CT_20,C:\Users\USUARIO\Desktop\BP Mayo 2026\SynologyDrive\CT_20\100EK113\12260615.JPG,C:\Users\USUARIO\Desktop\BP Mayo 2026\SynologyDrive\CT_20\12260615.JPG,moved
CT_20,C:\Users\USUARIO\Desktop\BP Mayo 2026\SynologyDrive\CT_20\100EK113\12260616.MOV,C:\Users\USUARIO\Desktop\BP Mayo 2026\SynologyDrive\CT_20\12260616.MOV,moved
CT_20,C:\Users\USUARIO\Desktop\BP Mayo 2026\SynologyDrive\CT_20\100EK113\12260617.JPG,C:\Users\USUARIO\Desktop\BP Mayo 2026\SynologyDrive\CT_20\12260617.JPG,moved
CT_20,C:\Users\USUARIO\Desktop\BP Mayo 2026\SynologyDrive\CT_20\100EK113\12260618.JPG,C:\Users\USUARIO\Desktop\BP Mayo 2026\SynologyDrive\CT_20\12260618.JPG,moved
CT_20,C:\Users\USUARIO\Desktop\BP Mayo 2026\SynologyDrive\CT_20\100EK113\12260619.JPG,C:\Users\USUARIO\Desktop\BP Mayo 2026\SynologyDrive\CT_20\12260619.JPG,moved
CT_20,C:\Users\USUARIO\Desktop\BP Mayo 2026\SynologyDrive\CT_20\100EK113\12260620.MOV,C:\Users\USUARIO\Desktop\BP Mayo 2026\SynologyDrive\CT_20\12260620.MOV,moved
CT_20,C:\Users\USUARIO\Desktop\BP Mayo 2026\SynologyDrive\CT_20\100EK113\12260621.JPG,C:\Users\USUARIO\Desktop\BP Mayo 2026\SynologyDrive\CT_20\12260621.JPG,moved
CT_20,C:\Users\USUARIO\Desktop\BP Mayo 2026\SynologyDrive\CT_20\100EK113\12260622.JPG,C:\Users\USUARIO\Desktop\BP Mayo 2026\SynologyDrive\CT_20\12260622.JPG,moved
CT_20,C:\Users\USUARIO\Desktop\BP Mayo 2026\SynologyDrive\CT_20\100EK113\12260623.JPG,C:\Users\USUARIO\Desktop\BP Mayo 2026\SynologyDrive\CT_20\12260623.JPG,moved
CT_20,C:\Users\USUARIO\Desktop\BP Mayo 2026\SynologyDrive\CT_20\100EK113\12260624.MOV,C:\Users\USUARIO\Desktop\BP Mayo 2026\SynologyDrive\CT_20\12260624.MOV,moved
CT_20,C:\Users\USUARIO\Desktop\BP Mayo 2026\SynologyDrive\CT_20\100EK113\12260625.JPG,C:\Users\USUARIO\Desktop\BP Mayo 2026\SynologyDrive\CT_20\12260625.JPG,moved
CT_20,C:\Users\USUARIO\Desktop\BP Mayo 2026\SynologyDrive\CT_20\100EK113\12260626.JPG,C:\Users\USUARIO\Desktop\BP Mayo 2026\SynologyDrive\CT_20\12260626.JPG,moved
CT_20,C:\Users\USUARIO\Desktop\BP Mayo 2026\SynologyDrive\CT_20\100EK113\12260627.JPG,C:\Users\USUARIO\Desktop\BP Mayo 2026\SynologyDrive\CT_20\12260627.JPG,moved
CT_20,C:\Users\USUARIO\Desktop\BP Mayo 2026\SynologyDrive\CT_20\100EK113\12260628.MOV,C:\Users\USUARIO\Desktop\BP Mayo 2026\SynologyDrive\CT_20\12260628.MOV,moved
CT_20,C:\Users\USUARIO\Desktop\BP Mayo 2026\SynologyDrive\CT_20\100EK113\12260629.JPG,C:\Users\USUARIO\Desktop\BP Mayo 2026\SynologyDrive\CT_20\12260629.JPG,moved
CT_20,C:\Users\USUARIO\Desktop\BP Mayo 2026\SynologyDrive\CT_20\100EK113\12260630.JPG,C:\Users\USUARIO\Desktop\BP Mayo 2026\SynologyDrive\CT_20\12260630.JPG,moved
CT_20,C:\Users\USUARIO\Desktop\BP Mayo 2026\SynologyDrive\CT_20\100EK113\12260631.JPG,C:\Users\USUARIO\Desktop\BP Mayo 2026\SynologyDrive\CT_20\12260631.JPG,moved
CT_20,C:\Users\USUARIO\Desktop\BP Mayo 2026\SynologyDrive\CT_20\100EK113\12260632.MOV,C:\Users\USUARIO\Desktop\BP Mayo 2026\SynologyDrive\CT_20\12260632.MOV,moved
CT_20,C:\Users\USUARIO\Desktop\BP Mayo 2026\SynologyDrive\CT_20\100EK113\12260633.JPG,C:\Users\USUARIO\Desktop\BP Mayo 2026\SynologyDrive\CT_20\12260633.JPG,moved
CT_20,C:\Users\USUARIO\Desktop\BP Mayo 2026\SynologyDrive\CT_20\100EK113\12260634.JPG,C:\Users\USUARIO\Desktop\BP Mayo 2026\SynologyDrive\CT_20\12260634.JPG,moved
CT_20,C:\Users\USUARIO\Desktop\BP Mayo 2026\SynologyDrive\CT_20\100EK113\12260635.JPG,C:\Users\USUARIO\Desktop\BP Mayo 2026\SynologyDrive\CT_20\12260635.JPG,moved
CT_20,C:\Users\USUARIO\Desktop\BP Mayo 2026\SynologyDrive\CT_20\100EK113\12260636.MOV,C:\Users\USUARIO\Desktop\BP Mayo 2026\SynologyDrive\CT_20\12260636.MOV,moved
CT_20,C:\Users\USUARIO\Desktop\BP Mayo 2026\SynologyDrive\CT_20\100EK113\12260637.JPG,C:\Users\USUARIO\Desktop\BP Mayo 2026\SynologyDrive\CT_20\12260637.JPG,moved
CT_20,C:\Users\USUARIO\Desktop\BP Mayo 2026\SynologyDrive\CT_20\100EK113\12260638.JPG,C:\Users\USUARIO\Desktop\BP Mayo 2026\SynologyDrive\CT_20\12260638.JPG,moved
CT_20,C:\Users\USUARIO\Desktop\BP Mayo 2026\SynologyDrive\CT_20\100EK113\12260639.JPG,C:\Users\USUARIO\Desktop\BP Mayo 2026\SynologyDrive\CT_20\12260639.JPG,moved
CT_20,C:\Users\USUARIO\Desktop\BP Mayo 2026\SynologyDrive\CT_20\100EK113\12260640.MOV,C:\Users\USUARIO\Desktop\BP Mayo 2026\SynologyDrive\CT_20\12260640.MOV,moved
CT_20,C:\Users\USUARIO\Desktop\BP Mayo 2026\SynologyDrive\CT_20\100EK113\12260641.JPG,C:\Users\USUARIO\Desktop\BP Mayo 2026\SynologyDrive\CT_20\12260641.JPG,moved
CT_20,C:\Users\USUARIO\Desktop\BP Mayo 2026\SynologyDrive\CT_20\100EK113\12260642.JPG,C:\Users\USUARIO\Desktop\BP Mayo 2026\SynologyDrive\CT_20\12260642.JPG,moved
CT_20,C:\Users\USUARIO\Desktop\BP Mayo 2026\SynologyDrive\CT_20\100EK113\12260643.JPG,C:\Users\USUARIO\Desktop\BP Mayo 2026\SynologyDrive\CT_20\12260643.JPG,moved
CT_20,C:\Users\USUARIO\Desktop\BP Mayo 2026\SynologyDrive\CT_20\100EK113\12260644.MOV,C:\Users\USUARIO\Desktop\BP Mayo 2026\SynologyDrive\CT_20\12260644.MOV,moved
CT_20,C:\Users\USUARIO\Desktop\BP Mayo 2026\SynologyDrive\CT_20\100EK113\12260645.JPG,C:\Users\USUARIO\Desktop\BP Mayo 2026\SynologyDrive\CT_20\12260645.JPG,moved
CT_20,C:\Users\USUARIO\Desktop\BP Mayo 2026\SynologyDrive\CT_20\100EK113\12260646.JPG,C:\Users\USUARIO\Desktop\BP Mayo 2026\SynologyDrive\CT_20\12260646.JPG,moved
CT_20,C:\Users\USUARIO\Desktop\BP Mayo 2026\SynologyDrive\CT_20\100EK113\12260647.JPG,C:\Users\USUARIO\Desktop\BP Mayo 2026\SynologyDrive\CT_20\12260647.JPG,moved
CT_20,C:\Users\USUARIO\Desktop\BP Mayo 2026\SynologyDrive\CT_20\100EK113\12260648.MOV,C:\Users\USUARIO\Desktop\BP Mayo 2026\SynologyDrive\CT_20\12260648.MOV,moved
CT_20,C:\Users\USUARIO\Desktop\BP Mayo 2026\SynologyDrive\CT_20\100EK113\12260649.JPG,C:\Users\USUARIO\Desktop\BP Mayo 2026\SynologyDrive\CT_20\12260649.JPG,moved
CT_20,C:\Users\USUARIO\Desktop\BP Mayo 2026\SynologyDrive\CT_20\100EK113\12260650.JPG,C:\Users\USUARIO\Desktop\BP Mayo 2026\SynologyDrive\CT_20\12260650.JPG,moved
CT_20,C:\Users\USUARIO\Desktop\BP Mayo 2026\SynologyDrive\CT_20\100EK113\12260651.JPG,C:\Users\USUARIO\Desktop\BP Mayo 2026\SynologyDrive\CT_20\12260651.JPG,moved
CT_20,C:\Users\USUARIO\Desktop\BP Mayo 2026\SynologyDrive\CT_20\100EK113\12260652.MOV,C:\Users\USUARIO\Desktop\BP Mayo 2026\SynologyDrive\CT_20\12260652.MOV,moved
CT_20,C:\Users\USUARIO\Desktop\BP Mayo 2026\SynologyDrive\CT_20\100EK113\12260653.JPG,C:\Users\USUARIO\Desktop\BP Mayo 2026\SynologyDrive\CT_20\12260653.JPG,moved
CT_20,C:\Users\USUARIO\Desktop\BP Mayo 2026\SynologyDrive\CT_20\100EK113\12260654.JPG,C:\Users\USUARIO\Desktop\BP Mayo 2026\SynologyDrive\CT_20\12260654.JPG,moved
CT_20,C:\Users\USUARIO\Desktop\BP Mayo 2026\SynologyDrive\CT_20\100EK113\12260655.JPG,C:\Users\USUARIO\Desktop\BP Mayo 2026\SynologyDrive\CT_20\12260655.JPG,moved
CT_20,C:\Users\USUARIO\Desktop\BP Mayo 2026\SynologyDrive\CT_20\100EK113\12260656.MOV,C:\Users\USUARIO\Desktop\BP Mayo 2026\SynologyDrive\CT_20\12260656.MOV,moved
CT_20,C:\Users\USUARIO\Desktop\BP Mayo 2026\SynologyDrive\CT_20\100EK113\12260657.JPG,C:\Users\USUARIO\Desktop\BP Mayo 2026\SynologyDrive\CT_20\12260657.JPG,moved
CT_20,C:\Users\USUARIO\Desktop\BP Mayo 2026\SynologyDrive\CT_20\100EK113\12260658.JPG,C:\Users\USUARIO\Desktop\BP Mayo 2026\SynologyDrive\CT_20\12260658.JPG,moved
CT_20,C:\Users\USUARIO\Desktop\BP Mayo 2026\SynologyDrive\CT_20\100EK113\12260659.JPG,C:\Users\USUARIO\Desktop\BP Mayo 2026\SynologyDrive\CT_20\12260659.JPG,moved
CT_20,C:\Users\USUARIO\Desktop\BP Mayo 2026\SynologyDrive\CT_20\100EK113\12260660.MOV,C:\Users\USUARIO\Desktop\BP Mayo 2026\SynologyDrive\CT_20\12260660.MOV,moved
CT_20,C:\Users\USUARIO\Desktop\BP Mayo 2026\SynologyDrive\CT_20\100EK113\12260661.JPG,C:\Users\USUARIO\Desktop\BP Mayo 2026\SynologyDrive\CT_20\12260661.JPG,moved
CT_20,C:\Users\USUARIO\Desktop\BP Mayo 2026\SynologyDrive\CT_20\100EK113\12260662.JPG,C:\Users\USUARIO\Desktop\BP Mayo 2026\SynologyDrive\CT_20\12260662.JPG,moved
CT_20,C:\Users\USUARIO\Desktop\BP Mayo 2026\SynologyDrive\CT_20\100EK113\12260663.JPG,C:\Users\USUARIO\Desktop\BP Mayo 2026\SynologyDrive\CT_20\12260663.JPG,moved
CT_20,C:\Users\USUARIO\Desktop\BP Mayo 2026\SynologyDrive\CT_20\100EK113\12260664.MOV,C:\Users\USUARIO\Desktop\BP Mayo 2026\SynologyDrive\CT_20\12260664.MOV,moved
CT_20,C:\Users\USUARIO\Desktop\BP Mayo 2026\SynologyDrive\CT_20\100EK113\12260665.JPG,C:\Users\USUARIO\Desktop\BP Mayo 2026\SynologyDrive\CT_20\12260665.JPG,moved
CT_20,C:\Users\USUARIO\Desktop\BP Mayo 2026\SynologyDrive\CT_20\100EK113\12260666.JPG,C:\Users\USUARIO\Desktop\BP Mayo 2026\SynologyDrive\CT_20\12260666.JPG,moved
CT_20,C:\Users\USUARIO\Desktop\BP Mayo 2026\SynologyDrive\CT_20\100EK113\12260667.JPG,C:\Users\USUARIO\Desktop\BP Mayo 2026\SynologyDrive\CT_20\12260667.JPG,moved
CT_20,C:\Users\USUARIO\Desktop\BP Mayo 2026\SynologyDrive\CT_20\100EK113\12260668.MOV,C:\Users\USUARIO\Desktop\BP Mayo 2026\SynologyDrive\CT_20\12260668.MOV,moved
CT_20,C:\Users\USUARIO\Desktop\BP Mayo 2026\SynologyDrive\CT_20\100EK113\12260669.JPG,C:\Users\USUARIO\Desktop\BP Mayo 2026\SynologyDrive\CT_20\12260669.JPG,moved
CT_20,C:\Users\USUARIO\Desktop\BP Mayo 2026\SynologyDrive\CT_20\100EK113\12260670.JPG,C:\Users\USUARIO\Desktop\BP Mayo 2026\SynologyDrive\CT_20\12260670.JPG,moved
CT_20,C:\Users\USUARIO\Desktop\BP Mayo 2026\SynologyDrive\CT_20\100EK113\12260671.JPG,C:\Users\USUARIO\Desktop\BP Mayo 2026\SynologyDrive\CT_20\12260671.JPG,moved
CT_20,C:\Users\USUARIO\Desktop\BP Mayo 2026\SynologyDrive\CT_20\100EK113\12260672.MOV,C:\Users\USUARIO\Desktop\BP Mayo 2026\SynologyDrive\CT_20\12260672.MOV,moved
CT_20,C:\Users\USUARIO\Desktop\BP Mayo 2026\SynologyDrive\CT_20\100EK113\12300673.JPG,C:\Users\USUARIO\Desktop\BP Mayo 2026\SynologyDrive\CT_20\12300673.JPG,moved
CT_20,C:\Users\USUARIO\Desktop\BP Mayo 2026\SynologyDrive\CT_20\100EK113\12300674.JPG,C:\Users\USUARIO\Desktop\BP Mayo 2026\SynologyDrive\CT_20\12300674.JPG,moved
CT_20,C:\Users\USUARIO\Desktop\BP Mayo 2026\SynologyDrive\CT_20\100EK113\12300675.JPG,C:\Users\USUARIO\Desktop\BP Mayo 2026\SynologyDrive\CT_20\12300675.JPG,moved
CT_20,C:\Users\USUARIO\Desktop\BP Mayo 2026\SynologyDrive\CT_20\100EK113\12300676.MOV,C:\Users\USUARIO\Desktop\BP Mayo 2026\SynologyDrive\CT_20\12300676.MOV,moved
CT_20,C:\Users\USUARIO\Desktop\BP Mayo 2026\SynologyDrive\CT_20\100EK113\12300677.JPG,C:\Users\USUARIO\Desktop\BP Mayo 2026\SynologyDrive\CT_20\12300677.JPG,moved
CT_20,C:\Users\USUARIO\Desktop\BP Mayo 2026\SynologyDrive\CT_20\100EK113\12300678.JPG,C:\Users\USUARIO\Desktop\BP Mayo 2026\SynologyDrive\CT_20\12300678.JPG,moved
CT_20,C:\Users\USUARIO\Desktop\BP Mayo 2026\SynologyDrive\CT_20\100EK113\12300679.JPG,C:\Users\USUARIO\Desktop\BP Mayo 2026\SynologyDrive\CT_20\12300679.JPG,moved
CT_20,C:\Users\USUARIO\Desktop\BP Mayo 2026\SynologyDrive\CT_20\100EK113\12300680.MOV,C:\Users\USUARIO\Desktop\BP Mayo 2026\SynologyDrive\CT_20\12300680.MOV,moved
CT_20,C:\Users\USUARIO\Desktop\BP Mayo 2026\SynologyDrive\CT_20\100EK113\12300681.JPG,C:\Users\USUARIO\Desktop\BP Mayo 2026\SynologyDrive\CT_20\12300681.JPG,moved
CT_20,C:\Users\USUARIO\Desktop\BP Mayo 2026\SynologyDrive\CT_20\100EK113\12300682.JPG,C:\Users\USUARIO\Desktop\BP Mayo 2026\SynologyDrive\CT_20\12300682.JPG,moved
CT_20,C:\Users\USUARIO\Desktop\BP Mayo 2026\SynologyDrive\CT_20\100EK113\12300683.JPG,C:\Users\USUARIO\Desktop\BP Mayo 2026\SynologyDrive\CT_20\12300683.JPG,moved
CT_20,C:\Users\USUARIO\Desktop\BP Mayo 2026\SynologyDrive\CT_20\100EK113\12300684.MOV,C:\Users\USUARIO\Desktop\BP Mayo 2026\SynologyDrive\CT_20\12300684.MOV,moved
CT_20,C:\Users\USUARIO\Desktop\BP Mayo 2026\SynologyDrive\CT_20\100EK113\12310685.JPG,C:\Users\USUARIO\Desktop\BP Mayo 2026\SynologyDrive\CT_20\12310685.JPG,moved
CT_20,C:\Users\USUARIO\Desktop\BP Mayo 2026\SynologyDrive\CT_20\100EK113\12310686.JPG,C:\Users\USUARIO\Desktop\BP Mayo 2026\SynologyDrive\CT_20\12310686.JPG,moved
CT_20,C:\Users\USUARIO\Desktop\BP Mayo 2026\SynologyDrive\CT_20\100EK113\12310687.JPG,C:\Users\USUARIO\Desktop\BP Mayo 2026\SynologyDrive\CT_20\12310687.JPG,moved
CT_20,C:\Users\USUARIO\Desktop\BP Mayo 2026\SynologyDrive\CT_20\100EK113\12310688.MOV,C:\Users\USUARIO\Desktop\BP Mayo 2026\SynologyDrive\CT_20\12310688.MOV,moved
CT_20,C:\Users\USUARIO\Desktop\BP Mayo 2026\SynologyDrive\CT_20\101EK113\01110001.MOV,C:\Users\USUARIO\Desktop\BP Mayo 2026\SynologyDrive\CT_20\01110001.MOV,moved
CT_20,C:\Users\USUARIO\Desktop\BP Mayo 2026\SynologyDrive\CT_20\101EK113\01110002.JPG,C:\Users\USUARIO\Desktop\BP Mayo 2026\SynologyDrive\CT_20\01110002.JPG,moved
CT_20,C:\Users\USUARIO\Desktop\BP Mayo 2026\SynologyDrive\CT_20\101EK113\01110003.JPG,C:\Users\USUARIO\Desktop\BP Mayo 2026\SynologyDrive\CT_20\01110003.JPG,moved
CT_20,C:\Users\USUARIO\Desktop\BP Mayo 2026\SynologyDrive\CT_20\101EK113\01110004.JPG,C:\Users\USUARIO\Desktop\BP Mayo 2026\SynologyDrive\CT_20\01110004.JPG,moved
CT_20,C:\Users\USUARIO\Desktop\BP Mayo 2026\SynologyDrive\CT_20\101EK113\01110005.MOV,C:\Users\USUARIO\Desktop\BP Mayo 2026\SynologyDrive\CT_20\01110005.MOV,moved
CT_20,C:\Users\USUARIO\Desktop\BP Mayo 2026\SynologyDrive\CT_20\101EK113\01110006.JPG,C:\Users\USUARIO\Desktop\BP Mayo 2026\SynologyDrive\CT_20\01110006.JPG,moved
CT_20,C:\Users\USUARIO\Desktop\BP Mayo 2026\SynologyDrive\CT_20\101EK113\01110007.JPG,C:\Users\USUARIO\Desktop\BP Mayo 2026\SynologyDrive\CT_20\01110007.JPG,moved
CT_20,C:\Users\USUARIO\Desktop\BP Mayo 2026\SynologyDrive\CT_20\101EK113\01110008.JPG,C:\Users\USUARIO\Desktop\BP Mayo 2026\SynologyDrive\CT_20\01110008.JPG,moved
CT_20,C:\Users\USUARIO\Desktop\BP Mayo 2026\SynologyDrive\CT_20\101EK113\01110009.MOV,C:\Users\USUARIO\Desktop\BP Mayo 2026\SynologyDrive\CT_20\01110009.MOV,moved
CT_20,C:\Users\USUARIO\Desktop\BP Mayo 2026\SynologyDrive\CT_20\101EK113\01110010.JPG,C:\Users\USUARIO\Desktop\BP Mayo 2026\SynologyDrive\CT_20\01110010.JPG,moved
CT_20,C:\Users\USUARIO\Desktop\BP Mayo 2026\SynologyDrive\CT_20\101EK113\01110011.JPG,C:\Users\USUARIO\Desktop\BP Mayo 2026\SynologyDrive\CT_20\01110011.JPG,moved
CT_20,C:\Users\USUARIO\Desktop\BP Mayo 2026\SynologyDrive\CT_20\101EK113\01110012.JPG,C:\Users\USUARIO\Desktop\BP Mayo 2026\SynologyDrive\CT_20\01110012.JPG,moved
CT_20,C:\Users\USUARIO\Desktop\BP Mayo 2026\SynologyDrive\CT_20\101EK113\01110013.MOV,C:\Users\USUARIO\Desktop\BP Mayo 2026\SynologyDrive\CT_20\01110013.MOV,moved
CT_20,C:\Users\USUARIO\Desktop\BP Mayo 2026\SynologyDrive\CT_20\101EK113\01110014.JPG,C:\Users\USUARIO\Desktop\BP Mayo 2026\SynologyDrive\CT_20\01110014.JPG,moved
CT_20,C:\Users\USUARIO\Desktop\BP Mayo 2026\SynologyDrive\CT_20\101EK113\01110015.JPG,C:\Users\USUARIO\Desktop\BP Mayo 2026\SynologyDrive\CT_20\01110015.JPG,moved
CT_20,C:\Users\USUARIO\Desktop\BP Mayo 2026\SynologyDrive\CT_20\101EK113\01110016.JPG,C:\Users\USUARIO\Desktop\BP Mayo 2026\SynologyDrive\CT_20\01110016.JPG,moved
CT_20,C:\Users\USUARIO\Desktop\BP Mayo 2026\SynologyDrive\CT_20\101EK113\01110017.MOV,C:\Users\USUARIO\Desktop\BP Mayo 2026\SynologyDrive\CT_20\01110017.MOV,moved
CT_20,C:\Users\USUARIO\Desktop\BP Mayo 2026\SynologyDrive\CT_20\101EK113\01110018.JPG,C:\Users\USUARIO\Desktop\BP Mayo 2026\SynologyDrive\CT_20\01110018.JPG,moved
CT_20,C:\Users\USUARIO\Desktop\BP Mayo 2026\SynologyDrive\CT_20\101EK113\01110019.JPG,C:\Users\USUARIO\Desktop\BP Mayo 2026\SynologyDrive\CT_20\01110019.JPG,moved
CT_20,C:\Users\USUARIO\Desktop\BP Mayo 2026\SynologyDrive\CT_20\101EK113\01110020.JPG,C:\Users\USUARIO\Desktop\BP Mayo 2026\SynologyDrive\CT_20\01110020.JPG,moved
CT_20,C:\Users\USUARIO\Desktop\BP Mayo 2026\SynologyDrive\CT_20\101EK113\01110021.MOV,C:\Users\USUARIO\Desktop\BP Mayo 2026\SynologyDrive\CT_20\01110021.MOV,moved
CT_20,C:\Users\USUARIO\Desktop\BP Mayo 2026\SynologyDrive\CT_20\101EK113\01110022.JPG,C:\Users\USUARIO\Desktop\BP Mayo 2026\SynologyDrive\CT_20\01110022.JPG,moved
CT_20,C:\Users\USUARIO\Desktop\BP Mayo 2026\SynologyDrive\CT_20\101EK113\01110023.JPG,C:\Users\USUARIO\Desktop\BP Mayo 2026\SynologyDrive\CT_20\01110023.JPG,moved
CT_20,C:\Users\USUARIO\Desktop\BP Mayo 2026\SynologyDrive\CT_20\101EK113\01110024.JPG,C:\Users\USUARIO\Desktop\BP Mayo 2026\SynologyDrive\CT_20\01110024.JPG,moved
CT_20,C:\Users\USUARIO\Desktop\BP Mayo 2026\SynologyDrive\CT_20\101EK113\01110025.MOV,C:\Users\USUARIO\Desktop\BP Mayo 2026\SynologyDrive\CT_20\01110025.MOV,moved
CT_20,C:\Users\USUARIO\Desktop\BP Mayo 2026\SynologyDrive\CT_20\101EK113\01110026.JPG,C:\Users\USUARIO\Desktop\BP Mayo 2026\SynologyDrive\CT_20\01110026.JPG,moved
CT_20,C:\Users\USUARIO\Desktop\BP Mayo 2026\SynologyDrive\CT_20\101EK113\01110027.JPG,C:\Users\USUARIO\Desktop\BP Mayo 2026\SynologyDrive\CT_20\01110027.JPG,moved
CT_20,C:\Users\USUARIO\Desktop\BP Mayo 2026\SynologyDrive\CT_20\101EK113\01110028.JPG,C:\Users\USUARIO\Desktop\BP Mayo 2026\SynologyDrive\CT_20\01110028.JPG,moved
CT_20,C:\Users\USUARIO\Desktop\BP Mayo 2026\SynologyDrive\CT_20\101EK113\01110029.MOV,C:\Users\USUARIO\Desktop\BP Mayo 2026\SynologyDrive\CT_20\01110029.MOV,moved
CT_20,C:\Users\USUARIO\Desktop\BP Mayo 2026\SynologyDrive\CT_20\101EK113\01110030.JPG,C:\Users\USUARIO\Desktop\BP Mayo 2026\SynologyDrive\CT_20\01110030.JPG,moved
CT_20,C:\Users\USUARIO\Desktop\BP Mayo 2026\SynologyDrive\CT_20\101EK113\01110031.JPG,C:\Users\USUARIO\Desktop\BP Mayo 2026\SynologyDrive\CT_20\01110031.JPG,moved
CT_20,C:\Users\USUARIO\Desktop\BP Mayo 2026\SynologyDrive\CT_20\101EK113\01110032.JPG,C:\Users\USUARIO\Desktop\BP Mayo 2026\SynologyDrive\CT_20\01110032.JPG,moved
CT_20,C:\Users\USUARIO\Desktop\BP Mayo 2026\SynologyDrive\CT_20\101EK113\01110033.MOV,C:\Users\USUARIO\Desktop\BP Mayo 2026\SynologyDrive\CT_20\01110033.MOV,moved
CT_20,C:\Users\USUARIO\Desktop\BP Mayo 2026\SynologyDrive\CT_20\101EK113\01110034.JPG,C:\Users\USUARIO\Desktop\BP Mayo 2026\SynologyDrive\CT_20\01110034.JPG,moved
CT_20,C:\Users\USUARIO\Desktop\BP Mayo 2026\SynologyDrive\CT_20\101EK113\01110035.JPG,C:\Users\USUARIO\Desktop\BP Mayo 2026\SynologyDrive\CT_20\01110035.JPG,moved
CT_20,C:\Users\USUARIO\Desktop\BP Mayo 2026\SynologyDrive\CT_20\101EK113\01110036.JPG,C:\Users\USUARIO\Desktop\BP Mayo 2026\SynologyDrive\CT_20\01110036.JPG,moved
CT_20,C:\Users\USUARIO\Desktop\BP Mayo 2026\SynologyDrive\CT_20\101EK113\01110037.MOV,C:\Users\USUARIO\Desktop\BP Mayo 2026\SynologyDrive\CT_20\01110037.MOV,moved
CT_20,C:\Users\USUARIO\Desktop\BP Mayo 2026\SynologyDrive\CT_20\101EK113\01110038.JPG,C:\Users\USUARIO\Desktop\BP Mayo 2026\SynologyDrive\CT_20\01110038.JPG,moved
CT_20,C:\Users\USUARIO\Desktop\BP Mayo 2026\SynologyDrive\CT_20\101EK113\01110039.JPG,C:\Users\USUARIO\Desktop\BP Mayo 2026\SynologyDrive\CT_20\01110039.JPG,moved
CT_20,C:\Users\USUARIO\Desktop\BP Mayo 2026\SynologyDrive\CT_20\101EK113\01110040.JPG,C:\Users\USUARIO\Desktop\BP Mayo 2026\SynologyDrive\CT_20\01110040.JPG,moved
CT_20,C:\Users\USUARIO\Desktop\BP Mayo 2026\SynologyDrive\CT_20\101EK113\01110041.MOV,C:\Users\USUARIO\Desktop\BP Mayo 2026\SynologyDrive\CT_20\01110041.MOV,moved
CT_20,C:\Users\USUARIO\Desktop\BP Mayo 2026\SynologyDrive\CT_20\101EK113\01110042.JPG,C:\Users\USUARIO\Desktop\BP Mayo 2026\SynologyDrive\CT_20\01110042.JPG,moved
CT_20,C:\Users\USUARIO\Desktop\BP Mayo 2026\SynologyDrive\CT_20\101EK113\01110043.JPG,C:\Users\USUARIO\Desktop\BP Mayo 2026\SynologyDrive\CT_20\01110043.JPG,moved
CT_20,C:\Users\USUARIO\Desktop\BP Mayo 2026\SynologyDrive\CT_20\101EK113\01110044.JPG,C:\Users\USUARIO\Desktop\BP Mayo 2026\SynologyDrive\CT_20\01110044.JPG,moved
CT_20,C:\Users\USUARIO\Desktop\BP Mayo 2026\SynologyDrive\CT_20\101EK113\01110045.MOV,C:\Users\USUARIO\Desktop\BP Mayo 2026\SynologyDrive\CT_20\01110045.MOV,moved
CT_20,C:\Users\USUARIO\Desktop\BP Mayo 2026\SynologyDrive\CT_20\101EK113\01110046.JPG,C:\Users\USUARIO\Desktop\BP Mayo 2026\SynologyDrive\CT_20\01110046.JPG,moved
CT_20,C:\Users\USUARIO\Desktop\BP Mayo 2026\SynologyDrive\CT_20\101EK113\01110047.JPG,C:\Users\USUARIO\Desktop\BP Mayo 2026\SynologyDrive\CT_20\01110047.JPG,moved
CT_20,C:\Users\USUARIO\Desktop\BP Mayo 2026\SynologyDrive\CT_20\101EK113\01110048.JPG,C:\Users\USUARIO\Desktop\BP Mayo 2026\SynologyDrive\CT_20\01110048.JPG,moved
CT_20,C:\Users\USUARIO\Desktop\BP Mayo 2026\SynologyDrive\CT_20\101EK113\01110049.MOV,C:\Users\USUARIO\Desktop\BP Mayo 2026\SynologyDrive\CT_20\01110049.MOV,moved
CT_20,C:\Users\USUARIO\Desktop\BP Mayo 2026\SynologyDrive\CT_20\101EK113\01110050.JPG,C:\Users\USUARIO\Desktop\BP Mayo 2026\SynologyDrive\CT_20\01110050.JPG,moved
CT_20,C:\Users\USUARIO\Desktop\BP Mayo 2026\SynologyDrive\CT_20\101EK113\01110051.JPG,C:\Users\USUARIO\Desktop\BP Mayo 2026\SynologyDrive\CT_20\01110051.JPG,moved
CT_20,C:\Users\USUARIO\Desktop\BP Mayo 2026\SynologyDrive\CT_20\101EK113\01110052.JPG,C:\Users\USUARIO\Desktop\BP Mayo 2026\SynologyDrive\CT_20\01110052.JPG,moved
CT_20,C:\Users\USUARIO\Desktop\BP Mayo 2026\SynologyDrive\CT_20\101EK113\01110053.MOV,C:\Users\USUARIO\Desktop\BP Mayo 2026\SynologyDrive\CT_20\01110053.MOV,moved
CT_20,C:\Users\USUARIO\Desktop\BP Mayo 2026\SynologyDrive\CT_20\101EK113\01110054.JPG,C:\Users\USUARIO\Desktop\BP Mayo 2026\SynologyDrive\CT_20\01110054.JPG,moved
CT_20,C:\Users\USUARIO\Desktop\BP Mayo 2026\SynologyDrive\CT_20\101EK113\01110055.JPG,C:\Users\USUARIO\Desktop\BP Mayo 2026\SynologyDrive\CT_20\01110055.JPG,moved
CT_20,C:\Users\USUARIO\Desktop\BP Mayo 2026\SynologyDrive\CT_20\101EK113\01110056.JPG,C:\Users\USUARIO\Desktop\BP Mayo 2026\SynologyDrive\CT_20\01110056.JPG,moved
CT_20,C:\Users\USUARIO\Desktop\BP Mayo 2026\SynologyDrive\CT_20\101EK113\01110057.MOV,C:\Users\USUARIO\Desktop\BP Mayo 2026\SynologyDrive\CT_20\01110057.MOV,moved
CT_20,C:\Users\USUARIO\Desktop\BP Mayo 2026\SynologyDrive\CT_20\101EK113\01110058.JPG,C:\Users\USUARIO\Desktop\BP Mayo 2026\SynologyDrive\CT_20\01110058.JPG,moved
CT_20,C:\Users\USUARIO\Desktop\BP Mayo 2026\SynologyDrive\CT_20\101EK113\01110059.JPG,C:\Users\USUARIO\Desktop\BP Mayo 2026\SynologyDrive\CT_20\01110059.JPG,moved
CT_20,C:\Users\USUARIO\Desktop\BP Mayo 2026\SynologyDrive\CT_20\101EK113\01110060.JPG,C:\Users\USUARIO\Desktop\BP Mayo 2026\SynologyDrive\CT_20\01110060.JPG,moved
CT_20,C:\Users\USUARIO\Desktop\BP Mayo 2026\SynologyDrive\CT_20\101EK113\01110061.MOV,C:\Users\USUARIO\Desktop\BP Mayo 2026\SynologyDrive\CT_20\01110061.MOV,moved
CT_20,C:\Users\USUARIO\Desktop\BP Mayo 2026\SynologyDrive\CT_20\101EK113\01110062.JPG,C:\Users\USUARIO\Desktop\BP Mayo 2026\SynologyDrive\CT_20\01110062.JPG,moved
CT_20,C:\Users\USUARIO\Desktop\BP Mayo 2026\SynologyDrive\CT_20\101EK113\01110063.JPG,C:\Users\USUARIO\Desktop\BP Mayo 2026\SynologyDrive\CT_20\01110063.JPG,moved
CT_20,C:\Users\USUARIO\Desktop\BP Mayo 2026\SynologyDrive\CT_20\101EK113\01110064.JPG,C:\Users\USUARIO\Desktop\BP Mayo 2026\SynologyDrive\CT_20\01110064.JPG,moved
CT_20,C:\Users\USUARIO\Desktop\BP Mayo 2026\SynologyDrive\CT_20\101EK113\01110065.MOV,C:\Users\USUARIO\Desktop\BP Mayo 2026\SynologyDrive\CT_20\01110065.MOV,moved
CT_20,C:\Users\USUARIO\Desktop\BP Mayo 2026\SynologyDrive\CT_20\101EK113\01110066.JPG,C:\Users\USUARIO\Desktop\BP Mayo 2026\SynologyDrive\CT_20\01110066.JPG,moved
CT_20,C:\Users\USUARIO\Desktop\BP Mayo 2026\SynologyDrive\CT_20\101EK113\01110067.JPG,C:\Users\USUARIO\Desktop\BP Mayo 2026\SynologyDrive\CT_20\01110067.JPG,moved
CT_20,C:\Users\USUARIO\Desktop\BP Mayo 2026\SynologyDrive\CT_20\101EK113\01110068.JPG,C:\Users\USUARIO\Desktop\BP Mayo 2026\SynologyDrive\CT_20\01110068.JPG,moved
CT_20,C:\Users\USUARIO\Desktop\BP Mayo 2026\SynologyDrive\CT_20\101EK113\01110069.MOV,C:\Users\USUARIO\Desktop\BP Mayo 2026\SynologyDrive\CT_20\01110069.MOV,moved
CT_20,C:\Users\USUARIO\Desktop\BP Mayo 2026\SynologyDrive\CT_20\101EK113\01110070.JPG,C:\Users\USUARIO\Desktop\BP Mayo 2026\SynologyDrive\CT_20\01110070.JPG,moved
CT_20,C:\Users\USUARIO\Desktop\BP Mayo 2026\SynologyDrive\CT_20\101EK113\01110071.JPG,C:\Users\USUARIO\Desktop\BP Mayo 2026\SynologyDrive\CT_20\01110071.JPG,moved
CT_20,C:\Users\USUARIO\Desktop\BP Mayo 2026\SynologyDrive\CT_20\101EK113\01110072.JPG,C:\Users\USUARIO\Desktop\BP Mayo 2026\SynologyDrive\CT_20\01110072.JPG,moved
CT_20,C:\Users\USUARIO\Desktop\BP Mayo 2026\SynologyDrive\CT_20\101EK113\01110073.MOV,C:\Users\USUARIO\Desktop\BP Mayo 2026\SynologyDrive\CT_20\01110073.MOV,moved
CT_20,C:\Users\USUARIO\Desktop\BP Mayo 2026\SynologyDrive\CT_20\101EK113\01110074.JPG,C:\Users\USUARIO\Desktop\BP Mayo 2026\SynologyDrive\CT_20\01110074.JPG,moved
CT_20,C:\Users\USUARIO\Desktop\BP Mayo 2026\SynologyDrive\CT_20\101EK113\01110075.JPG,C:\Users\USUARIO\Desktop\BP Mayo 2026\SynologyDrive\CT_20\01110075.JPG,moved
CT_20,C:\Users\USUARIO\Desktop\BP Mayo 2026\SynologyDrive\CT_20\101EK113\01110076.JPG,C:\Users\USUARIO\Desktop\BP Mayo 2026\SynologyDrive\CT_20\01110076.JPG,moved
CT_20,C:\Users\USUARIO\Desktop\BP Mayo 2026\SynologyDrive\CT_20\101EK113\01110077.MOV,C:\Users\USUARIO\Desktop\BP Mayo 2026\SynologyDrive\CT_20\01110077.MOV,moved
CT_20,C:\Users\USUARIO\Desktop\BP Mayo 2026\SynologyDrive\CT_20\101EK113\01110078.JPG,C:\Users\USUARIO\Desktop\BP Mayo 2026\SynologyDrive\CT_20\01110078.JPG,moved
CT_20,C:\Users\USUARIO\Desktop\BP Mayo 2026\SynologyDrive\CT_20\101EK113\01110079.JPG,C:\Users\USUARIO\Desktop\BP Mayo 2026\SynologyDrive\CT_20\01110079.JPG,moved
CT_20,C:\Users\USUARIO\Desktop\BP Mayo 2026\SynologyDrive\CT_20\101EK113\01110080.JPG,C:\Users\USUARIO\Desktop\BP Mayo 2026\SynologyDrive\CT_20\01110080.JPG,moved
CT_20,C:\Users\USUARIO\Desktop\BP Mayo 2026\SynologyDrive\CT_20\101EK113\01110081.MOV,C:\Users\USUARIO\Desktop\BP Mayo 2026\SynologyDrive\CT_20\01110081.MOV,moved
CT_20,C:\Users\USUARIO\Desktop\BP Mayo 2026\SynologyDrive\CT_20\101EK113\01110082.JPG,C:\Users\USUARIO\Desktop\BP Mayo 2026\SynologyDrive\CT_20\01110082.JPG,moved
CT_20,C:\Users\USUARIO\Desktop\BP Mayo 2026\SynologyDrive\CT_20\101EK113\01110083.JPG,C:\Users\USUARIO\Desktop\BP Mayo 2026\SynologyDrive\CT_20\01110083.JPG,moved
CT_20,C:\Users\USUARIO\Desktop\BP Mayo 2026\SynologyDrive\CT_20\101EK113\01110084.JPG,C:\Users\USUARIO\Desktop\BP Mayo 2026\SynologyDrive\CT_20\01110084.JPG,moved
CT_20,C:\Users\USUARIO\Desktop\BP Mayo 2026\SynologyDrive\CT_20\101EK113\01110085.MOV,C:\Users\USUARIO\Desktop\BP Mayo 2026\SynologyDrive\CT_20\01110085.MOV,moved
CT_20,C:\Users\USUARIO\Desktop\BP Mayo 2026\SynologyDrive\CT_20\101EK113\01110086.JPG,C:\Users\USUARIO\Desktop\BP Mayo 2026\SynologyDrive\CT_20\01110086.JPG,moved
CT_20,C:\Users\USUARIO\Desktop\BP Mayo 2026\SynologyDrive\CT_20\101EK113\01110087.JPG,C:\Users\USUARIO\Desktop\BP Mayo 2026\SynologyDrive\CT_20\01110087.JPG,moved
CT_20,C:\Users\USUARIO\Desktop\BP Mayo 2026\SynologyDrive\CT_20\101EK113\01110088.JPG,C:\Users\USUARIO\Desktop\BP Mayo 2026\SynologyDrive\CT_20\01110088.JPG,moved
CT_20,C:\Users\USUARIO\Desktop\BP Mayo 2026\SynologyDrive\CT_20\101EK113\01110089.MOV,C:\Users\USUARIO\Desktop\BP Mayo 2026\SynologyDrive\CT_20\01110089.MOV,moved
CT_20,C:\Users\USUARIO\Desktop\BP Mayo 2026\SynologyDrive\CT_20\101EK113\01110090.JPG,C:\Users\USUARIO\Desktop\BP Mayo 2026\SynologyDrive\CT_20\01110090.JPG,moved
CT_20,C:\Users\USUARIO\Desktop\BP Mayo 2026\SynologyDrive\CT_20\101EK113\01110091.JPG,C:\Users\USUARIO\Desktop\BP Mayo 2026\SynologyDrive\CT_20\01110091.JPG,moved
CT_20,C:\Users\USUARIO\Desktop\BP Mayo 2026\SynologyDrive\CT_20\101EK113\01110092.JPG,C:\Users\USUARIO\Desktop\BP Mayo 2026\SynologyDrive\CT_20\01110092.JPG,moved
CT_20,C:\Users\USUARIO\Desktop\BP Mayo 2026\SynologyDrive\CT_20\101EK113\01110093.MOV,C:\Users\USUARIO\Desktop\BP Mayo 2026\SynologyDrive\CT_20\01110093.MOV,moved
CT_20,C:\Users\USUARIO\Desktop\BP Mayo 2026\SynologyDrive\CT_20\101EK113\01110094.JPG,C:\Users\USUARIO\Desktop\BP Mayo 2026\SynologyDrive\CT_20\01110094.JPG,moved
CT_20,C:\Users\USUARIO\Desktop\BP Mayo 2026\SynologyDrive\CT_20\101EK113\01110095.JPG,C:\Users\USUARIO\Desktop\BP Mayo 2026\SynologyDrive\CT_20\01110095.JPG,moved
CT_20,C:\Users\USUARIO\Desktop\BP Mayo 2026\SynologyDrive\CT_20\101EK113\01110096.JPG,C:\Users\USUARIO\Desktop\BP Mayo 2026\SynologyDrive\CT_20\01110096.JPG,moved
CT_20,C:\Users\USUARIO\Desktop\BP Mayo 2026\SynologyDrive\CT_20\101EK113\01110097.MOV,C:\Users\USUARIO\Desktop\BP Mayo 2026\SynologyDrive\CT_20\01110097.MOV,moved
CT_20,C:\Users\USUARIO\Desktop\BP Mayo 2026\SynologyDrive\CT_20\101EK113\01110098.JPG,C:\Users\USUARIO\Desktop\BP Mayo 2026\SynologyDrive\CT_20\01110098.JPG,moved
CT_20,C:\Users\USUARIO\Desktop\BP Mayo 2026\SynologyDrive\CT_20\101EK113\01110099.JPG,C:\Users\USUARIO\Desktop\BP Mayo 2026\SynologyDrive\CT_20\01110099.JPG,moved
CT_20,C:\Users\USUARIO\Desktop\BP Mayo 2026\SynologyDrive\CT_20\101EK113\01110100.JPG,C:\Users\USUARIO\Desktop\BP Mayo 2026\SynologyDrive\CT_20\01110100.JPG,moved
CT_20,C:\Users\USUARIO\Desktop\BP Mayo 2026\SynologyDrive\CT_20\101EK113\01110101.MOV,C:\Users\USUARIO\Desktop\BP Mayo 2026\SynologyDrive\CT_20\01110101.MOV,moved
CT_20,C:\Users\USUARIO\Desktop\BP Mayo 2026\SynologyDrive\CT_20\101EK113\01110102.JPG,C:\Users\USUARIO\Desktop\BP Mayo 2026\SynologyDrive\CT_20\01110102.JPG,moved
CT_20,C:\Users\USUARIO\Desktop\BP Mayo 2026\SynologyDrive\CT_20\101EK113\01110103.JPG,C:\Users\USUARIO\Desktop\BP Mayo 2026\SynologyDrive\CT_20\01110103.JPG,moved
CT_20,C:\Users\USUARIO\Desktop\BP Mayo 2026\SynologyDrive\CT_20\101EK113\01110104.JPG,C:\Users\USUARIO\Desktop\BP Mayo 2026\SynologyDrive\CT_20\01110104.JPG,moved
CT_20,C:\Users\USUARIO\Desktop\BP Mayo 2026\SynologyDrive\CT_20\101EK113\01110105.MOV,C:\Users\USUARIO\Desktop\BP Mayo 2026\SynologyDrive\CT_20\01110105.MOV,moved
CT_20,C:\Users\USUARIO\Desktop\BP Mayo 2026\SynologyDrive\CT_20\101EK113\01110106.JPG,C:\Users\USUARIO\Desktop\BP Mayo 2026\SynologyDrive\CT_20\01110106.JPG,moved
CT_20,C:\Users\USUARIO\Desktop\BP Mayo 2026\SynologyDrive\CT_20\101EK113\01110107.JPG,C:\Users\USUARIO\Desktop\BP Mayo 2026\SynologyDrive\CT_20\01110107.JPG,moved
CT_20,C:\Users\USUARIO\Desktop\BP Mayo 2026\SynologyDrive\CT_20\101EK113\01110108.JPG,C:\Users\USUARIO\Desktop\BP Mayo 2026\SynologyDrive\CT_20\01110108.JPG,moved
CT_20,C:\Users\USUARIO\Desktop\BP Mayo 2026\SynologyDrive\CT_20\101EK113\01110109.MOV,C:\Users\USUARIO\Desktop\BP Mayo 2026\SynologyDrive\CT_20\01110109.MOV,moved
CT_20,C:\Users\USUARIO\Desktop\BP Mayo 2026\SynologyDrive\CT_20\101EK113\01110110.JPG,C:\Users\USUARIO\Desktop\BP Mayo 2026\SynologyDrive\CT_20\01110110.JPG,moved
CT_20,C:\Users\USUARIO\Desktop\BP Mayo 2026\SynologyDrive\CT_20\101EK113\01110111.JPG,C:\Users\USUARIO\Desktop\BP Mayo 2026\SynologyDrive\CT_20\01110111.JPG,moved
CT_20,C:\Users\USUARIO\Desktop\BP Mayo 2026\SynologyDrive\CT_20\101EK113\01110112.JPG,C:\Users\USUARIO\Desktop\BP Mayo 2026\SynologyDrive\CT_20\01110112.JPG,moved
CT_20,C:\Users\USUARIO\Desktop\BP Mayo 2026\SynologyDrive\CT_20\101EK113\01110113.MOV,C:\Users\USUARIO\Desktop\BP Mayo 2026\SynologyDrive\CT_20\01110113.MOV,moved
CT_20,C:\Users\USUARIO\Desktop\BP Mayo 2026\SynologyDrive\CT_20\101EK113\01110114.JPG,C:\Users\USUARIO\Desktop\BP Mayo 2026\SynologyDrive\CT_20\01110114.JPG,moved
CT_20,C:\Users\USUARIO\Desktop\BP Mayo 2026\SynologyDrive\CT_20\101EK113\01110115.JPG,C:\Users\USUARIO\Desktop\BP Mayo 2026\SynologyDrive\CT_20\01110115.JPG,moved
CT_20,C:\Users\USUARIO\Desktop\BP Mayo 2026\SynologyDrive\CT_20\101EK113\01110116.JPG,C:\Users\USUARIO\Desktop\BP Mayo 2026\SynologyDrive\CT_20\01110116.JPG,moved
CT_20,C:\Users\USUARIO\Desktop\BP Mayo 2026\SynologyDrive\CT_20\101EK113\01110117.MOV,C:\Users\USUARIO\Desktop\BP Mayo 2026\SynologyDrive\CT_20\01110117.MOV,moved
CT_20,C:\Users\USUARIO\Desktop\BP Mayo 2026\SynologyDrive\CT_20\101EK113\01110118.JPG,C:\Users\USUARIO\Desktop\BP Mayo 2026\SynologyDrive\CT_20\01110118.JPG,moved
CT_20,C:\Users\USUARIO\Desktop\BP Mayo 2026\SynologyDrive\CT_20\101EK113\01110119.JPG,C:\Users\USUARIO\Desktop\BP Mayo 2026\SynologyDrive\CT_20\01110119.JPG,moved
CT_20,C:\Users\USUARIO\Desktop\BP Mayo 2026\SynologyDrive\CT_20\101EK113\01110120.JPG,C:\Users\USUARIO\Desktop\BP Mayo 2026\SynologyDrive\CT_20\01110120.JPG,moved
CT_20,C:\Users\USUARIO\Desktop\BP Mayo 2026\SynologyDrive\CT_20\101EK113\01110121.MOV,C:\Users\USUARIO\Desktop\BP Mayo 2026\SynologyDrive\CT_20\01110121.MOV,moved
CT_20,C:\Users\USUARIO\Desktop\BP Mayo 2026\SynologyDrive\CT_20\101EK113\01110122.JPG,C:\Users\USUARIO\Desktop\BP Mayo 2026\SynologyDrive\CT_20\01110122.JPG,moved
CT_20,C:\Users\USUARIO\Desktop\BP Mayo 2026\SynologyDrive\CT_20\101EK113\01110123.JPG,C:\Users\USUARIO\Desktop\BP Mayo 2026\SynologyDrive\CT_20\01110123.JPG,moved
CT_20,C:\Users\USUARIO\Desktop\BP Mayo 2026\SynologyDrive\CT_20\101EK113\01110124.JPG,C:\Users\USUARIO\Desktop\BP Mayo 2026\SynologyDrive\CT_20\01110124.JPG,moved
CT_20,C:\Users\USUARIO\Desktop\BP Mayo 2026\SynologyDrive\CT_20\101EK113\01110125.MOV,C:\Users\USUARIO\Desktop\BP Mayo 2026\SynologyDrive\CT_20\01110125.MOV,moved
CT_20,C:\Users\USUARIO\Desktop\BP Mayo 2026\SynologyDrive\CT_20\101EK113\01110126.JPG,C:\Users\USUARIO\Desktop\BP Mayo 2026\SynologyDrive\CT_20\01110126.JPG,moved
CT_20,C:\Users\USUARIO\Desktop\BP Mayo 2026\SynologyDrive\CT_20\101EK113\01110127.JPG,C:\Users\USUARIO\Desktop\BP Mayo 2026\SynologyDrive\CT_20\01110127.JPG,moved
CT_20,C:\Users\USUARIO\Desktop\BP Mayo 2026\SynologyDrive\CT_20\101EK113\01110128.JPG,C:\Users\USUARIO\Desktop\BP Mayo 2026\SynologyDrive\CT_20\01110128.JPG,moved
CT_20,C:\Users\USUARIO\Desktop\BP Mayo 2026\SynologyDrive\CT_20\101EK113\01110129.MOV,C:\Users\USUARIO\Desktop\BP Mayo 2026\SynologyDrive\CT_20\01110129.MOV,moved
CT_20,C:\Users\USUARIO\Desktop\BP Mayo 2026\SynologyDrive\CT_20\101EK113\01110130.JPG,C:\Users\USUARIO\Desktop\BP Mayo 2026\SynologyDrive\CT_20\01110130.JPG,moved
CT_20,C:\Users\USUARIO\Desktop\BP Mayo 2026\SynologyDrive\CT_20\101EK113\01110131.JPG,C:\Users\USUARIO\Desktop\BP Mayo 2026\SynologyDrive\CT_20\01110131.JPG,moved
CT_20,C:\Users\USUARIO\Desktop\BP Mayo 2026\SynologyDrive\CT_20\101EK113\01110132.JPG,C:\Users\USUARIO\Desktop\BP Mayo 2026\SynologyDrive\CT_20\01110132.JPG,moved
CT_20,C:\Users\USUARIO\Desktop\BP Mayo 2026\SynologyDrive\CT_20\101EK113\01110133.MOV,C:\Users\USUARIO\Desktop\BP Mayo 2026\SynologyDrive\CT_20\01110133.MOV,moved
CT_20,C:\Users\USUARIO\Desktop\BP Mayo 2026\SynologyDrive\CT_20\101EK113\01110134.JPG,C:\Users\USUARIO\Desktop\BP Mayo 2026\SynologyDrive\CT_20\01110134.JPG,moved
CT_20,C:\Users\USUARIO\Desktop\BP Mayo 2026\SynologyDrive\CT_20\101EK113\01110135.JPG,C:\Users\USUARIO\Desktop\BP Mayo 2026\SynologyDrive\CT_20\01110135.JPG,moved
CT_20,C:\Users\USUARIO\Desktop\BP Mayo 2026\SynologyDrive\CT_20\101EK113\01110136.JPG,C:\Users\USUARIO\Desktop\BP Mayo 2026\SynologyDrive\CT_20\01110136.JPG,moved
CT_20,C:\Users\USUARIO\Desktop\BP Mayo 2026\SynologyDrive\CT_20\101EK113\01110137.MOV,C:\Users\USUARIO\Desktop\BP Mayo 2026\SynologyDrive\CT_20\01110137.MOV,moved
CT_20,C:\Users\USUARIO\Desktop\BP Mayo 2026\SynologyDrive\CT_20\101EK113\01110138.JPG,C:\Users\USUARIO\Desktop\BP Mayo 2026\SynologyDrive\CT_20\01110138.JPG,moved
CT_20,C:\Users\USUARIO\Desktop\BP Mayo 2026\SynologyDrive\CT_20\101EK113\01110139.JPG,C:\Users\USUARIO\Desktop\BP Mayo 2026\SynologyDrive\CT_20\01110139.JPG,moved
CT_20,C:\Users\USUARIO\Desktop\BP Mayo 2026\SynologyDrive\CT_20\101EK113\01110140.JPG,C:\Users\USUARIO\Desktop\BP Mayo 2026\SynologyDrive\CT_20\01110140.JPG,moved
CT_20,C:\Users\USUARIO\Desktop\BP Mayo 2026\SynologyDrive\CT_20\101EK113\01110141.MOV,C:\Users\USUARIO\Desktop\BP Mayo 2026\SynologyDrive\CT_20\01110141.MOV,moved
CT_20,C:\Users\USUARIO\Desktop\BP Mayo 2026\SynologyDrive\CT_20\101EK113\01110142.JPG,C:\Users\USUARIO\Desktop\BP Mayo 2026\SynologyDrive\CT_20\01110142.JPG,moved
CT_20,C:\Users\USUARIO\Desktop\BP Mayo 2026\SynologyDrive\CT_20\101EK113\01110143.JPG,C:\Users\USUARIO\Desktop\BP Mayo 2026\SynologyDrive\CT_20\01110143.JPG,moved
CT_20,C:\Users\USUARIO\Desktop\BP Mayo 2026\SynologyDrive\CT_20\101EK113\01110144.JPG,C:\Users\USUARIO\Desktop\BP Mayo 2026\SynologyDrive\CT_20\01110144.JPG,moved
CT_20,C:\Users\USUARIO\Desktop\BP Mayo 2026\SynologyDrive\CT_20\101EK113\01110145.MOV,C:\Users\USUARIO\Desktop\BP Mayo 2026\SynologyDrive\CT_20\01110145.MOV,moved
CT_20,C:\Users\USUARIO\Desktop\BP Mayo 2026\SynologyDrive\CT_20\101EK113\01110146.JPG,C:\Users\USUARIO\Desktop\BP Mayo 2026\SynologyDrive\CT_20\01110146.JPG,moved
CT_20,C:\Users\USUARIO\Desktop\BP Mayo 2026\SynologyDrive\CT_20\101EK113\01110147.JPG,C:\Users\USUARIO\Desktop\BP Mayo 2026\SynologyDrive\CT_20\01110147.JPG,moved
CT_20,C:\Users\USUARIO\Desktop\BP Mayo 2026\SynologyDrive\CT_20\101EK113\01110148.JPG,C:\Users\USUARIO\Desktop\BP Mayo 2026\SynologyDrive\CT_20\01110148.JPG,moved
CT_20,C:\Users\USUARIO\Desktop\BP Mayo 2026\SynologyDrive\CT_20\101EK113\01110149.MOV,C:\Users\USUARIO\Desktop\BP Mayo 2026\SynologyDrive\CT_20\01110149.MOV,moved
CT_20,C:\Users\USUARIO\Desktop\BP Mayo 2026\SynologyDrive\CT_20\101EK113\01110150.JPG,C:\Users\USUARIO\Desktop\BP Mayo 2026\SynologyDrive\CT_20\01110150.JPG,moved
CT_20,C:\Users\USUARIO\Desktop\BP Mayo 2026\SynologyDrive\CT_20\101EK113\01110151.JPG,C:\Users\USUARIO\Desktop\BP Mayo 2026\SynologyDrive\CT_20\01110151.JPG,moved
CT_20,C:\Users\USUARIO\Desktop\BP Mayo 2026\SynologyDrive\CT_20\101EK113\01110152.JPG,C:\Users\USUARIO\Desktop\BP Mayo 2026\SynologyDrive\CT_20\01110152.JPG,moved
CT_20,C:\Users\USUARIO\Desktop\BP Mayo 2026\SynologyDrive\CT_20\101EK113\01110153.MOV,C:\Users\USUARIO\Desktop\BP Mayo 2026\SynologyDrive\CT_20\01110153.MOV,moved
CT_20,C:\Users\USUARIO\Desktop\BP Mayo 2026\SynologyDrive\CT_20\101EK113\01110154.JPG,C:\Users\USUARIO\Desktop\BP Mayo 2026\SynologyDrive\CT_20\01110154.JPG,moved
CT_20,C:\Users\USUARIO\Desktop\BP Mayo 2026\SynologyDrive\CT_20\101EK113\01110155.JPG,C:\Users\USUARIO\Desktop\BP Mayo 2026\SynologyDrive\CT_20\01110155.JPG,moved
CT_20,C:\Users\USUARIO\Desktop\BP Mayo 2026\SynologyDrive\CT_20\101EK113\01110156.JPG,C:\Users\USUARIO\Desktop\BP Mayo 2026\SynologyDrive\CT_20\01110156.JPG,moved
CT_20,C:\Users\USUARIO\Desktop\BP Mayo 2026\SynologyDrive\CT_20\101EK113\01110157.MOV,C:\Users\USUARIO\Desktop\BP Mayo 2026\SynologyDrive\CT_20\01110157.MOV,moved
CT_20,C:\Users\USUARIO\Desktop\BP Mayo 2026\SynologyDrive\CT_20\101EK113\01110158.JPG,C:\Users\USUARIO\Desktop\BP Mayo 2026\SynologyDrive\CT_20\01110158.JPG,moved
CT_20,C:\Users\USUARIO\Desktop\BP Mayo 2026\SynologyDrive\CT_20\101EK113\01110159.JPG,C:\Users\USUARIO\Desktop\BP Mayo 2026\SynologyDrive\CT_20\01110159.JPG,moved
CT_20,C:\Users\USUARIO\Desktop\BP Mayo 2026\SynologyDrive\CT_20\101EK113\01110160.JPG,C:\Users\USUARIO\Desktop\BP Mayo 2026\SynologyDrive\CT_20\01110160.JPG,moved
CT_20,C:\Users\USUARIO\Desktop\BP Mayo 2026\SynologyDrive\CT_20\101EK113\01110161.MOV,C:\Users\USUARIO\Desktop\BP Mayo 2026\SynologyDrive\CT_20\01110161.MOV,moved
CT_20,C:\Users\USUARIO\Desktop\BP Mayo 2026\SynologyDrive\CT_20\101EK113\01110162.JPG,C:\Users\USUARIO\Desktop\BP Mayo 2026\SynologyDrive\CT_20\01110162.JPG,moved
CT_20,C:\Users\USUARIO\Desktop\BP Mayo 2026\SynologyDrive\CT_20\101EK113\01110163.JPG,C:\Users\USUARIO\Desktop\BP Mayo 2026\SynologyDrive\CT_20\01110163.JPG,moved
CT_20,C:\Users\USUARIO\Desktop\BP Mayo 2026\SynologyDrive\CT_20\101EK113\01110164.JPG,C:\Users\USUARIO\Desktop\BP Mayo 2026\SynologyDrive\CT_20\01110164.JPG,moved
CT_20,C:\Users\USUARIO\Desktop\BP Mayo 2026\SynologyDrive\CT_20\101EK113\01110165.MOV,C:\Users\USUARIO\Desktop\BP Mayo 2026\SynologyDrive\CT_20\01110165.MOV,moved
CT_20,C:\Users\USUARIO\Desktop\BP Mayo 2026\SynologyDrive\CT_20\101EK113\01110166.JPG,C:\Users\USUARIO\Desktop\BP Mayo 2026\SynologyDrive\CT_20\01110166.JPG,moved
CT_20,C:\Users\USUARIO\Desktop\BP Mayo 2026\SynologyDrive\CT_20\101EK113\01110167.JPG,C:\Users\USUARIO\Desktop\BP Mayo 2026\SynologyDrive\CT_20\01110167.JPG,moved
CT_20,C:\Users\USUARIO\Desktop\BP Mayo 2026\SynologyDrive\CT_20\101EK113\01110168.JPG,C:\Users\USUARIO\Desktop\BP Mayo 2026\SynologyDrive\CT_20\01110168.JPG,moved
CT_20,C:\Users\USUARIO\Desktop\BP Mayo 2026\SynologyDrive\CT_20\101EK113\01110169.MOV,C:\Users\USUARIO\Desktop\BP Mayo 2026\SynologyDrive\CT_20\01110169.MOV,moved
CT_20,C:\Users\USUARIO\Desktop\BP Mayo 2026\SynologyDrive\CT_20\101EK113\01110170.JPG,C:\Users\USUARIO\Desktop\BP Mayo 2026\SynologyDrive\CT_20\01110170.JPG,moved
CT_20,C:\Users\USUARIO\Desktop\BP Mayo 2026\SynologyDrive\CT_20\101EK113\01110171.JPG,C:\Users\USUARIO\Desktop\BP Mayo 2026\SynologyDrive\CT_20\01110171.JPG,moved
CT_20,C:\Users\USUARIO\Desktop\BP Mayo 2026\SynologyDrive\CT_20\101EK113\01110172.JPG,C:\Users\USUARIO\Desktop\BP Mayo 2026\SynologyDrive\CT_20\01110172.JPG,moved
CT_20,C:\Users\USUARIO\Desktop\BP Mayo 2026\SynologyDrive\CT_20\101EK113\01110173.MOV,C:\Users\USUARIO\Desktop\BP Mayo 2026\SynologyDrive\CT_20\01110173.MOV,moved
CT_20,C:\Users\USUARIO\Desktop\BP Mayo 2026\SynologyDrive\CT_20\101EK113\01110174.JPG,C:\Users\USUARIO\Desktop\BP Mayo 2026\SynologyDrive\CT_20\01110174.JPG,moved
CT_20,C:\Users\USUARIO\Desktop\BP Mayo 2026\SynologyDrive\CT_20\101EK113\01110175.JPG,C:\Users\USUARIO\Desktop\BP Mayo 2026\SynologyDrive\CT_20\01110175.JPG,moved
CT_20,C:\Users\USUARIO\Desktop\BP Mayo 2026\SynologyDrive\CT_20\101EK113\01110176.JPG,C:\Users\USUARIO\Desktop\BP Mayo 2026\SynologyDrive\CT_20\01110176.JPG,moved
CT_20,C:\Users\USUARIO\Desktop\BP Mayo 2026\SynologyDrive\CT_20\101EK113\01110177.MOV,C:\Users\USUARIO\Desktop\BP Mayo 2026\SynologyDrive\CT_20\01110177.MOV,moved
CT_20,C:\Users\USUARIO\Desktop\BP Mayo 2026\SynologyDrive\CT_20\101EK113\01110178.JPG,C:\Users\USUARIO\Desktop\BP Mayo 2026\SynologyDrive\CT_20\01110178.JPG,moved
CT_20,C:\Users\USUARIO\Desktop\BP Mayo 2026\SynologyDrive\CT_20\101EK113\01110179.JPG,C:\Users\USUARIO\Desktop\BP Mayo 2026\SynologyDrive\CT_20\01110179.JPG,moved
CT_20,C:\Users\USUARIO\Desktop\BP Mayo 2026\SynologyDrive\CT_20\101EK113\01110180.JPG,C:\Users\USUARIO\Desktop\BP Mayo 2026\SynologyDrive\CT_20\01110180.JPG,moved
CT_20,C:\Users\USUARIO\Desktop\BP Mayo 2026\SynologyDrive\CT_20\101EK113\01110181.MOV,C:\Users\USUARIO\Desktop\BP Mayo 2026\SynologyDrive\CT_20\01110181.MOV,moved
CT_20,C:\Users\USUARIO\Desktop\BP Mayo 2026\SynologyDrive\CT_20\101EK113\01110182.JPG,C:\Users\USUARIO\Desktop\BP Mayo 2026\SynologyDrive\CT_20\01110182.JPG,moved
CT_20,C:\Users\USUARIO\Desktop\BP Mayo 2026\SynologyDrive\CT_20\101EK113\01110183.JPG,C:\Users\USUARIO\Desktop\BP Mayo 2026\SynologyDrive\CT_20\01110183.JPG,moved
CT_20,C:\Users\USUARIO\Desktop\BP Mayo 2026\SynologyDrive\CT_20\101EK113\01110184.JPG,C:\Users\USUARIO\Desktop\BP Mayo 2026\SynologyDrive\CT_20\01110184.JPG,moved
CT_20,C:\Users\USUARIO\Desktop\BP Mayo 2026\SynologyDrive\CT_20\101EK113\01110185.MOV,C:\Users\USUARIO\Desktop\BP Mayo 2026\SynologyDrive\CT_20\01110185.MOV,moved
CT_20,C:\Users\USUARIO\Desktop\BP Mayo 2026\SynologyDrive\CT_20\101EK113\01110186.JPG,C:\Users\USUARIO\Desktop\BP Mayo 2026\SynologyDrive\CT_20\01110186.JPG,moved
CT_20,C:\Users\USUARIO\Desktop\BP Mayo 2026\SynologyDrive\CT_20\101EK113\01110187.JPG,C:\Users\USUARIO\Desktop\BP Mayo 2026\SynologyDrive\CT_20\01110187.JPG,moved
CT_20,C:\Users\USUARIO\Desktop\BP Mayo 2026\SynologyDrive\CT_20\101EK113\01110188.JPG,C:\Users\USUARIO\Desktop\BP Mayo 2026\SynologyDrive\CT_20\01110188.JPG,moved
CT_20,C:\Users\USUARIO\Desktop\BP Mayo 2026\SynologyDrive\CT_20\101EK113\01110189.MOV,C:\Users\USUARIO\Desktop\BP Mayo 2026\SynologyDrive\CT_20\01110189.MOV,moved
CT_20,C:\Users\USUARIO\Desktop\BP Mayo 2026\SynologyDrive\CT_20\101EK113\01110190.JPG,C:\Users\USUARIO\Desktop\BP Mayo 2026\SynologyDrive\CT_20\01110190.JPG,moved
CT_20,C:\Users\USUARIO\Desktop\BP Mayo 2026\SynologyDrive\CT_20\101EK113\01110191.JPG,C:\Users\USUARIO\Desktop\BP Mayo 2026\SynologyDrive\CT_20\01110191.JPG,moved
CT_20,C:\Users\USUARIO\Desktop\BP Mayo 2026\SynologyDrive\CT_20\101EK113\01110192.JPG,C:\Users\USUARIO\Desktop\BP Mayo 2026\SynologyDrive\CT_20\01110192.JPG,moved
CT_20,C:\Users\USUARIO\Desktop\BP Mayo 2026\SynologyDrive\CT_20\101EK113\01110193.MOV,C:\Users\USUARIO\Desktop\BP Mayo 2026\SynologyDrive\CT_20\01110193.MOV,moved
CT_20,C:\Users\USUARIO\Desktop\BP Mayo 2026\SynologyDrive\CT_20\101EK113\01110194.JPG,C:\Users\USUARIO\Desktop\BP Mayo 2026\SynologyDrive\CT_20\01110194.JPG,moved
CT_20,C:\Users\USUARIO\Desktop\BP Mayo 2026\SynologyDrive\CT_20\101EK113\01110195.JPG,C:\Users\USUARIO\Desktop\BP Mayo 2026\SynologyDrive\CT_20\01110195.JPG,moved
CT_20,C:\Users\USUARIO\Desktop\BP Mayo 2026\SynologyDrive\CT_20\101EK113\01110196.JPG,C:\Users\USUARIO\Desktop\BP Mayo 2026\SynologyDrive\CT_20\01110196.JPG,moved
CT_20,C:\Users\USUARIO\Desktop\BP Mayo 2026\SynologyDrive\CT_20\101EK113\01110197.MOV,C:\Users\USUARIO\Desktop\BP Mayo 2026\SynologyDrive\CT_20\01110197.MOV,moved
CT_20,C:\Users\USUARIO\Desktop\BP Mayo 2026\SynologyDrive\CT_20\101EK113\01110198.JPG,C:\Users\USUARIO\Desktop\BP Mayo 2026\SynologyDrive\CT_20\01110198.JPG,moved
CT_20,C:\Users\USUARIO\Desktop\BP Mayo 2026\SynologyDrive\CT_20\101EK113\01110199.JPG,C:\Users\USUARIO\Desktop\BP Mayo 2026\SynologyDrive\CT_20\01110199.JPG,moved
CT_20,C:\Users\USUARIO\Desktop\BP Mayo 2026\SynologyDrive\CT_20\101EK113\01110200.JPG,C:\Users\USUARIO\Desktop\BP Mayo 2026\SynologyDrive\CT_20\01110200.JPG,moved
CT_20,C:\Users\USUARIO\Desktop\BP Mayo 2026\SynologyDrive\CT_20\101EK113\01110201.MOV,C:\Users\USUARIO\Desktop\BP Mayo 2026\SynologyDrive\CT_20\01110201.MOV,moved
CT_20,C:\Users\USUARIO\Desktop\BP Mayo 2026\SynologyDrive\CT_20\101EK113\01110202.JPG,C:\Users\USUARIO\Desktop\BP Mayo 2026\SynologyDrive\CT_20\01110202.JPG,moved
CT_20,C:\Users\USUARIO\Desktop\BP Mayo 2026\SynologyDrive\CT_20\101EK113\01110203.JPG,C:\Users\USUARIO\Desktop\BP Mayo 2026\SynologyDrive\CT_20\01110203.JPG,moved
CT_20,C:\Users\USUARIO\Desktop\BP Mayo 2026\SynologyDrive\CT_20\101EK113\01110204.JPG,C:\Users\USUARIO\Desktop\BP Mayo 2026\SynologyDrive\CT_20\01110204.JPG,moved
CT_20,C:\Users\USUARIO\Desktop\BP Mayo 2026\SynologyDrive\CT_20\101EK113\01110205.MOV,C:\Users\USUARIO\Desktop\BP Mayo 2026\SynologyDrive\CT_20\01110205.MOV,moved
CT_20,C:\Users\USUARIO\Desktop\BP Mayo 2026\SynologyDrive\CT_20\101EK113\01110206.JPG,C:\Users\USUARIO\Desktop\BP Mayo 2026\SynologyDrive\CT_20\01110206.JPG,moved
CT_20,C:\Users\USUARIO\Desktop\BP Mayo 2026\SynologyDrive\CT_20\101EK113\01110207.JPG,C:\Users\USUARIO\Desktop\BP Mayo 2026\SynologyDrive\CT_20\01110207.JPG,moved
CT_20,C:\Users\USUARIO\Desktop\BP Mayo 2026\SynologyDrive\CT_20\101EK113\01110208.JPG,C:\Users\USUARIO\Desktop\BP Mayo 2026\SynologyDrive\CT_20\01110208.JPG,moved
CT_20,C:\Users\USUARIO\Desktop\BP Mayo 2026\SynologyDrive\CT_20\101EK113\01110209.MOV,C:\Users\USUARIO\Desktop\BP Mayo 2026\SynologyDrive\CT_20\01110209.MOV,moved
CT_20,C:\Users\USUARIO\Desktop\BP Mayo 2026\SynologyDrive\CT_20\101EK113\01110210.JPG,C:\Users\USUARIO\Desktop\BP Mayo 2026\SynologyDrive\CT_20\01110210.JPG,moved
CT_20,C:\Users\USUARIO\Desktop\BP Mayo 2026\SynologyDrive\CT_20\101EK113\01110211.JPG,C:\Users\USUARIO\Desktop\BP Mayo 2026\SynologyDrive\CT_20\01110211.JPG,moved
CT_20,C:\Users\USUARIO\Desktop\BP Mayo 2026\SynologyDrive\CT_20\101EK113\01110212.JPG,C:\Users\USUARIO\Desktop\BP Mayo 2026\SynologyDrive\CT_20\01110212.JPG,moved
CT_20,C:\Users\USUARIO\Desktop\BP Mayo 2026\SynologyDrive\CT_20\101EK113\01110213.MOV,C:\Users\USUARIO\Desktop\BP Mayo 2026\SynologyDrive\CT_20\01110213.MOV,moved
CT_20,C:\Users\USUARIO\Desktop\BP Mayo 2026\SynologyDrive\CT_20\101EK113\01110214.JPG,C:\Users\USUARIO\Desktop\BP Mayo 2026\SynologyDrive\CT_20\01110214.JPG,moved
CT_20,C:\Users\USUARIO\Desktop\BP Mayo 2026\SynologyDrive\CT_20\101EK113\01110215.JPG,C:\Users\USUARIO\Desktop\BP Mayo 2026\SynologyDrive\CT_20\01110215.JPG,moved
CT_20,C:\Users\USUARIO\Desktop\BP Mayo 2026\SynologyDrive\CT_20\101EK113\01110216.JPG,C:\Users\USUARIO\Desktop\BP Mayo 2026\SynologyDrive\CT_20\01110216.JPG,moved
CT_20,C:\Users\USUARIO\Desktop\BP Mayo 2026\SynologyDrive\CT_20\101EK113\01110217.MOV,C:\Users\USUARIO\Desktop\BP Mayo 2026\SynologyDrive\CT_20\01110217.MOV,moved
CT_20,C:\Users\USUARIO\Desktop\BP Mayo 2026\SynologyDrive\CT_20\101EK113\01110218.JPG,C:\Users\USUARIO\Desktop\BP Mayo 2026\SynologyDrive\CT_20\01110218.JPG,moved
CT_20,C:\Users\USUARIO\Desktop\BP Mayo 2026\SynologyDrive\CT_20\101EK113\01110219.JPG,C:\Users\USUARIO\Desktop\BP Mayo 2026\SynologyDrive\CT_20\01110219.JPG,moved
CT_20,C:\Users\USUARIO\Desktop\BP Mayo 2026\SynologyDrive\CT_20\101EK113\01110220.JPG,C:\Users\USUARIO\Desktop\BP Mayo 2026\SynologyDrive\CT_20\01110220.JPG,moved
CT_20,C:\Users\USUARIO\Desktop\BP Mayo 2026\SynologyDrive\CT_20\101EK113\01110221.MOV,C:\Users\USUARIO\Desktop\BP Mayo 2026\SynologyDrive\CT_20\01110221.MOV,moved
CT_20,C:\Users\USUARIO\Desktop\BP Mayo 2026\SynologyDrive\CT_20\101EK113\01110222.JPG,C:\Users\USUARIO\Desktop\BP Mayo 2026\SynologyDrive\CT_20\01110222.JPG,moved
CT_20,C:\Users\USUARIO\Desktop\BP Mayo 2026\SynologyDrive\CT_20\101EK113\01110223.JPG,C:\Users\USUARIO\Desktop\BP Mayo 2026\SynologyDrive\CT_20\01110223.JPG,moved
CT_20,C:\Users\USUARIO\Desktop\BP Mayo 2026\SynologyDrive\CT_20\101EK113\01110224.JPG,C:\Users\USUARIO\Desktop\BP Mayo 2026\SynologyDrive\CT_20\01110224.JPG,moved
CT_20,C:\Users\USUARIO\Desktop\BP Mayo 2026\SynologyDrive\CT_20\101EK113\01110225.MOV,C:\Users\USUARIO\Desktop\BP Mayo 2026\SynologyDrive\CT_20\01110225.MOV,moved
CT_20,C:\Users\USUARIO\Desktop\BP Mayo 2026\SynologyDrive\CT_20\101EK113\01110226.JPG,C:\Users\USUARIO\Desktop\BP Mayo 2026\SynologyDrive\CT_20\01110226.JPG,moved
CT_20,C:\Users\USUARIO\Desktop\BP Mayo 2026\SynologyDrive\CT_20\101EK113\01110227.JPG,C:\Users\USUARIO\Desktop\BP Mayo 2026\SynologyDrive\CT_20\01110227.JPG,moved
CT_20,C:\Users\USUARIO\Desktop\BP Mayo 2026\SynologyDrive\CT_20\101EK113\01110228.JPG,C:\Users\USUARIO\Desktop\BP Mayo 2026\SynologyDrive\CT_20\01110228.JPG,moved
CT_20,C:\Users\USUARIO\Desktop\BP Mayo 2026\SynologyDrive\CT_20\101EK113\01110229.MOV,C:\Users\USUARIO\Desktop\BP Mayo 2026\SynologyDrive\CT_20\01110229.MOV,moved
CT_20,C:\Users\USUARIO\Desktop\BP Mayo 2026\SynologyDrive\CT_20\101EK113\01110230.JPG,C:\Users\USUARIO\Desktop\BP Mayo 2026\SynologyDrive\CT_20\01110230.JPG,moved
CT_20,C:\Users\USUARIO\Desktop\BP Mayo 2026\SynologyDrive\CT_20\101EK113\01110231.JPG,C:\Users\USUARIO\Desktop\BP Mayo 2026\SynologyDrive\CT_20\01110231.JPG,moved
CT_20,C:\Users\USUARIO\Desktop\BP Mayo 2026\SynologyDrive\CT_20\101EK113\01110232.JPG,C:\Users\USUARIO\Desktop\BP Mayo 2026\SynologyDrive\CT_20\01110232.JPG,moved
CT_20,C:\Users\USUARIO\Desktop\BP Mayo 2026\SynologyDrive\CT_20\101EK113\01110233.MOV,C:\Users\USUARIO\Desktop\BP Mayo 2026\SynologyDrive\CT_20\01110233.MOV,moved
CT_20,C:\Users\USUARIO\Desktop\BP Mayo 2026\SynologyDrive\CT_20\101EK113\01110234.JPG,C:\Users\USUARIO\Desktop\BP Mayo 2026\SynologyDrive\CT_20\01110234.JPG,moved
CT_20,C:\Users\USUARIO\Desktop\BP Mayo 2026\SynologyDrive\CT_20\101EK113\01110235.JPG,C:\Users\USUARIO\Desktop\BP Mayo 2026\SynologyDrive\CT_20\01110235.JPG,moved
CT_20,C:\Users\USUARIO\Desktop\BP Mayo 2026\SynologyDrive\CT_20\101EK113\01110236.JPG,C:\Users\USUARIO\Desktop\BP Mayo 2026\SynologyDrive\CT_20\01110236.JPG,moved
CT_20,C:\Users\USUARIO\Desktop\BP Mayo 2026\SynologyDrive\CT_20\101EK113\01110237.MOV,C:\Users\USUARIO\Desktop\BP Mayo 2026\SynologyDrive\CT_20\01110237.MOV,moved
CT_20,C:\Users\USUARIO\Desktop\BP Mayo 2026\SynologyDrive\CT_20\101EK113\01110238.JPG,C:\Users\USUARIO\Desktop\BP Mayo 2026\SynologyDrive\CT_20\01110238.JPG,moved
CT_20,C:\Users\USUARIO\Desktop\BP Mayo 2026\SynologyDrive\CT_20\101EK113\01110239.JPG,C:\Users\USUARIO\Desktop\BP Mayo 2026\SynologyDrive\CT_20\01110239.JPG,moved
CT_20,C:\Users\USUARIO\Desktop\BP Mayo 2026\SynologyDrive\CT_20\101EK113\01110240.JPG,C:\Users\USUARIO\Desktop\BP Mayo 2026\SynologyDrive\CT_20\01110240.JPG,moved
CT_20,C:\Users\USUARIO\Desktop\BP Mayo 2026\SynologyDrive\CT_20\101EK113\01110241.MOV,C:\Users\USUARIO\Desktop\BP Mayo 2026\SynologyDrive\CT_20\01110241.MOV,moved
CT_20,C:\Users\USUARIO\Desktop\BP Mayo 2026\SynologyDrive\CT_20\101EK113\01110242.JPG,C:\Users\USUARIO\Desktop\BP Mayo 2026\SynologyDrive\CT_20\01110242.JPG,moved
CT_20,C:\Users\USUARIO\Desktop\BP Mayo 2026\SynologyDrive\CT_20\101EK113\01110243.JPG,C:\Users\USUARIO\Desktop\BP Mayo 2026\SynologyDrive\CT_20\01110243.JPG,moved
CT_20,C:\Users\USUARIO\Desktop\BP Mayo 2026\SynologyDrive\CT_20\101EK113\01110244.JPG,C:\Users\USUARIO\Desktop\BP Mayo 2026\SynologyDrive\CT_20\01110244.JPG,moved
CT_20,C:\Users\USUARIO\Desktop\BP Mayo 2026\SynologyDrive\CT_20\101EK113\01110245.MOV,C:\Users\USUARIO\Desktop\BP Mayo 2026\SynologyDrive\CT_20\01110245.MOV,moved
CT_20,C:\Users\USUARIO\Desktop\BP Mayo 2026\SynologyDrive\CT_20\101EK113\01110246.JPG,C:\Users\USUARIO\Desktop\BP Mayo 2026\SynologyDrive\CT_20\01110246.JPG,moved
CT_20,C:\Users\USUARIO\Desktop\BP Mayo 2026\SynologyDrive\CT_20\101EK113\01110247.JPG,C:\Users\USUARIO\Desktop\BP Mayo 2026\SynologyDrive\CT_20\01110247.JPG,moved
CT_20,C:\Users\USUARIO\Desktop\BP Mayo 2026\SynologyDrive\CT_20\101EK113\01110248.JPG,C:\Users\USUARIO\Desktop\BP Mayo 2026\SynologyDrive\CT_20\01110248.JPG,moved
CT_20,C:\Users\USUARIO\Desktop\BP Mayo 2026\SynologyDrive\CT_20\101EK113\01110249.MOV,C:\Users\USUARIO\Desktop\BP Mayo 2026\SynologyDrive\CT_20\01110249.MOV,moved
CT_20,C:\Users\USUARIO\Desktop\BP Mayo 2026\SynologyDrive\CT_20\101EK113\01120250.JPG,C:\Users\USUARIO\Desktop\BP Mayo 2026\SynologyDrive\CT_20\01120250.JPG,moved
CT_20,C:\Users\USUARIO\Desktop\BP Mayo 2026\SynologyDrive\CT_20\101EK113\01120251.JPG,C:\Users\USUARIO\Desktop\BP Mayo 2026\SynologyDrive\CT_20\01120251.JPG,moved
CT_20,C:\Users\USUARIO\Desktop\BP Mayo 2026\SynologyDrive\CT_20\101EK113\01120252.JPG,C:\Users\USUARIO\Desktop\BP Mayo 2026\SynologyDrive\CT_20\01120252.JPG,moved
CT_20,C:\Users\USUARIO\Desktop\BP Mayo 2026\SynologyDrive\CT_20\101EK113\01120253.MOV,C:\Users\USUARIO\Desktop\BP Mayo 2026\SynologyDrive\CT_20\01120253.MOV,moved
CT_20,C:\Users\USUARIO\Desktop\BP Mayo 2026\SynologyDrive\CT_20\101EK113\01120254.JPG,C:\Users\USUARIO\Desktop\BP Mayo 2026\SynologyDrive\CT_20\01120254.JPG,moved
CT_20,C:\Users\USUARIO\Desktop\BP Mayo 2026\SynologyDrive\CT_20\101EK113\01120255.JPG,C:\Users\USUARIO\Desktop\BP Mayo 2026\SynologyDrive\CT_20\01120255.JPG,moved
CT_20,C:\Users\USUARIO\Desktop\BP Mayo 2026\SynologyDrive\CT_20\101EK113\01120256.JPG,C:\Users\USUARIO\Desktop\BP Mayo 2026\SynologyDrive\CT_20\01120256.JPG,moved
CT_20,C:\Users\USUARIO\Desktop\BP Mayo 2026\SynologyDrive\CT_20\101EK113\01120257.MOV,C:\Users\USUARIO\Desktop\BP Mayo 2026\SynologyDrive\CT_20\01120257.MOV,moved
CT_20,C:\Users\USUARIO\Desktop\BP Mayo 2026\SynologyDrive\CT_20\101EK113\01120258.JPG,C:\Users\USUARIO\Desktop\BP Mayo 2026\SynologyDrive\CT_20\01120258.JPG,moved
CT_20,C:\Users\USUARIO\Desktop\BP Mayo 2026\SynologyDrive\CT_20\101EK113\01120259.JPG,C:\Users\USUARIO\Desktop\BP Mayo 2026\SynologyDrive\CT_20\01120259.JPG,moved
CT_20,C:\Users\USUARIO\Desktop\BP Mayo 2026\SynologyDrive\CT_20\101EK113\01120260.JPG,C:\Users\USUARIO\Desktop\BP Mayo 2026\SynologyDrive\CT_20\01120260.JPG,moved
CT_20,C:\Users\USUARIO\Desktop\BP Mayo 2026\SynologyDrive\CT_20\101EK113\01120261.MOV,C:\Users\USUARIO\Desktop\BP Mayo 2026\SynologyDrive\CT_20\01120261.MOV,moved
CT_20,C:\Users\USUARIO\Desktop\BP Mayo 2026\SynologyDrive\CT_20\101EK113\01120262.JPG,C:\Users\USUARIO\Desktop\BP Mayo 2026\SynologyDrive\CT_20\01120262.JPG,moved
CT_20,C:\Users\USUARIO\Desktop\BP Mayo 2026\SynologyDrive\CT_20\101EK113\01120263.JPG,C:\Users\USUARIO\Desktop\BP Mayo 2026\SynologyDrive\CT_20\01120263.JPG,moved
CT_20,C:\Users\USUARIO\Desktop\BP Mayo 2026\SynologyDrive\CT_20\101EK113\01120264.JPG,C:\Users\USUARIO\Desktop\BP Mayo 2026\SynologyDrive\CT_20\01120264.JPG,moved
CT_20,C:\Users\USUARIO\Desktop\BP Mayo 2026\SynologyDrive\CT_20\101EK113\01120265.MOV,C:\Users\USUARIO\Desktop\BP Mayo 2026\SynologyDrive\CT_20\01120265.MOV,moved
CT_20,C:\Users\USUARIO\Desktop\BP Mayo 2026\SynologyDrive\CT_20\101EK113\01120266.JPG,C:\Users\USUARIO\Desktop\BP Mayo 2026\SynologyDrive\CT_20\01120266.JPG,moved
CT_20,C:\Users\USUARIO\Desktop\BP Mayo 2026\SynologyDrive\CT_20\101EK113\01120267.JPG,C:\Users\USUARIO\Desktop\BP Mayo 2026\SynologyDrive\CT_20\01120267.JPG,moved
CT_20,C:\Users\USUARIO\Desktop\BP Mayo 2026\SynologyDrive\CT_20\101EK113\01120268.JPG,C:\Users\USUARIO\Desktop\BP Mayo 2026\SynologyDrive\CT_20\01120268.JPG,moved
CT_20,C:\Users\USUARIO\Desktop\BP Mayo 2026\SynologyDrive\CT_20\101EK113\01120269.MOV,C:\Users\USUARIO\Desktop\BP Mayo 2026\SynologyDrive\CT_20\01120269.MOV,moved
CT_20,C:\Users\USUARIO\Desktop\BP Mayo 2026\SynologyDrive\CT_20\101EK113\01120270.JPG,C:\Users\USUARIO\Desktop\BP Mayo 2026\SynologyDrive\CT_20\01120270.JPG,moved
CT_20,C:\Users\USUARIO\Desktop\BP Mayo 2026\SynologyDrive\CT_20\101EK113\01120271.JPG,C:\Users\USUARIO\Desktop\BP Mayo 2026\SynologyDrive\CT_20\01120271.JPG,moved
CT_20,C:\Users\USUARIO\Desktop\BP Mayo 2026\SynologyDrive\CT_20\101EK113\01120272.JPG,C:\Users\USUARIO\Desktop\BP Mayo 2026\SynologyDrive\CT_20\01120272.JPG,moved
CT_20,C:\Users\USUARIO\Desktop\BP Mayo 2026\SynologyDrive\CT_20\101EK113\01120273.MOV,C:\Users\USUARIO\Desktop\BP Mayo 2026\SynologyDrive\CT_20\01120273.MOV,moved
CT_20,C:\Users\USUARIO\Desktop\BP Mayo 2026\SynologyDrive\CT_20\101EK113\01120274.JPG,C:\Users\USUARIO\Desktop\BP Mayo 2026\SynologyDrive\CT_20\01120274.JPG,moved
CT_20,C:\Users\USUARIO\Desktop\BP Mayo 2026\SynologyDrive\CT_20\101EK113\01120275.JPG,C:\Users\USUARIO\Desktop\BP Mayo 2026\SynologyDrive\CT_20\01120275.JPG,moved
CT_20,C:\Users\USUARIO\Desktop\BP Mayo 2026\SynologyDrive\CT_20\101EK113\01120276.JPG,C:\Users\USUARIO\Desktop\BP Mayo 2026\SynologyDrive\CT_20\01120276.JPG,moved
CT_20,C:\Users\USUARIO\Desktop\BP Mayo 2026\SynologyDrive\CT_20\101EK113\01120277.MOV,C:\Users\USUARIO\Desktop\BP Mayo 2026\SynologyDrive\CT_20\01120277.MOV,moved
CT_20,C:\Users\USUARIO\Desktop\BP Mayo 2026\SynologyDrive\CT_20\101EK113\01130278.JPG,C:\Users\USUARIO\Desktop\BP Mayo 2026\SynologyDrive\CT_20\01130278.JPG,moved
CT_20,C:\Users\USUARIO\Desktop\BP Mayo 2026\SynologyDrive\CT_20\101EK113\01130279.JPG,C:\Users\USUARIO\Desktop\BP Mayo 2026\SynologyDrive\CT_20\01130279.JPG,moved
CT_20,C:\Users\USUARIO\Desktop\BP Mayo 2026\SynologyDrive\CT_20\101EK113\01130280.JPG,C:\Users\USUARIO\Desktop\BP Mayo 2026\SynologyDrive\CT_20\01130280.JPG,moved
CT_20,C:\Users\USUARIO\Desktop\BP Mayo 2026\SynologyDrive\CT_20\101EK113\01130281.MOV,C:\Users\USUARIO\Desktop\BP Mayo 2026\SynologyDrive\CT_20\01130281.MOV,moved
CT_20,C:\Users\USUARIO\Desktop\BP Mayo 2026\SynologyDrive\CT_20\101EK113\01130282.JPG,C:\Users\USUARIO\Desktop\BP Mayo 2026\SynologyDrive\CT_20\01130282.JPG,moved
CT_20,C:\Users\USUARIO\Desktop\BP Mayo 2026\SynologyDrive\CT_20\101EK113\01130283.JPG,C:\Users\USUARIO\Desktop\BP Mayo 2026\SynologyDrive\CT_20\01130283.JPG,moved
CT_20,C:\Users\USUARIO\Desktop\BP Mayo 2026\SynologyDrive\CT_20\101EK113\01130284.JPG,C:\Users\USUARIO\Desktop\BP Mayo 2026\SynologyDrive\CT_20\01130284.JPG,moved
CT_20,C:\Users\USUARIO\Desktop\BP Mayo 2026\SynologyDrive\CT_20\101EK113\01130285.MOV,C:\Users\USUARIO\Desktop\BP Mayo 2026\SynologyDrive\CT_20\01130285.MOV,moved
CT_20,C:\Users\USUARIO\Desktop\BP Mayo 2026\SynologyDrive\CT_20\101EK113\01130286.JPG,C:\Users\USUARIO\Desktop\BP Mayo 2026\SynologyDrive\CT_20\01130286.JPG,moved
CT_20,C:\Users\USUARIO\Desktop\BP Mayo 2026\SynologyDrive\CT_20\101EK113\01130287.JPG,C:\Users\USUARIO\Desktop\BP Mayo 2026\SynologyDrive\CT_20\01130287.JPG,moved
CT_20,C:\Users\USUARIO\Desktop\BP Mayo 2026\SynologyDrive\CT_20\101EK113\01130288.JPG,C:\Users\USUARIO\Desktop\BP Mayo 2026\SynologyDrive\CT_20\01130288.JPG,moved
CT_20,C:\Users\USUARIO\Desktop\BP Mayo 2026\SynologyDrive\CT_20\101EK113\01130289.MOV,C:\Users\USUARIO\Desktop\BP Mayo 2026\SynologyDrive\CT_20\01130289.MOV,moved
CT_20,C:\Users\USUARIO\Desktop\BP Mayo 2026\SynologyDrive\CT_20\101EK113\01130290.JPG,C:\Users\USUARIO\Desktop\BP Mayo 2026\SynologyDrive\CT_20\01130290.JPG,moved
CT_20,C:\Users\USUARIO\Desktop\BP Mayo 2026\SynologyDrive\CT_20\101EK113\01130291.JPG,C:\Users\USUARIO\Desktop\BP Mayo 2026\SynologyDrive\CT_20\01130291.JPG,moved
CT_20,C:\Users\USUARIO\Desktop\BP Mayo 2026\SynologyDrive\CT_20\101EK113\01130292.JPG,C:\Users\USUARIO\Desktop\BP Mayo 2026\SynologyDrive\CT_20\01130292.JPG,moved
CT_20,C:\Users\USUARIO\Desktop\BP Mayo 2026\SynologyDrive\CT_20\101EK113\01130293.MOV,C:\Users\USUARIO\Desktop\BP Mayo 2026\SynologyDrive\CT_20\01130293.MOV,moved
CT_20,C:\Users\USUARIO\Desktop\BP Mayo 2026\SynologyDrive\CT_20\101EK113\01130294.JPG,C:\Users\USUARIO\Desktop\BP Mayo 2026\SynologyDrive\CT_20\01130294.JPG,moved
CT_20,C:\Users\USUARIO\Desktop\BP Mayo 2026\SynologyDrive\CT_20\101EK113\01130295.JPG,C:\Users\USUARIO\Desktop\BP Mayo 2026\SynologyDrive\CT_20\01130295.JPG,moved
CT_20,C:\Users\USUARIO\Desktop\BP Mayo 2026\SynologyDrive\CT_20\101EK113\01130296.JPG,C:\Users\USUARIO\Desktop\BP Mayo 2026\SynologyDrive\CT_20\01130296.JPG,moved
CT_20,C:\Users\USUARIO\Desktop\BP Mayo 2026\SynologyDrive\CT_20\101EK113\01130297.MOV,C:\Users\USUARIO\Desktop\BP Mayo 2026\SynologyDrive\CT_20\01130297.MOV,moved
CT_20,C:\Users\USUARIO\Desktop\BP Mayo 2026\SynologyDrive\CT_20\101EK113\01130298.JPG,C:\Users\USUARIO\Desktop\BP Mayo 2026\SynologyDrive\CT_20\01130298.JPG,moved
CT_20,C:\Users\USUARIO\Desktop\BP Mayo 2026\SynologyDrive\CT_20\101EK113\01130299.JPG,C:\Users\USUARIO\Desktop\BP Mayo 2026\SynologyDrive\CT_20\01130299.JPG,moved
CT_20,C:\Users\USUARIO\Desktop\BP Mayo 2026\SynologyDrive\CT_20\101EK113\01130300.JPG,C:\Users\USUARIO\Desktop\BP Mayo 2026\SynologyDrive\CT_20\01130300.JPG,moved
CT_20,C:\Users\USUARIO\Desktop\BP Mayo 2026\SynologyDrive\CT_20\101EK113\01130301.MOV,C:\Users\USUARIO\Desktop\BP Mayo 2026\SynologyDrive\CT_20\01130301.MOV,moved
CT_20,C:\Users\USUARIO\Desktop\BP Mayo 2026\SynologyDrive\CT_20\101EK113\01130302.JPG,C:\Users\USUARIO\Desktop\BP Mayo 2026\SynologyDrive\CT_20\01130302.JPG,moved
CT_20,C:\Users\USUARIO\Desktop\BP Mayo 2026\SynologyDrive\CT_20\101EK113\01130303.JPG,C:\Users\USUARIO\Desktop\BP Mayo 2026\SynologyDrive\CT_20\01130303.JPG,moved
CT_20,C:\Users\USUARIO\Desktop\BP Mayo 2026\SynologyDrive\CT_20\101EK113\01130304.JPG,C:\Users\USUARIO\Desktop\BP Mayo 2026\SynologyDrive\CT_20\01130304.JPG,moved
CT_20,C:\Users\USUARIO\Desktop\BP Mayo 2026\SynologyDrive\CT_20\101EK113\01130305.MOV,C:\Users\USUARIO\Desktop\BP Mayo 2026\SynologyDrive\CT_20\01130305.MOV,moved
CT_20,C:\Users\USUARIO\Desktop\BP Mayo 2026\SynologyDrive\CT_20\101EK113\01130306.JPG,C:\Users\USUARIO\Desktop\BP Mayo 2026\SynologyDrive\CT_20\01130306.JPG,moved
CT_20,C:\Users\USUARIO\Desktop\BP Mayo 2026\SynologyDrive\CT_20\101EK113\01130307.JPG,C:\Users\USUARIO\Desktop\BP Mayo 2026\SynologyDrive\CT_20\01130307.JPG,moved
CT_20,C:\Users\USUARIO\Desktop\BP Mayo 2026\SynologyDrive\CT_20\101EK113\01130308.JPG,C:\Users\USUARIO\Desktop\BP Mayo 2026\SynologyDrive\CT_20\01130308.JPG,moved
CT_20,C:\Users\USUARIO\Desktop\BP Mayo 2026\SynologyDrive\CT_20\101EK113\01130309.MOV,C:\Users\USUARIO\Desktop\BP Mayo 2026\SynologyDrive\CT_20\01130309.MOV,moved
CT_20,C:\Users\USUARIO\Desktop\BP Mayo 2026\SynologyDrive\CT_20\101EK113\01130310.JPG,C:\Users\USUARIO\Desktop\BP Mayo 2026\SynologyDrive\CT_20\01130310.JPG,moved
CT_20,C:\Users\USUARIO\Desktop\BP Mayo 2026\SynologyDrive\CT_20\101EK113\01130311.JPG,C:\Users\USUARIO\Desktop\BP Mayo 2026\SynologyDrive\CT_20\01130311.JPG,moved
CT_20,C:\Users\USUARIO\Desktop\BP Mayo 2026\SynologyDrive\CT_20\101EK113\01130312.JPG,C:\Users\USUARIO\Desktop\BP Mayo 2026\SynologyDrive\CT_20\01130312.JPG,moved
CT_20,C:\Users\USUARIO\Desktop\BP Mayo 2026\SynologyDrive\CT_20\101EK113\01130313.MOV,C:\Users\USUARIO\Desktop\BP Mayo 2026\SynologyDrive\CT_20\01130313.MOV,moved
CT_20,C:\Users\USUARIO\Desktop\BP Mayo 2026\SynologyDrive\CT_20\101EK113\01130314.JPG,C:\Users\USUARIO\Desktop\BP Mayo 2026\SynologyDrive\CT_20\01130314.JPG,moved
CT_20,C:\Users\USUARIO\Desktop\BP Mayo 2026\SynologyDrive\CT_20\101EK113\01130315.JPG,C:\Users\USUARIO\Desktop\BP Mayo 2026\SynologyDrive\CT_20\01130315.JPG,moved
CT_20,C:\Users\USUARIO\Desktop\BP Mayo 2026\SynologyDrive\CT_20\101EK113\01130316.JPG,C:\Users\USUARIO\Desktop\BP Mayo 2026\SynologyDrive\CT_20\01130316.JPG,moved
CT_20,C:\Users\USUARIO\Desktop\BP Mayo 2026\SynologyDrive\CT_20\101EK113\01130317.MOV,C:\Users\USUARIO\Desktop\BP Mayo 2026\SynologyDrive\CT_20\01130317.MOV,moved
CT_20,C:\Users\USUARIO\Desktop\BP Mayo 2026\SynologyDrive\CT_20\101EK113\01130318.JPG,C:\Users\USUARIO\Desktop\BP Mayo 2026\SynologyDrive\CT_20\01130318.JPG,moved
CT_20,C:\Users\USUARIO\Desktop\BP Mayo 2026\SynologyDrive\CT_20\101EK113\01130319.JPG,C:\Users\USUARIO\Desktop\BP Mayo 2026\SynologyDrive\CT_20\01130319.JPG,moved
CT_20,C:\Users\USUARIO\Desktop\BP Mayo 2026\SynologyDrive\CT_20\101EK113\01130320.JPG,C:\Users\USUARIO\Desktop\BP Mayo 2026\SynologyDrive\CT_20\01130320.JPG,moved
CT_20,C:\Users\USUARIO\Desktop\BP Mayo 2026\SynologyDrive\CT_20\101EK113\01130321.MOV,C:\Users\USUARIO\Desktop\BP Mayo 2026\SynologyDrive\CT_20\01130321.MOV,moved
CT_20,C:\Users\USUARIO\Desktop\BP Mayo 2026\SynologyDrive\CT_20\101EK113\01140322.JPG,C:\Users\USUARIO\Desktop\BP Mayo 2026\SynologyDrive\CT_20\01140322.JPG,moved
CT_20,C:\Users\USUARIO\Desktop\BP Mayo 2026\SynologyDrive\CT_20\101EK113\01140323.JPG,C:\Users\USUARIO\Desktop\BP Mayo 2026\SynologyDrive\CT_20\01140323.JPG,moved
CT_20,C:\Users\USUARIO\Desktop\BP Mayo 2026\SynologyDrive\CT_20\101EK113\01140324.JPG,C:\Users\USUARIO\Desktop\BP Mayo 2026\SynologyDrive\CT_20\01140324.JPG,moved
CT_20,C:\Users\USUARIO\Desktop\BP Mayo 2026\SynologyDrive\CT_20\101EK113\01140325.MOV,C:\Users\USUARIO\Desktop\BP Mayo 2026\SynologyDrive\CT_20\01140325.MOV,moved
CT_20,C:\Users\USUARIO\Desktop\BP Mayo 2026\SynologyDrive\CT_20\101EK113\01140326.JPG,C:\Users\USUARIO\Desktop\BP Mayo 2026\SynologyDrive\CT_20\01140326.JPG,moved
CT_20,C:\Users\USUARIO\Desktop\BP Mayo 2026\SynologyDrive\CT_20\101EK113\01140327.JPG,C:\Users\USUARIO\Desktop\BP Mayo 2026\SynologyDrive\CT_20\01140327.JPG,moved
CT_20,C:\Users\USUARIO\Desktop\BP Mayo 2026\SynologyDrive\CT_20\101EK113\01140328.JPG,C:\Users\USUARIO\Desktop\BP Mayo 2026\SynologyDrive\CT_20\01140328.JPG,moved
CT_20,C:\Users\USUARIO\Desktop\BP Mayo 2026\SynologyDrive\CT_20\101EK113\01140329.MOV,C:\Users\USUARIO\Desktop\BP Mayo 2026\SynologyDrive\CT_20\01140329.MOV,moved
CT_20,C:\Users\USUARIO\Desktop\BP Mayo 2026\SynologyDrive\CT_20\101EK113\01140330.JPG,C:\Users\USUARIO\Desktop\BP Mayo 2026\SynologyDrive\CT_20\01140330.JPG,moved
CT_20,C:\Users\USUARIO\Desktop\BP Mayo 2026\SynologyDrive\CT_20\101EK113\01140331.JPG,C:\Users\USUARIO\Desktop\BP Mayo 2026\SynologyDrive\CT_20\01140331.JPG,moved
CT_20,C:\Users\USUARIO\Desktop\BP Mayo 2026\SynologyDrive\CT_20\101EK113\01140332.JPG,C:\Users\USUARIO\Desktop\BP Mayo 2026\SynologyDrive\CT_20\01140332.JPG,moved
CT_20,C:\Users\USUARIO\Desktop\BP Mayo 2026\SynologyDrive\CT_20\101EK113\01140333.MOV,C:\Users\USUARIO\Desktop\BP Mayo 2026\SynologyDrive\CT_20\01140333.MOV,moved
CT_20,C:\Users\USUARIO\Desktop\BP Mayo 2026\SynologyDrive\CT_20\101EK113\01140334.JPG,C:\Users\USUARIO\Desktop\BP Mayo 2026\SynologyDrive\CT_20\01140334.JPG,moved
CT_20,C:\Users\USUARIO\Desktop\BP Mayo 2026\SynologyDrive\CT_20\101EK113\01140335.JPG,C:\Users\USUARIO\Desktop\BP Mayo 2026\SynologyDrive\CT_20\01140335.JPG,moved
CT_20,C:\Users\USUARIO\Desktop\BP Mayo 2026\SynologyDrive\CT_20\101EK113\01140336.JPG,C:\Users\USUARIO\Desktop\BP Mayo 2026\SynologyDrive\CT_20\01140336.JPG,moved
CT_20,C:\Users\USUARIO\Desktop\BP Mayo 2026\SynologyDrive\CT_20\101EK113\01140337.MOV,C:\Users\USUARIO\Desktop\BP Mayo 2026\SynologyDrive\CT_20\01140337.MOV,moved
CT_20,C:\Users\USUARIO\Desktop\BP Mayo 2026\SynologyDrive\CT_20\101EK113\01140338.JPG,C:\Users\USUARIO\Desktop\BP Mayo 2026\SynologyDrive\CT_20\01140338.JPG,moved
CT_20,C:\Users\USUARIO\Desktop\BP Mayo 2026\SynologyDrive\CT_20\101EK113\01140339.JPG,C:\Users\USUARIO\Desktop\BP Mayo 2026\SynologyDrive\CT_20\01140339.JPG,moved
CT_20,C:\Users\USUARIO\Desktop\BP Mayo 2026\SynologyDrive\CT_20\101EK113\01140340.JPG,C:\Users\USUARIO\Desktop\BP Mayo 2026\SynologyDrive\CT_20\01140340.JPG,moved
CT_20,C:\Users\USUARIO\Desktop\BP Mayo 2026\SynologyDrive\CT_20\101EK113\01140341.MOV,C:\Users\USUARIO\Desktop\BP Mayo 2026\SynologyDrive\CT_20\01140341.MOV,moved
CT_20,C:\Users\USUARIO\Desktop\BP Mayo 2026\SynologyDrive\CT_20\101EK113\01140342.JPG,C:\Users\USUARIO\Desktop\BP Mayo 2026\SynologyDrive\CT_20\01140342.JPG,moved
CT_20,C:\Users\USUARIO\Desktop\BP Mayo 2026\SynologyDrive\CT_20\101EK113\01140343.JPG,C:\Users\USUARIO\Desktop\BP Mayo 2026\SynologyDrive\CT_20\01140343.JPG,moved
CT_20,C:\Users\USUARIO\Desktop\BP Mayo 2026\SynologyDrive\CT_20\101EK113\01140344.JPG,C:\Users\USUARIO\Desktop\BP Mayo 2026\SynologyDrive\CT_20\01140344.JPG,moved
CT_20,C:\Users\USUARIO\Desktop\BP Mayo 2026\SynologyDrive\CT_20\101EK113\01140345.MOV,C:\Users\USUARIO\Desktop\BP Mayo 2026\SynologyDrive\CT_20\01140345.MOV,moved
CT_20,C:\Users\USUARIO\Desktop\BP Mayo 2026\SynologyDrive\CT_20\101EK113\01140346.JPG,C:\Users\USUARIO\Desktop\BP Mayo 2026\SynologyDrive\CT_20\01140346.JPG,moved
CT_20,C:\Users\USUARIO\Desktop\BP Mayo 2026\SynologyDrive\CT_20\101EK113\01140347.JPG,C:\Users\USUARIO\Desktop\BP Mayo 2026\SynologyDrive\CT_20\01140347.JPG,moved
CT_20,C:\Users\USUARIO\Desktop\BP Mayo 2026\SynologyDrive\CT_20\101EK113\01140348.JPG,C:\Users\USUARIO\Desktop\BP Mayo 2026\SynologyDrive\CT_20\01140348.JPG,moved
CT_20,C:\Users\USUARIO\Desktop\BP Mayo 2026\SynologyDrive\CT_20\101EK113\01140349.MOV,C:\Users\USUARIO\Desktop\BP Mayo 2026\SynologyDrive\CT_20\01140349.MOV,moved
CT_20,C:\Users\USUARIO\Desktop\BP Mayo 2026\SynologyDrive\CT_20\101EK113\01140350.JPG,C:\Users\USUARIO\Desktop\BP Mayo 2026\SynologyDrive\CT_20\01140350.JPG,moved
CT_20,C:\Users\USUARIO\Desktop\BP Mayo 2026\SynologyDrive\CT_20\101EK113\01140351.JPG,C:\Users\USUARIO\Desktop\BP Mayo 2026\SynologyDrive\CT_20\01140351.JPG,moved
CT_20,C:\Users\USUARIO\Desktop\BP Mayo 2026\SynologyDrive\CT_20\101EK113\01140352.JPG,C:\Users\USUARIO\Desktop\BP Mayo 2026\SynologyDrive\CT_20\01140352.JPG,moved
CT_20,C:\Users\USUARIO\Desktop\BP Mayo 2026\SynologyDrive\CT_20\101EK113\01140353.MOV,C:\Users\USUARIO\Desktop\BP Mayo 2026\SynologyDrive\CT_20\01140353.MOV,moved
CT_20,C:\Users\USUARIO\Desktop\BP Mayo 2026\SynologyDrive\CT_20\101EK113\01140354.JPG,C:\Users\USUARIO\Desktop\BP Mayo 2026\SynologyDrive\CT_20\01140354.JPG,moved
CT_20,C:\Users\USUARIO\Desktop\BP Mayo 2026\SynologyDrive\CT_20\101EK113\01140355.JPG,C:\Users\USUARIO\Desktop\BP Mayo 2026\SynologyDrive\CT_20\01140355.JPG,moved
CT_20,C:\Users\USUARIO\Desktop\BP Mayo 2026\SynologyDrive\CT_20\101EK113\01140356.JPG,C:\Users\USUARIO\Desktop\BP Mayo 2026\SynologyDrive\CT_20\01140356.JPG,moved
CT_20,C:\Users\USUARIO\Desktop\BP Mayo 2026\SynologyDrive\CT_20\101EK113\01140357.MOV,C:\Users\USUARIO\Desktop\BP Mayo 2026\SynologyDrive\CT_20\01140357.MOV,moved
CT_20,C:\Users\USUARIO\Desktop\BP Mayo 2026\SynologyDrive\CT_20\101EK113\01140358.JPG,C:\Users\USUARIO\Desktop\BP Mayo 2026\SynologyDrive\CT_20\01140358.JPG,moved
CT_20,C:\Users\USUARIO\Desktop\BP Mayo 2026\SynologyDrive\CT_20\101EK113\01140359.JPG,C:\Users\USUARIO\Desktop\BP Mayo 2026\SynologyDrive\CT_20\01140359.JPG,moved
CT_20,C:\Users\USUARIO\Desktop\BP Mayo 2026\SynologyDrive\CT_20\101EK113\01140360.JPG,C:\Users\USUARIO\Desktop\BP Mayo 2026\SynologyDrive\CT_20\01140360.JPG,moved
CT_20,C:\Users\USUARIO\Desktop\BP Mayo 2026\SynologyDrive\CT_20\101EK113\01140361.MOV,C:\Users\USUARIO\Desktop\BP Mayo 2026\SynologyDrive\CT_20\01140361.MOV,moved
CT_20,C:\Users\USUARIO\Desktop\BP Mayo 2026\SynologyDrive\CT_20\101EK113\01140362.JPG,C:\Users\USUARIO\Desktop\BP Mayo 2026\SynologyDrive\CT_20\01140362.JPG,moved
CT_20,C:\Users\USUARIO\Desktop\BP Mayo 2026\SynologyDrive\CT_20\101EK113\01140363.JPG,C:\Users\USUARIO\Desktop\BP Mayo 2026\SynologyDrive\CT_20\01140363.JPG,moved
CT_20,C:\Users\USUARIO\Desktop\BP Mayo 2026\SynologyDrive\CT_20\101EK113\01140364.JPG,C:\Users\USUARIO\Desktop\BP Mayo 2026\SynologyDrive\CT_20\01140364.JPG,moved
CT_20,C:\Users\USUARIO\Desktop\BP Mayo 2026\SynologyDrive\CT_20\101EK113\01140365.MOV,C:\Users\USUARIO\Desktop\BP Mayo 2026\SynologyDrive\CT_20\01140365.MOV,moved
CT_20,C:\Users\USUARIO\Desktop\BP Mayo 2026\SynologyDrive\CT_20\101EK113\01140366.JPG,C:\Users\USUARIO\Desktop\BP Mayo 2026\SynologyDrive\CT_20\01140366.JPG,moved
CT_20,C:\Users\USUARIO\Desktop\BP Mayo 2026\SynologyDrive\CT_20\101EK113\01140367.JPG,C:\Users\USUARIO\Desktop\BP Mayo 2026\SynologyDrive\CT_20\01140367.JPG,moved
CT_20,C:\Users\USUARIO\Desktop\BP Mayo 2026\SynologyDrive\CT_20\101EK113\01140368.JPG,C:\Users\USUARIO\Desktop\BP Mayo 2026\SynologyDrive\CT_20\01140368.JPG,moved
CT_20,C:\Users\USUARIO\Desktop\BP Mayo 2026\SynologyDrive\CT_20\101EK113\01140369.MOV,C:\Users\USUARIO\Desktop\BP Mayo 2026\SynologyDrive\CT_20\01140369.MOV,moved
CT_20,C:\Users\USUARIO\Desktop\BP Mayo 2026\SynologyDrive\CT_20\101EK113\01140370.JPG,C:\Users\USUARIO\Desktop\BP Mayo 2026\SynologyDrive\CT_20\01140370.JPG,moved
CT_20,C:\Users\USUARIO\Desktop\BP Mayo 2026\SynologyDrive\CT_20\101EK113\01140371.JPG,C:\Users\USUARIO\Desktop\BP Mayo 2026\SynologyDrive\CT_20\01140371.JPG,moved
CT_20,C:\Users\USUARIO\Desktop\BP Mayo 2026\SynologyDrive\CT_20\101EK113\01140372.JPG,C:\Users\USUARIO\Desktop\BP Mayo 2026\SynologyDrive\CT_20\01140372.JPG,moved
CT_20,C:\Users\USUARIO\Desktop\BP Mayo 2026\SynologyDrive\CT_20\101EK113\01140373.MOV,C:\Users\USUARIO\Desktop\BP Mayo 2026\SynologyDrive\CT_20\01140373.MOV,moved
CT_20,C:\Users\USUARIO\Desktop\BP Mayo 2026\SynologyDrive\CT_20\101EK113\01140374.JPG,C:\Users\USUARIO\Desktop\BP Mayo 2026\SynologyDrive\CT_20\01140374.JPG,moved
CT_20,C:\Users\USUARIO\Desktop\BP Mayo 2026\SynologyDrive\CT_20\101EK113\01140375.JPG,C:\Users\USUARIO\Desktop\BP Mayo 2026\SynologyDrive\CT_20\01140375.JPG,moved
CT_20,C:\Users\USUARIO\Desktop\BP Mayo 2026\SynologyDrive\CT_20\101EK113\01140376.JPG,C:\Users\USUARIO\Desktop\BP Mayo 2026\SynologyDrive\CT_20\01140376.JPG,moved
CT_20,C:\Users\USUARIO\Desktop\BP Mayo 2026\SynologyDrive\CT_20\101EK113\01140377.MOV,C:\Users\USUARIO\Desktop\BP Mayo 2026\SynologyDrive\CT_20\01140377.MOV,moved
CT_20,C:\Users\USUARIO\Desktop\BP Mayo 2026\SynologyDrive\CT_20\101EK113\01140378.JPG,C:\Users\USUARIO\Desktop\BP Mayo 2026\SynologyDrive\CT_20\01140378.JPG,moved
CT_20,C:\Users\USUARIO\Desktop\BP Mayo 2026\SynologyDrive\CT_20\101EK113\01140379.JPG,C:\Users\USUARIO\Desktop\BP Mayo 2026\SynologyDrive\CT_20\01140379.JPG,moved
CT_20,C:\Users\USUARIO\Desktop\BP Mayo 2026\SynologyDrive\CT_20\101EK113\01140380.JPG,C:\Users\USUARIO\Desktop\BP Mayo 2026\SynologyDrive\CT_20\01140380.JPG,moved
CT_20,C:\Users\USUARIO\Desktop\BP Mayo 2026\SynologyDrive\CT_20\101EK113\01140381.MOV,C:\Users\USUARIO\Desktop\BP Mayo 2026\SynologyDrive\CT_20\01140381.MOV,moved
CT_20,C:\Users\USUARIO\Desktop\BP Mayo 2026\SynologyDrive\CT_20\101EK113\01140382.JPG,C:\Users\USUARIO\Desktop\BP Mayo 2026\SynologyDrive\CT_20\01140382.JPG,moved
CT_20,C:\Users\USUARIO\Desktop\BP Mayo 2026\SynologyDrive\CT_20\101EK113\01140383.JPG,C:\Users\USUARIO\Desktop\BP Mayo 2026\SynologyDrive\CT_20\01140383.JPG,moved
CT_20,C:\Users\USUARIO\Desktop\BP Mayo 2026\SynologyDrive\CT_20\101EK113\01140384.JPG,C:\Users\USUARIO\Desktop\BP Mayo 2026\SynologyDrive\CT_20\01140384.JPG,moved
CT_20,C:\Users\USUARIO\Desktop\BP Mayo 2026\SynologyDrive\CT_20\101EK113\01140385.MOV,C:\Users\USUARIO\Desktop\BP Mayo 2026\SynologyDrive\CT_20\01140385.MOV,moved
CT_20,C:\Users\USUARIO\Desktop\BP Mayo 2026\SynologyDrive\CT_20\101EK113\01140386.JPG,C:\Users\USUARIO\Desktop\BP Mayo 2026\SynologyDrive\CT_20\01140386.JPG,moved
CT_20,C:\Users\USUARIO\Desktop\BP Mayo 2026\SynologyDrive\CT_20\101EK113\01140387.JPG,C:\Users\USUARIO\Desktop\BP Mayo 2026\SynologyDrive\CT_20\01140387.JPG,moved
CT_20,C:\Users\USUARIO\Desktop\BP Mayo 2026\SynologyDrive\CT_20\101EK113\01140388.JPG,C:\Users\USUARIO\Desktop\BP Mayo 2026\SynologyDrive\CT_20\01140388.JPG,moved
CT_20,C:\Users\USUARIO\Desktop\BP Mayo 2026\SynologyDrive\CT_20\101EK113\01140389.MOV,C:\Users\USUARIO\Desktop\BP Mayo 2026\SynologyDrive\CT_20\01140389.MOV,moved
CT_20,C:\Users\USUARIO\Desktop\BP Mayo 2026\SynologyDrive\CT_20\101EK113\01140390.JPG,C:\Users\USUARIO\Desktop\BP Mayo 2026\SynologyDrive\CT_20\01140390.JPG,moved
CT_20,C:\Users\USUARIO\Desktop\BP Mayo 2026\SynologyDrive\CT_20\101EK113\01140391.JPG,C:\Users\USUARIO\Desktop\BP Mayo 2026\SynologyDrive\CT_20\01140391.JPG,moved
CT_20,C:\Users\USUARIO\Desktop\BP Mayo 2026\SynologyDrive\CT_20\101EK113\01140392.JPG,C:\Users\USUARIO\Desktop\BP Mayo 2026\SynologyDrive\CT_20\01140392.JPG,moved
CT_20,C:\Users\USUARIO\Desktop\BP Mayo 2026\SynologyDrive\CT_20\101EK113\01140393.MOV,C:\Users\USUARIO\Desktop\BP Mayo 2026\SynologyDrive\CT_20\01140393.MOV,moved
CT_20,C:\Users\USUARIO\Desktop\BP Mayo 2026\SynologyDrive\CT_20\101EK113\01140394.JPG,C:\Users\USUARIO\Desktop\BP Mayo 2026\SynologyDrive\CT_20\01140394.JPG,moved
CT_20,C:\Users\USUARIO\Desktop\BP Mayo 2026\SynologyDrive\CT_20\101EK113\01140395.JPG,C:\Users\USUARIO\Desktop\BP Mayo 2026\SynologyDrive\CT_20\01140395.JPG,moved
CT_20,C:\Users\USUARIO\Desktop\BP Mayo 2026\SynologyDrive\CT_20\101EK113\01140396.JPG,C:\Users\USUARIO\Desktop\BP Mayo 2026\SynologyDrive\CT_20\01140396.JPG,moved
CT_20,C:\Users\USUARIO\Desktop\BP Mayo 2026\SynologyDrive\CT_20\101EK113\01140397.MOV,C:\Users\USUARIO\Desktop\BP Mayo 2026\SynologyDrive\CT_20\01140397.MOV,moved
CT_20,C:\Users\USUARIO\Desktop\BP Mayo 2026\SynologyDrive\CT_20\101EK113\01140398.JPG,C:\Users\USUARIO\Desktop\BP Mayo 2026\SynologyDrive\CT_20\01140398.JPG,moved
CT_20,C:\Users\USUARIO\Desktop\BP Mayo 2026\SynologyDrive\CT_20\101EK113\01140399.JPG,C:\Users\USUARIO\Desktop\BP Mayo 2026\SynologyDrive\CT_20\01140399.JPG,moved
CT_20,C:\Users\USUARIO\Desktop\BP Mayo 2026\SynologyDrive\CT_20\101EK113\01140400.JPG,C:\Users\USUARIO\Desktop\BP Mayo 2026\SynologyDrive\CT_20\01140400.JPG,moved
CT_20,C:\Users\USUARIO\Desktop\BP Mayo 2026\SynologyDrive\CT_20\101EK113\01140401.MOV,C:\Users\USUARIO\Desktop\BP Mayo 2026\SynologyDrive\CT_20\01140401.MOV,moved
CT_20,C:\Users\USUARIO\Desktop\BP Mayo 2026\SynologyDrive\CT_20\101EK113\01140402.JPG,C:\Users\USUARIO\Desktop\BP Mayo 2026\SynologyDrive\CT_20\01140402.JPG,moved
CT_20,C:\Users\USUARIO\Desktop\BP Mayo 2026\SynologyDrive\CT_20\101EK113\01140403.JPG,C:\Users\USUARIO\Desktop\BP Mayo 2026\SynologyDrive\CT_20\01140403.JPG,moved
CT_20,C:\Users\USUARIO\Desktop\BP Mayo 2026\SynologyDrive\CT_20\101EK113\01140404.JPG,C:\Users\USUARIO\Desktop\BP Mayo 2026\SynologyDrive\CT_20\01140404.JPG,moved
CT_20,C:\Users\USUARIO\Desktop\BP Mayo 2026\SynologyDrive\CT_20\101EK113\01140405.MOV,C:\Users\USUARIO\Desktop\BP Mayo 2026\SynologyDrive\CT_20\01140405.MOV,moved
CT_20,C:\Users\USUARIO\Desktop\BP Mayo 2026\SynologyDrive\CT_20\101EK113\01140406.JPG,C:\Users\USUARIO\Desktop\BP Mayo 2026\SynologyDrive\CT_20\01140406.JPG,moved
CT_20,C:\Users\USUARIO\Desktop\BP Mayo 2026\SynologyDrive\CT_20\101EK113\01140407.JPG,C:\Users\USUARIO\Desktop\BP Mayo 2026\SynologyDrive\CT_20\01140407.JPG,moved
CT_20,C:\Users\USUARIO\Desktop\BP Mayo 2026\SynologyDrive\CT_20\101EK113\01140408.JPG,C:\Users\USUARIO\Desktop\BP Mayo 2026\SynologyDrive\CT_20\01140408.JPG,moved
CT_20,C:\Users\USUARIO\Desktop\BP Mayo 2026\SynologyDrive\CT_20\101EK113\01140409.MOV,C:\Users\USUARIO\Desktop\BP Mayo 2026\SynologyDrive\CT_20\01140409.MOV,moved
CT_20,C:\Users\USUARIO\Desktop\BP Mayo 2026\SynologyDrive\CT_20\101EK113\01140410.JPG,C:\Users\USUARIO\Desktop\BP Mayo 2026\SynologyDrive\CT_20\01140410.JPG,moved
CT_20,C:\Users\USUARIO\Desktop\BP Mayo 2026\SynologyDrive\CT_20\101EK113\01140411.JPG,C:\Users\USUARIO\Desktop\BP Mayo 2026\SynologyDrive\CT_20\01140411.JPG,moved
CT_20,C:\Users\USUARIO\Desktop\BP Mayo 2026\SynologyDrive\CT_20\101EK113\01140412.JPG,C:\Users\USUARIO\Desktop\BP Mayo 2026\SynologyDrive\CT_20\01140412.JPG,moved
CT_20,C:\Users\USUARIO\Desktop\BP Mayo 2026\SynologyDrive\CT_20\101EK113\01140413.MOV,C:\Users\USUARIO\Desktop\BP Mayo 2026\SynologyDrive\CT_20\01140413.MOV,moved
CT_20,C:\Users\USUARIO\Desktop\BP Mayo 2026\SynologyDrive\CT_20\101EK113\01140414.JPG,C:\Users\USUARIO\Desktop\BP Mayo 2026\SynologyDrive\CT_20\01140414.JPG,moved
CT_20,C:\Users\USUARIO\Desktop\BP Mayo 2026\SynologyDrive\CT_20\101EK113\01140415.JPG,C:\Users\USUARIO\Desktop\BP Mayo 2026\SynologyDrive\CT_20\01140415.JPG,moved
CT_20,C:\Users\USUARIO\Desktop\BP Mayo 2026\SynologyDrive\CT_20\101EK113\01140416.JPG,C:\Users\USUARIO\Desktop\BP Mayo 2026\SynologyDrive\CT_20\01140416.JPG,moved
CT_20,C:\Users\USUARIO\Desktop\BP Mayo 2026\SynologyDrive\CT_20\101EK113\01140417.MOV,C:\Users\USUARIO\Desktop\BP Mayo 2026\SynologyDrive\CT_20\01140417.MOV,moved
CT_20,C:\Users\USUARIO\Desktop\BP Mayo 2026\SynologyDrive\CT_20\101EK113\01140418.JPG,C:\Users\USUARIO\Desktop\BP Mayo 2026\SynologyDrive\CT_20\01140418.JPG,moved
CT_20,C:\Users\USUARIO\Desktop\BP Mayo 2026\SynologyDrive\CT_20\101EK113\01140419.JPG,C:\Users\USUARIO\Desktop\BP Mayo 2026\SynologyDrive\CT_20\01140419.JPG,moved
CT_20,C:\Users\USUARIO\Desktop\BP Mayo 2026\SynologyDrive\CT_20\101EK113\01140420.JPG,C:\Users\USUARIO\Desktop\BP Mayo 2026\SynologyDrive\CT_20\01140420.JPG,moved
CT_20,C:\Users\USUARIO\Desktop\BP Mayo 2026\SynologyDrive\CT_20\101EK113\01140421.MOV,C:\Users\USUARIO\Desktop\BP Mayo 2026\SynologyDrive\CT_20\01140421.MOV,moved
CT_20,C:\Users\USUARIO\Desktop\BP Mayo 2026\SynologyDrive\CT_20\101EK113\01140422.JPG,C:\Users\USUARIO\Desktop\BP Mayo 2026\SynologyDrive\CT_20\01140422.JPG,moved
CT_20,C:\Users\USUARIO\Desktop\BP Mayo 2026\SynologyDrive\CT_20\101EK113\01140423.JPG,C:\Users\USUARIO\Desktop\BP Mayo 2026\SynologyDrive\CT_20\01140423.JPG,moved
CT_20,C:\Users\USUARIO\Desktop\BP Mayo 2026\SynologyDrive\CT_20\101EK113\01140424.JPG,C:\Users\USUARIO\Desktop\BP Mayo 2026\SynologyDrive\CT_20\01140424.JPG,moved
CT_20,C:\Users\USUARIO\Desktop\BP Mayo 2026\SynologyDrive\CT_20\101EK113\01140425.MOV,C:\Users\USUARIO\Desktop\BP Mayo 2026\SynologyDrive\CT_20\01140425.MOV,moved
CT_20,C:\Users\USUARIO\Desktop\BP Mayo 2026\SynologyDrive\CT_20\101EK113\01140426.JPG,C:\Users\USUARIO\Desktop\BP Mayo 2026\SynologyDrive\CT_20\01140426.JPG,moved
CT_20,C:\Users\USUARIO\Desktop\BP Mayo 2026\SynologyDrive\CT_20\101EK113\01140427.JPG,C:\Users\USUARIO\Desktop\BP Mayo 2026\SynologyDrive\CT_20\01140427.JPG,moved
CT_20,C:\Users\USUARIO\Desktop\BP Mayo 2026\SynologyDrive\CT_20\101EK113\01140428.JPG,C:\Users\USUARIO\Desktop\BP Mayo 2026\SynologyDrive\CT_20\01140428.JPG,moved
CT_20,C:\Users\USUARIO\Desktop\BP Mayo 2026\SynologyDrive\CT_20\101EK113\01140429.MOV,C:\Users\USUARIO\Desktop\BP Mayo 2026\SynologyDrive\CT_20\01140429.MOV,moved
CT_20,C:\Users\USUARIO\Desktop\BP Mayo 2026\SynologyDrive\CT_20\101EK113\01140430.JPG,C:\Users\USUARIO\Desktop\BP Mayo 2026\SynologyDrive\CT_20\01140430.JPG,moved
CT_20,C:\Users\USUARIO\Desktop\BP Mayo 2026\SynologyDrive\CT_20\101EK113\01140431.JPG,C:\Users\USUARIO\Desktop\BP Mayo 2026\SynologyDrive\CT_20\01140431.JPG,moved
CT_20,C:\Users\USUARIO\Desktop\BP Mayo 2026\SynologyDrive\CT_20\101EK113\01140432.JPG,C:\Users\USUARIO\Desktop\BP Mayo 2026\SynologyDrive\CT_20\01140432.JPG,moved
CT_20,C:\Users\USUARIO\Desktop\BP Mayo 2026\SynologyDrive\CT_20\101EK113\01140433.MOV,C:\Users\USUARIO\Desktop\BP Mayo 2026\SynologyDrive\CT_20\01140433.MOV,moved
CT_20,C:\Users\USUARIO\Desktop\BP Mayo 2026\SynologyDrive\CT_20\101EK113\01140434.JPG,C:\Users\USUARIO\Desktop\BP Mayo 2026\SynologyDrive\CT_20\01140434.JPG,moved
CT_20,C:\Users\USUARIO\Desktop\BP Mayo 2026\SynologyDrive\CT_20\101EK113\01140435.JPG,C:\Users\USUARIO\Desktop\BP Mayo 2026\SynologyDrive\CT_20\01140435.JPG,moved
CT_20,C:\Users\USUARIO\Desktop\BP Mayo 2026\SynologyDrive\CT_20\101EK113\01140436.JPG,C:\Users\USUARIO\Desktop\BP Mayo 2026\SynologyDrive\CT_20\01140436.JPG,moved
CT_20,C:\Users\USUARIO\Desktop\BP Mayo 2026\SynologyDrive\CT_20\101EK113\01140437.MOV,C:\Users\USUARIO\Desktop\BP Mayo 2026\SynologyDrive\CT_20\01140437.MOV,moved
CT_20,C:\Users\USUARIO\Desktop\BP Mayo 2026\SynologyDrive\CT_20\101EK113\01140438.JPG,C:\Users\USUARIO\Desktop\BP Mayo 2026\SynologyDrive\CT_20\01140438.JPG,moved
CT_20,C:\Users\USUARIO\Desktop\BP Mayo 2026\SynologyDrive\CT_20\101EK113\01140439.JPG,C:\Users\USUARIO\Desktop\BP Mayo 2026\SynologyDrive\CT_20\01140439.JPG,moved
CT_20,C:\Users\USUARIO\Desktop\BP Mayo 2026\SynologyDrive\CT_20\101EK113\01140440.JPG,C:\Users\USUARIO\Desktop\BP Mayo 2026\SynologyDrive\CT_20\01140440.JPG,moved
CT_20,C:\Users\USUARIO\Desktop\BP Mayo 2026\SynologyDrive\CT_20\101EK113\01140441.MOV,C:\Users\USUARIO\Desktop\BP Mayo 2026\SynologyDrive\CT_20\01140441.MOV,moved
CT_20,C:\Users\USUARIO\Desktop\BP Mayo 2026\SynologyDrive\CT_20\101EK113\01140442.JPG,C:\Users\USUARIO\Desktop\BP Mayo 2026\SynologyDrive\CT_20\01140442.JPG,moved
CT_20,C:\Users\USUARIO\Desktop\BP Mayo 2026\SynologyDrive\CT_20\101EK113\01140443.JPG,C:\Users\USUARIO\Desktop\BP Mayo 2026\SynologyDrive\CT_20\01140443.JPG,moved
CT_20,C:\Users\USUARIO\Desktop\BP Mayo 2026\SynologyDrive\CT_20\101EK113\01140444.JPG,C:\Users\USUARIO\Desktop\BP Mayo 2026\SynologyDrive\CT_20\01140444.JPG,moved
CT_20,C:\Users\USUARIO\Desktop\BP Mayo 2026\SynologyDrive\CT_20\101EK113\01140445.MOV,C:\Users\USUARIO\Desktop\BP Mayo 2026\SynologyDrive\CT_20\01140445.MOV,moved
CT_20,C:\Users\USUARIO\Desktop\BP Mayo 2026\SynologyDrive\CT_20\101EK113\01140446.JPG,C:\Users\USUARIO\Desktop\BP Mayo 2026\SynologyDrive\CT_20\01140446.JPG,moved
CT_20,C:\Users\USUARIO\Desktop\BP Mayo 2026\SynologyDrive\CT_20\101EK113\01140447.JPG,C:\Users\USUARIO\Desktop\BP Mayo 2026\SynologyDrive\CT_20\01140447.JPG,moved
CT_20,C:\Users\USUARIO\Desktop\BP Mayo 2026\SynologyDrive\CT_20\101EK113\01140448.JPG,C:\Users\USUARIO\Desktop\BP Mayo 2026\SynologyDrive\CT_20\01140448.JPG,moved
CT_20,C:\Users\USUARIO\Desktop\BP Mayo 2026\SynologyDrive\CT_20\101EK113\01140449.MOV,C:\Users\USUARIO\Desktop\BP Mayo 2026\SynologyDrive\CT_20\01140449.MOV,moved
CT_20,C:\Users\USUARIO\Desktop\BP Mayo 2026\SynologyDrive\CT_20\101EK113\01140450.JPG,C:\Users\USUARIO\Desktop\BP Mayo 2026\SynologyDrive\CT_20\01140450.JPG,moved
CT_20,C:\Users\USUARIO\Desktop\BP Mayo 2026\SynologyDrive\CT_20\101EK113\01140451.JPG,C:\Users\USUARIO\Desktop\BP Mayo 2026\SynologyDrive\CT_20\01140451.JPG,moved
CT_20,C:\Users\USUARIO\Desktop\BP Mayo 2026\SynologyDrive\CT_20\101EK113\01140452.JPG,C:\Users\USUARIO\Desktop\BP Mayo 2026\SynologyDrive\CT_20\01140452.JPG,moved
CT_20,C:\Users\USUARIO\Desktop\BP Mayo 2026\SynologyDrive\CT_20\101EK113\01140453.MOV,C:\Users\USUARIO\Desktop\BP Mayo 2026\SynologyDrive\CT_20\01140453.MOV,moved
CT_20,C:\Users\USUARIO\Desktop\BP Mayo 2026\SynologyDrive\CT_20\101EK113\01140454.JPG,C:\Users\USUARIO\Desktop\BP Mayo 2026\SynologyDrive\CT_20\01140454.JPG,moved
CT_20,C:\Users\USUARIO\Desktop\BP Mayo 2026\SynologyDrive\CT_20\101EK113\01140455.JPG,C:\Users\USUARIO\Desktop\BP Mayo 2026\SynologyDrive\CT_20\01140455.JPG,moved
CT_20,C:\Users\USUARIO\Desktop\BP Mayo 2026\SynologyDrive\CT_20\101EK113\01140456.JPG,C:\Users\USUARIO\Desktop\BP Mayo 2026\SynologyDrive\CT_20\01140456.JPG,moved
CT_20,C:\Users\USUARIO\Desktop\BP Mayo 2026\SynologyDrive\CT_20\101EK113\01140457.MOV,C:\Users\USUARIO\Desktop\BP Mayo 2026\SynologyDrive\CT_20\01140457.MOV,moved
CT_20,C:\Users\USUARIO\Desktop\BP Mayo 2026\SynologyDrive\CT_20\101EK113\01140458.JPG,C:\Users\USUARIO\Desktop\BP Mayo 2026\SynologyDrive\CT_20\01140458.JPG,moved
CT_20,C:\Users\USUARIO\Desktop\BP Mayo 2026\SynologyDrive\CT_20\101EK113\01140459.JPG,C:\Users\USUARIO\Desktop\BP Mayo 2026\SynologyDrive\CT_20\01140459.JPG,moved
CT_20,C:\Users\USUARIO\Desktop\BP Mayo 2026\SynologyDrive\CT_20\101EK113\01140460.JPG,C:\Users\USUARIO\Desktop\BP Mayo 2026\SynologyDrive\CT_20\01140460.JPG,moved
CT_20,C:\Users\USUARIO\Desktop\BP Mayo 2026\SynologyDrive\CT_20\101EK113\01140461.MOV,C:\Users\USUARIO\Desktop\BP Mayo 2026\SynologyDrive\CT_20\01140461.MOV,moved
CT_20,C:\Users\USUARIO\Desktop\BP Mayo 2026\SynologyDrive\CT_20\101EK113\01140462.JPG,C:\Users\USUARIO\Desktop\BP Mayo 2026\SynologyDrive\CT_20\01140462.JPG,moved
CT_20,C:\Users\USUARIO\Desktop\BP Mayo 2026\SynologyDrive\CT_20\101EK113\01140463.JPG,C:\Users\USUARIO\Desktop\BP Mayo 2026\SynologyDrive\CT_20\01140463.JPG,moved
CT_20,C:\Users\USUARIO\Desktop\BP Mayo 2026\SynologyDrive\CT_20\101EK113\01140464.JPG,C:\Users\USUARIO\Desktop\BP Mayo 2026\SynologyDrive\CT_20\01140464.JPG,moved
CT_20,C:\Users\USUARIO\Desktop\BP Mayo 2026\SynologyDrive\CT_20\101EK113\01140465.MOV,C:\Users\USUARIO\Desktop\BP Mayo 2026\SynologyDrive\CT_20\01140465.MOV,moved
CT_20,C:\Users\USUARIO\Desktop\BP Mayo 2026\SynologyDrive\CT_20\101EK113\01140466.JPG,C:\Users\USUARIO\Desktop\BP Mayo 2026\SynologyDrive\CT_20\01140466.JPG,moved
CT_20,C:\Users\USUARIO\Desktop\BP Mayo 2026\SynologyDrive\CT_20\101EK113\01140467.JPG,C:\Users\USUARIO\Desktop\BP Mayo 2026\SynologyDrive\CT_20\01140467.JPG,moved
CT_20,C:\Users\USUARIO\Desktop\BP Mayo 2026\SynologyDrive\CT_20\101EK113\01140468.JPG,C:\Users\USUARIO\Desktop\BP Mayo 2026\SynologyDrive\CT_20\01140468.JPG,moved
CT_20,C:\Users\USUARIO\Desktop\BP Mayo 2026\SynologyDrive\CT_20\101EK113\01140469.MOV,C:\Users\USUARIO\Desktop\BP Mayo 2026\SynologyDrive\CT_20\01140469.MOV,moved
CT_20,C:\Users\USUARIO\Desktop\BP Mayo 2026\SynologyDrive\CT_20\101EK113\01140470.JPG,C:\Users\USUARIO\Desktop\BP Mayo 2026\SynologyDrive\CT_20\01140470.JPG,moved
CT_20,C:\Users\USUARIO\Desktop\BP Mayo 2026\SynologyDrive\CT_20\101EK113\01140471.JPG,C:\Users\USUARIO\Desktop\BP Mayo 2026\SynologyDrive\CT_20\01140471.JPG,moved
CT_20,C:\Users\USUARIO\Desktop\BP Mayo 2026\SynologyDrive\CT_20\101EK113\01140472.JPG,C:\Users\USUARIO\Desktop\BP Mayo 2026\SynologyDrive\CT_20\01140472.JPG,moved
CT_20,C:\Users\USUARIO\Desktop\BP Mayo 2026\SynologyDrive\CT_20\101EK113\01140473.MOV,C:\Users\USUARIO\Desktop\BP Mayo 2026\SynologyDrive\CT_20\01140473.MOV,moved
CT_20,C:\Users\USUARIO\Desktop\BP Mayo 2026\SynologyDrive\CT_20\101EK113\01140474.JPG,C:\Users\USUARIO\Desktop\BP Mayo 2026\SynologyDrive\CT_20\01140474.JPG,moved
CT_20,C:\Users\USUARIO\Desktop\BP Mayo 2026\SynologyDrive\CT_20\101EK113\01140475.JPG,C:\Users\USUARIO\Desktop\BP Mayo 2026\SynologyDrive\CT_20\01140475.JPG,moved
CT_20,C:\Users\USUARIO\Desktop\BP Mayo 2026\SynologyDrive\CT_20\101EK113\01140476.JPG,C:\Users\USUARIO\Desktop\BP Mayo 2026\SynologyDrive\CT_20\01140476.JPG,moved
CT_20,C:\Users\USUARIO\Desktop\BP Mayo 2026\SynologyDrive\CT_20\101EK113\01140477.MOV,C:\Users\USUARIO\Desktop\BP Mayo 2026\SynologyDrive\CT_20\01140477.MOV,moved
CT_20,C:\Users\USUARIO\Desktop\BP Mayo 2026\SynologyDrive\CT_20\101EK113\01140478.JPG,C:\Users\USUARIO\Desktop\BP Mayo 2026\SynologyDrive\CT_20\01140478.JPG,moved
CT_20,C:\Users\USUARIO\Desktop\BP Mayo 2026\SynologyDrive\CT_20\101EK113\01140479.JPG,C:\Users\USUARIO\Desktop\BP Mayo 2026\SynologyDrive\CT_20\01140479.JPG,moved
CT_20,C:\Users\USUARIO\Desktop\BP Mayo 2026\SynologyDrive\CT_20\101EK113\01140480.JPG,C:\Users\USUARIO\Desktop\BP Mayo 2026\SynologyDrive\CT_20\01140480.JPG,moved
CT_20,C:\Users\USUARIO\Desktop\BP Mayo 2026\SynologyDrive\CT_20\101EK113\01140481.MOV,C:\Users\USUARIO\Desktop\BP Mayo 2026\SynologyDrive\CT_20\01140481.MOV,moved
CT_20,C:\Users\USUARIO\Desktop\BP Mayo 2026\SynologyDrive\CT_20\101EK113\01140482.JPG,C:\Users\USUARIO\Desktop\BP Mayo 2026\SynologyDrive\CT_20\01140482.JPG,moved
CT_20,C:\Users\USUARIO\Desktop\BP Mayo 2026\SynologyDrive\CT_20\101EK113\01140483.JPG,C:\Users\USUARIO\Desktop\BP Mayo 2026\SynologyDrive\CT_20\01140483.JPG,moved
CT_20,C:\Users\USUARIO\Desktop\BP Mayo 2026\SynologyDrive\CT_20\101EK113\01140484.JPG,C:\Users\USUARIO\Desktop\BP Mayo 2026\SynologyDrive\CT_20\01140484.JPG,moved
CT_20,C:\Users\USUARIO\Desktop\BP Mayo 2026\SynologyDrive\CT_20\101EK113\01140485.MOV,C:\Users\USUARIO\Desktop\BP Mayo 2026\SynologyDrive\CT_20\01140485.MOV,moved
CT_20,C:\Users\USUARIO\Desktop\BP Mayo 2026\SynologyDrive\CT_20\101EK113\01140486.JPG,C:\Users\USUARIO\Desktop\BP Mayo 2026\SynologyDrive\CT_20\01140486.JPG,moved
CT_20,C:\Users\USUARIO\Desktop\BP Mayo 2026\SynologyDrive\CT_20\101EK113\01140487.JPG,C:\Users\USUARIO\Desktop\BP Mayo 2026\SynologyDrive\CT_20\01140487.JPG,moved
CT_20,C:\Users\USUARIO\Desktop\BP Mayo 2026\SynologyDrive\CT_20\101EK113\01140488.JPG,C:\Users\USUARIO\Desktop\BP Mayo 2026\SynologyDrive\CT_20\01140488.JPG,moved
CT_20,C:\Users\USUARIO\Desktop\BP Mayo 2026\SynologyDrive\CT_20\101EK113\01140489.MOV,C:\Users\USUARIO\Desktop\BP Mayo 2026\SynologyDrive\CT_20\01140489.MOV,moved
CT_20,C:\Users\USUARIO\Desktop\BP Mayo 2026\SynologyDrive\CT_20\101EK113\01140490.JPG,C:\Users\USUARIO\Desktop\BP Mayo 2026\SynologyDrive\CT_20\01140490.JPG,moved
CT_20,C:\Users\USUARIO\Desktop\BP Mayo 2026\SynologyDrive\CT_20\101EK113\01140491.JPG,C:\Users\USUARIO\Desktop\BP Mayo 2026\SynologyDrive\CT_20\01140491.JPG,moved
CT_20,C:\Users\USUARIO\Desktop\BP Mayo 2026\SynologyDrive\CT_20\101EK113\01140492.JPG,C:\Users\USUARIO\Desktop\BP Mayo 2026\SynologyDrive\CT_20\01140492.JPG,moved
CT_20,C:\Users\USUARIO\Desktop\BP Mayo 2026\SynologyDrive\CT_20\101EK113\01140493.MOV,C:\Users\USUARIO\Desktop\BP Mayo 2026\SynologyDrive\CT_20\01140493.MOV,moved
CT_20,C:\Users\USUARIO\Desktop\BP Mayo 2026\SynologyDrive\CT_20\101EK113\01140494.JPG,C:\Users\USUARIO\Desktop\BP Mayo 2026\SynologyDrive\CT_20\01140494.JPG,moved
CT_20,C:\Users\USUARIO\Desktop\BP Mayo 2026\SynologyDrive\CT_20\101EK113\01140495.JPG,C:\Users\USUARIO\Desktop\BP Mayo 2026\SynologyDrive\CT_20\01140495.JPG,moved
CT_20,C:\Users\USUARIO\Desktop\BP Mayo 2026\SynologyDrive\CT_20\101EK113\01140496.JPG,C:\Users\USUARIO\Desktop\BP Mayo 2026\SynologyDrive\CT_20\01140496.JPG,moved
CT_20,C:\Users\USUARIO\Desktop\BP Mayo 2026\SynologyDrive\CT_20\101EK113\01140497.MOV,C:\Users\USUARIO\Desktop\BP Mayo 2026\SynologyDrive\CT_20\01140497.MOV,moved
CT_20,C:\Users\USUARIO\Desktop\BP Mayo 2026\SynologyDrive\CT_20\101EK113\01140498.JPG,C:\Users\USUARIO\Desktop\BP Mayo 2026\SynologyDrive\CT_20\01140498.JPG,moved
CT_20,C:\Users\USUARIO\Desktop\BP Mayo 2026\SynologyDrive\CT_20\101EK113\01140499.JPG,C:\Users\USUARIO\Desktop\BP Mayo 2026\SynologyDrive\CT_20\01140499.JPG,moved
CT_20,C:\Users\USUARIO\Desktop\BP Mayo 2026\SynologyDrive\CT_20\101EK113\01140500.JPG,C:\Users\USUARIO\Desktop\BP Mayo 2026\SynologyDrive\CT_20\01140500.JPG,moved
CT_20,C:\Users\USUARIO\Desktop\BP Mayo 2026\SynologyDrive\CT_20\101EK113\01140501.MOV,C:\Users\USUARIO\Desktop\BP Mayo 2026\SynologyDrive\CT_20\01140501.MOV,moved
CT_20,C:\Users\USUARIO\Desktop\BP Mayo 2026\SynologyDrive\CT_20\101EK113\01140502.JPG,C:\Users\USUARIO\Desktop\BP Mayo 2026\SynologyDrive\CT_20\01140502.JPG,moved
CT_20,C:\Users\USUARIO\Desktop\BP Mayo 2026\SynologyDrive\CT_20\101EK113\01140503.JPG,C:\Users\USUARIO\Desktop\BP Mayo 2026\SynologyDrive\CT_20\01140503.JPG,moved
CT_20,C:\Users\USUARIO\Desktop\BP Mayo 2026\SynologyDrive\CT_20\101EK113\01140504.JPG,C:\Users\USUARIO\Desktop\BP Mayo 2026\SynologyDrive\CT_20\01140504.JPG,moved
CT_20,C:\Users\USUARIO\Desktop\BP Mayo 2026\SynologyDrive\CT_20\101EK113\01140505.MOV,C:\Users\USUARIO\Desktop\BP Mayo 2026\SynologyDrive\CT_20\01140505.MOV,moved
CT_20,C:\Users\USUARIO\Desktop\BP Mayo 2026\SynologyDrive\CT_20\101EK113\01140506.JPG,C:\Users\USUARIO\Desktop\BP Mayo 2026\SynologyDrive\CT_20\01140506.JPG,moved
CT_20,C:\Users\USUARIO\Desktop\BP Mayo 2026\SynologyDrive\CT_20\101EK113\01140507.JPG,C:\Users\USUARIO\Desktop\BP Mayo 2026\SynologyDrive\CT_20\01140507.JPG,moved
CT_20,C:\Users\USUARIO\Desktop\BP Mayo 2026\SynologyDrive\CT_20\101EK113\01140508.JPG,C:\Users\USUARIO\Desktop\BP Mayo 2026\SynologyDrive\CT_20\01140508.JPG,moved
CT_20,C:\Users\USUARIO\Desktop\BP Mayo 2026\SynologyDrive\CT_20\101EK113\01140509.MOV,C:\Users\USUARIO\Desktop\BP Mayo 2026\SynologyDrive\CT_20\01140509.MOV,moved
CT_20,C:\Users\USUARIO\Desktop\BP Mayo 2026\SynologyDrive\CT_20\101EK113\01140510.JPG,C:\Users\USUARIO\Desktop\BP Mayo 2026\SynologyDrive\CT_20\01140510.JPG,moved
CT_20,C:\Users\USUARIO\Desktop\BP Mayo 2026\SynologyDrive\CT_20\101EK113\01140511.JPG,C:\Users\USUARIO\Desktop\BP Mayo 2026\SynologyDrive\CT_20\01140511.JPG,moved
CT_20,C:\Users\USUARIO\Desktop\BP Mayo 2026\SynologyDrive\CT_20\101EK113\01140512.JPG,C:\Users\USUARIO\Desktop\BP Mayo 2026\SynologyDrive\CT_20\01140512.JPG,moved
CT_20,C:\Users\USUARIO\Desktop\BP Mayo 2026\SynologyDrive\CT_20\101EK113\01140513.MOV,C:\Users\USUARIO\Desktop\BP Mayo 2026\SynologyDrive\CT_20\01140513.MOV,moved
CT_20,C:\Users\USUARIO\Desktop\BP Mayo 2026\SynologyDrive\CT_20\101EK113\01140514.JPG,C:\Users\USUARIO\Desktop\BP Mayo 2026\SynologyDrive\CT_20\01140514.JPG,moved
CT_20,C:\Users\USUARIO\Desktop\BP Mayo 2026\SynologyDrive\CT_20\101EK113\01140515.JPG,C:\Users\USUARIO\Desktop\BP Mayo 2026\SynologyDrive\CT_20\01140515.JPG,moved
CT_20,C:\Users\USUARIO\Desktop\BP Mayo 2026\SynologyDrive\CT_20\101EK113\01140516.JPG,C:\Users\USUARIO\Desktop\BP Mayo 2026\SynologyDrive\CT_20\01140516.JPG,moved
CT_20,C:\Users\USUARIO\Desktop\BP Mayo 2026\SynologyDrive\CT_20\101EK113\01140517.MOV,C:\Users\USUARIO\Desktop\BP Mayo 2026\SynologyDrive\CT_20\01140517.MOV,moved
CT_20,C:\Users\USUARIO\Desktop\BP Mayo 2026\SynologyDrive\CT_20\101EK113\01140518.JPG,C:\Users\USUARIO\Desktop\BP Mayo 2026\SynologyDrive\CT_20\01140518.JPG,moved
CT_20,C:\Users\USUARIO\Desktop\BP Mayo 2026\SynologyDrive\CT_20\101EK113\01140519.JPG,C:\Users\USUARIO\Desktop\BP Mayo 2026\SynologyDrive\CT_20\01140519.JPG,moved
CT_20,C:\Users\USUARIO\Desktop\BP Mayo 2026\SynologyDrive\CT_20\101EK113\01140520.JPG,C:\Users\USUARIO\Desktop\BP Mayo 2026\SynologyDrive\CT_20\01140520.JPG,moved
CT_20,C:\Users\USUARIO\Desktop\BP Mayo 2026\SynologyDrive\CT_20\101EK113\01140521.MOV,C:\Users\USUARIO\Desktop\BP Mayo 2026\SynologyDrive\CT_20\01140521.MOV,moved
CT_20,C:\Users\USUARIO\Desktop\BP Mayo 2026\SynologyDrive\CT_20\101EK113\01140522.JPG,C:\Users\USUARIO\Desktop\BP Mayo 2026\SynologyDrive\CT_20\01140522.JPG,moved
CT_20,C:\Users\USUARIO\Desktop\BP Mayo 2026\SynologyDrive\CT_20\101EK113\01140523.JPG,C:\Users\USUARIO\Desktop\BP Mayo 2026\SynologyDrive\CT_20\01140523.JPG,moved
CT_20,C:\Users\USUARIO\Desktop\BP Mayo 2026\SynologyDrive\CT_20\101EK113\01140524.JPG,C:\Users\USUARIO\Desktop\BP Mayo 2026\SynologyDrive\CT_20\01140524.JPG,moved
CT_20,C:\Users\USUARIO\Desktop\BP Mayo 2026\SynologyDrive\CT_20\101EK113\01140525.MOV,C:\Users\USUARIO\Desktop\BP Mayo 2026\SynologyDrive\CT_20\01140525.MOV,moved
CT_20,C:\Users\USUARIO\Desktop\BP Mayo 2026\SynologyDrive\CT_20\101EK113\01140526.JPG,C:\Users\USUARIO\Desktop\BP Mayo 2026\SynologyDrive\CT_20\01140526.JPG,moved
CT_20,C:\Users\USUARIO\Desktop\BP Mayo 2026\SynologyDrive\CT_20\101EK113\01140527.JPG,C:\Users\USUARIO\Desktop\BP Mayo 2026\SynologyDrive\CT_20\01140527.JPG,moved
CT_20,C:\Users\USUARIO\Desktop\BP Mayo 2026\SynologyDrive\CT_20\101EK113\01140528.JPG,C:\Users\USUARIO\Desktop\BP Mayo 2026\SynologyDrive\CT_20\01140528.JPG,moved
CT_20,C:\Users\USUARIO\Desktop\BP Mayo 2026\SynologyDrive\CT_20\101EK113\01140529.MOV,C:\Users\USUARIO\Desktop\BP Mayo 2026\SynologyDrive\CT_20\01140529.MOV,moved
CT_20,C:\Users\USUARIO\Desktop\BP Mayo 2026\SynologyDrive\CT_20\101EK113\01140530.JPG,C:\Users\USUARIO\Desktop\BP Mayo 2026\SynologyDrive\CT_20\01140530.JPG,moved
CT_20,C:\Users\USUARIO\Desktop\BP Mayo 2026\SynologyDrive\CT_20\101EK113\01140531.JPG,C:\Users\USUARIO\Desktop\BP Mayo 2026\SynologyDrive\CT_20\01140531.JPG,moved
CT_20,C:\Users\USUARIO\Desktop\BP Mayo 2026\SynologyDrive\CT_20\101EK113\01140532.JPG,C:\Users\USUARIO\Desktop\BP Mayo 2026\SynologyDrive\CT_20\01140532.JPG,moved
CT_20,C:\Users\USUARIO\Desktop\BP Mayo 2026\SynologyDrive\CT_20\101EK113\01140533.MOV,C:\Users\USUARIO\Desktop\BP Mayo 2026\SynologyDrive\CT_20\01140533.MOV,moved
CT_20,C:\Users\USUARIO\Desktop\BP Mayo 2026\SynologyDrive\CT_20\101EK113\01140534.JPG,C:\Users\USUARIO\Desktop\BP Mayo 2026\SynologyDrive\CT_20\01140534.JPG,moved
CT_20,C:\Users\USUARIO\Desktop\BP Mayo 2026\SynologyDrive\CT_20\101EK113\01140535.JPG,C:\Users\USUARIO\Desktop\BP Mayo 2026\SynologyDrive\CT_20\01140535.JPG,moved
CT_20,C:\Users\USUARIO\Desktop\BP Mayo 2026\SynologyDrive\CT_20\101EK113\01140536.JPG,C:\Users\USUARIO\Desktop\BP Mayo 2026\SynologyDrive\CT_20\01140536.JPG,moved
CT_20,C:\Users\USUARIO\Desktop\BP Mayo 2026\SynologyDrive\CT_20\101EK113\01140537.MOV,C:\Users\USUARIO\Desktop\BP Mayo 2026\SynologyDrive\CT_20\01140537.MOV,moved
CT_20,C:\Users\USUARIO\Desktop\BP Mayo 2026\SynologyDrive\CT_20\101EK113\01140538.JPG,C:\Users\USUARIO\Desktop\BP Mayo 2026\SynologyDrive\CT_20\01140538.JPG,moved
CT_20,C:\Users\USUARIO\Desktop\BP Mayo 2026\SynologyDrive\CT_20\101EK113\01140539.JPG,C:\Users\USUARIO\Desktop\BP Mayo 2026\SynologyDrive\CT_20\01140539.JPG,moved
CT_20,C:\Users\USUARIO\Desktop\BP Mayo 2026\SynologyDrive\CT_20\101EK113\01140540.JPG,C:\Users\USUARIO\Desktop\BP Mayo 2026\SynologyDrive\CT_20\01140540.JPG,moved
CT_20,C:\Users\USUARIO\Desktop\BP Mayo 2026\SynologyDrive\CT_20\101EK113\01140541.MOV,C:\Users\USUARIO\Desktop\BP Mayo 2026\SynologyDrive\CT_20\01140541.MOV,moved
CT_20,C:\Users\USUARIO\Desktop\BP Mayo 2026\SynologyDrive\CT_20\101EK113\01140542.JPG,C:\Users\USUARIO\Desktop\BP Mayo 2026\SynologyDrive\CT_20\01140542.JPG,moved
CT_20,C:\Users\USUARIO\Desktop\BP Mayo 2026\SynologyDrive\CT_20\101EK113\01140543.JPG,C:\Users\USUARIO\Desktop\BP Mayo 2026\SynologyDrive\CT_20\01140543.JPG,moved
CT_20,C:\Users\USUARIO\Desktop\BP Mayo 2026\SynologyDrive\CT_20\101EK113\01140544.JPG,C:\Users\USUARIO\Desktop\BP Mayo 2026\SynologyDrive\CT_20\01140544.JPG,moved
CT_20,C:\Users\USUARIO\Desktop\BP Mayo 2026\SynologyDrive\CT_20\101EK113\01140545.MOV,C:\Users\USUARIO\Desktop\BP Mayo 2026\SynologyDrive\CT_20\01140545.MOV,moved
CT_20,C:\Users\USUARIO\Desktop\BP Mayo 2026\SynologyDrive\CT_20\101EK113\01140546.JPG,C:\Users\USUARIO\Desktop\BP Mayo 2026\SynologyDrive\CT_20\01140546.JPG,moved
CT_20,C:\Users\USUARIO\Desktop\BP Mayo 2026\SynologyDrive\CT_20\101EK113\01140547.JPG,C:\Users\USUARIO\Desktop\BP Mayo 2026\SynologyDrive\CT_20\01140547.JPG,moved
CT_20,C:\Users\USUARIO\Desktop\BP Mayo 2026\SynologyDrive\CT_20\101EK113\01140548.JPG,C:\Users\USUARIO\Desktop\BP Mayo 2026\SynologyDrive\CT_20\01140548.JPG,moved
CT_20,C:\Users\USUARIO\Desktop\BP Mayo 2026\SynologyDrive\CT_20\101EK113\01140549.MOV,C:\Users\USUARIO\Desktop\BP Mayo 2026\SynologyDrive\CT_20\01140549.MOV,moved
CT_20,C:\Users\USUARIO\Desktop\BP Mayo 2026\SynologyDrive\CT_20\101EK113\01140550.JPG,C:\Users\USUARIO\Desktop\BP Mayo 2026\SynologyDrive\CT_20\01140550.JPG,moved
CT_20,C:\Users\USUARIO\Desktop\BP Mayo 2026\SynologyDrive\CT_20\101EK113\01140551.JPG,C:\Users\USUARIO\Desktop\BP Mayo 2026\SynologyDrive\CT_20\01140551.JPG,moved
CT_20,C:\Users\USUARIO\Desktop\BP Mayo 2026\SynologyDrive\CT_20\101EK113\01140552.JPG,C:\Users\USUARIO\Desktop\BP Mayo 2026\SynologyDrive\CT_20\01140552.JPG,moved
CT_20,C:\Users\USUARIO\Desktop\BP Mayo 2026\SynologyDrive\CT_20\101EK113\01140553.MOV,C:\Users\USUARIO\Desktop\BP Mayo 2026\SynologyDrive\CT_20\01140553.MOV,moved
CT_20,C:\Users\USUARIO\Desktop\BP Mayo 2026\SynologyDrive\CT_20\101EK113\01140554.JPG,C:\Users\USUARIO\Desktop\BP Mayo 2026\SynologyDrive\CT_20\01140554.JPG,moved
CT_20,C:\Users\USUARIO\Desktop\BP Mayo 2026\SynologyDrive\CT_20\101EK113\01140555.JPG,C:\Users\USUARIO\Desktop\BP Mayo 2026\SynologyDrive\CT_20\01140555.JPG,moved
CT_20,C:\Users\USUARIO\Desktop\BP Mayo 2026\SynologyDrive\CT_20\101EK113\01140556.JPG,C:\Users\USUARIO\Desktop\BP Mayo 2026\SynologyDrive\CT_20\01140556.JPG,moved
CT_20,C:\Users\USUARIO\Desktop\BP Mayo 2026\SynologyDrive\CT_20\101EK113\01140557.MOV,C:\Users\USUARIO\Desktop\BP Mayo 2026\SynologyDrive\CT_20\01140557.MOV,moved
CT_20,C:\Users\USUARIO\Desktop\BP Mayo 2026\SynologyDrive\CT_20\101EK113\01140558.JPG,C:\Users\USUARIO\Desktop\BP Mayo 2026\SynologyDrive\CT_20\01140558.JPG,moved
CT_20,C:\Users\USUARIO\Desktop\BP Mayo 2026\SynologyDrive\CT_20\101EK113\01140559.JPG,C:\Users\USUARIO\Desktop\BP Mayo 2026\SynologyDrive\CT_20\01140559.JPG,moved
CT_20,C:\Users\USUARIO\Desktop\BP Mayo 2026\SynologyDrive\CT_20\101EK113\01140560.JPG,C:\Users\USUARIO\Desktop\BP Mayo 2026\SynologyDrive\CT_20\01140560.JPG,moved
CT_20,C:\Users\USUARIO\Desktop\BP Mayo 2026\SynologyDrive\CT_20\101EK113\01140561.MOV,C:\Users\USUARIO\Desktop\BP Mayo 2026\SynologyDrive\CT_20\01140561.MOV,moved
CT_20,C:\Users\USUARIO\Desktop\BP Mayo 2026\SynologyDrive\CT_20\101EK113\01140562.JPG,C:\Users\USUARIO\Desktop\BP Mayo 2026\SynologyDrive\CT_20\01140562.JPG,moved
CT_20,C:\Users\USUARIO\Desktop\BP Mayo 2026\SynologyDrive\CT_20\101EK113\01140563.JPG,C:\Users\USUARIO\Desktop\BP Mayo 2026\SynologyDrive\CT_20\01140563.JPG,moved
CT_20,C:\Users\USUARIO\Desktop\BP Mayo 2026\SynologyDrive\CT_20\101EK113\01140564.JPG,C:\Users\USUARIO\Desktop\BP Mayo 2026\SynologyDrive\CT_20\01140564.JPG,moved
CT_20,C:\Users\USUARIO\Desktop\BP Mayo 2026\SynologyDrive\CT_20\101EK113\01140565.MOV,C:\Users\USUARIO\Desktop\BP Mayo 2026\SynologyDrive\CT_20\01140565.MOV,moved
CT_20,C:\Users\USUARIO\Desktop\BP Mayo 2026\SynologyDrive\CT_20\101EK113\01140566.JPG,C:\Users\USUARIO\Desktop\BP Mayo 2026\SynologyDrive\CT_20\01140566.JPG,moved
CT_20,C:\Users\USUARIO\Desktop\BP Mayo 2026\SynologyDrive\CT_20\101EK113\01140567.JPG,C:\Users\USUARIO\Desktop\BP Mayo 2026\SynologyDrive\CT_20\01140567.JPG,moved
CT_20,C:\Users\USUARIO\Desktop\BP Mayo 2026\SynologyDrive\CT_20\101EK113\01140568.JPG,C:\Users\USUARIO\Desktop\BP Mayo 2026\SynologyDrive\CT_20\01140568.JPG,moved
CT_20,C:\Users\USUARIO\Desktop\BP Mayo 2026\SynologyDrive\CT_20\101EK113\01140569.MOV,C:\Users\USUARIO\Desktop\BP Mayo 2026\SynologyDrive\CT_20\01140569.MOV,moved
CT_20,C:\Users\USUARIO\Desktop\BP Mayo 2026\SynologyDrive\CT_20\101EK113\01140570.JPG,C:\Users\USUARIO\Desktop\BP Mayo 2026\SynologyDrive\CT_20\01140570.JPG,moved
CT_20,C:\Users\USUARIO\Desktop\BP Mayo 2026\SynologyDrive\CT_20\101EK113\01140571.JPG,C:\Users\USUARIO\Desktop\BP Mayo 2026\SynologyDrive\CT_20\01140571.JPG,moved
CT_20,C:\Users\USUARIO\Desktop\BP Mayo 2026\SynologyDrive\CT_20\101EK113\01140572.JPG,C:\Users\USUARIO\Desktop\BP Mayo 2026\SynologyDrive\CT_20\01140572.JPG,moved
CT_20,C:\Users\USUARIO\Desktop\BP Mayo 2026\SynologyDrive\CT_20\101EK113\01140573.MOV,C:\Users\USUARIO\Desktop\BP Mayo 2026\SynologyDrive\CT_20\01140573.MOV,moved
CT_20,C:\Users\USUARIO\Desktop\BP Mayo 2026\SynologyDrive\CT_20\101EK113\01140574.JPG,C:\Users\USUARIO\Desktop\BP Mayo 2026\SynologyDrive\CT_20\01140574.JPG,moved
CT_20,C:\Users\USUARIO\Desktop\BP Mayo 2026\SynologyDrive\CT_20\101EK113\01140575.JPG,C:\Users\USUARIO\Desktop\BP Mayo 2026\SynologyDrive\CT_20\01140575.JPG,moved
CT_20,C:\Users\USUARIO\Desktop\BP Mayo 2026\SynologyDrive\CT_20\101EK113\01140576.JPG,C:\Users\USUARIO\Desktop\BP Mayo 2026\SynologyDrive\CT_20\01140576.JPG,moved
CT_20,C:\Users\USUARIO\Desktop\BP Mayo 2026\SynologyDrive\CT_20\101EK113\01140577.MOV,C:\Users\USUARIO\Desktop\BP Mayo 2026\SynologyDrive\CT_20\01140577.MOV,moved
CT_20,C:\Users\USUARIO\Desktop\BP Mayo 2026\SynologyDrive\CT_20\101EK113\01140578.JPG,C:\Users\USUARIO\Desktop\BP Mayo 2026\SynologyDrive\CT_20\01140578.JPG,moved
CT_20,C:\Users\USUARIO\Desktop\BP Mayo 2026\SynologyDrive\CT_20\101EK113\01140579.JPG,C:\Users\USUARIO\Desktop\BP Mayo 2026\SynologyDrive\CT_20\01140579.JPG,moved
CT_20,C:\Users\USUARIO\Desktop\BP Mayo 2026\SynologyDrive\CT_20\101EK113\01140580.JPG,C:\Users\USUARIO\Desktop\BP Mayo 2026\SynologyDrive\CT_20\01140580.JPG,moved
CT_20,C:\Users\USUARIO\Desktop\BP Mayo 2026\SynologyDrive\CT_20\101EK113\01140581.MOV,C:\Users\USUARIO\Desktop\BP Mayo 2026\SynologyDrive\CT_20\01140581.MOV,moved
CT_20,C:\Users\USUARIO\Desktop\BP Mayo 2026\SynologyDrive\CT_20\101EK113\01140582.JPG,C:\Users\USUARIO\Desktop\BP Mayo 2026\SynologyDrive\CT_20\01140582.JPG,moved
CT_20,C:\Users\USUARIO\Desktop\BP Mayo 2026\SynologyDrive\CT_20\101EK113\01140583.JPG,C:\Users\USUARIO\Desktop\BP Mayo 2026\SynologyDrive\CT_20\01140583.JPG,moved
CT_20,C:\Users\USUARIO\Desktop\BP Mayo 2026\SynologyDrive\CT_20\101EK113\01140584.JPG,C:\Users\USUARIO\Desktop\BP Mayo 2026\SynologyDrive\CT_20\01140584.JPG,moved
CT_20,C:\Users\USUARIO\Desktop\BP Mayo 2026\SynologyDrive\CT_20\101EK113\01140585.MOV,C:\Users\USUARIO\Desktop\BP Mayo 2026\SynologyDrive\CT_20\01140585.MOV,moved
CT_20,C:\Users\USUARIO\Desktop\BP Mayo 2026\SynologyDrive\CT_20\101EK113\01140586.JPG,C:\Users\USUARIO\Desktop\BP Mayo 2026\SynologyDrive\CT_20\01140586.JPG,moved
CT_20,C:\Users\USUARIO\Desktop\BP Mayo 2026\SynologyDrive\CT_20\101EK113\01140587.JPG,C:\Users\USUARIO\Desktop\BP Mayo 2026\SynologyDrive\CT_20\01140587.JPG,moved
CT_20,C:\Users\USUARIO\Desktop\BP Mayo 2026\SynologyDrive\CT_20\101EK113\01140588.JPG,C:\Users\USUARIO\Desktop\BP Mayo 2026\SynologyDrive\CT_20\01140588.JPG,moved
CT_20,C:\Users\USUARIO\Desktop\BP Mayo 2026\SynologyDrive\CT_20\101EK113\01140589.MOV,C:\Users\USUARIO\Desktop\BP Mayo 2026\SynologyDrive\CT_20\01140589.MOV,moved
CT_20,C:\Users\USUARIO\Desktop\BP Mayo 2026\SynologyDrive\CT_20\101EK113\01140590.JPG,C:\Users\USUARIO\Desktop\BP Mayo 2026\SynologyDrive\CT_20\01140590.JPG,moved
CT_20,C:\Users\USUARIO\Desktop\BP Mayo 2026\SynologyDrive\CT_20\101EK113\01140591.JPG,C:\Users\USUARIO\Desktop\BP Mayo 2026\SynologyDrive\CT_20\01140591.JPG,moved
CT_20,C:\Users\USUARIO\Desktop\BP Mayo 2026\SynologyDrive\CT_20\101EK113\01140592.JPG,C:\Users\USUARIO\Desktop\BP Mayo 2026\SynologyDrive\CT_20\01140592.JPG,moved
CT_20,C:\Users\USUARIO\Desktop\BP Mayo 2026\SynologyDrive\CT_20\101EK113\01140593.MOV,C:\Users\USUARIO\Desktop\BP Mayo 2026\SynologyDrive\CT_20\01140593.MOV,moved
CT_20,C:\Users\USUARIO\Desktop\BP Mayo 2026\SynologyDrive\CT_20\101EK113\01140594.JPG,C:\Users\USUARIO\Desktop\BP Mayo 2026\SynologyDrive\CT_20\01140594.JPG,moved
CT_20,C:\Users\USUARIO\Desktop\BP Mayo 2026\SynologyDrive\CT_20\101EK113\01140595.JPG,C:\Users\USUARIO\Desktop\BP Mayo 2026\SynologyDrive\CT_20\01140595.JPG,moved
CT_20,C:\Users\USUARIO\Desktop\BP Mayo 2026\SynologyDrive\CT_20\101EK113\01140596.JPG,C:\Users\USUARIO\Desktop\BP Mayo 2026\SynologyDrive\CT_20\01140596.JPG,moved
CT_20,C:\Users\USUARIO\Desktop\BP Mayo 2026\SynologyDrive\CT_20\101EK113\01140597.MOV,C:\Users\USUARIO\Desktop\BP Mayo 2026\SynologyDrive\CT_20\01140597.MOV,moved
CT_20,C:\Users\USUARIO\Desktop\BP Mayo 2026\SynologyDrive\CT_20\101EK113\01140598.JPG,C:\Users\USUARIO\Desktop\BP Mayo 2026\SynologyDrive\CT_20\01140598.JPG,moved
CT_20,C:\Users\USUARIO\Desktop\BP Mayo 2026\SynologyDrive\CT_20\101EK113\01140599.JPG,C:\Users\USUARIO\Desktop\BP Mayo 2026\SynologyDrive\CT_20\01140599.JPG,moved
CT_20,C:\Users\USUARIO\Desktop\BP Mayo 2026\SynologyDrive\CT_20\101EK113\01140600.JPG,C:\Users\USUARIO\Desktop\BP Mayo 2026\SynologyDrive\CT_20\01140600.JPG,moved
CT_20,C:\Users\USUARIO\Desktop\BP Mayo 2026\SynologyDrive\CT_20\101EK113\01140601.MOV,C:\Users\USUARIO\Desktop\BP Mayo 2026\SynologyDrive\CT_20\01140601.MOV,moved
CT_20,C:\Users\USUARIO\Desktop\BP Mayo 2026\SynologyDrive\CT_20\101EK113\01140602.JPG,C:\Users\USUARIO\Desktop\BP Mayo 2026\SynologyDrive\CT_20\01140602.JPG,moved
CT_20,C:\Users\USUARIO\Desktop\BP Mayo 2026\SynologyDrive\CT_20\101EK113\01140603.JPG,C:\Users\USUARIO\Desktop\BP Mayo 2026\SynologyDrive\CT_20\01140603.JPG,moved
CT_20,C:\Users\USUARIO\Desktop\BP Mayo 2026\SynologyDrive\CT_20\101EK113\01140604.JPG,C:\Users\USUARIO\Desktop\BP Mayo 2026\SynologyDrive\CT_20\01140604.JPG,moved
CT_20,C:\Users\USUARIO\Desktop\BP Mayo 2026\SynologyDrive\CT_20\101EK113\01140605.MOV,C:\Users\USUARIO\Desktop\BP Mayo 2026\SynologyDrive\CT_20\01140605.MOV,moved
CT_20,C:\Users\USUARIO\Desktop\BP Mayo 2026\SynologyDrive\CT_20\101EK113\01140606.JPG,C:\Users\USUARIO\Desktop\BP Mayo 2026\SynologyDrive\CT_20\01140606.JPG,moved
CT_20,C:\Users\USUARIO\Desktop\BP Mayo 2026\SynologyDrive\CT_20\101EK113\01140607.JPG,C:\Users\USUARIO\Desktop\BP Mayo 2026\SynologyDrive\CT_20\01140607.JPG,moved
CT_20,C:\Users\USUARIO\Desktop\BP Mayo 2026\SynologyDrive\CT_20\101EK113\01140608.JPG,C:\Users\USUARIO\Desktop\BP Mayo 2026\SynologyDrive\CT_20\01140608.JPG,moved
CT_20,C:\Users\USUARIO\Desktop\BP Mayo 2026\SynologyDrive\CT_20\101EK113\01140609.MOV,C:\Users\USUARIO\Desktop\BP Mayo 2026\SynologyDrive\CT_20\01140609.MOV,moved
CT_20,C:\Users\USUARIO\Desktop\BP Mayo 2026\SynologyDrive\CT_20\101EK113\01140610.JPG,C:\Users\USUARIO\Desktop\BP Mayo 2026\SynologyDrive\CT_20\01140610.JPG,moved
CT_20,C:\Users\USUARIO\Desktop\BP Mayo 2026\SynologyDrive\CT_20\101EK113\01140611.JPG,C:\Users\USUARIO\Desktop\BP Mayo 2026\SynologyDrive\CT_20\01140611.JPG,moved
CT_20,C:\Users\USUARIO\Desktop\BP Mayo 2026\SynologyDrive\CT_20\101EK113\01140612.JPG,C:\Users\USUARIO\Desktop\BP Mayo 2026\SynologyDrive\CT_20\01140612.JPG,moved
CT_20,C:\Users\USUARIO\Desktop\BP Mayo 2026\SynologyDrive\CT_20\101EK113\01140613.MOV,C:\Users\USUARIO\Desktop\BP Mayo 2026\SynologyDrive\CT_20\01140613.MOV,moved
CT_20,C:\Users\USUARIO\Desktop\BP Mayo 2026\SynologyDrive\CT_20\101EK113\01140614.JPG,C:\Users\USUARIO\Desktop\BP Mayo 2026\SynologyDrive\CT_20\01140614.JPG,moved
CT_20,C:\Users\USUARIO\Desktop\BP Mayo 2026\SynologyDrive\CT_20\101EK113\01140615.JPG,C:\Users\USUARIO\Desktop\BP Mayo 2026\SynologyDrive\CT_20\01140615.JPG,moved
CT_20,C:\Users\USUARIO\Desktop\BP Mayo 2026\SynologyDrive\CT_20\101EK113\01140616.JPG,C:\Users\USUARIO\Desktop\BP Mayo 2026\SynologyDrive\CT_20\01140616.JPG,moved
CT_20,C:\Users\USUARIO\Desktop\BP Mayo 2026\SynologyDrive\CT_20\101EK113\01140617.MOV,C:\Users\USUARIO\Desktop\BP Mayo 2026\SynologyDrive\CT_20\01140617.MOV,moved
CT_20,C:\Users\USUARIO\Desktop\BP Mayo 2026\SynologyDrive\CT_20\101EK113\01140618.JPG,C:\Users\USUARIO\Desktop\BP Mayo 2026\SynologyDrive\CT_20\01140618.JPG,moved
CT_20,C:\Users\USUARIO\Desktop\BP Mayo 2026\SynologyDrive\CT_20\101EK113\01140619.JPG,C:\Users\USUARIO\Desktop\BP Mayo 2026\SynologyDrive\CT_20\01140619.JPG,moved
CT_20,C:\Users\USUARIO\Desktop\BP Mayo 2026\SynologyDrive\CT_20\101EK113\01140620.JPG,C:\Users\USUARIO\Desktop\BP Mayo 2026\SynologyDrive\CT_20\01140620.JPG,moved
CT_20,C:\Users\USUARIO\Desktop\BP Mayo 2026\SynologyDrive\CT_20\101EK113\01140621.MOV,C:\Users\USUARIO\Desktop\BP Mayo 2026\SynologyDrive\CT_20\01140621.MOV,moved
CT_20,C:\Users\USUARIO\Desktop\BP Mayo 2026\SynologyDrive\CT_20\101EK113\01140622.JPG,C:\Users\USUARIO\Desktop\BP Mayo 2026\SynologyDrive\CT_20\01140622.JPG,moved
CT_20,C:\Users\USUARIO\Desktop\BP Mayo 2026\SynologyDrive\CT_20\101EK113\01140623.JPG,C:\Users\USUARIO\Desktop\BP Mayo 2026\SynologyDrive\CT_20\01140623.JPG,moved
CT_20,C:\Users\USUARIO\Desktop\BP Mayo 2026\SynologyDrive\CT_20\101EK113\01140624.JPG,C:\Users\USUARIO\Desktop\BP Mayo 2026\SynologyDrive\CT_20\01140624.JPG,moved
CT_20,C:\Users\USUARIO\Desktop\BP Mayo 2026\SynologyDrive\CT_20\101EK113\01140625.MOV,C:\Users\USUARIO\Desktop\BP Mayo 2026\SynologyDrive\CT_20\01140625.MOV,moved
CT_20,C:\Users\USUARIO\Desktop\BP Mayo 2026\SynologyDrive\CT_20\101EK113\01140626.JPG,C:\Users\USUARIO\Desktop\BP Mayo 2026\SynologyDrive\CT_20\01140626.JPG,moved
CT_20,C:\Users\USUARIO\Desktop\BP Mayo 2026\SynologyDrive\CT_20\101EK113\01140627.JPG,C:\Users\USUARIO\Desktop\BP Mayo 2026\SynologyDrive\CT_20\01140627.JPG,moved
CT_20,C:\Users\USUARIO\Desktop\BP Mayo 2026\SynologyDrive\CT_20\101EK113\01140628.JPG,C:\Users\USUARIO\Desktop\BP Mayo 2026\SynologyDrive\CT_20\01140628.JPG,moved
CT_20,C:\Users\USUARIO\Desktop\BP Mayo 2026\SynologyDrive\CT_20\101EK113\01140629.MOV,C:\Users\USUARIO\Desktop\BP Mayo 2026\SynologyDrive\CT_20\01140629.MOV,moved
CT_20,C:\Users\USUARIO\Desktop\BP Mayo 2026\SynologyDrive\CT_20\101EK113\01140630.JPG,C:\Users\USUARIO\Desktop\BP Mayo 2026\SynologyDrive\CT_20\01140630.JPG,moved
CT_20,C:\Users\USUARIO\Desktop\BP Mayo 2026\SynologyDrive\CT_20\101EK113\01140631.JPG,C:\Users\USUARIO\Desktop\BP Mayo 2026\SynologyDrive\CT_20\01140631.JPG,moved
CT_20,C:\Users\USUARIO\Desktop\BP Mayo 2026\SynologyDrive\CT_20\101EK113\01140632.JPG,C:\Users\USUARIO\Desktop\BP Mayo 2026\SynologyDrive\CT_20\01140632.JPG,moved
CT_20,C:\Users\USUARIO\Desktop\BP Mayo 2026\SynologyDrive\CT_20\101EK113\01140633.MOV,C:\Users\USUARIO\Desktop\BP Mayo 2026\SynologyDrive\CT_20\01140633.MOV,moved
CT_20,C:\Users\USUARIO\Desktop\BP Mayo 2026\SynologyDrive\CT_20\101EK113\01140634.JPG,C:\Users\USUARIO\Desktop\BP Mayo 2026\SynologyDrive\CT_20\01140634.JPG,moved
CT_20,C:\Users\USUARIO\Desktop\BP Mayo 2026\SynologyDrive\CT_20\101EK113\01140635.JPG,C:\Users\USUARIO\Desktop\BP Mayo 2026\SynologyDrive\CT_20\01140635.JPG,moved
CT_20,C:\Users\USUARIO\Desktop\BP Mayo 2026\SynologyDrive\CT_20\101EK113\01140636.JPG,C:\Users\USUARIO\Desktop\BP Mayo 2026\SynologyDrive\CT_20\01140636.JPG,moved
CT_20,C:\Users\USUARIO\Desktop\BP Mayo 2026\SynologyDrive\CT_20\101EK113\01140637.MOV,C:\Users\USUARIO\Desktop\BP Mayo 2026\SynologyDrive\CT_20\01140637.MOV,moved
CT_20,C:\Users\USUARIO\Desktop\BP Mayo 2026\SynologyDrive\CT_20\101EK113\01140638.JPG,C:\Users\USUARIO\Desktop\BP Mayo 2026\SynologyDrive\CT_20\01140638.JPG,moved
CT_20,C:\Users\USUARIO\Desktop\BP Mayo 2026\SynologyDrive\CT_20\101EK113\01140639.JPG,C:\Users\USUARIO\Desktop\BP Mayo 2026\SynologyDrive\CT_20\01140639.JPG,moved
CT_20,C:\Users\USUARIO\Desktop\BP Mayo 2026\SynologyDrive\CT_20\101EK113\01140640.JPG,C:\Users\USUARIO\Desktop\BP Mayo 2026\SynologyDrive\CT_20\01140640.JPG,moved
CT_20,C:\Users\USUARIO\Desktop\BP Mayo 2026\SynologyDrive\CT_20\101EK113\01140641.MOV,C:\Users\USUARIO\Desktop\BP Mayo 2026\SynologyDrive\CT_20\01140641.MOV,moved
CT_20,C:\Users\USUARIO\Desktop\BP Mayo 2026\SynologyDrive\CT_20\101EK113\01140642.JPG,C:\Users\USUARIO\Desktop\BP Mayo 2026\SynologyDrive\CT_20\01140642.JPG,moved
CT_20,C:\Users\USUARIO\Desktop\BP Mayo 2026\SynologyDrive\CT_20\101EK113\01140643.JPG,C:\Users\USUARIO\Desktop\BP Mayo 2026\SynologyDrive\CT_20\01140643.JPG,moved
CT_20,C:\Users\USUARIO\Desktop\BP Mayo 2026\SynologyDrive\CT_20\101EK113\01140644.JPG,C:\Users\USUARIO\Desktop\BP Mayo 2026\SynologyDrive\CT_20\01140644.JPG,moved
CT_20,C:\Users\USUARIO\Desktop\BP Mayo 2026\SynologyDrive\CT_20\101EK113\01140645.MOV,C:\Users\USUARIO\Desktop\BP Mayo 2026\SynologyDrive\CT_20\01140645.MOV,moved
CT_20,C:\Users\USUARIO\Desktop\BP Mayo 2026\SynologyDrive\CT_20\101EK113\01140646.JPG,C:\Users\USUARIO\Desktop\BP Mayo 2026\SynologyDrive\CT_20\01140646.JPG,moved
CT_20,C:\Users\USUARIO\Desktop\BP Mayo 2026\SynologyDrive\CT_20\101EK113\01140647.JPG,C:\Users\USUARIO\Desktop\BP Mayo 2026\SynologyDrive\CT_20\01140647.JPG,moved
CT_20,C:\Users\USUARIO\Desktop\BP Mayo 2026\SynologyDrive\CT_20\101EK113\01140648.JPG,C:\Users\USUARIO\Desktop\BP Mayo 2026\SynologyDrive\CT_20\01140648.JPG,moved
CT_20,C:\Users\USUARIO\Desktop\BP Mayo 2026\SynologyDrive\CT_20\101EK113\01140649.MOV,C:\Users\USUARIO\Desktop\BP Mayo 2026\SynologyDrive\CT_20\01140649.MOV,moved
CT_20,C:\Users\USUARIO\Desktop\BP Mayo 2026\SynologyDrive\CT_20\101EK113\01140650.JPG,C:\Users\USUARIO\Desktop\BP Mayo 2026\SynologyDrive\CT_20\01140650.JPG,moved
CT_20,C:\Users\USUARIO\Desktop\BP Mayo 2026\SynologyDrive\CT_20\101EK113\01140651.JPG,C:\Users\USUARIO\Desktop\BP Mayo 2026\SynologyDrive\CT_20\01140651.JPG,moved
CT_20,C:\Users\USUARIO\Desktop\BP Mayo 2026\SynologyDrive\CT_20\101EK113\01140652.JPG,C:\Users\USUARIO\Desktop\BP Mayo 2026\SynologyDrive\CT_20\01140652.JPG,moved
CT_20,C:\Users\USUARIO\Desktop\BP Mayo 2026\SynologyDrive\CT_20\101EK113\01140653.MOV,C:\Users\USUARIO\Desktop\BP Mayo 2026\SynologyDrive\CT_20\01140653.MOV,moved
CT_20,C:\Users\USUARIO\Desktop\BP Mayo 2026\SynologyDrive\CT_20\101EK113\01140654.JPG,C:\Users\USUARIO\Desktop\BP Mayo 2026\SynologyDrive\CT_20\01140654.JPG,moved
CT_20,C:\Users\USUARIO\Desktop\BP Mayo 2026\SynologyDrive\CT_20\101EK113\01140655.JPG,C:\Users\USUARIO\Desktop\BP Mayo 2026\SynologyDrive\CT_20\01140655.JPG,moved
CT_20,C:\Users\USUARIO\Desktop\BP Mayo 2026\SynologyDrive\CT_20\101EK113\01140656.JPG,C:\Users\USUARIO\Desktop\BP Mayo 2026\SynologyDrive\CT_20\01140656.JPG,moved
CT_20,C:\Users\USUARIO\Desktop\BP Mayo 2026\SynologyDrive\CT_20\101EK113\01140657.MOV,C:\Users\USUARIO\Desktop\BP Mayo 2026\SynologyDrive\CT_20\01140657.MOV,moved
CT_20,C:\Users\USUARIO\Desktop\BP Mayo 2026\SynologyDrive\CT_20\101EK113\01140658.JPG,C:\Users\USUARIO\Desktop\BP Mayo 2026\SynologyDrive\CT_20\01140658.JPG,moved
CT_20,C:\Users\USUARIO\Desktop\BP Mayo 2026\SynologyDrive\CT_20\101EK113\01140659.JPG,C:\Users\USUARIO\Desktop\BP Mayo 2026\SynologyDrive\CT_20\01140659.JPG,moved
CT_20,C:\Users\USUARIO\Desktop\BP Mayo 2026\SynologyDrive\CT_20\101EK113\01140660.JPG,C:\Users\USUARIO\Desktop\BP Mayo 2026\SynologyDrive\CT_20\01140660.JPG,moved
CT_20,C:\Users\USUARIO\Desktop\BP Mayo 2026\SynologyDrive\CT_20\101EK113\01140661.MOV,C:\Users\USUARIO\Desktop\BP Mayo 2026\SynologyDrive\CT_20\01140661.MOV,moved
CT_20,C:\Users\USUARIO\Desktop\BP Mayo 2026\SynologyDrive\CT_20\101EK113\01140662.JPG,C:\Users\USUARIO\Desktop\BP Mayo 2026\SynologyDrive\CT_20\01140662.JPG,moved
CT_20,C:\Users\USUARIO\Desktop\BP Mayo 2026\SynologyDrive\CT_20\101EK113\01140663.JPG,C:\Users\USUARIO\Desktop\BP Mayo 2026\SynologyDrive\CT_20\01140663.JPG,moved
CT_20,C:\Users\USUARIO\Desktop\BP Mayo 2026\SynologyDrive\CT_20\101EK113\01140664.JPG,C:\Users\USUARIO\Desktop\BP Mayo 2026\SynologyDrive\CT_20\01140664.JPG,moved
CT_20,C:\Users\USUARIO\Desktop\BP Mayo 2026\SynologyDrive\CT_20\101EK113\01140665.MOV,C:\Users\USUARIO\Desktop\BP Mayo 2026\SynologyDrive\CT_20\01140665.MOV,moved
CT_20,C:\Users\USUARIO\Desktop\BP Mayo 2026\SynologyDrive\CT_20\101EK113\01140666.JPG,C:\Users\USUARIO\Desktop\BP Mayo 2026\SynologyDrive\CT_20\01140666.JPG,moved
CT_20,C:\Users\USUARIO\Desktop\BP Mayo 2026\SynologyDrive\CT_20\101EK113\01140667.JPG,C:\Users\USUARIO\Desktop\BP Mayo 2026\SynologyDrive\CT_20\01140667.JPG,moved
CT_20,C:\Users\USUARIO\Desktop\BP Mayo 2026\SynologyDrive\CT_20\101EK113\01140668.JPG,C:\Users\USUARIO\Desktop\BP Mayo 2026\SynologyDrive\CT_20\01140668.JPG,moved
CT_20,C:\Users\USUARIO\Desktop\BP Mayo 2026\SynologyDrive\CT_20\101EK113\01140669.MOV,C:\Users\USUARIO\Desktop\BP Mayo 2026\SynologyDrive\CT_20\01140669.MOV,moved
CT_20,C:\Users\USUARIO\Desktop\BP Mayo 2026\SynologyDrive\CT_20\101EK113\01140670.JPG,C:\Users\USUARIO\Desktop\BP Mayo 2026\SynologyDrive\CT_20\01140670.JPG,moved
CT_20,C:\Users\USUARIO\Desktop\BP Mayo 2026\SynologyDrive\CT_20\101EK113\01140671.JPG,C:\Users\USUARIO\Desktop\BP Mayo 2026\SynologyDrive\CT_20\01140671.JPG,moved
CT_20,C:\Users\USUARIO\Desktop\BP Mayo 2026\SynologyDrive\CT_20\101EK113\01140672.JPG,C:\Users\USUARIO\Desktop\BP Mayo 2026\SynologyDrive\CT_20\01140672.JPG,moved
CT_20,C:\Users\USUARIO\Desktop\BP Mayo 2026\SynologyDrive\CT_20\101EK113\01140673.MOV,C:\Users\USUARIO\Desktop\BP Mayo 2026\SynologyDrive\CT_20\01140673.MOV,moved
CT_20,C:\Users\USUARIO\Desktop\BP Mayo 2026\SynologyDrive\CT_20\101EK113\01140674.JPG,C:\Users\USUARIO\Desktop\BP Mayo 2026\SynologyDrive\CT_20\01140674.JPG,moved
CT_20,C:\Users\USUARIO\Desktop\BP Mayo 2026\SynologyDrive\CT_20\101EK113\01140675.JPG,C:\Users\USUARIO\Desktop\BP Mayo 2026\SynologyDrive\CT_20\01140675.JPG,moved
CT_20,C:\Users\USUARIO\Desktop\BP Mayo 2026\SynologyDrive\CT_20\101EK113\01140676.JPG,C:\Users\USUARIO\Desktop\BP Mayo 2026\SynologyDrive\CT_20\01140676.JPG,moved
CT_20,C:\Users\USUARIO\Desktop\BP Mayo 2026\SynologyDrive\CT_20\101EK113\01140677.MOV,C:\Users\USUARIO\Desktop\BP Mayo 2026\SynologyDrive\CT_20\01140677.MOV,moved
CT_20,C:\Users\USUARIO\Desktop\BP Mayo 2026\SynologyDrive\CT_20\101EK113\01140678.JPG,C:\Users\USUARIO\Desktop\BP Mayo 2026\SynologyDrive\CT_20\01140678.JPG,moved
CT_20,C:\Users\USUARIO\Desktop\BP Mayo 2026\SynologyDrive\CT_20\101EK113\01140679.JPG,C:\Users\USUARIO\Desktop\BP Mayo 2026\SynologyDrive\CT_20\01140679.JPG,moved
CT_20,C:\Users\USUARIO\Desktop\BP Mayo 2026\SynologyDrive\CT_20\101EK113\01140680.JPG,C:\Users\USUARIO\Desktop\BP Mayo 2026\SynologyDrive\CT_20\01140680.JPG,moved
CT_20,C:\Users\USUARIO\Desktop\BP Mayo 2026\SynologyDrive\CT_20\101EK113\01140681.MOV,C:\Users\USUARIO\Desktop\BP Mayo 2026\SynologyDrive\CT_20\01140681.MOV,moved
CT_20,C:\Users\USUARIO\Desktop\BP Mayo 2026\SynologyDrive\CT_20\101EK113\01140682.JPG,C:\Users\USUARIO\Desktop\BP Mayo 2026\SynologyDrive\CT_20\01140682.JPG,moved
CT_20,C:\Users\USUARIO\Desktop\BP Mayo 2026\SynologyDrive\CT_20\101EK113\01140683.JPG,C:\Users\USUARIO\Desktop\BP Mayo 2026\SynologyDrive\CT_20\01140683.JPG,moved
CT_20,C:\Users\USUARIO\Desktop\BP Mayo 2026\SynologyDrive\CT_20\101EK113\01140684.JPG,C:\Users\USUARIO\Desktop\BP Mayo 2026\SynologyDrive\CT_20\01140684.JPG,moved
CT_20,C:\Users\USUARIO\Desktop\BP Mayo 2026\SynologyDrive\CT_20\101EK113\01140685.MOV,C:\Users\USUARIO\Desktop\BP Mayo 2026\SynologyDrive\CT_20\01140685.MOV,moved
CT_20,C:\Users\USUARIO\Desktop\BP Mayo 2026\SynologyDrive\CT_20\101EK113\01140686.JPG,C:\Users\USUARIO\Desktop\BP Mayo 2026\SynologyDrive\CT_20\01140686.JPG,moved
CT_20,C:\Users\USUARIO\Desktop\BP Mayo 2026\SynologyDrive\CT_20\101EK113\01140687.JPG,C:\Users\USUARIO\Desktop\BP Mayo 2026\SynologyDrive\CT_20\01140687.JPG,moved
CT_20,C:\Users\USUARIO\Desktop\BP Mayo 2026\SynologyDrive\CT_20\101EK113\01140688.JPG,C:\Users\USUARIO\Desktop\BP Mayo 2026\SynologyDrive\CT_20\01140688.JPG,moved
CT_20,C:\Users\USUARIO\Desktop\BP Mayo 2026\SynologyDrive\CT_20\101EK113\01140689.MOV,C:\Users\USUARIO\Desktop\BP Mayo 2026\SynologyDrive\CT_20\01140689.MOV,moved
CT_20,C:\Users\USUARIO\Desktop\BP Mayo 2026\SynologyDrive\CT_20\101EK113\01140690.JPG,C:\Users\USUARIO\Desktop\BP Mayo 2026\SynologyDrive\CT_20\01140690.JPG,moved
CT_20,C:\Users\USUARIO\Desktop\BP Mayo 2026\SynologyDrive\CT_20\101EK113\01140691.JPG,C:\Users\USUARIO\Desktop\BP Mayo 2026\SynologyDrive\CT_20\01140691.JPG,moved
CT_20,C:\Users\USUARIO\Desktop\BP Mayo 2026\SynologyDrive\CT_20\101EK113\01140692.JPG,C:\Users\USUARIO\Desktop\BP Mayo 2026\SynologyDrive\CT_20\01140692.JPG,moved
CT_20,C:\Users\USUARIO\Desktop\BP Mayo 2026\SynologyDrive\CT_20\101EK113\01140693.MOV,C:\Users\USUARIO\Desktop\BP Mayo 2026\SynologyDrive\CT_20\01140693.MOV,moved
CT_20,C:\Users\USUARIO\Desktop\BP Mayo 2026\SynologyDrive\CT_20\101EK113\01140694.JPG,C:\Users\USUARIO\Desktop\BP Mayo 2026\SynologyDrive\CT_20\01140694.JPG,moved
CT_20,C:\Users\USUARIO\Desktop\BP Mayo 2026\SynologyDrive\CT_20\101EK113\01140695.JPG,C:\Users\USUARIO\Desktop\BP Mayo 2026\SynologyDrive\CT_20\01140695.JPG,moved
CT_20,C:\Users\USUARIO\Desktop\BP Mayo 2026\SynologyDrive\CT_20\101EK113\01140696.JPG,C:\Users\USUARIO\Desktop\BP Mayo 2026\SynologyDrive\CT_20\01140696.JPG,moved
CT_20,C:\Users\USUARIO\Desktop\BP Mayo 2026\SynologyDrive\CT_20\101EK113\01140697.MOV,C:\Users\USUARIO\Desktop\BP Mayo 2026\SynologyDrive\CT_20\01140697.MOV,moved
CT_20,C:\Users\USUARIO\Desktop\BP Mayo 2026\SynologyDrive\CT_20\101EK113\01140698.JPG,C:\Users\USUARIO\Desktop\BP Mayo 2026\SynologyDrive\CT_20\01140698.JPG,moved
CT_20,C:\Users\USUARIO\Desktop\BP Mayo 2026\SynologyDrive\CT_20\101EK113\01140699.JPG,C:\Users\USUARIO\Desktop\BP Mayo 2026\SynologyDrive\CT_20\01140699.JPG,moved
CT_20,C:\Users\USUARIO\Desktop\BP Mayo 2026\SynologyDrive\CT_20\101EK113\01140700.JPG,C:\Users\USUARIO\Desktop\BP Mayo 2026\SynologyDrive\CT_20\01140700.JPG,moved
CT_20,C:\Users\USUARIO\Desktop\BP Mayo 2026\SynologyDrive\CT_20\101EK113\01140701.MOV,C:\Users\USUARIO\Desktop\BP Mayo 2026\SynologyDrive\CT_20\01140701.MOV,moved
CT_20,C:\Users\USUARIO\Desktop\BP Mayo 2026\SynologyDrive\CT_20\101EK113\01140702.JPG,C:\Users\USUARIO\Desktop\BP Mayo 2026\SynologyDrive\CT_20\01140702.JPG,moved
CT_20,C:\Users\USUARIO\Desktop\BP Mayo 2026\SynologyDrive\CT_20\101EK113\01140703.JPG,C:\Users\USUARIO\Desktop\BP Mayo 2026\SynologyDrive\CT_20\01140703.JPG,moved
CT_20,C:\Users\USUARIO\Desktop\BP Mayo 2026\SynologyDrive\CT_20\101EK113\01140704.JPG,C:\Users\USUARIO\Desktop\BP Mayo 2026\SynologyDrive\CT_20\01140704.JPG,moved
CT_20,C:\Users\USUARIO\Desktop\BP Mayo 2026\SynologyDrive\CT_20\101EK113\01140705.MOV,C:\Users\USUARIO\Desktop\BP Mayo 2026\SynologyDrive\CT_20\01140705.MOV,moved
CT_20,C:\Users\USUARIO\Desktop\BP Mayo 2026\SynologyDrive\CT_20\101EK113\01140706.JPG,C:\Users\USUARIO\Desktop\BP Mayo 2026\SynologyDrive\CT_20\01140706.JPG,moved
CT_20,C:\Users\USUARIO\Desktop\BP Mayo 2026\SynologyDrive\CT_20\101EK113\01140707.JPG,C:\Users\USUARIO\Desktop\BP Mayo 2026\SynologyDrive\CT_20\01140707.JPG,moved
CT_20,C:\Users\USUARIO\Desktop\BP Mayo 2026\SynologyDrive\CT_20\101EK113\01140708.JPG,C:\Users\USUARIO\Desktop\BP Mayo 2026\SynologyDrive\CT_20\01140708.JPG,moved
CT_20,C:\Users\USUARIO\Desktop\BP Mayo 2026\SynologyDrive\CT_20\101EK113\01140709.MOV,C:\Users\USUARIO\Desktop\BP Mayo 2026\SynologyDrive\CT_20\01140709.MOV,moved
CT_20,C:\Users\USUARIO\Desktop\BP Mayo 2026\SynologyDrive\CT_20\101EK113\01140710.JPG,C:\Users\USUARIO\Desktop\BP Mayo 2026\SynologyDrive\CT_20\01140710.JPG,moved
CT_20,C:\Users\USUARIO\Desktop\BP Mayo 2026\SynologyDrive\CT_20\101EK113\01140711.JPG,C:\Users\USUARIO\Desktop\BP Mayo 2026\SynologyDrive\CT_20\01140711.JPG,moved
CT_20,C:\Users\USUARIO\Desktop\BP Mayo 2026\SynologyDrive\CT_20\101EK113\01140712.JPG,C:\Users\USUARIO\Desktop\BP Mayo 2026\SynologyDrive\CT_20\01140712.JPG,moved
CT_20,C:\Users\USUARIO\Desktop\BP Mayo 2026\SynologyDrive\CT_20\101EK113\01140713.MOV,C:\Users\USUARIO\Desktop\BP Mayo 2026\SynologyDrive\CT_20\01140713.MOV,moved
CT_20,C:\Users\USUARIO\Desktop\BP Mayo 2026\SynologyDrive\CT_20\101EK113\01140714.JPG,C:\Users\USUARIO\Desktop\BP Mayo 2026\SynologyDrive\CT_20\01140714.JPG,moved
CT_20,C:\Users\USUARIO\Desktop\BP Mayo 2026\SynologyDrive\CT_20\101EK113\01140715.JPG,C:\Users\USUARIO\Desktop\BP Mayo 2026\SynologyDrive\CT_20\01140715.JPG,moved
CT_20,C:\Users\USUARIO\Desktop\BP Mayo 2026\SynologyDrive\CT_20\101EK113\01140716.JPG,C:\Users\USUARIO\Desktop\BP Mayo 2026\SynologyDrive\CT_20\01140716.JPG,moved
CT_20,C:\Users\USUARIO\Desktop\BP Mayo 2026\SynologyDrive\CT_20\101EK113\01140717.MOV,C:\Users\USUARIO\Desktop\BP Mayo 2026\SynologyDrive\CT_20\01140717.MOV,moved
CT_20,C:\Users\USUARIO\Desktop\BP Mayo 2026\SynologyDrive\CT_20\101EK113\01140718.JPG,C:\Users\USUARIO\Desktop\BP Mayo 2026\SynologyDrive\CT_20\01140718.JPG,moved
CT_20,C:\Users\USUARIO\Desktop\BP Mayo 2026\SynologyDrive\CT_20\101EK113\01140719.JPG,C:\Users\USUARIO\Desktop\BP Mayo 2026\SynologyDrive\CT_20\01140719.JPG,moved
CT_20,C:\Users\USUARIO\Desktop\BP Mayo 2026\SynologyDrive\CT_20\101EK113\01140720.JPG,C:\Users\USUARIO\Desktop\BP Mayo 2026\SynologyDrive\CT_20\01140720.JPG,moved
CT_20,C:\Users\USUARIO\Desktop\BP Mayo 2026\SynologyDrive\CT_20\101EK113\01140721.MOV,C:\Users\USUARIO\Desktop\BP Mayo 2026\SynologyDrive\CT_20\01140721.MOV,moved
CT_20,C:\Users\USUARIO\Desktop\BP Mayo 2026\SynologyDrive\CT_20\101EK113\01140722.JPG,C:\Users\USUARIO\Desktop\BP Mayo 2026\SynologyDrive\CT_20\01140722.JPG,moved
CT_20,C:\Users\USUARIO\Desktop\BP Mayo 2026\SynologyDrive\CT_20\101EK113\01140723.JPG,C:\Users\USUARIO\Desktop\BP Mayo 2026\SynologyDrive\CT_20\01140723.JPG,moved
CT_20,C:\Users\USUARIO\Desktop\BP Mayo 2026\SynologyDrive\CT_20\101EK113\01140724.JPG,C:\Users\USUARIO\Desktop\BP Mayo 2026\SynologyDrive\CT_20\01140724.JPG,moved
CT_20,C:\Users\USUARIO\Desktop\BP Mayo 2026\SynologyDrive\CT_20\101EK113\01140725.MOV,C:\Users\USUARIO\Desktop\BP Mayo 2026\SynologyDrive\CT_20\01140725.MOV,moved
CT_20,C:\Users\USUARIO\Desktop\BP Mayo 2026\SynologyDrive\CT_20\101EK113\01140726.JPG,C:\Users\USUARIO\Desktop\BP Mayo 2026\SynologyDrive\CT_20\01140726.JPG,moved
CT_20,C:\Users\USUARIO\Desktop\BP Mayo 2026\SynologyDrive\CT_20\101EK113\01140727.JPG,C:\Users\USUARIO\Desktop\BP Mayo 2026\SynologyDrive\CT_20\01140727.JPG,moved
CT_20,C:\Users\USUARIO\Desktop\BP Mayo 2026\SynologyDrive\CT_20\101EK113\01140728.JPG,C:\Users\USUARIO\Desktop\BP Mayo 2026\SynologyDrive\CT_20\01140728.JPG,moved
CT_20,C:\Users\USUARIO\Desktop\BP Mayo 2026\SynologyDrive\CT_20\101EK113\01140729.MOV,C:\Users\USUARIO\Desktop\BP Mayo 2026\SynologyDrive\CT_20\01140729.MOV,moved
CT_20,C:\Users\USUARIO\Desktop\BP Mayo 2026\SynologyDrive\CT_20\101EK113\01140730.JPG,C:\Users\USUARIO\Desktop\BP Mayo 2026\SynologyDrive\CT_20\01140730.JPG,moved
CT_20,C:\Users\USUARIO\Desktop\BP Mayo 2026\SynologyDrive\CT_20\101EK113\01140731.JPG,C:\Users\USUARIO\Desktop\BP Mayo 2026\SynologyDrive\CT_20\01140731.JPG,moved
CT_20,C:\Users\USUARIO\Desktop\BP Mayo 2026\SynologyDrive\CT_20\101EK113\01140732.JPG,C:\Users\USUARIO\Desktop\BP Mayo 2026\SynologyDrive\CT_20\01140732.JPG,moved
CT_20,C:\Users\USUARIO\Desktop\BP Mayo 2026\SynologyDrive\CT_20\101EK113\01140733.MOV,C:\Users\USUARIO\Desktop\BP Mayo 2026\SynologyDrive\CT_20\01140733.MOV,moved
CT_20,C:\Users\USUARIO\Desktop\BP Mayo 2026\SynologyDrive\CT_20\101EK113\01140734.JPG,C:\Users\USUARIO\Desktop\BP Mayo 2026\SynologyDrive\CT_20\01140734.JPG,moved
CT_20,C:\Users\USUARIO\Desktop\BP Mayo 2026\SynologyDrive\CT_20\101EK113\01140735.JPG,C:\Users\USUARIO\Desktop\BP Mayo 2026\SynologyDrive\CT_20\01140735.JPG,moved
CT_20,C:\Users\USUARIO\Desktop\BP Mayo 2026\SynologyDrive\CT_20\101EK113\01140736.JPG,C:\Users\USUARIO\Desktop\BP Mayo 2026\SynologyDrive\CT_20\01140736.JPG,moved
CT_20,C:\Users\USUARIO\Desktop\BP Mayo 2026\SynologyDrive\CT_20\101EK113\01140737.MOV,C:\Users\USUARIO\Desktop\BP Mayo 2026\SynologyDrive\CT_20\01140737.MOV,moved
CT_20,C:\Users\USUARIO\Desktop\BP Mayo 2026\SynologyDrive\CT_20\101EK113\01140738.JPG,C:\Users\USUARIO\Desktop\BP Mayo 2026\SynologyDrive\CT_20\01140738.JPG,moved
CT_20,C:\Users\USUARIO\Desktop\BP Mayo 2026\SynologyDrive\CT_20\101EK113\01140739.JPG,C:\Users\USUARIO\Desktop\BP Mayo 2026\SynologyDrive\CT_20\01140739.JPG,moved
CT_20,C:\Users\USUARIO\Desktop\BP Mayo 2026\SynologyDrive\CT_20\101EK113\01140740.JPG,C:\Users\USUARIO\Desktop\BP Mayo 2026\SynologyDrive\CT_20\01140740.JPG,moved
CT_20,C:\Users\USUARIO\Desktop\BP Mayo 2026\SynologyDrive\CT_20\101EK113\01140741.MOV,C:\Users\USUARIO\Desktop\BP Mayo 2026\SynologyDrive\CT_20\01140741.MOV,moved
CT_20,C:\Users\USUARIO\Desktop\BP Mayo 2026\SynologyDrive\CT_20\101EK113\01140742.JPG,C:\Users\USUARIO\Desktop\BP Mayo 2026\SynologyDrive\CT_20\01140742.JPG,moved
CT_20,C:\Users\USUARIO\Desktop\BP Mayo 2026\SynologyDrive\CT_20\101EK113\01140743.JPG,C:\Users\USUARIO\Desktop\BP Mayo 2026\SynologyDrive\CT_20\01140743.JPG,moved
CT_20,C:\Users\USUARIO\Desktop\BP Mayo 2026\SynologyDrive\CT_20\101EK113\01140744.JPG,C:\Users\USUARIO\Desktop\BP Mayo 2026\SynologyDrive\CT_20\01140744.JPG,moved
CT_20,C:\Users\USUARIO\Desktop\BP Mayo 2026\SynologyDrive\CT_20\101EK113\01140745.MOV,C:\Users\USUARIO\Desktop\BP Mayo 2026\SynologyDrive\CT_20\01140745.MOV,moved
CT_20,C:\Users\USUARIO\Desktop\BP Mayo 2026\SynologyDrive\CT_20\101EK113\01140746.JPG,C:\Users\USUARIO\Desktop\BP Mayo 2026\SynologyDrive\CT_20\01140746.JPG,moved
CT_20,C:\Users\USUARIO\Desktop\BP Mayo 2026\SynologyDrive\CT_20\101EK113\01140747.JPG,C:\Users\USUARIO\Desktop\BP Mayo 2026\SynologyDrive\CT_20\01140747.JPG,moved
CT_20,C:\Users\USUARIO\Desktop\BP Mayo 2026\SynologyDrive\CT_20\101EK113\01140748.JPG,C:\Users\USUARIO\Desktop\BP Mayo 2026\SynologyDrive\CT_20\01140748.JPG,moved
CT_20,C:\Users\USUARIO\Desktop\BP Mayo 2026\SynologyDrive\CT_20\101EK113\01140749.MOV,C:\Users\USUARIO\Desktop\BP Mayo 2026\SynologyDrive\CT_20\01140749.MOV,moved
CT_20,C:\Users\USUARIO\Desktop\BP Mayo 2026\SynologyDrive\CT_20\101EK113\01140750.JPG,C:\Users\USUARIO\Desktop\BP Mayo 2026\SynologyDrive\CT_20\01140750.JPG,moved
CT_20,C:\Users\USUARIO\Desktop\BP Mayo 2026\SynologyDrive\CT_20\101EK113\01140751.JPG,C:\Users\USUARIO\Desktop\BP Mayo 2026\SynologyDrive\CT_20\01140751.JPG,moved
CT_20,C:\Users\USUARIO\Desktop\BP Mayo 2026\SynologyDrive\CT_20\101EK113\01140752.JPG,C:\Users\USUARIO\Desktop\BP Mayo 2026\SynologyDrive\CT_20\01140752.JPG,moved
CT_20,C:\Users\USUARIO\Desktop\BP Mayo 2026\SynologyDrive\CT_20\101EK113\01140753.MOV,C:\Users\USUARIO\Desktop\BP Mayo 2026\SynologyDrive\CT_20\01140753.MOV,moved
CT_20,C:\Users\USUARIO\Desktop\BP Mayo 2026\SynologyDrive\CT_20\101EK113\01140754.JPG,C:\Users\USUARIO\Desktop\BP Mayo 2026\SynologyDrive\CT_20\01140754.JPG,moved
CT_20,C:\Users\USUARIO\Desktop\BP Mayo 2026\SynologyDrive\CT_20\101EK113\01140755.JPG,C:\Users\USUARIO\Desktop\BP Mayo 2026\SynologyDrive\CT_20\01140755.JPG,moved
CT_20,C:\Users\USUARIO\Desktop\BP Mayo 2026\SynologyDrive\CT_20\101EK113\01140756.JPG,C:\Users\USUARIO\Desktop\BP Mayo 2026\SynologyDrive\CT_20\01140756.JPG,moved
CT_20,C:\Users\USUARIO\Desktop\BP Mayo 2026\SynologyDrive\CT_20\101EK113\01140757.MOV,C:\Users\USUARIO\Desktop\BP Mayo 2026\SynologyDrive\CT_20\01140757.MOV,moved
CT_20,C:\Users\USUARIO\Desktop\BP Mayo 2026\SynologyDrive\CT_20\101EK113\01140758.JPG,C:\Users\USUARIO\Desktop\BP Mayo 2026\SynologyDrive\CT_20\01140758.JPG,moved
CT_20,C:\Users\USUARIO\Desktop\BP Mayo 2026\SynologyDrive\CT_20\101EK113\01140759.JPG,C:\Users\USUARIO\Desktop\BP Mayo 2026\SynologyDrive\CT_20\01140759.JPG,moved
CT_20,C:\Users\USUARIO\Desktop\BP Mayo 2026\SynologyDrive\CT_20\101EK113\01140760.JPG,C:\Users\USUARIO\Desktop\BP Mayo 2026\SynologyDrive\CT_20\01140760.JPG,moved
CT_20,C:\Users\USUARIO\Desktop\BP Mayo 2026\SynologyDrive\CT_20\101EK113\01140761.MOV,C:\Users\USUARIO\Desktop\BP Mayo 2026\SynologyDrive\CT_20\01140761.MOV,moved
CT_20,C:\Users\USUARIO\Desktop\BP Mayo 2026\SynologyDrive\CT_20\101EK113\01140762.JPG,C:\Users\USUARIO\Desktop\BP Mayo 2026\SynologyDrive\CT_20\01140762.JPG,moved
CT_20,C:\Users\USUARIO\Desktop\BP Mayo 2026\SynologyDrive\CT_20\101EK113\01140763.JPG,C:\Users\USUARIO\Desktop\BP Mayo 2026\SynologyDrive\CT_20\01140763.JPG,moved
CT_20,C:\Users\USUARIO\Desktop\BP Mayo 2026\SynologyDrive\CT_20\101EK113\01140764.JPG,C:\Users\USUARIO\Desktop\BP Mayo 2026\SynologyDrive\CT_20\01140764.JPG,moved
CT_20,C:\Users\USUARIO\Desktop\BP Mayo 2026\SynologyDrive\CT_20\101EK113\01140765.MOV,C:\Users\USUARIO\Desktop\BP Mayo 2026\SynologyDrive\CT_20\01140765.MOV,moved
CT_20,C:\Users\USUARIO\Desktop\BP Mayo 2026\SynologyDrive\CT_20\101EK113\01140766.JPG,C:\Users\USUARIO\Desktop\BP Mayo 2026\SynologyDrive\CT_20\01140766.JPG,moved
CT_20,C:\Users\USUARIO\Desktop\BP Mayo 2026\SynologyDrive\CT_20\101EK113\01140767.JPG,C:\Users\USUARIO\Desktop\BP Mayo 2026\SynologyDrive\CT_20\01140767.JPG,moved
CT_20,C:\Users\USUARIO\Desktop\BP Mayo 2026\SynologyDrive\CT_20\101EK113\01140768.JPG,C:\Users\USUARIO\Desktop\BP Mayo 2026\SynologyDrive\CT_20\01140768.JPG,moved
CT_20,C:\Users\USUARIO\Desktop\BP Mayo 2026\SynologyDrive\CT_20\101EK113\01140769.MOV,C:\Users\USUARIO\Desktop\BP Mayo 2026\SynologyDrive\CT_20\01140769.MOV,moved
CT_20,C:\Users\USUARIO\Desktop\BP Mayo 2026\SynologyDrive\CT_20\101EK113\01140770.JPG,C:\Users\USUARIO\Desktop\BP Mayo 2026\SynologyDrive\CT_20\01140770.JPG,moved
CT_20,C:\Users\USUARIO\Desktop\BP Mayo 2026\SynologyDrive\CT_20\101EK113\01140771.JPG,C:\Users\USUARIO\Desktop\BP Mayo 2026\SynologyDrive\CT_20\01140771.JPG,moved
CT_20,C:\Users\USUARIO\Desktop\BP Mayo 2026\SynologyDrive\CT_20\101EK113\01140772.JPG,C:\Users\USUARIO\Desktop\BP Mayo 2026\SynologyDrive\CT_20\01140772.JPG,moved
CT_20,C:\Users\USUARIO\Desktop\BP Mayo 2026\SynologyDrive\CT_20\101EK113\01140773.MOV,C:\Users\USUARIO\Desktop\BP Mayo 2026\SynologyDrive\CT_20\01140773.MOV,moved
CT_20,C:\Users\USUARIO\Desktop\BP Mayo 2026\SynologyDrive\CT_20\101EK113\01140774.JPG,C:\Users\USUARIO\Desktop\BP Mayo 2026\SynologyDrive\CT_20\01140774.JPG,moved
CT_20,C:\Users\USUARIO\Desktop\BP Mayo 2026\SynologyDrive\CT_20\101EK113\01140775.JPG,C:\Users\USUARIO\Desktop\BP Mayo 2026\SynologyDrive\CT_20\01140775.JPG,moved
CT_20,C:\Users\USUARIO\Desktop\BP Mayo 2026\SynologyDrive\CT_20\101EK113\01140776.JPG,C:\Users\USUARIO\Desktop\BP Mayo 2026\SynologyDrive\CT_20\01140776.JPG,moved
CT_20,C:\Users\USUARIO\Desktop\BP Mayo 2026\SynologyDrive\CT_20\101EK113\01140777.MOV,C:\Users\USUARIO\Desktop\BP Mayo 2026\SynologyDrive\CT_20\01140777.MOV,moved
CT_20,C:\Users\USUARIO\Desktop\BP Mayo 2026\SynologyDrive\CT_20\101EK113\01140778.JPG,C:\Users\USUARIO\Desktop\BP Mayo 2026\SynologyDrive\CT_20\01140778.JPG,moved
CT_20,C:\Users\USUARIO\Desktop\BP Mayo 2026\SynologyDrive\CT_20\101EK113\01140779.JPG,C:\Users\USUARIO\Desktop\BP Mayo 2026\SynologyDrive\CT_20\01140779.JPG,moved
CT_20,C:\Users\USUARIO\Desktop\BP Mayo 2026\SynologyDrive\CT_20\101EK113\01140780.JPG,C:\Users\USUARIO\Desktop\BP Mayo 2026\SynologyDrive\CT_20\01140780.JPG,moved
CT_20,C:\Users\USUARIO\Desktop\BP Mayo 2026\SynologyDrive\CT_20\101EK113\01140781.MOV,C:\Users\USUARIO\Desktop\BP Mayo 2026\SynologyDrive\CT_20\01140781.MOV,moved
CT_20,C:\Users\USUARIO\Desktop\BP Mayo 2026\SynologyDrive\CT_20\101EK113\01140782.JPG,C:\Users\USUARIO\Desktop\BP Mayo 2026\SynologyDrive\CT_20\01140782.JPG,moved
CT_20,C:\Users\USUARIO\Desktop\BP Mayo 2026\SynologyDrive\CT_20\101EK113\01140783.JPG,C:\Users\USUARIO\Desktop\BP Mayo 2026\SynologyDrive\CT_20\01140783.JPG,moved
CT_20,C:\Users\USUARIO\Desktop\BP Mayo 2026\SynologyDrive\CT_20\101EK113\01140784.JPG,C:\Users\USUARIO\Desktop\BP Mayo 2026\SynologyDrive\CT_20\01140784.JPG,moved
CT_20,C:\Users\USUARIO\Desktop\BP Mayo 2026\SynologyDrive\CT_20\101EK113\01140785.MOV,C:\Users\USUARIO\Desktop\BP Mayo 2026\SynologyDrive\CT_20\01140785.MOV,moved
CT_20,C:\Users\USUARIO\Desktop\BP Mayo 2026\SynologyDrive\CT_20\101EK113\01140786.JPG,C:\Users\USUARIO\Desktop\BP Mayo 2026\SynologyDrive\CT_20\01140786.JPG,moved
CT_20,C:\Users\USUARIO\Desktop\BP Mayo 2026\SynologyDrive\CT_20\101EK113\01140787.JPG,C:\Users\USUARIO\Desktop\BP Mayo 2026\SynologyDrive\CT_20\01140787.JPG,moved
CT_20,C:\Users\USUARIO\Desktop\BP Mayo 2026\SynologyDrive\CT_20\101EK113\01140788.JPG,C:\Users\USUARIO\Desktop\BP Mayo 2026\SynologyDrive\CT_20\01140788.JPG,moved
CT_20,C:\Users\USUARIO\Desktop\BP Mayo 2026\SynologyDrive\CT_20\101EK113\01140789.MOV,C:\Users\USUARIO\Desktop\BP Mayo 2026\SynologyDrive\CT_20\01140789.MOV,moved
CT_20,C:\Users\USUARIO\Desktop\BP Mayo 2026\SynologyDrive\CT_20\101EK113\01140790.JPG,C:\Users\USUARIO\Desktop\BP Mayo 2026\SynologyDrive\CT_20\01140790.JPG,moved
CT_20,C:\Users\USUARIO\Desktop\BP Mayo 2026\SynologyDrive\CT_20\101EK113\01140791.JPG,C:\Users\USUARIO\Desktop\BP Mayo 2026\SynologyDrive\CT_20\01140791.JPG,moved
CT_20,C:\Users\USUARIO\Desktop\BP Mayo 2026\SynologyDrive\CT_20\101EK113\01140792.JPG,C:\Users\USUARIO\Desktop\BP Mayo 2026\SynologyDrive\CT_20\01140792.JPG,moved
CT_20,C:\Users\USUARIO\Desktop\BP Mayo 2026\SynologyDrive\CT_20\101EK113\01140793.MOV,C:\Users\USUARIO\Desktop\BP Mayo 2026\SynologyDrive\CT_20\01140793.MOV,moved
CT_20,C:\Users\USUARIO\Desktop\BP Mayo 2026\SynologyDrive\CT_20\101EK113\01140794.JPG,C:\Users\USUARIO\Desktop\BP Mayo 2026\SynologyDrive\CT_20\01140794.JPG,moved
CT_20,C:\Users\USUARIO\Desktop\BP Mayo 2026\SynologyDrive\CT_20\101EK113\01140795.JPG,C:\Users\USUARIO\Desktop\BP Mayo 2026\SynologyDrive\CT_20\01140795.JPG,moved
CT_20,C:\Users\USUARIO\Desktop\BP Mayo 2026\SynologyDrive\CT_20\101EK113\01140796.JPG,C:\Users\USUARIO\Desktop\BP Mayo 2026\SynologyDrive\CT_20\01140796.JPG,moved
CT_20,C:\Users\USUARIO\Desktop\BP Mayo 2026\SynologyDrive\CT_20\101EK113\01140797.MOV,C:\Users\USUARIO\Desktop\BP Mayo 2026\SynologyDrive\CT_20\01140797.MOV,moved
CT_20,C:\Users\USUARIO\Desktop\BP Mayo 2026\SynologyDrive\CT_20\101EK113\01140798.JPG,C:\Users\USUARIO\Desktop\BP Mayo 2026\SynologyDrive\CT_20\01140798.JPG,moved
CT_20,C:\Users\USUARIO\Desktop\BP Mayo 2026\SynologyDrive\CT_20\101EK113\01140799.JPG,C:\Users\USUARIO\Desktop\BP Mayo 2026\SynologyDrive\CT_20\01140799.JPG,moved
CT_20,C:\Users\USUARIO\Desktop\BP Mayo 2026\SynologyDrive\CT_20\101EK113\01140800.JPG,C:\Users\USUARIO\Desktop\BP Mayo 2026\SynologyDrive\CT_20\01140800.JPG,moved
CT_20,C:\Users\USUARIO\Desktop\BP Mayo 2026\SynologyDrive\CT_20\101EK113\01140801.MOV,C:\Users\USUARIO\Desktop\BP Mayo 2026\SynologyDrive\CT_20\01140801.MOV,moved
CT_20,C:\Users\USUARIO\Desktop\BP Mayo 2026\SynologyDrive\CT_20\101EK113\01140802.JPG,C:\Users\USUARIO\Desktop\BP Mayo 2026\SynologyDrive\CT_20\01140802.JPG,moved
CT_20,C:\Users\USUARIO\Desktop\BP Mayo 2026\SynologyDrive\CT_20\101EK113\01140803.JPG,C:\Users\USUARIO\Desktop\BP Mayo 2026\SynologyDrive\CT_20\01140803.JPG,moved
CT_20,C:\Users\USUARIO\Desktop\BP Mayo 2026\SynologyDrive\CT_20\101EK113\01140804.JPG,C:\Users\USUARIO\Desktop\BP Mayo 2026\SynologyDrive\CT_20\01140804.JPG,moved
CT_20,C:\Users\USUARIO\Desktop\BP Mayo 2026\SynologyDrive\CT_20\101EK113\01140805.MOV,C:\Users\USUARIO\Desktop\BP Mayo 2026\SynologyDrive\CT_20\01140805.MOV,moved
CT_20,C:\Users\USUARIO\Desktop\BP Mayo 2026\SynologyDrive\CT_20\101EK113\01140806.JPG,C:\Users\USUARIO\Desktop\BP Mayo 2026\SynologyDrive\CT_20\01140806.JPG,moved
CT_20,C:\Users\USUARIO\Desktop\BP Mayo 2026\SynologyDrive\CT_20\101EK113\01140807.JPG,C:\Users\USUARIO\Desktop\BP Mayo 2026\SynologyDrive\CT_20\01140807.JPG,moved
CT_20,C:\Users\USUARIO\Desktop\BP Mayo 2026\SynologyDrive\CT_20\101EK113\01140808.JPG,C:\Users\USUARIO\Desktop\BP Mayo 2026\SynologyDrive\CT_20\01140808.JPG,moved
CT_20,C:\Users\USUARIO\Desktop\BP Mayo 2026\SynologyDrive\CT_20\101EK113\01140809.MOV,C:\Users\USUARIO\Desktop\BP Mayo 2026\SynologyDrive\CT_20\01140809.MOV,moved
CT_20,C:\Users\USUARIO\Desktop\BP Mayo 2026\SynologyDrive\CT_20\101EK113\01140810.JPG,C:\Users\USUARIO\Desktop\BP Mayo 2026\SynologyDrive\CT_20\01140810.JPG,moved
CT_20,C:\Users\USUARIO\Desktop\BP Mayo 2026\SynologyDrive\CT_20\101EK113\01140811.JPG,C:\Users\USUARIO\Desktop\BP Mayo 2026\SynologyDrive\CT_20\01140811.JPG,moved
CT_20,C:\Users\USUARIO\Desktop\BP Mayo 2026\SynologyDrive\CT_20\101EK113\01140812.JPG,C:\Users\USUARIO\Desktop\BP Mayo 2026\SynologyDrive\CT_20\01140812.JPG,moved
CT_20,C:\Users\USUARIO\Desktop\BP Mayo 2026\SynologyDrive\CT_20\101EK113\01140813.MOV,C:\Users\USUARIO\Desktop\BP Mayo 2026\SynologyDrive\CT_20\01140813.MOV,moved
CT_20,C:\Users\USUARIO\Desktop\BP Mayo 2026\SynologyDrive\CT_20\101EK113\01140814.JPG,C:\Users\USUARIO\Desktop\BP Mayo 2026\SynologyDrive\CT_20\01140814.JPG,moved
CT_20,C:\Users\USUARIO\Desktop\BP Mayo 2026\SynologyDrive\CT_20\101EK113\01140815.JPG,C:\Users\USUARIO\Desktop\BP Mayo 2026\SynologyDrive\CT_20\01140815.JPG,moved
CT_20,C:\Users\USUARIO\Desktop\BP Mayo 2026\SynologyDrive\CT_20\101EK113\01140816.JPG,C:\Users\USUARIO\Desktop\BP Mayo 2026\SynologyDrive\CT_20\01140816.JPG,moved
CT_20,C:\Users\USUARIO\Desktop\BP Mayo 2026\SynologyDrive\CT_20\101EK113\01140817.MOV,C:\Users\USUARIO\Desktop\BP Mayo 2026\SynologyDrive\CT_20\01140817.MOV,moved
CT_20,C:\Users\USUARIO\Desktop\BP Mayo 2026\SynologyDrive\CT_20\101EK113\01140818.JPG,C:\Users\USUARIO\Desktop\BP Mayo 2026\SynologyDrive\CT_20\01140818.JPG,moved
CT_20,C:\Users\USUARIO\Desktop\BP Mayo 2026\SynologyDrive\CT_20\101EK113\01140819.JPG,C:\Users\USUARIO\Desktop\BP Mayo 2026\SynologyDrive\CT_20\01140819.JPG,moved
CT_20,C:\Users\USUARIO\Desktop\BP Mayo 2026\SynologyDrive\CT_20\101EK113\01140820.JPG,C:\Users\USUARIO\Desktop\BP Mayo 2026\SynologyDrive\CT_20\01140820.JPG,moved
CT_20,C:\Users\USUARIO\Desktop\BP Mayo 2026\SynologyDrive\CT_20\101EK113\01140821.MOV,C:\Users\USUARIO\Desktop\BP Mayo 2026\SynologyDrive\CT_20\01140821.MOV,moved
CT_20,C:\Users\USUARIO\Desktop\BP Mayo 2026\SynologyDrive\CT_20\101EK113\01140822.JPG,C:\Users\USUARIO\Desktop\BP Mayo 2026\SynologyDrive\CT_20\01140822.JPG,moved
CT_20,C:\Users\USUARIO\Desktop\BP Mayo 2026\SynologyDrive\CT_20\101EK113\01140823.JPG,C:\Users\USUARIO\Desktop\BP Mayo 2026\SynologyDrive\CT_20\01140823.JPG,moved
CT_20,C:\Users\USUARIO\Desktop\BP Mayo 2026\SynologyDrive\CT_20\101EK113\01140824.JPG,C:\Users\USUARIO\Desktop\BP Mayo 2026\SynologyDrive\CT_20\01140824.JPG,moved
CT_20,C:\Users\USUARIO\Desktop\BP Mayo 2026\SynologyDrive\CT_20\101EK113\01140825.MOV,C:\Users\USUARIO\Desktop\BP Mayo 2026\SynologyDrive\CT_20\01140825.MOV,moved
CT_20,C:\Users\USUARIO\Desktop\BP Mayo 2026\SynologyDrive\CT_20\101EK113\01140826.JPG,C:\Users\USUARIO\Desktop\BP Mayo 2026\SynologyDrive\CT_20\01140826.JPG,moved
CT_20,C:\Users\USUARIO\Desktop\BP Mayo 2026\SynologyDrive\CT_20\101EK113\01140827.JPG,C:\Users\USUARIO\Desktop\BP Mayo 2026\SynologyDrive\CT_20\01140827.JPG,moved
CT_20,C:\Users\USUARIO\Desktop\BP Mayo 2026\SynologyDrive\CT_20\101EK113\01140828.JPG,C:\Users\USUARIO\Desktop\BP Mayo 2026\SynologyDrive\CT_20\01140828.JPG,moved
CT_20,C:\Users\USUARIO\Desktop\BP Mayo 2026\SynologyDrive\CT_20\101EK113\01140829.MOV,C:\Users\USUARIO\Desktop\BP Mayo 2026\SynologyDrive\CT_20\01140829.MOV,moved
CT_20,C:\Users\USUARIO\Desktop\BP Mayo 2026\SynologyDrive\CT_20\101EK113\01140830.JPG,C:\Users\USUARIO\Desktop\BP Mayo 2026\SynologyDrive\CT_20\01140830.JPG,moved
CT_20,C:\Users\USUARIO\Desktop\BP Mayo 2026\SynologyDrive\CT_20\101EK113\01140831.JPG,C:\Users\USUARIO\Desktop\BP Mayo 2026\SynologyDrive\CT_20\01140831.JPG,moved
CT_20,C:\Users\USUARIO\Desktop\BP Mayo 2026\SynologyDrive\CT_20\101EK113\01140832.JPG,C:\Users\USUARIO\Desktop\BP Mayo 2026\SynologyDrive\CT_20\01140832.JPG,moved
CT_20,C:\Users\USUARIO\Desktop\BP Mayo 2026\SynologyDrive\CT_20\101EK113\01140833.MOV,C:\Users\USUARIO\Desktop\BP Mayo 2026\SynologyDrive\CT_20\01140833.MOV,moved
CT_20,C:\Users\USUARIO\Desktop\BP Mayo 2026\SynologyDrive\CT_20\101EK113\01140834.JPG,C:\Users\USUARIO\Desktop\BP Mayo 2026\SynologyDrive\CT_20\01140834.JPG,moved
CT_20,C:\Users\USUARIO\Desktop\BP Mayo 2026\SynologyDrive\CT_20\101EK113\01140835.JPG,C:\Users\USUARIO\Desktop\BP Mayo 2026\SynologyDrive\CT_20\01140835.JPG,moved
CT_20,C:\Users\USUARIO\Desktop\BP Mayo 2026\SynologyDrive\CT_20\101EK113\01140836.JPG,C:\Users\USUARIO\Desktop\BP Mayo 2026\SynologyDrive\CT_20\01140836.JPG,moved
CT_20,C:\Users\USUARIO\Desktop\BP Mayo 2026\SynologyDrive\CT_20\101EK113\01140837.MOV,C:\Users\USUARIO\Desktop\BP Mayo 2026\SynologyDrive\CT_20\01140837.MOV,moved
CT_23,C:\Users\USUARIO\Desktop\BP Mayo 2026\SynologyDrive\CT_23\100EK113\01140001.JPG,C:\Users\USUARIO\Desktop\BP Mayo 2026\SynologyDrive\CT_23\01140001.JPG,moved
CT_23,C:\Users\USUARIO\Desktop\BP Mayo 2026\SynologyDrive\CT_23\100EK113\01140002.JPG,C:\Users\USUARIO\Desktop\BP Mayo 2026\SynologyDrive\CT_23\01140002.JPG,moved
CT_23,C:\Users\USUARIO\Desktop\BP Mayo 2026\SynologyDrive\CT_23\100EK113\01140003.MP4,C:\Users\USUARIO\Desktop\BP Mayo 2026\SynologyDrive\CT_23\01140003.MP4,moved
CT_23,C:\Users\USUARIO\Desktop\BP Mayo 2026\SynologyDrive\CT_23\100EK113\01180004.JPG,C:\Users\USUARIO\Desktop\BP Mayo 2026\SynologyDrive\CT_23\01180004.JPG,moved
CT_23,C:\Users\USUARIO\Desktop\BP Mayo 2026\SynologyDrive\CT_23\100EK113\01180005.JPG,C:\Users\USUARIO\Desktop\BP Mayo 2026\SynologyDrive\CT_23\01180005.JPG,moved
CT_23,C:\Users\USUARIO\Desktop\BP Mayo 2026\SynologyDrive\CT_23\100EK113\01180006.JPG,C:\Users\USUARIO\Desktop\BP Mayo 2026\SynologyDrive\CT_23\01180006.JPG,moved
CT_23,C:\Users\USUARIO\Desktop\BP Mayo 2026\SynologyDrive\CT_23\100EK113\01180007.MP4,C:\Users\USUARIO\Desktop\BP Mayo 2026\SynologyDrive\CT_23\01180007.MP4,moved
CT_23,C:\Users\USUARIO\Desktop\BP Mayo 2026\SynologyDrive\CT_23\100EK113\01180008.JPG,C:\Users\USUARIO\Desktop\BP Mayo 2026\SynologyDrive\CT_23\01180008.JPG,moved
CT_23,C:\Users\USUARIO\Desktop\BP Mayo 2026\SynologyDrive\CT_23\100EK113\01180009.JPG,C:\Users\USUARIO\Desktop\BP Mayo 2026\SynologyDrive\CT_23\01180009.JPG,moved
CT_23,C:\Users\USUARIO\Desktop\BP Mayo 2026\SynologyDrive\CT_23\100EK113\01180010.JPG,C:\Users\USUARIO\Desktop\BP Mayo 2026\SynologyDrive\CT_23\01180010.JPG,moved
CT_23,C:\Users\USUARIO\Desktop\BP Mayo 2026\SynologyDrive\CT_23\100EK113\01180011.MP4,C:\Users\USUARIO\Desktop\BP Mayo 2026\SynologyDrive\CT_23\01180011.MP4,moved
CT_23,C:\Users\USUARIO\Desktop\BP Mayo 2026\SynologyDrive\CT_23\100EK113\01180012.JPG,C:\Users\USUARIO\Desktop\BP Mayo 2026\SynologyDrive\CT_23\01180012.JPG,moved
CT_23,C:\Users\USUARIO\Desktop\BP Mayo 2026\SynologyDrive\CT_23\100EK113\01180013.JPG,C:\Users\USUARIO\Desktop\BP Mayo 2026\SynologyDrive\CT_23\01180013.JPG,moved
CT_23,C:\Users\USUARIO\Desktop\BP Mayo 2026\SynologyDrive\CT_23\100EK113\01180014.JPG,C:\Users\USUARIO\Desktop\BP Mayo 2026\SynologyDrive\CT_23\01180014.JPG,moved
CT_23,C:\Users\USUARIO\Desktop\BP Mayo 2026\SynologyDrive\CT_23\100EK113\01180015.MP4,C:\Users\USUARIO\Desktop\BP Mayo 2026\SynologyDrive\CT_23\01180015.MP4,moved
CT_23,C:\Users\USUARIO\Desktop\BP Mayo 2026\SynologyDrive\CT_23\100EK113\01180016.JPG,C:\Users\USUARIO\Desktop\BP Mayo 2026\SynologyDrive\CT_23\01180016.JPG,moved
CT_23,C:\Users\USUARIO\Desktop\BP Mayo 2026\SynologyDrive\CT_23\100EK113\01180017.JPG,C:\Users\USUARIO\Desktop\BP Mayo 2026\SynologyDrive\CT_23\01180017.JPG,moved
CT_23,C:\Users\USUARIO\Desktop\BP Mayo 2026\SynologyDrive\CT_23\100EK113\01180018.JPG,C:\Users\USUARIO\Desktop\BP Mayo 2026\SynologyDrive\CT_23\01180018.JPG,moved
CT_23,C:\Users\USUARIO\Desktop\BP Mayo 2026\SynologyDrive\CT_23\100EK113\01180019.MP4,C:\Users\USUARIO\Desktop\BP Mayo 2026\SynologyDrive\CT_23\01180019.MP4,moved
CT_23,C:\Users\USUARIO\Desktop\BP Mayo 2026\SynologyDrive\CT_23\100EK113\01180020.JPG,C:\Users\USUARIO\Desktop\BP Mayo 2026\SynologyDrive\CT_23\01180020.JPG,moved
CT_23,C:\Users\USUARIO\Desktop\BP Mayo 2026\SynologyDrive\CT_23\100EK113\01180021.JPG,C:\Users\USUARIO\Desktop\BP Mayo 2026\SynologyDrive\CT_23\01180021.JPG,moved
CT_23,C:\Users\USUARIO\Desktop\BP Mayo 2026\SynologyDrive\CT_23\100EK113\01180022.MP4,C:\Users\USUARIO\Desktop\BP Mayo 2026\SynologyDrive\CT_23\01180022.MP4,moved
CT_23,C:\Users\USUARIO\Desktop\BP Mayo 2026\SynologyDrive\CT_23\100EK113\01180023.JPG,C:\Users\USUARIO\Desktop\BP Mayo 2026\SynologyDrive\CT_23\01180023.JPG,moved
CT_23,C:\Users\USUARIO\Desktop\BP Mayo 2026\SynologyDrive\CT_23\100EK113\01180024.JPG,C:\Users\USUARIO\Desktop\BP Mayo 2026\SynologyDrive\CT_23\01180024.JPG,moved
CT_23,C:\Users\USUARIO\Desktop\BP Mayo 2026\SynologyDrive\CT_23\100EK113\01180025.JPG,C:\Users\USUARIO\Desktop\BP Mayo 2026\SynologyDrive\CT_23\01180025.JPG,moved
CT_23,C:\Users\USUARIO\Desktop\BP Mayo 2026\SynologyDrive\CT_23\100EK113\01180026.MP4,C:\Users\USUARIO\Desktop\BP Mayo 2026\SynologyDrive\CT_23\01180026.MP4,moved
CT_23,C:\Users\USUARIO\Desktop\BP Mayo 2026\SynologyDrive\CT_23\100EK113\01180027.JPG,C:\Users\USUARIO\Desktop\BP Mayo 2026\SynologyDrive\CT_23\01180027.JPG,moved
CT_23,C:\Users\USUARIO\Desktop\BP Mayo 2026\SynologyDrive\CT_23\100EK113\01180028.JPG,C:\Users\USUARIO\Desktop\BP Mayo 2026\SynologyDrive\CT_23\01180028.JPG,moved
CT_23,C:\Users\USUARIO\Desktop\BP Mayo 2026\SynologyDrive\CT_23\100EK113\01180029.MP4,C:\Users\USUARIO\Desktop\BP Mayo 2026\SynologyDrive\CT_23\01180029.MP4,moved
CT_23,C:\Users\USUARIO\Desktop\BP Mayo 2026\SynologyDrive\CT_23\100EK113\01180030.JPG,C:\Users\USUARIO\Desktop\BP Mayo 2026\SynologyDrive\CT_23\01180030.JPG,moved
CT_23,C:\Users\USUARIO\Desktop\BP Mayo 2026\SynologyDrive\CT_23\100EK113\01180031.JPG,C:\Users\USUARIO\Desktop\BP Mayo 2026\SynologyDrive\CT_23\01180031.JPG,moved
CT_23,C:\Users\USUARIO\Desktop\BP Mayo 2026\SynologyDrive\CT_23\100EK113\01180032.MP4,C:\Users\USUARIO\Desktop\BP Mayo 2026\SynologyDrive\CT_23\01180032.MP4,moved
CT_23,C:\Users\USUARIO\Desktop\BP Mayo 2026\SynologyDrive\CT_23\100EK113\01180033.JPG,C:\Users\USUARIO\Desktop\BP Mayo 2026\SynologyDrive\CT_23\01180033.JPG,moved
CT_23,C:\Users\USUARIO\Desktop\BP Mayo 2026\SynologyDrive\CT_23\100EK113\01180034.JPG,C:\Users\USUARIO\Desktop\BP Mayo 2026\SynologyDrive\CT_23\01180034.JPG,moved
CT_23,C:\Users\USUARIO\Desktop\BP Mayo 2026\SynologyDrive\CT_23\100EK113\01180035.MP4,C:\Users\USUARIO\Desktop\BP Mayo 2026\SynologyDrive\CT_23\01180035.MP4,moved
CT_23,C:\Users\USUARIO\Desktop\BP Mayo 2026\SynologyDrive\CT_23\100EK113\01180036.JPG,C:\Users\USUARIO\Desktop\BP Mayo 2026\SynologyDrive\CT_23\01180036.JPG,moved
CT_23,C:\Users\USUARIO\Desktop\BP Mayo 2026\SynologyDrive\CT_23\100EK113\01180037.JPG,C:\Users\USUARIO\Desktop\BP Mayo 2026\SynologyDrive\CT_23\01180037.JPG,moved
CT_23,C:\Users\USUARIO\Desktop\BP Mayo 2026\SynologyDrive\CT_23\100EK113\01180038.MP4,C:\Users\USUARIO\Desktop\BP Mayo 2026\SynologyDrive\CT_23\01180038.MP4,moved
CT_23,C:\Users\USUARIO\Desktop\BP Mayo 2026\SynologyDrive\CT_23\100EK113\01180039.JPG,C:\Users\USUARIO\Desktop\BP Mayo 2026\SynologyDrive\CT_23\01180039.JPG,moved
CT_23,C:\Users\USUARIO\Desktop\BP Mayo 2026\SynologyDrive\CT_23\100EK113\01180040.JPG,C:\Users\USUARIO\Desktop\BP Mayo 2026\SynologyDrive\CT_23\01180040.JPG,moved
CT_23,C:\Users\USUARIO\Desktop\BP Mayo 2026\SynologyDrive\CT_23\100EK113\01180041.MP4,C:\Users\USUARIO\Desktop\BP Mayo 2026\SynologyDrive\CT_23\01180041.MP4,moved
CT_23,C:\Users\USUARIO\Desktop\BP Mayo 2026\SynologyDrive\CT_23\100EK113\01180042.JPG,C:\Users\USUARIO\Desktop\BP Mayo 2026\SynologyDrive\CT_23\01180042.JPG,moved
CT_23,C:\Users\USUARIO\Desktop\BP Mayo 2026\SynologyDrive\CT_23\100EK113\01180043.JPG,C:\Users\USUARIO\Desktop\BP Mayo 2026\SynologyDrive\CT_23\01180043.JPG,moved
CT_23,C:\Users\USUARIO\Desktop\BP Mayo 2026\SynologyDrive\CT_23\100EK113\01180044.MP4,C:\Users\USUARIO\Desktop\BP Mayo 2026\SynologyDrive\CT_23\01180044.MP4,moved
CT_23,C:\Users\USUARIO\Desktop\BP Mayo 2026\SynologyDrive\CT_23\100EK113\01180045.JPG,C:\Users\USUARIO\Desktop\BP Mayo 2026\SynologyDrive\CT_23\01180045.JPG,moved
CT_23,C:\Users\USUARIO\Desktop\BP Mayo 2026\SynologyDrive\CT_23\100EK113\01180046.JPG,C:\Users\USUARIO\Desktop\BP Mayo 2026\SynologyDrive\CT_23\01180046.JPG,moved
CT_23,C:\Users\USUARIO\Desktop\BP Mayo 2026\SynologyDrive\CT_23\100EK113\01180047.MP4,C:\Users\USUARIO\Desktop\BP Mayo 2026\SynologyDrive\CT_23\01180047.MP4,moved
CT_23,C:\Users\USUARIO\Desktop\BP Mayo 2026\SynologyDrive\CT_23\100EK113\01180048.JPG,C:\Users\USUARIO\Desktop\BP Mayo 2026\SynologyDrive\CT_23\01180048.JPG,moved
CT_23,C:\Users\USUARIO\Desktop\BP Mayo 2026\SynologyDrive\CT_23\100EK113\01180049.JPG,C:\Users\USUARIO\Desktop\BP Mayo 2026\SynologyDrive\CT_23\01180049.JPG,moved
CT_23,C:\Users\USUARIO\Desktop\BP Mayo 2026\SynologyDrive\CT_23\100EK113\01180050.MP4,C:\Users\USUARIO\Desktop\BP Mayo 2026\SynologyDrive\CT_23\01180050.MP4,moved
CT_23,C:\Users\USUARIO\Desktop\BP Mayo 2026\SynologyDrive\CT_23\100EK113\01190051.JPG,C:\Users\USUARIO\Desktop\BP Mayo 2026\SynologyDrive\CT_23\01190051.JPG,moved
CT_23,C:\Users\USUARIO\Desktop\BP Mayo 2026\SynologyDrive\CT_23\100EK113\01190052.JPG,C:\Users\USUARIO\Desktop\BP Mayo 2026\SynologyDrive\CT_23\01190052.JPG,moved
CT_23,C:\Users\USUARIO\Desktop\BP Mayo 2026\SynologyDrive\CT_23\100EK113\01190053.JPG,C:\Users\USUARIO\Desktop\BP Mayo 2026\SynologyDrive\CT_23\01190053.JPG,moved
CT_23,C:\Users\USUARIO\Desktop\BP Mayo 2026\SynologyDrive\CT_23\100EK113\01190054.MP4,C:\Users\USUARIO\Desktop\BP Mayo 2026\SynologyDrive\CT_23\01190054.MP4,moved
CT_23,C:\Users\USUARIO\Desktop\BP Mayo 2026\SynologyDrive\CT_23\100EK113\01220055.JPG,C:\Users\USUARIO\Desktop\BP Mayo 2026\SynologyDrive\CT_23\01220055.JPG,moved
CT_23,C:\Users\USUARIO\Desktop\BP Mayo 2026\SynologyDrive\CT_23\100EK113\01220056.JPG,C:\Users\USUARIO\Desktop\BP Mayo 2026\SynologyDrive\CT_23\01220056.JPG,moved
CT_23,C:\Users\USUARIO\Desktop\BP Mayo 2026\SynologyDrive\CT_23\100EK113\01220057.MP4,C:\Users\USUARIO\Desktop\BP Mayo 2026\SynologyDrive\CT_23\01220057.MP4,moved
CT_23,C:\Users\USUARIO\Desktop\BP Mayo 2026\SynologyDrive\CT_23\100EK113\01220058.JPG,C:\Users\USUARIO\Desktop\BP Mayo 2026\SynologyDrive\CT_23\01220058.JPG,moved
CT_23,C:\Users\USUARIO\Desktop\BP Mayo 2026\SynologyDrive\CT_23\100EK113\01220059.JPG,C:\Users\USUARIO\Desktop\BP Mayo 2026\SynologyDrive\CT_23\01220059.JPG,moved
CT_23,C:\Users\USUARIO\Desktop\BP Mayo 2026\SynologyDrive\CT_23\100EK113\01220060.MP4,C:\Users\USUARIO\Desktop\BP Mayo 2026\SynologyDrive\CT_23\01220060.MP4,moved
CT_23,C:\Users\USUARIO\Desktop\BP Mayo 2026\SynologyDrive\CT_23\100EK113\02110061.JPG,C:\Users\USUARIO\Desktop\BP Mayo 2026\SynologyDrive\CT_23\02110061.JPG,moved
CT_23,C:\Users\USUARIO\Desktop\BP Mayo 2026\SynologyDrive\CT_23\100EK113\02110062.JPG,C:\Users\USUARIO\Desktop\BP Mayo 2026\SynologyDrive\CT_23\02110062.JPG,moved
CT_23,C:\Users\USUARIO\Desktop\BP Mayo 2026\SynologyDrive\CT_23\100EK113\02110063.JPG,C:\Users\USUARIO\Desktop\BP Mayo 2026\SynologyDrive\CT_23\02110063.JPG,moved
CT_23,C:\Users\USUARIO\Desktop\BP Mayo 2026\SynologyDrive\CT_23\100EK113\02110064.MP4,C:\Users\USUARIO\Desktop\BP Mayo 2026\SynologyDrive\CT_23\02110064.MP4,moved
CT_23,C:\Users\USUARIO\Desktop\BP Mayo 2026\SynologyDrive\CT_23\100EK113\02190065.JPG,C:\Users\USUARIO\Desktop\BP Mayo 2026\SynologyDrive\CT_23\02190065.JPG,moved
CT_23,C:\Users\USUARIO\Desktop\BP Mayo 2026\SynologyDrive\CT_23\100EK113\02190066.JPG,C:\Users\USUARIO\Desktop\BP Mayo 2026\SynologyDrive\CT_23\02190066.JPG,moved
CT_23,C:\Users\USUARIO\Desktop\BP Mayo 2026\SynologyDrive\CT_23\100EK113\02190067.MP4,C:\Users\USUARIO\Desktop\BP Mayo 2026\SynologyDrive\CT_23\02190067.MP4,moved
CT_23,C:\Users\USUARIO\Desktop\BP Mayo 2026\SynologyDrive\CT_23\100EK113\02190068.JPG,C:\Users\USUARIO\Desktop\BP Mayo 2026\SynologyDrive\CT_23\02190068.JPG,moved
CT_23,C:\Users\USUARIO\Desktop\BP Mayo 2026\SynologyDrive\CT_23\100EK113\02190069.JPG,C:\Users\USUARIO\Desktop\BP Mayo 2026\SynologyDrive\CT_23\02190069.JPG,moved
CT_23,C:\Users\USUARIO\Desktop\BP Mayo 2026\SynologyDrive\CT_23\100EK113\02190070.MP4,C:\Users\USUARIO\Desktop\BP Mayo 2026\SynologyDrive\CT_23\02190070.MP4,moved
CT_23,C:\Users\USUARIO\Desktop\BP Mayo 2026\SynologyDrive\CT_23\100EK113\02190071.JPG,C:\Users\USUARIO\Desktop\BP Mayo 2026\SynologyDrive\CT_23\02190071.JPG,moved
CT_23,C:\Users\USUARIO\Desktop\BP Mayo 2026\SynologyDrive\CT_23\100EK113\02190072.JPG,C:\Users\USUARIO\Desktop\BP Mayo 2026\SynologyDrive\CT_23\02190072.JPG,moved
CT_23,C:\Users\USUARIO\Desktop\BP Mayo 2026\SynologyDrive\CT_23\100EK113\02190073.MP4,C:\Users\USUARIO\Desktop\BP Mayo 2026\SynologyDrive\CT_23\02190073.MP4,moved
CT_23,C:\Users\USUARIO\Desktop\BP Mayo 2026\SynologyDrive\CT_23\100EK113\02190074.JPG,C:\Users\USUARIO\Desktop\BP Mayo 2026\SynologyDrive\CT_23\02190074.JPG,moved
CT_23,C:\Users\USUARIO\Desktop\BP Mayo 2026\SynologyDrive\CT_23\100EK113\02190075.JPG,C:\Users\USUARIO\Desktop\BP Mayo 2026\SynologyDrive\CT_23\02190075.JPG,moved
CT_23,C:\Users\USUARIO\Desktop\BP Mayo 2026\SynologyDrive\CT_23\100EK113\02190076.MP4,C:\Users\USUARIO\Desktop\BP Mayo 2026\SynologyDrive\CT_23\02190076.MP4,moved
CT_23,C:\Users\USUARIO\Desktop\BP Mayo 2026\SynologyDrive\CT_23\100EK113\02190077.JPG,C:\Users\USUARIO\Desktop\BP Mayo 2026\SynologyDrive\CT_23\02190077.JPG,moved
CT_23,C:\Users\USUARIO\Desktop\BP Mayo 2026\SynologyDrive\CT_23\100EK113\02190078.JPG,C:\Users\USUARIO\Desktop\BP Mayo 2026\SynologyDrive\CT_23\02190078.JPG,moved
CT_23,C:\Users\USUARIO\Desktop\BP Mayo 2026\SynologyDrive\CT_23\100EK113\02190079.MP4,C:\Users\USUARIO\Desktop\BP Mayo 2026\SynologyDrive\CT_23\02190079.MP4,moved
CT_23,C:\Users\USUARIO\Desktop\BP Mayo 2026\SynologyDrive\CT_23\100EK113\02190080.JPG,C:\Users\USUARIO\Desktop\BP Mayo 2026\SynologyDrive\CT_23\02190080.JPG,moved
CT_23,C:\Users\USUARIO\Desktop\BP Mayo 2026\SynologyDrive\CT_23\100EK113\02190081.JPG,C:\Users\USUARIO\Desktop\BP Mayo 2026\SynologyDrive\CT_23\02190081.JPG,moved
CT_23,C:\Users\USUARIO\Desktop\BP Mayo 2026\SynologyDrive\CT_23\100EK113\02190082.JPG,C:\Users\USUARIO\Desktop\BP Mayo 2026\SynologyDrive\CT_23\02190082.JPG,moved
CT_23,C:\Users\USUARIO\Desktop\BP Mayo 2026\SynologyDrive\CT_23\100EK113\02190083.MP4,C:\Users\USUARIO\Desktop\BP Mayo 2026\SynologyDrive\CT_23\02190083.MP4,moved
CT_23,C:\Users\USUARIO\Desktop\BP Mayo 2026\SynologyDrive\CT_23\100EK113\02200084.JPG,C:\Users\USUARIO\Desktop\BP Mayo 2026\SynologyDrive\CT_23\02200084.JPG,moved
CT_23,C:\Users\USUARIO\Desktop\BP Mayo 2026\SynologyDrive\CT_23\100EK113\02200085.JPG,C:\Users\USUARIO\Desktop\BP Mayo 2026\SynologyDrive\CT_23\02200085.JPG,moved
CT_23,C:\Users\USUARIO\Desktop\BP Mayo 2026\SynologyDrive\CT_23\100EK113\02200086.JPG,C:\Users\USUARIO\Desktop\BP Mayo 2026\SynologyDrive\CT_23\02200086.JPG,moved
CT_23,C:\Users\USUARIO\Desktop\BP Mayo 2026\SynologyDrive\CT_23\100EK113\02200087.MP4,C:\Users\USUARIO\Desktop\BP Mayo 2026\SynologyDrive\CT_23\02200087.MP4,moved
CT_23,C:\Users\USUARIO\Desktop\BP Mayo 2026\SynologyDrive\CT_23\100EK113\02200088.JPG,C:\Users\USUARIO\Desktop\BP Mayo 2026\SynologyDrive\CT_23\02200088.JPG,moved
CT_23,C:\Users\USUARIO\Desktop\BP Mayo 2026\SynologyDrive\CT_23\100EK113\02200089.JPG,C:\Users\USUARIO\Desktop\BP Mayo 2026\SynologyDrive\CT_23\02200089.JPG,moved
CT_23,C:\Users\USUARIO\Desktop\BP Mayo 2026\SynologyDrive\CT_23\100EK113\02200090.JPG,C:\Users\USUARIO\Desktop\BP Mayo 2026\SynologyDrive\CT_23\02200090.JPG,moved
CT_23,C:\Users\USUARIO\Desktop\BP Mayo 2026\SynologyDrive\CT_23\100EK113\02200091.MP4,C:\Users\USUARIO\Desktop\BP Mayo 2026\SynologyDrive\CT_23\02200091.MP4,moved
CT_23,C:\Users\USUARIO\Desktop\BP Mayo 2026\SynologyDrive\CT_23\100EK113\02200092.JPG,C:\Users\USUARIO\Desktop\BP Mayo 2026\SynologyDrive\CT_23\02200092.JPG,moved
CT_23,C:\Users\USUARIO\Desktop\BP Mayo 2026\SynologyDrive\CT_23\100EK113\02200093.JPG,C:\Users\USUARIO\Desktop\BP Mayo 2026\SynologyDrive\CT_23\02200093.JPG,moved
CT_23,C:\Users\USUARIO\Desktop\BP Mayo 2026\SynologyDrive\CT_23\100EK113\02200094.JPG,C:\Users\USUARIO\Desktop\BP Mayo 2026\SynologyDrive\CT_23\02200094.JPG,moved
CT_23,C:\Users\USUARIO\Desktop\BP Mayo 2026\SynologyDrive\CT_23\100EK113\02200095.MP4,C:\Users\USUARIO\Desktop\BP Mayo 2026\SynologyDrive\CT_23\02200095.MP4,moved
CT_23,C:\Users\USUARIO\Desktop\BP Mayo 2026\SynologyDrive\CT_23\100EK113\02200096.JPG,C:\Users\USUARIO\Desktop\BP Mayo 2026\SynologyDrive\CT_23\02200096.JPG,moved
CT_23,C:\Users\USUARIO\Desktop\BP Mayo 2026\SynologyDrive\CT_23\100EK113\02200097.JPG,C:\Users\USUARIO\Desktop\BP Mayo 2026\SynologyDrive\CT_23\02200097.JPG,moved
CT_23,C:\Users\USUARIO\Desktop\BP Mayo 2026\SynologyDrive\CT_23\100EK113\02200098.JPG,C:\Users\USUARIO\Desktop\BP Mayo 2026\SynologyDrive\CT_23\02200098.JPG,moved
CT_23,C:\Users\USUARIO\Desktop\BP Mayo 2026\SynologyDrive\CT_23\100EK113\02200099.MP4,C:\Users\USUARIO\Desktop\BP Mayo 2026\SynologyDrive\CT_23\02200099.MP4,moved
CT_23,C:\Users\USUARIO\Desktop\BP Mayo 2026\SynologyDrive\CT_23\100EK113\02200100.JPG,C:\Users\USUARIO\Desktop\BP Mayo 2026\SynologyDrive\CT_23\02200100.JPG,moved
CT_23,C:\Users\USUARIO\Desktop\BP Mayo 2026\SynologyDrive\CT_23\100EK113\02200101.JPG,C:\Users\USUARIO\Desktop\BP Mayo 2026\SynologyDrive\CT_23\02200101.JPG,moved
CT_23,C:\Users\USUARIO\Desktop\BP Mayo 2026\SynologyDrive\CT_23\100EK113\02200102.JPG,C:\Users\USUARIO\Desktop\BP Mayo 2026\SynologyDrive\CT_23\02200102.JPG,moved
CT_23,C:\Users\USUARIO\Desktop\BP Mayo 2026\SynologyDrive\CT_23\100EK113\02200103.MP4,C:\Users\USUARIO\Desktop\BP Mayo 2026\SynologyDrive\CT_23\02200103.MP4,moved
CT_23,C:\Users\USUARIO\Desktop\BP Mayo 2026\SynologyDrive\CT_23\100EK113\02200104.JPG,C:\Users\USUARIO\Desktop\BP Mayo 2026\SynologyDrive\CT_23\02200104.JPG,moved
CT_23,C:\Users\USUARIO\Desktop\BP Mayo 2026\SynologyDrive\CT_23\100EK113\02200105.JPG,C:\Users\USUARIO\Desktop\BP Mayo 2026\SynologyDrive\CT_23\02200105.JPG,moved
CT_23,C:\Users\USUARIO\Desktop\BP Mayo 2026\SynologyDrive\CT_23\100EK113\02200106.JPG,C:\Users\USUARIO\Desktop\BP Mayo 2026\SynologyDrive\CT_23\02200106.JPG,moved
CT_23,C:\Users\USUARIO\Desktop\BP Mayo 2026\SynologyDrive\CT_23\100EK113\02200107.MP4,C:\Users\USUARIO\Desktop\BP Mayo 2026\SynologyDrive\CT_23\02200107.MP4,moved
CT_23,C:\Users\USUARIO\Desktop\BP Mayo 2026\SynologyDrive\CT_23\100EK113\02200108.JPG,C:\Users\USUARIO\Desktop\BP Mayo 2026\SynologyDrive\CT_23\02200108.JPG,moved
CT_23,C:\Users\USUARIO\Desktop\BP Mayo 2026\SynologyDrive\CT_23\100EK113\02200109.JPG,C:\Users\USUARIO\Desktop\BP Mayo 2026\SynologyDrive\CT_23\02200109.JPG,moved
CT_23,C:\Users\USUARIO\Desktop\BP Mayo 2026\SynologyDrive\CT_23\100EK113\02200110.JPG,C:\Users\USUARIO\Desktop\BP Mayo 2026\SynologyDrive\CT_23\02200110.JPG,moved
CT_23,C:\Users\USUARIO\Desktop\BP Mayo 2026\SynologyDrive\CT_23\100EK113\02200111.MP4,C:\Users\USUARIO\Desktop\BP Mayo 2026\SynologyDrive\CT_23\02200111.MP4,moved
CT_23,C:\Users\USUARIO\Desktop\BP Mayo 2026\SynologyDrive\CT_23\100EK113\02200112.JPG,C:\Users\USUARIO\Desktop\BP Mayo 2026\SynologyDrive\CT_23\02200112.JPG,moved
CT_23,C:\Users\USUARIO\Desktop\BP Mayo 2026\SynologyDrive\CT_23\100EK113\02200113.JPG,C:\Users\USUARIO\Desktop\BP Mayo 2026\SynologyDrive\CT_23\02200113.JPG,moved
CT_23,C:\Users\USUARIO\Desktop\BP Mayo 2026\SynologyDrive\CT_23\100EK113\02200114.JPG,C:\Users\USUARIO\Desktop\BP Mayo 2026\SynologyDrive\CT_23\02200114.JPG,moved
CT_23,C:\Users\USUARIO\Desktop\BP Mayo 2026\SynologyDrive\CT_23\100EK113\02200115.MP4,C:\Users\USUARIO\Desktop\BP Mayo 2026\SynologyDrive\CT_23\02200115.MP4,moved
CT_23,C:\Users\USUARIO\Desktop\BP Mayo 2026\SynologyDrive\CT_23\100EK113\02200116.JPG,C:\Users\USUARIO\Desktop\BP Mayo 2026\SynologyDrive\CT_23\02200116.JPG,moved
CT_23,C:\Users\USUARIO\Desktop\BP Mayo 2026\SynologyDrive\CT_23\100EK113\02200117.JPG,C:\Users\USUARIO\Desktop\BP Mayo 2026\SynologyDrive\CT_23\02200117.JPG,moved
CT_23,C:\Users\USUARIO\Desktop\BP Mayo 2026\SynologyDrive\CT_23\100EK113\02200118.JPG,C:\Users\USUARIO\Desktop\BP Mayo 2026\SynologyDrive\CT_23\02200118.JPG,moved
CT_23,C:\Users\USUARIO\Desktop\BP Mayo 2026\SynologyDrive\CT_23\100EK113\02200119.MP4,C:\Users\USUARIO\Desktop\BP Mayo 2026\SynologyDrive\CT_23\02200119.MP4,moved
CT_23,C:\Users\USUARIO\Desktop\BP Mayo 2026\SynologyDrive\CT_23\100EK113\02200120.JPG,C:\Users\USUARIO\Desktop\BP Mayo 2026\SynologyDrive\CT_23\02200120.JPG,moved
CT_23,C:\Users\USUARIO\Desktop\BP Mayo 2026\SynologyDrive\CT_23\100EK113\02200121.JPG,C:\Users\USUARIO\Desktop\BP Mayo 2026\SynologyDrive\CT_23\02200121.JPG,moved
CT_23,C:\Users\USUARIO\Desktop\BP Mayo 2026\SynologyDrive\CT_23\100EK113\02200122.JPG,C:\Users\USUARIO\Desktop\BP Mayo 2026\SynologyDrive\CT_23\02200122.JPG,moved
CT_23,C:\Users\USUARIO\Desktop\BP Mayo 2026\SynologyDrive\CT_23\100EK113\02200123.MP4,C:\Users\USUARIO\Desktop\BP Mayo 2026\SynologyDrive\CT_23\02200123.MP4,moved
CT_23,C:\Users\USUARIO\Desktop\BP Mayo 2026\SynologyDrive\CT_23\100EK113\02200124.JPG,C:\Users\USUARIO\Desktop\BP Mayo 2026\SynologyDrive\CT_23\02200124.JPG,moved
CT_23,C:\Users\USUARIO\Desktop\BP Mayo 2026\SynologyDrive\CT_23\100EK113\02200125.JPG,C:\Users\USUARIO\Desktop\BP Mayo 2026\SynologyDrive\CT_23\02200125.JPG,moved
CT_23,C:\Users\USUARIO\Desktop\BP Mayo 2026\SynologyDrive\CT_23\100EK113\02200126.JPG,C:\Users\USUARIO\Desktop\BP Mayo 2026\SynologyDrive\CT_23\02200126.JPG,moved
CT_23,C:\Users\USUARIO\Desktop\BP Mayo 2026\SynologyDrive\CT_23\100EK113\02200127.MP4,C:\Users\USUARIO\Desktop\BP Mayo 2026\SynologyDrive\CT_23\02200127.MP4,moved
CT_23,C:\Users\USUARIO\Desktop\BP Mayo 2026\SynologyDrive\CT_23\100EK113\02200128.JPG,C:\Users\USUARIO\Desktop\BP Mayo 2026\SynologyDrive\CT_23\02200128.JPG,moved
CT_23,C:\Users\USUARIO\Desktop\BP Mayo 2026\SynologyDrive\CT_23\100EK113\02200129.JPG,C:\Users\USUARIO\Desktop\BP Mayo 2026\SynologyDrive\CT_23\02200129.JPG,moved
CT_23,C:\Users\USUARIO\Desktop\BP Mayo 2026\SynologyDrive\CT_23\100EK113\02200130.JPG,C:\Users\USUARIO\Desktop\BP Mayo 2026\SynologyDrive\CT_23\02200130.JPG,moved
CT_23,C:\Users\USUARIO\Desktop\BP Mayo 2026\SynologyDrive\CT_23\100EK113\02200131.MP4,C:\Users\USUARIO\Desktop\BP Mayo 2026\SynologyDrive\CT_23\02200131.MP4,moved
CT_23,C:\Users\USUARIO\Desktop\BP Mayo 2026\SynologyDrive\CT_23\100EK113\02200132.JPG,C:\Users\USUARIO\Desktop\BP Mayo 2026\SynologyDrive\CT_23\02200132.JPG,moved
CT_23,C:\Users\USUARIO\Desktop\BP Mayo 2026\SynologyDrive\CT_23\100EK113\02200133.JPG,C:\Users\USUARIO\Desktop\BP Mayo 2026\SynologyDrive\CT_23\02200133.JPG,moved
CT_23,C:\Users\USUARIO\Desktop\BP Mayo 2026\SynologyDrive\CT_23\100EK113\02200134.JPG,C:\Users\USUARIO\Desktop\BP Mayo 2026\SynologyDrive\CT_23\02200134.JPG,moved
CT_23,C:\Users\USUARIO\Desktop\BP Mayo 2026\SynologyDrive\CT_23\100EK113\02200135.MP4,C:\Users\USUARIO\Desktop\BP Mayo 2026\SynologyDrive\CT_23\02200135.MP4,moved
CT_23,C:\Users\USUARIO\Desktop\BP Mayo 2026\SynologyDrive\CT_23\100EK113\02200136.JPG,C:\Users\USUARIO\Desktop\BP Mayo 2026\SynologyDrive\CT_23\02200136.JPG,moved
CT_23,C:\Users\USUARIO\Desktop\BP Mayo 2026\SynologyDrive\CT_23\100EK113\02200137.JPG,C:\Users\USUARIO\Desktop\BP Mayo 2026\SynologyDrive\CT_23\02200137.JPG,moved
CT_23,C:\Users\USUARIO\Desktop\BP Mayo 2026\SynologyDrive\CT_23\100EK113\02200138.JPG,C:\Users\USUARIO\Desktop\BP Mayo 2026\SynologyDrive\CT_23\02200138.JPG,moved
CT_23,C:\Users\USUARIO\Desktop\BP Mayo 2026\SynologyDrive\CT_23\100EK113\02200139.MP4,C:\Users\USUARIO\Desktop\BP Mayo 2026\SynologyDrive\CT_23\02200139.MP4,moved
CT_23,C:\Users\USUARIO\Desktop\BP Mayo 2026\SynologyDrive\CT_23\100EK113\02200140.JPG,C:\Users\USUARIO\Desktop\BP Mayo 2026\SynologyDrive\CT_23\02200140.JPG,moved
CT_23,C:\Users\USUARIO\Desktop\BP Mayo 2026\SynologyDrive\CT_23\100EK113\02200141.JPG,C:\Users\USUARIO\Desktop\BP Mayo 2026\SynologyDrive\CT_23\02200141.JPG,moved
CT_23,C:\Users\USUARIO\Desktop\BP Mayo 2026\SynologyDrive\CT_23\100EK113\02200142.JPG,C:\Users\USUARIO\Desktop\BP Mayo 2026\SynologyDrive\CT_23\02200142.JPG,moved
CT_23,C:\Users\USUARIO\Desktop\BP Mayo 2026\SynologyDrive\CT_23\100EK113\02200143.MP4,C:\Users\USUARIO\Desktop\BP Mayo 2026\SynologyDrive\CT_23\02200143.MP4,moved
CT_23,C:\Users\USUARIO\Desktop\BP Mayo 2026\SynologyDrive\CT_23\100EK113\02200144.JPG,C:\Users\USUARIO\Desktop\BP Mayo 2026\SynologyDrive\CT_23\02200144.JPG,moved
CT_23,C:\Users\USUARIO\Desktop\BP Mayo 2026\SynologyDrive\CT_23\100EK113\02200145.JPG,C:\Users\USUARIO\Desktop\BP Mayo 2026\SynologyDrive\CT_23\02200145.JPG,moved
CT_23,C:\Users\USUARIO\Desktop\BP Mayo 2026\SynologyDrive\CT_23\100EK113\02200146.JPG,C:\Users\USUARIO\Desktop\BP Mayo 2026\SynologyDrive\CT_23\02200146.JPG,moved
CT_23,C:\Users\USUARIO\Desktop\BP Mayo 2026\SynologyDrive\CT_23\100EK113\02200147.MP4,C:\Users\USUARIO\Desktop\BP Mayo 2026\SynologyDrive\CT_23\02200147.MP4,moved
CT_23,C:\Users\USUARIO\Desktop\BP Mayo 2026\SynologyDrive\CT_23\100EK113\02200148.JPG,C:\Users\USUARIO\Desktop\BP Mayo 2026\SynologyDrive\CT_23\02200148.JPG,moved
CT_23,C:\Users\USUARIO\Desktop\BP Mayo 2026\SynologyDrive\CT_23\100EK113\02200149.JPG,C:\Users\USUARIO\Desktop\BP Mayo 2026\SynologyDrive\CT_23\02200149.JPG,moved
CT_23,C:\Users\USUARIO\Desktop\BP Mayo 2026\SynologyDrive\CT_23\100EK113\02200150.JPG,C:\Users\USUARIO\Desktop\BP Mayo 2026\SynologyDrive\CT_23\02200150.JPG,moved
CT_23,C:\Users\USUARIO\Desktop\BP Mayo 2026\SynologyDrive\CT_23\100EK113\02200151.MP4,C:\Users\USUARIO\Desktop\BP Mayo 2026\SynologyDrive\CT_23\02200151.MP4,moved
CT_23,C:\Users\USUARIO\Desktop\BP Mayo 2026\SynologyDrive\CT_23\100EK113\02200152.JPG,C:\Users\USUARIO\Desktop\BP Mayo 2026\SynologyDrive\CT_23\02200152.JPG,moved
CT_23,C:\Users\USUARIO\Desktop\BP Mayo 2026\SynologyDrive\CT_23\100EK113\02200153.JPG,C:\Users\USUARIO\Desktop\BP Mayo 2026\SynologyDrive\CT_23\02200153.JPG,moved
CT_23,C:\Users\USUARIO\Desktop\BP Mayo 2026\SynologyDrive\CT_23\100EK113\02200154.JPG,C:\Users\USUARIO\Desktop\BP Mayo 2026\SynologyDrive\CT_23\02200154.JPG,moved
CT_23,C:\Users\USUARIO\Desktop\BP Mayo 2026\SynologyDrive\CT_23\100EK113\02200155.MP4,C:\Users\USUARIO\Desktop\BP Mayo 2026\SynologyDrive\CT_23\02200155.MP4,moved
CT_23,C:\Users\USUARIO\Desktop\BP Mayo 2026\SynologyDrive\CT_23\100EK113\02200156.JPG,C:\Users\USUARIO\Desktop\BP Mayo 2026\SynologyDrive\CT_23\02200156.JPG,moved
CT_23,C:\Users\USUARIO\Desktop\BP Mayo 2026\SynologyDrive\CT_23\100EK113\02200157.JPG,C:\Users\USUARIO\Desktop\BP Mayo 2026\SynologyDrive\CT_23\02200157.JPG,moved
CT_23,C:\Users\USUARIO\Desktop\BP Mayo 2026\SynologyDrive\CT_23\100EK113\02200158.JPG,C:\Users\USUARIO\Desktop\BP Mayo 2026\SynologyDrive\CT_23\02200158.JPG,moved
CT_23,C:\Users\USUARIO\Desktop\BP Mayo 2026\SynologyDrive\CT_23\100EK113\02200159.MP4,C:\Users\USUARIO\Desktop\BP Mayo 2026\SynologyDrive\CT_23\02200159.MP4,moved
CT_23,C:\Users\USUARIO\Desktop\BP Mayo 2026\SynologyDrive\CT_23\100EK113\02200160.JPG,C:\Users\USUARIO\Desktop\BP Mayo 2026\SynologyDrive\CT_23\02200160.JPG,moved
CT_23,C:\Users\USUARIO\Desktop\BP Mayo 2026\SynologyDrive\CT_23\100EK113\02200161.JPG,C:\Users\USUARIO\Desktop\BP Mayo 2026\SynologyDrive\CT_23\02200161.JPG,moved
CT_23,C:\Users\USUARIO\Desktop\BP Mayo 2026\SynologyDrive\CT_23\100EK113\02200162.JPG,C:\Users\USUARIO\Desktop\BP Mayo 2026\SynologyDrive\CT_23\02200162.JPG,moved
CT_23,C:\Users\USUARIO\Desktop\BP Mayo 2026\SynologyDrive\CT_23\100EK113\02200163.MP4,C:\Users\USUARIO\Desktop\BP Mayo 2026\SynologyDrive\CT_23\02200163.MP4,moved
CT_23,C:\Users\USUARIO\Desktop\BP Mayo 2026\SynologyDrive\CT_23\100EK113\02200164.JPG,C:\Users\USUARIO\Desktop\BP Mayo 2026\SynologyDrive\CT_23\02200164.JPG,moved
CT_23,C:\Users\USUARIO\Desktop\BP Mayo 2026\SynologyDrive\CT_23\100EK113\02200165.JPG,C:\Users\USUARIO\Desktop\BP Mayo 2026\SynologyDrive\CT_23\02200165.JPG,moved
CT_23,C:\Users\USUARIO\Desktop\BP Mayo 2026\SynologyDrive\CT_23\100EK113\02200166.JPG,C:\Users\USUARIO\Desktop\BP Mayo 2026\SynologyDrive\CT_23\02200166.JPG,moved
CT_23,C:\Users\USUARIO\Desktop\BP Mayo 2026\SynologyDrive\CT_23\100EK113\02200167.MP4,C:\Users\USUARIO\Desktop\BP Mayo 2026\SynologyDrive\CT_23\02200167.MP4,moved
CT_23,C:\Users\USUARIO\Desktop\BP Mayo 2026\SynologyDrive\CT_23\100EK113\02200168.JPG,C:\Users\USUARIO\Desktop\BP Mayo 2026\SynologyDrive\CT_23\02200168.JPG,moved
CT_23,C:\Users\USUARIO\Desktop\BP Mayo 2026\SynologyDrive\CT_23\100EK113\02200169.JPG,C:\Users\USUARIO\Desktop\BP Mayo 2026\SynologyDrive\CT_23\02200169.JPG,moved
CT_23,C:\Users\USUARIO\Desktop\BP Mayo 2026\SynologyDrive\CT_23\100EK113\02200170.JPG,C:\Users\USUARIO\Desktop\BP Mayo 2026\SynologyDrive\CT_23\02200170.JPG,moved
CT_23,C:\Users\USUARIO\Desktop\BP Mayo 2026\SynologyDrive\CT_23\100EK113\02200171.MP4,C:\Users\USUARIO\Desktop\BP Mayo 2026\SynologyDrive\CT_23\02200171.MP4,moved
CT_23,C:\Users\USUARIO\Desktop\BP Mayo 2026\SynologyDrive\CT_23\100EK113\02200172.JPG,C:\Users\USUARIO\Desktop\BP Mayo 2026\SynologyDrive\CT_23\02200172.JPG,moved
CT_23,C:\Users\USUARIO\Desktop\BP Mayo 2026\SynologyDrive\CT_23\100EK113\02200173.JPG,C:\Users\USUARIO\Desktop\BP Mayo 2026\SynologyDrive\CT_23\02200173.JPG,moved
CT_23,C:\Users\USUARIO\Desktop\BP Mayo 2026\SynologyDrive\CT_23\100EK113\02200174.JPG,C:\Users\USUARIO\Desktop\BP Mayo 2026\SynologyDrive\CT_23\02200174.JPG,moved
CT_23,C:\Users\USUARIO\Desktop\BP Mayo 2026\SynologyDrive\CT_23\100EK113\02200175.MP4,C:\Users\USUARIO\Desktop\BP Mayo 2026\SynologyDrive\CT_23\02200175.MP4,moved
CT_23,C:\Users\USUARIO\Desktop\BP Mayo 2026\SynologyDrive\CT_23\100EK113\02200176.JPG,C:\Users\USUARIO\Desktop\BP Mayo 2026\SynologyDrive\CT_23\02200176.JPG,moved
CT_23,C:\Users\USUARIO\Desktop\BP Mayo 2026\SynologyDrive\CT_23\100EK113\02200177.JPG,C:\Users\USUARIO\Desktop\BP Mayo 2026\SynologyDrive\CT_23\02200177.JPG,moved
CT_23,C:\Users\USUARIO\Desktop\BP Mayo 2026\SynologyDrive\CT_23\100EK113\02200178.JPG,C:\Users\USUARIO\Desktop\BP Mayo 2026\SynologyDrive\CT_23\02200178.JPG,moved
CT_23,C:\Users\USUARIO\Desktop\BP Mayo 2026\SynologyDrive\CT_23\100EK113\02200179.MP4,C:\Users\USUARIO\Desktop\BP Mayo 2026\SynologyDrive\CT_23\02200179.MP4,moved
CT_23,C:\Users\USUARIO\Desktop\BP Mayo 2026\SynologyDrive\CT_23\100EK113\02200180.JPG,C:\Users\USUARIO\Desktop\BP Mayo 2026\SynologyDrive\CT_23\02200180.JPG,moved
CT_23,C:\Users\USUARIO\Desktop\BP Mayo 2026\SynologyDrive\CT_23\100EK113\02200181.JPG,C:\Users\USUARIO\Desktop\BP Mayo 2026\SynologyDrive\CT_23\02200181.JPG,moved
CT_23,C:\Users\USUARIO\Desktop\BP Mayo 2026\SynologyDrive\CT_23\100EK113\02200182.JPG,C:\Users\USUARIO\Desktop\BP Mayo 2026\SynologyDrive\CT_23\02200182.JPG,moved
CT_23,C:\Users\USUARIO\Desktop\BP Mayo 2026\SynologyDrive\CT_23\100EK113\02200183.MP4,C:\Users\USUARIO\Desktop\BP Mayo 2026\SynologyDrive\CT_23\02200183.MP4,moved
CT_23,C:\Users\USUARIO\Desktop\BP Mayo 2026\SynologyDrive\CT_23\100EK113\02200184.JPG,C:\Users\USUARIO\Desktop\BP Mayo 2026\SynologyDrive\CT_23\02200184.JPG,moved
CT_23,C:\Users\USUARIO\Desktop\BP Mayo 2026\SynologyDrive\CT_23\100EK113\02200185.JPG,C:\Users\USUARIO\Desktop\BP Mayo 2026\SynologyDrive\CT_23\02200185.JPG,moved
CT_23,C:\Users\USUARIO\Desktop\BP Mayo 2026\SynologyDrive\CT_23\100EK113\02200186.JPG,C:\Users\USUARIO\Desktop\BP Mayo 2026\SynologyDrive\CT_23\02200186.JPG,moved
CT_23,C:\Users\USUARIO\Desktop\BP Mayo 2026\SynologyDrive\CT_23\100EK113\02200187.MP4,C:\Users\USUARIO\Desktop\BP Mayo 2026\SynologyDrive\CT_23\02200187.MP4,moved
CT_23,C:\Users\USUARIO\Desktop\BP Mayo 2026\SynologyDrive\CT_23\100EK113\02200188.JPG,C:\Users\USUARIO\Desktop\BP Mayo 2026\SynologyDrive\CT_23\02200188.JPG,moved
CT_23,C:\Users\USUARIO\Desktop\BP Mayo 2026\SynologyDrive\CT_23\100EK113\02200189.JPG,C:\Users\USUARIO\Desktop\BP Mayo 2026\SynologyDrive\CT_23\02200189.JPG,moved
CT_23,C:\Users\USUARIO\Desktop\BP Mayo 2026\SynologyDrive\CT_23\100EK113\02200190.JPG,C:\Users\USUARIO\Desktop\BP Mayo 2026\SynologyDrive\CT_23\02200190.JPG,moved
CT_23,C:\Users\USUARIO\Desktop\BP Mayo 2026\SynologyDrive\CT_23\100EK113\02200191.MP4,C:\Users\USUARIO\Desktop\BP Mayo 2026\SynologyDrive\CT_23\02200191.MP4,moved
CT_23,C:\Users\USUARIO\Desktop\BP Mayo 2026\SynologyDrive\CT_23\100EK113\02200192.JPG,C:\Users\USUARIO\Desktop\BP Mayo 2026\SynologyDrive\CT_23\02200192.JPG,moved
CT_23,C:\Users\USUARIO\Desktop\BP Mayo 2026\SynologyDrive\CT_23\100EK113\02200193.JPG,C:\Users\USUARIO\Desktop\BP Mayo 2026\SynologyDrive\CT_23\02200193.JPG,moved
CT_23,C:\Users\USUARIO\Desktop\BP Mayo 2026\SynologyDrive\CT_23\100EK113\02200194.JPG,C:\Users\USUARIO\Desktop\BP Mayo 2026\SynologyDrive\CT_23\02200194.JPG,moved
CT_23,C:\Users\USUARIO\Desktop\BP Mayo 2026\SynologyDrive\CT_23\100EK113\02200195.MP4,C:\Users\USUARIO\Desktop\BP Mayo 2026\SynologyDrive\CT_23\02200195.MP4,moved
CT_23,C:\Users\USUARIO\Desktop\BP Mayo 2026\SynologyDrive\CT_23\100EK113\02200196.JPG,C:\Users\USUARIO\Desktop\BP Mayo 2026\SynologyDrive\CT_23\02200196.JPG,moved
CT_23,C:\Users\USUARIO\Desktop\BP Mayo 2026\SynologyDrive\CT_23\100EK113\02200197.JPG,C:\Users\USUARIO\Desktop\BP Mayo 2026\SynologyDrive\CT_23\02200197.JPG,moved
CT_23,C:\Users\USUARIO\Desktop\BP Mayo 2026\SynologyDrive\CT_23\100EK113\02200198.JPG,C:\Users\USUARIO\Desktop\BP Mayo 2026\SynologyDrive\CT_23\02200198.JPG,moved
CT_23,C:\Users\USUARIO\Desktop\BP Mayo 2026\SynologyDrive\CT_23\100EK113\02200199.MP4,C:\Users\USUARIO\Desktop\BP Mayo 2026\SynologyDrive\CT_23\02200199.MP4,moved
CT_23,C:\Users\USUARIO\Desktop\BP Mayo 2026\SynologyDrive\CT_23\100EK113\02200200.JPG,C:\Users\USUARIO\Desktop\BP Mayo 2026\SynologyDrive\CT_23\02200200.JPG,moved
CT_23,C:\Users\USUARIO\Desktop\BP Mayo 2026\SynologyDrive\CT_23\100EK113\02200201.JPG,C:\Users\USUARIO\Desktop\BP Mayo 2026\SynologyDrive\CT_23\02200201.JPG,moved
CT_23,C:\Users\USUARIO\Desktop\BP Mayo 2026\SynologyDrive\CT_23\100EK113\02200202.JPG,C:\Users\USUARIO\Desktop\BP Mayo 2026\SynologyDrive\CT_23\02200202.JPG,moved
CT_23,C:\Users\USUARIO\Desktop\BP Mayo 2026\SynologyDrive\CT_23\100EK113\02200203.MP4,C:\Users\USUARIO\Desktop\BP Mayo 2026\SynologyDrive\CT_23\02200203.MP4,moved
CT_23,C:\Users\USUARIO\Desktop\BP Mayo 2026\SynologyDrive\CT_23\100EK113\02200204.JPG,C:\Users\USUARIO\Desktop\BP Mayo 2026\SynologyDrive\CT_23\02200204.JPG,moved
CT_23,C:\Users\USUARIO\Desktop\BP Mayo 2026\SynologyDrive\CT_23\100EK113\02200205.JPG,C:\Users\USUARIO\Desktop\BP Mayo 2026\SynologyDrive\CT_23\02200205.JPG,moved
CT_23,C:\Users\USUARIO\Desktop\BP Mayo 2026\SynologyDrive\CT_23\100EK113\02200206.JPG,C:\Users\USUARIO\Desktop\BP Mayo 2026\SynologyDrive\CT_23\02200206.JPG,moved
CT_23,C:\Users\USUARIO\Desktop\BP Mayo 2026\SynologyDrive\CT_23\100EK113\02200207.MP4,C:\Users\USUARIO\Desktop\BP Mayo 2026\SynologyDrive\CT_23\02200207.MP4,moved
CT_23,C:\Users\USUARIO\Desktop\BP Mayo 2026\SynologyDrive\CT_23\100EK113\02200208.JPG,C:\Users\USUARIO\Desktop\BP Mayo 2026\SynologyDrive\CT_23\02200208.JPG,moved
CT_23,C:\Users\USUARIO\Desktop\BP Mayo 2026\SynologyDrive\CT_23\100EK113\02200209.JPG,C:\Users\USUARIO\Desktop\BP Mayo 2026\SynologyDrive\CT_23\02200209.JPG,moved
CT_23,C:\Users\USUARIO\Desktop\BP Mayo 2026\SynologyDrive\CT_23\100EK113\02200210.JPG,C:\Users\USUARIO\Desktop\BP Mayo 2026\SynologyDrive\CT_23\02200210.JPG,moved
CT_23,C:\Users\USUARIO\Desktop\BP Mayo 2026\SynologyDrive\CT_23\100EK113\02200211.MP4,C:\Users\USUARIO\Desktop\BP Mayo 2026\SynologyDrive\CT_23\02200211.MP4,moved
CT_23,C:\Users\USUARIO\Desktop\BP Mayo 2026\SynologyDrive\CT_23\100EK113\02200212.JPG,C:\Users\USUARIO\Desktop\BP Mayo 2026\SynologyDrive\CT_23\02200212.JPG,moved
CT_23,C:\Users\USUARIO\Desktop\BP Mayo 2026\SynologyDrive\CT_23\100EK113\02200213.JPG,C:\Users\USUARIO\Desktop\BP Mayo 2026\SynologyDrive\CT_23\02200213.JPG,moved
CT_23,C:\Users\USUARIO\Desktop\BP Mayo 2026\SynologyDrive\CT_23\100EK113\02200214.JPG,C:\Users\USUARIO\Desktop\BP Mayo 2026\SynologyDrive\CT_23\02200214.JPG,moved
CT_23,C:\Users\USUARIO\Desktop\BP Mayo 2026\SynologyDrive\CT_23\100EK113\02200215.MP4,C:\Users\USUARIO\Desktop\BP Mayo 2026\SynologyDrive\CT_23\02200215.MP4,moved
CT_23,C:\Users\USUARIO\Desktop\BP Mayo 2026\SynologyDrive\CT_23\100EK113\02200216.JPG,C:\Users\USUARIO\Desktop\BP Mayo 2026\SynologyDrive\CT_23\02200216.JPG,moved
CT_23,C:\Users\USUARIO\Desktop\BP Mayo 2026\SynologyDrive\CT_23\100EK113\02200217.JPG,C:\Users\USUARIO\Desktop\BP Mayo 2026\SynologyDrive\CT_23\02200217.JPG,moved
CT_23,C:\Users\USUARIO\Desktop\BP Mayo 2026\SynologyDrive\CT_23\100EK113\02200218.JPG,C:\Users\USUARIO\Desktop\BP Mayo 2026\SynologyDrive\CT_23\02200218.JPG,moved
CT_23,C:\Users\USUARIO\Desktop\BP Mayo 2026\SynologyDrive\CT_23\100EK113\02200219.MP4,C:\Users\USUARIO\Desktop\BP Mayo 2026\SynologyDrive\CT_23\02200219.MP4,moved
CT_23,C:\Users\USUARIO\Desktop\BP Mayo 2026\SynologyDrive\CT_23\100EK113\02200220.JPG,C:\Users\USUARIO\Desktop\BP Mayo 2026\SynologyDrive\CT_23\02200220.JPG,moved
CT_23,C:\Users\USUARIO\Desktop\BP Mayo 2026\SynologyDrive\CT_23\100EK113\02200221.JPG,C:\Users\USUARIO\Desktop\BP Mayo 2026\SynologyDrive\CT_23\02200221.JPG,moved
CT_23,C:\Users\USUARIO\Desktop\BP Mayo 2026\SynologyDrive\CT_23\100EK113\02200222.JPG,C:\Users\USUARIO\Desktop\BP Mayo 2026\SynologyDrive\CT_23\02200222.JPG,moved
CT_23,C:\Users\USUARIO\Desktop\BP Mayo 2026\SynologyDrive\CT_23\100EK113\02200223.MP4,C:\Users\USUARIO\Desktop\BP Mayo 2026\SynologyDrive\CT_23\02200223.MP4,moved
CT_23,C:\Users\USUARIO\Desktop\BP Mayo 2026\SynologyDrive\CT_23\100EK113\02200224.JPG,C:\Users\USUARIO\Desktop\BP Mayo 2026\SynologyDrive\CT_23\02200224.JPG,moved
CT_23,C:\Users\USUARIO\Desktop\BP Mayo 2026\SynologyDrive\CT_23\100EK113\02200225.JPG,C:\Users\USUARIO\Desktop\BP Mayo 2026\SynologyDrive\CT_23\02200225.JPG,moved
CT_23,C:\Users\USUARIO\Desktop\BP Mayo 2026\SynologyDrive\CT_23\100EK113\02200226.JPG,C:\Users\USUARIO\Desktop\BP Mayo 2026\SynologyDrive\CT_23\02200226.JPG,moved
CT_23,C:\Users\USUARIO\Desktop\BP Mayo 2026\SynologyDrive\CT_23\100EK113\02200227.MP4,C:\Users\USUARIO\Desktop\BP Mayo 2026\SynologyDrive\CT_23\02200227.MP4,moved
CT_23,C:\Users\USUARIO\Desktop\BP Mayo 2026\SynologyDrive\CT_23\100EK113\02200228.JPG,C:\Users\USUARIO\Desktop\BP Mayo 2026\SynologyDrive\CT_23\02200228.JPG,moved
CT_23,C:\Users\USUARIO\Desktop\BP Mayo 2026\SynologyDrive\CT_23\100EK113\02200229.JPG,C:\Users\USUARIO\Desktop\BP Mayo 2026\SynologyDrive\CT_23\02200229.JPG,moved
CT_23,C:\Users\USUARIO\Desktop\BP Mayo 2026\SynologyDrive\CT_23\100EK113\02200230.JPG,C:\Users\USUARIO\Desktop\BP Mayo 2026\SynologyDrive\CT_23\02200230.JPG,moved
CT_23,C:\Users\USUARIO\Desktop\BP Mayo 2026\SynologyDrive\CT_23\100EK113\02200231.MP4,C:\Users\USUARIO\Desktop\BP Mayo 2026\SynologyDrive\CT_23\02200231.MP4,moved
CT_23,C:\Users\USUARIO\Desktop\BP Mayo 2026\SynologyDrive\CT_23\100EK113\02200232.JPG,C:\Users\USUARIO\Desktop\BP Mayo 2026\SynologyDrive\CT_23\02200232.JPG,moved
CT_23,C:\Users\USUARIO\Desktop\BP Mayo 2026\SynologyDrive\CT_23\100EK113\02200233.JPG,C:\Users\USUARIO\Desktop\BP Mayo 2026\SynologyDrive\CT_23\02200233.JPG,moved
CT_23,C:\Users\USUARIO\Desktop\BP Mayo 2026\SynologyDrive\CT_23\100EK113\02200234.JPG,C:\Users\USUARIO\Desktop\BP Mayo 2026\SynologyDrive\CT_23\02200234.JPG,moved
CT_23,C:\Users\USUARIO\Desktop\BP Mayo 2026\SynologyDrive\CT_23\100EK113\02200235.MP4,C:\Users\USUARIO\Desktop\BP Mayo 2026\SynologyDrive\CT_23\02200235.MP4,moved
CT_23,C:\Users\USUARIO\Desktop\BP Mayo 2026\SynologyDrive\CT_23\100EK113\02200236.JPG,C:\Users\USUARIO\Desktop\BP Mayo 2026\SynologyDrive\CT_23\02200236.JPG,moved
CT_23,C:\Users\USUARIO\Desktop\BP Mayo 2026\SynologyDrive\CT_23\100EK113\02200237.JPG,C:\Users\USUARIO\Desktop\BP Mayo 2026\SynologyDrive\CT_23\02200237.JPG,moved
CT_23,C:\Users\USUARIO\Desktop\BP Mayo 2026\SynologyDrive\CT_23\100EK113\02200238.JPG,C:\Users\USUARIO\Desktop\BP Mayo 2026\SynologyDrive\CT_23\02200238.JPG,moved
CT_23,C:\Users\USUARIO\Desktop\BP Mayo 2026\SynologyDrive\CT_23\100EK113\02200239.MP4,C:\Users\USUARIO\Desktop\BP Mayo 2026\SynologyDrive\CT_23\02200239.MP4,moved
CT_23,C:\Users\USUARIO\Desktop\BP Mayo 2026\SynologyDrive\CT_23\100EK113\02200240.JPG,C:\Users\USUARIO\Desktop\BP Mayo 2026\SynologyDrive\CT_23\02200240.JPG,moved
CT_23,C:\Users\USUARIO\Desktop\BP Mayo 2026\SynologyDrive\CT_23\100EK113\02200241.JPG,C:\Users\USUARIO\Desktop\BP Mayo 2026\SynologyDrive\CT_23\02200241.JPG,moved
CT_23,C:\Users\USUARIO\Desktop\BP Mayo 2026\SynologyDrive\CT_23\100EK113\02200242.JPG,C:\Users\USUARIO\Desktop\BP Mayo 2026\SynologyDrive\CT_23\02200242.JPG,moved
CT_23,C:\Users\USUARIO\Desktop\BP Mayo 2026\SynologyDrive\CT_23\100EK113\02200243.MP4,C:\Users\USUARIO\Desktop\BP Mayo 2026\SynologyDrive\CT_23\02200243.MP4,moved
CT_23,C:\Users\USUARIO\Desktop\BP Mayo 2026\SynologyDrive\CT_23\100EK113\02200244.JPG,C:\Users\USUARIO\Desktop\BP Mayo 2026\SynologyDrive\CT_23\02200244.JPG,moved
CT_23,C:\Users\USUARIO\Desktop\BP Mayo 2026\SynologyDrive\CT_23\100EK113\02200245.JPG,C:\Users\USUARIO\Desktop\BP Mayo 2026\SynologyDrive\CT_23\02200245.JPG,moved
CT_23,C:\Users\USUARIO\Desktop\BP Mayo 2026\SynologyDrive\CT_23\100EK113\02200246.JPG,C:\Users\USUARIO\Desktop\BP Mayo 2026\SynologyDrive\CT_23\02200246.JPG,moved
CT_23,C:\Users\USUARIO\Desktop\BP Mayo 2026\SynologyDrive\CT_23\100EK113\02200247.MP4,C:\Users\USUARIO\Desktop\BP Mayo 2026\SynologyDrive\CT_23\02200247.MP4,moved
CT_23,C:\Users\USUARIO\Desktop\BP Mayo 2026\SynologyDrive\CT_23\100EK113\02200248.JPG,C:\Users\USUARIO\Desktop\BP Mayo 2026\SynologyDrive\CT_23\02200248.JPG,moved
CT_23,C:\Users\USUARIO\Desktop\BP Mayo 2026\SynologyDrive\CT_23\100EK113\02200249.JPG,C:\Users\USUARIO\Desktop\BP Mayo 2026\SynologyDrive\CT_23\02200249.JPG,moved
CT_23,C:\Users\USUARIO\Desktop\BP Mayo 2026\SynologyDrive\CT_23\100EK113\02200250.JPG,C:\Users\USUARIO\Desktop\BP Mayo 2026\SynologyDrive\CT_23\02200250.JPG,moved
CT_23,C:\Users\USUARIO\Desktop\BP Mayo 2026\SynologyDrive\CT_23\100EK113\02200251.MP4,C:\Users\USUARIO\Desktop\BP Mayo 2026\SynologyDrive\CT_23\02200251.MP4,moved
CT_23,C:\Users\USUARIO\Desktop\BP Mayo 2026\SynologyDrive\CT_23\100EK113\02200252.JPG,C:\Users\USUARIO\Desktop\BP Mayo 2026\SynologyDrive\CT_23\02200252.JPG,moved
CT_23,C:\Users\USUARIO\Desktop\BP Mayo 2026\SynologyDrive\CT_23\100EK113\02200253.JPG,C:\Users\USUARIO\Desktop\BP Mayo 2026\SynologyDrive\CT_23\02200253.JPG,moved
CT_23,C:\Users\USUARIO\Desktop\BP Mayo 2026\SynologyDrive\CT_23\100EK113\02200254.JPG,C:\Users\USUARIO\Desktop\BP Mayo 2026\SynologyDrive\CT_23\02200254.JPG,moved
CT_23,C:\Users\USUARIO\Desktop\BP Mayo 2026\SynologyDrive\CT_23\100EK113\02200255.MP4,C:\Users\USUARIO\Desktop\BP Mayo 2026\SynologyDrive\CT_23\02200255.MP4,moved
CT_23,C:\Users\USUARIO\Desktop\BP Mayo 2026\SynologyDrive\CT_23\100EK113\02200256.JPG,C:\Users\USUARIO\Desktop\BP Mayo 2026\SynologyDrive\CT_23\02200256.JPG,moved
CT_23,C:\Users\USUARIO\Desktop\BP Mayo 2026\SynologyDrive\CT_23\100EK113\02200257.JPG,C:\Users\USUARIO\Desktop\BP Mayo 2026\SynologyDrive\CT_23\02200257.JPG,moved
CT_23,C:\Users\USUARIO\Desktop\BP Mayo 2026\SynologyDrive\CT_23\100EK113\02200258.JPG,C:\Users\USUARIO\Desktop\BP Mayo 2026\SynologyDrive\CT_23\02200258.JPG,moved
CT_23,C:\Users\USUARIO\Desktop\BP Mayo 2026\SynologyDrive\CT_23\100EK113\02200259.MP4,C:\Users\USUARIO\Desktop\BP Mayo 2026\SynologyDrive\CT_23\02200259.MP4,moved
CT_23,C:\Users\USUARIO\Desktop\BP Mayo 2026\SynologyDrive\CT_23\100EK113\02200260.JPG,C:\Users\USUARIO\Desktop\BP Mayo 2026\SynologyDrive\CT_23\02200260.JPG,moved
CT_23,C:\Users\USUARIO\Desktop\BP Mayo 2026\SynologyDrive\CT_23\100EK113\02200261.JPG,C:\Users\USUARIO\Desktop\BP Mayo 2026\SynologyDrive\CT_23\02200261.JPG,moved
CT_23,C:\Users\USUARIO\Desktop\BP Mayo 2026\SynologyDrive\CT_23\100EK113\02200262.JPG,C:\Users\USUARIO\Desktop\BP Mayo 2026\SynologyDrive\CT_23\02200262.JPG,moved
CT_23,C:\Users\USUARIO\Desktop\BP Mayo 2026\SynologyDrive\CT_23\100EK113\02200263.MP4,C:\Users\USUARIO\Desktop\BP Mayo 2026\SynologyDrive\CT_23\02200263.MP4,moved
CT_23,C:\Users\USUARIO\Desktop\BP Mayo 2026\SynologyDrive\CT_23\100EK113\02200264.JPG,C:\Users\USUARIO\Desktop\BP Mayo 2026\SynologyDrive\CT_23\02200264.JPG,moved
CT_23,C:\Users\USUARIO\Desktop\BP Mayo 2026\SynologyDrive\CT_23\100EK113\02200265.JPG,C:\Users\USUARIO\Desktop\BP Mayo 2026\SynologyDrive\CT_23\02200265.JPG,moved
CT_23,C:\Users\USUARIO\Desktop\BP Mayo 2026\SynologyDrive\CT_23\100EK113\02200266.JPG,C:\Users\USUARIO\Desktop\BP Mayo 2026\SynologyDrive\CT_23\02200266.JPG,moved
CT_23,C:\Users\USUARIO\Desktop\BP Mayo 2026\SynologyDrive\CT_23\100EK113\02200267.MP4,C:\Users\USUARIO\Desktop\BP Mayo 2026\SynologyDrive\CT_23\02200267.MP4,moved
CT_23,C:\Users\USUARIO\Desktop\BP Mayo 2026\SynologyDrive\CT_23\100EK113\02200268.JPG,C:\Users\USUARIO\Desktop\BP Mayo 2026\SynologyDrive\CT_23\02200268.JPG,moved
CT_23,C:\Users\USUARIO\Desktop\BP Mayo 2026\SynologyDrive\CT_23\100EK113\02200269.JPG,C:\Users\USUARIO\Desktop\BP Mayo 2026\SynologyDrive\CT_23\02200269.JPG,moved
CT_23,C:\Users\USUARIO\Desktop\BP Mayo 2026\SynologyDrive\CT_23\100EK113\02200270.JPG,C:\Users\USUARIO\Desktop\BP Mayo 2026\SynologyDrive\CT_23\02200270.JPG,moved
CT_23,C:\Users\USUARIO\Desktop\BP Mayo 2026\SynologyDrive\CT_23\100EK113\02200271.MP4,C:\Users\USUARIO\Desktop\BP Mayo 2026\SynologyDrive\CT_23\02200271.MP4,moved
CT_23,C:\Users\USUARIO\Desktop\BP Mayo 2026\SynologyDrive\CT_23\100EK113\02200272.JPG,C:\Users\USUARIO\Desktop\BP Mayo 2026\SynologyDrive\CT_23\02200272.JPG,moved
CT_23,C:\Users\USUARIO\Desktop\BP Mayo 2026\SynologyDrive\CT_23\100EK113\02200273.JPG,C:\Users\USUARIO\Desktop\BP Mayo 2026\SynologyDrive\CT_23\02200273.JPG,moved
CT_23,C:\Users\USUARIO\Desktop\BP Mayo 2026\SynologyDrive\CT_23\100EK113\02200274.JPG,C:\Users\USUARIO\Desktop\BP Mayo 2026\SynologyDrive\CT_23\02200274.JPG,moved
CT_23,C:\Users\USUARIO\Desktop\BP Mayo 2026\SynologyDrive\CT_23\100EK113\02200275.MP4,C:\Users\USUARIO\Desktop\BP Mayo 2026\SynologyDrive\CT_23\02200275.MP4,moved
CT_23,C:\Users\USUARIO\Desktop\BP Mayo 2026\SynologyDrive\CT_23\100EK113\02200276.JPG,C:\Users\USUARIO\Desktop\BP Mayo 2026\SynologyDrive\CT_23\02200276.JPG,moved
CT_23,C:\Users\USUARIO\Desktop\BP Mayo 2026\SynologyDrive\CT_23\100EK113\02200277.JPG,C:\Users\USUARIO\Desktop\BP Mayo 2026\SynologyDrive\CT_23\02200277.JPG,moved
CT_23,C:\Users\USUARIO\Desktop\BP Mayo 2026\SynologyDrive\CT_23\100EK113\02200278.JPG,C:\Users\USUARIO\Desktop\BP Mayo 2026\SynologyDrive\CT_23\02200278.JPG,moved
CT_23,C:\Users\USUARIO\Desktop\BP Mayo 2026\SynologyDrive\CT_23\100EK113\02200279.MP4,C:\Users\USUARIO\Desktop\BP Mayo 2026\SynologyDrive\CT_23\02200279.MP4,moved
CT_23,C:\Users\USUARIO\Desktop\BP Mayo 2026\SynologyDrive\CT_23\100EK113\02200280.JPG,C:\Users\USUARIO\Desktop\BP Mayo 2026\SynologyDrive\CT_23\02200280.JPG,moved
CT_23,C:\Users\USUARIO\Desktop\BP Mayo 2026\SynologyDrive\CT_23\100EK113\02200281.JPG,C:\Users\USUARIO\Desktop\BP Mayo 2026\SynologyDrive\CT_23\02200281.JPG,moved
CT_23,C:\Users\USUARIO\Desktop\BP Mayo 2026\SynologyDrive\CT_23\100EK113\02200282.JPG,C:\Users\USUARIO\Desktop\BP Mayo 2026\SynologyDrive\CT_23\02200282.JPG,moved
CT_23,C:\Users\USUARIO\Desktop\BP Mayo 2026\SynologyDrive\CT_23\100EK113\02200283.MP4,C:\Users\USUARIO\Desktop\BP Mayo 2026\SynologyDrive\CT_23\02200283.MP4,moved
CT_23,C:\Users\USUARIO\Desktop\BP Mayo 2026\SynologyDrive\CT_23\100EK113\02200284.JPG,C:\Users\USUARIO\Desktop\BP Mayo 2026\SynologyDrive\CT_23\02200284.JPG,moved
CT_23,C:\Users\USUARIO\Desktop\BP Mayo 2026\SynologyDrive\CT_23\100EK113\02200285.JPG,C:\Users\USUARIO\Desktop\BP Mayo 2026\SynologyDrive\CT_23\02200285.JPG,moved
CT_23,C:\Users\USUARIO\Desktop\BP Mayo 2026\SynologyDrive\CT_23\100EK113\02200286.JPG,C:\Users\USUARIO\Desktop\BP Mayo 2026\SynologyDrive\CT_23\02200286.JPG,moved
CT_23,C:\Users\USUARIO\Desktop\BP Mayo 2026\SynologyDrive\CT_23\100EK113\02200287.MP4,C:\Users\USUARIO\Desktop\BP Mayo 2026\SynologyDrive\CT_23\02200287.MP4,moved
CT_23,C:\Users\USUARIO\Desktop\BP Mayo 2026\SynologyDrive\CT_23\100EK113\02200288.JPG,C:\Users\USUARIO\Desktop\BP Mayo 2026\SynologyDrive\CT_23\02200288.JPG,moved
CT_23,C:\Users\USUARIO\Desktop\BP Mayo 2026\SynologyDrive\CT_23\100EK113\02200289.JPG,C:\Users\USUARIO\Desktop\BP Mayo 2026\SynologyDrive\CT_23\02200289.JPG,moved
CT_23,C:\Users\USUARIO\Desktop\BP Mayo 2026\SynologyDrive\CT_23\100EK113\02200290.JPG,C:\Users\USUARIO\Desktop\BP Mayo 2026\SynologyDrive\CT_23\02200290.JPG,moved
CT_23,C:\Users\USUARIO\Desktop\BP Mayo 2026\SynologyDrive\CT_23\100EK113\02200291.MP4,C:\Users\USUARIO\Desktop\BP Mayo 2026\SynologyDrive\CT_23\02200291.MP4,moved
CT_23,C:\Users\USUARIO\Desktop\BP Mayo 2026\SynologyDrive\CT_23\100EK113\02200292.JPG,C:\Users\USUARIO\Desktop\BP Mayo 2026\SynologyDrive\CT_23\02200292.JPG,moved
CT_23,C:\Users\USUARIO\Desktop\BP Mayo 2026\SynologyDrive\CT_23\100EK113\02200293.JPG,C:\Users\USUARIO\Desktop\BP Mayo 2026\SynologyDrive\CT_23\02200293.JPG,moved
CT_23,C:\Users\USUARIO\Desktop\BP Mayo 2026\SynologyDrive\CT_23\100EK113\02200294.JPG,C:\Users\USUARIO\Desktop\BP Mayo 2026\SynologyDrive\CT_23\02200294.JPG,moved
CT_23,C:\Users\USUARIO\Desktop\BP Mayo 2026\SynologyDrive\CT_23\100EK113\02200295.MP4,C:\Users\USUARIO\Desktop\BP Mayo 2026\SynologyDrive\CT_23\02200295.MP4,moved
CT_23,C:\Users\USUARIO\Desktop\BP Mayo 2026\SynologyDrive\CT_23\100EK113\02200296.JPG,C:\Users\USUARIO\Desktop\BP Mayo 2026\SynologyDrive\CT_23\02200296.JPG,moved
CT_23,C:\Users\USUARIO\Desktop\BP Mayo 2026\SynologyDrive\CT_23\100EK113\02200297.JPG,C:\Users\USUARIO\Desktop\BP Mayo 2026\SynologyDrive\CT_23\02200297.JPG,moved
CT_23,C:\Users\USUARIO\Desktop\BP Mayo 2026\SynologyDrive\CT_23\100EK113\02200298.JPG,C:\Users\USUARIO\Desktop\BP Mayo 2026\SynologyDrive\CT_23\02200298.JPG,moved
CT_23,C:\Users\USUARIO\Desktop\BP Mayo 2026\SynologyDrive\CT_23\100EK113\02200299.MP4,C:\Users\USUARIO\Desktop\BP Mayo 2026\SynologyDrive\CT_23\02200299.MP4,moved
CT_23,C:\Users\USUARIO\Desktop\BP Mayo 2026\SynologyDrive\CT_23\100EK113\02200300.JPG,C:\Users\USUARIO\Desktop\BP Mayo 2026\SynologyDrive\CT_23\02200300.JPG,moved
CT_23,C:\Users\USUARIO\Desktop\BP Mayo 2026\SynologyDrive\CT_23\100EK113\02200301.JPG,C:\Users\USUARIO\Desktop\BP Mayo 2026\SynologyDrive\CT_23\02200301.JPG,moved
CT_23,C:\Users\USUARIO\Desktop\BP Mayo 2026\SynologyDrive\CT_23\100EK113\02200302.JPG,C:\Users\USUARIO\Desktop\BP Mayo 2026\SynologyDrive\CT_23\02200302.JPG,moved
CT_23,C:\Users\USUARIO\Desktop\BP Mayo 2026\SynologyDrive\CT_23\100EK113\02200303.MP4,C:\Users\USUARIO\Desktop\BP Mayo 2026\SynologyDrive\CT_23\02200303.MP4,moved
CT_23,C:\Users\USUARIO\Desktop\BP Mayo 2026\SynologyDrive\CT_23\100EK113\02200304.JPG,C:\Users\USUARIO\Desktop\BP Mayo 2026\SynologyDrive\CT_23\02200304.JPG,moved
CT_23,C:\Users\USUARIO\Desktop\BP Mayo 2026\SynologyDrive\CT_23\100EK113\02200305.JPG,C:\Users\USUARIO\Desktop\BP Mayo 2026\SynologyDrive\CT_23\02200305.JPG,moved
CT_23,C:\Users\USUARIO\Desktop\BP Mayo 2026\SynologyDrive\CT_23\100EK113\02200306.JPG,C:\Users\USUARIO\Desktop\BP Mayo 2026\SynologyDrive\CT_23\02200306.JPG,moved
CT_23,C:\Users\USUARIO\Desktop\BP Mayo 2026\SynologyDrive\CT_23\100EK113\02200307.MP4,C:\Users\USUARIO\Desktop\BP Mayo 2026\SynologyDrive\CT_23\02200307.MP4,moved
CT_23,C:\Users\USUARIO\Desktop\BP Mayo 2026\SynologyDrive\CT_23\100EK113\02200308.JPG,C:\Users\USUARIO\Desktop\BP Mayo 2026\SynologyDrive\CT_23\02200308.JPG,moved
CT_23,C:\Users\USUARIO\Desktop\BP Mayo 2026\SynologyDrive\CT_23\100EK113\02200309.JPG,C:\Users\USUARIO\Desktop\BP Mayo 2026\SynologyDrive\CT_23\02200309.JPG,moved
CT_23,C:\Users\USUARIO\Desktop\BP Mayo 2026\SynologyDrive\CT_23\100EK113\02200310.JPG,C:\Users\USUARIO\Desktop\BP Mayo 2026\SynologyDrive\CT_23\02200310.JPG,moved
CT_23,C:\Users\USUARIO\Desktop\BP Mayo 2026\SynologyDrive\CT_23\100EK113\02200311.MP4,C:\Users\USUARIO\Desktop\BP Mayo 2026\SynologyDrive\CT_23\02200311.MP4,moved
CT_23,C:\Users\USUARIO\Desktop\BP Mayo 2026\SynologyDrive\CT_23\100EK113\02200312.JPG,C:\Users\USUARIO\Desktop\BP Mayo 2026\SynologyDrive\CT_23\02200312.JPG,moved
CT_23,C:\Users\USUARIO\Desktop\BP Mayo 2026\SynologyDrive\CT_23\100EK113\02200313.JPG,C:\Users\USUARIO\Desktop\BP Mayo 2026\SynologyDrive\CT_23\02200313.JPG,moved
CT_23,C:\Users\USUARIO\Desktop\BP Mayo 2026\SynologyDrive\CT_23\100EK113\02200314.JPG,C:\Users\USUARIO\Desktop\BP Mayo 2026\SynologyDrive\CT_23\02200314.JPG,moved
CT_23,C:\Users\USUARIO\Desktop\BP Mayo 2026\SynologyDrive\CT_23\100EK113\02200315.MP4,C:\Users\USUARIO\Desktop\BP Mayo 2026\SynologyDrive\CT_23\02200315.MP4,moved
CT_23,C:\Users\USUARIO\Desktop\BP Mayo 2026\SynologyDrive\CT_23\100EK113\02200316.JPG,C:\Users\USUARIO\Desktop\BP Mayo 2026\SynologyDrive\CT_23\02200316.JPG,moved
CT_23,C:\Users\USUARIO\Desktop\BP Mayo 2026\SynologyDrive\CT_23\100EK113\02200317.JPG,C:\Users\USUARIO\Desktop\BP Mayo 2026\SynologyDrive\CT_23\02200317.JPG,moved
CT_23,C:\Users\USUARIO\Desktop\BP Mayo 2026\SynologyDrive\CT_23\100EK113\02200318.JPG,C:\Users\USUARIO\Desktop\BP Mayo 2026\SynologyDrive\CT_23\02200318.JPG,moved
CT_23,C:\Users\USUARIO\Desktop\BP Mayo 2026\SynologyDrive\CT_23\100EK113\02200319.MP4,C:\Users\USUARIO\Desktop\BP Mayo 2026\SynologyDrive\CT_23\02200319.MP4,moved
CT_23,C:\Users\USUARIO\Desktop\BP Mayo 2026\SynologyDrive\CT_23\100EK113\02200320.JPG,C:\Users\USUARIO\Desktop\BP Mayo 2026\SynologyDrive\CT_23\02200320.JPG,moved
CT_23,C:\Users\USUARIO\Desktop\BP Mayo 2026\SynologyDrive\CT_23\100EK113\02200321.JPG,C:\Users\USUARIO\Desktop\BP Mayo 2026\SynologyDrive\CT_23\02200321.JPG,moved
CT_23,C:\Users\USUARIO\Desktop\BP Mayo 2026\SynologyDrive\CT_23\100EK113\02200322.JPG,C:\Users\USUARIO\Desktop\BP Mayo 2026\SynologyDrive\CT_23\02200322.JPG,moved
CT_23,C:\Users\USUARIO\Desktop\BP Mayo 2026\SynologyDrive\CT_23\100EK113\02200323.MP4,C:\Users\USUARIO\Desktop\BP Mayo 2026\SynologyDrive\CT_23\02200323.MP4,moved
CT_23,C:\Users\USUARIO\Desktop\BP Mayo 2026\SynologyDrive\CT_23\100EK113\02200324.JPG,C:\Users\USUARIO\Desktop\BP Mayo 2026\SynologyDrive\CT_23\02200324.JPG,moved
CT_23,C:\Users\USUARIO\Desktop\BP Mayo 2026\SynologyDrive\CT_23\100EK113\02200325.JPG,C:\Users\USUARIO\Desktop\BP Mayo 2026\SynologyDrive\CT_23\02200325.JPG,moved
CT_23,C:\Users\USUARIO\Desktop\BP Mayo 2026\SynologyDrive\CT_23\100EK113\02200326.JPG,C:\Users\USUARIO\Desktop\BP Mayo 2026\SynologyDrive\CT_23\02200326.JPG,moved
CT_23,C:\Users\USUARIO\Desktop\BP Mayo 2026\SynologyDrive\CT_23\100EK113\02200327.MP4,C:\Users\USUARIO\Desktop\BP Mayo 2026\SynologyDrive\CT_23\02200327.MP4,moved
CT_23,C:\Users\USUARIO\Desktop\BP Mayo 2026\SynologyDrive\CT_23\100EK113\02200328.JPG,C:\Users\USUARIO\Desktop\BP Mayo 2026\SynologyDrive\CT_23\02200328.JPG,moved
CT_23,C:\Users\USUARIO\Desktop\BP Mayo 2026\SynologyDrive\CT_23\100EK113\02200329.JPG,C:\Users\USUARIO\Desktop\BP Mayo 2026\SynologyDrive\CT_23\02200329.JPG,moved
CT_23,C:\Users\USUARIO\Desktop\BP Mayo 2026\SynologyDrive\CT_23\100EK113\02200330.JPG,C:\Users\USUARIO\Desktop\BP Mayo 2026\SynologyDrive\CT_23\02200330.JPG,moved
CT_23,C:\Users\USUARIO\Desktop\BP Mayo 2026\SynologyDrive\CT_23\100EK113\02200331.MP4,C:\Users\USUARIO\Desktop\BP Mayo 2026\SynologyDrive\CT_23\02200331.MP4,moved
CT_23,C:\Users\USUARIO\Desktop\BP Mayo 2026\SynologyDrive\CT_23\100EK113\02200332.JPG,C:\Users\USUARIO\Desktop\BP Mayo 2026\SynologyDrive\CT_23\02200332.JPG,moved
CT_23,C:\Users\USUARIO\Desktop\BP Mayo 2026\SynologyDrive\CT_23\100EK113\02200333.JPG,C:\Users\USUARIO\Desktop\BP Mayo 2026\SynologyDrive\CT_23\02200333.JPG,moved
CT_23,C:\Users\USUARIO\Desktop\BP Mayo 2026\SynologyDrive\CT_23\100EK113\02200334.JPG,C:\Users\USUARIO\Desktop\BP Mayo 2026\SynologyDrive\CT_23\02200334.JPG,moved
CT_23,C:\Users\USUARIO\Desktop\BP Mayo 2026\SynologyDrive\CT_23\100EK113\02200335.MP4,C:\Users\USUARIO\Desktop\BP Mayo 2026\SynologyDrive\CT_23\02200335.MP4,moved
CT_23,C:\Users\USUARIO\Desktop\BP Mayo 2026\SynologyDrive\CT_23\100EK113\02200336.JPG,C:\Users\USUARIO\Desktop\BP Mayo 2026\SynologyDrive\CT_23\02200336.JPG,moved
CT_23,C:\Users\USUARIO\Desktop\BP Mayo 2026\SynologyDrive\CT_23\100EK113\02200337.JPG,C:\Users\USUARIO\Desktop\BP Mayo 2026\SynologyDrive\CT_23\02200337.JPG,moved
CT_23,C:\Users\USUARIO\Desktop\BP Mayo 2026\SynologyDrive\CT_23\100EK113\02200338.JPG,C:\Users\USUARIO\Desktop\BP Mayo 2026\SynologyDrive\CT_23\02200338.JPG,moved
CT_23,C:\Users\USUARIO\Desktop\BP Mayo 2026\SynologyDrive\CT_23\100EK113\02200339.MP4,C:\Users\USUARIO\Desktop\BP Mayo 2026\SynologyDrive\CT_23\02200339.MP4,moved
CT_23,C:\Users\USUARIO\Desktop\BP Mayo 2026\SynologyDrive\CT_23\100EK113\02200340.JPG,C:\Users\USUARIO\Desktop\BP Mayo 2026\SynologyDrive\CT_23\02200340.JPG,moved
CT_23,C:\Users\USUARIO\Desktop\BP Mayo 2026\SynologyDrive\CT_23\100EK113\02200341.JPG,C:\Users\USUARIO\Desktop\BP Mayo 2026\SynologyDrive\CT_23\02200341.JPG,moved
CT_23,C:\Users\USUARIO\Desktop\BP Mayo 2026\SynologyDrive\CT_23\100EK113\02200342.JPG,C:\Users\USUARIO\Desktop\BP Mayo 2026\SynologyDrive\CT_23\02200342.JPG,moved
CT_23,C:\Users\USUARIO\Desktop\BP Mayo 2026\SynologyDrive\CT_23\100EK113\02200343.MP4,C:\Users\USUARIO\Desktop\BP Mayo 2026\SynologyDrive\CT_23\02200343.MP4,moved
CT_23,C:\Users\USUARIO\Desktop\BP Mayo 2026\SynologyDrive\CT_23\100EK113\02200344.JPG,C:\Users\USUARIO\Desktop\BP Mayo 2026\SynologyDrive\CT_23\02200344.JPG,moved
CT_23,C:\Users\USUARIO\Desktop\BP Mayo 2026\SynologyDrive\CT_23\100EK113\02200345.JPG,C:\Users\USUARIO\Desktop\BP Mayo 2026\SynologyDrive\CT_23\02200345.JPG,moved
CT_23,C:\Users\USUARIO\Desktop\BP Mayo 2026\SynologyDrive\CT_23\100EK113\02200346.JPG,C:\Users\USUARIO\Desktop\BP Mayo 2026\SynologyDrive\CT_23\02200346.JPG,moved
CT_23,C:\Users\USUARIO\Desktop\BP Mayo 2026\SynologyDrive\CT_23\100EK113\02200347.MP4,C:\Users\USUARIO\Desktop\BP Mayo 2026\SynologyDrive\CT_23\02200347.MP4,moved
CT_23,C:\Users\USUARIO\Desktop\BP Mayo 2026\SynologyDrive\CT_23\100EK113\02200348.JPG,C:\Users\USUARIO\Desktop\BP Mayo 2026\SynologyDrive\CT_23\02200348.JPG,moved
CT_23,C:\Users\USUARIO\Desktop\BP Mayo 2026\SynologyDrive\CT_23\100EK113\02200349.JPG,C:\Users\USUARIO\Desktop\BP Mayo 2026\SynologyDrive\CT_23\02200349.JPG,moved
CT_23,C:\Users\USUARIO\Desktop\BP Mayo 2026\SynologyDrive\CT_23\100EK113\02200350.JPG,C:\Users\USUARIO\Desktop\BP Mayo 2026\SynologyDrive\CT_23\02200350.JPG,moved
CT_23,C:\Users\USUARIO\Desktop\BP Mayo 2026\SynologyDrive\CT_23\100EK113\02200351.MP4,C:\Users\USUARIO\Desktop\BP Mayo 2026\SynologyDrive\CT_23\02200351.MP4,moved
CT_23,C:\Users\USUARIO\Desktop\BP Mayo 2026\SynologyDrive\CT_23\100EK113\02200352.JPG,C:\Users\USUARIO\Desktop\BP Mayo 2026\SynologyDrive\CT_23\02200352.JPG,moved
CT_23,C:\Users\USUARIO\Desktop\BP Mayo 2026\SynologyDrive\CT_23\100EK113\02200353.JPG,C:\Users\USUARIO\Desktop\BP Mayo 2026\SynologyDrive\CT_23\02200353.JPG,moved
CT_23,C:\Users\USUARIO\Desktop\BP Mayo 2026\SynologyDrive\CT_23\100EK113\02200354.JPG,C:\Users\USUARIO\Desktop\BP Mayo 2026\SynologyDrive\CT_23\02200354.JPG,moved
CT_23,C:\Users\USUARIO\Desktop\BP Mayo 2026\SynologyDrive\CT_23\100EK113\02200355.MP4,C:\Users\USUARIO\Desktop\BP Mayo 2026\SynologyDrive\CT_23\02200355.MP4,moved
CT_23,C:\Users\USUARIO\Desktop\BP Mayo 2026\SynologyDrive\CT_23\100EK113\02200356.JPG,C:\Users\USUARIO\Desktop\BP Mayo 2026\SynologyDrive\CT_23\02200356.JPG,moved
CT_23,C:\Users\USUARIO\Desktop\BP Mayo 2026\SynologyDrive\CT_23\100EK113\02200357.JPG,C:\Users\USUARIO\Desktop\BP Mayo 2026\SynologyDrive\CT_23\02200357.JPG,moved
CT_23,C:\Users\USUARIO\Desktop\BP Mayo 2026\SynologyDrive\CT_23\100EK113\02200358.JPG,C:\Users\USUARIO\Desktop\BP Mayo 2026\SynologyDrive\CT_23\02200358.JPG,moved
CT_23,C:\Users\USUARIO\Desktop\BP Mayo 2026\SynologyDrive\CT_23\100EK113\02200359.MP4,C:\Users\USUARIO\Desktop\BP Mayo 2026\SynologyDrive\CT_23\02200359.MP4,moved
CT_23,C:\Users\USUARIO\Desktop\BP Mayo 2026\SynologyDrive\CT_23\100EK113\02200360.JPG,C:\Users\USUARIO\Desktop\BP Mayo 2026\SynologyDrive\CT_23\02200360.JPG,moved
CT_23,C:\Users\USUARIO\Desktop\BP Mayo 2026\SynologyDrive\CT_23\100EK113\02200361.JPG,C:\Users\USUARIO\Desktop\BP Mayo 2026\SynologyDrive\CT_23\02200361.JPG,moved
CT_23,C:\Users\USUARIO\Desktop\BP Mayo 2026\SynologyDrive\CT_23\100EK113\02200362.JPG,C:\Users\USUARIO\Desktop\BP Mayo 2026\SynologyDrive\CT_23\02200362.JPG,moved
CT_23,C:\Users\USUARIO\Desktop\BP Mayo 2026\SynologyDrive\CT_23\100EK113\02200363.MP4,C:\Users\USUARIO\Desktop\BP Mayo 2026\SynologyDrive\CT_23\02200363.MP4,moved
CT_23,C:\Users\USUARIO\Desktop\BP Mayo 2026\SynologyDrive\CT_23\100EK113\02200364.JPG,C:\Users\USUARIO\Desktop\BP Mayo 2026\SynologyDrive\CT_23\02200364.JPG,moved
CT_23,C:\Users\USUARIO\Desktop\BP Mayo 2026\SynologyDrive\CT_23\100EK113\02200365.JPG,C:\Users\USUARIO\Desktop\BP Mayo 2026\SynologyDrive\CT_23\02200365.JPG,moved
CT_23,C:\Users\USUARIO\Desktop\BP Mayo 2026\SynologyDrive\CT_23\100EK113\02200366.JPG,C:\Users\USUARIO\Desktop\BP Mayo 2026\SynologyDrive\CT_23\02200366.JPG,moved
CT_23,C:\Users\USUARIO\Desktop\BP Mayo 2026\SynologyDrive\CT_23\100EK113\02200367.MP4,C:\Users\USUARIO\Desktop\BP Mayo 2026\SynologyDrive\CT_23\02200367.MP4,moved
CT_23,C:\Users\USUARIO\Desktop\BP Mayo 2026\SynologyDrive\CT_23\100EK113\02200368.JPG,C:\Users\USUARIO\Desktop\BP Mayo 2026\SynologyDrive\CT_23\02200368.JPG,moved
CT_23,C:\Users\USUARIO\Desktop\BP Mayo 2026\SynologyDrive\CT_23\100EK113\02200369.JPG,C:\Users\USUARIO\Desktop\BP Mayo 2026\SynologyDrive\CT_23\02200369.JPG,moved
CT_23,C:\Users\USUARIO\Desktop\BP Mayo 2026\SynologyDrive\CT_23\100EK113\02200370.JPG,C:\Users\USUARIO\Desktop\BP Mayo 2026\SynologyDrive\CT_23\02200370.JPG,moved
CT_23,C:\Users\USUARIO\Desktop\BP Mayo 2026\SynologyDrive\CT_23\100EK113\02200371.MP4,C:\Users\USUARIO\Desktop\BP Mayo 2026\SynologyDrive\CT_23\02200371.MP4,moved
CT_23,C:\Users\USUARIO\Desktop\BP Mayo 2026\SynologyDrive\CT_23\100EK113\02200372.JPG,C:\Users\USUARIO\Desktop\BP Mayo 2026\SynologyDrive\CT_23\02200372.JPG,moved
CT_23,C:\Users\USUARIO\Desktop\BP Mayo 2026\SynologyDrive\CT_23\100EK113\02200373.JPG,C:\Users\USUARIO\Desktop\BP Mayo 2026\SynologyDrive\CT_23\02200373.JPG,moved
CT_23,C:\Users\USUARIO\Desktop\BP Mayo 2026\SynologyDrive\CT_23\100EK113\02200374.JPG,C:\Users\USUARIO\Desktop\BP Mayo 2026\SynologyDrive\CT_23\02200374.JPG,moved
CT_23,C:\Users\USUARIO\Desktop\BP Mayo 2026\SynologyDrive\CT_23\100EK113\02200375.MP4,C:\Users\USUARIO\Desktop\BP Mayo 2026\SynologyDrive\CT_23\02200375.MP4,moved
CT_23,C:\Users\USUARIO\Desktop\BP Mayo 2026\SynologyDrive\CT_23\100EK113\02200376.JPG,C:\Users\USUARIO\Desktop\BP Mayo 2026\SynologyDrive\CT_23\02200376.JPG,moved
CT_23,C:\Users\USUARIO\Desktop\BP Mayo 2026\SynologyDrive\CT_23\100EK113\02200377.JPG,C:\Users\USUARIO\Desktop\BP Mayo 2026\SynologyDrive\CT_23\02200377.JPG,moved
CT_23,C:\Users\USUARIO\Desktop\BP Mayo 2026\SynologyDrive\CT_23\100EK113\02200378.JPG,C:\Users\USUARIO\Desktop\BP Mayo 2026\SynologyDrive\CT_23\02200378.JPG,moved
CT_23,C:\Users\USUARIO\Desktop\BP Mayo 2026\SynologyDrive\CT_23\100EK113\02200379.MP4,C:\Users\USUARIO\Desktop\BP Mayo 2026\SynologyDrive\CT_23\02200379.MP4,moved
CT_23,C:\Users\USUARIO\Desktop\BP Mayo 2026\SynologyDrive\CT_23\100EK113\02200380.JPG,C:\Users\USUARIO\Desktop\BP Mayo 2026\SynologyDrive\CT_23\02200380.JPG,moved
CT_23,C:\Users\USUARIO\Desktop\BP Mayo 2026\SynologyDrive\CT_23\100EK113\02200381.JPG,C:\Users\USUARIO\Desktop\BP Mayo 2026\SynologyDrive\CT_23\02200381.JPG,moved
CT_23,C:\Users\USUARIO\Desktop\BP Mayo 2026\SynologyDrive\CT_23\100EK113\02200382.JPG,C:\Users\USUARIO\Desktop\BP Mayo 2026\SynologyDrive\CT_23\02200382.JPG,moved
CT_23,C:\Users\USUARIO\Desktop\BP Mayo 2026\SynologyDrive\CT_23\100EK113\02200383.MP4,C:\Users\USUARIO\Desktop\BP Mayo 2026\SynologyDrive\CT_23\02200383.MP4,moved
CT_23,C:\Users\USUARIO\Desktop\BP Mayo 2026\SynologyDrive\CT_23\100EK113\02200384.JPG,C:\Users\USUARIO\Desktop\BP Mayo 2026\SynologyDrive\CT_23\02200384.JPG,moved
CT_23,C:\Users\USUARIO\Desktop\BP Mayo 2026\SynologyDrive\CT_23\100EK113\02200385.JPG,C:\Users\USUARIO\Desktop\BP Mayo 2026\SynologyDrive\CT_23\02200385.JPG,moved
CT_23,C:\Users\USUARIO\Desktop\BP Mayo 2026\SynologyDrive\CT_23\100EK113\02200386.JPG,C:\Users\USUARIO\Desktop\BP Mayo 2026\SynologyDrive\CT_23\02200386.JPG,moved
CT_23,C:\Users\USUARIO\Desktop\BP Mayo 2026\SynologyDrive\CT_23\100EK113\02200387.MP4,C:\Users\USUARIO\Desktop\BP Mayo 2026\SynologyDrive\CT_23\02200387.MP4,moved
CT_23,C:\Users\USUARIO\Desktop\BP Mayo 2026\SynologyDrive\CT_23\100EK113\02200388.JPG,C:\Users\USUARIO\Desktop\BP Mayo 2026\SynologyDrive\CT_23\02200388.JPG,moved
CT_23,C:\Users\USUARIO\Desktop\BP Mayo 2026\SynologyDrive\CT_23\100EK113\02200389.JPG,C:\Users\USUARIO\Desktop\BP Mayo 2026\SynologyDrive\CT_23\02200389.JPG,moved
CT_23,C:\Users\USUARIO\Desktop\BP Mayo 2026\SynologyDrive\CT_23\100EK113\02200390.JPG,C:\Users\USUARIO\Desktop\BP Mayo 2026\SynologyDrive\CT_23\02200390.JPG,moved
CT_23,C:\Users\USUARIO\Desktop\BP Mayo 2026\SynologyDrive\CT_23\100EK113\02200391.MP4,C:\Users\USUARIO\Desktop\BP Mayo 2026\SynologyDrive\CT_23\02200391.MP4,moved
CT_23,C:\Users\USUARIO\Desktop\BP Mayo 2026\SynologyDrive\CT_23\100EK113\02200392.JPG,C:\Users\USUARIO\Desktop\BP Mayo 2026\SynologyDrive\CT_23\02200392.JPG,moved
CT_23,C:\Users\USUARIO\Desktop\BP Mayo 2026\SynologyDrive\CT_23\100EK113\02200393.JPG,C:\Users\USUARIO\Desktop\BP Mayo 2026\SynologyDrive\CT_23\02200393.JPG,moved
CT_23,C:\Users\USUARIO\Desktop\BP Mayo 2026\SynologyDrive\CT_23\100EK113\02200394.JPG,C:\Users\USUARIO\Desktop\BP Mayo 2026\SynologyDrive\CT_23\02200394.JPG,moved
CT_23,C:\Users\USUARIO\Desktop\BP Mayo 2026\SynologyDrive\CT_23\100EK113\02200395.MP4,C:\Users\USUARIO\Desktop\BP Mayo 2026\SynologyDrive\CT_23\02200395.MP4,moved
CT_23,C:\Users\USUARIO\Desktop\BP Mayo 2026\SynologyDrive\CT_23\100EK113\02200396.JPG,C:\Users\USUARIO\Desktop\BP Mayo 2026\SynologyDrive\CT_23\02200396.JPG,moved
CT_23,C:\Users\USUARIO\Desktop\BP Mayo 2026\SynologyDrive\CT_23\100EK113\02200397.JPG,C:\Users\USUARIO\Desktop\BP Mayo 2026\SynologyDrive\CT_23\02200397.JPG,moved
CT_23,C:\Users\USUARIO\Desktop\BP Mayo 2026\SynologyDrive\CT_23\100EK113\02200398.JPG,C:\Users\USUARIO\Desktop\BP Mayo 2026\SynologyDrive\CT_23\02200398.JPG,moved
CT_23,C:\Users\USUARIO\Desktop\BP Mayo 2026\SynologyDrive\CT_23\100EK113\02200399.MP4,C:\Users\USUARIO\Desktop\BP Mayo 2026\SynologyDrive\CT_23\02200399.MP4,moved
CT_23,C:\Users\USUARIO\Desktop\BP Mayo 2026\SynologyDrive\CT_23\100EK113\02200400.JPG,C:\Users\USUARIO\Desktop\BP Mayo 2026\SynologyDrive\CT_23\02200400.JPG,moved
CT_23,C:\Users\USUARIO\Desktop\BP Mayo 2026\SynologyDrive\CT_23\100EK113\02200401.JPG,C:\Users\USUARIO\Desktop\BP Mayo 2026\SynologyDrive\CT_23\02200401.JPG,moved
CT_23,C:\Users\USUARIO\Desktop\BP Mayo 2026\SynologyDrive\CT_23\100EK113\02200402.JPG,C:\Users\USUARIO\Desktop\BP Mayo 2026\SynologyDrive\CT_23\02200402.JPG,moved
CT_23,C:\Users\USUARIO\Desktop\BP Mayo 2026\SynologyDrive\CT_23\100EK113\02200403.MP4,C:\Users\USUARIO\Desktop\BP Mayo 2026\SynologyDrive\CT_23\02200403.MP4,moved
CT_23,C:\Users\USUARIO\Desktop\BP Mayo 2026\SynologyDrive\CT_23\100EK113\02200404.JPG,C:\Users\USUARIO\Desktop\BP Mayo 2026\SynologyDrive\CT_23\02200404.JPG,moved
CT_23,C:\Users\USUARIO\Desktop\BP Mayo 2026\SynologyDrive\CT_23\100EK113\02200405.JPG,C:\Users\USUARIO\Desktop\BP Mayo 2026\SynologyDrive\CT_23\02200405.JPG,moved
CT_23,C:\Users\USUARIO\Desktop\BP Mayo 2026\SynologyDrive\CT_23\100EK113\02200406.JPG,C:\Users\USUARIO\Desktop\BP Mayo 2026\SynologyDrive\CT_23\02200406.JPG,moved
CT_23,C:\Users\USUARIO\Desktop\BP Mayo 2026\SynologyDrive\CT_23\100EK113\02200407.MP4,C:\Users\USUARIO\Desktop\BP Mayo 2026\SynologyDrive\CT_23\02200407.MP4,moved
CT_23,C:\Users\USUARIO\Desktop\BP Mayo 2026\SynologyDrive\CT_23\100EK113\02200408.JPG,C:\Users\USUARIO\Desktop\BP Mayo 2026\SynologyDrive\CT_23\02200408.JPG,moved
CT_23,C:\Users\USUARIO\Desktop\BP Mayo 2026\SynologyDrive\CT_23\100EK113\02200409.JPG,C:\Users\USUARIO\Desktop\BP Mayo 2026\SynologyDrive\CT_23\02200409.JPG,moved
CT_23,C:\Users\USUARIO\Desktop\BP Mayo 2026\SynologyDrive\CT_23\100EK113\02200410.JPG,C:\Users\USUARIO\Desktop\BP Mayo 2026\SynologyDrive\CT_23\02200410.JPG,moved
CT_23,C:\Users\USUARIO\Desktop\BP Mayo 2026\SynologyDrive\CT_23\100EK113\02200411.MP4,C:\Users\USUARIO\Desktop\BP Mayo 2026\SynologyDrive\CT_23\02200411.MP4,moved
CT_23,C:\Users\USUARIO\Desktop\BP Mayo 2026\SynologyDrive\CT_23\100EK113\02200412.JPG,C:\Users\USUARIO\Desktop\BP Mayo 2026\SynologyDrive\CT_23\02200412.JPG,moved
CT_23,C:\Users\USUARIO\Desktop\BP Mayo 2026\SynologyDrive\CT_23\100EK113\02200413.JPG,C:\Users\USUARIO\Desktop\BP Mayo 2026\SynologyDrive\CT_23\02200413.JPG,moved
CT_23,C:\Users\USUARIO\Desktop\BP Mayo 2026\SynologyDrive\CT_23\100EK113\02200414.JPG,C:\Users\USUARIO\Desktop\BP Mayo 2026\SynologyDrive\CT_23\02200414.JPG,moved
CT_23,C:\Users\USUARIO\Desktop\BP Mayo 2026\SynologyDrive\CT_23\100EK113\02200415.MP4,C:\Users\USUARIO\Desktop\BP Mayo 2026\SynologyDrive\CT_23\02200415.MP4,moved
CT_23,C:\Users\USUARIO\Desktop\BP Mayo 2026\SynologyDrive\CT_23\100EK113\02200416.JPG,C:\Users\USUARIO\Desktop\BP Mayo 2026\SynologyDrive\CT_23\02200416.JPG,moved
CT_23,C:\Users\USUARIO\Desktop\BP Mayo 2026\SynologyDrive\CT_23\100EK113\02200417.JPG,C:\Users\USUARIO\Desktop\BP Mayo 2026\SynologyDrive\CT_23\02200417.JPG,moved
CT_23,C:\Users\USUARIO\Desktop\BP Mayo 2026\SynologyDrive\CT_23\100EK113\02200418.JPG,C:\Users\USUARIO\Desktop\BP Mayo 2026\SynologyDrive\CT_23\02200418.JPG,moved
CT_23,C:\Users\USUARIO\Desktop\BP Mayo 2026\SynologyDrive\CT_23\100EK113\02200419.MP4,C:\Users\USUARIO\Desktop\BP Mayo 2026\SynologyDrive\CT_23\02200419.MP4,moved
CT_23,C:\Users\USUARIO\Desktop\BP Mayo 2026\SynologyDrive\CT_23\100EK113\02200420.JPG,C:\Users\USUARIO\Desktop\BP Mayo 2026\SynologyDrive\CT_23\02200420.JPG,moved
CT_23,C:\Users\USUARIO\Desktop\BP Mayo 2026\SynologyDrive\CT_23\100EK113\02200421.JPG,C:\Users\USUARIO\Desktop\BP Mayo 2026\SynologyDrive\CT_23\02200421.JPG,moved
CT_23,C:\Users\USUARIO\Desktop\BP Mayo 2026\SynologyDrive\CT_23\100EK113\02200422.JPG,C:\Users\USUARIO\Desktop\BP Mayo 2026\SynologyDrive\CT_23\02200422.JPG,moved
CT_23,C:\Users\USUARIO\Desktop\BP Mayo 2026\SynologyDrive\CT_23\100EK113\02200423.MP4,C:\Users\USUARIO\Desktop\BP Mayo 2026\SynologyDrive\CT_23\02200423.MP4,moved
CT_23,C:\Users\USUARIO\Desktop\BP Mayo 2026\SynologyDrive\CT_23\100EK113\02200424.JPG,C:\Users\USUARIO\Desktop\BP Mayo 2026\SynologyDrive\CT_23\02200424.JPG,moved
CT_23,C:\Users\USUARIO\Desktop\BP Mayo 2026\SynologyDrive\CT_23\100EK113\02200425.JPG,C:\Users\USUARIO\Desktop\BP Mayo 2026\SynologyDrive\CT_23\02200425.JPG,moved
CT_23,C:\Users\USUARIO\Desktop\BP Mayo 2026\SynologyDrive\CT_23\100EK113\02200426.JPG,C:\Users\USUARIO\Desktop\BP Mayo 2026\SynologyDrive\CT_23\02200426.JPG,moved
CT_23,C:\Users\USUARIO\Desktop\BP Mayo 2026\SynologyDrive\CT_23\100EK113\02200427.MP4,C:\Users\USUARIO\Desktop\BP Mayo 2026\SynologyDrive\CT_23\02200427.MP4,moved
CT_23,C:\Users\USUARIO\Desktop\BP Mayo 2026\SynologyDrive\CT_23\100EK113\02200428.JPG,C:\Users\USUARIO\Desktop\BP Mayo 2026\SynologyDrive\CT_23\02200428.JPG,moved
CT_23,C:\Users\USUARIO\Desktop\BP Mayo 2026\SynologyDrive\CT_23\100EK113\02200429.JPG,C:\Users\USUARIO\Desktop\BP Mayo 2026\SynologyDrive\CT_23\02200429.JPG,moved
CT_23,C:\Users\USUARIO\Desktop\BP Mayo 2026\SynologyDrive\CT_23\100EK113\02200430.JPG,C:\Users\USUARIO\Desktop\BP Mayo 2026\SynologyDrive\CT_23\02200430.JPG,moved
CT_23,C:\Users\USUARIO\Desktop\BP Mayo 2026\SynologyDrive\CT_23\100EK113\02200431.MP4,C:\Users\USUARIO\Desktop\BP Mayo 2026\SynologyDrive\CT_23\02200431.MP4,moved
CT_23,C:\Users\USUARIO\Desktop\BP Mayo 2026\SynologyDrive\CT_23\100EK113\02200432.JPG,C:\Users\USUARIO\Desktop\BP Mayo 2026\SynologyDrive\CT_23\02200432.JPG,moved
CT_23,C:\Users\USUARIO\Desktop\BP Mayo 2026\SynologyDrive\CT_23\100EK113\02200433.JPG,C:\Users\USUARIO\Desktop\BP Mayo 2026\SynologyDrive\CT_23\02200433.JPG,moved
CT_23,C:\Users\USUARIO\Desktop\BP Mayo 2026\SynologyDrive\CT_23\100EK113\02200434.JPG,C:\Users\USUARIO\Desktop\BP Mayo 2026\SynologyDrive\CT_23\02200434.JPG,moved
CT_23,C:\Users\USUARIO\Desktop\BP Mayo 2026\SynologyDrive\CT_23\100EK113\02200435.MP4,C:\Users\USUARIO\Desktop\BP Mayo 2026\SynologyDrive\CT_23\02200435.MP4,moved
CT_23,C:\Users\USUARIO\Desktop\BP Mayo 2026\SynologyDrive\CT_23\100EK113\02200436.JPG,C:\Users\USUARIO\Desktop\BP Mayo 2026\SynologyDrive\CT_23\02200436.JPG,moved
CT_23,C:\Users\USUARIO\Desktop\BP Mayo 2026\SynologyDrive\CT_23\100EK113\02200437.JPG,C:\Users\USUARIO\Desktop\BP Mayo 2026\SynologyDrive\CT_23\02200437.JPG,moved
CT_23,C:\Users\USUARIO\Desktop\BP Mayo 2026\SynologyDrive\CT_23\100EK113\02200438.JPG,C:\Users\USUARIO\Desktop\BP Mayo 2026\SynologyDrive\CT_23\02200438.JPG,moved
CT_23,C:\Users\USUARIO\Desktop\BP Mayo 2026\SynologyDrive\CT_23\100EK113\02200439.MP4,C:\Users\USUARIO\Desktop\BP Mayo 2026\SynologyDrive\CT_23\02200439.MP4,moved
CT_23,C:\Users\USUARIO\Desktop\BP Mayo 2026\SynologyDrive\CT_23\100EK113\02200440.JPG,C:\Users\USUARIO\Desktop\BP Mayo 2026\SynologyDrive\CT_23\02200440.JPG,moved
CT_23,C:\Users\USUARIO\Desktop\BP Mayo 2026\SynologyDrive\CT_23\100EK113\02200441.JPG,C:\Users\USUARIO\Desktop\BP Mayo 2026\SynologyDrive\CT_23\02200441.JPG,moved
CT_23,C:\Users\USUARIO\Desktop\BP Mayo 2026\SynologyDrive\CT_23\100EK113\02200442.JPG,C:\Users\USUARIO\Desktop\BP Mayo 2026\SynologyDrive\CT_23\02200442.JPG,moved
CT_23,C:\Users\USUARIO\Desktop\BP Mayo 2026\SynologyDrive\CT_23\100EK113\02200443.MP4,C:\Users\USUARIO\Desktop\BP Mayo 2026\SynologyDrive\CT_23\02200443.MP4,moved
CT_23,C:\Users\USUARIO\Desktop\BP Mayo 2026\SynologyDrive\CT_23\100EK113\02200444.JPG,C:\Users\USUARIO\Desktop\BP Mayo 2026\SynologyDrive\CT_23\02200444.JPG,moved
CT_23,C:\Users\USUARIO\Desktop\BP Mayo 2026\SynologyDrive\CT_23\100EK113\02200445.JPG,C:\Users\USUARIO\Desktop\BP Mayo 2026\SynologyDrive\CT_23\02200445.JPG,moved
CT_23,C:\Users\USUARIO\Desktop\BP Mayo 2026\SynologyDrive\CT_23\100EK113\02200446.JPG,C:\Users\USUARIO\Desktop\BP Mayo 2026\SynologyDrive\CT_23\02200446.JPG,moved
CT_23,C:\Users\USUARIO\Desktop\BP Mayo 2026\SynologyDrive\CT_23\100EK113\02200447.MP4,C:\Users\USUARIO\Desktop\BP Mayo 2026\SynologyDrive\CT_23\02200447.MP4,moved
CT_23,C:\Users\USUARIO\Desktop\BP Mayo 2026\SynologyDrive\CT_23\100EK113\02200448.JPG,C:\Users\USUARIO\Desktop\BP Mayo 2026\SynologyDrive\CT_23\02200448.JPG,moved
CT_23,C:\Users\USUARIO\Desktop\BP Mayo 2026\SynologyDrive\CT_23\100EK113\02200449.JPG,C:\Users\USUARIO\Desktop\BP Mayo 2026\SynologyDrive\CT_23\02200449.JPG,moved
CT_23,C:\Users\USUARIO\Desktop\BP Mayo 2026\SynologyDrive\CT_23\100EK113\02200450.JPG,C:\Users\USUARIO\Desktop\BP Mayo 2026\SynologyDrive\CT_23\02200450.JPG,moved
CT_23,C:\Users\USUARIO\Desktop\BP Mayo 2026\SynologyDrive\CT_23\100EK113\02200451.MP4,C:\Users\USUARIO\Desktop\BP Mayo 2026\SynologyDrive\CT_23\02200451.MP4,moved
CT_23,C:\Users\USUARIO\Desktop\BP Mayo 2026\SynologyDrive\CT_23\100EK113\02200452.JPG,C:\Users\USUARIO\Desktop\BP Mayo 2026\SynologyDrive\CT_23\02200452.JPG,moved
CT_23,C:\Users\USUARIO\Desktop\BP Mayo 2026\SynologyDrive\CT_23\100EK113\02200453.JPG,C:\Users\USUARIO\Desktop\BP Mayo 2026\SynologyDrive\CT_23\02200453.JPG,moved
CT_23,C:\Users\USUARIO\Desktop\BP Mayo 2026\SynologyDrive\CT_23\100EK113\02200454.JPG,C:\Users\USUARIO\Desktop\BP Mayo 2026\SynologyDrive\CT_23\02200454.JPG,moved
CT_23,C:\Users\USUARIO\Desktop\BP Mayo 2026\SynologyDrive\CT_23\100EK113\02200455.MP4,C:\Users\USUARIO\Desktop\BP Mayo 2026\SynologyDrive\CT_23\02200455.MP4,moved
CT_23,C:\Users\USUARIO\Desktop\BP Mayo 2026\SynologyDrive\CT_23\100EK113\02200456.JPG,C:\Users\USUARIO\Desktop\BP Mayo 2026\SynologyDrive\CT_23\02200456.JPG,moved
CT_23,C:\Users\USUARIO\Desktop\BP Mayo 2026\SynologyDrive\CT_23\100EK113\02200457.JPG,C:\Users\USUARIO\Desktop\BP Mayo 2026\SynologyDrive\CT_23\02200457.JPG,moved
CT_23,C:\Users\USUARIO\Desktop\BP Mayo 2026\SynologyDrive\CT_23\100EK113\02200458.JPG,C:\Users\USUARIO\Desktop\BP Mayo 2026\SynologyDrive\CT_23\02200458.JPG,moved
CT_23,C:\Users\USUARIO\Desktop\BP Mayo 2026\SynologyDrive\CT_23\100EK113\02200459.MP4,C:\Users\USUARIO\Desktop\BP Mayo 2026\SynologyDrive\CT_23\02200459.MP4,moved
CT_23,C:\Users\USUARIO\Desktop\BP Mayo 2026\SynologyDrive\CT_23\100EK113\02200460.JPG,C:\Users\USUARIO\Desktop\BP Mayo 2026\SynologyDrive\CT_23\02200460.JPG,moved
CT_23,C:\Users\USUARIO\Desktop\BP Mayo 2026\SynologyDrive\CT_23\100EK113\02200461.JPG,C:\Users\USUARIO\Desktop\BP Mayo 2026\SynologyDrive\CT_23\02200461.JPG,moved
CT_23,C:\Users\USUARIO\Desktop\BP Mayo 2026\SynologyDrive\CT_23\100EK113\02200462.MP4,C:\Users\USUARIO\Desktop\BP Mayo 2026\SynologyDrive\CT_23\02200462.MP4,moved
CT_23,C:\Users\USUARIO\Desktop\BP Mayo 2026\SynologyDrive\CT_23\100EK113\02200463.JPG,C:\Users\USUARIO\Desktop\BP Mayo 2026\SynologyDrive\CT_23\02200463.JPG,moved
CT_23,C:\Users\USUARIO\Desktop\BP Mayo 2026\SynologyDrive\CT_23\100EK113\02200464.JPG,C:\Users\USUARIO\Desktop\BP Mayo 2026\SynologyDrive\CT_23\02200464.JPG,moved
CT_23,C:\Users\USUARIO\Desktop\BP Mayo 2026\SynologyDrive\CT_23\100EK113\02200465.MP4,C:\Users\USUARIO\Desktop\BP Mayo 2026\SynologyDrive\CT_23\02200465.MP4,moved
CT_23,C:\Users\USUARIO\Desktop\BP Mayo 2026\SynologyDrive\CT_23\100EK113\02200466.JPG,C:\Users\USUARIO\Desktop\BP Mayo 2026\SynologyDrive\CT_23\02200466.JPG,moved
CT_23,C:\Users\USUARIO\Desktop\BP Mayo 2026\SynologyDrive\CT_23\100EK113\02200467.JPG,C:\Users\USUARIO\Desktop\BP Mayo 2026\SynologyDrive\CT_23\02200467.JPG,moved
CT_23,C:\Users\USUARIO\Desktop\BP Mayo 2026\SynologyDrive\CT_23\100EK113\02200468.JPG,C:\Users\USUARIO\Desktop\BP Mayo 2026\SynologyDrive\CT_23\02200468.JPG,moved
CT_23,C:\Users\USUARIO\Desktop\BP Mayo 2026\SynologyDrive\CT_23\100EK113\02200469.MP4,C:\Users\USUARIO\Desktop\BP Mayo 2026\SynologyDrive\CT_23\02200469.MP4,moved
CT_23,C:\Users\USUARIO\Desktop\BP Mayo 2026\SynologyDrive\CT_23\100EK113\02200470.JPG,C:\Users\USUARIO\Desktop\BP Mayo 2026\SynologyDrive\CT_23\02200470.JPG,moved
CT_23,C:\Users\USUARIO\Desktop\BP Mayo 2026\SynologyDrive\CT_23\100EK113\02200471.JPG,C:\Users\USUARIO\Desktop\BP Mayo 2026\SynologyDrive\CT_23\02200471.JPG,moved
CT_23,C:\Users\USUARIO\Desktop\BP Mayo 2026\SynologyDrive\CT_23\100EK113\02200472.JPG,C:\Users\USUARIO\Desktop\BP Mayo 2026\SynologyDrive\CT_23\02200472.JPG,moved
CT_23,C:\Users\USUARIO\Desktop\BP Mayo 2026\SynologyDrive\CT_23\100EK113\02200473.MP4,C:\Users\USUARIO\Desktop\BP Mayo 2026\SynologyDrive\CT_23\02200473.MP4,moved
CT_23,C:\Users\USUARIO\Desktop\BP Mayo 2026\SynologyDrive\CT_23\100EK113\02200474.JPG,C:\Users\USUARIO\Desktop\BP Mayo 2026\SynologyDrive\CT_23\02200474.JPG,moved
CT_23,C:\Users\USUARIO\Desktop\BP Mayo 2026\SynologyDrive\CT_23\100EK113\02200475.JPG,C:\Users\USUARIO\Desktop\BP Mayo 2026\SynologyDrive\CT_23\02200475.JPG,moved
CT_23,C:\Users\USUARIO\Desktop\BP Mayo 2026\SynologyDrive\CT_23\100EK113\02200476.MP4,C:\Users\USUARIO\Desktop\BP Mayo 2026\SynologyDrive\CT_23\02200476.MP4,moved
CT_23,C:\Users\USUARIO\Desktop\BP Mayo 2026\SynologyDrive\CT_23\100EK113\02200477.JPG,C:\Users\USUARIO\Desktop\BP Mayo 2026\SynologyDrive\CT_23\02200477.JPG,moved
CT_23,C:\Users\USUARIO\Desktop\BP Mayo 2026\SynologyDrive\CT_23\100EK113\02200478.JPG,C:\Users\USUARIO\Desktop\BP Mayo 2026\SynologyDrive\CT_23\02200478.JPG,moved
CT_23,C:\Users\USUARIO\Desktop\BP Mayo 2026\SynologyDrive\CT_23\100EK113\02200479.MP4,C:\Users\USUARIO\Desktop\BP Mayo 2026\SynologyDrive\CT_23\02200479.MP4,moved
CT_23,C:\Users\USUARIO\Desktop\BP Mayo 2026\SynologyDrive\CT_23\100EK113\02200480.JPG,C:\Users\USUARIO\Desktop\BP Mayo 2026\SynologyDrive\CT_23\02200480.JPG,moved
CT_23,C:\Users\USUARIO\Desktop\BP Mayo 2026\SynologyDrive\CT_23\100EK113\02200481.JPG,C:\Users\USUARIO\Desktop\BP Mayo 2026\SynologyDrive\CT_23\02200481.JPG,moved
CT_23,C:\Users\USUARIO\Desktop\BP Mayo 2026\SynologyDrive\CT_23\100EK113\02200482.MP4,C:\Users\USUARIO\Desktop\BP Mayo 2026\SynologyDrive\CT_23\02200482.MP4,moved
CT_23,C:\Users\USUARIO\Desktop\BP Mayo 2026\SynologyDrive\CT_23\100EK113\02200483.JPG,C:\Users\USUARIO\Desktop\BP Mayo 2026\SynologyDrive\CT_23\02200483.JPG,moved
CT_23,C:\Users\USUARIO\Desktop\BP Mayo 2026\SynologyDrive\CT_23\100EK113\02200484.JPG,C:\Users\USUARIO\Desktop\BP Mayo 2026\SynologyDrive\CT_23\02200484.JPG,moved
CT_23,C:\Users\USUARIO\Desktop\BP Mayo 2026\SynologyDrive\CT_23\100EK113\02200485.MP4,C:\Users\USUARIO\Desktop\BP Mayo 2026\SynologyDrive\CT_23\02200485.MP4,moved
CT_23,C:\Users\USUARIO\Desktop\BP Mayo 2026\SynologyDrive\CT_23\100EK113\02200486.JPG,C:\Users\USUARIO\Desktop\BP Mayo 2026\SynologyDrive\CT_23\02200486.JPG,moved
CT_23,C:\Users\USUARIO\Desktop\BP Mayo 2026\SynologyDrive\CT_23\100EK113\02200487.JPG,C:\Users\USUARIO\Desktop\BP Mayo 2026\SynologyDrive\CT_23\02200487.JPG,moved
CT_23,C:\Users\USUARIO\Desktop\BP Mayo 2026\SynologyDrive\CT_23\100EK113\02200488.MP4,C:\Users\USUARIO\Desktop\BP Mayo 2026\SynologyDrive\CT_23\02200488.MP4,moved
CT_23,C:\Users\USUARIO\Desktop\BP Mayo 2026\SynologyDrive\CT_23\100EK113\02200489.JPG,C:\Users\USUARIO\Desktop\BP Mayo 2026\SynologyDrive\CT_23\02200489.JPG,moved
CT_23,C:\Users\USUARIO\Desktop\BP Mayo 2026\SynologyDrive\CT_23\100EK113\02200490.JPG,C:\Users\USUARIO\Desktop\BP Mayo 2026\SynologyDrive\CT_23\02200490.JPG,moved
CT_23,C:\Users\USUARIO\Desktop\BP Mayo 2026\SynologyDrive\CT_23\100EK113\02200491.MP4,C:\Users\USUARIO\Desktop\BP Mayo 2026\SynologyDrive\CT_23\02200491.MP4,moved
CT_23,C:\Users\USUARIO\Desktop\BP Mayo 2026\SynologyDrive\CT_23\100EK113\02200492.JPG,C:\Users\USUARIO\Desktop\BP Mayo 2026\SynologyDrive\CT_23\02200492.JPG,moved
CT_23,C:\Users\USUARIO\Desktop\BP Mayo 2026\SynologyDrive\CT_23\100EK113\02200493.JPG,C:\Users\USUARIO\Desktop\BP Mayo 2026\SynologyDrive\CT_23\02200493.JPG,moved
CT_23,C:\Users\USUARIO\Desktop\BP Mayo 2026\SynologyDrive\CT_23\100EK113\02200494.MP4,C:\Users\USUARIO\Desktop\BP Mayo 2026\SynologyDrive\CT_23\02200494.MP4,moved
CT_23,C:\Users\USUARIO\Desktop\BP Mayo 2026\SynologyDrive\CT_23\100EK113\02200495.JPG,C:\Users\USUARIO\Desktop\BP Mayo 2026\SynologyDrive\CT_23\02200495.JPG,moved
CT_23,C:\Users\USUARIO\Desktop\BP Mayo 2026\SynologyDrive\CT_23\100EK113\02200496.JPG,C:\Users\USUARIO\Desktop\BP Mayo 2026\SynologyDrive\CT_23\02200496.JPG,moved
CT_23,C:\Users\USUARIO\Desktop\BP Mayo 2026\SynologyDrive\CT_23\100EK113\02200497.MP4,C:\Users\USUARIO\Desktop\BP Mayo 2026\SynologyDrive\CT_23\02200497.MP4,moved
CT_23,C:\Users\USUARIO\Desktop\BP Mayo 2026\SynologyDrive\CT_23\100EK113\02200498.JPG,C:\Users\USUARIO\Desktop\BP Mayo 2026\SynologyDrive\CT_23\02200498.JPG,moved
CT_23,C:\Users\USUARIO\Desktop\BP Mayo 2026\SynologyDrive\CT_23\100EK113\02200499.JPG,C:\Users\USUARIO\Desktop\BP Mayo 2026\SynologyDrive\CT_23\02200499.JPG,moved
CT_23,C:\Users\USUARIO\Desktop\BP Mayo 2026\SynologyDrive\CT_23\100EK113\02200500.MP4,C:\Users\USUARIO\Desktop\BP Mayo 2026\SynologyDrive\CT_23\02200500.MP4,moved
CT_23,C:\Users\USUARIO\Desktop\BP Mayo 2026\SynologyDrive\CT_23\100EK113\02200501.JPG,C:\Users\USUARIO\Desktop\BP Mayo 2026\SynologyDrive\CT_23\02200501.JPG,moved
CT_23,C:\Users\USUARIO\Desktop\BP Mayo 2026\SynologyDrive\CT_23\100EK113\02200502.JPG,C:\Users\USUARIO\Desktop\BP Mayo 2026\SynologyDrive\CT_23\02200502.JPG,moved
CT_23,C:\Users\USUARIO\Desktop\BP Mayo 2026\SynologyDrive\CT_23\100EK113\02200503.MP4,C:\Users\USUARIO\Desktop\BP Mayo 2026\SynologyDrive\CT_23\02200503.MP4,moved
CT_23,C:\Users\USUARIO\Desktop\BP Mayo 2026\SynologyDrive\CT_23\100EK113\02200504.JPG,C:\Users\USUARIO\Desktop\BP Mayo 2026\SynologyDrive\CT_23\02200504.JPG,moved
CT_23,C:\Users\USUARIO\Desktop\BP Mayo 2026\SynologyDrive\CT_23\100EK113\02200505.JPG,C:\Users\USUARIO\Desktop\BP Mayo 2026\SynologyDrive\CT_23\02200505.JPG,moved
CT_23,C:\Users\USUARIO\Desktop\BP Mayo 2026\SynologyDrive\CT_23\100EK113\02200506.MP4,C:\Users\USUARIO\Desktop\BP Mayo 2026\SynologyDrive\CT_23\02200506.MP4,moved
CT_23,C:\Users\USUARIO\Desktop\BP Mayo 2026\SynologyDrive\CT_23\100EK113\02200507.JPG,C:\Users\USUARIO\Desktop\BP Mayo 2026\SynologyDrive\CT_23\02200507.JPG,moved
CT_23,C:\Users\USUARIO\Desktop\BP Mayo 2026\SynologyDrive\CT_23\100EK113\02200508.JPG,C:\Users\USUARIO\Desktop\BP Mayo 2026\SynologyDrive\CT_23\02200508.JPG,moved
CT_23,C:\Users\USUARIO\Desktop\BP Mayo 2026\SynologyDrive\CT_23\100EK113\02200509.MP4,C:\Users\USUARIO\Desktop\BP Mayo 2026\SynologyDrive\CT_23\02200509.MP4,moved
CT_23,C:\Users\USUARIO\Desktop\BP Mayo 2026\SynologyDrive\CT_23\100EK113\02200510.JPG,C:\Users\USUARIO\Desktop\BP Mayo 2026\SynologyDrive\CT_23\02200510.JPG,moved
CT_23,C:\Users\USUARIO\Desktop\BP Mayo 2026\SynologyDrive\CT_23\100EK113\02200511.JPG,C:\Users\USUARIO\Desktop\BP Mayo 2026\SynologyDrive\CT_23\02200511.JPG,moved
CT_23,C:\Users\USUARIO\Desktop\BP Mayo 2026\SynologyDrive\CT_23\100EK113\02200512.MP4,C:\Users\USUARIO\Desktop\BP Mayo 2026\SynologyDrive\CT_23\02200512.MP4,moved
CT_23,C:\Users\USUARIO\Desktop\BP Mayo 2026\SynologyDrive\CT_23\100EK113\02200513.JPG,C:\Users\USUARIO\Desktop\BP Mayo 2026\SynologyDrive\CT_23\02200513.JPG,moved
CT_23,C:\Users\USUARIO\Desktop\BP Mayo 2026\SynologyDrive\CT_23\100EK113\02200514.JPG,C:\Users\USUARIO\Desktop\BP Mayo 2026\SynologyDrive\CT_23\02200514.JPG,moved
CT_23,C:\Users\USUARIO\Desktop\BP Mayo 2026\SynologyDrive\CT_23\100EK113\02200515.MP4,C:\Users\USUARIO\Desktop\BP Mayo 2026\SynologyDrive\CT_23\02200515.MP4,moved
CT_23,C:\Users\USUARIO\Desktop\BP Mayo 2026\SynologyDrive\CT_23\100EK113\02200516.JPG,C:\Users\USUARIO\Desktop\BP Mayo 2026\SynologyDrive\CT_23\02200516.JPG,moved
CT_23,C:\Users\USUARIO\Desktop\BP Mayo 2026\SynologyDrive\CT_23\100EK113\02200517.JPG,C:\Users\USUARIO\Desktop\BP Mayo 2026\SynologyDrive\CT_23\02200517.JPG,moved
CT_23,C:\Users\USUARIO\Desktop\BP Mayo 2026\SynologyDrive\CT_23\100EK113\02200518.JPG,C:\Users\USUARIO\Desktop\BP Mayo 2026\SynologyDrive\CT_23\02200518.JPG,moved
CT_23,C:\Users\USUARIO\Desktop\BP Mayo 2026\SynologyDrive\CT_23\100EK113\02200519.MP4,C:\Users\USUARIO\Desktop\BP Mayo 2026\SynologyDrive\CT_23\02200519.MP4,moved
CT_23,C:\Users\USUARIO\Desktop\BP Mayo 2026\SynologyDrive\CT_23\100EK113\02200520.JPG,C:\Users\USUARIO\Desktop\BP Mayo 2026\SynologyDrive\CT_23\02200520.JPG,moved
CT_23,C:\Users\USUARIO\Desktop\BP Mayo 2026\SynologyDrive\CT_23\100EK113\02200521.JPG,C:\Users\USUARIO\Desktop\BP Mayo 2026\SynologyDrive\CT_23\02200521.JPG,moved
CT_23,C:\Users\USUARIO\Desktop\BP Mayo 2026\SynologyDrive\CT_23\100EK113\02200522.JPG,C:\Users\USUARIO\Desktop\BP Mayo 2026\SynologyDrive\CT_23\02200522.JPG,moved
CT_23,C:\Users\USUARIO\Desktop\BP Mayo 2026\SynologyDrive\CT_23\100EK113\02200523.MP4,C:\Users\USUARIO\Desktop\BP Mayo 2026\SynologyDrive\CT_23\02200523.MP4,moved
CT_23,C:\Users\USUARIO\Desktop\BP Mayo 2026\SynologyDrive\CT_23\100EK113\02200524.JPG,C:\Users\USUARIO\Desktop\BP Mayo 2026\SynologyDrive\CT_23\02200524.JPG,moved
CT_23,C:\Users\USUARIO\Desktop\BP Mayo 2026\SynologyDrive\CT_23\100EK113\02200525.JPG,C:\Users\USUARIO\Desktop\BP Mayo 2026\SynologyDrive\CT_23\02200525.JPG,moved
CT_23,C:\Users\USUARIO\Desktop\BP Mayo 2026\SynologyDrive\CT_23\100EK113\02200526.MP4,C:\Users\USUARIO\Desktop\BP Mayo 2026\SynologyDrive\CT_23\02200526.MP4,moved
CT_23,C:\Users\USUARIO\Desktop\BP Mayo 2026\SynologyDrive\CT_23\100EK113\02200527.JPG,C:\Users\USUARIO\Desktop\BP Mayo 2026\SynologyDrive\CT_23\02200527.JPG,moved
CT_23,C:\Users\USUARIO\Desktop\BP Mayo 2026\SynologyDrive\CT_23\100EK113\02200528.JPG,C:\Users\USUARIO\Desktop\BP Mayo 2026\SynologyDrive\CT_23\02200528.JPG,moved
CT_23,C:\Users\USUARIO\Desktop\BP Mayo 2026\SynologyDrive\CT_23\100EK113\02200529.JPG,C:\Users\USUARIO\Desktop\BP Mayo 2026\SynologyDrive\CT_23\02200529.JPG,moved
CT_23,C:\Users\USUARIO\Desktop\BP Mayo 2026\SynologyDrive\CT_23\100EK113\02200530.MP4,C:\Users\USUARIO\Desktop\BP Mayo 2026\SynologyDrive\CT_23\02200530.MP4,moved
CT_23,C:\Users\USUARIO\Desktop\BP Mayo 2026\SynologyDrive\CT_23\100EK113\02200531.JPG,C:\Users\USUARIO\Desktop\BP Mayo 2026\SynologyDrive\CT_23\02200531.JPG,moved
CT_23,C:\Users\USUARIO\Desktop\BP Mayo 2026\SynologyDrive\CT_23\100EK113\02200532.JPG,C:\Users\USUARIO\Desktop\BP Mayo 2026\SynologyDrive\CT_23\02200532.JPG,moved
CT_23,C:\Users\USUARIO\Desktop\BP Mayo 2026\SynologyDrive\CT_23\100EK113\02200533.MP4,C:\Users\USUARIO\Desktop\BP Mayo 2026\SynologyDrive\CT_23\02200533.MP4,moved
CT_23,C:\Users\USUARIO\Desktop\BP Mayo 2026\SynologyDrive\CT_23\100EK113\02200534.JPG,C:\Users\USUARIO\Desktop\BP Mayo 2026\SynologyDrive\CT_23\02200534.JPG,moved
CT_23,C:\Users\USUARIO\Desktop\BP Mayo 2026\SynologyDrive\CT_23\100EK113\02200535.JPG,C:\Users\USUARIO\Desktop\BP Mayo 2026\SynologyDrive\CT_23\02200535.JPG,moved
CT_23,C:\Users\USUARIO\Desktop\BP Mayo 2026\SynologyDrive\CT_23\100EK113\02200536.MP4,C:\Users\USUARIO\Desktop\BP Mayo 2026\SynologyDrive\CT_23\02200536.MP4,moved
CT_23,C:\Users\USUARIO\Desktop\BP Mayo 2026\SynologyDrive\CT_23\100EK113\02200537.JPG,C:\Users\USUARIO\Desktop\BP Mayo 2026\SynologyDrive\CT_23\02200537.JPG,moved
CT_23,C:\Users\USUARIO\Desktop\BP Mayo 2026\SynologyDrive\CT_23\100EK113\02200538.JPG,C:\Users\USUARIO\Desktop\BP Mayo 2026\SynologyDrive\CT_23\02200538.JPG,moved
CT_23,C:\Users\USUARIO\Desktop\BP Mayo 2026\SynologyDrive\CT_23\100EK113\02200539.MP4,C:\Users\USUARIO\Desktop\BP Mayo 2026\SynologyDrive\CT_23\02200539.MP4,moved
CT_23,C:\Users\USUARIO\Desktop\BP Mayo 2026\SynologyDrive\CT_23\100EK113\02200540.JPG,C:\Users\USUARIO\Desktop\BP Mayo 2026\SynologyDrive\CT_23\02200540.JPG,moved
CT_23,C:\Users\USUARIO\Desktop\BP Mayo 2026\SynologyDrive\CT_23\100EK113\02200541.JPG,C:\Users\USUARIO\Desktop\BP Mayo 2026\SynologyDrive\CT_23\02200541.JPG,moved
CT_23,C:\Users\USUARIO\Desktop\BP Mayo 2026\SynologyDrive\CT_23\100EK113\02200542.MP4,C:\Users\USUARIO\Desktop\BP Mayo 2026\SynologyDrive\CT_23\02200542.MP4,moved
CT_23,C:\Users\USUARIO\Desktop\BP Mayo 2026\SynologyDrive\CT_23\100EK113\02200543.JPG,C:\Users\USUARIO\Desktop\BP Mayo 2026\SynologyDrive\CT_23\02200543.JPG,moved
CT_23,C:\Users\USUARIO\Desktop\BP Mayo 2026\SynologyDrive\CT_23\100EK113\02200544.JPG,C:\Users\USUARIO\Desktop\BP Mayo 2026\SynologyDrive\CT_23\02200544.JPG,moved
CT_23,C:\Users\USUARIO\Desktop\BP Mayo 2026\SynologyDrive\CT_23\100EK113\02200545.MP4,C:\Users\USUARIO\Desktop\BP Mayo 2026\SynologyDrive\CT_23\02200545.MP4,moved
CT_23,C:\Users\USUARIO\Desktop\BP Mayo 2026\SynologyDrive\CT_23\100EK113\02200546.JPG,C:\Users\USUARIO\Desktop\BP Mayo 2026\SynologyDrive\CT_23\02200546.JPG,moved
CT_23,C:\Users\USUARIO\Desktop\BP Mayo 2026\SynologyDrive\CT_23\100EK113\02200547.JPG,C:\Users\USUARIO\Desktop\BP Mayo 2026\SynologyDrive\CT_23\02200547.JPG,moved
CT_23,C:\Users\USUARIO\Desktop\BP Mayo 2026\SynologyDrive\CT_23\100EK113\02200548.MP4,C:\Users\USUARIO\Desktop\BP Mayo 2026\SynologyDrive\CT_23\02200548.MP4,moved
CT_23,C:\Users\USUARIO\Desktop\BP Mayo 2026\SynologyDrive\CT_23\100EK113\02200549.JPG,C:\Users\USUARIO\Desktop\BP Mayo 2026\SynologyDrive\CT_23\02200549.JPG,moved
CT_23,C:\Users\USUARIO\Desktop\BP Mayo 2026\SynologyDrive\CT_23\100EK113\02200550.JPG,C:\Users\USUARIO\Desktop\BP Mayo 2026\SynologyDrive\CT_23\02200550.JPG,moved
CT_23,C:\Users\USUARIO\Desktop\BP Mayo 2026\SynologyDrive\CT_23\100EK113\02200551.MP4,C:\Users\USUARIO\Desktop\BP Mayo 2026\SynologyDrive\CT_23\02200551.MP4,moved
CT_23,C:\Users\USUARIO\Desktop\BP Mayo 2026\SynologyDrive\CT_23\100EK113\02200552.JPG,C:\Users\USUARIO\Desktop\BP Mayo 2026\SynologyDrive\CT_23\02200552.JPG,moved
CT_23,C:\Users\USUARIO\Desktop\BP Mayo 2026\SynologyDrive\CT_23\100EK113\02200553.JPG,C:\Users\USUARIO\Desktop\BP Mayo 2026\SynologyDrive\CT_23\02200553.JPG,moved
CT_23,C:\Users\USUARIO\Desktop\BP Mayo 2026\SynologyDrive\CT_23\100EK113\02200554.MP4,C:\Users\USUARIO\Desktop\BP Mayo 2026\SynologyDrive\CT_23\02200554.MP4,moved
CT_23,C:\Users\USUARIO\Desktop\BP Mayo 2026\SynologyDrive\CT_23\100EK113\02200555.JPG,C:\Users\USUARIO\Desktop\BP Mayo 2026\SynologyDrive\CT_23\02200555.JPG,moved
CT_23,C:\Users\USUARIO\Desktop\BP Mayo 2026\SynologyDrive\CT_23\100EK113\02200556.JPG,C:\Users\USUARIO\Desktop\BP Mayo 2026\SynologyDrive\CT_23\02200556.JPG,moved
CT_23,C:\Users\USUARIO\Desktop\BP Mayo 2026\SynologyDrive\CT_23\100EK113\02200557.MP4,C:\Users\USUARIO\Desktop\BP Mayo 2026\SynologyDrive\CT_23\02200557.MP4,moved
CT_23,C:\Users\USUARIO\Desktop\BP Mayo 2026\SynologyDrive\CT_23\100EK113\02200558.JPG,C:\Users\USUARIO\Desktop\BP Mayo 2026\SynologyDrive\CT_23\02200558.JPG,moved
CT_23,C:\Users\USUARIO\Desktop\BP Mayo 2026\SynologyDrive\CT_23\100EK113\02200559.JPG,C:\Users\USUARIO\Desktop\BP Mayo 2026\SynologyDrive\CT_23\02200559.JPG,moved
CT_23,C:\Users\USUARIO\Desktop\BP Mayo 2026\SynologyDrive\CT_23\100EK113\02200560.MP4,C:\Users\USUARIO\Desktop\BP Mayo 2026\SynologyDrive\CT_23\02200560.MP4,moved
CT_23,C:\Users\USUARIO\Desktop\BP Mayo 2026\SynologyDrive\CT_23\100EK113\02200561.JPG,C:\Users\USUARIO\Desktop\BP Mayo 2026\SynologyDrive\CT_23\02200561.JPG,moved
CT_23,C:\Users\USUARIO\Desktop\BP Mayo 2026\SynologyDrive\CT_23\100EK113\02200562.JPG,C:\Users\USUARIO\Desktop\BP Mayo 2026\SynologyDrive\CT_23\02200562.JPG,moved
CT_23,C:\Users\USUARIO\Desktop\BP Mayo 2026\SynologyDrive\CT_23\100EK113\02200563.MP4,C:\Users\USUARIO\Desktop\BP Mayo 2026\SynologyDrive\CT_23\02200563.MP4,moved
CT_23,C:\Users\USUARIO\Desktop\BP Mayo 2026\SynologyDrive\CT_23\100EK113\02200564.JPG,C:\Users\USUARIO\Desktop\BP Mayo 2026\SynologyDrive\CT_23\02200564.JPG,moved
CT_23,C:\Users\USUARIO\Desktop\BP Mayo 2026\SynologyDrive\CT_23\100EK113\02200565.JPG,C:\Users\USUARIO\Desktop\BP Mayo 2026\SynologyDrive\CT_23\02200565.JPG,moved
CT_23,C:\Users\USUARIO\Desktop\BP Mayo 2026\SynologyDrive\CT_23\100EK113\02200566.MP4,C:\Users\USUARIO\Desktop\BP Mayo 2026\SynologyDrive\CT_23\02200566.MP4,moved
CT_23,C:\Users\USUARIO\Desktop\BP Mayo 2026\SynologyDrive\CT_23\100EK113\02200567.JPG,C:\Users\USUARIO\Desktop\BP Mayo 2026\SynologyDrive\CT_23\02200567.JPG,moved
CT_23,C:\Users\USUARIO\Desktop\BP Mayo 2026\SynologyDrive\CT_23\100EK113\02200568.JPG,C:\Users\USUARIO\Desktop\BP Mayo 2026\SynologyDrive\CT_23\02200568.JPG,moved
CT_23,C:\Users\USUARIO\Desktop\BP Mayo 2026\SynologyDrive\CT_23\100EK113\02200569.MP4,C:\Users\USUARIO\Desktop\BP Mayo 2026\SynologyDrive\CT_23\02200569.MP4,moved
CT_23,C:\Users\USUARIO\Desktop\BP Mayo 2026\SynologyDrive\CT_23\100EK113\02200570.JPG,C:\Users\USUARIO\Desktop\BP Mayo 2026\SynologyDrive\CT_23\02200570.JPG,moved
CT_23,C:\Users\USUARIO\Desktop\BP Mayo 2026\SynologyDrive\CT_23\100EK113\02200571.JPG,C:\Users\USUARIO\Desktop\BP Mayo 2026\SynologyDrive\CT_23\02200571.JPG,moved
CT_23,C:\Users\USUARIO\Desktop\BP Mayo 2026\SynologyDrive\CT_23\100EK113\02200572.MP4,C:\Users\USUARIO\Desktop\BP Mayo 2026\SynologyDrive\CT_23\02200572.MP4,moved
CT_23,C:\Users\USUARIO\Desktop\BP Mayo 2026\SynologyDrive\CT_23\100EK113\02200573.JPG,C:\Users\USUARIO\Desktop\BP Mayo 2026\SynologyDrive\CT_23\02200573.JPG,moved
CT_23,C:\Users\USUARIO\Desktop\BP Mayo 2026\SynologyDrive\CT_23\100EK113\02200574.JPG,C:\Users\USUARIO\Desktop\BP Mayo 2026\SynologyDrive\CT_23\02200574.JPG,moved
CT_23,C:\Users\USUARIO\Desktop\BP Mayo 2026\SynologyDrive\CT_23\100EK113\02200575.MP4,C:\Users\USUARIO\Desktop\BP Mayo 2026\SynologyDrive\CT_23\02200575.MP4,moved
CT_23,C:\Users\USUARIO\Desktop\BP Mayo 2026\SynologyDrive\CT_23\100EK113\02200576.JPG,C:\Users\USUARIO\Desktop\BP Mayo 2026\SynologyDrive\CT_23\02200576.JPG,moved
CT_23,C:\Users\USUARIO\Desktop\BP Mayo 2026\SynologyDrive\CT_23\100EK113\02200577.JPG,C:\Users\USUARIO\Desktop\BP Mayo 2026\SynologyDrive\CT_23\02200577.JPG,moved
CT_23,C:\Users\USUARIO\Desktop\BP Mayo 2026\SynologyDrive\CT_23\100EK113\02200578.MP4,C:\Users\USUARIO\Desktop\BP Mayo 2026\SynologyDrive\CT_23\02200578.MP4,moved
CT_23,C:\Users\USUARIO\Desktop\BP Mayo 2026\SynologyDrive\CT_23\100EK113\02200579.JPG,C:\Users\USUARIO\Desktop\BP Mayo 2026\SynologyDrive\CT_23\02200579.JPG,moved
CT_23,C:\Users\USUARIO\Desktop\BP Mayo 2026\SynologyDrive\CT_23\100EK113\02200580.JPG,C:\Users\USUARIO\Desktop\BP Mayo 2026\SynologyDrive\CT_23\02200580.JPG,moved
CT_23,C:\Users\USUARIO\Desktop\BP Mayo 2026\SynologyDrive\CT_23\100EK113\02200581.MP4,C:\Users\USUARIO\Desktop\BP Mayo 2026\SynologyDrive\CT_23\02200581.MP4,moved
CT_23,C:\Users\USUARIO\Desktop\BP Mayo 2026\SynologyDrive\CT_23\100EK113\02200582.JPG,C:\Users\USUARIO\Desktop\BP Mayo 2026\SynologyDrive\CT_23\02200582.JPG,moved
CT_23,C:\Users\USUARIO\Desktop\BP Mayo 2026\SynologyDrive\CT_23\100EK113\02200583.JPG,C:\Users\USUARIO\Desktop\BP Mayo 2026\SynologyDrive\CT_23\02200583.JPG,moved
CT_23,C:\Users\USUARIO\Desktop\BP Mayo 2026\SynologyDrive\CT_23\100EK113\02200584.MP4,C:\Users\USUARIO\Desktop\BP Mayo 2026\SynologyDrive\CT_23\02200584.MP4,moved
CT_23,C:\Users\USUARIO\Desktop\BP Mayo 2026\SynologyDrive\CT_23\100EK113\02200585.JPG,C:\Users\USUARIO\Desktop\BP Mayo 2026\SynologyDrive\CT_23\02200585.JPG,moved
CT_23,C:\Users\USUARIO\Desktop\BP Mayo 2026\SynologyDrive\CT_23\100EK113\02200586.JPG,C:\Users\USUARIO\Desktop\BP Mayo 2026\SynologyDrive\CT_23\02200586.JPG,moved
CT_23,C:\Users\USUARIO\Desktop\BP Mayo 2026\SynologyDrive\CT_23\100EK113\02200587.MP4,C:\Users\USUARIO\Desktop\BP Mayo 2026\SynologyDrive\CT_23\02200587.MP4,moved
CT_23,C:\Users\USUARIO\Desktop\BP Mayo 2026\SynologyDrive\CT_23\100EK113\02200588.JPG,C:\Users\USUARIO\Desktop\BP Mayo 2026\SynologyDrive\CT_23\02200588.JPG,moved
CT_23,C:\Users\USUARIO\Desktop\BP Mayo 2026\SynologyDrive\CT_23\100EK113\02200589.JPG,C:\Users\USUARIO\Desktop\BP Mayo 2026\SynologyDrive\CT_23\02200589.JPG,moved
CT_23,C:\Users\USUARIO\Desktop\BP Mayo 2026\SynologyDrive\CT_23\100EK113\02200590.MP4,C:\Users\USUARIO\Desktop\BP Mayo 2026\SynologyDrive\CT_23\02200590.MP4,moved
CT_23,C:\Users\USUARIO\Desktop\BP Mayo 2026\SynologyDrive\CT_23\100EK113\02200591.JPG,C:\Users\USUARIO\Desktop\BP Mayo 2026\SynologyDrive\CT_23\02200591.JPG,moved
CT_23,C:\Users\USUARIO\Desktop\BP Mayo 2026\SynologyDrive\CT_23\100EK113\02200592.JPG,C:\Users\USUARIO\Desktop\BP Mayo 2026\SynologyDrive\CT_23\02200592.JPG,moved
CT_23,C:\Users\USUARIO\Desktop\BP Mayo 2026\SynologyDrive\CT_23\100EK113\02200593.MP4,C:\Users\USUARIO\Desktop\BP Mayo 2026\SynologyDrive\CT_23\02200593.MP4,moved
CT_23,C:\Users\USUARIO\Desktop\BP Mayo 2026\SynologyDrive\CT_23\100EK113\02210594.JPG,C:\Users\USUARIO\Desktop\BP Mayo 2026\SynologyDrive\CT_23\02210594.JPG,moved
CT_23,C:\Users\USUARIO\Desktop\BP Mayo 2026\SynologyDrive\CT_23\100EK113\02210595.JPG,C:\Users\USUARIO\Desktop\BP Mayo 2026\SynologyDrive\CT_23\02210595.JPG,moved
CT_23,C:\Users\USUARIO\Desktop\BP Mayo 2026\SynologyDrive\CT_23\100EK113\02210596.MP4,C:\Users\USUARIO\Desktop\BP Mayo 2026\SynologyDrive\CT_23\02210596.MP4,moved
CT_23,C:\Users\USUARIO\Desktop\BP Mayo 2026\SynologyDrive\CT_23\100EK113\02210597.JPG,C:\Users\USUARIO\Desktop\BP Mayo 2026\SynologyDrive\CT_23\02210597.JPG,moved
CT_23,C:\Users\USUARIO\Desktop\BP Mayo 2026\SynologyDrive\CT_23\100EK113\02210598.JPG,C:\Users\USUARIO\Desktop\BP Mayo 2026\SynologyDrive\CT_23\02210598.JPG,moved
CT_23,C:\Users\USUARIO\Desktop\BP Mayo 2026\SynologyDrive\CT_23\100EK113\02210599.MP4,C:\Users\USUARIO\Desktop\BP Mayo 2026\SynologyDrive\CT_23\02210599.MP4,moved
CT_23,C:\Users\USUARIO\Desktop\BP Mayo 2026\SynologyDrive\CT_23\100EK113\02210600.JPG,C:\Users\USUARIO\Desktop\BP Mayo 2026\SynologyDrive\CT_23\02210600.JPG,moved
CT_23,C:\Users\USUARIO\Desktop\BP Mayo 2026\SynologyDrive\CT_23\100EK113\02210601.JPG,C:\Users\USUARIO\Desktop\BP Mayo 2026\SynologyDrive\CT_23\02210601.JPG,moved
CT_23,C:\Users\USUARIO\Desktop\BP Mayo 2026\SynologyDrive\CT_23\100EK113\02210602.MP4,C:\Users\USUARIO\Desktop\BP Mayo 2026\SynologyDrive\CT_23\02210602.MP4,moved
CT_23,C:\Users\USUARIO\Desktop\BP Mayo 2026\SynologyDrive\CT_23\100EK113\03050603.JPG,C:\Users\USUARIO\Desktop\BP Mayo 2026\SynologyDrive\CT_23\03050603.JPG,moved
CT_23,C:\Users\USUARIO\Desktop\BP Mayo 2026\SynologyDrive\CT_23\100EK113\03050604.JPG,C:\Users\USUARIO\Desktop\BP Mayo 2026\SynologyDrive\CT_23\03050604.JPG,moved
CT_23,C:\Users\USUARIO\Desktop\BP Mayo 2026\SynologyDrive\CT_23\100EK113\03050605.MP4,C:\Users\USUARIO\Desktop\BP Mayo 2026\SynologyDrive\CT_23\03050605.MP4,moved
CT_23,C:\Users\USUARIO\Desktop\BP Mayo 2026\SynologyDrive\CT_23\100EK113\03050606.JPG,C:\Users\USUARIO\Desktop\BP Mayo 2026\SynologyDrive\CT_23\03050606.JPG,moved
CT_23,C:\Users\USUARIO\Desktop\BP Mayo 2026\SynologyDrive\CT_23\100EK113\03050607.JPG,C:\Users\USUARIO\Desktop\BP Mayo 2026\SynologyDrive\CT_23\03050607.JPG,moved
CT_23,C:\Users\USUARIO\Desktop\BP Mayo 2026\SynologyDrive\CT_23\100EK113\03050608.MP4,C:\Users\USUARIO\Desktop\BP Mayo 2026\SynologyDrive\CT_23\03050608.MP4,moved
CT_23,C:\Users\USUARIO\Desktop\BP Mayo 2026\SynologyDrive\CT_23\100EK113\03050609.JPG,C:\Users\USUARIO\Desktop\BP Mayo 2026\SynologyDrive\CT_23\03050609.JPG,moved
CT_23,C:\Users\USUARIO\Desktop\BP Mayo 2026\SynologyDrive\CT_23\100EK113\03050610.JPG,C:\Users\USUARIO\Desktop\BP Mayo 2026\SynologyDrive\CT_23\03050610.JPG,moved
CT_23,C:\Users\USUARIO\Desktop\BP Mayo 2026\SynologyDrive\CT_23\100EK113\03050611.JPG,C:\Users\USUARIO\Desktop\BP Mayo 2026\SynologyDrive\CT_23\03050611.JPG,moved
CT_23,C:\Users\USUARIO\Desktop\BP Mayo 2026\SynologyDrive\CT_23\100EK113\03050612.MP4,C:\Users\USUARIO\Desktop\BP Mayo 2026\SynologyDrive\CT_23\03050612.MP4,moved
CT_23,C:\Users\USUARIO\Desktop\BP Mayo 2026\SynologyDrive\CT_23\100EK113\03050613.JPG,C:\Users\USUARIO\Desktop\BP Mayo 2026\SynologyDrive\CT_23\03050613.JPG,moved
CT_23,C:\Users\USUARIO\Desktop\BP Mayo 2026\SynologyDrive\CT_23\100EK113\03050614.JPG,C:\Users\USUARIO\Desktop\BP Mayo 2026\SynologyDrive\CT_23\03050614.JPG,moved
CT_23,C:\Users\USUARIO\Desktop\BP Mayo 2026\SynologyDrive\CT_23\100EK113\03050615.JPG,C:\Users\USUARIO\Desktop\BP Mayo 2026\SynologyDrive\CT_23\03050615.JPG,moved
CT_23,C:\Users\USUARIO\Desktop\BP Mayo 2026\SynologyDrive\CT_23\100EK113\03050616.MP4,C:\Users\USUARIO\Desktop\BP Mayo 2026\SynologyDrive\CT_23\03050616.MP4,moved
CT_23,C:\Users\USUARIO\Desktop\BP Mayo 2026\SynologyDrive\CT_23\100EK113\03050617.JPG,C:\Users\USUARIO\Desktop\BP Mayo 2026\SynologyDrive\CT_23\03050617.JPG,moved
CT_23,C:\Users\USUARIO\Desktop\BP Mayo 2026\SynologyDrive\CT_23\100EK113\03050618.JPG,C:\Users\USUARIO\Desktop\BP Mayo 2026\SynologyDrive\CT_23\03050618.JPG,moved
CT_23,C:\Users\USUARIO\Desktop\BP Mayo 2026\SynologyDrive\CT_23\100EK113\03050619.JPG,C:\Users\USUARIO\Desktop\BP Mayo 2026\SynologyDrive\CT_23\03050619.JPG,moved
CT_23,C:\Users\USUARIO\Desktop\BP Mayo 2026\SynologyDrive\CT_23\100EK113\03050620.MP4,C:\Users\USUARIO\Desktop\BP Mayo 2026\SynologyDrive\CT_23\03050620.MP4,moved
CT_23,C:\Users\USUARIO\Desktop\BP Mayo 2026\SynologyDrive\CT_23\100EK113\03050621.JPG,C:\Users\USUARIO\Desktop\BP Mayo 2026\SynologyDrive\CT_23\03050621.JPG,moved
CT_23,C:\Users\USUARIO\Desktop\BP Mayo 2026\SynologyDrive\CT_23\100EK113\03050622.JPG,C:\Users\USUARIO\Desktop\BP Mayo 2026\SynologyDrive\CT_23\03050622.JPG,moved
CT_23,C:\Users\USUARIO\Desktop\BP Mayo 2026\SynologyDrive\CT_23\100EK113\03050623.JPG,C:\Users\USUARIO\Desktop\BP Mayo 2026\SynologyDrive\CT_23\03050623.JPG,moved
CT_23,C:\Users\USUARIO\Desktop\BP Mayo 2026\SynologyDrive\CT_23\100EK113\03050624.MP4,C:\Users\USUARIO\Desktop\BP Mayo 2026\SynologyDrive\CT_23\03050624.MP4,moved
CT_23,C:\Users\USUARIO\Desktop\BP Mayo 2026\SynologyDrive\CT_23\100EK113\03050625.JPG,C:\Users\USUARIO\Desktop\BP Mayo 2026\SynologyDrive\CT_23\03050625.JPG,moved
CT_23,C:\Users\USUARIO\Desktop\BP Mayo 2026\SynologyDrive\CT_23\100EK113\03050626.JPG,C:\Users\USUARIO\Desktop\BP Mayo 2026\SynologyDrive\CT_23\03050626.JPG,moved
CT_23,C:\Users\USUARIO\Desktop\BP Mayo 2026\SynologyDrive\CT_23\100EK113\03050627.JPG,C:\Users\USUARIO\Desktop\BP Mayo 2026\SynologyDrive\CT_23\03050627.JPG,moved
CT_23,C:\Users\USUARIO\Desktop\BP Mayo 2026\SynologyDrive\CT_23\100EK113\03050628.MP4,C:\Users\USUARIO\Desktop\BP Mayo 2026\SynologyDrive\CT_23\03050628.MP4,moved
CT_23,C:\Users\USUARIO\Desktop\BP Mayo 2026\SynologyDrive\CT_23\100EK113\03050629.JPG,C:\Users\USUARIO\Desktop\BP Mayo 2026\SynologyDrive\CT_23\03050629.JPG,moved
CT_23,C:\Users\USUARIO\Desktop\BP Mayo 2026\SynologyDrive\CT_23\100EK113\03050630.JPG,C:\Users\USUARIO\Desktop\BP Mayo 2026\SynologyDrive\CT_23\03050630.JPG,moved
CT_23,C:\Users\USUARIO\Desktop\BP Mayo 2026\SynologyDrive\CT_23\100EK113\03050631.JPG,C:\Users\USUARIO\Desktop\BP Mayo 2026\SynologyDrive\CT_23\03050631.JPG,moved
CT_23,C:\Users\USUARIO\Desktop\BP Mayo 2026\SynologyDrive\CT_23\100EK113\03050632.MP4,C:\Users\USUARIO\Desktop\BP Mayo 2026\SynologyDrive\CT_23\03050632.MP4,moved
CT_23,C:\Users\USUARIO\Desktop\BP Mayo 2026\SynologyDrive\CT_23\100EK113\03050633.JPG,C:\Users\USUARIO\Desktop\BP Mayo 2026\SynologyDrive\CT_23\03050633.JPG,moved
CT_23,C:\Users\USUARIO\Desktop\BP Mayo 2026\SynologyDrive\CT_23\100EK113\03050634.JPG,C:\Users\USUARIO\Desktop\BP Mayo 2026\SynologyDrive\CT_23\03050634.JPG,moved
CT_23,C:\Users\USUARIO\Desktop\BP Mayo 2026\SynologyDrive\CT_23\100EK113\03050635.JPG,C:\Users\USUARIO\Desktop\BP Mayo 2026\SynologyDrive\CT_23\03050635.JPG,moved
CT_23,C:\Users\USUARIO\Desktop\BP Mayo 2026\SynologyDrive\CT_23\100EK113\03050636.MP4,C:\Users\USUARIO\Desktop\BP Mayo 2026\SynologyDrive\CT_23\03050636.MP4,moved
CT_23,C:\Users\USUARIO\Desktop\BP Mayo 2026\SynologyDrive\CT_23\100EK113\03050637.JPG,C:\Users\USUARIO\Desktop\BP Mayo 2026\SynologyDrive\CT_23\03050637.JPG,moved
CT_23,C:\Users\USUARIO\Desktop\BP Mayo 2026\SynologyDrive\CT_23\100EK113\03050638.JPG,C:\Users\USUARIO\Desktop\BP Mayo 2026\SynologyDrive\CT_23\03050638.JPG,moved
CT_23,C:\Users\USUARIO\Desktop\BP Mayo 2026\SynologyDrive\CT_23\100EK113\03050639.MP4,C:\Users\USUARIO\Desktop\BP Mayo 2026\SynologyDrive\CT_23\03050639.MP4,moved
CT_23,C:\Users\USUARIO\Desktop\BP Mayo 2026\SynologyDrive\CT_23\100EK113\03050640.JPG,C:\Users\USUARIO\Desktop\BP Mayo 2026\SynologyDrive\CT_23\03050640.JPG,moved
CT_23,C:\Users\USUARIO\Desktop\BP Mayo 2026\SynologyDrive\CT_23\100EK113\03050641.JPG,C:\Users\USUARIO\Desktop\BP Mayo 2026\SynologyDrive\CT_23\03050641.JPG,moved
CT_23,C:\Users\USUARIO\Desktop\BP Mayo 2026\SynologyDrive\CT_23\100EK113\03050642.MP4,C:\Users\USUARIO\Desktop\BP Mayo 2026\SynologyDrive\CT_23\03050642.MP4,moved
CT_23,C:\Users\USUARIO\Desktop\BP Mayo 2026\SynologyDrive\CT_23\100EK113\03050643.JPG,C:\Users\USUARIO\Desktop\BP Mayo 2026\SynologyDrive\CT_23\03050643.JPG,moved
CT_23,C:\Users\USUARIO\Desktop\BP Mayo 2026\SynologyDrive\CT_23\100EK113\03050644.JPG,C:\Users\USUARIO\Desktop\BP Mayo 2026\SynologyDrive\CT_23\03050644.JPG,moved
CT_23,C:\Users\USUARIO\Desktop\BP Mayo 2026\SynologyDrive\CT_23\100EK113\03050645.MP4,C:\Users\USUARIO\Desktop\BP Mayo 2026\SynologyDrive\CT_23\03050645.MP4,moved
CT_23,C:\Users\USUARIO\Desktop\BP Mayo 2026\SynologyDrive\CT_23\100EK113\03050646.JPG,C:\Users\USUARIO\Desktop\BP Mayo 2026\SynologyDrive\CT_23\03050646.JPG,moved
CT_23,C:\Users\USUARIO\Desktop\BP Mayo 2026\SynologyDrive\CT_23\100EK113\03050647.JPG,C:\Users\USUARIO\Desktop\BP Mayo 2026\SynologyDrive\CT_23\03050647.JPG,moved
CT_23,C:\Users\USUARIO\Desktop\BP Mayo 2026\SynologyDrive\CT_23\100EK113\03050648.MP4,C:\Users\USUARIO\Desktop\BP Mayo 2026\SynologyDrive\CT_23\03050648.MP4,moved
CT_23,C:\Users\USUARIO\Desktop\BP Mayo 2026\SynologyDrive\CT_23\100EK113\03050649.JPG,C:\Users\USUARIO\Desktop\BP Mayo 2026\SynologyDrive\CT_23\03050649.JPG,moved
CT_23,C:\Users\USUARIO\Desktop\BP Mayo 2026\SynologyDrive\CT_23\100EK113\03050650.JPG,C:\Users\USUARIO\Desktop\BP Mayo 2026\SynologyDrive\CT_23\03050650.JPG,moved
CT_23,C:\Users\USUARIO\Desktop\BP Mayo 2026\SynologyDrive\CT_23\100EK113\03050651.MP4,C:\Users\USUARIO\Desktop\BP Mayo 2026\SynologyDrive\CT_23\03050651.MP4,moved
CT_23,C:\Users\USUARIO\Desktop\BP Mayo 2026\SynologyDrive\CT_23\100EK113\03050652.JPG,C:\Users\USUARIO\Desktop\BP Mayo 2026\SynologyDrive\CT_23\03050652.JPG,moved
CT_23,C:\Users\USUARIO\Desktop\BP Mayo 2026\SynologyDrive\CT_23\100EK113\03050653.JPG,C:\Users\USUARIO\Desktop\BP Mayo 2026\SynologyDrive\CT_23\03050653.JPG,moved
CT_23,C:\Users\USUARIO\Desktop\BP Mayo 2026\SynologyDrive\CT_23\100EK113\03050654.MP4,C:\Users\USUARIO\Desktop\BP Mayo 2026\SynologyDrive\CT_23\03050654.MP4,moved
CT_23,C:\Users\USUARIO\Desktop\BP Mayo 2026\SynologyDrive\CT_23\100EK113\03050655.JPG,C:\Users\USUARIO\Desktop\BP Mayo 2026\SynologyDrive\CT_23\03050655.JPG,moved
CT_23,C:\Users\USUARIO\Desktop\BP Mayo 2026\SynologyDrive\CT_23\100EK113\03050656.JPG,C:\Users\USUARIO\Desktop\BP Mayo 2026\SynologyDrive\CT_23\03050656.JPG,moved
CT_23,C:\Users\USUARIO\Desktop\BP Mayo 2026\SynologyDrive\CT_23\100EK113\03050657.MP4,C:\Users\USUARIO\Desktop\BP Mayo 2026\SynologyDrive\CT_23\03050657.MP4,moved
CT_23,C:\Users\USUARIO\Desktop\BP Mayo 2026\SynologyDrive\CT_23\100EK113\03050658.JPG,C:\Users\USUARIO\Desktop\BP Mayo 2026\SynologyDrive\CT_23\03050658.JPG,moved
CT_23,C:\Users\USUARIO\Desktop\BP Mayo 2026\SynologyDrive\CT_23\100EK113\03050659.JPG,C:\Users\USUARIO\Desktop\BP Mayo 2026\SynologyDrive\CT_23\03050659.JPG,moved
CT_23,C:\Users\USUARIO\Desktop\BP Mayo 2026\SynologyDrive\CT_23\100EK113\03050660.MP4,C:\Users\USUARIO\Desktop\BP Mayo 2026\SynologyDrive\CT_23\03050660.MP4,moved
CT_23,C:\Users\USUARIO\Desktop\BP Mayo 2026\SynologyDrive\CT_23\100EK113\03050661.JPG,C:\Users\USUARIO\Desktop\BP Mayo 2026\SynologyDrive\CT_23\03050661.JPG,moved
CT_23,C:\Users\USUARIO\Desktop\BP Mayo 2026\SynologyDrive\CT_23\100EK113\03050662.JPG,C:\Users\USUARIO\Desktop\BP Mayo 2026\SynologyDrive\CT_23\03050662.JPG,moved
CT_23,C:\Users\USUARIO\Desktop\BP Mayo 2026\SynologyDrive\CT_23\100EK113\03050663.MP4,C:\Users\USUARIO\Desktop\BP Mayo 2026\SynologyDrive\CT_23\03050663.MP4,moved
CT_23,C:\Users\USUARIO\Desktop\BP Mayo 2026\SynologyDrive\CT_23\100EK113\03050664.JPG,C:\Users\USUARIO\Desktop\BP Mayo 2026\SynologyDrive\CT_23\03050664.JPG,moved
CT_23,C:\Users\USUARIO\Desktop\BP Mayo 2026\SynologyDrive\CT_23\100EK113\03050665.JPG,C:\Users\USUARIO\Desktop\BP Mayo 2026\SynologyDrive\CT_23\03050665.JPG,moved
CT_23,C:\Users\USUARIO\Desktop\BP Mayo 2026\SynologyDrive\CT_23\100EK113\03050666.MP4,C:\Users\USUARIO\Desktop\BP Mayo 2026\SynologyDrive\CT_23\03050666.MP4,moved
CT_23,C:\Users\USUARIO\Desktop\BP Mayo 2026\SynologyDrive\CT_23\100EK113\03050667.JPG,C:\Users\USUARIO\Desktop\BP Mayo 2026\SynologyDrive\CT_23\03050667.JPG,moved
CT_23,C:\Users\USUARIO\Desktop\BP Mayo 2026\SynologyDrive\CT_23\100EK113\03050668.JPG,C:\Users\USUARIO\Desktop\BP Mayo 2026\SynologyDrive\CT_23\03050668.JPG,moved
CT_23,C:\Users\USUARIO\Desktop\BP Mayo 2026\SynologyDrive\CT_23\100EK113\03050669.MP4,C:\Users\USUARIO\Desktop\BP Mayo 2026\SynologyDrive\CT_23\03050669.MP4,moved
CT_23,C:\Users\USUARIO\Desktop\BP Mayo 2026\SynologyDrive\CT_23\100EK113\03050670.JPG,C:\Users\USUARIO\Desktop\BP Mayo 2026\SynologyDrive\CT_23\03050670.JPG,moved
CT_23,C:\Users\USUARIO\Desktop\BP Mayo 2026\SynologyDrive\CT_23\100EK113\03050671.JPG,C:\Users\USUARIO\Desktop\BP Mayo 2026\SynologyDrive\CT_23\03050671.JPG,moved
CT_23,C:\Users\USUARIO\Desktop\BP Mayo 2026\SynologyDrive\CT_23\100EK113\03050672.MP4,C:\Users\USUARIO\Desktop\BP Mayo 2026\SynologyDrive\CT_23\03050672.MP4,moved
CT_23,C:\Users\USUARIO\Desktop\BP Mayo 2026\SynologyDrive\CT_23\100EK113\03050673.JPG,C:\Users\USUARIO\Desktop\BP Mayo 2026\SynologyDrive\CT_23\03050673.JPG,moved
CT_23,C:\Users\USUARIO\Desktop\BP Mayo 2026\SynologyDrive\CT_23\100EK113\03050674.JPG,C:\Users\USUARIO\Desktop\BP Mayo 2026\SynologyDrive\CT_23\03050674.JPG,moved
CT_23,C:\Users\USUARIO\Desktop\BP Mayo 2026\SynologyDrive\CT_23\100EK113\03050675.MP4,C:\Users\USUARIO\Desktop\BP Mayo 2026\SynologyDrive\CT_23\03050675.MP4,moved
CT_23,C:\Users\USUARIO\Desktop\BP Mayo 2026\SynologyDrive\CT_23\100EK113\03050676.JPG,C:\Users\USUARIO\Desktop\BP Mayo 2026\SynologyDrive\CT_23\03050676.JPG,moved
CT_23,C:\Users\USUARIO\Desktop\BP Mayo 2026\SynologyDrive\CT_23\100EK113\03050677.JPG,C:\Users\USUARIO\Desktop\BP Mayo 2026\SynologyDrive\CT_23\03050677.JPG,moved
CT_23,C:\Users\USUARIO\Desktop\BP Mayo 2026\SynologyDrive\CT_23\100EK113\03050678.MP4,C:\Users\USUARIO\Desktop\BP Mayo 2026\SynologyDrive\CT_23\03050678.MP4,moved
CT_23,C:\Users\USUARIO\Desktop\BP Mayo 2026\SynologyDrive\CT_23\100EK113\03050679.JPG,C:\Users\USUARIO\Desktop\BP Mayo 2026\SynologyDrive\CT_23\03050679.JPG,moved
CT_23,C:\Users\USUARIO\Desktop\BP Mayo 2026\SynologyDrive\CT_23\100EK113\03050680.JPG,C:\Users\USUARIO\Desktop\BP Mayo 2026\SynologyDrive\CT_23\03050680.JPG,moved
CT_23,C:\Users\USUARIO\Desktop\BP Mayo 2026\SynologyDrive\CT_23\100EK113\03050681.MP4,C:\Users\USUARIO\Desktop\BP Mayo 2026\SynologyDrive\CT_23\03050681.MP4,moved
CT_23,C:\Users\USUARIO\Desktop\BP Mayo 2026\SynologyDrive\CT_23\100EK113\03050682.JPG,C:\Users\USUARIO\Desktop\BP Mayo 2026\SynologyDrive\CT_23\03050682.JPG,moved
CT_23,C:\Users\USUARIO\Desktop\BP Mayo 2026\SynologyDrive\CT_23\100EK113\03050683.JPG,C:\Users\USUARIO\Desktop\BP Mayo 2026\SynologyDrive\CT_23\03050683.JPG,moved
CT_23,C:\Users\USUARIO\Desktop\BP Mayo 2026\SynologyDrive\CT_23\100EK113\03050684.MP4,C:\Users\USUARIO\Desktop\BP Mayo 2026\SynologyDrive\CT_23\03050684.MP4,moved
CT_23,C:\Users\USUARIO\Desktop\BP Mayo 2026\SynologyDrive\CT_23\100EK113\03050685.JPG,C:\Users\USUARIO\Desktop\BP Mayo 2026\SynologyDrive\CT_23\03050685.JPG,moved
CT_23,C:\Users\USUARIO\Desktop\BP Mayo 2026\SynologyDrive\CT_23\100EK113\03050686.JPG,C:\Users\USUARIO\Desktop\BP Mayo 2026\SynologyDrive\CT_23\03050686.JPG,moved
CT_23,C:\Users\USUARIO\Desktop\BP Mayo 2026\SynologyDrive\CT_23\100EK113\03050687.MP4,C:\Users\USUARIO\Desktop\BP Mayo 2026\SynologyDrive\CT_23\03050687.MP4,moved
CT_23,C:\Users\USUARIO\Desktop\BP Mayo 2026\SynologyDrive\CT_23\100EK113\03050688.JPG,C:\Users\USUARIO\Desktop\BP Mayo 2026\SynologyDrive\CT_23\03050688.JPG,moved
CT_23,C:\Users\USUARIO\Desktop\BP Mayo 2026\SynologyDrive\CT_23\100EK113\03050689.JPG,C:\Users\USUARIO\Desktop\BP Mayo 2026\SynologyDrive\CT_23\03050689.JPG,moved
CT_23,C:\Users\USUARIO\Desktop\BP Mayo 2026\SynologyDrive\CT_23\100EK113\03050690.MP4,C:\Users\USUARIO\Desktop\BP Mayo 2026\SynologyDrive\CT_23\03050690.MP4,moved
CT_23,C:\Users\USUARIO\Desktop\BP Mayo 2026\SynologyDrive\CT_23\100EK113\03050691.JPG,C:\Users\USUARIO\Desktop\BP Mayo 2026\SynologyDrive\CT_23\03050691.JPG,moved
CT_23,C:\Users\USUARIO\Desktop\BP Mayo 2026\SynologyDrive\CT_23\100EK113\03050692.JPG,C:\Users\USUARIO\Desktop\BP Mayo 2026\SynologyDrive\CT_23\03050692.JPG,moved
CT_23,C:\Users\USUARIO\Desktop\BP Mayo 2026\SynologyDrive\CT_23\100EK113\03050693.JPG,C:\Users\USUARIO\Desktop\BP Mayo 2026\SynologyDrive\CT_23\03050693.JPG,moved
CT_23,C:\Users\USUARIO\Desktop\BP Mayo 2026\SynologyDrive\CT_23\100EK113\03050694.MP4,C:\Users\USUARIO\Desktop\BP Mayo 2026\SynologyDrive\CT_23\03050694.MP4,moved
CT_23,C:\Users\USUARIO\Desktop\BP Mayo 2026\SynologyDrive\CT_23\100EK113\03050695.JPG,C:\Users\USUARIO\Desktop\BP Mayo 2026\SynologyDrive\CT_23\03050695.JPG,moved
CT_23,C:\Users\USUARIO\Desktop\BP Mayo 2026\SynologyDrive\CT_23\100EK113\03050696.JPG,C:\Users\USUARIO\Desktop\BP Mayo 2026\SynologyDrive\CT_23\03050696.JPG,moved
CT_23,C:\Users\USUARIO\Desktop\BP Mayo 2026\SynologyDrive\CT_23\100EK113\03050697.JPG,C:\Users\USUARIO\Desktop\BP Mayo 2026\SynologyDrive\CT_23\03050697.JPG,moved
CT_23,C:\Users\USUARIO\Desktop\BP Mayo 2026\SynologyDrive\CT_23\100EK113\03050698.MP4,C:\Users\USUARIO\Desktop\BP Mayo 2026\SynologyDrive\CT_23\03050698.MP4,moved
CT_23,C:\Users\USUARIO\Desktop\BP Mayo 2026\SynologyDrive\CT_23\100EK113\03050699.JPG,C:\Users\USUARIO\Desktop\BP Mayo 2026\SynologyDrive\CT_23\03050699.JPG,moved
CT_23,C:\Users\USUARIO\Desktop\BP Mayo 2026\SynologyDrive\CT_23\100EK113\03050700.JPG,C:\Users\USUARIO\Desktop\BP Mayo 2026\SynologyDrive\CT_23\03050700.JPG,moved
CT_23,C:\Users\USUARIO\Desktop\BP Mayo 2026\SynologyDrive\CT_23\100EK113\03050701.JPG,C:\Users\USUARIO\Desktop\BP Mayo 2026\SynologyDrive\CT_23\03050701.JPG,moved
CT_23,C:\Users\USUARIO\Desktop\BP Mayo 2026\SynologyDrive\CT_23\100EK113\03050702.MP4,C:\Users\USUARIO\Desktop\BP Mayo 2026\SynologyDrive\CT_23\03050702.MP4,moved
CT_23,C:\Users\USUARIO\Desktop\BP Mayo 2026\SynologyDrive\CT_23\100EK113\03050703.JPG,C:\Users\USUARIO\Desktop\BP Mayo 2026\SynologyDrive\CT_23\03050703.JPG,moved
CT_23,C:\Users\USUARIO\Desktop\BP Mayo 2026\SynologyDrive\CT_23\100EK113\03050704.JPG,C:\Users\USUARIO\Desktop\BP Mayo 2026\SynologyDrive\CT_23\03050704.JPG,moved
CT_23,C:\Users\USUARIO\Desktop\BP Mayo 2026\SynologyDrive\CT_23\100EK113\03050705.JPG,C:\Users\USUARIO\Desktop\BP Mayo 2026\SynologyDrive\CT_23\03050705.JPG,moved
CT_23,C:\Users\USUARIO\Desktop\BP Mayo 2026\SynologyDrive\CT_23\100EK113\03050706.MP4,C:\Users\USUARIO\Desktop\BP Mayo 2026\SynologyDrive\CT_23\03050706.MP4,moved
CT_23,C:\Users\USUARIO\Desktop\BP Mayo 2026\SynologyDrive\CT_23\100EK113\03050707.JPG,C:\Users\USUARIO\Desktop\BP Mayo 2026\SynologyDrive\CT_23\03050707.JPG,moved
CT_23,C:\Users\USUARIO\Desktop\BP Mayo 2026\SynologyDrive\CT_23\100EK113\03050708.JPG,C:\Users\USUARIO\Desktop\BP Mayo 2026\SynologyDrive\CT_23\03050708.JPG,moved
CT_23,C:\Users\USUARIO\Desktop\BP Mayo 2026\SynologyDrive\CT_23\100EK113\03050709.JPG,C:\Users\USUARIO\Desktop\BP Mayo 2026\SynologyDrive\CT_23\03050709.JPG,moved
CT_23,C:\Users\USUARIO\Desktop\BP Mayo 2026\SynologyDrive\CT_23\100EK113\03050710.MP4,C:\Users\USUARIO\Desktop\BP Mayo 2026\SynologyDrive\CT_23\03050710.MP4,moved
CT_23,C:\Users\USUARIO\Desktop\BP Mayo 2026\SynologyDrive\CT_23\100EK113\03050711.JPG,C:\Users\USUARIO\Desktop\BP Mayo 2026\SynologyDrive\CT_23\03050711.JPG,moved
CT_23,C:\Users\USUARIO\Desktop\BP Mayo 2026\SynologyDrive\CT_23\100EK113\03050712.JPG,C:\Users\USUARIO\Desktop\BP Mayo 2026\SynologyDrive\CT_23\03050712.JPG,moved
CT_23,C:\Users\USUARIO\Desktop\BP Mayo 2026\SynologyDrive\CT_23\100EK113\03050713.JPG,C:\Users\USUARIO\Desktop\BP Mayo 2026\SynologyDrive\CT_23\03050713.JPG,moved
CT_23,C:\Users\USUARIO\Desktop\BP Mayo 2026\SynologyDrive\CT_23\100EK113\03050714.MP4,C:\Users\USUARIO\Desktop\BP Mayo 2026\SynologyDrive\CT_23\03050714.MP4,moved
CT_23,C:\Users\USUARIO\Desktop\BP Mayo 2026\SynologyDrive\CT_23\100EK113\03050715.JPG,C:\Users\USUARIO\Desktop\BP Mayo 2026\SynologyDrive\CT_23\03050715.JPG,moved
CT_23,C:\Users\USUARIO\Desktop\BP Mayo 2026\SynologyDrive\CT_23\100EK113\03050716.JPG,C:\Users\USUARIO\Desktop\BP Mayo 2026\SynologyDrive\CT_23\03050716.JPG,moved
CT_23,C:\Users\USUARIO\Desktop\BP Mayo 2026\SynologyDrive\CT_23\100EK113\03050717.JPG,C:\Users\USUARIO\Desktop\BP Mayo 2026\SynologyDrive\CT_23\03050717.JPG,moved
CT_23,C:\Users\USUARIO\Desktop\BP Mayo 2026\SynologyDrive\CT_23\100EK113\03050718.MP4,C:\Users\USUARIO\Desktop\BP Mayo 2026\SynologyDrive\CT_23\03050718.MP4,moved
CT_23,C:\Users\USUARIO\Desktop\BP Mayo 2026\SynologyDrive\CT_23\100EK113\03050719.JPG,C:\Users\USUARIO\Desktop\BP Mayo 2026\SynologyDrive\CT_23\03050719.JPG,moved
CT_23,C:\Users\USUARIO\Desktop\BP Mayo 2026\SynologyDrive\CT_23\100EK113\03050720.JPG,C:\Users\USUARIO\Desktop\BP Mayo 2026\SynologyDrive\CT_23\03050720.JPG,moved
CT_23,C:\Users\USUARIO\Desktop\BP Mayo 2026\SynologyDrive\CT_23\100EK113\03050721.JPG,C:\Users\USUARIO\Desktop\BP Mayo 2026\SynologyDrive\CT_23\03050721.JPG,moved
CT_23,C:\Users\USUARIO\Desktop\BP Mayo 2026\SynologyDrive\CT_23\100EK113\03050722.MP4,C:\Users\USUARIO\Desktop\BP Mayo 2026\SynologyDrive\CT_23\03050722.MP4,moved
CT_23,C:\Users\USUARIO\Desktop\BP Mayo 2026\SynologyDrive\CT_23\100EK113\03050723.JPG,C:\Users\USUARIO\Desktop\BP Mayo 2026\SynologyDrive\CT_23\03050723.JPG,moved
CT_23,C:\Users\USUARIO\Desktop\BP Mayo 2026\SynologyDrive\CT_23\100EK113\03050724.JPG,C:\Users\USUARIO\Desktop\BP Mayo 2026\SynologyDrive\CT_23\03050724.JPG,moved
CT_23,C:\Users\USUARIO\Desktop\BP Mayo 2026\SynologyDrive\CT_23\100EK113\03050725.JPG,C:\Users\USUARIO\Desktop\BP Mayo 2026\SynologyDrive\CT_23\03050725.JPG,moved
CT_23,C:\Users\USUARIO\Desktop\BP Mayo 2026\SynologyDrive\CT_23\100EK113\03050726.MP4,C:\Users\USUARIO\Desktop\BP Mayo 2026\SynologyDrive\CT_23\03050726.MP4,moved
CT_23,C:\Users\USUARIO\Desktop\BP Mayo 2026\SynologyDrive\CT_23\100EK113\03050727.JPG,C:\Users\USUARIO\Desktop\BP Mayo 2026\SynologyDrive\CT_23\03050727.JPG,moved
CT_23,C:\Users\USUARIO\Desktop\BP Mayo 2026\SynologyDrive\CT_23\100EK113\03050728.JPG,C:\Users\USUARIO\Desktop\BP Mayo 2026\SynologyDrive\CT_23\03050728.JPG,moved
CT_23,C:\Users\USUARIO\Desktop\BP Mayo 2026\SynologyDrive\CT_23\100EK113\03050729.JPG,C:\Users\USUARIO\Desktop\BP Mayo 2026\SynologyDrive\CT_23\03050729.JPG,moved
CT_23,C:\Users\USUARIO\Desktop\BP Mayo 2026\SynologyDrive\CT_23\100EK113\03050730.MP4,C:\Users\USUARIO\Desktop\BP Mayo 2026\SynologyDrive\CT_23\03050730.MP4,moved
CT_23,C:\Users\USUARIO\Desktop\BP Mayo 2026\SynologyDrive\CT_23\100EK113\03050731.JPG,C:\Users\USUARIO\Desktop\BP Mayo 2026\SynologyDrive\CT_23\03050731.JPG,moved
CT_23,C:\Users\USUARIO\Desktop\BP Mayo 2026\SynologyDrive\CT_23\100EK113\03050732.JPG,C:\Users\USUARIO\Desktop\BP Mayo 2026\SynologyDrive\CT_23\03050732.JPG,moved
CT_23,C:\Users\USUARIO\Desktop\BP Mayo 2026\SynologyDrive\CT_23\100EK113\03050733.JPG,C:\Users\USUARIO\Desktop\BP Mayo 2026\SynologyDrive\CT_23\03050733.JPG,moved
CT_23,C:\Users\USUARIO\Desktop\BP Mayo 2026\SynologyDrive\CT_23\100EK113\03050734.MP4,C:\Users\USUARIO\Desktop\BP Mayo 2026\SynologyDrive\CT_23\03050734.MP4,moved
CT_23,C:\Users\USUARIO\Desktop\BP Mayo 2026\SynologyDrive\CT_23\100EK113\03060735.JPG,C:\Users\USUARIO\Desktop\BP Mayo 2026\SynologyDrive\CT_23\03060735.JPG,moved
CT_23,C:\Users\USUARIO\Desktop\BP Mayo 2026\SynologyDrive\CT_23\100EK113\03060736.JPG,C:\Users\USUARIO\Desktop\BP Mayo 2026\SynologyDrive\CT_23\03060736.JPG,moved
CT_23,C:\Users\USUARIO\Desktop\BP Mayo 2026\SynologyDrive\CT_23\100EK113\03060737.JPG,C:\Users\USUARIO\Desktop\BP Mayo 2026\SynologyDrive\CT_23\03060737.JPG,moved
CT_23,C:\Users\USUARIO\Desktop\BP Mayo 2026\SynologyDrive\CT_23\100EK113\03060738.MP4,C:\Users\USUARIO\Desktop\BP Mayo 2026\SynologyDrive\CT_23\03060738.MP4,moved
CT_23,C:\Users\USUARIO\Desktop\BP Mayo 2026\SynologyDrive\CT_23\100EK113\03060739.JPG,C:\Users\USUARIO\Desktop\BP Mayo 2026\SynologyDrive\CT_23\03060739.JPG,moved
CT_23,C:\Users\USUARIO\Desktop\BP Mayo 2026\SynologyDrive\CT_23\100EK113\03060740.JPG,C:\Users\USUARIO\Desktop\BP Mayo 2026\SynologyDrive\CT_23\03060740.JPG,moved
CT_23,C:\Users\USUARIO\Desktop\BP Mayo 2026\SynologyDrive\CT_23\100EK113\03060741.JPG,C:\Users\USUARIO\Desktop\BP Mayo 2026\SynologyDrive\CT_23\03060741.JPG,moved
CT_23,C:\Users\USUARIO\Desktop\BP Mayo 2026\SynologyDrive\CT_23\100EK113\03060742.MP4,C:\Users\USUARIO\Desktop\BP Mayo 2026\SynologyDrive\CT_23\03060742.MP4,moved
CT_23,C:\Users\USUARIO\Desktop\BP Mayo 2026\SynologyDrive\CT_23\100EK113\03060743.JPG,C:\Users\USUARIO\Desktop\BP Mayo 2026\SynologyDrive\CT_23\03060743.JPG,moved
CT_23,C:\Users\USUARIO\Desktop\BP Mayo 2026\SynologyDrive\CT_23\100EK113\03060744.JPG,C:\Users\USUARIO\Desktop\BP Mayo 2026\SynologyDrive\CT_23\03060744.JPG,moved
CT_23,C:\Users\USUARIO\Desktop\BP Mayo 2026\SynologyDrive\CT_23\100EK113\03060745.JPG,C:\Users\USUARIO\Desktop\BP Mayo 2026\SynologyDrive\CT_23\03060745.JPG,moved
CT_23,C:\Users\USUARIO\Desktop\BP Mayo 2026\SynologyDrive\CT_23\100EK113\03060746.MP4,C:\Users\USUARIO\Desktop\BP Mayo 2026\SynologyDrive\CT_23\03060746.MP4,moved
CT_23,C:\Users\USUARIO\Desktop\BP Mayo 2026\SynologyDrive\CT_23\100EK113\03060747.JPG,C:\Users\USUARIO\Desktop\BP Mayo 2026\SynologyDrive\CT_23\03060747.JPG,moved
CT_23,C:\Users\USUARIO\Desktop\BP Mayo 2026\SynologyDrive\CT_23\100EK113\03060748.JPG,C:\Users\USUARIO\Desktop\BP Mayo 2026\SynologyDrive\CT_23\03060748.JPG,moved
CT_23,C:\Users\USUARIO\Desktop\BP Mayo 2026\SynologyDrive\CT_23\100EK113\03060749.MP4,C:\Users\USUARIO\Desktop\BP Mayo 2026\SynologyDrive\CT_23\03060749.MP4,moved
CT_23,C:\Users\USUARIO\Desktop\BP Mayo 2026\SynologyDrive\CT_23\100EK113\03060750.JPG,C:\Users\USUARIO\Desktop\BP Mayo 2026\SynologyDrive\CT_23\03060750.JPG,moved
CT_23,C:\Users\USUARIO\Desktop\BP Mayo 2026\SynologyDrive\CT_23\100EK113\03060751.JPG,C:\Users\USUARIO\Desktop\BP Mayo 2026\SynologyDrive\CT_23\03060751.JPG,moved
CT_23,C:\Users\USUARIO\Desktop\BP Mayo 2026\SynologyDrive\CT_23\100EK113\03060752.MP4,C:\Users\USUARIO\Desktop\BP Mayo 2026\SynologyDrive\CT_23\03060752.MP4,moved
CT_23,C:\Users\USUARIO\Desktop\BP Mayo 2026\SynologyDrive\CT_23\100EK113\03060753.JPG,C:\Users\USUARIO\Desktop\BP Mayo 2026\SynologyDrive\CT_23\03060753.JPG,moved
CT_23,C:\Users\USUARIO\Desktop\BP Mayo 2026\SynologyDrive\CT_23\100EK113\03060754.JPG,C:\Users\USUARIO\Desktop\BP Mayo 2026\SynologyDrive\CT_23\03060754.JPG,moved
CT_23,C:\Users\USUARIO\Desktop\BP Mayo 2026\SynologyDrive\CT_23\100EK113\03060755.MP4,C:\Users\USUARIO\Desktop\BP Mayo 2026\SynologyDrive\CT_23\03060755.MP4,moved
CT_23,C:\Users\USUARIO\Desktop\BP Mayo 2026\SynologyDrive\CT_23\100EK113\03060756.JPG,C:\Users\USUARIO\Desktop\BP Mayo 2026\SynologyDrive\CT_23\03060756.JPG,moved
CT_23,C:\Users\USUARIO\Desktop\BP Mayo 2026\SynologyDrive\CT_23\100EK113\03060757.JPG,C:\Users\USUARIO\Desktop\BP Mayo 2026\SynologyDrive\CT_23\03060757.JPG,moved
CT_23,C:\Users\USUARIO\Desktop\BP Mayo 2026\SynologyDrive\CT_23\100EK113\03060758.MP4,C:\Users\USUARIO\Desktop\BP Mayo 2026\SynologyDrive\CT_23\03060758.MP4,moved
CT_23,C:\Users\USUARIO\Desktop\BP Mayo 2026\SynologyDrive\CT_23\100EK113\03060759.JPG,C:\Users\USUARIO\Desktop\BP Mayo 2026\SynologyDrive\CT_23\03060759.JPG,moved
CT_23,C:\Users\USUARIO\Desktop\BP Mayo 2026\SynologyDrive\CT_23\100EK113\03060760.JPG,C:\Users\USUARIO\Desktop\BP Mayo 2026\SynologyDrive\CT_23\03060760.JPG,moved
CT_23,C:\Users\USUARIO\Desktop\BP Mayo 2026\SynologyDrive\CT_23\100EK113\03060761.MP4,C:\Users\USUARIO\Desktop\BP Mayo 2026\SynologyDrive\CT_23\03060761.MP4,moved
CT_23,C:\Users\USUARIO\Desktop\BP Mayo 2026\SynologyDrive\CT_23\100EK113\03060762.JPG,C:\Users\USUARIO\Desktop\BP Mayo 2026\SynologyDrive\CT_23\03060762.JPG,moved
CT_23,C:\Users\USUARIO\Desktop\BP Mayo 2026\SynologyDrive\CT_23\100EK113\03060763.JPG,C:\Users\USUARIO\Desktop\BP Mayo 2026\SynologyDrive\CT_23\03060763.JPG,moved
CT_23,C:\Users\USUARIO\Desktop\BP Mayo 2026\SynologyDrive\CT_23\100EK113\03060764.MP4,C:\Users\USUARIO\Desktop\BP Mayo 2026\SynologyDrive\CT_23\03060764.MP4,moved
CT_23,C:\Users\USUARIO\Desktop\BP Mayo 2026\SynologyDrive\CT_23\100EK113\03060765.JPG,C:\Users\USUARIO\Desktop\BP Mayo 2026\SynologyDrive\CT_23\03060765.JPG,moved
CT_23,C:\Users\USUARIO\Desktop\BP Mayo 2026\SynologyDrive\CT_23\100EK113\03060766.JPG,C:\Users\USUARIO\Desktop\BP Mayo 2026\SynologyDrive\CT_23\03060766.JPG,moved
CT_23,C:\Users\USUARIO\Desktop\BP Mayo 2026\SynologyDrive\CT_23\100EK113\03060767.MP4,C:\Users\USUARIO\Desktop\BP Mayo 2026\SynologyDrive\CT_23\03060767.MP4,moved
CT_23,C:\Users\USUARIO\Desktop\BP Mayo 2026\SynologyDrive\CT_23\100EK113\03060768.JPG,C:\Users\USUARIO\Desktop\BP Mayo 2026\SynologyDrive\CT_23\03060768.JPG,moved
CT_23,C:\Users\USUARIO\Desktop\BP Mayo 2026\SynologyDrive\CT_23\100EK113\03060769.JPG,C:\Users\USUARIO\Desktop\BP Mayo 2026\SynologyDrive\CT_23\03060769.JPG,moved
CT_23,C:\Users\USUARIO\Desktop\BP Mayo 2026\SynologyDrive\CT_23\100EK113\03060770.MP4,C:\Users\USUARIO\Desktop\BP Mayo 2026\SynologyDrive\CT_23\03060770.MP4,moved
CT_23,C:\Users\USUARIO\Desktop\BP Mayo 2026\SynologyDrive\CT_23\100EK113\03060771.JPG,C:\Users\USUARIO\Desktop\BP Mayo 2026\SynologyDrive\CT_23\03060771.JPG,moved
CT_23,C:\Users\USUARIO\Desktop\BP Mayo 2026\SynologyDrive\CT_23\100EK113\03060772.JPG,C:\Users\USUARIO\Desktop\BP Mayo 2026\SynologyDrive\CT_23\03060772.JPG,moved
CT_23,C:\Users\USUARIO\Desktop\BP Mayo 2026\SynologyDrive\CT_23\100EK113\03060773.MP4,C:\Users\USUARIO\Desktop\BP Mayo 2026\SynologyDrive\CT_23\03060773.MP4,moved
CT_23,C:\Users\USUARIO\Desktop\BP Mayo 2026\SynologyDrive\CT_23\100EK113\03060774.JPG,C:\Users\USUARIO\Desktop\BP Mayo 2026\SynologyDrive\CT_23\03060774.JPG,moved
CT_23,C:\Users\USUARIO\Desktop\BP Mayo 2026\SynologyDrive\CT_23\100EK113\03060775.JPG,C:\Users\USUARIO\Desktop\BP Mayo 2026\SynologyDrive\CT_23\03060775.JPG,moved
CT_23,C:\Users\USUARIO\Desktop\BP Mayo 2026\SynologyDrive\CT_23\100EK113\03060776.MP4,C:\Users\USUARIO\Desktop\BP Mayo 2026\SynologyDrive\CT_23\03060776.MP4,moved
CT_23,C:\Users\USUARIO\Desktop\BP Mayo 2026\SynologyDrive\CT_23\100EK113\03060777.JPG,C:\Users\USUARIO\Desktop\BP Mayo 2026\SynologyDrive\CT_23\03060777.JPG,moved
CT_23,C:\Users\USUARIO\Desktop\BP Mayo 2026\SynologyDrive\CT_23\100EK113\03060778.JPG,C:\Users\USUARIO\Desktop\BP Mayo 2026\SynologyDrive\CT_23\03060778.JPG,moved
CT_23,C:\Users\USUARIO\Desktop\BP Mayo 2026\SynologyDrive\CT_23\100EK113\03060779.MP4,C:\Users\USUARIO\Desktop\BP Mayo 2026\SynologyDrive\CT_23\03060779.MP4,moved
CT_23,C:\Users\USUARIO\Desktop\BP Mayo 2026\SynologyDrive\CT_23\100EK113\03060780.JPG,C:\Users\USUARIO\Desktop\BP Mayo 2026\SynologyDrive\CT_23\03060780.JPG,moved
CT_23,C:\Users\USUARIO\Desktop\BP Mayo 2026\SynologyDrive\CT_23\100EK113\03060781.JPG,C:\Users\USUARIO\Desktop\BP Mayo 2026\SynologyDrive\CT_23\03060781.JPG,moved
CT_23,C:\Users\USUARIO\Desktop\BP Mayo 2026\SynologyDrive\CT_23\100EK113\03060782.MP4,C:\Users\USUARIO\Desktop\BP Mayo 2026\SynologyDrive\CT_23\03060782.MP4,moved
CT_23,C:\Users\USUARIO\Desktop\BP Mayo 2026\SynologyDrive\CT_23\100EK113\03060783.JPG,C:\Users\USUARIO\Desktop\BP Mayo 2026\SynologyDrive\CT_23\03060783.JPG,moved
CT_23,C:\Users\USUARIO\Desktop\BP Mayo 2026\SynologyDrive\CT_23\100EK113\03060784.JPG,C:\Users\USUARIO\Desktop\BP Mayo 2026\SynologyDrive\CT_23\03060784.JPG,moved
CT_23,C:\Users\USUARIO\Desktop\BP Mayo 2026\SynologyDrive\CT_23\100EK113\03060785.MP4,C:\Users\USUARIO\Desktop\BP Mayo 2026\SynologyDrive\CT_23\03060785.MP4,moved
CT_23,C:\Users\USUARIO\Desktop\BP Mayo 2026\SynologyDrive\CT_23\100EK113\03060786.JPG,C:\Users\USUARIO\Desktop\BP Mayo 2026\SynologyDrive\CT_23\03060786.JPG,moved
CT_23,C:\Users\USUARIO\Desktop\BP Mayo 2026\SynologyDrive\CT_23\100EK113\03060787.JPG,C:\Users\USUARIO\Desktop\BP Mayo 2026\SynologyDrive\CT_23\03060787.JPG,moved
CT_23,C:\Users\USUARIO\Desktop\BP Mayo 2026\SynologyDrive\CT_23\100EK113\03060788.MP4,C:\Users\USUARIO\Desktop\BP Mayo 2026\SynologyDrive\CT_23\03060788.MP4,moved
CT_23,C:\Users\USUARIO\Desktop\BP Mayo 2026\SynologyDrive\CT_23\100EK113\04040789.JPG,C:\Users\USUARIO\Desktop\BP Mayo 2026\SynologyDrive\CT_23\04040789.JPG,moved
CT_23,C:\Users\USUARIO\Desktop\BP Mayo 2026\SynologyDrive\CT_23\100EK113\04040790.JPG,C:\Users\USUARIO\Desktop\BP Mayo 2026\SynologyDrive\CT_23\04040790.JPG,moved
CT_23,C:\Users\USUARIO\Desktop\BP Mayo 2026\SynologyDrive\CT_23\100EK113\04040791.JPG,C:\Users\USUARIO\Desktop\BP Mayo 2026\SynologyDrive\CT_23\04040791.JPG,moved
CT_23,C:\Users\USUARIO\Desktop\BP Mayo 2026\SynologyDrive\CT_23\100EK113\04040792.MP4,C:\Users\USUARIO\Desktop\BP Mayo 2026\SynologyDrive\CT_23\04040792.MP4,moved
CT_23,C:\Users\USUARIO\Desktop\BP Mayo 2026\SynologyDrive\CT_23\100EK113\04040793.JPG,C:\Users\USUARIO\Desktop\BP Mayo 2026\SynologyDrive\CT_23\04040793.JPG,moved
CT_23,C:\Users\USUARIO\Desktop\BP Mayo 2026\SynologyDrive\CT_23\100EK113\04040794.JPG,C:\Users\USUARIO\Desktop\BP Mayo 2026\SynologyDrive\CT_23\04040794.JPG,moved
CT_23,C:\Users\USUARIO\Desktop\BP Mayo 2026\SynologyDrive\CT_23\100EK113\04040795.MP4,C:\Users\USUARIO\Desktop\BP Mayo 2026\SynologyDrive\CT_23\04040795.MP4,moved
CT_23,C:\Users\USUARIO\Desktop\BP Mayo 2026\SynologyDrive\CT_23\100EK113\04040796.JPG,C:\Users\USUARIO\Desktop\BP Mayo 2026\SynologyDrive\CT_23\04040796.JPG,moved
CT_23,C:\Users\USUARIO\Desktop\BP Mayo 2026\SynologyDrive\CT_23\100EK113\04040797.JPG,C:\Users\USUARIO\Desktop\BP Mayo 2026\SynologyDrive\CT_23\04040797.JPG,moved
CT_23,C:\Users\USUARIO\Desktop\BP Mayo 2026\SynologyDrive\CT_23\100EK113\04040798.MP4,C:\Users\USUARIO\Desktop\BP Mayo 2026\SynologyDrive\CT_23\04040798.MP4,moved
CT_23,C:\Users\USUARIO\Desktop\BP Mayo 2026\SynologyDrive\CT_23\100EK113\04040799.JPG,C:\Users\USUARIO\Desktop\BP Mayo 2026\SynologyDrive\CT_23\04040799.JPG,moved
CT_23,C:\Users\USUARIO\Desktop\BP Mayo 2026\SynologyDrive\CT_23\100EK113\04040800.JPG,C:\Users\USUARIO\Desktop\BP Mayo 2026\SynologyDrive\CT_23\04040800.JPG,moved
CT_23,C:\Users\USUARIO\Desktop\BP Mayo 2026\SynologyDrive\CT_23\100EK113\04040801.MP4,C:\Users\USUARIO\Desktop\BP Mayo 2026\SynologyDrive\CT_23\04040801.MP4,moved
CT_23,C:\Users\USUARIO\Desktop\BP Mayo 2026\SynologyDrive\CT_23\100EK113\04040802.JPG,C:\Users\USUARIO\Desktop\BP Mayo 2026\SynologyDrive\CT_23\04040802.JPG,moved
CT_23,C:\Users\USUARIO\Desktop\BP Mayo 2026\SynologyDrive\CT_23\100EK113\04040803.JPG,C:\Users\USUARIO\Desktop\BP Mayo 2026\SynologyDrive\CT_23\04040803.JPG,moved
CT_23,C:\Users\USUARIO\Desktop\BP Mayo 2026\SynologyDrive\CT_23\100EK113\04040804.MP4,C:\Users\USUARIO\Desktop\BP Mayo 2026\SynologyDrive\CT_23\04040804.MP4,moved
CT_23,C:\Users\USUARIO\Desktop\BP Mayo 2026\SynologyDrive\CT_23\100EK113\04040805.JPG,C:\Users\USUARIO\Desktop\BP Mayo 2026\SynologyDrive\CT_23\04040805.JPG,moved
CT_23,C:\Users\USUARIO\Desktop\BP Mayo 2026\SynologyDrive\CT_23\100EK113\04040806.JPG,C:\Users\USUARIO\Desktop\BP Mayo 2026\SynologyDrive\CT_23\04040806.JPG,moved
CT_23,C:\Users\USUARIO\Desktop\BP Mayo 2026\SynologyDrive\CT_23\100EK113\04040807.JPG,C:\Users\USUARIO\Desktop\BP Mayo 2026\SynologyDrive\CT_23\04040807.JPG,moved
CT_23,C:\Users\USUARIO\Desktop\BP Mayo 2026\SynologyDrive\CT_23\100EK113\04040808.MP4,C:\Users\USUARIO\Desktop\BP Mayo 2026\SynologyDrive\CT_23\04040808.MP4,moved
CT_23,C:\Users\USUARIO\Desktop\BP Mayo 2026\SynologyDrive\CT_23\100EK113\04040809.JPG,C:\Users\USUARIO\Desktop\BP Mayo 2026\SynologyDrive\CT_23\04040809.JPG,moved
CT_23,C:\Users\USUARIO\Desktop\BP Mayo 2026\SynologyDrive\CT_23\100EK113\04040810.JPG,C:\Users\USUARIO\Desktop\BP Mayo 2026\SynologyDrive\CT_23\04040810.JPG,moved
CT_23,C:\Users\USUARIO\Desktop\BP Mayo 2026\SynologyDrive\CT_23\100EK113\04040811.MP4,C:\Users\USUARIO\Desktop\BP Mayo 2026\SynologyDrive\CT_23\04040811.MP4,moved
CT_23,C:\Users\USUARIO\Desktop\BP Mayo 2026\SynologyDrive\CT_23\100EK113\04040812.JPG,C:\Users\USUARIO\Desktop\BP Mayo 2026\SynologyDrive\CT_23\04040812.JPG,moved
CT_23,C:\Users\USUARIO\Desktop\BP Mayo 2026\SynologyDrive\CT_23\100EK113\04040813.JPG,C:\Users\USUARIO\Desktop\BP Mayo 2026\SynologyDrive\CT_23\04040813.JPG,moved
CT_23,C:\Users\USUARIO\Desktop\BP Mayo 2026\SynologyDrive\CT_23\100EK113\04040814.MP4,C:\Users\USUARIO\Desktop\BP Mayo 2026\SynologyDrive\CT_23\04040814.MP4,moved
CT_23,C:\Users\USUARIO\Desktop\BP Mayo 2026\SynologyDrive\CT_23\100EK113\04040815.JPG,C:\Users\USUARIO\Desktop\BP Mayo 2026\SynologyDrive\CT_23\04040815.JPG,moved
CT_23,C:\Users\USUARIO\Desktop\BP Mayo 2026\SynologyDrive\CT_23\100EK113\04040816.JPG,C:\Users\USUARIO\Desktop\BP Mayo 2026\SynologyDrive\CT_23\04040816.JPG,moved
CT_23,C:\Users\USUARIO\Desktop\BP Mayo 2026\SynologyDrive\CT_23\100EK113\04040817.MP4,C:\Users\USUARIO\Desktop\BP Mayo 2026\SynologyDrive\CT_23\04040817.MP4,moved
CT_23,C:\Users\USUARIO\Desktop\BP Mayo 2026\SynologyDrive\CT_23\100EK113\04040818.JPG,C:\Users\USUARIO\Desktop\BP Mayo 2026\SynologyDrive\CT_23\04040818.JPG,moved
CT_23,C:\Users\USUARIO\Desktop\BP Mayo 2026\SynologyDrive\CT_23\100EK113\04040819.JPG,C:\Users\USUARIO\Desktop\BP Mayo 2026\SynologyDrive\CT_23\04040819.JPG,moved
CT_23,C:\Users\USUARIO\Desktop\BP Mayo 2026\SynologyDrive\CT_23\100EK113\04040820.MP4,C:\Users\USUARIO\Desktop\BP Mayo 2026\SynologyDrive\CT_23\04040820.MP4,moved
CT_23,C:\Users\USUARIO\Desktop\BP Mayo 2026\SynologyDrive\CT_23\100EK113\04040821.JPG,C:\Users\USUARIO\Desktop\BP Mayo 2026\SynologyDrive\CT_23\04040821.JPG,moved
CT_23,C:\Users\USUARIO\Desktop\BP Mayo 2026\SynologyDrive\CT_23\100EK113\04040822.JPG,C:\Users\USUARIO\Desktop\BP Mayo 2026\SynologyDrive\CT_23\04040822.JPG,moved
CT_23,C:\Users\USUARIO\Desktop\BP Mayo 2026\SynologyDrive\CT_23\100EK113\04040823.MP4,C:\Users\USUARIO\Desktop\BP Mayo 2026\SynologyDrive\CT_23\04040823.MP4,moved
CT_23,C:\Users\USUARIO\Desktop\BP Mayo 2026\SynologyDrive\CT_23\100EK113\04040824.JPG,C:\Users\USUARIO\Desktop\BP Mayo 2026\SynologyDrive\CT_23\04040824.JPG,moved
CT_23,C:\Users\USUARIO\Desktop\BP Mayo 2026\SynologyDrive\CT_23\100EK113\04040825.JPG,C:\Users\USUARIO\Desktop\BP Mayo 2026\SynologyDrive\CT_23\04040825.JPG,moved
CT_23,C:\Users\USUARIO\Desktop\BP Mayo 2026\SynologyDrive\CT_23\100EK113\04040826.MP4,C:\Users\USUARIO\Desktop\BP Mayo 2026\SynologyDrive\CT_23\04040826.MP4,moved
CT_23,C:\Users\USUARIO\Desktop\BP Mayo 2026\SynologyDrive\CT_23\100EK113\04040827.JPG,C:\Users\USUARIO\Desktop\BP Mayo 2026\SynologyDrive\CT_23\04040827.JPG,moved
CT_23,C:\Users\USUARIO\Desktop\BP Mayo 2026\SynologyDrive\CT_23\100EK113\04040828.JPG,C:\Users\USUARIO\Desktop\BP Mayo 2026\SynologyDrive\CT_23\04040828.JPG,moved
CT_23,C:\Users\USUARIO\Desktop\BP Mayo 2026\SynologyDrive\CT_23\100EK113\04040829.MP4,C:\Users\USUARIO\Desktop\BP Mayo 2026\SynologyDrive\CT_23\04040829.MP4,moved
CT_23,C:\Users\USUARIO\Desktop\BP Mayo 2026\SynologyDrive\CT_23\100EK113\04040830.JPG,C:\Users\USUARIO\Desktop\BP Mayo 2026\SynologyDrive\CT_23\04040830.JPG,moved
CT_23,C:\Users\USUARIO\Desktop\BP Mayo 2026\SynologyDrive\CT_23\100EK113\04040831.JPG,C:\Users\USUARIO\Desktop\BP Mayo 2026\SynologyDrive\CT_23\04040831.JPG,moved
CT_23,C:\Users\USUARIO\Desktop\BP Mayo 2026\SynologyDrive\CT_23\100EK113\04040832.MP4,C:\Users\USUARIO\Desktop\BP Mayo 2026\SynologyDrive\CT_23\04040832.MP4,moved
CT_23,C:\Users\USUARIO\Desktop\BP Mayo 2026\SynologyDrive\CT_23\100EK113\04040833.JPG,C:\Users\USUARIO\Desktop\BP Mayo 2026\SynologyDrive\CT_23\04040833.JPG,moved
CT_23,C:\Users\USUARIO\Desktop\BP Mayo 2026\SynologyDrive\CT_23\100EK113\04040834.JPG,C:\Users\USUARIO\Desktop\BP Mayo 2026\SynologyDrive\CT_23\04040834.JPG,moved
CT_23,C:\Users\USUARIO\Desktop\BP Mayo 2026\SynologyDrive\CT_23\100EK113\04040835.MP4,C:\Users\USUARIO\Desktop\BP Mayo 2026\SynologyDrive\CT_23\04040835.MP4,moved
CT_23,C:\Users\USUARIO\Desktop\BP Mayo 2026\SynologyDrive\CT_23\100EK113\04040836.JPG,C:\Users\USUARIO\Desktop\BP Mayo 2026\SynologyDrive\CT_23\04040836.JPG,moved
CT_23,C:\Users\USUARIO\Desktop\BP Mayo 2026\SynologyDrive\CT_23\100EK113\04040837.JPG,C:\Users\USUARIO\Desktop\BP Mayo 2026\SynologyDrive\CT_23\04040837.JPG,moved
CT_23,C:\Users\USUARIO\Desktop\BP Mayo 2026\SynologyDrive\CT_23\100EK113\04040838.MP4,C:\Users\USUARIO\Desktop\BP Mayo 2026\SynologyDrive\CT_23\04040838.MP4,moved
CT_23,C:\Users\USUARIO\Desktop\BP Mayo 2026\SynologyDrive\CT_23\100EK113\04040839.JPG,C:\Users\USUARIO\Desktop\BP Mayo 2026\SynologyDrive\CT_23\04040839.JPG,moved
CT_23,C:\Users\USUARIO\Desktop\BP Mayo 2026\SynologyDrive\CT_23\100EK113\04040840.JPG,C:\Users\USUARIO\Desktop\BP Mayo 2026\SynologyDrive\CT_23\04040840.JPG,moved
CT_23,C:\Users\USUARIO\Desktop\BP Mayo 2026\SynologyDrive\CT_23\100EK113\04040841.MP4,C:\Users\USUARIO\Desktop\BP Mayo 2026\SynologyDrive\CT_23\04040841.MP4,moved
CT_23,C:\Users\USUARIO\Desktop\BP Mayo 2026\SynologyDrive\CT_23\100EK113\04040842.JPG,C:\Users\USUARIO\Desktop\BP Mayo 2026\SynologyDrive\CT_23\04040842.JPG,moved
CT_23,C:\Users\USUARIO\Desktop\BP Mayo 2026\SynologyDrive\CT_23\100EK113\04040843.JPG,C:\Users\USUARIO\Desktop\BP Mayo 2026\SynologyDrive\CT_23\04040843.JPG,moved
CT_23,C:\Users\USUARIO\Desktop\BP Mayo 2026\SynologyDrive\CT_23\100EK113\04040844.MP4,C:\Users\USUARIO\Desktop\BP Mayo 2026\SynologyDrive\CT_23\04040844.MP4,moved
CT_23,C:\Users\USUARIO\Desktop\BP Mayo 2026\SynologyDrive\CT_23\100EK113\04040845.JPG,C:\Users\USUARIO\Desktop\BP Mayo 2026\SynologyDrive\CT_23\04040845.JPG,moved
CT_23,C:\Users\USUARIO\Desktop\BP Mayo 2026\SynologyDrive\CT_23\100EK113\04040846.JPG,C:\Users\USUARIO\Desktop\BP Mayo 2026\SynologyDrive\CT_23\04040846.JPG,moved
CT_23,C:\Users\USUARIO\Desktop\BP Mayo 2026\SynologyDrive\CT_23\100EK113\04040847.MP4,C:\Users\USUARIO\Desktop\BP Mayo 2026\SynologyDrive\CT_23\04040847.MP4,moved
CT_23,C:\Users\USUARIO\Desktop\BP Mayo 2026\SynologyDrive\CT_23\100EK113\04040848.JPG,C:\Users\USUARIO\Desktop\BP Mayo 2026\SynologyDrive\CT_23\04040848.JPG,moved
CT_23,C:\Users\USUARIO\Desktop\BP Mayo 2026\SynologyDrive\CT_23\100EK113\04040849.JPG,C:\Users\USUARIO\Desktop\BP Mayo 2026\SynologyDrive\CT_23\04040849.JPG,moved
CT_23,C:\Users\USUARIO\Desktop\BP Mayo 2026\SynologyDrive\CT_23\100EK113\04040850.MP4,C:\Users\USUARIO\Desktop\BP Mayo 2026\SynologyDrive\CT_23\04040850.MP4,moved
CT_23,C:\Users\USUARIO\Desktop\BP Mayo 2026\SynologyDrive\CT_23\100EK113\04040851.JPG,C:\Users\USUARIO\Desktop\BP Mayo 2026\SynologyDrive\CT_23\04040851.JPG,moved
CT_23,C:\Users\USUARIO\Desktop\BP Mayo 2026\SynologyDrive\CT_23\100EK113\04040852.JPG,C:\Users\USUARIO\Desktop\BP Mayo 2026\SynologyDrive\CT_23\04040852.JPG,moved
CT_23,C:\Users\USUARIO\Desktop\BP Mayo 2026\SynologyDrive\CT_23\100EK113\04040853.MP4,C:\Users\USUARIO\Desktop\BP Mayo 2026\SynologyDrive\CT_23\04040853.MP4,moved
CT_23,C:\Users\USUARIO\Desktop\BP Mayo 2026\SynologyDrive\CT_23\100EK113\04040854.JPG,C:\Users\USUARIO\Desktop\BP Mayo 2026\SynologyDrive\CT_23\04040854.JPG,moved
CT_23,C:\Users\USUARIO\Desktop\BP Mayo 2026\SynologyDrive\CT_23\100EK113\04040855.JPG,C:\Users\USUARIO\Desktop\BP Mayo 2026\SynologyDrive\CT_23\04040855.JPG,moved
CT_23,C:\Users\USUARIO\Desktop\BP Mayo 2026\SynologyDrive\CT_23\100EK113\04040856.MP4,C:\Users\USUARIO\Desktop\BP Mayo 2026\SynologyDrive\CT_23\04040856.MP4,moved
CT_23,C:\Users\USUARIO\Desktop\BP Mayo 2026\SynologyDrive\CT_23\100EK113\04040857.JPG,C:\Users\USUARIO\Desktop\BP Mayo 2026\SynologyDrive\CT_23\04040857.JPG,moved
CT_23,C:\Users\USUARIO\Desktop\BP Mayo 2026\SynologyDrive\CT_23\100EK113\04040858.JPG,C:\Users\USUARIO\Desktop\BP Mayo 2026\SynologyDrive\CT_23\04040858.JPG,moved
CT_23,C:\Users\USUARIO\Desktop\BP Mayo 2026\SynologyDrive\CT_23\100EK113\04040859.MP4,C:\Users\USUARIO\Desktop\BP Mayo 2026\SynologyDrive\CT_23\04040859.MP4,moved
CT_23,C:\Users\USUARIO\Desktop\BP Mayo 2026\SynologyDrive\CT_23\100EK113\04040860.JPG,C:\Users\USUARIO\Desktop\BP Mayo 2026\SynologyDrive\CT_23\04040860.JPG,moved
CT_23,C:\Users\USUARIO\Desktop\BP Mayo 2026\SynologyDrive\CT_23\100EK113\04040861.JPG,C:\Users\USUARIO\Desktop\BP Mayo 2026\SynologyDrive\CT_23\04040861.JPG,moved
CT_23,C:\Users\USUARIO\Desktop\BP Mayo 2026\SynologyDrive\CT_23\100EK113\04040862.MP4,C:\Users\USUARIO\Desktop\BP Mayo 2026\SynologyDrive\CT_23\04040862.MP4,moved
CT_23,C:\Users\USUARIO\Desktop\BP Mayo 2026\SynologyDrive\CT_23\100EK113\04040863.JPG,C:\Users\USUARIO\Desktop\BP Mayo 2026\SynologyDrive\CT_23\04040863.JPG,moved
CT_23,C:\Users\USUARIO\Desktop\BP Mayo 2026\SynologyDrive\CT_23\100EK113\04040864.JPG,C:\Users\USUARIO\Desktop\BP Mayo 2026\SynologyDrive\CT_23\04040864.JPG,moved
CT_23,C:\Users\USUARIO\Desktop\BP Mayo 2026\SynologyDrive\CT_23\100EK113\04040865.MP4,C:\Users\USUARIO\Desktop\BP Mayo 2026\SynologyDrive\CT_23\04040865.MP4,moved
CT_23,C:\Users\USUARIO\Desktop\BP Mayo 2026\SynologyDrive\CT_23\100EK113\04040866.JPG,C:\Users\USUARIO\Desktop\BP Mayo 2026\SynologyDrive\CT_23\04040866.JPG,moved
CT_23,C:\Users\USUARIO\Desktop\BP Mayo 2026\SynologyDrive\CT_23\100EK113\04040867.JPG,C:\Users\USUARIO\Desktop\BP Mayo 2026\SynologyDrive\CT_23\04040867.JPG,moved
CT_23,C:\Users\USUARIO\Desktop\BP Mayo 2026\SynologyDrive\CT_23\100EK113\04040868.MP4,C:\Users\USUARIO\Desktop\BP Mayo 2026\SynologyDrive\CT_23\04040868.MP4,moved
CT_23,C:\Users\USUARIO\Desktop\BP Mayo 2026\SynologyDrive\CT_23\100EK113\04040869.JPG,C:\Users\USUARIO\Desktop\BP Mayo 2026\SynologyDrive\CT_23\04040869.JPG,moved
CT_23,C:\Users\USUARIO\Desktop\BP Mayo 2026\SynologyDrive\CT_23\100EK113\04040870.JPG,C:\Users\USUARIO\Desktop\BP Mayo 2026\SynologyDrive\CT_23\04040870.JPG,moved
CT_23,C:\Users\USUARIO\Desktop\BP Mayo 2026\SynologyDrive\CT_23\100EK113\04040871.MP4,C:\Users\USUARIO\Desktop\BP Mayo 2026\SynologyDrive\CT_23\04040871.MP4,moved
CT_23,C:\Users\USUARIO\Desktop\BP Mayo 2026\SynologyDrive\CT_23\100EK113\04040872.JPG,C:\Users\USUARIO\Desktop\BP Mayo 2026\SynologyDrive\CT_23\04040872.JPG,moved
CT_23,C:\Users\USUARIO\Desktop\BP Mayo 2026\SynologyDrive\CT_23\100EK113\04040873.JPG,C:\Users\USUARIO\Desktop\BP Mayo 2026\SynologyDrive\CT_23\04040873.JPG,moved
CT_23,C:\Users\USUARIO\Desktop\BP Mayo 2026\SynologyDrive\CT_23\100EK113\04040874.MP4,C:\Users\USUARIO\Desktop\BP Mayo 2026\SynologyDrive\CT_23\04040874.MP4,moved
CT_23,C:\Users\USUARIO\Desktop\BP Mayo 2026\SynologyDrive\CT_23\100EK113\04040875.JPG,C:\Users\USUARIO\Desktop\BP Mayo 2026\SynologyDrive\CT_23\04040875.JPG,moved
CT_23,C:\Users\USUARIO\Desktop\BP Mayo 2026\SynologyDrive\CT_23\100EK113\04040876.JPG,C:\Users\USUARIO\Desktop\BP Mayo 2026\SynologyDrive\CT_23\04040876.JPG,moved
CT_23,C:\Users\USUARIO\Desktop\BP Mayo 2026\SynologyDrive\CT_23\100EK113\04040877.MP4,C:\Users\USUARIO\Desktop\BP Mayo 2026\SynologyDrive\CT_23\04040877.MP4,moved
CT_23,C:\Users\USUARIO\Desktop\BP Mayo 2026\SynologyDrive\CT_23\100EK113\04040878.JPG,C:\Users\USUARIO\Desktop\BP Mayo 2026\SynologyDrive\CT_23\04040878.JPG,moved
CT_23,C:\Users\USUARIO\Desktop\BP Mayo 2026\SynologyDrive\CT_23\100EK113\04040879.JPG,C:\Users\USUARIO\Desktop\BP Mayo 2026\SynologyDrive\CT_23\04040879.JPG,moved
CT_23,C:\Users\USUARIO\Desktop\BP Mayo 2026\SynologyDrive\CT_23\100EK113\04040880.MP4,C:\Users\USUARIO\Desktop\BP Mayo 2026\SynologyDrive\CT_23\04040880.MP4,moved
CT_23,C:\Users\USUARIO\Desktop\BP Mayo 2026\SynologyDrive\CT_23\100EK113\04040881.JPG,C:\Users\USUARIO\Desktop\BP Mayo 2026\SynologyDrive\CT_23\04040881.JPG,moved
CT_23,C:\Users\USUARIO\Desktop\BP Mayo 2026\SynologyDrive\CT_23\100EK113\04040882.JPG,C:\Users\USUARIO\Desktop\BP Mayo 2026\SynologyDrive\CT_23\04040882.JPG,moved
CT_23,C:\Users\USUARIO\Desktop\BP Mayo 2026\SynologyDrive\CT_23\100EK113\04040883.MP4,C:\Users\USUARIO\Desktop\BP Mayo 2026\SynologyDrive\CT_23\04040883.MP4,moved
CT_23,C:\Users\USUARIO\Desktop\BP Mayo 2026\SynologyDrive\CT_23\100EK113\04040884.JPG,C:\Users\USUARIO\Desktop\BP Mayo 2026\SynologyDrive\CT_23\04040884.JPG,moved
CT_23,C:\Users\USUARIO\Desktop\BP Mayo 2026\SynologyDrive\CT_23\100EK113\04040885.JPG,C:\Users\USUARIO\Desktop\BP Mayo 2026\SynologyDrive\CT_23\04040885.JPG,moved
CT_23,C:\Users\USUARIO\Desktop\BP Mayo 2026\SynologyDrive\CT_23\100EK113\04040886.MP4,C:\Users\USUARIO\Desktop\BP Mayo 2026\SynologyDrive\CT_23\04040886.MP4,moved
CT_23,C:\Users\USUARIO\Desktop\BP Mayo 2026\SynologyDrive\CT_23\100EK113\04040887.JPG,C:\Users\USUARIO\Desktop\BP Mayo 2026\SynologyDrive\CT_23\04040887.JPG,moved
CT_23,C:\Users\USUARIO\Desktop\BP Mayo 2026\SynologyDrive\CT_23\100EK113\04040888.JPG,C:\Users\USUARIO\Desktop\BP Mayo 2026\SynologyDrive\CT_23\04040888.JPG,moved
CT_23,C:\Users\USUARIO\Desktop\BP Mayo 2026\SynologyDrive\CT_23\100EK113\04040889.MP4,C:\Users\USUARIO\Desktop\BP Mayo 2026\SynologyDrive\CT_23\04040889.MP4,moved
CT_23,C:\Users\USUARIO\Desktop\BP Mayo 2026\SynologyDrive\CT_23\100EK113\04040890.JPG,C:\Users\USUARIO\Desktop\BP Mayo 2026\SynologyDrive\CT_23\04040890.JPG,moved
CT_23,C:\Users\USUARIO\Desktop\BP Mayo 2026\SynologyDrive\CT_23\100EK113\04040891.JPG,C:\Users\USUARIO\Desktop\BP Mayo 2026\SynologyDrive\CT_23\04040891.JPG,moved
CT_23,C:\Users\USUARIO\Desktop\BP Mayo 2026\SynologyDrive\CT_23\100EK113\04040892.MP4,C:\Users\USUARIO\Desktop\BP Mayo 2026\SynologyDrive\CT_23\04040892.MP4,moved
CT_23,C:\Users\USUARIO\Desktop\BP Mayo 2026\SynologyDrive\CT_23\100EK113\04040893.JPG,C:\Users\USUARIO\Desktop\BP Mayo 2026\SynologyDrive\CT_23\04040893.JPG,moved
CT_23,C:\Users\USUARIO\Desktop\BP Mayo 2026\SynologyDrive\CT_23\100EK113\04040894.JPG,C:\Users\USUARIO\Desktop\BP Mayo 2026\SynologyDrive\CT_23\04040894.JPG,moved
CT_23,C:\Users\USUARIO\Desktop\BP Mayo 2026\SynologyDrive\CT_23\100EK113\04040895.MP4,C:\Users\USUARIO\Desktop\BP Mayo 2026\SynologyDrive\CT_23\04040895.MP4,moved
CT_23,C:\Users\USUARIO\Desktop\BP Mayo 2026\SynologyDrive\CT_23\100EK113\04040896.JPG,C:\Users\USUARIO\Desktop\BP Mayo 2026\SynologyDrive\CT_23\04040896.JPG,moved
CT_23,C:\Users\USUARIO\Desktop\BP Mayo 2026\SynologyDrive\CT_23\100EK113\04040897.JPG,C:\Users\USUARIO\Desktop\BP Mayo 2026\SynologyDrive\CT_23\04040897.JPG,moved
CT_23,C:\Users\USUARIO\Desktop\BP Mayo 2026\SynologyDrive\CT_23\100EK113\04040898.MP4,C:\Users\USUARIO\Desktop\BP Mayo 2026\SynologyDrive\CT_23\04040898.MP4,moved
CT_23,C:\Users\USUARIO\Desktop\BP Mayo 2026\SynologyDrive\CT_23\100EK113\04040899.JPG,C:\Users\USUARIO\Desktop\BP Mayo 2026\SynologyDrive\CT_23\04040899.JPG,moved
CT_23,C:\Users\USUARIO\Desktop\BP Mayo 2026\SynologyDrive\CT_23\100EK113\04040900.JPG,C:\Users\USUARIO\Desktop\BP Mayo 2026\SynologyDrive\CT_23\04040900.JPG,moved
CT_23,C:\Users\USUARIO\Desktop\BP Mayo 2026\SynologyDrive\CT_23\100EK113\04040901.MP4,C:\Users\USUARIO\Desktop\BP Mayo 2026\SynologyDrive\CT_23\04040901.MP4,moved
CT_23,C:\Users\USUARIO\Desktop\BP Mayo 2026\SynologyDrive\CT_23\100EK113\04040902.JPG,C:\Users\USUARIO\Desktop\BP Mayo 2026\SynologyDrive\CT_23\04040902.JPG,moved
CT_23,C:\Users\USUARIO\Desktop\BP Mayo 2026\SynologyDrive\CT_23\100EK113\04040903.JPG,C:\Users\USUARIO\Desktop\BP Mayo 2026\SynologyDrive\CT_23\04040903.JPG,moved
CT_23,C:\Users\USUARIO\Desktop\BP Mayo 2026\SynologyDrive\CT_23\100EK113\04040904.MP4,C:\Users\USUARIO\Desktop\BP Mayo 2026\SynologyDrive\CT_23\04040904.MP4,moved
CT_23,C:\Users\USUARIO\Desktop\BP Mayo 2026\SynologyDrive\CT_23\100EK113\04040905.JPG,C:\Users\USUARIO\Desktop\BP Mayo 2026\SynologyDrive\CT_23\04040905.JPG,moved
CT_23,C:\Users\USUARIO\Desktop\BP Mayo 2026\SynologyDrive\CT_23\100EK113\04040906.JPG,C:\Users\USUARIO\Desktop\BP Mayo 2026\SynologyDrive\CT_23\04040906.JPG,moved
CT_23,C:\Users\USUARIO\Desktop\BP Mayo 2026\SynologyDrive\CT_23\100EK113\04040907.MP4,C:\Users\USUARIO\Desktop\BP Mayo 2026\SynologyDrive\CT_23\04040907.MP4,moved
CT_23,C:\Users\USUARIO\Desktop\BP Mayo 2026\SynologyDrive\CT_23\100EK113\04040908.JPG,C:\Users\USUARIO\Desktop\BP Mayo 2026\SynologyDrive\CT_23\04040908.JPG,moved
CT_23,C:\Users\USUARIO\Desktop\BP Mayo 2026\SynologyDrive\CT_23\100EK113\04040909.JPG,C:\Users\USUARIO\Desktop\BP Mayo 2026\SynologyDrive\CT_23\04040909.JPG,moved
CT_23,C:\Users\USUARIO\Desktop\BP Mayo 2026\SynologyDrive\CT_23\100EK113\04040910.MP4,C:\Users\USUARIO\Desktop\BP Mayo 2026\SynologyDrive\CT_23\04040910.MP4,moved
CT_23,C:\Users\USUARIO\Desktop\BP Mayo 2026\SynologyDrive\CT_23\100EK113\04040911.JPG,C:\Users\USUARIO\Desktop\BP Mayo 2026\SynologyDrive\CT_23\04040911.JPG,moved
CT_23,C:\Users\USUARIO\Desktop\BP Mayo 2026\SynologyDrive\CT_23\100EK113\04040912.JPG,C:\Users\USUARIO\Desktop\BP Mayo 2026\SynologyDrive\CT_23\04040912.JPG,moved
CT_23,C:\Users\USUARIO\Desktop\BP Mayo 2026\SynologyDrive\CT_23\100EK113\04040913.MP4,C:\Users\USUARIO\Desktop\BP Mayo 2026\SynologyDrive\CT_23\04040913.MP4,moved
CT_23,C:\Users\USUARIO\Desktop\BP Mayo 2026\SynologyDrive\CT_23\100EK113\04040914.JPG,C:\Users\USUARIO\Desktop\BP Mayo 2026\SynologyDrive\CT_23\04040914.JPG,moved
CT_23,C:\Users\USUARIO\Desktop\BP Mayo 2026\SynologyDrive\CT_23\100EK113\04040915.JPG,C:\Users\USUARIO\Desktop\BP Mayo 2026\SynologyDrive\CT_23\04040915.JPG,moved
CT_23,C:\Users\USUARIO\Desktop\BP Mayo 2026\SynologyDrive\CT_23\100EK113\04040916.MP4,C:\Users\USUARIO\Desktop\BP Mayo 2026\SynologyDrive\CT_23\04040916.MP4,moved
CT_23,C:\Users\USUARIO\Desktop\BP Mayo 2026\SynologyDrive\CT_23\100EK113\04040917.JPG,C:\Users\USUARIO\Desktop\BP Mayo 2026\SynologyDrive\CT_23\04040917.JPG,moved
CT_23,C:\Users\USUARIO\Desktop\BP Mayo 2026\SynologyDrive\CT_23\100EK113\04040918.JPG,C:\Users\USUARIO\Desktop\BP Mayo 2026\SynologyDrive\CT_23\04040918.JPG,moved
CT_23,C:\Users\USUARIO\Desktop\BP Mayo 2026\SynologyDrive\CT_23\100EK113\04040919.MP4,C:\Users\USUARIO\Desktop\BP Mayo 2026\SynologyDrive\CT_23\04040919.MP4,moved
CT_23,C:\Users\USUARIO\Desktop\BP Mayo 2026\SynologyDrive\CT_23\100EK113\04040920.JPG,C:\Users\USUARIO\Desktop\BP Mayo 2026\SynologyDrive\CT_23\04040920.JPG,moved
CT_23,C:\Users\USUARIO\Desktop\BP Mayo 2026\SynologyDrive\CT_23\100EK113\04040921.JPG,C:\Users\USUARIO\Desktop\BP Mayo 2026\SynologyDrive\CT_23\04040921.JPG,moved
CT_23,C:\Users\USUARIO\Desktop\BP Mayo 2026\SynologyDrive\CT_23\100EK113\04040922.MP4,C:\Users\USUARIO\Desktop\BP Mayo 2026\SynologyDrive\CT_23\04040922.MP4,moved
CT_23,C:\Users\USUARIO\Desktop\BP Mayo 2026\SynologyDrive\CT_23\100EK113\04040923.JPG,C:\Users\USUARIO\Desktop\BP Mayo 2026\SynologyDrive\CT_23\04040923.JPG,moved
CT_23,C:\Users\USUARIO\Desktop\BP Mayo 2026\SynologyDrive\CT_23\100EK113\04040924.JPG,C:\Users\USUARIO\Desktop\BP Mayo 2026\SynologyDrive\CT_23\04040924.JPG,moved
CT_23,C:\Users\USUARIO\Desktop\BP Mayo 2026\SynologyDrive\CT_23\100EK113\04040925.MP4,C:\Users\USUARIO\Desktop\BP Mayo 2026\SynologyDrive\CT_23\04040925.MP4,moved
CT_23,C:\Users\USUARIO\Desktop\BP Mayo 2026\SynologyDrive\CT_23\100EK113\04040926.JPG,C:\Users\USUARIO\Desktop\BP Mayo 2026\SynologyDrive\CT_23\04040926.JPG,moved
CT_23,C:\Users\USUARIO\Desktop\BP Mayo 2026\SynologyDrive\CT_23\100EK113\04040927.JPG,C:\Users\USUARIO\Desktop\BP Mayo 2026\SynologyDrive\CT_23\04040927.JPG,moved
CT_23,C:\Users\USUARIO\Desktop\BP Mayo 2026\SynologyDrive\CT_23\100EK113\04040928.MP4,C:\Users\USUARIO\Desktop\BP Mayo 2026\SynologyDrive\CT_23\04040928.MP4,moved
CT_23,C:\Users\USUARIO\Desktop\BP Mayo 2026\SynologyDrive\CT_23\100EK113\04040929.JPG,C:\Users\USUARIO\Desktop\BP Mayo 2026\SynologyDrive\CT_23\04040929.JPG,moved
CT_23,C:\Users\USUARIO\Desktop\BP Mayo 2026\SynologyDrive\CT_23\100EK113\04040930.JPG,C:\Users\USUARIO\Desktop\BP Mayo 2026\SynologyDrive\CT_23\04040930.JPG,moved
CT_23,C:\Users\USUARIO\Desktop\BP Mayo 2026\SynologyDrive\CT_23\100EK113\04040931.MP4,C:\Users\USUARIO\Desktop\BP Mayo 2026\SynologyDrive\CT_23\04040931.MP4,moved
CT_23,C:\Users\USUARIO\Desktop\BP Mayo 2026\SynologyDrive\CT_23\100EK113\04040932.JPG,C:\Users\USUARIO\Desktop\BP Mayo 2026\SynologyDrive\CT_23\04040932.JPG,moved
CT_23,C:\Users\USUARIO\Desktop\BP Mayo 2026\SynologyDrive\CT_23\100EK113\04040933.JPG,C:\Users\USUARIO\Desktop\BP Mayo 2026\SynologyDrive\CT_23\04040933.JPG,moved
CT_23,C:\Users\USUARIO\Desktop\BP Mayo 2026\SynologyDrive\CT_23\100EK113\04040934.MP4,C:\Users\USUARIO\Desktop\BP Mayo 2026\SynologyDrive\CT_23\04040934.MP4,moved
CT_23,C:\Users\USUARIO\Desktop\BP Mayo 2026\SynologyDrive\CT_23\100EK113\04040935.JPG,C:\Users\USUARIO\Desktop\BP Mayo 2026\SynologyDrive\CT_23\04040935.JPG,moved
CT_23,C:\Users\USUARIO\Desktop\BP Mayo 2026\SynologyDrive\CT_23\100EK113\04040936.JPG,C:\Users\USUARIO\Desktop\BP Mayo 2026\SynologyDrive\CT_23\04040936.JPG,moved
CT_23,C:\Users\USUARIO\Desktop\BP Mayo 2026\SynologyDrive\CT_23\100EK113\04040937.MP4,C:\Users\USUARIO\Desktop\BP Mayo 2026\SynologyDrive\CT_23\04040937.MP4,moved
CT_23,C:\Users\USUARIO\Desktop\BP Mayo 2026\SynologyDrive\CT_23\100EK113\04040938.JPG,C:\Users\USUARIO\Desktop\BP Mayo 2026\SynologyDrive\CT_23\04040938.JPG,moved
CT_23,C:\Users\USUARIO\Desktop\BP Mayo 2026\SynologyDrive\CT_23\100EK113\04040939.JPG,C:\Users\USUARIO\Desktop\BP Mayo 2026\SynologyDrive\CT_23\04040939.JPG,moved
CT_23,C:\Users\USUARIO\Desktop\BP Mayo 2026\SynologyDrive\CT_23\100EK113\04040940.MP4,C:\Users\USUARIO\Desktop\BP Mayo 2026\SynologyDrive\CT_23\04040940.MP4,moved
CT_23,C:\Users\USUARIO\Desktop\BP Mayo 2026\SynologyDrive\CT_23\100EK113\04040941.JPG,C:\Users\USUARIO\Desktop\BP Mayo 2026\SynologyDrive\CT_23\04040941.JPG,moved
CT_23,C:\Users\USUARIO\Desktop\BP Mayo 2026\SynologyDrive\CT_23\100EK113\04040942.JPG,C:\Users\USUARIO\Desktop\BP Mayo 2026\SynologyDrive\CT_23\04040942.JPG,moved
CT_23,C:\Users\USUARIO\Desktop\BP Mayo 2026\SynologyDrive\CT_23\100EK113\04040943.MP4,C:\Users\USUARIO\Desktop\BP Mayo 2026\SynologyDrive\CT_23\04040943.MP4,moved
CT_23,C:\Users\USUARIO\Desktop\BP Mayo 2026\SynologyDrive\CT_23\100EK113\04040944.JPG,C:\Users\USUARIO\Desktop\BP Mayo 2026\SynologyDrive\CT_23\04040944.JPG,moved
CT_23,C:\Users\USUARIO\Desktop\BP Mayo 2026\SynologyDrive\CT_23\100EK113\04040945.JPG,C:\Users\USUARIO\Desktop\BP Mayo 2026\SynologyDrive\CT_23\04040945.JPG,moved
CT_23,C:\Users\USUARIO\Desktop\BP Mayo 2026\SynologyDrive\CT_23\100EK113\04040946.MP4,C:\Users\USUARIO\Desktop\BP Mayo 2026\SynologyDrive\CT_23\04040946.MP4,moved
CT_23,C:\Users\USUARIO\Desktop\BP Mayo 2026\SynologyDrive\CT_23\100EK113\04040947.JPG,C:\Users\USUARIO\Desktop\BP Mayo 2026\SynologyDrive\CT_23\04040947.JPG,moved
CT_23,C:\Users\USUARIO\Desktop\BP Mayo 2026\SynologyDrive\CT_23\100EK113\04040948.JPG,C:\Users\USUARIO\Desktop\BP Mayo 2026\SynologyDrive\CT_23\04040948.JPG,moved
CT_23,C:\Users\USUARIO\Desktop\BP Mayo 2026\SynologyDrive\CT_23\100EK113\04040949.MP4,C:\Users\USUARIO\Desktop\BP Mayo 2026\SynologyDrive\CT_23\04040949.MP4,moved
CT_23,C:\Users\USUARIO\Desktop\BP Mayo 2026\SynologyDrive\CT_23\100EK113\04040950.JPG,C:\Users\USUARIO\Desktop\BP Mayo 2026\SynologyDrive\CT_23\04040950.JPG,moved
CT_23,C:\Users\USUARIO\Desktop\BP Mayo 2026\SynologyDrive\CT_23\100EK113\04040951.JPG,C:\Users\USUARIO\Desktop\BP Mayo 2026\SynologyDrive\CT_23\04040951.JPG,moved
CT_23,C:\Users\USUARIO\Desktop\BP Mayo 2026\SynologyDrive\CT_23\100EK113\04040952.MP4,C:\Users\USUARIO\Desktop\BP Mayo 2026\SynologyDrive\CT_23\04040952.MP4,moved
CT_23,C:\Users\USUARIO\Desktop\BP Mayo 2026\SynologyDrive\CT_23\100EK113\04040953.JPG,C:\Users\USUARIO\Desktop\BP Mayo 2026\SynologyDrive\CT_23\04040953.JPG,moved
CT_23,C:\Users\USUARIO\Desktop\BP Mayo 2026\SynologyDrive\CT_23\100EK113\04040954.JPG,C:\Users\USUARIO\Desktop\BP Mayo 2026\SynologyDrive\CT_23\04040954.JPG,moved
CT_23,C:\Users\USUARIO\Desktop\BP Mayo 2026\SynologyDrive\CT_23\100EK113\04040955.MP4,C:\Users\USUARIO\Desktop\BP Mayo 2026\SynologyDrive\CT_23\04040955.MP4,moved
CT_23,C:\Users\USUARIO\Desktop\BP Mayo 2026\SynologyDrive\CT_23\100EK113\04040956.JPG,C:\Users\USUARIO\Desktop\BP Mayo 2026\SynologyDrive\CT_23\04040956.JPG,moved
CT_23,C:\Users\USUARIO\Desktop\BP Mayo 2026\SynologyDrive\CT_23\100EK113\04040957.JPG,C:\Users\USUARIO\Desktop\BP Mayo 2026\SynologyDrive\CT_23\04040957.JPG,moved
CT_23,C:\Users\USUARIO\Desktop\BP Mayo 2026\SynologyDrive\CT_23\100EK113\04040958.MP4,C:\Users\USUARIO\Desktop\BP Mayo 2026\SynologyDrive\CT_23\04040958.MP4,moved
CT_23,C:\Users\USUARIO\Desktop\BP Mayo 2026\SynologyDrive\CT_23\100EK113\04040959.JPG,C:\Users\USUARIO\Desktop\BP Mayo 2026\SynologyDrive\CT_23\04040959.JPG,moved
CT_23,C:\Users\USUARIO\Desktop\BP Mayo 2026\SynologyDrive\CT_23\100EK113\04040960.JPG,C:\Users\USUARIO\Desktop\BP Mayo 2026\SynologyDrive\CT_23\04040960.JPG,moved
CT_23,C:\Users\USUARIO\Desktop\BP Mayo 2026\SynologyDrive\CT_23\100EK113\04040961.MP4,C:\Users\USUARIO\Desktop\BP Mayo 2026\SynologyDrive\CT_23\04040961.MP4,moved
CT_23,C:\Users\USUARIO\Desktop\BP Mayo 2026\SynologyDrive\CT_23\100EK113\04040962.JPG,C:\Users\USUARIO\Desktop\BP Mayo 2026\SynologyDrive\CT_23\04040962.JPG,moved
CT_23,C:\Users\USUARIO\Desktop\BP Mayo 2026\SynologyDrive\CT_23\100EK113\04040963.JPG,C:\Users\USUARIO\Desktop\BP Mayo 2026\SynologyDrive\CT_23\04040963.JPG,moved
CT_23,C:\Users\USUARIO\Desktop\BP Mayo 2026\SynologyDrive\CT_23\100EK113\04040964.MP4,C:\Users\USUARIO\Desktop\BP Mayo 2026\SynologyDrive\CT_23\04040964.MP4,moved
CT_23,C:\Users\USUARIO\Desktop\BP Mayo 2026\SynologyDrive\CT_23\100EK113\04040965.JPG,C:\Users\USUARIO\Desktop\BP Mayo 2026\SynologyDrive\CT_23\04040965.JPG,moved
CT_23,C:\Users\USUARIO\Desktop\BP Mayo 2026\SynologyDrive\CT_23\100EK113\04040966.JPG,C:\Users\USUARIO\Desktop\BP Mayo 2026\SynologyDrive\CT_23\04040966.JPG,moved
CT_23,C:\Users\USUARIO\Desktop\BP Mayo 2026\SynologyDrive\CT_23\100EK113\04040967.MP4,C:\Users\USUARIO\Desktop\BP Mayo 2026\SynologyDrive\CT_23\04040967.MP4,moved
CT_23,C:\Users\USUARIO\Desktop\BP Mayo 2026\SynologyDrive\CT_23\100EK113\04040968.JPG,C:\Users\USUARIO\Desktop\BP Mayo 2026\SynologyDrive\CT_23\04040968.JPG,moved
CT_23,C:\Users\USUARIO\Desktop\BP Mayo 2026\SynologyDrive\CT_23\100EK113\04040969.JPG,C:\Users\USUARIO\Desktop\BP Mayo 2026\SynologyDrive\CT_23\04040969.JPG,moved
CT_23,C:\Users\USUARIO\Desktop\BP Mayo 2026\SynologyDrive\CT_23\100EK113\04040970.MP4,C:\Users\USUARIO\Desktop\BP Mayo 2026\SynologyDrive\CT_23\04040970.MP4,moved
CT_23,C:\Users\USUARIO\Desktop\BP Mayo 2026\SynologyDrive\CT_23\100EK113\04040971.JPG,C:\Users\USUARIO\Desktop\BP Mayo 2026\SynologyDrive\CT_23\04040971.JPG,moved
CT_23,C:\Users\USUARIO\Desktop\BP Mayo 2026\SynologyDrive\CT_23\100EK113\04040972.JPG,C:\Users\USUARIO\Desktop\BP Mayo 2026\SynologyDrive\CT_23\04040972.JPG,moved
CT_23,C:\Users\USUARIO\Desktop\BP Mayo 2026\SynologyDrive\CT_23\100EK113\04040973.MP4,C:\Users\USUARIO\Desktop\BP Mayo 2026\SynologyDrive\CT_23\04040973.MP4,moved
CT_23,C:\Users\USUARIO\Desktop\BP Mayo 2026\SynologyDrive\CT_23\100EK113\04040974.JPG,C:\Users\USUARIO\Desktop\BP Mayo 2026\SynologyDrive\CT_23\04040974.JPG,moved
CT_23,C:\Users\USUARIO\Desktop\BP Mayo 2026\SynologyDrive\CT_23\100EK113\04040975.JPG,C:\Users\USUARIO\Desktop\BP Mayo 2026\SynologyDrive\CT_23\04040975.JPG,moved
CT_23,C:\Users\USUARIO\Desktop\BP Mayo 2026\SynologyDrive\CT_23\100EK113\04040976.MP4,C:\Users\USUARIO\Desktop\BP Mayo 2026\SynologyDrive\CT_23\04040976.MP4,moved
CT_23,C:\Users\USUARIO\Desktop\BP Mayo 2026\SynologyDrive\CT_23\100EK113\04040977.JPG,C:\Users\USUARIO\Desktop\BP Mayo 2026\SynologyDrive\CT_23\04040977.JPG,moved
CT_23,C:\Users\USUARIO\Desktop\BP Mayo 2026\SynologyDrive\CT_23\100EK113\04040978.JPG,C:\Users\USUARIO\Desktop\BP Mayo 2026\SynologyDrive\CT_23\04040978.JPG,moved
CT_23,C:\Users\USUARIO\Desktop\BP Mayo 2026\SynologyDrive\CT_23\100EK113\04040979.MP4,C:\Users\USUARIO\Desktop\BP Mayo 2026\SynologyDrive\CT_23\04040979.MP4,moved
CT_23,C:\Users\USUARIO\Desktop\BP Mayo 2026\SynologyDrive\CT_23\100EK113\04040980.JPG,C:\Users\USUARIO\Desktop\BP Mayo 2026\SynologyDrive\CT_23\04040980.JPG,moved
CT_23,C:\Users\USUARIO\Desktop\BP Mayo 2026\SynologyDrive\CT_23\100EK113\04040981.JPG,C:\Users\USUARIO\Desktop\BP Mayo 2026\SynologyDrive\CT_23\04040981.JPG,moved
CT_23,C:\Users\USUARIO\Desktop\BP Mayo 2026\SynologyDrive\CT_23\100EK113\04040982.MP4,C:\Users\USUARIO\Desktop\BP Mayo 2026\SynologyDrive\CT_23\04040982.MP4,moved
CT_23,C:\Users\USUARIO\Desktop\BP Mayo 2026\SynologyDrive\CT_23\100EK113\04040983.JPG,C:\Users\USUARIO\Desktop\BP Mayo 2026\SynologyDrive\CT_23\04040983.JPG,moved
CT_23,C:\Users\USUARIO\Desktop\BP Mayo 2026\SynologyDrive\CT_23\100EK113\04040984.JPG,C:\Users\USUARIO\Desktop\BP Mayo 2026\SynologyDrive\CT_23\04040984.JPG,moved
CT_23,C:\Users\USUARIO\Desktop\BP Mayo 2026\SynologyDrive\CT_23\100EK113\04040985.JPG,C:\Users\USUARIO\Desktop\BP Mayo 2026\SynologyDrive\CT_23\04040985.JPG,moved
CT_23,C:\Users\USUARIO\Desktop\BP Mayo 2026\SynologyDrive\CT_23\100EK113\04040986.MP4,C:\Users\USUARIO\Desktop\BP Mayo 2026\SynologyDrive\CT_23\04040986.MP4,moved
CT_23,C:\Users\USUARIO\Desktop\BP Mayo 2026\SynologyDrive\CT_23\100EK113\04040987.JPG,C:\Users\USUARIO\Desktop\BP Mayo 2026\SynologyDrive\CT_23\04040987.JPG,moved
CT_23,C:\Users\USUARIO\Desktop\BP Mayo 2026\SynologyDrive\CT_23\100EK113\04040988.JPG,C:\Users\USUARIO\Desktop\BP Mayo 2026\SynologyDrive\CT_23\04040988.JPG,moved
CT_23,C:\Users\USUARIO\Desktop\BP Mayo 2026\SynologyDrive\CT_23\100EK113\04040989.JPG,C:\Users\USUARIO\Desktop\BP Mayo 2026\SynologyDrive\CT_23\04040989.JPG,moved
CT_23,C:\Users\USUARIO\Desktop\BP Mayo 2026\SynologyDrive\CT_23\100EK113\04040990.MP4,C:\Users\USUARIO\Desktop\BP Mayo 2026\SynologyDrive\CT_23\04040990.MP4,moved
CT_23,C:\Users\USUARIO\Desktop\BP Mayo 2026\SynologyDrive\CT_23\100EK113\04040991.JPG,C:\Users\USUARIO\Desktop\BP Mayo 2026\SynologyDrive\CT_23\04040991.JPG,moved
CT_23,C:\Users\USUARIO\Desktop\BP Mayo 2026\SynologyDrive\CT_23\100EK113\04040992.JPG,C:\Users\USUARIO\Desktop\BP Mayo 2026\SynologyDrive\CT_23\04040992.JPG,moved
CT_23,C:\Users\USUARIO\Desktop\BP Mayo 2026\SynologyDrive\CT_23\100EK113\04040993.JPG,C:\Users\USUARIO\Desktop\BP Mayo 2026\SynologyDrive\CT_23\04040993.JPG,moved
CT_23,C:\Users\USUARIO\Desktop\BP Mayo 2026\SynologyDrive\CT_23\100EK113\04040994.MP4,C:\Users\USUARIO\Desktop\BP Mayo 2026\SynologyDrive\CT_23\04040994.MP4,moved
CT_23,C:\Users\USUARIO\Desktop\BP Mayo 2026\SynologyDrive\CT_23\100EK113\04040995.JPG,C:\Users\USUARIO\Desktop\BP Mayo 2026\SynologyDrive\CT_23\04040995.JPG,moved
CT_23,C:\Users\USUARIO\Desktop\BP Mayo 2026\SynologyDrive\CT_23\100EK113\04040996.JPG,C:\Users\USUARIO\Desktop\BP Mayo 2026\SynologyDrive\CT_23\04040996.JPG,moved
CT_23,C:\Users\USUARIO\Desktop\BP Mayo 2026\SynologyDrive\CT_23\100EK113\04040997.JPG,C:\Users\USUARIO\Desktop\BP Mayo 2026\SynologyDrive\CT_23\04040997.JPG,moved
CT_23,C:\Users\USUARIO\Desktop\BP Mayo 2026\SynologyDrive\CT_23\100EK113\04040998.MP4,C:\Users\USUARIO\Desktop\BP Mayo 2026\SynologyDrive\CT_23\04040998.MP4,moved
CT_23,C:\Users\USUARIO\Desktop\BP Mayo 2026\SynologyDrive\CT_23\100EK113\04040999.JPG,C:\Users\USUARIO\Desktop\BP Mayo 2026\SynologyDrive\CT_23\04040999.JPG,moved
CT_23,C:\Users\USUARIO\Desktop\BP Mayo 2026\SynologyDrive\CT_23\101EK113\04040001.JPG,C:\Users\USUARIO\Desktop\BP Mayo 2026\SynologyDrive\CT_23\04040001.JPG,moved
CT_23,C:\Users\USUARIO\Desktop\BP Mayo 2026\SynologyDrive\CT_23\101EK113\04040002.MP4,C:\Users\USUARIO\Desktop\BP Mayo 2026\SynologyDrive\CT_23\04040002.MP4,moved
CT_23,C:\Users\USUARIO\Desktop\BP Mayo 2026\SynologyDrive\CT_23\101EK113\04040003.JPG,C:\Users\USUARIO\Desktop\BP Mayo 2026\SynologyDrive\CT_23\04040003.JPG,moved
CT_23,C:\Users\USUARIO\Desktop\BP Mayo 2026\SynologyDrive\CT_23\101EK113\04040004.JPG,C:\Users\USUARIO\Desktop\BP Mayo 2026\SynologyDrive\CT_23\04040004.JPG,moved
CT_23,C:\Users\USUARIO\Desktop\BP Mayo 2026\SynologyDrive\CT_23\101EK113\04040005.JPG,C:\Users\USUARIO\Desktop\BP Mayo 2026\SynologyDrive\CT_23\04040005.JPG,moved
CT_23,C:\Users\USUARIO\Desktop\BP Mayo 2026\SynologyDrive\CT_23\101EK113\04040006.MP4,C:\Users\USUARIO\Desktop\BP Mayo 2026\SynologyDrive\CT_23\04040006.MP4,moved
CT_23,C:\Users\USUARIO\Desktop\BP Mayo 2026\SynologyDrive\CT_23\101EK113\04040007.JPG,C:\Users\USUARIO\Desktop\BP Mayo 2026\SynologyDrive\CT_23\04040007.JPG,moved
CT_23,C:\Users\USUARIO\Desktop\BP Mayo 2026\SynologyDrive\CT_23\101EK113\04040008.JPG,C:\Users\USUARIO\Desktop\BP Mayo 2026\SynologyDrive\CT_23\04040008.JPG,moved
CT_23,C:\Users\USUARIO\Desktop\BP Mayo 2026\SynologyDrive\CT_23\101EK113\04040009.JPG,C:\Users\USUARIO\Desktop\BP Mayo 2026\SynologyDrive\CT_23\04040009.JPG,moved
CT_23,C:\Users\USUARIO\Desktop\BP Mayo 2026\SynologyDrive\CT_23\101EK113\04040010.MP4,C:\Users\USUARIO\Desktop\BP Mayo 2026\SynologyDrive\CT_23\04040010.MP4,moved
CT_23,C:\Users\USUARIO\Desktop\BP Mayo 2026\SynologyDrive\CT_23\101EK113\04040011.JPG,C:\Users\USUARIO\Desktop\BP Mayo 2026\SynologyDrive\CT_23\04040011.JPG,moved
CT_23,C:\Users\USUARIO\Desktop\BP Mayo 2026\SynologyDrive\CT_23\101EK113\04040012.JPG,C:\Users\USUARIO\Desktop\BP Mayo 2026\SynologyDrive\CT_23\04040012.JPG,moved
CT_23,C:\Users\USUARIO\Desktop\BP Mayo 2026\SynologyDrive\CT_23\101EK113\04040013.JPG,C:\Users\USUARIO\Desktop\BP Mayo 2026\SynologyDrive\CT_23\04040013.JPG,moved
CT_23,C:\Users\USUARIO\Desktop\BP Mayo 2026\SynologyDrive\CT_23\101EK113\04040014.MP4,C:\Users\USUARIO\Desktop\BP Mayo 2026\SynologyDrive\CT_23\04040014.MP4,moved
CT_23,C:\Users\USUARIO\Desktop\BP Mayo 2026\SynologyDrive\CT_23\101EK113\04040015.JPG,C:\Users\USUARIO\Desktop\BP Mayo 2026\SynologyDrive\CT_23\04040015.JPG,moved
CT_23,C:\Users\USUARIO\Desktop\BP Mayo 2026\SynologyDrive\CT_23\101EK113\04040016.JPG,C:\Users\USUARIO\Desktop\BP Mayo 2026\SynologyDrive\CT_23\04040016.JPG,moved
CT_23,C:\Users\USUARIO\Desktop\BP Mayo 2026\SynologyDrive\CT_23\101EK113\04040017.JPG,C:\Users\USUARIO\Desktop\BP Mayo 2026\SynologyDrive\CT_23\04040017.JPG,moved
CT_23,C:\Users\USUARIO\Desktop\BP Mayo 2026\SynologyDrive\CT_23\101EK113\04040018.MP4,C:\Users\USUARIO\Desktop\BP Mayo 2026\SynologyDrive\CT_23\04040018.MP4,moved
CT_23,C:\Users\USUARIO\Desktop\BP Mayo 2026\SynologyDrive\CT_23\101EK113\04040019.JPG,C:\Users\USUARIO\Desktop\BP Mayo 2026\SynologyDrive\CT_23\04040019.JPG,moved
CT_23,C:\Users\USUARIO\Desktop\BP Mayo 2026\SynologyDrive\CT_23\101EK113\04040020.JPG,C:\Users\USUARIO\Desktop\BP Mayo 2026\SynologyDrive\CT_23\04040020.JPG,moved
CT_23,C:\Users\USUARIO\Desktop\BP Mayo 2026\SynologyDrive\CT_23\101EK113\04040021.JPG,C:\Users\USUARIO\Desktop\BP Mayo 2026\SynologyDrive\CT_23\04040021.JPG,moved
CT_23,C:\Users\USUARIO\Desktop\BP Mayo 2026\SynologyDrive\CT_23\101EK113\04040022.MP4,C:\Users\USUARIO\Desktop\BP Mayo 2026\SynologyDrive\CT_23\04040022.MP4,moved
CT_23,C:\Users\USUARIO\Desktop\BP Mayo 2026\SynologyDrive\CT_23\101EK113\04040023.JPG,C:\Users\USUARIO\Desktop\BP Mayo 2026\SynologyDrive\CT_23\04040023.JPG,moved
CT_23,C:\Users\USUARIO\Desktop\BP Mayo 2026\SynologyDrive\CT_23\101EK113\04040024.JPG,C:\Users\USUARIO\Desktop\BP Mayo 2026\SynologyDrive\CT_23\04040024.JPG,moved
CT_23,C:\Users\USUARIO\Desktop\BP Mayo 2026\SynologyDrive\CT_23\101EK113\04040025.JPG,C:\Users\USUARIO\Desktop\BP Mayo 2026\SynologyDrive\CT_23\04040025.JPG,moved
CT_23,C:\Users\USUARIO\Desktop\BP Mayo 2026\SynologyDrive\CT_23\101EK113\04040026.MP4,C:\Users\USUARIO\Desktop\BP Mayo 2026\SynologyDrive\CT_23\04040026.MP4,moved
CT_23,C:\Users\USUARIO\Desktop\BP Mayo 2026\SynologyDrive\CT_23\101EK113\04040027.JPG,C:\Users\USUARIO\Desktop\BP Mayo 2026\SynologyDrive\CT_23\04040027.JPG,moved
CT_23,C:\Users\USUARIO\Desktop\BP Mayo 2026\SynologyDrive\CT_23\101EK113\04040028.JPG,C:\Users\USUARIO\Desktop\BP Mayo 2026\SynologyDrive\CT_23\04040028.JPG,moved
CT_23,C:\Users\USUARIO\Desktop\BP Mayo 2026\SynologyDrive\CT_23\101EK113\04040029.JPG,C:\Users\USUARIO\Desktop\BP Mayo 2026\SynologyDrive\CT_23\04040029.JPG,moved
CT_23,C:\Users\USUARIO\Desktop\BP Mayo 2026\SynologyDrive\CT_23\101EK113\04040030.MP4,C:\Users\USUARIO\Desktop\BP Mayo 2026\SynologyDrive\CT_23\04040030.MP4,moved
CT_23,C:\Users\USUARIO\Desktop\BP Mayo 2026\SynologyDrive\CT_23\101EK113\04040031.JPG,C:\Users\USUARIO\Desktop\BP Mayo 2026\SynologyDrive\CT_23\04040031.JPG,moved
CT_23,C:\Users\USUARIO\Desktop\BP Mayo 2026\SynologyDrive\CT_23\101EK113\04040032.JPG,C:\Users\USUARIO\Desktop\BP Mayo 2026\SynologyDrive\CT_23\04040032.JPG,moved
CT_23,C:\Users\USUARIO\Desktop\BP Mayo 2026\SynologyDrive\CT_23\101EK113\04040033.JPG,C:\Users\USUARIO\Desktop\BP Mayo 2026\SynologyDrive\CT_23\04040033.JPG,moved
CT_23,C:\Users\USUARIO\Desktop\BP Mayo 2026\SynologyDrive\CT_23\101EK113\04040034.MP4,C:\Users\USUARIO\Desktop\BP Mayo 2026\SynologyDrive\CT_23\04040034.MP4,moved
CT_23,C:\Users\USUARIO\Desktop\BP Mayo 2026\SynologyDrive\CT_23\101EK113\04040035.JPG,C:\Users\USUARIO\Desktop\BP Mayo 2026\SynologyDrive\CT_23\04040035.JPG,moved
CT_23,C:\Users\USUARIO\Desktop\BP Mayo 2026\SynologyDrive\CT_23\101EK113\04040036.JPG,C:\Users\USUARIO\Desktop\BP Mayo 2026\SynologyDrive\CT_23\04040036.JPG,moved
CT_23,C:\Users\USUARIO\Desktop\BP Mayo 2026\SynologyDrive\CT_23\101EK113\04040037.JPG,C:\Users\USUARIO\Desktop\BP Mayo 2026\SynologyDrive\CT_23\04040037.JPG,moved
CT_23,C:\Users\USUARIO\Desktop\BP Mayo 2026\SynologyDrive\CT_23\101EK113\04040038.MP4,C:\Users\USUARIO\Desktop\BP Mayo 2026\SynologyDrive\CT_23\04040038.MP4,moved
CT_23,C:\Users\USUARIO\Desktop\BP Mayo 2026\SynologyDrive\CT_23\101EK113\04040039.JPG,C:\Users\USUARIO\Desktop\BP Mayo 2026\SynologyDrive\CT_23\04040039.JPG,moved
CT_23,C:\Users\USUARIO\Desktop\BP Mayo 2026\SynologyDrive\CT_23\101EK113\04040040.JPG,C:\Users\USUARIO\Desktop\BP Mayo 2026\SynologyDrive\CT_23\04040040.JPG,moved
CT_23,C:\Users\USUARIO\Desktop\BP Mayo 2026\SynologyDrive\CT_23\101EK113\04040041.JPG,C:\Users\USUARIO\Desktop\BP Mayo 2026\SynologyDrive\CT_23\04040041.JPG,moved
CT_23,C:\Users\USUARIO\Desktop\BP Mayo 2026\SynologyDrive\CT_23\101EK113\04040042.MP4,C:\Users\USUARIO\Desktop\BP Mayo 2026\SynologyDrive\CT_23\04040042.MP4,moved
CT_23,C:\Users\USUARIO\Desktop\BP Mayo 2026\SynologyDrive\CT_23\101EK113\04040043.JPG,C:\Users\USUARIO\Desktop\BP Mayo 2026\SynologyDrive\CT_23\04040043.JPG,moved
CT_23,C:\Users\USUARIO\Desktop\BP Mayo 2026\SynologyDrive\CT_23\101EK113\04040044.JPG,C:\Users\USUARIO\Desktop\BP Mayo 2026\SynologyDrive\CT_23\04040044.JPG,moved
CT_23,C:\Users\USUARIO\Desktop\BP Mayo 2026\SynologyDrive\CT_23\101EK113\04040045.JPG,C:\Users\USUARIO\Desktop\BP Mayo 2026\SynologyDrive\CT_23\04040045.JPG,moved
CT_23,C:\Users\USUARIO\Desktop\BP Mayo 2026\SynologyDrive\CT_23\101EK113\04040046.MP4,C:\Users\USUARIO\Desktop\BP Mayo 2026\SynologyDrive\CT_23\04040046.MP4,moved
CT_23,C:\Users\USUARIO\Desktop\BP Mayo 2026\SynologyDrive\CT_23\101EK113\04040047.JPG,C:\Users\USUARIO\Desktop\BP Mayo 2026\SynologyDrive\CT_23\04040047.JPG,moved
CT_23,C:\Users\USUARIO\Desktop\BP Mayo 2026\SynologyDrive\CT_23\101EK113\04040048.JPG,C:\Users\USUARIO\Desktop\BP Mayo 2026\SynologyDrive\CT_23\04040048.JPG,moved
CT_23,C:\Users\USUARIO\Desktop\BP Mayo 2026\SynologyDrive\CT_23\101EK113\04040049.JPG,C:\Users\USUARIO\Desktop\BP Mayo 2026\SynologyDrive\CT_23\04040049.JPG,moved
CT_23,C:\Users\USUARIO\Desktop\BP Mayo 2026\SynologyDrive\CT_23\101EK113\04040050.MP4,C:\Users\USUARIO\Desktop\BP Mayo 2026\SynologyDrive\CT_23\04040050.MP4,moved
CT_23,C:\Users\USUARIO\Desktop\BP Mayo 2026\SynologyDrive\CT_23\101EK113\04040051.JPG,C:\Users\USUARIO\Desktop\BP Mayo 2026\SynologyDrive\CT_23\04040051.JPG,moved
CT_23,C:\Users\USUARIO\Desktop\BP Mayo 2026\SynologyDrive\CT_23\101EK113\04040052.JPG,C:\Users\USUARIO\Desktop\BP Mayo 2026\SynologyDrive\CT_23\04040052.JPG,moved
CT_23,C:\Users\USUARIO\Desktop\BP Mayo 2026\SynologyDrive\CT_23\101EK113\04040053.JPG,C:\Users\USUARIO\Desktop\BP Mayo 2026\SynologyDrive\CT_23\04040053.JPG,moved
CT_23,C:\Users\USUARIO\Desktop\BP Mayo 2026\SynologyDrive\CT_23\101EK113\04040054.MP4,C:\Users\USUARIO\Desktop\BP Mayo 2026\SynologyDrive\CT_23\04040054.MP4,moved
CT_23,C:\Users\USUARIO\Desktop\BP Mayo 2026\SynologyDrive\CT_23\101EK113\04040055.JPG,C:\Users\USUARIO\Desktop\BP Mayo 2026\SynologyDrive\CT_23\04040055.JPG,moved
CT_23,C:\Users\USUARIO\Desktop\BP Mayo 2026\SynologyDrive\CT_23\101EK113\04040056.JPG,C:\Users\USUARIO\Desktop\BP Mayo 2026\SynologyDrive\CT_23\04040056.JPG,moved
CT_23,C:\Users\USUARIO\Desktop\BP Mayo 2026\SynologyDrive\CT_23\101EK113\04040057.JPG,C:\Users\USUARIO\Desktop\BP Mayo 2026\SynologyDrive\CT_23\04040057.JPG,moved
CT_23,C:\Users\USUARIO\Desktop\BP Mayo 2026\SynologyDrive\CT_23\101EK113\04040058.MP4,C:\Users\USUARIO\Desktop\BP Mayo 2026\SynologyDrive\CT_23\04040058.MP4,moved
CT_23,C:\Users\USUARIO\Desktop\BP Mayo 2026\SynologyDrive\CT_23\101EK113\04040059.JPG,C:\Users\USUARIO\Desktop\BP Mayo 2026\SynologyDrive\CT_23\04040059.JPG,moved
CT_23,C:\Users\USUARIO\Desktop\BP Mayo 2026\SynologyDrive\CT_23\101EK113\04040060.JPG,C:\Users\USUARIO\Desktop\BP Mayo 2026\SynologyDrive\CT_23\04040060.JPG,moved
CT_23,C:\Users\USUARIO\Desktop\BP Mayo 2026\SynologyDrive\CT_23\101EK113\04040061.JPG,C:\Users\USUARIO\Desktop\BP Mayo 2026\SynologyDrive\CT_23\04040061.JPG,moved
CT_23,C:\Users\USUARIO\Desktop\BP Mayo 2026\SynologyDrive\CT_23\101EK113\04040062.MP4,C:\Users\USUARIO\Desktop\BP Mayo 2026\SynologyDrive\CT_23\04040062.MP4,moved
CT_23,C:\Users\USUARIO\Desktop\BP Mayo 2026\SynologyDrive\CT_23\101EK113\04040063.JPG,C:\Users\USUARIO\Desktop\BP Mayo 2026\SynologyDrive\CT_23\04040063.JPG,moved
CT_23,C:\Users\USUARIO\Desktop\BP Mayo 2026\SynologyDrive\CT_23\101EK113\04040064.JPG,C:\Users\USUARIO\Desktop\BP Mayo 2026\SynologyDrive\CT_23\04040064.JPG,moved
CT_23,C:\Users\USUARIO\Desktop\BP Mayo 2026\SynologyDrive\CT_23\101EK113\04040065.MP4,C:\Users\USUARIO\Desktop\BP Mayo 2026\SynologyDrive\CT_23\04040065.MP4,moved
CT_23,C:\Users\USUARIO\Desktop\BP Mayo 2026\SynologyDrive\CT_23\101EK113\04040066.JPG,C:\Users\USUARIO\Desktop\BP Mayo 2026\SynologyDrive\CT_23\04040066.JPG,moved
CT_23,C:\Users\USUARIO\Desktop\BP Mayo 2026\SynologyDrive\CT_23\101EK113\04040067.JPG,C:\Users\USUARIO\Desktop\BP Mayo 2026\SynologyDrive\CT_23\04040067.JPG,moved
CT_23,C:\Users\USUARIO\Desktop\BP Mayo 2026\SynologyDrive\CT_23\101EK113\04040068.JPG,C:\Users\USUARIO\Desktop\BP Mayo 2026\SynologyDrive\CT_23\04040068.JPG,moved
CT_23,C:\Users\USUARIO\Desktop\BP Mayo 2026\SynologyDrive\CT_23\101EK113\04040069.MP4,C:\Users\USUARIO\Desktop\BP Mayo 2026\SynologyDrive\CT_23\04040069.MP4,moved
CT_23,C:\Users\USUARIO\Desktop\BP Mayo 2026\SynologyDrive\CT_23\101EK113\04040070.JPG,C:\Users\USUARIO\Desktop\BP Mayo 2026\SynologyDrive\CT_23\04040070.JPG,moved
CT_23,C:\Users\USUARIO\Desktop\BP Mayo 2026\SynologyDrive\CT_23\101EK113\04040071.JPG,C:\Users\USUARIO\Desktop\BP Mayo 2026\SynologyDrive\CT_23\04040071.JPG,moved
CT_23,C:\Users\USUARIO\Desktop\BP Mayo 2026\SynologyDrive\CT_23\101EK113\04040072.JPG,C:\Users\USUARIO\Desktop\BP Mayo 2026\SynologyDrive\CT_23\04040072.JPG,moved
CT_23,C:\Users\USUARIO\Desktop\BP Mayo 2026\SynologyDrive\CT_23\101EK113\04040073.MP4,C:\Users\USUARIO\Desktop\BP Mayo 2026\SynologyDrive\CT_23\04040073.MP4,moved
CT_23,C:\Users\USUARIO\Desktop\BP Mayo 2026\SynologyDrive\CT_23\101EK113\04040074.JPG,C:\Users\USUARIO\Desktop\BP Mayo 2026\SynologyDrive\CT_23\04040074.JPG,moved
CT_23,C:\Users\USUARIO\Desktop\BP Mayo 2026\SynologyDrive\CT_23\101EK113\04040075.JPG,C:\Users\USUARIO\Desktop\BP Mayo 2026\SynologyDrive\CT_23\04040075.JPG,moved
CT_23,C:\Users\USUARIO\Desktop\BP Mayo 2026\SynologyDrive\CT_23\101EK113\04040076.JPG,C:\Users\USUARIO\Desktop\BP Mayo 2026\SynologyDrive\CT_23\04040076.JPG,moved
CT_23,C:\Users\USUARIO\Desktop\BP Mayo 2026\SynologyDrive\CT_23\101EK113\04040077.MP4,C:\Users\USUARIO\Desktop\BP Mayo 2026\SynologyDrive\CT_23\04040077.MP4,moved
CT_23,C:\Users\USUARIO\Desktop\BP Mayo 2026\SynologyDrive\CT_23\101EK113\05090078.JPG,C:\Users\USUARIO\Desktop\BP Mayo 2026\SynologyDrive\CT_23\05090078.JPG,moved
CT_23,C:\Users\USUARIO\Desktop\BP Mayo 2026\SynologyDrive\CT_23\101EK113\05090079.JPG,C:\Users\USUARIO\Desktop\BP Mayo 2026\SynologyDrive\CT_23\05090079.JPG,moved
CT_23,C:\Users\USUARIO\Desktop\BP Mayo 2026\SynologyDrive\CT_23\101EK113\05090080.MP4,C:\Users\USUARIO\Desktop\BP Mayo 2026\SynologyDrive\CT_23\05090080.MP4,moved
CT_23,C:\Users\USUARIO\Desktop\BP Mayo 2026\SynologyDrive\CT_23\101EK113\05090081.JPG,C:\Users\USUARIO\Desktop\BP Mayo 2026\SynologyDrive\CT_23\05090081.JPG,moved
CT_23,C:\Users\USUARIO\Desktop\BP Mayo 2026\SynologyDrive\CT_23\101EK113\05090082.JPG,C:\Users\USUARIO\Desktop\BP Mayo 2026\SynologyDrive\CT_23\05090082.JPG,moved
CT_23,C:\Users\USUARIO\Desktop\BP Mayo 2026\SynologyDrive\CT_23\101EK113\05090083.MP4,C:\Users\USUARIO\Desktop\BP Mayo 2026\SynologyDrive\CT_23\05090083.MP4,moved
CT_23,C:\Users\USUARIO\Desktop\BP Mayo 2026\SynologyDrive\CT_23\101EK113\05090084.JPG,C:\Users\USUARIO\Desktop\BP Mayo 2026\SynologyDrive\CT_23\05090084.JPG,moved
CT_23,C:\Users\USUARIO\Desktop\BP Mayo 2026\SynologyDrive\CT_23\101EK113\05090085.JPG,C:\Users\USUARIO\Desktop\BP Mayo 2026\SynologyDrive\CT_23\05090085.JPG,moved
CT_23,C:\Users\USUARIO\Desktop\BP Mayo 2026\SynologyDrive\CT_23\101EK113\05090086.MP4,C:\Users\USUARIO\Desktop\BP Mayo 2026\SynologyDrive\CT_23\05090086.MP4,moved
CT_23,C:\Users\USUARIO\Desktop\BP Mayo 2026\SynologyDrive\CT_23\101EK113\05100087.JPG,C:\Users\USUARIO\Desktop\BP Mayo 2026\SynologyDrive\CT_23\05100087.JPG,moved
CT_23,C:\Users\USUARIO\Desktop\BP Mayo 2026\SynologyDrive\CT_23\101EK113\05100088.JPG,C:\Users\USUARIO\Desktop\BP Mayo 2026\SynologyDrive\CT_23\05100088.JPG,moved
CT_23,C:\Users\USUARIO\Desktop\BP Mayo 2026\SynologyDrive\CT_23\101EK113\05100089.MP4,C:\Users\USUARIO\Desktop\BP Mayo 2026\SynologyDrive\CT_23\05100089.MP4,moved
CT_24,C:\Users\USUARIO\Desktop\BP Mayo 2026\SynologyDrive\CT_24\100EK113\01140001.JPG,C:\Users\USUARIO\Desktop\BP Mayo 2026\SynologyDrive\CT_24\01140001.JPG,moved
CT_24,C:\Users\USUARIO\Desktop\BP Mayo 2026\SynologyDrive\CT_24\100EK113\01140002.JPG,C:\Users\USUARIO\Desktop\BP Mayo 2026\SynologyDrive\CT_24\01140002.JPG,moved
CT_24,C:\Users\USUARIO\Desktop\BP Mayo 2026\SynologyDrive\CT_24\100EK113\01140003.JPG,C:\Users\USUARIO\Desktop\BP Mayo 2026\SynologyDrive\CT_24\01140003.JPG,moved
CT_24,C:\Users\USUARIO\Desktop\BP Mayo 2026\SynologyDrive\CT_24\100EK113\01140004.JPG,C:\Users\USUARIO\Desktop\BP Mayo 2026\SynologyDrive\CT_24\01140004.JPG,moved
CT_24,C:\Users\USUARIO\Desktop\BP Mayo 2026\SynologyDrive\CT_24\100EK113\01140005.JPG,C:\Users\USUARIO\Desktop\BP Mayo 2026\SynologyDrive\CT_24\01140005.JPG,moved
CT_24,C:\Users\USUARIO\Desktop\BP Mayo 2026\SynologyDrive\CT_24\100EK113\01140006.JPG,C:\Users\USUARIO\Desktop\BP Mayo 2026\SynologyDrive\CT_24\01140006.JPG,moved
CT_24,C:\Users\USUARIO\Desktop\BP Mayo 2026\SynologyDrive\CT_24\100EK113\01140007.JPG,C:\Users\USUARIO\Desktop\BP Mayo 2026\SynologyDrive\CT_24\01140007.JPG,moved
CT_24,C:\Users\USUARIO\Desktop\BP Mayo 2026\SynologyDrive\CT_24\100EK113\01140008.JPG,C:\Users\USUARIO\Desktop\BP Mayo 2026\SynologyDrive\CT_24\01140008.JPG,moved
CT_24,C:\Users\USUARIO\Desktop\BP Mayo 2026\SynologyDrive\CT_24\100EK113\01140009.JPG,C:\Users\USUARIO\Desktop\BP Mayo 2026\SynologyDrive\CT_24\01140009.JPG,moved
CT_24,C:\Users\USUARIO\Desktop\BP Mayo 2026\SynologyDrive\CT_24\100EK113\01140010.JPG,C:\Users\USUARIO\Desktop\BP Mayo 2026\SynologyDrive\CT_24\01140010.JPG,moved
CT_24,C:\Users\USUARIO\Desktop\BP Mayo 2026\SynologyDrive\CT_24\100EK113\01140011.JPG,C:\Users\USUARIO\Desktop\BP Mayo 2026\SynologyDrive\CT_24\01140011.JPG,moved
CT_24,C:\Users\USUARIO\Desktop\BP Mayo 2026\SynologyDrive\CT_24\100EK113\01140012.JPG,C:\Users\USUARIO\Desktop\BP Mayo 2026\SynologyDrive\CT_24\01140012.JPG,moved
CT_24,C:\Users\USUARIO\Desktop\BP Mayo 2026\SynologyDrive\CT_24\100EK113\01140013.JPG,C:\Users\USUARIO\Desktop\BP Mayo 2026\SynologyDrive\CT_24\01140013.JPG,moved
CT_24,C:\Users\USUARIO\Desktop\BP Mayo 2026\SynologyDrive\CT_24\100EK113\01140014.JPG,C:\Users\USUARIO\Desktop\BP Mayo 2026\SynologyDrive\CT_24\01140014.JPG,moved
CT_24,C:\Users\USUARIO\Desktop\BP Mayo 2026\SynologyDrive\CT_24\100EK113\01140015.JPG,C:\Users\USUARIO\Desktop\BP Mayo 2026\SynologyDrive\CT_24\01140015.JPG,moved
CT_24,C:\Users\USUARIO\Desktop\BP Mayo 2026\SynologyDrive\CT_24\100EK113\01140016.JPG,C:\Users\USUARIO\Desktop\BP Mayo 2026\SynologyDrive\CT_24\01140016.JPG,moved
CT_24,C:\Users\USUARIO\Desktop\BP Mayo 2026\SynologyDrive\CT_24\100EK113\01140017.JPG,C:\Users\USUARIO\Desktop\BP Mayo 2026\SynologyDrive\CT_24\01140017.JPG,moved
CT_24,C:\Users\USUARIO\Desktop\BP Mayo 2026\SynologyDrive\CT_24\100EK113\01140018.JPG,C:\Users\USUARIO\Desktop\BP Mayo 2026\SynologyDrive\CT_24\01140018.JPG,moved
CT_24,C:\Users\USUARIO\Desktop\BP Mayo 2026\SynologyDrive\CT_24\100EK113\01140019.JPG,C:\Users\USUARIO\Desktop\BP Mayo 2026\SynologyDrive\CT_24\01140019.JPG,moved
CT_24,C:\Users\USUARIO\Desktop\BP Mayo 2026\SynologyDrive\CT_24\100EK113\01140020.JPG,C:\Users\USUARIO\Desktop\BP Mayo 2026\SynologyDrive\CT_24\01140020.JPG,moved
CT_24,C:\Users\USUARIO\Desktop\BP Mayo 2026\SynologyDrive\CT_24\100EK113\01140021.JPG,C:\Users\USUARIO\Desktop\BP Mayo 2026\SynologyDrive\CT_24\01140021.JPG,moved
CT_24,C:\Users\USUARIO\Desktop\BP Mayo 2026\SynologyDrive\CT_24\100EK113\01140022.JPG,C:\Users\USUARIO\Desktop\BP Mayo 2026\SynologyDrive\CT_24\01140022.JPG,moved
CT_24,C:\Users\USUARIO\Desktop\BP Mayo 2026\SynologyDrive\CT_24\100EK113\01140023.JPG,C:\Users\USUARIO\Desktop\BP Mayo 2026\SynologyDrive\CT_24\01140023.JPG,moved
CT_24,C:\Users\USUARIO\Desktop\BP Mayo 2026\SynologyDrive\CT_24\100EK113\01140024.JPG,C:\Users\USUARIO\Desktop\BP Mayo 2026\SynologyDrive\CT_24\01140024.JPG,moved
CT_24,C:\Users\USUARIO\Desktop\BP Mayo 2026\SynologyDrive\CT_24\100EK113\01140025.JPG,C:\Users\USUARIO\Desktop\BP Mayo 2026\SynologyDrive\CT_24\01140025.JPG,moved
CT_24,C:\Users\USUARIO\Desktop\BP Mayo 2026\SynologyDrive\CT_24\100EK113\01140026.JPG,C:\Users\USUARIO\Desktop\BP Mayo 2026\SynologyDrive\CT_24\01140026.JPG,moved
CT_24,C:\Users\USUARIO\Desktop\BP Mayo 2026\SynologyDrive\CT_24\100EK113\01140027.JPG,C:\Users\USUARIO\Desktop\BP Mayo 2026\SynologyDrive\CT_24\01140027.JPG,moved
CT_24,C:\Users\USUARIO\Desktop\BP Mayo 2026\SynologyDrive\CT_24\100EK113\01140028.JPG,C:\Users\USUARIO\Desktop\BP Mayo 2026\SynologyDrive\CT_24\01140028.JPG,moved
CT_24,C:\Users\USUARIO\Desktop\BP Mayo 2026\SynologyDrive\CT_24\100EK113\01140029.JPG,C:\Users\USUARIO\Desktop\BP Mayo 2026\SynologyDrive\CT_24\01140029.JPG,moved
CT_24,C:\Users\USUARIO\Desktop\BP Mayo 2026\SynologyDrive\CT_24\100EK113\01140030.JPG,C:\Users\USUARIO\Desktop\BP Mayo 2026\SynologyDrive\CT_24\01140030.JPG,moved
CT_24,C:\Users\USUARIO\Desktop\BP Mayo 2026\SynologyDrive\CT_24\100EK113\01140031.JPG,C:\Users\USUARIO\Desktop\BP Mayo 2026\SynologyDrive\CT_24\01140031.JPG,moved
CT_24,C:\Users\USUARIO\Desktop\BP Mayo 2026\SynologyDrive\CT_24\100EK113\01140032.JPG,C:\Users\USUARIO\Desktop\BP Mayo 2026\SynologyDrive\CT_24\01140032.JPG,moved
CT_24,C:\Users\USUARIO\Desktop\BP Mayo 2026\SynologyDrive\CT_24\100EK113\01140033.JPG,C:\Users\USUARIO\Desktop\BP Mayo 2026\SynologyDrive\CT_24\01140033.JPG,moved
CT_24,C:\Users\USUARIO\Desktop\BP Mayo 2026\SynologyDrive\CT_24\100EK113\01140034.JPG,C:\Users\USUARIO\Desktop\BP Mayo 2026\SynologyDrive\CT_24\01140034.JPG,moved
CT_24,C:\Users\USUARIO\Desktop\BP Mayo 2026\SynologyDrive\CT_24\100EK113\01140035.JPG,C:\Users\USUARIO\Desktop\BP Mayo 2026\SynologyDrive\CT_24\01140035.JPG,moved
CT_24,C:\Users\USUARIO\Desktop\BP Mayo 2026\SynologyDrive\CT_24\100EK113\01140036.JPG,C:\Users\USUARIO\Desktop\BP Mayo 2026\SynologyDrive\CT_24\01140036.JPG,moved
CT_24,C:\Users\USUARIO\Desktop\BP Mayo 2026\SynologyDrive\CT_24\100EK113\01140037.JPG,C:\Users\USUARIO\Desktop\BP Mayo 2026\SynologyDrive\CT_24\01140037.JPG,moved
CT_24,C:\Users\USUARIO\Desktop\BP Mayo 2026\SynologyDrive\CT_24\100EK113\01140038.JPG,C:\Users\USUARIO\Desktop\BP Mayo 2026\SynologyDrive\CT_24\01140038.JPG,moved
CT_24,C:\Users\USUARIO\Desktop\BP Mayo 2026\SynologyDrive\CT_24\100EK113\01140039.JPG,C:\Users\USUARIO\Desktop\BP Mayo 2026\SynologyDrive\CT_24\01140039.JPG,moved
CT_24,C:\Users\USUARIO\Desktop\BP Mayo 2026\SynologyDrive\CT_24\100EK113\01140040.JPG,C:\Users\USUARIO\Desktop\BP Mayo 2026\SynologyDrive\CT_24\01140040.JPG,moved
CT_24,C:\Users\USUARIO\Desktop\BP Mayo 2026\SynologyDrive\CT_24\100EK113\01140041.JPG,C:\Users\USUARIO\Desktop\BP Mayo 2026\SynologyDrive\CT_24\01140041.JPG,moved
CT_24,C:\Users\USUARIO\Desktop\BP Mayo 2026\SynologyDrive\CT_24\100EK113\01140042.JPG,C:\Users\USUARIO\Desktop\BP Mayo 2026\SynologyDrive\CT_24\01140042.JPG,moved
CT_24,C:\Users\USUARIO\Desktop\BP Mayo 2026\SynologyDrive\CT_24\100EK113\01140043.JPG,C:\Users\USUARIO\Desktop\BP Mayo 2026\SynologyDrive\CT_24\01140043.JPG,moved
CT_24,C:\Users\USUARIO\Desktop\BP Mayo 2026\SynologyDrive\CT_24\100EK113\01140044.JPG,C:\Users\USUARIO\Desktop\BP Mayo 2026\SynologyDrive\CT_24\01140044.JPG,moved
CT_24,C:\Users\USUARIO\Desktop\BP Mayo 2026\SynologyDrive\CT_24\100EK113\01140045.JPG,C:\Users\USUARIO\Desktop\BP Mayo 2026\SynologyDrive\CT_24\01140045.JPG,moved
CT_24,C:\Users\USUARIO\Desktop\BP Mayo 2026\SynologyDrive\CT_24\100EK113\01140046.JPG,C:\Users\USUARIO\Desktop\BP Mayo 2026\SynologyDrive\CT_24\01140046.JPG,moved
CT_24,C:\Users\USUARIO\Desktop\BP Mayo 2026\SynologyDrive\CT_24\100EK113\01140047.JPG,C:\Users\USUARIO\Desktop\BP Mayo 2026\SynologyDrive\CT_24\01140047.JPG,moved
CT_24,C:\Users\USUARIO\Desktop\BP Mayo 2026\SynologyDrive\CT_24\100EK113\01140048.JPG,C:\Users\USUARIO\Desktop\BP Mayo 2026\SynologyDrive\CT_24\01140048.JPG,moved
CT_24,C:\Users\USUARIO\Desktop\BP Mayo 2026\SynologyDrive\CT_24\100EK113\01140049.JPG,C:\Users\USUARIO\Desktop\BP Mayo 2026\SynologyDrive\CT_24\01140049.JPG,moved
CT_24,C:\Users\USUARIO\Desktop\BP Mayo 2026\SynologyDrive\CT_24\100EK113\01140050.JPG,C:\Users\USUARIO\Desktop\BP Mayo 2026\SynologyDrive\CT_24\01140050.JPG,moved
CT_24,C:\Users\USUARIO\Desktop\BP Mayo 2026\SynologyDrive\CT_24\100EK113\01140051.JPG,C:\Users\USUARIO\Desktop\BP Mayo 2026\SynologyDrive\CT_24\01140051.JPG,moved
CT_24,C:\Users\USUARIO\Desktop\BP Mayo 2026\SynologyDrive\CT_24\100EK113\01140052.JPG,C:\Users\USUARIO\Desktop\BP Mayo 2026\SynologyDrive\CT_24\01140052.JPG,moved
CT_24,C:\Users\USUARIO\Desktop\BP Mayo 2026\SynologyDrive\CT_24\100EK113\01140053.JPG,C:\Users\USUARIO\Desktop\BP Mayo 2026\SynologyDrive\CT_24\01140053.JPG,moved
CT_24,C:\Users\USUARIO\Desktop\BP Mayo 2026\SynologyDrive\CT_24\100EK113\01140054.JPG,C:\Users\USUARIO\Desktop\BP Mayo 2026\SynologyDrive\CT_24\01140054.JPG,moved
CT_24,C:\Users\USUARIO\Desktop\BP Mayo 2026\SynologyDrive\CT_24\100EK113\01170055.JPG,C:\Users\USUARIO\Desktop\BP Mayo 2026\SynologyDrive\CT_24\01170055.JPG,moved
CT_24,C:\Users\USUARIO\Desktop\BP Mayo 2026\SynologyDrive\CT_24\100EK113\01170056.JPG,C:\Users\USUARIO\Desktop\BP Mayo 2026\SynologyDrive\CT_24\01170056.JPG,moved
CT_24,C:\Users\USUARIO\Desktop\BP Mayo 2026\SynologyDrive\CT_24\100EK113\01170057.JPG,C:\Users\USUARIO\Desktop\BP Mayo 2026\SynologyDrive\CT_24\01170057.JPG,moved
CT_24,C:\Users\USUARIO\Desktop\BP Mayo 2026\SynologyDrive\CT_24\100EK113\01180058.JPG,C:\Users\USUARIO\Desktop\BP Mayo 2026\SynologyDrive\CT_24\01180058.JPG,moved
CT_24,C:\Users\USUARIO\Desktop\BP Mayo 2026\SynologyDrive\CT_24\100EK113\01180059.JPG,C:\Users\USUARIO\Desktop\BP Mayo 2026\SynologyDrive\CT_24\01180059.JPG,moved
CT_24,C:\Users\USUARIO\Desktop\BP Mayo 2026\SynologyDrive\CT_24\100EK113\01180060.JPG,C:\Users\USUARIO\Desktop\BP Mayo 2026\SynologyDrive\CT_24\01180060.JPG,moved
CT_24,C:\Users\USUARIO\Desktop\BP Mayo 2026\SynologyDrive\CT_24\100EK113\01200061.JPG,C:\Users\USUARIO\Desktop\BP Mayo 2026\SynologyDrive\CT_24\01200061.JPG,moved
CT_24,C:\Users\USUARIO\Desktop\BP Mayo 2026\SynologyDrive\CT_24\100EK113\01200062.JPG,C:\Users\USUARIO\Desktop\BP Mayo 2026\SynologyDrive\CT_24\01200062.JPG,moved
CT_24,C:\Users\USUARIO\Desktop\BP Mayo 2026\SynologyDrive\CT_24\100EK113\01200063.JPG,C:\Users\USUARIO\Desktop\BP Mayo 2026\SynologyDrive\CT_24\01200063.JPG,moved
CT_24,C:\Users\USUARIO\Desktop\BP Mayo 2026\SynologyDrive\CT_24\100EK113\01210064.JPG,C:\Users\USUARIO\Desktop\BP Mayo 2026\SynologyDrive\CT_24\01210064.JPG,moved
CT_24,C:\Users\USUARIO\Desktop\BP Mayo 2026\SynologyDrive\CT_24\100EK113\01210065.JPG,C:\Users\USUARIO\Desktop\BP Mayo 2026\SynologyDrive\CT_24\01210065.JPG,moved
CT_24,C:\Users\USUARIO\Desktop\BP Mayo 2026\SynologyDrive\CT_24\100EK113\01210066.JPG,C:\Users\USUARIO\Desktop\BP Mayo 2026\SynologyDrive\CT_24\01210066.JPG,moved
CT_24,C:\Users\USUARIO\Desktop\BP Mayo 2026\SynologyDrive\CT_24\100EK113\01220067.JPG,C:\Users\USUARIO\Desktop\BP Mayo 2026\SynologyDrive\CT_24\01220067.JPG,moved
CT_24,C:\Users\USUARIO\Desktop\BP Mayo 2026\SynologyDrive\CT_24\100EK113\01220068.JPG,C:\Users\USUARIO\Desktop\BP Mayo 2026\SynologyDrive\CT_24\01220068.JPG,moved
CT_24,C:\Users\USUARIO\Desktop\BP Mayo 2026\SynologyDrive\CT_24\100EK113\01220069.JPG,C:\Users\USUARIO\Desktop\BP Mayo 2026\SynologyDrive\CT_24\01220069.JPG,moved
CT_24,C:\Users\USUARIO\Desktop\BP Mayo 2026\SynologyDrive\CT_24\100EK113\01220070.JPG,C:\Users\USUARIO\Desktop\BP Mayo 2026\SynologyDrive\CT_24\01220070.JPG,moved
CT_24,C:\Users\USUARIO\Desktop\BP Mayo 2026\SynologyDrive\CT_24\100EK113\01220071.JPG,C:\Users\USUARIO\Desktop\BP Mayo 2026\SynologyDrive\CT_24\01220071.JPG,moved
CT_24,C:\Users\USUARIO\Desktop\BP Mayo 2026\SynologyDrive\CT_24\100EK113\01220072.JPG,C:\Users\USUARIO\Desktop\BP Mayo 2026\SynologyDrive\CT_24\01220072.JPG,moved
CT_24,C:\Users\USUARIO\Desktop\BP Mayo 2026\SynologyDrive\CT_24\100EK113\01230073.JPG,C:\Users\USUARIO\Desktop\BP Mayo 2026\SynologyDrive\CT_24\01230073.JPG,moved
CT_24,C:\Users\USUARIO\Desktop\BP Mayo 2026\SynologyDrive\CT_24\100EK113\01230074.JPG,C:\Users\USUARIO\Desktop\BP Mayo 2026\SynologyDrive\CT_24\01230074.JPG,moved
CT_24,C:\Users\USUARIO\Desktop\BP Mayo 2026\SynologyDrive\CT_24\100EK113\01230075.JPG,C:\Users\USUARIO\Desktop\BP Mayo 2026\SynologyDrive\CT_24\01230075.JPG,moved
CT_24,C:\Users\USUARIO\Desktop\BP Mayo 2026\SynologyDrive\CT_24\100EK113\01230076.JPG,C:\Users\USUARIO\Desktop\BP Mayo 2026\SynologyDrive\CT_24\01230076.JPG,moved
CT_24,C:\Users\USUARIO\Desktop\BP Mayo 2026\SynologyDrive\CT_24\100EK113\01230077.JPG,C:\Users\USUARIO\Desktop\BP Mayo 2026\SynologyDrive\CT_24\01230077.JPG,moved
CT_24,C:\Users\USUARIO\Desktop\BP Mayo 2026\SynologyDrive\CT_24\100EK113\01230078.JPG,C:\Users\USUARIO\Desktop\BP Mayo 2026\SynologyDrive\CT_24\01230078.JPG,moved
CT_24,C:\Users\USUARIO\Desktop\BP Mayo 2026\SynologyDrive\CT_24\100EK113\01240079.JPG,C:\Users\USUARIO\Desktop\BP Mayo 2026\SynologyDrive\CT_24\01240079.JPG,moved
CT_24,C:\Users\USUARIO\Desktop\BP Mayo 2026\SynologyDrive\CT_24\100EK113\01240080.JPG,C:\Users\USUARIO\Desktop\BP Mayo 2026\SynologyDrive\CT_24\01240080.JPG,moved
CT_24,C:\Users\USUARIO\Desktop\BP Mayo 2026\SynologyDrive\CT_24\100EK113\01240081.JPG,C:\Users\USUARIO\Desktop\BP Mayo 2026\SynologyDrive\CT_24\01240081.JPG,moved
CT_24,C:\Users\USUARIO\Desktop\BP Mayo 2026\SynologyDrive\CT_24\100EK113\01240082.JPG,C:\Users\USUARIO\Desktop\BP Mayo 2026\SynologyDrive\CT_24\01240082.JPG,moved
CT_24,C:\Users\USUARIO\Desktop\BP Mayo 2026\SynologyDrive\CT_24\100EK113\01240083.JPG,C:\Users\USUARIO\Desktop\BP Mayo 2026\SynologyDrive\CT_24\01240083.JPG,moved
CT_24,C:\Users\USUARIO\Desktop\BP Mayo 2026\SynologyDrive\CT_24\100EK113\01240084.JPG,C:\Users\USUARIO\Desktop\BP Mayo 2026\SynologyDrive\CT_24\01240084.JPG,moved
CT_24,C:\Users\USUARIO\Desktop\BP Mayo 2026\SynologyDrive\CT_24\100EK113\02070085.JPG,C:\Users\USUARIO\Desktop\BP Mayo 2026\SynologyDrive\CT_24\02070085.JPG,moved
CT_24,C:\Users\USUARIO\Desktop\BP Mayo 2026\SynologyDrive\CT_24\100EK113\02070086.JPG,C:\Users\USUARIO\Desktop\BP Mayo 2026\SynologyDrive\CT_24\02070086.JPG,moved
CT_24,C:\Users\USUARIO\Desktop\BP Mayo 2026\SynologyDrive\CT_24\100EK113\02070087.JPG,C:\Users\USUARIO\Desktop\BP Mayo 2026\SynologyDrive\CT_24\02070087.JPG,moved
CT_24,C:\Users\USUARIO\Desktop\BP Mayo 2026\SynologyDrive\CT_24\100EK113\02070088.JPG,C:\Users\USUARIO\Desktop\BP Mayo 2026\SynologyDrive\CT_24\02070088.JPG,moved
CT_24,C:\Users\USUARIO\Desktop\BP Mayo 2026\SynologyDrive\CT_24\100EK113\02070089.JPG,C:\Users\USUARIO\Desktop\BP Mayo 2026\SynologyDrive\CT_24\02070089.JPG,moved
CT_24,C:\Users\USUARIO\Desktop\BP Mayo 2026\SynologyDrive\CT_24\100EK113\02070090.JPG,C:\Users\USUARIO\Desktop\BP Mayo 2026\SynologyDrive\CT_24\02070090.JPG,moved
CT_24,C:\Users\USUARIO\Desktop\BP Mayo 2026\SynologyDrive\CT_24\100EK113\02150091.JPG,C:\Users\USUARIO\Desktop\BP Mayo 2026\SynologyDrive\CT_24\02150091.JPG,moved
CT_24,C:\Users\USUARIO\Desktop\BP Mayo 2026\SynologyDrive\CT_24\100EK113\02150092.JPG,C:\Users\USUARIO\Desktop\BP Mayo 2026\SynologyDrive\CT_24\02150092.JPG,moved
CT_24,C:\Users\USUARIO\Desktop\BP Mayo 2026\SynologyDrive\CT_24\100EK113\02150093.JPG,C:\Users\USUARIO\Desktop\BP Mayo 2026\SynologyDrive\CT_24\02150093.JPG,moved
CT_24,C:\Users\USUARIO\Desktop\BP Mayo 2026\SynologyDrive\CT_24\100EK113\02160094.JPG,C:\Users\USUARIO\Desktop\BP Mayo 2026\SynologyDrive\CT_24\02160094.JPG,moved
CT_24,C:\Users\USUARIO\Desktop\BP Mayo 2026\SynologyDrive\CT_24\100EK113\02160095.JPG,C:\Users\USUARIO\Desktop\BP Mayo 2026\SynologyDrive\CT_24\02160095.JPG,moved
CT_24,C:\Users\USUARIO\Desktop\BP Mayo 2026\SynologyDrive\CT_24\100EK113\02160096.JPG,C:\Users\USUARIO\Desktop\BP Mayo 2026\SynologyDrive\CT_24\02160096.JPG,moved
CT_24,C:\Users\USUARIO\Desktop\BP Mayo 2026\SynologyDrive\CT_24\100EK113\02160097.JPG,C:\Users\USUARIO\Desktop\BP Mayo 2026\SynologyDrive\CT_24\02160097.JPG,moved
CT_24,C:\Users\USUARIO\Desktop\BP Mayo 2026\SynologyDrive\CT_24\100EK113\02160098.JPG,C:\Users\USUARIO\Desktop\BP Mayo 2026\SynologyDrive\CT_24\02160098.JPG,moved
CT_24,C:\Users\USUARIO\Desktop\BP Mayo 2026\SynologyDrive\CT_24\100EK113\02160099.JPG,C:\Users\USUARIO\Desktop\BP Mayo 2026\SynologyDrive\CT_24\02160099.JPG,moved
CT_24,C:\Users\USUARIO\Desktop\BP Mayo 2026\SynologyDrive\CT_24\100EK113\02160100.JPG,C:\Users\USUARIO\Desktop\BP Mayo 2026\SynologyDrive\CT_24\02160100.JPG,moved
CT_24,C:\Users\USUARIO\Desktop\BP Mayo 2026\SynologyDrive\CT_24\100EK113\02160101.JPG,C:\Users\USUARIO\Desktop\BP Mayo 2026\SynologyDrive\CT_24\02160101.JPG,moved
CT_24,C:\Users\USUARIO\Desktop\BP Mayo 2026\SynologyDrive\CT_24\100EK113\02160102.JPG,C:\Users\USUARIO\Desktop\BP Mayo 2026\SynologyDrive\CT_24\02160102.JPG,moved
CT_24,C:\Users\USUARIO\Desktop\BP Mayo 2026\SynologyDrive\CT_24\100EK113\02180103.JPG,C:\Users\USUARIO\Desktop\BP Mayo 2026\SynologyDrive\CT_24\02180103.JPG,moved
CT_24,C:\Users\USUARIO\Desktop\BP Mayo 2026\SynologyDrive\CT_24\100EK113\02180104.JPG,C:\Users\USUARIO\Desktop\BP Mayo 2026\SynologyDrive\CT_24\02180104.JPG,moved
CT_24,C:\Users\USUARIO\Desktop\BP Mayo 2026\SynologyDrive\CT_24\100EK113\02180105.JPG,C:\Users\USUARIO\Desktop\BP Mayo 2026\SynologyDrive\CT_24\02180105.JPG,moved
CT_24,C:\Users\USUARIO\Desktop\BP Mayo 2026\SynologyDrive\CT_24\100EK113\02200106.JPG,C:\Users\USUARIO\Desktop\BP Mayo 2026\SynologyDrive\CT_24\02200106.JPG,moved
CT_24,C:\Users\USUARIO\Desktop\BP Mayo 2026\SynologyDrive\CT_24\100EK113\02200107.JPG,C:\Users\USUARIO\Desktop\BP Mayo 2026\SynologyDrive\CT_24\02200107.JPG,moved
CT_24,C:\Users\USUARIO\Desktop\BP Mayo 2026\SynologyDrive\CT_24\100EK113\02200108.JPG,C:\Users\USUARIO\Desktop\BP Mayo 2026\SynologyDrive\CT_24\02200108.JPG,moved
CT_24,C:\Users\USUARIO\Desktop\BP Mayo 2026\SynologyDrive\CT_24\100EK113\02210109.JPG,C:\Users\USUARIO\Desktop\BP Mayo 2026\SynologyDrive\CT_24\02210109.JPG,moved
CT_24,C:\Users\USUARIO\Desktop\BP Mayo 2026\SynologyDrive\CT_24\100EK113\02210110.JPG,C:\Users\USUARIO\Desktop\BP Mayo 2026\SynologyDrive\CT_24\02210110.JPG,moved
CT_24,C:\Users\USUARIO\Desktop\BP Mayo 2026\SynologyDrive\CT_24\100EK113\02210111.JPG,C:\Users\USUARIO\Desktop\BP Mayo 2026\SynologyDrive\CT_24\02210111.JPG,moved
CT_24,C:\Users\USUARIO\Desktop\BP Mayo 2026\SynologyDrive\CT_24\100EK113\02230112.JPG,C:\Users\USUARIO\Desktop\BP Mayo 2026\SynologyDrive\CT_24\02230112.JPG,moved
CT_24,C:\Users\USUARIO\Desktop\BP Mayo 2026\SynologyDrive\CT_24\100EK113\02230113.JPG,C:\Users\USUARIO\Desktop\BP Mayo 2026\SynologyDrive\CT_24\02230113.JPG,moved
CT_24,C:\Users\USUARIO\Desktop\BP Mayo 2026\SynologyDrive\CT_24\100EK113\02230114.JPG,C:\Users\USUARIO\Desktop\BP Mayo 2026\SynologyDrive\CT_24\02230114.JPG,moved
CT_24,C:\Users\USUARIO\Desktop\BP Mayo 2026\SynologyDrive\CT_24\100EK113\02230115.JPG,C:\Users\USUARIO\Desktop\BP Mayo 2026\SynologyDrive\CT_24\02230115.JPG,moved
CT_24,C:\Users\USUARIO\Desktop\BP Mayo 2026\SynologyDrive\CT_24\100EK113\02230116.JPG,C:\Users\USUARIO\Desktop\BP Mayo 2026\SynologyDrive\CT_24\02230116.JPG,moved
CT_24,C:\Users\USUARIO\Desktop\BP Mayo 2026\SynologyDrive\CT_24\100EK113\02230117.JPG,C:\Users\USUARIO\Desktop\BP Mayo 2026\SynologyDrive\CT_24\02230117.JPG,moved
CT_24,C:\Users\USUARIO\Desktop\BP Mayo 2026\SynologyDrive\CT_24\100EK113\02230118.JPG,C:\Users\USUARIO\Desktop\BP Mayo 2026\SynologyDrive\CT_24\02230118.JPG,moved
CT_24,C:\Users\USUARIO\Desktop\BP Mayo 2026\SynologyDrive\CT_24\100EK113\02230119.JPG,C:\Users\USUARIO\Desktop\BP Mayo 2026\SynologyDrive\CT_24\02230119.JPG,moved
CT_24,C:\Users\USUARIO\Desktop\BP Mayo 2026\SynologyDrive\CT_24\100EK113\02230120.JPG,C:\Users\USUARIO\Desktop\BP Mayo 2026\SynologyDrive\CT_24\02230120.JPG,moved
CT_24,C:\Users\USUARIO\Desktop\BP Mayo 2026\SynologyDrive\CT_24\100EK113\02240121.JPG,C:\Users\USUARIO\Desktop\BP Mayo 2026\SynologyDrive\CT_24\02240121.JPG,moved
CT_24,C:\Users\USUARIO\Desktop\BP Mayo 2026\SynologyDrive\CT_24\100EK113\02240122.JPG,C:\Users\USUARIO\Desktop\BP Mayo 2026\SynologyDrive\CT_24\02240122.JPG,moved
CT_24,C:\Users\USUARIO\Desktop\BP Mayo 2026\SynologyDrive\CT_24\100EK113\02240123.JPG,C:\Users\USUARIO\Desktop\BP Mayo 2026\SynologyDrive\CT_24\02240123.JPG,moved
CT_24,C:\Users\USUARIO\Desktop\BP Mayo 2026\SynologyDrive\CT_24\100EK113\02240124.JPG,C:\Users\USUARIO\Desktop\BP Mayo 2026\SynologyDrive\CT_24\02240124.JPG,moved
CT_24,C:\Users\USUARIO\Desktop\BP Mayo 2026\SynologyDrive\CT_24\100EK113\02240125.JPG,C:\Users\USUARIO\Desktop\BP Mayo 2026\SynologyDrive\CT_24\02240125.JPG,moved
CT_24,C:\Users\USUARIO\Desktop\BP Mayo 2026\SynologyDrive\CT_24\100EK113\02240126.JPG,C:\Users\USUARIO\Desktop\BP Mayo 2026\SynologyDrive\CT_24\02240126.JPG,moved
CT_24,C:\Users\USUARIO\Desktop\BP Mayo 2026\SynologyDrive\CT_24\100EK113\02240127.JPG,C:\Users\USUARIO\Desktop\BP Mayo 2026\SynologyDrive\CT_24\02240127.JPG,moved
CT_24,C:\Users\USUARIO\Desktop\BP Mayo 2026\SynologyDrive\CT_24\100EK113\02240128.JPG,C:\Users\USUARIO\Desktop\BP Mayo 2026\SynologyDrive\CT_24\02240128.JPG,moved
CT_24,C:\Users\USUARIO\Desktop\BP Mayo 2026\SynologyDrive\CT_24\100EK113\02240129.JPG,C:\Users\USUARIO\Desktop\BP Mayo 2026\SynologyDrive\CT_24\02240129.JPG,moved
CT_24,C:\Users\USUARIO\Desktop\BP Mayo 2026\SynologyDrive\CT_24\100EK113\02250130.JPG,C:\Users\USUARIO\Desktop\BP Mayo 2026\SynologyDrive\CT_24\02250130.JPG,moved
CT_24,C:\Users\USUARIO\Desktop\BP Mayo 2026\SynologyDrive\CT_24\100EK113\02250131.JPG,C:\Users\USUARIO\Desktop\BP Mayo 2026\SynologyDrive\CT_24\02250131.JPG,moved
CT_24,C:\Users\USUARIO\Desktop\BP Mayo 2026\SynologyDrive\CT_24\100EK113\02250132.JPG,C:\Users\USUARIO\Desktop\BP Mayo 2026\SynologyDrive\CT_24\02250132.JPG,moved
CT_24,C:\Users\USUARIO\Desktop\BP Mayo 2026\SynologyDrive\CT_24\100EK113\02250133.JPG,C:\Users\USUARIO\Desktop\BP Mayo 2026\SynologyDrive\CT_24\02250133.JPG,moved
CT_24,C:\Users\USUARIO\Desktop\BP Mayo 2026\SynologyDrive\CT_24\100EK113\02250134.JPG,C:\Users\USUARIO\Desktop\BP Mayo 2026\SynologyDrive\CT_24\02250134.JPG,moved
CT_24,C:\Users\USUARIO\Desktop\BP Mayo 2026\SynologyDrive\CT_24\100EK113\02250135.JPG,C:\Users\USUARIO\Desktop\BP Mayo 2026\SynologyDrive\CT_24\02250135.JPG,moved
CT_24,C:\Users\USUARIO\Desktop\BP Mayo 2026\SynologyDrive\CT_24\100EK113\02250136.JPG,C:\Users\USUARIO\Desktop\BP Mayo 2026\SynologyDrive\CT_24\02250136.JPG,moved
CT_24,C:\Users\USUARIO\Desktop\BP Mayo 2026\SynologyDrive\CT_24\100EK113\02250137.JPG,C:\Users\USUARIO\Desktop\BP Mayo 2026\SynologyDrive\CT_24\02250137.JPG,moved
CT_24,C:\Users\USUARIO\Desktop\BP Mayo 2026\SynologyDrive\CT_24\100EK113\02250138.JPG,C:\Users\USUARIO\Desktop\BP Mayo 2026\SynologyDrive\CT_24\02250138.JPG,moved
CT_24,C:\Users\USUARIO\Desktop\BP Mayo 2026\SynologyDrive\CT_24\100EK113\02260139.JPG,C:\Users\USUARIO\Desktop\BP Mayo 2026\SynologyDrive\CT_24\02260139.JPG,moved
CT_24,C:\Users\USUARIO\Desktop\BP Mayo 2026\SynologyDrive\CT_24\100EK113\02260140.JPG,C:\Users\USUARIO\Desktop\BP Mayo 2026\SynologyDrive\CT_24\02260140.JPG,moved
CT_24,C:\Users\USUARIO\Desktop\BP Mayo 2026\SynologyDrive\CT_24\100EK113\02260141.JPG,C:\Users\USUARIO\Desktop\BP Mayo 2026\SynologyDrive\CT_24\02260141.JPG,moved
CT_24,C:\Users\USUARIO\Desktop\BP Mayo 2026\SynologyDrive\CT_24\100EK113\02260142.JPG,C:\Users\USUARIO\Desktop\BP Mayo 2026\SynologyDrive\CT_24\02260142.JPG,moved
CT_24,C:\Users\USUARIO\Desktop\BP Mayo 2026\SynologyDrive\CT_24\100EK113\02260143.JPG,C:\Users\USUARIO\Desktop\BP Mayo 2026\SynologyDrive\CT_24\02260143.JPG,moved
CT_24,C:\Users\USUARIO\Desktop\BP Mayo 2026\SynologyDrive\CT_24\100EK113\02260144.JPG,C:\Users\USUARIO\Desktop\BP Mayo 2026\SynologyDrive\CT_24\02260144.JPG,moved
CT_24,C:\Users\USUARIO\Desktop\BP Mayo 2026\SynologyDrive\CT_24\100EK113\02260145.JPG,C:\Users\USUARIO\Desktop\BP Mayo 2026\SynologyDrive\CT_24\02260145.JPG,moved
CT_24,C:\Users\USUARIO\Desktop\BP Mayo 2026\SynologyDrive\CT_24\100EK113\02260146.JPG,C:\Users\USUARIO\Desktop\BP Mayo 2026\SynologyDrive\CT_24\02260146.JPG,moved
CT_24,C:\Users\USUARIO\Desktop\BP Mayo 2026\SynologyDrive\CT_24\100EK113\02260147.JPG,C:\Users\USUARIO\Desktop\BP Mayo 2026\SynologyDrive\CT_24\02260147.JPG,moved
CT_24,C:\Users\USUARIO\Desktop\BP Mayo 2026\SynologyDrive\CT_24\100EK113\02270148.JPG,C:\Users\USUARIO\Desktop\BP Mayo 2026\SynologyDrive\CT_24\02270148.JPG,moved
CT_24,C:\Users\USUARIO\Desktop\BP Mayo 2026\SynologyDrive\CT_24\100EK113\02270149.JPG,C:\Users\USUARIO\Desktop\BP Mayo 2026\SynologyDrive\CT_24\02270149.JPG,moved
CT_24,C:\Users\USUARIO\Desktop\BP Mayo 2026\SynologyDrive\CT_24\100EK113\02270150.JPG,C:\Users\USUARIO\Desktop\BP Mayo 2026\SynologyDrive\CT_24\02270150.JPG,moved
CT_24,C:\Users\USUARIO\Desktop\BP Mayo 2026\SynologyDrive\CT_24\100EK113\02270151.JPG,C:\Users\USUARIO\Desktop\BP Mayo 2026\SynologyDrive\CT_24\02270151.JPG,moved
CT_24,C:\Users\USUARIO\Desktop\BP Mayo 2026\SynologyDrive\CT_24\100EK113\02270152.JPG,C:\Users\USUARIO\Desktop\BP Mayo 2026\SynologyDrive\CT_24\02270152.JPG,moved
CT_24,C:\Users\USUARIO\Desktop\BP Mayo 2026\SynologyDrive\CT_24\100EK113\02270153.JPG,C:\Users\USUARIO\Desktop\BP Mayo 2026\SynologyDrive\CT_24\02270153.JPG,moved
CT_24,C:\Users\USUARIO\Desktop\BP Mayo 2026\SynologyDrive\CT_24\100EK113\03030154.JPG,C:\Users\USUARIO\Desktop\BP Mayo 2026\SynologyDrive\CT_24\03030154.JPG,moved
CT_24,C:\Users\USUARIO\Desktop\BP Mayo 2026\SynologyDrive\CT_24\100EK113\03030155.JPG,C:\Users\USUARIO\Desktop\BP Mayo 2026\SynologyDrive\CT_24\03030155.JPG,moved
CT_24,C:\Users\USUARIO\Desktop\BP Mayo 2026\SynologyDrive\CT_24\100EK113\03030156.JPG,C:\Users\USUARIO\Desktop\BP Mayo 2026\SynologyDrive\CT_24\03030156.JPG,moved
CT_24,C:\Users\USUARIO\Desktop\BP Mayo 2026\SynologyDrive\CT_24\100EK113\03090157.JPG,C:\Users\USUARIO\Desktop\BP Mayo 2026\SynologyDrive\CT_24\03090157.JPG,moved
CT_24,C:\Users\USUARIO\Desktop\BP Mayo 2026\SynologyDrive\CT_24\100EK113\03090158.JPG,C:\Users\USUARIO\Desktop\BP Mayo 2026\SynologyDrive\CT_24\03090158.JPG,moved
CT_24,C:\Users\USUARIO\Desktop\BP Mayo 2026\SynologyDrive\CT_24\100EK113\03090159.JPG,C:\Users\USUARIO\Desktop\BP Mayo 2026\SynologyDrive\CT_24\03090159.JPG,moved
CT_24,C:\Users\USUARIO\Desktop\BP Mayo 2026\SynologyDrive\CT_24\100EK113\03260160.JPG,C:\Users\USUARIO\Desktop\BP Mayo 2026\SynologyDrive\CT_24\03260160.JPG,moved
CT_24,C:\Users\USUARIO\Desktop\BP Mayo 2026\SynologyDrive\CT_24\100EK113\03260161.JPG,C:\Users\USUARIO\Desktop\BP Mayo 2026\SynologyDrive\CT_24\03260161.JPG,moved
CT_24,C:\Users\USUARIO\Desktop\BP Mayo 2026\SynologyDrive\CT_24\100EK113\03260162.JPG,C:\Users\USUARIO\Desktop\BP Mayo 2026\SynologyDrive\CT_24\03260162.JPG,moved
CT_24,C:\Users\USUARIO\Desktop\BP Mayo 2026\SynologyDrive\CT_24\100EK113\03260163.JPG,C:\Users\USUARIO\Desktop\BP Mayo 2026\SynologyDrive\CT_24\03260163.JPG,moved
CT_24,C:\Users\USUARIO\Desktop\BP Mayo 2026\SynologyDrive\CT_24\100EK113\03260164.JPG,C:\Users\USUARIO\Desktop\BP Mayo 2026\SynologyDrive\CT_24\03260164.JPG,moved
CT_24,C:\Users\USUARIO\Desktop\BP Mayo 2026\SynologyDrive\CT_24\100EK113\03260165.JPG,C:\Users\USUARIO\Desktop\BP Mayo 2026\SynologyDrive\CT_24\03260165.JPG,moved
CT_24,C:\Users\USUARIO\Desktop\BP Mayo 2026\SynologyDrive\CT_24\100EK113\03290166.JPG,C:\Users\USUARIO\Desktop\BP Mayo 2026\SynologyDrive\CT_24\03290166.JPG,moved
CT_24,C:\Users\USUARIO\Desktop\BP Mayo 2026\SynologyDrive\CT_24\100EK113\03290167.JPG,C:\Users\USUARIO\Desktop\BP Mayo 2026\SynologyDrive\CT_24\03290167.JPG,moved
CT_24,C:\Users\USUARIO\Desktop\BP Mayo 2026\SynologyDrive\CT_24\100EK113\03290168.JPG,C:\Users\USUARIO\Desktop\BP Mayo 2026\SynologyDrive\CT_24\03290168.JPG,moved
CT_24,C:\Users\USUARIO\Desktop\BP Mayo 2026\SynologyDrive\CT_24\100EK113\04020169.JPG,C:\Users\USUARIO\Desktop\BP Mayo 2026\SynologyDrive\CT_24\04020169.JPG,moved
CT_24,C:\Users\USUARIO\Desktop\BP Mayo 2026\SynologyDrive\CT_24\100EK113\04020170.JPG,C:\Users\USUARIO\Desktop\BP Mayo 2026\SynologyDrive\CT_24\04020170.JPG,moved
CT_24,C:\Users\USUARIO\Desktop\BP Mayo 2026\SynologyDrive\CT_24\100EK113\04020171.JPG,C:\Users\USUARIO\Desktop\BP Mayo 2026\SynologyDrive\CT_24\04020171.JPG,moved
CT_24,C:\Users\USUARIO\Desktop\BP Mayo 2026\SynologyDrive\CT_24\100EK113\04040172.JPG,C:\Users\USUARIO\Desktop\BP Mayo 2026\SynologyDrive\CT_24\04040172.JPG,moved
CT_24,C:\Users\USUARIO\Desktop\BP Mayo 2026\SynologyDrive\CT_24\100EK113\04040173.JPG,C:\Users\USUARIO\Desktop\BP Mayo 2026\SynologyDrive\CT_24\04040173.JPG,moved
CT_24,C:\Users\USUARIO\Desktop\BP Mayo 2026\SynologyDrive\CT_24\100EK113\04040174.JPG,C:\Users\USUARIO\Desktop\BP Mayo 2026\SynologyDrive\CT_24\04040174.JPG,moved
CT_24,C:\Users\USUARIO\Desktop\BP Mayo 2026\SynologyDrive\CT_24\100EK113\04070175.JPG,C:\Users\USUARIO\Desktop\BP Mayo 2026\SynologyDrive\CT_24\04070175.JPG,moved
CT_24,C:\Users\USUARIO\Desktop\BP Mayo 2026\SynologyDrive\CT_24\100EK113\04070176.JPG,C:\Users\USUARIO\Desktop\BP Mayo 2026\SynologyDrive\CT_24\04070176.JPG,moved
CT_24,C:\Users\USUARIO\Desktop\BP Mayo 2026\SynologyDrive\CT_24\100EK113\04070177.JPG,C:\Users\USUARIO\Desktop\BP Mayo 2026\SynologyDrive\CT_24\04070177.JPG,moved
CT_24,C:\Users\USUARIO\Desktop\BP Mayo 2026\SynologyDrive\CT_24\100EK113\04080178.JPG,C:\Users\USUARIO\Desktop\BP Mayo 2026\SynologyDrive\CT_24\04080178.JPG,moved
CT_24,C:\Users\USUARIO\Desktop\BP Mayo 2026\SynologyDrive\CT_24\100EK113\04080179.JPG,C:\Users\USUARIO\Desktop\BP Mayo 2026\SynologyDrive\CT_24\04080179.JPG,moved
CT_24,C:\Users\USUARIO\Desktop\BP Mayo 2026\SynologyDrive\CT_24\100EK113\04080180.JPG,C:\Users\USUARIO\Desktop\BP Mayo 2026\SynologyDrive\CT_24\04080180.JPG,moved
CT_24,C:\Users\USUARIO\Desktop\BP Mayo 2026\SynologyDrive\CT_24\100EK113\04210181.JPG,C:\Users\USUARIO\Desktop\BP Mayo 2026\SynologyDrive\CT_24\04210181.JPG,moved
CT_24,C:\Users\USUARIO\Desktop\BP Mayo 2026\SynologyDrive\CT_24\100EK113\04210182.JPG,C:\Users\USUARIO\Desktop\BP Mayo 2026\SynologyDrive\CT_24\04210182.JPG,moved
CT_24,C:\Users\USUARIO\Desktop\BP Mayo 2026\SynologyDrive\CT_24\100EK113\04210183.JPG,C:\Users\USUARIO\Desktop\BP Mayo 2026\SynologyDrive\CT_24\04210183.JPG,moved
CT_24,C:\Users\USUARIO\Desktop\BP Mayo 2026\SynologyDrive\CT_24\100EK113\05150184.JPG,C:\Users\USUARIO\Desktop\BP Mayo 2026\SynologyDrive\CT_24\05150184.JPG,moved
CT_24,C:\Users\USUARIO\Desktop\BP Mayo 2026\SynologyDrive\CT_24\100EK113\05150185.JPG,C:\Users\USUARIO\Desktop\BP Mayo 2026\SynologyDrive\CT_24\05150185.JPG,moved
CT_24,C:\Users\USUARIO\Desktop\BP Mayo 2026\SynologyDrive\CT_24\100EK113\05150186.JPG,C:\Users\USUARIO\Desktop\BP Mayo 2026\SynologyDrive\CT_24\05150186.JPG,moved
CT_24,C:\Users\USUARIO\Desktop\BP Mayo 2026\SynologyDrive\CT_24\100EK113\05150187.JPG,C:\Users\USUARIO\Desktop\BP Mayo 2026\SynologyDrive\CT_24\05150187.JPG,moved
CT_24,C:\Users\USUARIO\Desktop\BP Mayo 2026\SynologyDrive\CT_24\100EK113\05150188.JPG,C:\Users\USUARIO\Desktop\BP Mayo 2026\SynologyDrive\CT_24\05150188.JPG,moved
CT_24,C:\Users\USUARIO\Desktop\BP Mayo 2026\SynologyDrive\CT_24\100EK113\05150189.JPG,C:\Users\USUARIO\Desktop\BP Mayo 2026\SynologyDrive\CT_24\05150189.JPG,moved
CT_24,C:\Users\USUARIO\Desktop\BP Mayo 2026\SynologyDrive\CT_24\100EK113\05150190.JPG,C:\Users\USUARIO\Desktop\BP Mayo 2026\SynologyDrive\CT_24\05150190.JPG,moved
CT_24,C:\Users\USUARIO\Desktop\BP Mayo 2026\SynologyDrive\CT_24\100EK113\05150191.JPG,C:\Users\USUARIO\Desktop\BP Mayo 2026\SynologyDrive\CT_24\05150191.JPG,moved
CT_24,C:\Users\USUARIO\Desktop\BP Mayo 2026\SynologyDrive\CT_24\100EK113\05150192.JPG,C:\Users\USUARIO\Desktop\BP Mayo 2026\SynologyDrive\CT_24\05150192.JPG,moved
