deployment,dcim_folder,original_name,original_relpath,flat_name,size_bytes,mtime,action
CT01,M7,01120001.JPG,M7\01120001.JPG,01120001.JPG,6026416,2025-01-12 10:41:08,moved
CT01,M7,01120002.JPG,M7\01120002.JPG,01120002.JPG,6021816,2025-01-12 10:41:08,moved
CT01,M7,01120003.JPG,M7\01120003.JPG,01120003.JPG,6021607,2025-01-12 10:41:10,moved
CT01,M7,01290005.JPG,M7\01290005.JPG,01290005.JPG,6221775,2025-01-29 19:48:38,moved
CT01,M7,01290006.JPG,M7\01290006.JPG,01290006.JPG,6076560,2025-01-29 19:48:38,moved
CT01,M7,01290007.JPG,M7\01290007.JPG,01290007.JPG,6072710,2025-01-29 19:48:40,moved
CT01,M7,02170009.JPG,M7\02170009.JPG,02170009.JPG,5686513,2025-02-17 20:21:03,moved
CT01,M7,02170010.JPG,M7\02170010.JPG,02170010.JPG,5966970,2025-02-17 20:21:02,moved
CT01,M7,02170011.JPG,M7\02170011.JPG,02170011.JPG,6145511,2025-02-17 20:21:02,moved
CT01,M7,02260013.JPG,M7\02260013.JPG,02260013.JPG,5885819,2025-02-26 09:28:08,moved
CT01,M7,02260014.JPG,M7\02260014.JPG,02260014.JPG,5868404,2025-02-26 09:28:08,moved
CT01,M7,02260015.JPG,M7\02260015.JPG,02260015.JPG,5875917,2025-02-26 09:28:10,moved
CT01,M7,03060017.JPG,M7\03060017.JPG,03060017.JPG,4708644,2025-03-06 23:42:58,moved
CT01,M7,03060018.JPG,M7\03060018.JPG,03060018.JPG,4680109,2025-03-06 23:42:58,moved
CT01,M7,03060019.JPG,M7\03060019.JPG,03060019.JPG,4678350,2025-03-06 23:43:00,moved
CT01,M7,03100021.JPG,M7\03100021.JPG,03100021.JPG,4890630,2025-03-10 17:42:54,moved
CT01,M7,03100022.JPG,M7\03100022.JPG,03100022.JPG,4924797,2025-03-10 17:42:54,moved
CT01,M7,03100023.JPG,M7\03100023.JPG,03100023.JPG,4961243,2025-03-10 17:42:56,moved
CT01,M7,03250025.JPG,M7\03250025.JPG,03250025.JPG,5906947,2025-03-25 19:11:12,moved
CT01,M7,03250026.JPG,M7\03250026.JPG,03250026.JPG,5904826,2025-03-25 19:11:12,moved
CT01,M7,03250027.JPG,M7\03250027.JPG,03250027.JPG,5902517,2025-03-25 19:11:12,moved
CT01,M7,03260029.JPG,M7\03260029.JPG,03260029.JPG,6255466,2025-03-26 12:37:46,moved
CT01,M7,03260030.JPG,M7\03260030.JPG,03260030.JPG,6234560,2025-03-26 12:37:46,moved
CT01,M7,03260031.JPG,M7\03260031.JPG,03260031.JPG,6249570,2025-03-26 12:37:49,moved
CT01,M7,05020033.JPG,M7\05020033.JPG,05020033.JPG,4582755,2025-05-02 04:27:48,moved
CT01,M7,05020034.JPG,M7\05020034.JPG,05020034.JPG,4563639,2025-05-02 04:27:51,moved
CT01,M7,05020035.JPG,M7\05020035.JPG,05020035.JPG,4080652,2025-05-02 04:27:50,moved
CT01,M7,05030037.JPG,M7\05030037.JPG,05030037.JPG,4818016,2025-05-03 01:22:23,moved
CT01,M7,05030038.JPG,M7\05030038.JPG,05030038.JPG,4812346,2025-05-03 01:22:22,moved
CT01,M7,05030039.JPG,M7\05030039.JPG,05030039.JPG,4815314,2025-05-03 01:22:22,moved
CT01,M7,05090041.JPG,M7\05090041.JPG,05090041.JPG,2126933,2025-05-09 05:17:08,moved
CT01,M7,05090042.JPG,M7\05090042.JPG,05090042.JPG,4270488,2025-05-09 05:17:10,moved
CT01,M7,05090043.JPG,M7\05090043.JPG,05090043.JPG,4258718,2025-05-09 05:17:10,moved
CT01,M7,05280045.JPG,M7\05280045.JPG,05280045.JPG,5603747,2025-05-28 14:12:04,moved
CT01,M7,05280046.JPG,M7\05280046.JPG,05280046.JPG,5474100,2025-05-28 14:12:04,moved
CT01,M7,05280047.JPG,M7\05280047.JPG,05280047.JPG,5522703,2025-05-28 14:12:04,moved
CT01,M7,05280049.JPG,M7\05280049.JPG,05280049.JPG,5011461,2025-05-28 14:12:26,moved
CT01,M7,05280050.JPG,M7\05280050.JPG,05280050.JPG,4711534,2025-05-28 14:12:26,moved
CT01,M7,05280051.JPG,M7\05280051.JPG,05280051.JPG,5054238,2025-05-28 14:12:26,moved
CT01,M7,05280053.JPG,M7\05280053.JPG,05280053.JPG,5420851,2025-05-28 14:12:46,moved
CT01,M7,05280054.JPG,M7\05280054.JPG,05280054.JPG,5566207,2025-05-28 14:12:46,moved
CT01,M7,05280055.JPG,M7\05280055.JPG,05280055.JPG,6136547,2025-05-28 14:12:49,moved
CT02,M8,01070001.JPG,M8\01070001.JPG,01070001.JPG,6208736,2025-01-07 13:47:00,moved
CT02,M8,01070002.JPG,M8\01070002.JPG,01070002.JPG,6225895,2025-01-07 13:47:00,moved
CT02,M8,01070003.JPG,M8\01070003.JPG,01070003.JPG,6230501,2025-01-07 13:47:00,moved
CT02,M8,01080005.JPG,M8\01080005.JPG,01080005.JPG,5910932,2025-01-08 14:52:38,moved
CT02,M8,01080006.JPG,M8\01080006.JPG,01080006.JPG,5874383,2025-01-08 14:52:38,moved
CT02,M8,01080007.JPG,M8\01080007.JPG,01080007.JPG,5893190,2025-01-08 14:52:38,moved
CT02,M8,01080009.JPG,M8\01080009.JPG,01080009.JPG,4672138,2025-01-08 17:58:24,moved
CT02,M8,01080010.JPG,M8\01080010.JPG,01080010.JPG,5241393,2025-01-08 17:58:24,moved
CT02,M8,01080011.JPG,M8\01080011.JPG,01080011.JPG,5733201,2025-01-08 17:58:24,moved
CT02,M8,01140013.JPG,M8\01140013.JPG,01140013.JPG,6067589,2025-01-14 10:43:47,moved
CT02,M8,01140014.JPG,M8\01140014.JPG,01140014.JPG,6095267,2025-01-14 10:43:46,moved
CT02,M8,01140015.JPG,M8\01140015.JPG,01140015.JPG,6086924,2025-01-14 10:43:46,moved
CT02,M8,01180017.JPG,M8\01180017.JPG,01180017.JPG,6155971,2025-01-18 19:38:33,moved
CT02,M8,01180018.JPG,M8\01180018.JPG,01180018.JPG,6170914,2025-01-18 19:38:32,moved
CT02,M8,01180019.JPG,M8\01180019.JPG,01180019.JPG,6147529,2025-01-18 19:38:32,moved
CT02,M8,01190021.JPG,M8\01190021.JPG,01190021.JPG,5962472,2025-01-19 12:09:26,moved
CT02,M8,01190022.JPG,M8\01190022.JPG,01190022.JPG,6217313,2025-01-19 12:09:28,moved
CT02,M8,01190023.JPG,M8\01190023.JPG,01190023.JPG,5944752,2025-01-19 12:09:28,moved
CT02,M8,02280025.JPG,M8\02280025.JPG,02280025.JPG,3189511,2025-02-28 02:07:19,moved
CT02,M8,02280026.JPG,M8\02280026.JPG,02280026.JPG,4214726,2025-02-28 02:07:18,moved
CT02,M8,02280027.JPG,M8\02280027.JPG,02280027.JPG,4200810,2025-02-28 02:07:20,moved
CT02,M8,02280029.JPG,M8\02280029.JPG,02280029.JPG,6036771,2025-02-28 14:33:48,moved
CT02,M8,02280030.JPG,M8\02280030.JPG,02280030.JPG,6003749,2025-02-28 14:33:48,moved
CT02,M8,02280031.JPG,M8\02280031.JPG,02280031.JPG,6193623,2025-02-28 14:33:50,moved
CT02,M8,02280032.JPG,M8\02280032.JPG,02280032.JPG,5993441,2025-02-28 14:53:50,moved
CT02,M8,02280033.JPG,M8\02280033.JPG,02280033.JPG,5982929,2025-02-28 14:53:52,moved
CT02,M8,02280034.JPG,M8\02280034.JPG,02280034.JPG,6024005,2025-02-28 14:53:52,moved
CT02,M8,03290036.JPG,M8\03290036.JPG,03290036.JPG,6149776,2025-03-29 12:00:21,moved
CT02,M8,03290037.JPG,M8\03290037.JPG,03290037.JPG,6110334,2025-03-29 12:00:20,moved
CT02,M8,03290038.JPG,M8\03290038.JPG,03290038.JPG,6121681,2025-03-29 12:00:20,moved
CT02,M8,05030040.JPG,M8\05030040.JPG,05030040.JPG,5312097,2025-05-03 06:18:40,moved
CT02,M8,05030041.JPG,M8\05030041.JPG,05030041.JPG,5311922,2025-05-03 06:18:43,moved
CT02,M8,05030042.JPG,M8\05030042.JPG,05030042.JPG,5312014,2025-05-03 06:18:42,moved
CT02,M8,05140044.JPG,M8\05140044.JPG,05140044.JPG,5913388,2025-05-14 17:05:12,moved
CT02,M8,05140045.JPG,M8\05140045.JPG,05140045.JPG,5939991,2025-05-14 17:05:12,moved
CT02,M8,05140046.JPG,M8\05140046.JPG,05140046.JPG,6243672,2025-05-14 17:05:15,moved
CT02,M8,05140048.JPG,M8\05140048.JPG,05140048.JPG,5379860,2025-05-14 17:05:32,moved
CT02,M8,05140049.JPG,M8\05140049.JPG,05140049.JPG,6219202,2025-05-14 17:05:32,moved
CT02,M8,05140050.JPG,M8\05140050.JPG,05140050.JPG,5530631,2025-05-14 17:05:34,moved
CT03,M 6,01010081.JPG,M 6\01010081.JPG,01010081.JPG,2253454,2025-01-01 01:16:09,moved
CT03,M 6,01010082.JPG,M 6\01010082.JPG,01010082.JPG,1185446,2025-01-01 01:16:09,moved
CT03,M 6,01010083.JPG,M 6\01010083.JPG,01010083.JPG,1199252,2025-01-01 01:16:10,moved
CT03,M 6,01040085.JPG,M 6\01040085.JPG,01040085.JPG,3026636,2025-01-04 12:07:18,moved
CT03,M 6,01040086.JPG,M 6\01040086.JPG,01040086.JPG,3099457,2025-01-04 12:07:20,moved
CT03,M 6,01040087.JPG,M 6\01040087.JPG,01040087.JPG,3129647,2025-01-04 12:07:20,moved
CT03,M 6,01040089.JPG,M 6\01040089.JPG,01040089.JPG,3202242,2025-01-04 12:16:04,moved
CT03,M 6,01040090.JPG,M 6\01040090.JPG,01040090.JPG,3239484,2025-01-04 12:16:06,moved
CT03,M 6,01040091.JPG,M 6\01040091.JPG,01040091.JPG,3239335,2025-01-04 12:16:06,moved
CT03,M 6,01060093.JPG,M 6\01060093.JPG,01060093.JPG,2244709,2025-01-06 07:01:15,moved
CT03,M 6,01060094.JPG,M 6\01060094.JPG,01060094.JPG,1430047,2025-01-06 07:01:17,moved
CT03,M 6,01060095.JPG,M 6\01060095.JPG,01060095.JPG,1456479,2025-01-06 07:01:17,moved
CT03,M 6,01110097.JPG,M 6\01110097.JPG,01110097.JPG,2263029,2025-01-11 01:41:05,moved
CT03,M 6,01110098.JPG,M 6\01110098.JPG,01110098.JPG,1211630,2025-01-11 01:41:05,moved
CT03,M 6,01110099.JPG,M 6\01110099.JPG,01110099.JPG,1207596,2025-01-11 01:41:06,moved
CT03,M 6,01140101.JPG,M 6\01140101.JPG,01140101.JPG,2218953,2025-01-14 05:58:05,moved
CT03,M 6,01140102.JPG,M 6\01140102.JPG,01140102.JPG,1205900,2025-01-14 05:58:07,moved
CT03,M 6,01140103.JPG,M 6\01140103.JPG,01140103.JPG,1214530,2025-01-14 05:58:07,moved
CT03,M 6,01150105.JPG,M 6\01150105.JPG,01150105.JPG,1864712,2025-01-15 15:02:54,moved
CT03,M 6,01150106.JPG,M 6\01150106.JPG,01150106.JPG,1976496,2025-01-15 15:02:54,moved
CT03,M 6,01150107.JPG,M 6\01150107.JPG,01150107.JPG,2080728,2025-01-15 15:02:56,moved
CT03,M 6,01150109.JPG,M 6\01150109.JPG,01150109.JPG,2631583,2025-01-15 15:13:28,moved
CT03,M 6,01150110.JPG,M 6\01150110.JPG,01150110.JPG,2592726,2025-01-15 15:13:30,moved
CT03,M 6,01150111.JPG,M 6\01150111.JPG,01150111.JPG,2545682,2025-01-15 15:13:30,moved
CT03,M 6,01150113.JPG,M 6\01150113.JPG,01150113.JPG,2629788,2025-01-15 15:18:50,moved
CT03,M 6,01150114.JPG,M 6\01150114.JPG,01150114.JPG,2622619,2025-01-15 15:18:52,moved
CT03,M 6,01150115.JPG,M 6\01150115.JPG,01150115.JPG,2819941,2025-01-15 15:18:52,moved
CT03,M 6,01150117.JPG,M 6\01150117.JPG,01150117.JPG,2650432,2025-01-15 15:19:30,moved
CT03,M 6,01150118.JPG,M 6\01150118.JPG,01150118.JPG,2752784,2025-01-15 15:19:30,moved
CT03,M 6,01150119.JPG,M 6\01150119.JPG,01150119.JPG,2751007,2025-01-15 15:19:32,moved
CT03,M 6,01150121.JPG,M 6\01150121.JPG,01150121.JPG,2713287,2025-01-15 15:20:16,moved
CT03,M 6,01150122.JPG,M 6\01150122.JPG,01150122.JPG,2850975,2025-01-15 15:20:18,moved
CT03,M 6,01150123.JPG,M 6\01150123.JPG,01150123.JPG,2866463,2025-01-15 15:20:18,moved
CT03,M 6,01180125.JPG,M 6\01180125.JPG,01180125.JPG,2272186,2025-01-18 23:57:47,moved
CT03,M 6,01180126.JPG,M 6\01180126.JPG,01180126.JPG,1237740,2025-01-18 23:57:47,moved
CT03,M 6,01180127.JPG,M 6\01180127.JPG,01180127.JPG,1217382,2025-01-18 23:57:48,moved
CT03,M 6,01190129.JPG,M 6\01190129.JPG,01190129.JPG,2244398,2025-01-19 02:50:43,moved
CT03,M 6,01190130.JPG,M 6\01190130.JPG,01190130.JPG,1206969,2025-01-19 02:50:43,moved
CT03,M 6,01190131.JPG,M 6\01190131.JPG,01190131.JPG,1218544,2025-01-19 02:50:44,moved
CT03,M 6,01240133.JPG,M 6\01240133.JPG,01240133.JPG,2269455,2025-01-24 22:45:09,moved
CT03,M 6,01240134.JPG,M 6\01240134.JPG,01240134.JPG,1327067,2025-01-24 22:45:09,moved
CT03,M 6,01240135.JPG,M 6\01240135.JPG,01240135.JPG,1310366,2025-01-24 22:45:10,moved
CT03,M 6,02030137.JPG,M 6\02030137.JPG,02030137.JPG,2256306,2025-02-03 07:07:57,moved
CT03,M 6,02030138.JPG,M 6\02030138.JPG,02030138.JPG,1212672,2025-02-03 07:07:59,moved
CT03,M 6,02030139.JPG,M 6\02030139.JPG,02030139.JPG,1190968,2025-02-03 07:07:59,moved
CT03,M 6,02060141.JPG,M 6\02060141.JPG,02060141.JPG,2255673,2025-02-06 06:44:13,moved
CT03,M 6,02060142.JPG,M 6\02060142.JPG,02060142.JPG,1196835,2025-02-06 06:44:13,moved
CT03,M 6,02060143.JPG,M 6\02060143.JPG,02060143.JPG,1232439,2025-02-06 06:44:14,moved
CT03,M 6,02060145.JPG,M 6\02060145.JPG,02060145.JPG,2235471,2025-02-07 00:32:55,moved
CT03,M 6,02060146.JPG,M 6\02060146.JPG,02060146.JPG,1246402,2025-02-07 00:32:57,moved
CT03,M 6,02060147.JPG,M 6\02060147.JPG,02060147.JPG,1197915,2025-02-07 00:32:57,moved
CT03,M 6,02150149.JPG,M 6\02150149.JPG,02150149.JPG,1913515,2025-02-15 21:40:33,moved
CT03,M 6,02150150.JPG,M 6\02150150.JPG,02150150.JPG,2094773,2025-02-15 21:40:35,moved
CT03,M 6,02150151.JPG,M 6\02150151.JPG,02150151.JPG,2085298,2025-02-15 21:40:35,moved
CT03,M 6,02160153.JPG,M 6\02160153.JPG,02160153.JPG,3396218,2025-02-16 18:44:52,moved
CT03,M 6,02160154.JPG,M 6\02160154.JPG,02160154.JPG,3375765,2025-02-16 18:44:52,moved
CT03,M 6,02160155.JPG,M 6\02160155.JPG,02160155.JPG,3333529,2025-02-16 18:44:54,moved
CT03,M 6,02170157.JPG,M 6\02170157.JPG,02170157.JPG,2259972,2025-02-17 05:35:23,moved
CT03,M 6,02170158.JPG,M 6\02170158.JPG,02170158.JPG,1197971,2025-02-17 05:35:25,moved
CT03,M 6,02170159.JPG,M 6\02170159.JPG,02170159.JPG,1184366,2025-02-17 05:35:25,moved
CT03,M 6,02190161.JPG,M 6\02190161.JPG,02190161.JPG,2256586,2025-02-20 00:33:21,moved
CT03,M 6,02190162.JPG,M 6\02190162.JPG,02190162.JPG,1208743,2025-02-20 00:33:21,moved
CT03,M 6,02190163.JPG,M 6\02190163.JPG,02190163.JPG,1223750,2025-02-20 00:33:22,moved
CT03,M 6,02200165.JPG,M 6\02200165.JPG,02200165.JPG,3038498,2025-02-20 17:00:22,moved
CT03,M 6,02200166.JPG,M 6\02200166.JPG,02200166.JPG,3039889,2025-02-20 17:00:22,moved
CT03,M 6,02200167.JPG,M 6\02200167.JPG,02200167.JPG,3037595,2025-02-20 17:00:24,moved
CT03,M 6,02200169.JPG,M 6\02200169.JPG,02200169.JPG,3335479,2025-02-20 17:34:04,moved
CT03,M 6,02200170.JPG,M 6\02200170.JPG,02200170.JPG,3393579,2025-02-20 17:34:04,moved
CT03,M 6,02200171.JPG,M 6\02200171.JPG,02200171.JPG,3401796,2025-02-20 17:34:06,moved
CT03,M 6,02200173.JPG,M 6\02200173.JPG,02200173.JPG,3260102,2025-02-20 17:39:46,moved
CT03,M 6,02200174.JPG,M 6\02200174.JPG,02200174.JPG,3276070,2025-02-20 17:39:46,moved
CT03,M 6,02200175.JPG,M 6\02200175.JPG,02200175.JPG,3274402,2025-02-20 17:39:48,moved
CT03,M 6,02210177.JPG,M 6\02210177.JPG,02210177.JPG,2225002,2025-02-21 07:20:15,moved
CT03,M 6,02210178.JPG,M 6\02210178.JPG,02210178.JPG,1186519,2025-02-21 07:20:17,moved
CT03,M 6,02210179.JPG,M 6\02210179.JPG,02210179.JPG,1185083,2025-02-21 07:20:17,moved
CT03,M 6,02250181.JPG,M 6\02250181.JPG,02250181.JPG,2255674,2025-02-25 02:02:19,moved
CT03,M 6,02250182.JPG,M 6\02250182.JPG,02250182.JPG,1178077,2025-02-25 02:02:21,moved
CT03,M 6,02250183.JPG,M 6\02250183.JPG,02250183.JPG,1187271,2025-02-25 02:02:21,moved
CT03,M 6,02270185.JPG,M 6\02270185.JPG,02270185.JPG,3390806,2025-02-27 12:21:14,moved
CT03,M 6,02270186.JPG,M 6\02270186.JPG,02270186.JPG,3442552,2025-02-27 12:21:16,moved
CT03,M 6,02270187.JPG,M 6\02270187.JPG,02270187.JPG,3463399,2025-02-27 12:21:16,moved
CT03,M 6,02270189.JPG,M 6\02270189.JPG,02270189.JPG,3323065,2025-02-27 12:21:50,moved
CT03,M 6,02270190.JPG,M 6\02270190.JPG,02270190.JPG,3184949,2025-02-27 12:21:50,moved
CT03,M 6,02270191.JPG,M 6\02270191.JPG,02270191.JPG,3359044,2025-02-27 12:21:52,moved
CT03,M 6,02270193.JPG,M 6\02270193.JPG,02270193.JPG,3230934,2025-02-27 12:57:06,moved
CT03,M 6,02270194.JPG,M 6\02270194.JPG,02270194.JPG,3198535,2025-02-27 12:57:06,moved
CT03,M 6,02270195.JPG,M 6\02270195.JPG,02270195.JPG,3130405,2025-02-27 12:57:08,moved
CT03,M 6,02270197.JPG,M 6\02270197.JPG,02270197.JPG,3275567,2025-02-27 12:57:44,moved
CT03,M 6,02270198.JPG,M 6\02270198.JPG,02270198.JPG,3011372,2025-02-27 12:57:44,moved
CT03,M 6,02270199.JPG,M 6\02270199.JPG,02270199.JPG,3115705,2025-02-27 12:57:46,moved
CT03,M 6,02270201.JPG,M 6\02270201.JPG,02270201.JPG,3145211,2025-02-27 14:10:36,moved
CT03,M 6,02270202.JPG,M 6\02270202.JPG,02270202.JPG,3044336,2025-02-27 14:10:38,moved
CT03,M 6,02270203.JPG,M 6\02270203.JPG,02270203.JPG,2964920,2025-02-27 14:10:38,moved
CT03,M 6,02270205.JPG,M 6\02270205.JPG,02270205.JPG,3124488,2025-02-27 14:11:00,moved
CT03,M 6,02270206.JPG,M 6\02270206.JPG,02270206.JPG,3063114,2025-02-27 14:11:02,moved
CT03,M 6,02270207.JPG,M 6\02270207.JPG,02270207.JPG,2966908,2025-02-27 14:11:02,moved
CT03,M 6,02270209.JPG,M 6\02270209.JPG,02270209.JPG,3186026,2025-02-27 14:12:12,moved
CT03,M 6,02270210.JPG,M 6\02270210.JPG,02270210.JPG,3329727,2025-02-27 14:12:12,moved
CT03,M 6,02270211.JPG,M 6\02270211.JPG,02270211.JPG,3397759,2025-02-27 14:12:14,moved
CT03,M 6,02270213.JPG,M 6\02270213.JPG,02270213.JPG,2939942,2025-02-27 14:17:02,moved
CT03,M 6,02270214.JPG,M 6\02270214.JPG,02270214.JPG,2889468,2025-02-27 14:17:02,moved
CT03,M 6,02270215.JPG,M 6\02270215.JPG,02270215.JPG,2987109,2025-02-27 14:17:04,moved
CT03,M 6,02280217.JPG,M 6\02280217.JPG,02280217.JPG,1531625,2025-02-28 05:53:25,moved
CT03,M 6,02280218.JPG,M 6\02280218.JPG,02280218.JPG,1197938,2025-02-28 05:53:25,moved
CT03,M 6,02280219.JPG,M 6\02280219.JPG,02280219.JPG,1186403,2025-02-28 05:53:26,moved
CT03,M 6,03020221.JPG,M 6\03020221.JPG,03020221.JPG,2318909,2025-03-02 23:18:15,moved
CT03,M 6,03020222.JPG,M 6\03020222.JPG,03020222.JPG,1166246,2025-03-02 23:18:17,moved
CT03,M 6,03020223.JPG,M 6\03020223.JPG,03020223.JPG,1196536,2025-03-02 23:18:17,moved
CT03,M 6,03050225.JPG,M 6\03050225.JPG,03050225.JPG,2179993,2025-03-05 04:07:53,moved
CT03,M 6,03050226.JPG,M 6\03050226.JPG,03050226.JPG,1231877,2025-03-05 04:07:53,moved
CT03,M 6,03050227.JPG,M 6\03050227.JPG,03050227.JPG,1225968,2025-03-05 04:07:54,moved
CT03,M 6,03050229.JPG,M 6\03050229.JPG,03050229.JPG,1822213,2025-03-05 09:56:55,moved
CT03,M 6,03050230.JPG,M 6\03050230.JPG,03050230.JPG,1744220,2025-03-05 09:56:55,moved
CT03,M 6,03050231.JPG,M 6\03050231.JPG,03050231.JPG,1932232,2025-03-05 09:56:56,moved
CT03,M 6,03050233.JPG,M 6\03050233.JPG,03050233.JPG,1354540,2025-03-05 12:26:40,moved
CT03,M 6,03050234.JPG,M 6\03050234.JPG,03050234.JPG,1520030,2025-03-05 12:26:42,moved
CT03,M 6,03050235.JPG,M 6\03050235.JPG,03050235.JPG,1581750,2025-03-05 12:26:42,moved
CT03,M 6,03060237.JPG,M 6\03060237.JPG,03060237.JPG,2263333,2025-03-06 04:54:57,moved
CT03,M 6,03060238.JPG,M 6\03060238.JPG,03060238.JPG,1178694,2025-03-06 04:54:59,moved
CT03,M 6,03060239.JPG,M 6\03060239.JPG,03060239.JPG,1179919,2025-03-06 04:54:59,moved
CT03,M 6,03070241.JPG,M 6\03070241.JPG,03070241.JPG,2198915,2025-03-07 23:04:51,moved
CT03,M 6,03070242.JPG,M 6\03070242.JPG,03070242.JPG,1190533,2025-03-07 23:04:52,moved
CT03,M 6,03070243.JPG,M 6\03070243.JPG,03070243.JPG,1181729,2025-03-07 23:04:52,moved
CT03,M 6,03100245.JPG,M 6\03100245.JPG,03100245.JPG,2251111,2025-03-10 02:52:05,moved
CT03,M 6,03100246.JPG,M 6\03100246.JPG,03100246.JPG,1200753,2025-03-10 02:52:05,moved
CT03,M 6,03100247.JPG,M 6\03100247.JPG,03100247.JPG,1196835,2025-03-10 02:52:06,moved
CT03,M 6,03100249.JPG,M 6\03100249.JPG,03100249.JPG,2683352,2025-03-10 14:35:30,moved
CT03,M 6,03100250.JPG,M 6\03100250.JPG,03100250.JPG,2111251,2025-03-10 14:35:30,moved
CT03,M 6,03100251.JPG,M 6\03100251.JPG,03100251.JPG,2189208,2025-03-10 14:35:32,moved
CT03,M 6,03100253.JPG,M 6\03100253.JPG,03100253.JPG,2232403,2025-03-10 14:53:08,moved
CT03,M 6,03100254.JPG,M 6\03100254.JPG,03100254.JPG,2376607,2025-03-10 14:53:10,moved
CT03,M 6,03100255.JPG,M 6\03100255.JPG,03100255.JPG,2710782,2025-03-10 14:53:10,moved
CT03,M 6,03120257.JPG,M 6\03120257.JPG,03120257.JPG,2722569,2025-03-12 17:01:16,moved
CT03,M 6,03120258.JPG,M 6\03120258.JPG,03120258.JPG,2528900,2025-03-12 17:01:16,moved
CT03,M 6,03120259.JPG,M 6\03120259.JPG,03120259.JPG,3064590,2025-03-12 17:01:18,moved
CT03,M 6,03120261.JPG,M 6\03120261.JPG,03120261.JPG,2680464,2025-03-12 17:08:38,moved
CT03,M 6,03120262.JPG,M 6\03120262.JPG,03120262.JPG,1928594,2025-03-12 17:08:38,moved
CT03,M 6,03120263.JPG,M 6\03120263.JPG,03120263.JPG,3085675,2025-03-12 17:08:40,moved
CT03,M 6,03170265.JPG,M 6\03170265.JPG,03170265.JPG,2662655,2025-03-17 14:44:42,moved
CT03,M 6,03170266.JPG,M 6\03170266.JPG,03170266.JPG,2242747,2025-03-17 14:44:42,moved
CT03,M 6,03170267.JPG,M 6\03170267.JPG,03170267.JPG,2948296,2025-03-17 14:44:42,moved
CT03,M 6,03170269.JPG,M 6\03170269.JPG,03170269.JPG,2652204,2025-03-17 16:11:10,moved
CT03,M 6,03170270.JPG,M 6\03170270.JPG,03170270.JPG,1978193,2025-03-17 16:11:12,moved
CT03,M 6,03170271.JPG,M 6\03170271.JPG,03170271.JPG,2188218,2025-03-17 16:11:12,moved
CT03,M 6,03190273.JPG,M 6\03190273.JPG,03190273.JPG,2222113,2025-03-19 00:59:27,moved
CT03,M 6,03190274.JPG,M 6\03190274.JPG,03190274.JPG,1216989,2025-03-19 00:59:29,moved
CT03,M 6,03190275.JPG,M 6\03190275.JPG,03190275.JPG,1208532,2025-03-19 00:59:29,moved
CT03,M 6,03200277.JPG,M 6\03200277.JPG,03200277.JPG,2257977,2025-03-20 22:56:15,moved
CT03,M 6,03200278.JPG,M 6\03200278.JPG,03200278.JPG,1179731,2025-03-20 22:56:15,moved
CT03,M 6,03200279.JPG,M 6\03200279.JPG,03200279.JPG,1168798,2025-03-20 22:56:16,moved
CT03,M 6,03210281.JPG,M 6\03210281.JPG,03210281.JPG,3392591,2025-03-21 13:58:54,moved
CT03,M 6,03210282.JPG,M 6\03210282.JPG,03210282.JPG,3338057,2025-03-21 13:58:56,moved
CT03,M 6,03210283.JPG,M 6\03210283.JPG,03210283.JPG,3175674,2025-03-21 13:58:56,moved
CT03,M 6,03210285.JPG,M 6\03210285.JPG,03210285.JPG,3049386,2025-03-21 13:59:36,moved
CT03,M 6,03210286.JPG,M 6\03210286.JPG,03210286.JPG,2905405,2025-03-21 13:59:38,moved
CT03,M 6,03210287.JPG,M 6\03210287.JPG,03210287.JPG,2755291,2025-03-21 13:59:38,moved
CT03,M 6,03210289.JPG,M 6\03210289.JPG,03210289.JPG,2243563,2025-03-22 00:15:55,moved
CT03,M 6,03210290.JPG,M 6\03210290.JPG,03210290.JPG,1179582,2025-03-22 00:15:55,moved
CT03,M 6,03210291.JPG,M 6\03210291.JPG,03210291.JPG,1195629,2025-03-22 00:15:56,moved
CT03,M 6,03250293.JPG,M 6\03250293.JPG,03250293.JPG,2925367,2025-03-25 15:30:24,moved
CT03,M 6,03250294.JPG,M 6\03250294.JPG,03250294.JPG,2822689,2025-03-25 15:30:24,moved
CT03,M 6,03250295.JPG,M 6\03250295.JPG,03250295.JPG,2949625,2025-03-25 15:30:26,moved
CT03,M 6,03260297.JPG,M 6\03260297.JPG,03260297.JPG,2811278,2025-03-26 15:03:18,moved
CT03,M 6,03260298.JPG,M 6\03260298.JPG,03260298.JPG,2014708,2025-03-26 15:03:18,moved
CT03,M 6,03260299.JPG,M 6\03260299.JPG,03260299.JPG,2760071,2025-03-26 15:03:20,moved
CT03,M 6,03260301.JPG,M 6\03260301.JPG,03260301.JPG,2855882,2025-03-26 15:14:38,moved
CT03,M 6,03260302.JPG,M 6\03260302.JPG,03260302.JPG,2345592,2025-03-26 15:14:38,moved
CT03,M 6,03260303.JPG,M 6\03260303.JPG,03260303.JPG,1932560,2025-03-26 15:14:40,moved
CT03,M 6,03300305.JPG,M 6\03300305.JPG,03300305.JPG,2092337,2025-03-30 05:32:45,moved
CT03,M 6,03300306.JPG,M 6\03300306.JPG,03300306.JPG,1186779,2025-03-30 05:32:45,moved
CT03,M 6,03300307.JPG,M 6\03300307.JPG,03300307.JPG,1194682,2025-03-30 05:32:45,moved
CT03,M 6,04050309.JPG,M 6\04050309.JPG,04050309.JPG,2256621,2025-04-05 23:20:57,moved
CT03,M 6,04050310.JPG,M 6\04050310.JPG,04050310.JPG,1191165,2025-04-05 23:20:57,moved
CT03,M 6,04050311.JPG,M 6\04050311.JPG,04050311.JPG,1185549,2025-04-05 23:20:58,moved
CT03,M 6,04080313.JPG,M 6\04080313.JPG,04080313.JPG,2232323,2025-04-08 00:02:17,moved
CT03,M 6,04080314.JPG,M 6\04080314.JPG,04080314.JPG,1205686,2025-04-08 00:02:19,moved
CT03,M 6,04080315.JPG,M 6\04080315.JPG,04080315.JPG,1194146,2025-04-08 00:02:19,moved
CT03,M 6,04150316.JPG,M 6\04150316.JPG,04150316.JPG,1944002,2025-04-15 21:00:49,moved
CT03,M 6,04150317.JPG,M 6\04150317.JPG,04150317.JPG,1061133,2025-04-15 21:00:51,moved
CT03,M 6,04150318.JPG,M 6\04150318.JPG,04150318.JPG,1046435,2025-04-15 21:00:51,moved
CT03,M 6,04160319.JPG,M 6\04160319.JPG,04160319.JPG,2155521,2025-04-16 03:50:55,moved
CT03,M 6,04160320.JPG,M 6\04160320.JPG,04160320.JPG,1147763,2025-04-16 03:50:55,moved
CT03,M 6,04160321.JPG,M 6\04160321.JPG,04160321.JPG,1154213,2025-04-16 03:50:56,moved
CT03,M 6,04190322.JPG,M 6\04190322.JPG,04190322.JPG,1923130,2025-04-19 21:56:55,moved
CT03,M 6,04190323.JPG,M 6\04190323.JPG,04190323.JPG,995925,2025-04-19 21:56:57,moved
CT03,M 6,04190324.JPG,M 6\04190324.JPG,04190324.JPG,982827,2025-04-19 21:56:57,moved
CT03,M 6,04250325.JPG,M 6\04250325.JPG,04250325.JPG,1858391,2025-04-25 21:30:55,moved
CT03,M 6,04250326.JPG,M 6\04250326.JPG,04250326.JPG,1054005,2025-04-25 21:30:55,moved
CT03,M 6,04250327.JPG,M 6\04250327.JPG,04250327.JPG,1077714,2025-04-25 21:30:56,moved
CT03,M 6,04270328.JPG,M 6\04270328.JPG,04270328.JPG,2662599,2025-04-27 12:27:20,moved
CT03,M 6,04270329.JPG,M 6\04270329.JPG,04270329.JPG,2627005,2025-04-27 12:27:20,moved
CT03,M 6,04270330.JPG,M 6\04270330.JPG,04270330.JPG,2605556,2025-04-27 12:27:22,moved
CT03,M 6,04270331.JPG,M 6\04270331.JPG,04270331.JPG,2795482,2025-04-27 12:27:26,moved
CT03,M 6,04270332.JPG,M 6\04270332.JPG,04270332.JPG,2796337,2025-04-27 12:27:28,moved
CT03,M 6,04270333.JPG,M 6\04270333.JPG,04270333.JPG,2794298,2025-04-27 12:27:28,moved
CT03,M 6,04280334.JPG,M 6\04280334.JPG,04280334.JPG,2001970,2025-04-28 22:38:33,moved
CT03,M 6,04280335.JPG,M 6\04280335.JPG,04280335.JPG,1041992,2025-04-28 22:38:35,moved
CT03,M 6,04280336.JPG,M 6\04280336.JPG,04280336.JPG,1073693,2025-04-28 22:38:35,moved
CT03,M 6,05030337.JPG,M 6\05030337.JPG,05030337.JPG,1734883,2025-05-03 20:15:07,moved
CT03,M 6,05030338.JPG,M 6\05030338.JPG,05030338.JPG,982726,2025-05-03 20:15:07,moved
CT03,M 6,05030339.JPG,M 6\05030339.JPG,05030339.JPG,969684,2025-05-03 20:15:08,moved
CT03,M 6,05030340.JPG,M 6\05030340.JPG,05030340.JPG,1365961,2025-05-03 23:49:29,moved
CT03,M 6,05030341.JPG,M 6\05030341.JPG,05030341.JPG,790357,2025-05-03 23:49:29,moved
CT03,M 6,05030342.JPG,M 6\05030342.JPG,05030342.JPG,789277,2025-05-03 23:49:30,moved
CT03,M 6,05030343.JPG,M 6\05030343.JPG,05030343.JPG,1514990,2025-05-03 23:57:23,moved
CT03,M 6,05030344.JPG,M 6\05030344.JPG,05030344.JPG,780375,2025-05-03 23:57:23,moved
CT03,M 6,05030345.JPG,M 6\05030345.JPG,05030345.JPG,793304,2025-05-03 23:57:24,moved
CT03,M 6,05060346.JPG,M 6\05060346.JPG,05060346.JPG,1871175,2025-05-06 05:39:47,moved
CT03,M 6,05060347.JPG,M 6\05060347.JPG,05060347.JPG,970844,2025-05-06 05:39:48,moved
CT03,M 6,05060348.JPG,M 6\05060348.JPG,05060348.JPG,965380,2025-05-06 05:39:49,moved
CT03,M 6,05090349.JPG,M 6\05090349.JPG,05090349.JPG,1753414,2025-05-09 20:21:19,moved
CT03,M 6,05090350.JPG,M 6\05090350.JPG,05090350.JPG,995518,2025-05-09 20:21:19,moved
CT03,M 6,05090351.JPG,M 6\05090351.JPG,05090351.JPG,987161,2025-05-09 20:21:20,moved
CT03,M 6,05120352.JPG,M 6\05120352.JPG,05120352.JPG,2921959,2025-05-12 12:33:28,moved
CT03,M 6,05120353.JPG,M 6\05120353.JPG,05120353.JPG,2733554,2025-05-12 12:33:30,moved
CT03,M 6,05120354.JPG,M 6\05120354.JPG,05120354.JPG,3213776,2025-05-12 12:33:30,moved
CT03,M 6,05210355.JPG,M 6\05210355.JPG,05210355.JPG,1665900,2025-05-21 20:02:39,moved
CT03,M 6,05210356.JPG,M 6\05210356.JPG,05210356.JPG,911221,2025-05-21 20:02:39,moved
CT03,M 6,05210357.JPG,M 6\05210357.JPG,05210357.JPG,909389,2025-05-21 20:02:40,moved
CT03,M 6,05210358.JPG,M 6\05210358.JPG,05210358.JPG,1669813,2025-05-21 20:08:03,moved
CT03,M 6,05210359.JPG,M 6\05210359.JPG,05210359.JPG,906568,2025-05-21 20:08:03,moved
CT03,M 6,05210360.JPG,M 6\05210360.JPG,05210360.JPG,902539,2025-05-21 20:08:04,moved
CT03,M 6,05240361.JPG,M 6\05240361.JPG,05240361.JPG,1865425,2025-05-24 03:48:17,moved
CT03,M 6,05240362.JPG,M 6\05240362.JPG,05240362.JPG,973641,2025-05-24 03:48:19,moved
CT03,M 6,05240363.JPG,M 6\05240363.JPG,05240363.JPG,976212,2025-05-24 03:48:19,moved
CT03,M 6,06020364.JPG,M 6\06020364.JPG,06020364.JPG,2806869,2025-06-02 15:33:04,moved
CT03,M 6,06020365.JPG,M 6\06020365.JPG,06020365.JPG,2032273,2025-06-02 15:33:06,moved
CT03,M 6,06020366.JPG,M 6\06020366.JPG,06020366.JPG,2619548,2025-06-02 15:33:06,moved
CT03,M 6,06020367.JPG,M 6\06020367.JPG,06020367.JPG,2752411,2025-06-02 15:47:26,moved
CT03,M 6,06020368.JPG,M 6\06020368.JPG,06020368.JPG,1861595,2025-06-02 15:47:28,moved
CT03,M 6,06020369.JPG,M 6\06020369.JPG,06020369.JPG,2647007,2025-06-02 15:47:28,moved
CT03,M 6,06050370.JPG,M 6\06050370.JPG,06050370.JPG,1811020,2025-06-05 07:13:47,moved
CT03,M 6,06050371.JPG,M 6\06050371.JPG,06050371.JPG,996841,2025-06-05 07:13:47,moved
CT03,M 6,06050372.JPG,M 6\06050372.JPG,06050372.JPG,1002976,2025-06-05 07:13:48,moved
CT03,M 6,06050373.JPG,M 6\06050373.JPG,06050373.JPG,2469598,2025-06-05 15:01:22,moved
CT03,M 6,06050374.JPG,M 6\06050374.JPG,06050374.JPG,1759739,2025-06-05 15:01:22,moved
CT03,M 6,06050375.JPG,M 6\06050375.JPG,06050375.JPG,1982984,2025-06-05 15:01:24,moved
CT03,M 6,06050376.JPG,M 6\06050376.JPG,06050376.JPG,1949849,2025-06-05 15:01:30,moved
CT03,M 6,06050377.JPG,M 6\06050377.JPG,06050377.JPG,2018787,2025-06-05 15:01:30,moved
CT03,M 6,06050378.JPG,M 6\06050378.JPG,06050378.JPG,2027798,2025-06-05 15:01:32,moved
CT03,M 6,06050379.JPG,M 6\06050379.JPG,06050379.JPG,1858906,2025-06-05 15:01:38,moved
CT03,M 6,06050380.JPG,M 6\06050380.JPG,06050380.JPG,1888894,2025-06-05 15:01:40,moved
CT03,M 6,06050381.JPG,M 6\06050381.JPG,06050381.JPG,1957685,2025-06-05 15:01:40,moved
CT03,M 6,06050382.JPG,M 6\06050382.JPG,06050382.JPG,2029157,2025-06-05 15:23:20,moved
CT03,M 6,06050383.JPG,M 6\06050383.JPG,06050383.JPG,2128758,2025-06-05 15:23:22,moved
CT03,M 6,06050384.JPG,M 6\06050384.JPG,06050384.JPG,2128378,2025-06-05 15:23:22,moved
CT03,M 6,06050385.JPG,M 6\06050385.JPG,06050385.JPG,1982920,2025-06-05 15:24:44,moved
CT03,M 6,06050386.JPG,M 6\06050386.JPG,06050386.JPG,2073567,2025-06-05 15:24:46,moved
CT03,M 6,06050387.JPG,M 6\06050387.JPG,06050387.JPG,2099160,2025-06-05 15:24:46,moved
CT03,M 6,06050388.JPG,M 6\06050388.JPG,06050388.JPG,2177376,2025-06-05 15:38:08,moved
CT03,M 6,06050389.JPG,M 6\06050389.JPG,06050389.JPG,2152259,2025-06-05 15:38:08,moved
CT03,M 6,06050390.JPG,M 6\06050390.JPG,06050390.JPG,2154714,2025-06-05 15:38:08,moved
CT03,M 6,06050391.JPG,M 6\06050391.JPG,06050391.JPG,2114413,2025-06-05 15:38:16,moved
CT03,M 6,06050392.JPG,M 6\06050392.JPG,06050392.JPG,2145196,2025-06-05 15:38:16,moved
CT03,M 6,06050393.JPG,M 6\06050393.JPG,06050393.JPG,2154243,2025-06-05 15:38:18,moved
CT03,M 6,06050394.JPG,M 6\06050394.JPG,06050394.JPG,1589105,2025-06-05 15:38:28,moved
CT03,M 6,06050395.JPG,M 6\06050395.JPG,06050395.JPG,817384,2025-06-05 15:38:28,moved
CT03,M 6,06050396.JPG,M 6\06050396.JPG,06050396.JPG,1366123,2025-06-05 15:38:30,moved
CT03,M 6,06050397.JPG,M 6\06050397.JPG,06050397.JPG,1107583,2025-06-05 15:38:56,moved
CT03,M 6,06050398.JPG,M 6\06050398.JPG,06050398.JPG,1114662,2025-06-05 15:38:56,moved
CT03,M 6,06050399.JPG,M 6\06050399.JPG,06050399.JPG,1052002,2025-06-05 15:38:58,moved
CT03,M 6,10100001.JPG,M 6\10100001.JPG,10100001.JPG,2254056,2024-10-10 02:39:13,moved
CT03,M 6,10100002.JPG,M 6\10100002.JPG,10100002.JPG,1195523,2024-10-10 02:39:15,moved
CT03,M 6,10100003.JPG,M 6\10100003.JPG,10100003.JPG,1233109,2024-10-10 02:39:15,moved
CT03,M 6,10120005.JPG,M 6\10120005.JPG,10120005.JPG,2775123,2024-10-12 15:37:08,moved
CT03,M 6,10120006.JPG,M 6\10120006.JPG,10120006.JPG,2870956,2024-10-12 15:37:10,moved
CT03,M 6,10120007.JPG,M 6\10120007.JPG,10120007.JPG,3427044,2024-10-12 15:37:10,moved
CT03,M 6,10120009.JPG,M 6\10120009.JPG,10120009.JPG,3233761,2024-10-12 15:43:42,moved
CT03,M 6,10120010.JPG,M 6\10120010.JPG,10120010.JPG,2593486,2024-10-12 15:43:42,moved
CT03,M 6,10120011.JPG,M 6\10120011.JPG,10120011.JPG,2963997,2024-10-12 15:43:44,moved
CT03,M 6,10180013.JPG,M 6\10180013.JPG,10180013.JPG,3325886,2024-10-18 13:22:20,moved
CT03,M 6,10180014.JPG,M 6\10180014.JPG,10180014.JPG,3325483,2024-10-18 13:22:20,moved
CT03,M 6,10180015.JPG,M 6\10180015.JPG,10180015.JPG,3335660,2024-10-18 13:22:22,moved
CT03,M 6,10200017.JPG,M 6\10200017.JPG,10200017.JPG,2275203,2024-10-20 02:17:13,moved
CT03,M 6,10200018.JPG,M 6\10200018.JPG,10200018.JPG,1189842,2024-10-20 02:17:13,moved
CT03,M 6,10200019.JPG,M 6\10200019.JPG,10200019.JPG,1195368,2024-10-20 02:17:14,moved
CT03,M 6,10250021.JPG,M 6\10250021.JPG,10250021.JPG,2275301,2024-10-25 23:21:59,moved
CT03,M 6,10250022.JPG,M 6\10250022.JPG,10250022.JPG,1179988,2024-10-25 23:21:59,moved
CT03,M 6,10250023.JPG,M 6\10250023.JPG,10250023.JPG,1197171,2024-10-25 23:22:00,moved
CT03,M 6,10260025.JPG,M 6\10260025.JPG,10260025.JPG,3184266,2024-10-26 13:41:14,moved
CT03,M 6,10260026.JPG,M 6\10260026.JPG,10260026.JPG,3187509,2024-10-26 13:41:14,moved
CT03,M 6,10260027.JPG,M 6\10260027.JPG,10260027.JPG,3226273,2024-10-26 13:41:16,moved
CT03,M 6,10280029.JPG,M 6\10280029.JPG,10280029.JPG,2266835,2024-10-28 03:30:17,moved
CT03,M 6,10280030.JPG,M 6\10280030.JPG,10280030.JPG,1210040,2024-10-28 03:30:19,moved
CT03,M 6,10280031.JPG,M 6\10280031.JPG,10280031.JPG,1202305,2024-10-28 03:30:19,moved
CT03,M 6,11010033.JPG,M 6\11010033.JPG,11010033.JPG,2276690,2024-11-01 04:25:51,moved
CT03,M 6,11010034.JPG,M 6\11010034.JPG,11010034.JPG,1195542,2024-11-01 04:25:51,moved
CT03,M 6,11010035.JPG,M 6\11010035.JPG,11010035.JPG,1202921,2024-11-01 04:25:52,moved
CT03,M 6,11070037.JPG,M 6\11070037.JPG,11070037.JPG,3185237,2024-11-07 15:12:36,moved
CT03,M 6,11070038.JPG,M 6\11070038.JPG,11070038.JPG,3206765,2024-11-07 15:12:36,moved
CT03,M 6,11070039.JPG,M 6\11070039.JPG,11070039.JPG,3186108,2024-11-07 15:12:38,moved
CT03,M 6,11220041.JPG,M 6\11220041.JPG,11220041.JPG,2254336,2024-11-22 02:17:53,moved
CT03,M 6,11220042.JPG,M 6\11220042.JPG,11220042.JPG,1188470,2024-11-22 02:17:55,moved
CT03,M 6,11220043.JPG,M 6\11220043.JPG,11220043.JPG,1190968,2024-11-22 02:17:55,moved
CT03,M 6,11270045.JPG,M 6\11270045.JPG,11270045.JPG,2071993,2024-11-27 01:25:27,moved
CT03,M 6,11270046.JPG,M 6\11270046.JPG,11270046.JPG,1159473,2024-11-27 01:25:27,moved
CT03,M 6,11270047.JPG,M 6\11270047.JPG,11270047.JPG,1151127,2024-11-27 01:25:28,moved
CT03,M 6,11280049.JPG,M 6\11280049.JPG,11280049.JPG,2050712,2024-11-28 01:28:59,moved
CT03,M 6,11280050.JPG,M 6\11280050.JPG,11280050.JPG,1046355,2024-11-28 01:29:00,moved
CT03,M 6,11280051.JPG,M 6\11280051.JPG,11280051.JPG,1062099,2024-11-28 01:29:00,moved
CT03,M 6,11300053.JPG,M 6\11300053.JPG,11300053.JPG,2125801,2024-11-30 04:48:39,moved
CT03,M 6,11300054.JPG,M 6\11300054.JPG,11300054.JPG,1056950,2024-11-30 04:48:39,moved
CT03,M 6,11300055.JPG,M 6\11300055.JPG,11300055.JPG,1060574,2024-11-30 04:48:40,moved
CT03,M 6,12080057.JPG,M 6\12080057.JPG,12080057.JPG,2043827,2024-12-08 04:18:33,moved
CT03,M 6,12080058.JPG,M 6\12080058.JPG,12080058.JPG,1083079,2024-12-08 04:18:34,moved
CT03,M 6,12080059.JPG,M 6\12080059.JPG,12080059.JPG,1068084,2024-12-08 04:18:34,moved
CT03,M 6,12130061.JPG,M 6\12130061.JPG,12130061.JPG,2051619,2024-12-14 00:18:05,moved
CT03,M 6,12130062.JPG,M 6\12130062.JPG,12130062.JPG,1046471,2024-12-14 00:18:06,moved
CT03,M 6,12130063.JPG,M 6\12130063.JPG,12130063.JPG,1052444,2024-12-14 00:18:06,moved
CT03,M 6,12150065.JPG,M 6\12150065.JPG,12150065.JPG,2147262,2024-12-15 02:43:59,moved
CT03,M 6,12150066.JPG,M 6\12150066.JPG,12150066.JPG,1143085,2024-12-15 02:43:59,moved
CT03,M 6,12150067.JPG,M 6\12150067.JPG,12150067.JPG,1157612,2024-12-15 02:44:00,moved
CT03,M 6,12210069.JPG,M 6\12210069.JPG,12210069.JPG,2173454,2024-12-22 00:03:31,moved
CT03,M 6,12210070.JPG,M 6\12210070.JPG,12210070.JPG,1141573,2024-12-22 00:03:31,moved
CT03,M 6,12210071.JPG,M 6\12210071.JPG,12210071.JPG,1108149,2024-12-22 00:03:32,moved
CT03,M 6,12250073.JPG,M 6\12250073.JPG,12250073.JPG,980129,2024-12-25 08:47:25,moved
CT03,M 6,12250074.JPG,M 6\12250074.JPG,12250074.JPG,1006110,2024-12-25 08:47:27,moved
CT03,M 6,12250075.JPG,M 6\12250075.JPG,12250075.JPG,1001016,2024-12-25 08:47:27,moved
CT03,M 6,12250077.JPG,M 6\12250077.JPG,12250077.JPG,935654,2024-12-25 09:09:39,moved
CT03,M 6,12250078.JPG,M 6\12250078.JPG,12250078.JPG,959220,2024-12-25 09:09:40,moved
CT03,M 6,12250079.JPG,M 6\12250079.JPG,12250079.JPG,953261,2024-12-25 09:09:40,moved
CT04,M5,01090001.JPG,M5\01090001.JPG,01090001.JPG,5407937,2025-01-09 13:32:28,moved
CT04,M5,01090002.JPG,M5\01090002.JPG,01090002.JPG,4861263,2025-01-09 13:32:28,moved
CT04,M5,01090003.JPG,M5\01090003.JPG,01090003.JPG,5201384,2025-01-09 13:32:30,moved
CT04,M5,01120005.JPG,M5\01120005.JPG,01120005.JPG,6156781,2025-01-12 12:22:46,moved
CT04,M5,01120006.JPG,M5\01120006.JPG,01120006.JPG,5902091,2025-01-12 12:22:46,moved
CT04,M5,01120007.JPG,M5\01120007.JPG,01120007.JPG,6221604,2025-01-12 12:22:48,moved
CT04,M5,01120009.JPG,M5\01120009.JPG,01120009.JPG,6149113,2025-01-12 12:38:38,moved
CT04,M5,01120010.JPG,M5\01120010.JPG,01120010.JPG,6153554,2025-01-12 12:38:40,moved
CT04,M5,01120011.JPG,M5\01120011.JPG,01120011.JPG,6156813,2025-01-12 12:38:40,moved
CT04,M5,01130013.JPG,M5\01130013.JPG,01130013.JPG,5920447,2025-01-13 17:19:42,moved
CT04,M5,01130014.JPG,M5\01130014.JPG,01130014.JPG,5948789,2025-01-13 17:19:44,moved
CT04,M5,01130015.JPG,M5\01130015.JPG,01130015.JPG,5941850,2025-01-13 17:19:44,moved
CT04,M5,01140017.JPG,M5\01140017.JPG,01140017.JPG,5973481,2025-01-14 15:26:28,moved
CT04,M5,01140018.JPG,M5\01140018.JPG,01140018.JPG,5966466,2025-01-14 15:26:28,moved
CT04,M5,01140019.JPG,M5\01140019.JPG,01140019.JPG,5965057,2025-01-14 15:26:30,moved
CT04,M5,01140021.JPG,M5\01140021.JPG,01140021.JPG,5881775,2025-01-14 19:24:18,moved
CT04,M5,01140022.JPG,M5\01140022.JPG,01140022.JPG,5876416,2025-01-14 19:24:21,moved
CT04,M5,01140023.JPG,M5\01140023.JPG,01140023.JPG,5877601,2025-01-14 19:24:20,moved
CT04,M5,01140025.JPG,M5\01140025.JPG,01140025.JPG,5763292,2025-01-14 19:29:28,moved
CT04,M5,01140026.JPG,M5\01140026.JPG,01140026.JPG,5905963,2025-01-14 19:29:28,moved
CT04,M5,01140027.JPG,M5\01140027.JPG,01140027.JPG,5904432,2025-01-14 19:29:31,moved
CT04,M5,01150029.JPG,M5\01150029.JPG,01150029.JPG,5657703,2025-01-15 16:03:14,moved
CT04,M5,01150030.JPG,M5\01150030.JPG,01150030.JPG,5672654,2025-01-15 16:03:16,moved
CT04,M5,01150031.JPG,M5\01150031.JPG,01150031.JPG,5684305,2025-01-15 16:03:16,moved
CT04,M5,01150033.JPG,M5\01150033.JPG,01150033.JPG,5668993,2025-01-15 16:03:40,moved
CT04,M5,01150034.JPG,M5\01150034.JPG,01150034.JPG,5682994,2025-01-15 16:03:42,moved
CT04,M5,01150035.JPG,M5\01150035.JPG,01150035.JPG,5671373,2025-01-15 16:03:42,moved
CT04,M5,01150037.JPG,M5\01150037.JPG,01150037.JPG,5927007,2025-01-15 17:17:06,moved
CT04,M5,01150038.JPG,M5\01150038.JPG,01150038.JPG,5632405,2025-01-15 17:17:09,moved
CT04,M5,01150039.JPG,M5\01150039.JPG,01150039.JPG,5716535,2025-01-15 17:17:08,moved
CT04,M5,01150041.JPG,M5\01150041.JPG,01150041.JPG,4963407,2025-01-15 17:56:20,moved
CT04,M5,01150042.JPG,M5\01150042.JPG,01150042.JPG,5455014,2025-01-15 17:56:23,moved
CT04,M5,01150043.JPG,M5\01150043.JPG,01150043.JPG,5562568,2025-01-15 17:56:22,moved
CT04,M5,01150045.JPG,M5\01150045.JPG,01150045.JPG,5780840,2025-01-15 17:56:28,moved
CT04,M5,01150046.JPG,M5\01150046.JPG,01150046.JPG,5778890,2025-01-15 17:56:30,moved
CT04,M5,01150047.JPG,M5\01150047.JPG,01150047.JPG,6233264,2025-01-15 17:56:30,moved
CT04,M5,01160049.JPG,M5\01160049.JPG,01160049.JPG,5736266,2025-01-16 09:11:08,moved
CT04,M5,01160050.JPG,M5\01160050.JPG,01160050.JPG,5720854,2025-01-16 09:11:08,moved
CT04,M5,01160051.JPG,M5\01160051.JPG,01160051.JPG,5738998,2025-01-16 09:11:11,moved
CT04,M5,01160053.JPG,M5\01160053.JPG,01160053.JPG,4807705,2025-01-16 10:32:14,moved
CT04,M5,01160054.JPG,M5\01160054.JPG,01160054.JPG,5017899,2025-01-16 10:32:14,moved
CT04,M5,01160055.JPG,M5\01160055.JPG,01160055.JPG,4630698,2025-01-16 10:32:17,moved
CT04,M5,01160057.JPG,M5\01160057.JPG,01160057.JPG,5874361,2025-01-16 13:33:56,moved
CT04,M5,01160058.JPG,M5\01160058.JPG,01160058.JPG,5840911,2025-01-16 13:33:58,moved
CT04,M5,01160059.JPG,M5\01160059.JPG,01160059.JPG,5858256,2025-01-16 13:33:58,moved
CT04,M5,01170061.JPG,M5\01170061.JPG,01170061.JPG,5934337,2025-01-17 12:05:13,moved
CT04,M5,01170062.JPG,M5\01170062.JPG,01170062.JPG,5934281,2025-01-17 12:05:12,moved
CT04,M5,01170063.JPG,M5\01170063.JPG,01170063.JPG,5930353,2025-01-17 12:05:12,moved
CT04,M5,01170065.JPG,M5\01170065.JPG,01170065.JPG,5922030,2025-01-17 12:50:38,moved
CT04,M5,01170066.JPG,M5\01170066.JPG,01170066.JPG,5928979,2025-01-17 12:50:38,moved
CT04,M5,01170067.JPG,M5\01170067.JPG,01170067.JPG,5922456,2025-01-17 12:50:41,moved
CT04,M5,01170069.JPG,M5\01170069.JPG,01170069.JPG,6128510,2025-01-17 13:11:46,moved
CT04,M5,01170070.JPG,M5\01170070.JPG,01170070.JPG,6202374,2025-01-17 13:11:46,moved
CT04,M5,01170071.JPG,M5\01170071.JPG,01170071.JPG,6175339,2025-01-17 13:11:46,moved
CT04,M5,01170073.JPG,M5\01170073.JPG,01170073.JPG,5872591,2025-01-17 13:15:34,moved
CT04,M5,01170074.JPG,M5\01170074.JPG,01170074.JPG,6134575,2025-01-17 13:15:37,moved
CT04,M5,01170075.JPG,M5\01170075.JPG,01170075.JPG,6111378,2025-01-17 13:15:36,moved
CT04,M5,01170077.JPG,M5\01170077.JPG,01170077.JPG,6031792,2025-01-17 13:48:19,moved
CT04,M5,01170078.JPG,M5\01170078.JPG,01170078.JPG,6008343,2025-01-17 13:48:18,moved
CT04,M5,01170079.JPG,M5\01170079.JPG,01170079.JPG,5931037,2025-01-17 13:48:18,moved
CT04,M5,01180081.JPG,M5\01180081.JPG,01180081.JPG,5964970,2025-01-18 18:18:34,moved
CT04,M5,01180082.JPG,M5\01180082.JPG,01180082.JPG,5939543,2025-01-18 18:18:34,moved
CT04,M5,01180083.JPG,M5\01180083.JPG,01180083.JPG,5943609,2025-01-18 18:18:37,moved
CT04,M5,01200085.JPG,M5\01200085.JPG,01200085.JPG,6177679,2025-01-20 12:57:59,moved
CT04,M5,01200086.JPG,M5\01200086.JPG,01200086.JPG,6227436,2025-01-20 12:57:58,moved
CT04,M5,01200087.JPG,M5\01200087.JPG,01200087.JPG,6206262,2025-01-20 12:57:58,moved
CT04,M5,01210089.JPG,M5\01210089.JPG,01210089.JPG,5965609,2025-01-21 12:11:22,moved
CT04,M5,01210090.JPG,M5\01210090.JPG,01210090.JPG,5971168,2025-01-21 12:11:22,moved
CT04,M5,01210091.JPG,M5\01210091.JPG,01210091.JPG,5968903,2025-01-21 12:11:24,moved
CT04,M5,01210093.JPG,M5\01210093.JPG,01210093.JPG,5957739,2025-01-21 12:21:14,moved
CT04,M5,01210094.JPG,M5\01210094.JPG,01210094.JPG,5966819,2025-01-21 12:21:14,moved
CT04,M5,01210095.JPG,M5\01210095.JPG,01210095.JPG,6015839,2025-01-21 12:21:14,moved
CT04,M5,01210097.JPG,M5\01210097.JPG,01210097.JPG,6096046,2025-01-21 12:56:14,moved
CT04,M5,01210098.JPG,M5\01210098.JPG,01210098.JPG,6072390,2025-01-21 12:56:14,moved
CT04,M5,01210099.JPG,M5\01210099.JPG,01210099.JPG,6069060,2025-01-21 12:56:17,moved
CT04,M5,01210101.JPG,M5\01210101.JPG,01210101.JPG,6254226,2025-01-21 13:15:54,moved
CT04,M5,01210102.JPG,M5\01210102.JPG,01210102.JPG,5831651,2025-01-21 13:15:57,moved
CT04,M5,01210103.JPG,M5\01210103.JPG,01210103.JPG,5825952,2025-01-21 13:15:56,moved
CT04,M5,01210105.JPG,M5\01210105.JPG,01210105.JPG,6229320,2025-01-21 13:28:38,moved
CT04,M5,01210106.JPG,M5\01210106.JPG,01210106.JPG,6246218,2025-01-21 13:28:40,moved
CT04,M5,01210107.JPG,M5\01210107.JPG,01210107.JPG,6243984,2025-01-21 13:28:40,moved
CT04,M5,01210109.JPG,M5\01210109.JPG,01210109.JPG,5859355,2025-01-21 17:57:04,moved
CT04,M5,01210110.JPG,M5\01210110.JPG,01210110.JPG,5924654,2025-01-21 17:57:04,moved
CT04,M5,01210111.JPG,M5\01210111.JPG,01210111.JPG,5946212,2025-01-21 17:57:06,moved
CT04,M5,01220113.JPG,M5\01220113.JPG,01220113.JPG,5893068,2025-01-22 11:24:00,moved
CT04,M5,01220114.JPG,M5\01220114.JPG,01220114.JPG,5898838,2025-01-22 11:24:03,moved
CT04,M5,01220115.JPG,M5\01220115.JPG,01220115.JPG,5895955,2025-01-22 11:24:02,moved
CT04,M5,01220117.JPG,M5\01220117.JPG,01220117.JPG,5910402,2025-01-22 12:36:08,moved
CT04,M5,01220118.JPG,M5\01220118.JPG,01220118.JPG,5940660,2025-01-22 12:36:08,moved
CT04,M5,01220119.JPG,M5\01220119.JPG,01220119.JPG,5933575,2025-01-22 12:36:10,moved
CT04,M5,01230121.JPG,M5\01230121.JPG,01230121.JPG,5906305,2025-01-23 19:20:52,moved
CT04,M5,01230122.JPG,M5\01230122.JPG,01230122.JPG,5907898,2025-01-23 19:20:55,moved
CT04,M5,01230123.JPG,M5\01230123.JPG,01230123.JPG,5902274,2025-01-23 19:20:54,moved
CT04,M5,01240125.JPG,M5\01240125.JPG,01240125.JPG,6059982,2025-01-24 12:34:54,moved
CT04,M5,01240126.JPG,M5\01240126.JPG,01240126.JPG,6138636,2025-01-24 12:34:56,moved
CT04,M5,01240127.JPG,M5\01240127.JPG,01240127.JPG,6115801,2025-01-24 12:34:56,moved
CT04,M5,01240129.JPG,M5\01240129.JPG,01240129.JPG,6115147,2025-01-24 12:48:33,moved
CT04,M5,01240130.JPG,M5\01240130.JPG,01240130.JPG,6097840,2025-01-24 12:48:32,moved
CT04,M5,01240131.JPG,M5\01240131.JPG,01240131.JPG,6156612,2025-01-24 12:48:32,moved
CT04,M5,01240133.JPG,M5\01240133.JPG,01240133.JPG,6086759,2025-01-24 13:36:32,moved
CT04,M5,01240134.JPG,M5\01240134.JPG,01240134.JPG,6105242,2025-01-24 13:36:35,moved
CT04,M5,01240135.JPG,M5\01240135.JPG,01240135.JPG,6119489,2025-01-24 13:36:34,moved
CT04,M5,01250137.JPG,M5\01250137.JPG,01250137.JPG,5939280,2025-01-25 11:40:18,moved
CT04,M5,01250138.JPG,M5\01250138.JPG,01250138.JPG,6020227,2025-01-25 11:40:21,moved
CT04,M5,01250139.JPG,M5\01250139.JPG,01250139.JPG,5937083,2025-01-25 11:40:20,moved
CT04,M5,01250141.JPG,M5\01250141.JPG,01250141.JPG,5908243,2025-01-25 12:30:59,moved
CT04,M5,01250142.JPG,M5\01250142.JPG,01250142.JPG,5960084,2025-01-25 12:30:58,moved
CT04,M5,01250143.JPG,M5\01250143.JPG,01250143.JPG,5964271,2025-01-25 12:30:58,moved
CT04,M5,01260145.JPG,M5\01260145.JPG,01260145.JPG,6011950,2025-01-26 11:49:29,moved
CT04,M5,01260146.JPG,M5\01260146.JPG,01260146.JPG,5968614,2025-01-26 11:49:28,moved
CT04,M5,01260147.JPG,M5\01260147.JPG,01260147.JPG,5973746,2025-01-26 11:49:28,moved
CT04,M5,01260149.JPG,M5\01260149.JPG,01260149.JPG,5915692,2025-01-26 12:30:56,moved
CT04,M5,01260150.JPG,M5\01260150.JPG,01260150.JPG,5999995,2025-01-26 12:30:56,moved
CT04,M5,01260151.JPG,M5\01260151.JPG,01260151.JPG,5997322,2025-01-26 12:30:58,moved
CT04,M5,01260153.JPG,M5\01260153.JPG,01260153.JPG,6217877,2025-01-26 13:08:34,moved
CT04,M5,01260154.JPG,M5\01260154.JPG,01260154.JPG,6218946,2025-01-26 13:08:34,moved
CT04,M5,01260155.JPG,M5\01260155.JPG,01260155.JPG,6226785,2025-01-26 13:08:36,moved
CT04,M5,01260157.JPG,M5\01260157.JPG,01260157.JPG,5892964,2025-01-26 13:12:04,moved
CT04,M5,01260158.JPG,M5\01260158.JPG,01260158.JPG,6216150,2025-01-26 13:12:06,moved
CT04,M5,01260159.JPG,M5\01260159.JPG,01260159.JPG,6256471,2025-01-26 13:12:06,moved
CT04,M5,01260161.JPG,M5\01260161.JPG,01260161.JPG,5900710,2025-01-26 13:12:42,moved
CT04,M5,01260162.JPG,M5\01260162.JPG,01260162.JPG,6220249,2025-01-26 13:12:42,moved
CT04,M5,01260163.JPG,M5\01260163.JPG,01260163.JPG,6202182,2025-01-26 13:12:44,moved
CT04,M5,01260165.JPG,M5\01260165.JPG,01260165.JPG,5857893,2025-01-26 13:37:08,moved
CT04,M5,01260166.JPG,M5\01260166.JPG,01260166.JPG,5908553,2025-01-26 13:37:08,moved
CT04,M5,01260167.JPG,M5\01260167.JPG,01260167.JPG,5917061,2025-01-26 13:37:10,moved
CT04,M5,01260169.JPG,M5\01260169.JPG,01260169.JPG,6133909,2025-01-26 17:26:48,moved
CT04,M5,01260170.JPG,M5\01260170.JPG,01260170.JPG,6130038,2025-01-26 17:26:48,moved
CT04,M5,01260171.JPG,M5\01260171.JPG,01260171.JPG,6117007,2025-01-26 17:26:50,moved
CT04,M5,01270173.JPG,M5\01270173.JPG,01270173.JPG,5862582,2025-01-27 12:03:14,moved
CT04,M5,01270174.JPG,M5\01270174.JPG,01270174.JPG,5861853,2025-01-27 12:03:14,moved
CT04,M5,01270175.JPG,M5\01270175.JPG,01270175.JPG,5854878,2025-01-27 12:03:14,moved
CT04,M5,01270177.JPG,M5\01270177.JPG,01270177.JPG,5900464,2025-01-27 12:18:34,moved
CT04,M5,01270178.JPG,M5\01270178.JPG,01270178.JPG,5891347,2025-01-27 12:18:34,moved
CT04,M5,01270179.JPG,M5\01270179.JPG,01270179.JPG,5995449,2025-01-27 12:18:37,moved
CT04,M5,01270181.JPG,M5\01270181.JPG,01270181.JPG,5879008,2025-01-27 12:23:06,moved
CT04,M5,01270182.JPG,M5\01270182.JPG,01270182.JPG,5895300,2025-01-27 12:23:06,moved
CT04,M5,01270183.JPG,M5\01270183.JPG,01270183.JPG,5880896,2025-01-27 12:23:09,moved
CT04,M5,01270185.JPG,M5\01270185.JPG,01270185.JPG,5891963,2025-01-27 12:25:48,moved
CT04,M5,01270186.JPG,M5\01270186.JPG,01270186.JPG,5889814,2025-01-27 12:25:48,moved
CT04,M5,01270187.JPG,M5\01270187.JPG,01270187.JPG,5893549,2025-01-27 12:25:51,moved
CT04,M5,01270189.JPG,M5\01270189.JPG,01270189.JPG,5884932,2025-01-27 12:28:34,moved
CT04,M5,01270190.JPG,M5\01270190.JPG,01270190.JPG,5886043,2025-01-27 12:28:34,moved
CT04,M5,01270191.JPG,M5\01270191.JPG,01270191.JPG,5889996,2025-01-27 12:28:37,moved
CT04,M5,01270193.JPG,M5\01270193.JPG,01270193.JPG,5992021,2025-01-27 12:31:18,moved
CT04,M5,01270194.JPG,M5\01270194.JPG,01270194.JPG,5892443,2025-01-27 12:31:18,moved
CT04,M5,01270195.JPG,M5\01270195.JPG,01270195.JPG,5989812,2025-01-27 12:31:21,moved
CT04,M5,01270197.JPG,M5\01270197.JPG,01270197.JPG,5981746,2025-01-27 12:32:48,moved
CT04,M5,01270198.JPG,M5\01270198.JPG,01270198.JPG,5968103,2025-01-27 12:32:48,moved
CT04,M5,01270199.JPG,M5\01270199.JPG,01270199.JPG,5988437,2025-01-27 12:32:50,moved
CT04,M5,01270201.JPG,M5\01270201.JPG,01270201.JPG,5971681,2025-01-27 12:33:14,moved
CT04,M5,01270202.JPG,M5\01270202.JPG,01270202.JPG,6006754,2025-01-27 12:33:14,moved
CT04,M5,01270203.JPG,M5\01270203.JPG,01270203.JPG,5961484,2025-01-27 12:33:16,moved
CT04,M5,01270205.JPG,M5\01270205.JPG,01270205.JPG,5971148,2025-01-27 12:33:34,moved
CT04,M5,01270206.JPG,M5\01270206.JPG,01270206.JPG,6025552,2025-01-27 12:33:37,moved
CT04,M5,01270207.JPG,M5\01270207.JPG,01270207.JPG,5980398,2025-01-27 12:33:36,moved
CT04,M5,01270209.JPG,M5\01270209.JPG,01270209.JPG,5873141,2025-01-27 12:35:02,moved
CT04,M5,01270210.JPG,M5\01270210.JPG,01270210.JPG,5991267,2025-01-27 12:35:04,moved
CT04,M5,01270211.JPG,M5\01270211.JPG,01270211.JPG,5977570,2025-01-27 12:35:04,moved
CT04,M5,01270213.JPG,M5\01270213.JPG,01270213.JPG,6034433,2025-01-27 12:35:28,moved
CT04,M5,01270214.JPG,M5\01270214.JPG,01270214.JPG,6012818,2025-01-27 12:35:31,moved
CT04,M5,01270215.JPG,M5\01270215.JPG,01270215.JPG,6006854,2025-01-27 12:35:30,moved
CT04,M5,01270217.JPG,M5\01270217.JPG,01270217.JPG,6026098,2025-01-27 12:35:50,moved
CT04,M5,01270218.JPG,M5\01270218.JPG,01270218.JPG,6017326,2025-01-27 12:35:50,moved
CT04,M5,01270219.JPG,M5\01270219.JPG,01270219.JPG,5999178,2025-01-27 12:35:50,moved
CT04,M5,01270221.JPG,M5\01270221.JPG,01270221.JPG,6045531,2025-01-27 12:36:10,moved
CT04,M5,01270222.JPG,M5\01270222.JPG,01270222.JPG,5974777,2025-01-27 12:36:13,moved
CT04,M5,01270223.JPG,M5\01270223.JPG,01270223.JPG,5969151,2025-01-27 12:36:12,moved
CT04,M5,01270225.JPG,M5\01270225.JPG,01270225.JPG,6096721,2025-01-27 12:48:48,moved
CT04,M5,01270226.JPG,M5\01270226.JPG,01270226.JPG,6104239,2025-01-27 12:48:48,moved
CT04,M5,01270227.JPG,M5\01270227.JPG,01270227.JPG,6107551,2025-01-27 12:48:50,moved
CT04,M5,01270229.JPG,M5\01270229.JPG,01270229.JPG,6157447,2025-01-27 12:58:48,moved
CT04,M5,01270230.JPG,M5\01270230.JPG,01270230.JPG,5889913,2025-01-27 12:58:48,moved
CT04,M5,01270231.JPG,M5\01270231.JPG,01270231.JPG,6263851,2025-01-27 12:58:48,moved
CT04,M5,01270233.JPG,M5\01270233.JPG,01270233.JPG,6239816,2025-01-27 12:59:10,moved
CT04,M5,01270234.JPG,M5\01270234.JPG,01270234.JPG,6238765,2025-01-27 12:59:10,moved
CT04,M5,01270235.JPG,M5\01270235.JPG,01270235.JPG,6242291,2025-01-27 12:59:13,moved
CT04,M5,01270237.JPG,M5\01270237.JPG,01270237.JPG,5796890,2025-01-27 13:00:34,moved
CT04,M5,01270238.JPG,M5\01270238.JPG,01270238.JPG,5826997,2025-01-27 13:00:34,moved
CT04,M5,01270239.JPG,M5\01270239.JPG,01270239.JPG,5835522,2025-01-27 13:00:34,moved
CT04,M5,01270241.JPG,M5\01270241.JPG,01270241.JPG,5815117,2025-01-27 13:00:52,moved
CT04,M5,01270242.JPG,M5\01270242.JPG,01270242.JPG,6246198,2025-01-27 13:00:54,moved
CT04,M5,01270243.JPG,M5\01270243.JPG,01270243.JPG,5814817,2025-01-27 13:00:54,moved
CT04,M5,01270245.JPG,M5\01270245.JPG,01270245.JPG,5813535,2025-01-27 13:01:19,moved
CT04,M5,01270246.JPG,M5\01270246.JPG,01270246.JPG,6224322,2025-01-27 13:01:18,moved
CT04,M5,01270247.JPG,M5\01270247.JPG,01270247.JPG,6242911,2025-01-27 13:01:18,moved
CT04,M5,01270249.JPG,M5\01270249.JPG,01270249.JPG,5812530,2025-01-27 13:02:22,moved
CT04,M5,01270250.JPG,M5\01270250.JPG,01270250.JPG,5815523,2025-01-27 13:02:25,moved
CT04,M5,01270251.JPG,M5\01270251.JPG,01270251.JPG,5817233,2025-01-27 13:02:24,moved
CT04,M5,01270253.JPG,M5\01270253.JPG,01270253.JPG,6262435,2025-01-27 13:04:24,moved
CT04,M5,01270254.JPG,M5\01270254.JPG,01270254.JPG,5867648,2025-01-27 13:04:26,moved
CT04,M5,01270255.JPG,M5\01270255.JPG,01270255.JPG,5864533,2025-01-27 13:04:26,moved
CT04,M5,01270257.JPG,M5\01270257.JPG,01270257.JPG,5868701,2025-01-27 13:04:49,moved
CT04,M5,01270258.JPG,M5\01270258.JPG,01270258.JPG,5870432,2025-01-27 13:04:48,moved
CT04,M5,01270259.JPG,M5\01270259.JPG,01270259.JPG,5886444,2025-01-27 13:04:48,moved
CT04,M5,01270261.JPG,M5\01270261.JPG,01270261.JPG,5891718,2025-01-27 13:05:06,moved
CT04,M5,01270262.JPG,M5\01270262.JPG,01270262.JPG,5853973,2025-01-27 13:05:08,moved
CT04,M5,01270263.JPG,M5\01270263.JPG,01270263.JPG,5857651,2025-01-27 13:05:08,moved
CT04,M5,01270265.JPG,M5\01270265.JPG,01270265.JPG,5852433,2025-01-27 13:05:28,moved
CT04,M5,01270266.JPG,M5\01270266.JPG,01270266.JPG,5845896,2025-01-27 13:05:28,moved
CT04,M5,01270267.JPG,M5\01270267.JPG,01270267.JPG,5858982,2025-01-27 13:05:28,moved
CT04,M5,01270269.JPG,M5\01270269.JPG,01270269.JPG,5876489,2025-01-27 13:05:52,moved
CT04,M5,01270270.JPG,M5\01270270.JPG,01270270.JPG,5911811,2025-01-27 13:05:52,moved
CT04,M5,01270271.JPG,M5\01270271.JPG,01270271.JPG,5875180,2025-01-27 13:05:54,moved
CT04,M5,01270273.JPG,M5\01270273.JPG,01270273.JPG,6225451,2025-01-27 13:12:52,moved
CT04,M5,01270274.JPG,M5\01270274.JPG,01270274.JPG,5896102,2025-01-27 13:12:55,moved
CT04,M5,01270275.JPG,M5\01270275.JPG,01270275.JPG,5912408,2025-01-27 13:12:54,moved
CT04,M5,01270277.JPG,M5\01270277.JPG,01270277.JPG,6195188,2025-01-27 13:19:02,moved
CT04,M5,01270278.JPG,M5\01270278.JPG,01270278.JPG,5885884,2025-01-27 13:19:05,moved
CT04,M5,01270279.JPG,M5\01270279.JPG,01270279.JPG,5872093,2025-01-27 13:19:04,moved
CT04,M5,01270281.JPG,M5\01270281.JPG,01270281.JPG,6172156,2025-01-27 13:22:40,moved
CT04,M5,01270282.JPG,M5\01270282.JPG,01270282.JPG,6261518,2025-01-27 13:22:40,moved
CT04,M5,01270283.JPG,M5\01270283.JPG,01270283.JPG,6200213,2025-01-27 13:22:42,moved
CT04,M5,01270285.JPG,M5\01270285.JPG,01270285.JPG,5819655,2025-01-27 13:27:43,moved
CT04,M5,01270286.JPG,M5\01270286.JPG,01270286.JPG,5917475,2025-01-27 13:27:42,moved
CT04,M5,01270287.JPG,M5\01270287.JPG,01270287.JPG,5861153,2025-01-27 13:27:42,moved
CT04,M5,01270289.JPG,M5\01270289.JPG,01270289.JPG,5869530,2025-01-27 13:29:32,moved
CT04,M5,01270290.JPG,M5\01270290.JPG,01270290.JPG,5837644,2025-01-27 13:29:32,moved
CT04,M5,01270291.JPG,M5\01270291.JPG,01270291.JPG,5843340,2025-01-27 13:29:32,moved
CT04,M5,01270293.JPG,M5\01270293.JPG,01270293.JPG,5842407,2025-01-27 13:30:16,moved
CT04,M5,01270294.JPG,M5\01270294.JPG,01270294.JPG,5892349,2025-01-27 13:30:16,moved
CT04,M5,01270295.JPG,M5\01270295.JPG,01270295.JPG,5885631,2025-01-27 13:30:19,moved
CT04,M5,01270297.JPG,M5\01270297.JPG,01270297.JPG,5896495,2025-01-27 13:31:12,moved
CT04,M5,01270298.JPG,M5\01270298.JPG,01270298.JPG,5901044,2025-01-27 13:31:12,moved
CT04,M5,01270299.JPG,M5\01270299.JPG,01270299.JPG,5890326,2025-01-27 13:31:15,moved
CT04,M5,01270301.JPG,M5\01270301.JPG,01270301.JPG,5900832,2025-01-27 13:31:33,moved
CT04,M5,01270302.JPG,M5\01270302.JPG,01270302.JPG,5915617,2025-01-27 13:31:32,moved
CT04,M5,01270303.JPG,M5\01270303.JPG,01270303.JPG,5865528,2025-01-27 13:31:32,moved
CT04,M5,01270305.JPG,M5\01270305.JPG,01270305.JPG,5867463,2025-01-27 13:31:53,moved
CT04,M5,01270306.JPG,M5\01270306.JPG,01270306.JPG,5929880,2025-01-27 13:31:52,moved
CT04,M5,01270307.JPG,M5\01270307.JPG,01270307.JPG,5920850,2025-01-27 13:31:52,moved
CT04,M5,01270309.JPG,M5\01270309.JPG,01270309.JPG,5912739,2025-01-27 13:32:12,moved
CT04,M5,01270310.JPG,M5\01270310.JPG,01270310.JPG,5920390,2025-01-27 13:32:12,moved
CT04,M5,01270311.JPG,M5\01270311.JPG,01270311.JPG,5910920,2025-01-27 13:32:14,moved
CT04,M5,01270313.JPG,M5\01270313.JPG,01270313.JPG,5869958,2025-01-27 13:34:22,moved
CT04,M5,01270314.JPG,M5\01270314.JPG,01270314.JPG,5900819,2025-01-27 13:34:24,moved
CT04,M5,01270315.JPG,M5\01270315.JPG,01270315.JPG,5879231,2025-01-27 13:34:24,moved
CT04,M5,01270317.JPG,M5\01270317.JPG,01270317.JPG,5871554,2025-01-27 13:34:52,moved
CT04,M5,01270318.JPG,M5\01270318.JPG,01270318.JPG,5907138,2025-01-27 13:34:52,moved
CT04,M5,01270319.JPG,M5\01270319.JPG,01270319.JPG,5835311,2025-01-27 13:34:55,moved
CT04,M5,01270321.JPG,M5\01270321.JPG,01270321.JPG,5867384,2025-01-27 13:35:40,moved
CT04,M5,01270322.JPG,M5\01270322.JPG,01270322.JPG,5872775,2025-01-27 13:35:42,moved
CT04,M5,01270323.JPG,M5\01270323.JPG,01270323.JPG,5864866,2025-01-27 13:35:42,moved
CT04,M5,01270325.JPG,M5\01270325.JPG,01270325.JPG,5861480,2025-01-27 13:36:18,moved
CT04,M5,01270326.JPG,M5\01270326.JPG,01270326.JPG,5855164,2025-01-27 13:36:20,moved
CT04,M5,01270327.JPG,M5\01270327.JPG,01270327.JPG,6251220,2025-01-27 13:36:20,moved
CT04,M5,01270329.JPG,M5\01270329.JPG,01270329.JPG,5881598,2025-01-27 13:36:40,moved
CT04,M5,01270330.JPG,M5\01270330.JPG,01270330.JPG,5898659,2025-01-27 13:36:40,moved
CT04,M5,01270331.JPG,M5\01270331.JPG,01270331.JPG,5874886,2025-01-27 13:36:42,moved
CT04,M5,01270333.JPG,M5\01270333.JPG,01270333.JPG,5883042,2025-01-27 13:37:12,moved
CT04,M5,01270334.JPG,M5\01270334.JPG,01270334.JPG,5851513,2025-01-27 13:37:12,moved
CT04,M5,01270335.JPG,M5\01270335.JPG,01270335.JPG,5863034,2025-01-27 13:37:15,moved
CT04,M5,01270337.JPG,M5\01270337.JPG,01270337.JPG,5858754,2025-01-27 13:37:45,moved
CT04,M5,01270338.JPG,M5\01270338.JPG,01270338.JPG,5906698,2025-01-27 13:37:44,moved
CT04,M5,01270339.JPG,M5\01270339.JPG,01270339.JPG,5931401,2025-01-27 13:37:44,moved
CT04,M5,01270341.JPG,M5\01270341.JPG,01270341.JPG,5906670,2025-01-27 13:38:08,moved
CT04,M5,01270342.JPG,M5\01270342.JPG,01270342.JPG,5890549,2025-01-27 13:38:08,moved
CT04,M5,01270343.JPG,M5\01270343.JPG,01270343.JPG,5903904,2025-01-27 13:38:10,moved
CT04,M5,01270345.JPG,M5\01270345.JPG,01270345.JPG,5885707,2025-01-27 13:39:29,moved
CT04,M5,01270346.JPG,M5\01270346.JPG,01270346.JPG,5877452,2025-01-27 13:39:28,moved
CT04,M5,01270347.JPG,M5\01270347.JPG,01270347.JPG,5868542,2025-01-27 13:39:28,moved
CT04,M5,01270349.JPG,M5\01270349.JPG,01270349.JPG,5833431,2025-01-27 13:39:48,moved
CT04,M5,01270350.JPG,M5\01270350.JPG,01270350.JPG,5926663,2025-01-27 13:39:48,moved
CT04,M5,01270351.JPG,M5\01270351.JPG,01270351.JPG,5914111,2025-01-27 13:39:51,moved
CT04,M5,01270353.JPG,M5\01270353.JPG,01270353.JPG,5932107,2025-01-27 13:40:08,moved
CT04,M5,01270354.JPG,M5\01270354.JPG,01270354.JPG,5904023,2025-01-27 13:40:11,moved
CT04,M5,01270355.JPG,M5\01270355.JPG,01270355.JPG,5888904,2025-01-27 13:40:10,moved
CT04,M5,01270357.JPG,M5\01270357.JPG,01270357.JPG,5899041,2025-01-27 13:40:30,moved
CT04,M5,01270358.JPG,M5\01270358.JPG,01270358.JPG,5895761,2025-01-27 13:40:32,moved
CT04,M5,01270359.JPG,M5\01270359.JPG,01270359.JPG,5886963,2025-01-27 13:40:32,moved
CT04,M5,01270361.JPG,M5\01270361.JPG,01270361.JPG,5892013,2025-01-27 13:40:54,moved
CT04,M5,01270362.JPG,M5\01270362.JPG,01270362.JPG,5905583,2025-01-27 13:40:57,moved
CT04,M5,01270363.JPG,M5\01270363.JPG,01270363.JPG,5905965,2025-01-27 13:40:56,moved
CT04,M5,01270365.JPG,M5\01270365.JPG,01270365.JPG,5841463,2025-01-27 13:41:14,moved
CT04,M5,01270366.JPG,M5\01270366.JPG,01270366.JPG,5853687,2025-01-27 13:41:17,moved
CT04,M5,01270367.JPG,M5\01270367.JPG,01270367.JPG,5911612,2025-01-27 13:41:16,moved
CT04,M5,01270369.JPG,M5\01270369.JPG,01270369.JPG,5860411,2025-01-27 13:49:26,moved
CT04,M5,01270370.JPG,M5\01270370.JPG,01270370.JPG,5868555,2025-01-27 13:49:26,moved
CT04,M5,01270371.JPG,M5\01270371.JPG,01270371.JPG,5879777,2025-01-27 13:49:29,moved
CT04,M5,01270373.JPG,M5\01270373.JPG,01270373.JPG,5847695,2025-01-27 13:49:58,moved
CT04,M5,01270374.JPG,M5\01270374.JPG,01270374.JPG,5882690,2025-01-27 13:49:58,moved
CT04,M5,01270375.JPG,M5\01270375.JPG,01270375.JPG,5871382,2025-01-27 13:50:01,moved
CT04,M5,01270377.JPG,M5\01270377.JPG,01270377.JPG,5850865,2025-01-27 13:50:20,moved
CT04,M5,01270378.JPG,M5\01270378.JPG,01270378.JPG,5911406,2025-01-27 13:50:23,moved
CT04,M5,01270379.JPG,M5\01270379.JPG,01270379.JPG,5897478,2025-01-27 13:50:22,moved
CT04,M5,01270381.JPG,M5\01270381.JPG,01270381.JPG,5869563,2025-01-27 13:50:53,moved
CT04,M5,01270382.JPG,M5\01270382.JPG,01270382.JPG,5867917,2025-01-27 13:50:52,moved
CT04,M5,01270383.JPG,M5\01270383.JPG,01270383.JPG,5879688,2025-01-27 13:50:52,moved
CT04,M5,01270385.JPG,M5\01270385.JPG,01270385.JPG,5861860,2025-01-27 13:51:12,moved
CT04,M5,01270386.JPG,M5\01270386.JPG,01270386.JPG,5843625,2025-01-27 13:51:12,moved
CT04,M5,01270387.JPG,M5\01270387.JPG,01270387.JPG,5853573,2025-01-27 13:51:15,moved
CT04,M5,01270389.JPG,M5\01270389.JPG,01270389.JPG,5855332,2025-01-27 13:51:56,moved
CT04,M5,01270390.JPG,M5\01270390.JPG,01270390.JPG,5843369,2025-01-27 13:51:56,moved
CT04,M5,01270391.JPG,M5\01270391.JPG,01270391.JPG,5845794,2025-01-27 13:51:58,moved
CT04,M5,01270393.JPG,M5\01270393.JPG,01270393.JPG,5834285,2025-01-27 13:52:40,moved
CT04,M5,01270394.JPG,M5\01270394.JPG,01270394.JPG,5837760,2025-01-27 13:52:40,moved
CT04,M5,01270395.JPG,M5\01270395.JPG,01270395.JPG,5862378,2025-01-27 13:52:42,moved
CT04,M5,01270397.JPG,M5\01270397.JPG,01270397.JPG,5903711,2025-01-27 13:57:48,moved
CT04,M5,01270398.JPG,M5\01270398.JPG,01270398.JPG,5959539,2025-01-27 13:57:48,moved
CT04,M5,01270399.JPG,M5\01270399.JPG,01270399.JPG,5969901,2025-01-27 13:57:50,moved
CT04,M5,01270401.JPG,M5\01270401.JPG,01270401.JPG,5925150,2025-01-27 13:58:25,moved
CT04,M5,01270402.JPG,M5\01270402.JPG,01270402.JPG,5942542,2025-01-27 13:58:24,moved
CT04,M5,01270403.JPG,M5\01270403.JPG,01270403.JPG,5932707,2025-01-27 13:58:24,moved
CT04,M5,01270405.JPG,M5\01270405.JPG,01270405.JPG,5912801,2025-01-27 13:59:27,moved
CT04,M5,01270406.JPG,M5\01270406.JPG,01270406.JPG,5974283,2025-01-27 13:59:26,moved
CT04,M5,01270407.JPG,M5\01270407.JPG,01270407.JPG,5950995,2025-01-27 13:59:26,moved
CT04,M5,01270409.JPG,M5\01270409.JPG,01270409.JPG,5940052,2025-01-27 13:59:53,moved
CT04,M5,01270410.JPG,M5\01270410.JPG,01270410.JPG,5943749,2025-01-27 13:59:52,moved
CT04,M5,01270411.JPG,M5\01270411.JPG,01270411.JPG,5934078,2025-01-27 13:59:52,moved
CT04,M5,01270413.JPG,M5\01270413.JPG,01270413.JPG,5972813,2025-01-27 14:00:34,moved
CT04,M5,01270414.JPG,M5\01270414.JPG,01270414.JPG,5934447,2025-01-27 14:00:34,moved
CT04,M5,01270415.JPG,M5\01270415.JPG,01270415.JPG,5951018,2025-01-27 14:00:36,moved
CT04,M5,01270417.JPG,M5\01270417.JPG,01270417.JPG,5733058,2025-01-27 19:48:46,moved
CT04,M5,01270418.JPG,M5\01270418.JPG,01270418.JPG,5712899,2025-01-27 19:48:48,moved
CT04,M5,01270419.JPG,M5\01270419.JPG,01270419.JPG,5646236,2025-01-27 19:48:48,moved
CT04,M5,01280421.JPG,M5\01280421.JPG,01280421.JPG,5998409,2025-01-28 12:30:18,moved
CT04,M5,01280422.JPG,M5\01280422.JPG,01280422.JPG,5998203,2025-01-28 12:30:18,moved
CT04,M5,01280423.JPG,M5\01280423.JPG,01280423.JPG,5989937,2025-01-28 12:30:20,moved
CT04,M5,01280425.JPG,M5\01280425.JPG,01280425.JPG,5955089,2025-01-28 12:37:24,moved
CT04,M5,01280426.JPG,M5\01280426.JPG,01280426.JPG,5961121,2025-01-28 12:37:27,moved
CT04,M5,01280427.JPG,M5\01280427.JPG,01280427.JPG,5954921,2025-01-28 12:37:26,moved
CT04,M5,01280429.JPG,M5\01280429.JPG,01280429.JPG,5977119,2025-01-28 12:52:06,moved
CT04,M5,01280430.JPG,M5\01280430.JPG,01280430.JPG,6032106,2025-01-28 12:52:08,moved
CT04,M5,01280431.JPG,M5\01280431.JPG,01280431.JPG,6040748,2025-01-28 12:52:08,moved
CT04,M5,01280433.JPG,M5\01280433.JPG,01280433.JPG,5989273,2025-01-28 12:52:28,moved
CT04,M5,01280434.JPG,M5\01280434.JPG,01280434.JPG,6041708,2025-01-28 12:52:28,moved
CT04,M5,01280435.JPG,M5\01280435.JPG,01280435.JPG,6042238,2025-01-28 12:52:31,moved
CT04,M5,01280437.JPG,M5\01280437.JPG,01280437.JPG,6140019,2025-01-28 13:04:52,moved
CT04,M5,01280438.JPG,M5\01280438.JPG,01280438.JPG,6155300,2025-01-28 13:04:52,moved
CT04,M5,01280439.JPG,M5\01280439.JPG,01280439.JPG,6154643,2025-01-28 13:04:55,moved
CT04,M5,01280441.JPG,M5\01280441.JPG,01280441.JPG,6168800,2025-01-28 13:05:35,moved
CT04,M5,01280442.JPG,M5\01280442.JPG,01280442.JPG,6135320,2025-01-28 13:05:34,moved
CT04,M5,01280443.JPG,M5\01280443.JPG,01280443.JPG,6122778,2025-01-28 13:05:34,moved
CT04,M5,01280445.JPG,M5\01280445.JPG,01280445.JPG,6148696,2025-01-28 13:13:16,moved
CT04,M5,01280446.JPG,M5\01280446.JPG,01280446.JPG,6090629,2025-01-28 13:13:18,moved
CT04,M5,01280447.JPG,M5\01280447.JPG,01280447.JPG,6163647,2025-01-28 13:13:18,moved
CT04,M5,01280449.JPG,M5\01280449.JPG,01280449.JPG,5852808,2025-01-28 13:15:48,moved
CT04,M5,01280450.JPG,M5\01280450.JPG,01280450.JPG,6268864,2025-01-28 13:15:48,moved
CT04,M5,01280451.JPG,M5\01280451.JPG,01280451.JPG,6269097,2025-01-28 13:15:50,moved
CT04,M5,01280453.JPG,M5\01280453.JPG,01280453.JPG,6257066,2025-01-28 13:16:30,moved
CT04,M5,01280454.JPG,M5\01280454.JPG,01280454.JPG,5886347,2025-01-28 13:16:30,moved
CT04,M5,01280455.JPG,M5\01280455.JPG,01280455.JPG,6265794,2025-01-28 13:16:32,moved
CT04,M5,01280457.JPG,M5\01280457.JPG,01280457.JPG,6032233,2025-01-28 13:19:19,moved
CT04,M5,01280458.JPG,M5\01280458.JPG,01280458.JPG,5860654,2025-01-28 13:19:18,moved
CT04,M5,01280459.JPG,M5\01280459.JPG,01280459.JPG,5863774,2025-01-28 13:19:18,moved
CT04,M5,01280461.JPG,M5\01280461.JPG,01280461.JPG,6196512,2025-01-28 13:21:53,moved
CT04,M5,01280462.JPG,M5\01280462.JPG,01280462.JPG,5797250,2025-01-28 13:21:52,moved
CT04,M5,01280463.JPG,M5\01280463.JPG,01280463.JPG,5806894,2025-01-28 13:21:52,moved
CT04,M5,01280465.JPG,M5\01280465.JPG,01280465.JPG,6258854,2025-01-28 13:22:13,moved
CT04,M5,01280466.JPG,M5\01280466.JPG,01280466.JPG,6256279,2025-01-28 13:22:12,moved
CT04,M5,01280467.JPG,M5\01280467.JPG,01280467.JPG,6254822,2025-01-28 13:22:12,moved
CT04,M5,01280469.JPG,M5\01280469.JPG,01280469.JPG,6138209,2025-01-28 13:24:58,moved
CT04,M5,01280470.JPG,M5\01280470.JPG,01280470.JPG,6226103,2025-01-28 13:24:58,moved
CT04,M5,01280471.JPG,M5\01280471.JPG,01280471.JPG,6223850,2025-01-28 13:25:00,moved
CT04,M5,01280473.JPG,M5\01280473.JPG,01280473.JPG,6233027,2025-01-28 13:28:41,moved
CT04,M5,01280474.JPG,M5\01280474.JPG,01280474.JPG,6241347,2025-01-28 13:28:40,moved
CT04,M5,01280475.JPG,M5\01280475.JPG,01280475.JPG,6246009,2025-01-28 13:28:40,moved
CT04,M5,01280477.JPG,M5\01280477.JPG,01280477.JPG,5888005,2025-01-28 13:31:33,moved
CT04,M5,01280478.JPG,M5\01280478.JPG,01280478.JPG,5912535,2025-01-28 13:31:32,moved
CT04,M5,01280479.JPG,M5\01280479.JPG,01280479.JPG,5920621,2025-01-28 13:31:32,moved
CT04,M5,01280481.JPG,M5\01280481.JPG,01280481.JPG,5887592,2025-01-28 13:31:52,moved
CT04,M5,01280482.JPG,M5\01280482.JPG,01280482.JPG,5906821,2025-01-28 13:31:55,moved
CT04,M5,01280483.JPG,M5\01280483.JPG,01280483.JPG,5901819,2025-01-28 13:31:54,moved
CT04,M5,01280485.JPG,M5\01280485.JPG,01280485.JPG,5867773,2025-01-28 13:37:23,moved
CT04,M5,01280486.JPG,M5\01280486.JPG,01280486.JPG,5878768,2025-01-28 13:37:22,moved
CT04,M5,01280487.JPG,M5\01280487.JPG,01280487.JPG,5875709,2025-01-28 13:37:22,moved
CT04,M5,01280489.JPG,M5\01280489.JPG,01280489.JPG,5907079,2025-01-28 13:57:20,moved
CT04,M5,01280490.JPG,M5\01280490.JPG,01280490.JPG,5930361,2025-01-28 13:57:23,moved
CT04,M5,01280491.JPG,M5\01280491.JPG,01280491.JPG,5937379,2025-01-28 13:57:22,moved
CT04,M5,01280493.JPG,M5\01280493.JPG,01280493.JPG,5824135,2025-01-28 14:08:04,moved
CT04,M5,01280494.JPG,M5\01280494.JPG,01280494.JPG,5930472,2025-01-28 14:08:07,moved
CT04,M5,01280495.JPG,M5\01280495.JPG,01280495.JPG,5879423,2025-01-28 14:08:06,moved
CT04,M5,01290497.JPG,M5\01290497.JPG,01290497.JPG,5985656,2025-01-29 11:34:32,moved
CT04,M5,01290498.JPG,M5\01290498.JPG,01290498.JPG,5993789,2025-01-29 11:34:32,moved
CT04,M5,01290499.JPG,M5\01290499.JPG,01290499.JPG,6001459,2025-01-29 11:34:35,moved
CT04,M5,01290501.JPG,M5\01290501.JPG,01290501.JPG,5924774,2025-01-29 12:30:45,moved
CT04,M5,01290502.JPG,M5\01290502.JPG,01290502.JPG,5991310,2025-01-29 12:30:44,moved
CT04,M5,01290503.JPG,M5\01290503.JPG,01290503.JPG,5992299,2025-01-29 12:30:44,moved
CT04,M5,01290505.JPG,M5\01290505.JPG,01290505.JPG,5923301,2025-01-29 13:32:56,moved
CT04,M5,01290506.JPG,M5\01290506.JPG,01290506.JPG,5922398,2025-01-29 13:32:58,moved
CT04,M5,01290507.JPG,M5\01290507.JPG,01290507.JPG,5912802,2025-01-29 13:32:58,moved
CT04,M5,01290509.JPG,M5\01290509.JPG,01290509.JPG,5825624,2025-01-29 13:39:08,moved
CT04,M5,01290510.JPG,M5\01290510.JPG,01290510.JPG,5909528,2025-01-29 13:39:10,moved
CT04,M5,01290511.JPG,M5\01290511.JPG,01290511.JPG,5925589,2025-01-29 13:39:10,moved
CT04,M5,01290513.JPG,M5\01290513.JPG,01290513.JPG,5831614,2025-01-29 13:43:25,moved
CT04,M5,01290514.JPG,M5\01290514.JPG,01290514.JPG,5883102,2025-01-29 13:43:24,moved
CT04,M5,01290515.JPG,M5\01290515.JPG,01290515.JPG,5881152,2025-01-29 13:43:24,moved
CT04,M5,01290517.JPG,M5\01290517.JPG,01290517.JPG,5880126,2025-01-29 13:44:21,moved
CT04,M5,01290518.JPG,M5\01290518.JPG,01290518.JPG,5908103,2025-01-29 13:44:20,moved
CT04,M5,01290519.JPG,M5\01290519.JPG,01290519.JPG,5915422,2025-01-29 13:44:20,moved
CT04,M5,01290521.JPG,M5\01290521.JPG,01290521.JPG,5845437,2025-01-29 13:48:50,moved
CT04,M5,01290522.JPG,M5\01290522.JPG,01290522.JPG,5908699,2025-01-29 13:48:52,moved
CT04,M5,01290523.JPG,M5\01290523.JPG,01290523.JPG,5879231,2025-01-29 13:48:52,moved
CT04,M5,01300525.JPG,M5\01300525.JPG,01300525.JPG,6146420,2025-01-30 12:53:19,moved
CT04,M5,01300526.JPG,M5\01300526.JPG,01300526.JPG,6117660,2025-01-30 12:53:18,moved
CT04,M5,01300527.JPG,M5\01300527.JPG,01300527.JPG,6161119,2025-01-30 12:53:18,moved
CT04,M5,01300529.JPG,M5\01300529.JPG,01300529.JPG,6079096,2025-01-30 13:07:26,moved
CT04,M5,01300530.JPG,M5\01300530.JPG,01300530.JPG,6229445,2025-01-30 13:07:26,moved
CT04,M5,01300531.JPG,M5\01300531.JPG,01300531.JPG,6225169,2025-01-30 13:07:28,moved
CT04,M5,01300533.JPG,M5\01300533.JPG,01300533.JPG,5858288,2025-01-30 13:21:40,moved
CT04,M5,01300534.JPG,M5\01300534.JPG,01300534.JPG,5877484,2025-01-30 13:21:40,moved
CT04,M5,01300535.JPG,M5\01300535.JPG,01300535.JPG,5875151,2025-01-30 13:21:42,moved
CT04,M5,01300537.JPG,M5\01300537.JPG,01300537.JPG,5809706,2025-01-30 13:22:39,moved
CT04,M5,01300538.JPG,M5\01300538.JPG,01300538.JPG,5849945,2025-01-30 13:22:38,moved
CT04,M5,01300539.JPG,M5\01300539.JPG,01300539.JPG,5847630,2025-01-30 13:22:38,moved
CT04,M5,01300541.JPG,M5\01300541.JPG,01300541.JPG,6214399,2025-01-30 13:28:16,moved
CT04,M5,01300542.JPG,M5\01300542.JPG,01300542.JPG,5910270,2025-01-30 13:28:19,moved
CT04,M5,01300543.JPG,M5\01300543.JPG,01300543.JPG,5907050,2025-01-30 13:28:18,moved
CT04,M5,01300545.JPG,M5\01300545.JPG,01300545.JPG,5883767,2025-01-30 13:33:52,moved
CT04,M5,01300546.JPG,M5\01300546.JPG,01300546.JPG,5925016,2025-01-30 13:33:52,moved
CT04,M5,01300547.JPG,M5\01300547.JPG,01300547.JPG,5936448,2025-01-30 13:33:54,moved
CT04,M5,01300549.JPG,M5\01300549.JPG,01300549.JPG,5970830,2025-01-30 13:37:06,moved
CT04,M5,01300550.JPG,M5\01300550.JPG,01300550.JPG,5916305,2025-01-30 13:37:09,moved
CT04,M5,01300551.JPG,M5\01300551.JPG,01300551.JPG,5958674,2025-01-30 13:37:08,moved
CT04,M5,01300553.JPG,M5\01300553.JPG,01300553.JPG,5978153,2025-01-30 13:37:26,moved
CT04,M5,01300554.JPG,M5\01300554.JPG,01300554.JPG,5945757,2025-01-30 13:37:26,moved
CT04,M5,01300555.JPG,M5\01300555.JPG,01300555.JPG,5996983,2025-01-30 13:37:28,moved
CT04,M5,01300557.JPG,M5\01300557.JPG,01300557.JPG,5925848,2025-01-30 13:38:36,moved
CT04,M5,01300558.JPG,M5\01300558.JPG,01300558.JPG,5943752,2025-01-30 13:38:36,moved
CT04,M5,01300559.JPG,M5\01300559.JPG,01300559.JPG,5933681,2025-01-30 13:38:39,moved
CT04,M5,01300561.JPG,M5\01300561.JPG,01300561.JPG,5919272,2025-01-30 13:40:04,moved
CT04,M5,01300562.JPG,M5\01300562.JPG,01300562.JPG,5936398,2025-01-30 13:40:04,moved
CT04,M5,01300563.JPG,M5\01300563.JPG,01300563.JPG,5942500,2025-01-30 13:40:06,moved
CT04,M5,01300565.JPG,M5\01300565.JPG,01300565.JPG,5938100,2025-01-30 13:40:36,moved
CT04,M5,01300566.JPG,M5\01300566.JPG,01300566.JPG,5931167,2025-01-30 13:40:39,moved
CT04,M5,01300567.JPG,M5\01300567.JPG,01300567.JPG,5923107,2025-01-30 13:40:38,moved
CT04,M5,01300569.JPG,M5\01300569.JPG,01300569.JPG,5900893,2025-01-30 13:43:00,moved
CT04,M5,01300570.JPG,M5\01300570.JPG,01300570.JPG,5938663,2025-01-30 13:43:00,moved
CT04,M5,01300571.JPG,M5\01300571.JPG,01300571.JPG,5942268,2025-01-30 13:43:03,moved
CT04,M5,01300573.JPG,M5\01300573.JPG,01300573.JPG,5891174,2025-01-30 13:44:24,moved
CT04,M5,01300574.JPG,M5\01300574.JPG,01300574.JPG,5898255,2025-01-30 13:44:24,moved
CT04,M5,01300575.JPG,M5\01300575.JPG,01300575.JPG,5875881,2025-01-30 13:44:26,moved
CT04,M5,01300577.JPG,M5\01300577.JPG,01300577.JPG,5876388,2025-01-30 13:46:04,moved
CT04,M5,01300578.JPG,M5\01300578.JPG,01300578.JPG,5917564,2025-01-30 13:46:07,moved
CT04,M5,01300579.JPG,M5\01300579.JPG,01300579.JPG,5868936,2025-01-30 13:46:06,moved
CT04,M5,01300581.JPG,M5\01300581.JPG,01300581.JPG,5929451,2025-01-30 13:47:02,moved
CT04,M5,01300582.JPG,M5\01300582.JPG,01300582.JPG,5929064,2025-01-30 13:47:02,moved
CT04,M5,01300583.JPG,M5\01300583.JPG,01300583.JPG,5853758,2025-01-30 13:47:05,moved
CT04,M5,01300585.JPG,M5\01300585.JPG,01300585.JPG,5867023,2025-01-30 13:48:22,moved
CT04,M5,01300586.JPG,M5\01300586.JPG,01300586.JPG,5860614,2025-01-30 13:48:22,moved
CT04,M5,01300587.JPG,M5\01300587.JPG,01300587.JPG,5920421,2025-01-30 13:48:25,moved
CT04,M5,01300589.JPG,M5\01300589.JPG,01300589.JPG,5917591,2025-01-30 13:48:42,moved
CT04,M5,01300590.JPG,M5\01300590.JPG,01300590.JPG,5916384,2025-01-30 13:48:42,moved
CT04,M5,01300591.JPG,M5\01300591.JPG,01300591.JPG,5879839,2025-01-30 13:48:45,moved
CT04,M5,01300593.JPG,M5\01300593.JPG,01300593.JPG,5876263,2025-01-30 13:51:44,moved
CT04,M5,01300594.JPG,M5\01300594.JPG,01300594.JPG,5894602,2025-01-30 13:51:44,moved
CT04,M5,01300595.JPG,M5\01300595.JPG,01300595.JPG,5882571,2025-01-30 13:51:47,moved
CT04,M5,01300597.JPG,M5\01300597.JPG,01300597.JPG,5853238,2025-01-30 13:53:08,moved
CT04,M5,01300598.JPG,M5\01300598.JPG,01300598.JPG,5882046,2025-01-30 13:53:08,moved
CT04,M5,01300599.JPG,M5\01300599.JPG,01300599.JPG,5842970,2025-01-30 13:53:11,moved
CT04,M5,01300601.JPG,M5\01300601.JPG,01300601.JPG,5907908,2025-01-30 13:55:22,moved
CT04,M5,01300602.JPG,M5\01300602.JPG,01300602.JPG,5819474,2025-01-30 13:55:22,moved
CT04,M5,01300603.JPG,M5\01300603.JPG,01300603.JPG,5928284,2025-01-30 13:55:25,moved
CT04,M5,01300605.JPG,M5\01300605.JPG,01300605.JPG,5796676,2025-01-30 13:56:33,moved
CT04,M5,01300606.JPG,M5\01300606.JPG,01300606.JPG,5914318,2025-01-30 13:56:32,moved
CT04,M5,01300607.JPG,M5\01300607.JPG,01300607.JPG,5809101,2025-01-30 13:56:32,moved
CT04,M5,01300609.JPG,M5\01300609.JPG,01300609.JPG,5890149,2025-01-30 14:03:18,moved
CT04,M5,01300610.JPG,M5\01300610.JPG,01300610.JPG,5814813,2025-01-30 14:03:18,moved
CT04,M5,01300611.JPG,M5\01300611.JPG,01300611.JPG,5817591,2025-01-30 14:03:21,moved
CT04,M5,01300613.JPG,M5\01300613.JPG,01300613.JPG,5975766,2025-01-30 14:04:38,moved
CT04,M5,01300614.JPG,M5\01300614.JPG,01300614.JPG,5909872,2025-01-30 14:04:40,moved
CT04,M5,01300615.JPG,M5\01300615.JPG,01300615.JPG,6006834,2025-01-30 14:04:40,moved
CT04,M5,01300617.JPG,M5\01300617.JPG,01300617.JPG,5915375,2025-01-30 14:08:26,moved
CT04,M5,01300618.JPG,M5\01300618.JPG,01300618.JPG,5923725,2025-01-30 14:08:26,moved
CT04,M5,01300619.JPG,M5\01300619.JPG,01300619.JPG,5929537,2025-01-30 14:08:28,moved
CT04,M5,01300621.JPG,M5\01300621.JPG,01300621.JPG,5982654,2025-01-30 14:13:58,moved
CT04,M5,01300622.JPG,M5\01300622.JPG,01300622.JPG,5935108,2025-01-30 14:13:58,moved
CT04,M5,01300623.JPG,M5\01300623.JPG,01300623.JPG,5919191,2025-01-30 14:14:01,moved
CT04,M5,01300625.JPG,M5\01300625.JPG,01300625.JPG,5920382,2025-01-30 14:14:20,moved
CT04,M5,01300626.JPG,M5\01300626.JPG,01300626.JPG,5953621,2025-01-30 14:14:20,moved
CT04,M5,01300627.JPG,M5\01300627.JPG,01300627.JPG,5922067,2025-01-30 14:14:22,moved
CT04,M5,01300629.JPG,M5\01300629.JPG,01300629.JPG,5972141,2025-01-30 14:15:40,moved
CT04,M5,01300630.JPG,M5\01300630.JPG,01300630.JPG,5901485,2025-01-30 14:15:40,moved
CT04,M5,01300631.JPG,M5\01300631.JPG,01300631.JPG,5925744,2025-01-30 14:15:42,moved
CT04,M5,01300633.JPG,M5\01300633.JPG,01300633.JPG,5977401,2025-01-30 14:17:00,moved
CT04,M5,01300634.JPG,M5\01300634.JPG,01300634.JPG,5983164,2025-01-30 14:17:02,moved
CT04,M5,01300635.JPG,M5\01300635.JPG,01300635.JPG,5913496,2025-01-30 14:17:02,moved
CT04,M5,01300637.JPG,M5\01300637.JPG,01300637.JPG,5997026,2025-01-30 14:19:42,moved
CT04,M5,01300638.JPG,M5\01300638.JPG,01300638.JPG,5961593,2025-01-30 14:19:42,moved
CT04,M5,01300639.JPG,M5\01300639.JPG,01300639.JPG,5953222,2025-01-30 14:19:45,moved
CT04,M5,01300641.JPG,M5\01300641.JPG,01300641.JPG,5997341,2025-01-30 14:20:04,moved
CT04,M5,01300642.JPG,M5\01300642.JPG,01300642.JPG,5993262,2025-01-30 14:20:06,moved
CT04,M5,01300643.JPG,M5\01300643.JPG,01300643.JPG,5969767,2025-01-30 14:20:06,moved
CT04,M5,01300645.JPG,M5\01300645.JPG,01300645.JPG,5954445,2025-01-30 14:20:36,moved
CT04,M5,01300646.JPG,M5\01300646.JPG,01300646.JPG,5960601,2025-01-30 14:20:36,moved
CT04,M5,01300647.JPG,M5\01300647.JPG,01300647.JPG,5968895,2025-01-30 14:20:38,moved
CT04,M5,01300649.JPG,M5\01300649.JPG,01300649.JPG,5916349,2025-01-30 19:34:13,moved
CT04,M5,01300650.JPG,M5\01300650.JPG,01300650.JPG,5845508,2025-01-30 19:34:12,moved
CT04,M5,01300651.JPG,M5\01300651.JPG,01300651.JPG,5875883,2025-01-30 19:34:12,moved
CT04,M5,01310653.JPG,M5\01310653.JPG,01310653.JPG,5734448,2025-01-31 12:16:23,moved
CT04,M5,01310654.JPG,M5\01310654.JPG,01310654.JPG,5730158,2025-01-31 12:16:22,moved
CT04,M5,01310655.JPG,M5\01310655.JPG,01310655.JPG,5743532,2025-01-31 12:16:22,moved
CT04,M5,01310657.JPG,M5\01310657.JPG,01310657.JPG,5828286,2025-01-31 12:28:02,moved
CT04,M5,01310658.JPG,M5\01310658.JPG,01310658.JPG,5801267,2025-01-31 12:28:02,moved
CT04,M5,01310659.JPG,M5\01310659.JPG,01310659.JPG,5802592,2025-01-31 12:28:04,moved
CT04,M5,01310661.JPG,M5\01310661.JPG,01310661.JPG,5827062,2025-01-31 12:28:22,moved
CT04,M5,01310662.JPG,M5\01310662.JPG,01310662.JPG,5820220,2025-01-31 12:28:22,moved
CT04,M5,01310663.JPG,M5\01310663.JPG,01310663.JPG,5831629,2025-01-31 12:28:25,moved
CT04,M5,01310665.JPG,M5\01310665.JPG,01310665.JPG,5746511,2025-01-31 12:28:42,moved
CT04,M5,01310666.JPG,M5\01310666.JPG,01310666.JPG,5750114,2025-01-31 12:28:45,moved
CT04,M5,01310667.JPG,M5\01310667.JPG,01310667.JPG,6255886,2025-01-31 12:28:44,moved
CT04,M5,01310669.JPG,M5\01310669.JPG,01310669.JPG,6242231,2025-01-31 12:32:04,moved
CT04,M5,01310670.JPG,M5\01310670.JPG,01310670.JPG,5761527,2025-01-31 12:32:07,moved
CT04,M5,01310671.JPG,M5\01310671.JPG,01310671.JPG,6256579,2025-01-31 12:32:06,moved
CT04,M5,01310673.JPG,M5\01310673.JPG,01310673.JPG,5903945,2025-01-31 12:58:26,moved
CT04,M5,01310674.JPG,M5\01310674.JPG,01310674.JPG,5896545,2025-01-31 12:58:26,moved
CT04,M5,01310675.JPG,M5\01310675.JPG,01310675.JPG,6008360,2025-01-31 12:58:29,moved
CT04,M5,01310677.JPG,M5\01310677.JPG,01310677.JPG,6035877,2025-01-31 12:59:04,moved
CT04,M5,01310678.JPG,M5\01310678.JPG,01310678.JPG,5961514,2025-01-31 12:59:07,moved
CT04,M5,01310679.JPG,M5\01310679.JPG,01310679.JPG,5976733,2025-01-31 12:59:06,moved
CT04,M5,01310681.JPG,M5\01310681.JPG,01310681.JPG,5868232,2025-01-31 13:05:50,moved
CT04,M5,01310682.JPG,M5\01310682.JPG,01310682.JPG,5905528,2025-01-31 13:05:50,moved
CT04,M5,01310683.JPG,M5\01310683.JPG,01310683.JPG,5913025,2025-01-31 13:05:53,moved
CT04,M5,01310685.JPG,M5\01310685.JPG,01310685.JPG,5879520,2025-01-31 13:07:12,moved
CT04,M5,01310686.JPG,M5\01310686.JPG,01310686.JPG,5934163,2025-01-31 13:07:12,moved
CT04,M5,01310687.JPG,M5\01310687.JPG,01310687.JPG,5933317,2025-01-31 13:07:15,moved
CT04,M5,01310689.JPG,M5\01310689.JPG,01310689.JPG,6012630,2025-01-31 13:07:32,moved
CT04,M5,01310690.JPG,M5\01310690.JPG,01310690.JPG,6063651,2025-01-31 13:07:35,moved
CT04,M5,01310691.JPG,M5\01310691.JPG,01310691.JPG,6058712,2025-01-31 13:07:34,moved
CT04,M5,01310693.JPG,M5\01310693.JPG,01310693.JPG,6027945,2025-01-31 13:07:55,moved
CT04,M5,01310694.JPG,M5\01310694.JPG,01310694.JPG,6082602,2025-01-31 13:07:54,moved
CT04,M5,01310695.JPG,M5\01310695.JPG,01310695.JPG,6095621,2025-01-31 13:07:54,moved
CT04,M5,01310697.JPG,M5\01310697.JPG,01310697.JPG,5948443,2025-01-31 13:08:36,moved
CT04,M5,01310698.JPG,M5\01310698.JPG,01310698.JPG,5954497,2025-01-31 13:08:36,moved
CT04,M5,01310699.JPG,M5\01310699.JPG,01310699.JPG,5964572,2025-01-31 13:08:38,moved
CT04,M5,01310701.JPG,M5\01310701.JPG,01310701.JPG,5965262,2025-01-31 13:09:10,moved
CT04,M5,01310702.JPG,M5\01310702.JPG,01310702.JPG,5944653,2025-01-31 13:09:10,moved
CT04,M5,01310703.JPG,M5\01310703.JPG,01310703.JPG,5959092,2025-01-31 13:09:12,moved
CT04,M5,01310705.JPG,M5\01310705.JPG,01310705.JPG,5951190,2025-01-31 13:09:48,moved
CT04,M5,01310706.JPG,M5\01310706.JPG,01310706.JPG,5959809,2025-01-31 13:09:48,moved
CT04,M5,01310707.JPG,M5\01310707.JPG,01310707.JPG,5971597,2025-01-31 13:09:50,moved
CT04,M5,01310709.JPG,M5\01310709.JPG,01310709.JPG,6039312,2025-01-31 13:10:40,moved
CT04,M5,01310710.JPG,M5\01310710.JPG,01310710.JPG,6022912,2025-01-31 13:10:42,moved
CT04,M5,01310711.JPG,M5\01310711.JPG,01310711.JPG,5969817,2025-01-31 13:10:42,moved
CT04,M5,01310713.JPG,M5\01310713.JPG,01310713.JPG,5931221,2025-01-31 13:11:15,moved
CT04,M5,01310714.JPG,M5\01310714.JPG,01310714.JPG,5932826,2025-01-31 13:11:14,moved
CT04,M5,01310715.JPG,M5\01310715.JPG,01310715.JPG,5971144,2025-01-31 13:11:14,moved
CT04,M5,01310717.JPG,M5\01310717.JPG,01310717.JPG,5946122,2025-01-31 13:11:34,moved
CT04,M5,01310718.JPG,M5\01310718.JPG,01310718.JPG,5988790,2025-01-31 13:11:37,moved
CT04,M5,01310719.JPG,M5\01310719.JPG,01310719.JPG,5952219,2025-01-31 13:11:36,moved
CT04,M5,01310721.JPG,M5\01310721.JPG,01310721.JPG,5961222,2025-01-31 13:12:11,moved
CT04,M5,01310722.JPG,M5\01310722.JPG,01310722.JPG,5966150,2025-01-31 13:12:10,moved
CT04,M5,01310723.JPG,M5\01310723.JPG,01310723.JPG,5961769,2025-01-31 13:12:10,moved
CT04,M5,01310725.JPG,M5\01310725.JPG,01310725.JPG,5948484,2025-01-31 13:12:43,moved
CT04,M5,01310726.JPG,M5\01310726.JPG,01310726.JPG,5970838,2025-01-31 13:12:42,moved
CT04,M5,01310727.JPG,M5\01310727.JPG,01310727.JPG,5957427,2025-01-31 13:12:42,moved
CT04,M5,01310729.JPG,M5\01310729.JPG,01310729.JPG,5968432,2025-01-31 13:13:22,moved
CT04,M5,01310730.JPG,M5\01310730.JPG,01310730.JPG,5952311,2025-01-31 13:13:22,moved
CT04,M5,01310731.JPG,M5\01310731.JPG,01310731.JPG,5956153,2025-01-31 13:13:24,moved
CT04,M5,01310733.JPG,M5\01310733.JPG,01310733.JPG,5952923,2025-01-31 13:13:42,moved
CT04,M5,01310734.JPG,M5\01310734.JPG,01310734.JPG,5935054,2025-01-31 13:13:42,moved
CT04,M5,01310735.JPG,M5\01310735.JPG,01310735.JPG,5936048,2025-01-31 13:13:45,moved
CT04,M5,01310737.JPG,M5\01310737.JPG,01310737.JPG,5953528,2025-01-31 13:14:20,moved
CT04,M5,01310738.JPG,M5\01310738.JPG,01310738.JPG,5969585,2025-01-31 13:14:23,moved
CT04,M5,01310739.JPG,M5\01310739.JPG,01310739.JPG,5939356,2025-01-31 13:14:22,moved
CT04,M5,01310741.JPG,M5\01310741.JPG,01310741.JPG,5966754,2025-01-31 13:15:32,moved
CT04,M5,01310742.JPG,M5\01310742.JPG,01310742.JPG,5979003,2025-01-31 13:15:32,moved
CT04,M5,01310743.JPG,M5\01310743.JPG,01310743.JPG,5983473,2025-01-31 13:15:35,moved
CT04,M5,01310745.JPG,M5\01310745.JPG,01310745.JPG,5956037,2025-01-31 13:15:55,moved
CT04,M5,01310746.JPG,M5\01310746.JPG,01310746.JPG,5977322,2025-01-31 13:15:54,moved
CT04,M5,01310747.JPG,M5\01310747.JPG,01310747.JPG,5952144,2025-01-31 13:15:54,moved
CT04,M5,01310749.JPG,M5\01310749.JPG,01310749.JPG,6022878,2025-01-31 13:21:12,moved
CT04,M5,01310750.JPG,M5\01310750.JPG,01310750.JPG,6055961,2025-01-31 13:21:15,moved
CT04,M5,01310751.JPG,M5\01310751.JPG,01310751.JPG,6045533,2025-01-31 13:21:14,moved
CT04,M5,01310753.JPG,M5\01310753.JPG,01310753.JPG,5966654,2025-01-31 13:22:24,moved
CT04,M5,01310754.JPG,M5\01310754.JPG,01310754.JPG,5971262,2025-01-31 13:22:27,moved
CT04,M5,01310755.JPG,M5\01310755.JPG,01310755.JPG,5985104,2025-01-31 13:22:26,moved
CT04,M5,01310757.JPG,M5\01310757.JPG,01310757.JPG,6051837,2025-01-31 13:23:42,moved
CT04,M5,01310758.JPG,M5\01310758.JPG,01310758.JPG,6021797,2025-01-31 13:23:45,moved
CT04,M5,01310759.JPG,M5\01310759.JPG,01310759.JPG,6025208,2025-01-31 13:23:44,moved
CT04,M5,01310761.JPG,M5\01310761.JPG,01310761.JPG,6198922,2025-01-31 13:25:08,moved
CT04,M5,01310762.JPG,M5\01310762.JPG,01310762.JPG,6057961,2025-01-31 13:25:08,moved
CT04,M5,01310763.JPG,M5\01310763.JPG,01310763.JPG,6044650,2025-01-31 13:25:10,moved
CT04,M5,01310765.JPG,M5\01310765.JPG,01310765.JPG,6180282,2025-01-31 13:25:30,moved
CT04,M5,01310766.JPG,M5\01310766.JPG,01310766.JPG,6080303,2025-01-31 13:25:30,moved
CT04,M5,01310767.JPG,M5\01310767.JPG,01310767.JPG,6037130,2025-01-31 13:25:32,moved
CT04,M5,01310769.JPG,M5\01310769.JPG,01310769.JPG,6028429,2025-01-31 13:29:28,moved
CT04,M5,01310770.JPG,M5\01310770.JPG,01310770.JPG,6134760,2025-01-31 13:29:31,moved
CT04,M5,01310771.JPG,M5\01310771.JPG,01310771.JPG,6083769,2025-01-31 13:29:30,moved
CT04,M5,01310773.JPG,M5\01310773.JPG,01310773.JPG,6131837,2025-01-31 13:30:01,moved
CT04,M5,01310774.JPG,M5\01310774.JPG,01310774.JPG,6070981,2025-01-31 13:30:00,moved
CT04,M5,01310775.JPG,M5\01310775.JPG,01310775.JPG,6075298,2025-01-31 13:30:00,moved
CT04,M5,01310777.JPG,M5\01310777.JPG,01310777.JPG,6143196,2025-01-31 13:30:42,moved
CT04,M5,01310778.JPG,M5\01310778.JPG,01310778.JPG,6138606,2025-01-31 13:30:42,moved
CT04,M5,01310779.JPG,M5\01310779.JPG,01310779.JPG,6132873,2025-01-31 13:30:44,moved
CT04,M5,01310781.JPG,M5\01310781.JPG,01310781.JPG,6084451,2025-01-31 13:35:38,moved
CT04,M5,01310782.JPG,M5\01310782.JPG,01310782.JPG,6073787,2025-01-31 13:35:41,moved
CT04,M5,01310783.JPG,M5\01310783.JPG,01310783.JPG,6067072,2025-01-31 13:35:40,moved
CT04,M5,01310785.JPG,M5\01310785.JPG,01310785.JPG,6073146,2025-01-31 13:36:00,moved
CT04,M5,01310786.JPG,M5\01310786.JPG,01310786.JPG,6091332,2025-01-31 13:36:00,moved
CT04,M5,01310787.JPG,M5\01310787.JPG,01310787.JPG,6083869,2025-01-31 13:36:02,moved
CT04,M5,01310789.JPG,M5\01310789.JPG,01310789.JPG,6091805,2025-01-31 13:36:20,moved
CT04,M5,01310790.JPG,M5\01310790.JPG,01310790.JPG,6081346,2025-01-31 13:36:20,moved
CT04,M5,01310791.JPG,M5\01310791.JPG,01310791.JPG,6087885,2025-01-31 13:36:23,moved
CT04,M5,01310793.JPG,M5\01310793.JPG,01310793.JPG,6024898,2025-01-31 13:41:20,moved
CT04,M5,01310794.JPG,M5\01310794.JPG,01310794.JPG,6004619,2025-01-31 13:41:20,moved
CT04,M5,01310795.JPG,M5\01310795.JPG,01310795.JPG,6018351,2025-01-31 13:41:22,moved
CT04,M5,01310797.JPG,M5\01310797.JPG,01310797.JPG,6137130,2025-01-31 13:43:35,moved
CT04,M5,01310798.JPG,M5\01310798.JPG,01310798.JPG,6087053,2025-01-31 13:43:34,moved
CT04,M5,01310799.JPG,M5\01310799.JPG,01310799.JPG,6079182,2025-01-31 13:43:34,moved
CT04,M5,01310801.JPG,M5\01310801.JPG,01310801.JPG,6027400,2025-01-31 13:48:30,moved
CT04,M5,01310802.JPG,M5\01310802.JPG,01310802.JPG,6003644,2025-01-31 13:48:30,moved
CT04,M5,01310803.JPG,M5\01310803.JPG,01310803.JPG,6021627,2025-01-31 13:48:33,moved
CT04,M5,01310805.JPG,M5\01310805.JPG,01310805.JPG,6009549,2025-01-31 13:49:58,moved
CT04,M5,01310806.JPG,M5\01310806.JPG,01310806.JPG,5974276,2025-01-31 13:50:00,moved
CT04,M5,01310807.JPG,M5\01310807.JPG,01310807.JPG,6007701,2025-01-31 13:50:00,moved
CT04,M5,01310809.JPG,M5\01310809.JPG,01310809.JPG,5950049,2025-01-31 13:51:02,moved
CT04,M5,01310810.JPG,M5\01310810.JPG,01310810.JPG,5964062,2025-01-31 13:51:02,moved
CT04,M5,01310811.JPG,M5\01310811.JPG,01310811.JPG,5952591,2025-01-31 13:51:04,moved
CT04,M5,01310813.JPG,M5\01310813.JPG,01310813.JPG,6004241,2025-01-31 14:00:16,moved
CT04,M5,01310814.JPG,M5\01310814.JPG,01310814.JPG,5977807,2025-01-31 14:00:16,moved
CT04,M5,01310815.JPG,M5\01310815.JPG,01310815.JPG,5979712,2025-01-31 14:00:18,moved
CT04,M5,01310817.JPG,M5\01310817.JPG,01310817.JPG,6063875,2025-01-31 14:01:48,moved
CT04,M5,01310818.JPG,M5\01310818.JPG,01310818.JPG,6038408,2025-01-31 14:01:48,moved
CT04,M5,01310819.JPG,M5\01310819.JPG,01310819.JPG,6040683,2025-01-31 14:01:50,moved
CT04,M5,01310821.JPG,M5\01310821.JPG,01310821.JPG,6111931,2025-01-31 14:02:18,moved
CT04,M5,01310822.JPG,M5\01310822.JPG,01310822.JPG,6067286,2025-01-31 14:02:21,moved
CT04,M5,01310823.JPG,M5\01310823.JPG,01310823.JPG,6100693,2025-01-31 14:02:20,moved
CT04,M5,01310825.JPG,M5\01310825.JPG,01310825.JPG,6080756,2025-01-31 14:05:58,moved
CT04,M5,01310826.JPG,M5\01310826.JPG,01310826.JPG,6083429,2025-01-31 14:06:01,moved
CT04,M5,01310827.JPG,M5\01310827.JPG,01310827.JPG,6081822,2025-01-31 14:06:00,moved
CT04,M5,01310829.JPG,M5\01310829.JPG,01310829.JPG,6093629,2025-01-31 14:07:30,moved
CT04,M5,01310830.JPG,M5\01310830.JPG,01310830.JPG,6090739,2025-01-31 14:07:32,moved
CT04,M5,01310831.JPG,M5\01310831.JPG,01310831.JPG,6088533,2025-01-31 14:07:32,moved
CT04,M5,01310833.JPG,M5\01310833.JPG,01310833.JPG,6002156,2025-01-31 14:15:43,moved
CT04,M5,01310834.JPG,M5\01310834.JPG,01310834.JPG,6056554,2025-01-31 14:15:42,moved
CT04,M5,01310835.JPG,M5\01310835.JPG,01310835.JPG,6054608,2025-01-31 14:15:42,moved
CT04,M5,01310837.JPG,M5\01310837.JPG,01310837.JPG,6077482,2025-01-31 14:17:06,moved
CT04,M5,01310838.JPG,M5\01310838.JPG,01310838.JPG,6045793,2025-01-31 14:17:06,moved
CT04,M5,01310839.JPG,M5\01310839.JPG,01310839.JPG,6054508,2025-01-31 14:17:09,moved
CT04,M5,01310841.JPG,M5\01310841.JPG,01310841.JPG,6041592,2025-01-31 14:20:42,moved
CT04,M5,01310842.JPG,M5\01310842.JPG,01310842.JPG,6069869,2025-01-31 14:20:42,moved
CT04,M5,01310843.JPG,M5\01310843.JPG,01310843.JPG,6068248,2025-01-31 14:20:42,moved
CT04,M5,01310845.JPG,M5\01310845.JPG,01310845.JPG,6073179,2025-01-31 14:21:28,moved
CT04,M5,01310846.JPG,M5\01310846.JPG,01310846.JPG,6063185,2025-01-31 14:21:30,moved
CT04,M5,01310847.JPG,M5\01310847.JPG,01310847.JPG,6066014,2025-01-31 14:21:30,moved
CT04,M5,01310849.JPG,M5\01310849.JPG,01310849.JPG,6071592,2025-01-31 14:25:39,moved
CT04,M5,01310850.JPG,M5\01310850.JPG,01310850.JPG,6042247,2025-01-31 14:25:38,moved
CT04,M5,01310851.JPG,M5\01310851.JPG,01310851.JPG,6066982,2025-01-31 14:25:38,moved
CT04,M5,01310853.JPG,M5\01310853.JPG,01310853.JPG,6090496,2025-01-31 14:25:58,moved
CT04,M5,01310854.JPG,M5\01310854.JPG,01310854.JPG,6045000,2025-01-31 14:25:58,moved
CT04,M5,01310855.JPG,M5\01310855.JPG,01310855.JPG,6069593,2025-01-31 14:26:01,moved
CT04,M5,01310857.JPG,M5\01310857.JPG,01310857.JPG,6075656,2025-01-31 14:26:46,moved
CT04,M5,01310858.JPG,M5\01310858.JPG,01310858.JPG,5986468,2025-01-31 14:26:46,moved
CT04,M5,01310859.JPG,M5\01310859.JPG,01310859.JPG,6084443,2025-01-31 14:26:49,moved
CT04,M5,01310861.JPG,M5\01310861.JPG,01310861.JPG,6054977,2025-01-31 14:27:50,moved
CT04,M5,01310862.JPG,M5\01310862.JPG,01310862.JPG,6058038,2025-01-31 14:27:50,moved
CT04,M5,01310863.JPG,M5\01310863.JPG,01310863.JPG,6063897,2025-01-31 14:27:52,moved
CT04,M5,01310865.JPG,M5\01310865.JPG,01310865.JPG,6058544,2025-01-31 14:30:06,moved
CT04,M5,01310866.JPG,M5\01310866.JPG,01310866.JPG,6068141,2025-01-31 14:30:06,moved
CT04,M5,01310867.JPG,M5\01310867.JPG,01310867.JPG,6081767,2025-01-31 14:30:09,moved
CT04,M5,01310869.JPG,M5\01310869.JPG,01310869.JPG,6077257,2025-01-31 14:31:05,moved
CT04,M5,01310870.JPG,M5\01310870.JPG,01310870.JPG,6061248,2025-01-31 14:31:04,moved
CT04,M5,01310871.JPG,M5\01310871.JPG,01310871.JPG,6015525,2025-01-31 14:31:07,moved
CT04,M5,01310873.JPG,M5\01310873.JPG,01310873.JPG,6098414,2025-01-31 14:32:14,moved
CT04,M5,01310874.JPG,M5\01310874.JPG,01310874.JPG,6093120,2025-01-31 14:32:17,moved
CT04,M5,01310875.JPG,M5\01310875.JPG,01310875.JPG,5994065,2025-01-31 14:32:16,moved
CT04,M5,01310877.JPG,M5\01310877.JPG,01310877.JPG,6026760,2025-01-31 14:34:30,moved
CT04,M5,01310878.JPG,M5\01310878.JPG,01310878.JPG,6019148,2025-01-31 14:34:30,moved
CT04,M5,01310879.JPG,M5\01310879.JPG,01310879.JPG,6027114,2025-01-31 14:34:33,moved
CT04,M5,01310881.JPG,M5\01310881.JPG,01310881.JPG,6019295,2025-01-31 14:37:28,moved
CT04,M5,01310882.JPG,M5\01310882.JPG,01310882.JPG,6052982,2025-01-31 14:37:28,moved
CT04,M5,01310883.JPG,M5\01310883.JPG,01310883.JPG,6055671,2025-01-31 14:37:28,moved
CT04,M5,01310885.JPG,M5\01310885.JPG,01310885.JPG,6070469,2025-01-31 14:44:15,moved
CT04,M5,01310886.JPG,M5\01310886.JPG,01310886.JPG,6061719,2025-01-31 14:44:14,moved
CT04,M5,01310887.JPG,M5\01310887.JPG,01310887.JPG,6052621,2025-01-31 14:44:14,moved
CT04,M5,01310889.JPG,M5\01310889.JPG,01310889.JPG,6066324,2025-01-31 14:54:32,moved
CT04,M5,01310890.JPG,M5\01310890.JPG,01310890.JPG,6117619,2025-01-31 14:54:35,moved
CT04,M5,01310891.JPG,M5\01310891.JPG,01310891.JPG,6097115,2025-01-31 14:54:34,moved
CT04,M5,01310893.JPG,M5\01310893.JPG,01310893.JPG,6111343,2025-01-31 14:55:17,moved
CT04,M5,01310894.JPG,M5\01310894.JPG,01310894.JPG,6078967,2025-01-31 14:55:16,moved
CT04,M5,01310895.JPG,M5\01310895.JPG,01310895.JPG,6049706,2025-01-31 14:55:16,moved
CT04,M5,01310897.JPG,M5\01310897.JPG,01310897.JPG,6198737,2025-01-31 14:56:10,moved
CT04,M5,01310898.JPG,M5\01310898.JPG,01310898.JPG,6065154,2025-01-31 14:56:10,moved
CT04,M5,01310899.JPG,M5\01310899.JPG,01310899.JPG,6068897,2025-01-31 14:56:12,moved
CT04,M5,01310901.JPG,M5\01310901.JPG,01310901.JPG,6053838,2025-01-31 14:58:18,moved
CT04,M5,01310902.JPG,M5\01310902.JPG,01310902.JPG,6060392,2025-01-31 14:58:20,moved
CT04,M5,01310903.JPG,M5\01310903.JPG,01310903.JPG,6062147,2025-01-31 14:58:20,moved
CT04,M5,01310905.JPG,M5\01310905.JPG,01310905.JPG,5987021,2025-01-31 15:15:46,moved
CT04,M5,01310906.JPG,M5\01310906.JPG,01310906.JPG,6000989,2025-01-31 15:15:46,moved
CT04,M5,01310907.JPG,M5\01310907.JPG,01310907.JPG,6012318,2025-01-31 15:15:48,moved
CT04,M5,02010909.JPG,M5\02010909.JPG,02010909.JPG,5948360,2025-02-01 11:35:17,moved
CT04,M5,02010910.JPG,M5\02010910.JPG,02010910.JPG,5967183,2025-02-01 11:35:16,moved
CT04,M5,02010911.JPG,M5\02010911.JPG,02010911.JPG,5931326,2025-02-01 11:35:16,moved
CT04,M5,02010913.JPG,M5\02010913.JPG,02010913.JPG,5952560,2025-02-01 11:39:10,moved
CT04,M5,02010914.JPG,M5\02010914.JPG,02010914.JPG,6016459,2025-02-01 11:39:10,moved
CT04,M5,02010915.JPG,M5\02010915.JPG,02010915.JPG,5935753,2025-02-01 11:39:10,moved
CT04,M5,02010917.JPG,M5\02010917.JPG,02010917.JPG,5846246,2025-02-01 13:36:58,moved
CT04,M5,02010918.JPG,M5\02010918.JPG,02010918.JPG,5867217,2025-02-01 13:36:58,moved
CT04,M5,02010919.JPG,M5\02010919.JPG,02010919.JPG,5852879,2025-02-01 13:37:00,moved
CT04,M5,02010921.JPG,M5\02010921.JPG,02010921.JPG,5918563,2025-02-01 13:48:53,moved
CT04,M5,02010922.JPG,M5\02010922.JPG,02010922.JPG,5913919,2025-02-01 13:48:52,moved
CT04,M5,02010923.JPG,M5\02010923.JPG,02010923.JPG,5874235,2025-02-01 13:48:52,moved
CT04,M5,02010925.JPG,M5\02010925.JPG,02010925.JPG,5806813,2025-02-01 13:49:54,moved
CT04,M5,02010926.JPG,M5\02010926.JPG,02010926.JPG,5869028,2025-02-01 13:49:56,moved
CT04,M5,02010927.JPG,M5\02010927.JPG,02010927.JPG,5883480,2025-02-01 13:49:56,moved
CT04,M5,02010929.JPG,M5\02010929.JPG,02010929.JPG,5808107,2025-02-01 13:51:23,moved
CT04,M5,02010930.JPG,M5\02010930.JPG,02010930.JPG,5809926,2025-02-01 13:51:22,moved
CT04,M5,02010931.JPG,M5\02010931.JPG,02010931.JPG,5811805,2025-02-01 13:51:22,moved
CT04,M5,02010933.JPG,M5\02010933.JPG,02010933.JPG,5909808,2025-02-01 14:14:14,moved
CT04,M5,02010934.JPG,M5\02010934.JPG,02010934.JPG,5920304,2025-02-01 14:14:14,moved
CT04,M5,02010935.JPG,M5\02010935.JPG,02010935.JPG,5911297,2025-02-01 14:14:17,moved
CT04,M5,02010937.JPG,M5\02010937.JPG,02010937.JPG,5909761,2025-02-01 14:23:24,moved
CT04,M5,02010938.JPG,M5\02010938.JPG,02010938.JPG,5906009,2025-02-01 14:23:26,moved
CT04,M5,02010939.JPG,M5\02010939.JPG,02010939.JPG,5884144,2025-02-01 14:23:26,moved
CT04,M5,02010941.JPG,M5\02010941.JPG,02010941.JPG,5976234,2025-02-01 15:12:42,moved
CT04,M5,02010942.JPG,M5\02010942.JPG,02010942.JPG,5866952,2025-02-01 15:12:42,moved
CT04,M5,02010943.JPG,M5\02010943.JPG,02010943.JPG,5933624,2025-02-01 15:12:45,moved
CT04,M5,02010945.JPG,M5\02010945.JPG,02010945.JPG,5912669,2025-02-01 15:27:59,moved
CT04,M5,02010946.JPG,M5\02010946.JPG,02010946.JPG,5947486,2025-02-01 15:27:58,moved
CT04,M5,02010947.JPG,M5\02010947.JPG,02010947.JPG,5966064,2025-02-01 15:27:58,moved
CT04,M5,02030949.JPG,M5\02030949.JPG,02030949.JPG,6035621,2025-02-03 11:45:14,moved
CT04,M5,02030950.JPG,M5\02030950.JPG,02030950.JPG,5986193,2025-02-03 11:45:17,moved
CT04,M5,02030951.JPG,M5\02030951.JPG,02030951.JPG,5999015,2025-02-03 11:45:16,moved
CT04,M5,02040953.JPG,M5\02040953.JPG,02040953.JPG,5897128,2025-02-04 12:03:58,moved
CT04,M5,02040954.JPG,M5\02040954.JPG,02040954.JPG,5892494,2025-02-04 12:04:00,moved
CT04,M5,02040955.JPG,M5\02040955.JPG,02040955.JPG,5893956,2025-02-04 12:04:00,moved
CT04,M5,02060957.JPG,M5\02060957.JPG,02060957.JPG,5751595,2025-02-06 12:10:52,moved
CT04,M5,02060958.JPG,M5\02060958.JPG,02060958.JPG,5883327,2025-02-06 12:10:55,moved
CT04,M5,02060959.JPG,M5\02060959.JPG,02060959.JPG,5881769,2025-02-06 12:10:54,moved
CT04,M5,02060961.JPG,M5\02060961.JPG,02060961.JPG,5990816,2025-02-06 12:12:56,moved
CT04,M5,02060962.JPG,M5\02060962.JPG,02060962.JPG,5972981,2025-02-06 12:12:56,moved
CT04,M5,02060963.JPG,M5\02060963.JPG,02060963.JPG,5971387,2025-02-06 12:12:59,moved
CT04,M5/100EK113,10110001.JPG,M5\100EK113\10110001.JPG,10110001.JPG,2945160,2024-10-11 23:22:07,moved
CT04,M5/100EK113,10110002.JPG,M5\100EK113\10110002.JPG,10110002.JPG,2944351,2024-10-11 23:22:09,moved
CT04,M5/100EK113,10110003.JPG,M5\100EK113\10110003.JPG,10110003.JPG,2940877,2024-10-11 23:22:08,moved
CT04,M5/100EK113,10140005.JPG,M5\100EK113\10140005.JPG,10140005.JPG,5584023,2024-10-14 09:40:26,moved
CT04,M5/100EK113,10140006.JPG,M5\100EK113\10140006.JPG,10140006.JPG,5595934,2024-10-14 09:40:26,moved
CT04,M5/100EK113,10140007.JPG,M5\100EK113\10140007.JPG,10140007.JPG,0,2024-10-14 09:40:26,moved
CT04,M5/100EK113,10140009.JPG,M5\100EK113\10140009.JPG,10140009.JPG,0,2024-10-14 09:40:54,moved
CT04,M5/100EK113,10140010.JPG,M5\100EK113\10140010.JPG,10140010.JPG,5296986,2025-02-06 10:16:37,moved
CT04,M5/100EK113,10140011.JPG,M5\100EK113\10140011.JPG,10140011.JPG,5383667,2025-02-06 10:16:37,moved
CT04,M5/100EK113,10140013.JPG,M5\100EK113\10140013.JPG,10140013.JPG,5691375,2025-02-06 10:16:52,moved
CT04,M5/100EK113,10140014.JPG,M5\100EK113\10140014.JPG,10140014.JPG,5612665,2025-02-06 10:16:52,moved
CT04,M5/100EK113,10140015.JPG,M5\100EK113\10140015.JPG,10140015.JPG,6044731,2024-10-14 09:46:08,moved
CT04,M5/100EK113,10140017.JPG,M5\100EK113\10140017.JPG,10140017.JPG,5554774,2025-02-06 10:17:05,moved
CT04,M5/100EK113,10140018.JPG,M5\100EK113\10140018.JPG,10140018.JPG,5615098,2025-02-06 10:17:05,moved
CT04,M5/100EK113,10140019.JPG,M5\100EK113\10140019.JPG,10140019.JPG,5833858,2025-02-06 10:17:05,moved
CT04,M5/100EK113,10160021.JPG,M5\100EK113\10160021.JPG,10160021.JPG,5740428,2025-02-06 10:17:13,moved
CT04,M5/100EK113,10160022.JPG,M5\100EK113\10160022.JPG,10160022.JPG,5675864,2025-02-06 10:17:11,moved
CT04,M5/100EK113,10160023.JPG,M5\100EK113\10160023.JPG,10160023.JPG,5678895,2025-02-06 10:17:24,moved
CT04,M5/100EK113,10160025.JPG,M5\100EK113\10160025.JPG,10160025.JPG,5774968,2025-02-06 10:17:12,moved
CT04,M5/100EK113,10160026.JPG,M5\100EK113\10160026.JPG,10160026.JPG,5708105,2025-02-06 10:17:25,moved
CT04,M5/100EK113,10160027.JPG,M5\100EK113\10160027.JPG,10160027.JPG,5714450,2025-02-06 10:17:11,moved
CT04,M5/100EK113,10160029.JPG,M5\100EK113\10160029.JPG,10160029.JPG,0,2024-10-16 10:10:30,moved
CT04,M5/100EK113,10160030.JPG,M5\100EK113\10160030.JPG,10160030.JPG,5703278,2025-02-06 10:17:12,moved
CT04,M5/100EK113,10160031.JPG,M5\100EK113\10160031.JPG,10160031.JPG,5742262,2025-02-06 10:17:12,moved
CT04,M5/100EK113,10170033.JPG,M5\100EK113\10170033.JPG,10170033.JPG,5194358,2025-02-06 10:17:25,moved
CT04,M5/100EK113,10170034.JPG,M5\100EK113\10170034.JPG,10170034.JPG,5326577,2025-02-06 10:17:27,moved
CT04,M5/100EK113,10170035.JPG,M5\100EK113\10170035.JPG,10170035.JPG,5384254,2025-02-06 10:17:28,moved
CT04,M5/100EK113,10170037.JPG,M5\100EK113\10170037.JPG,10170037.JPG,5488004,2025-02-06 10:17:28,moved
CT04,M5/100EK113,10170038.JPG,M5\100EK113\10170038.JPG,10170038.JPG,5031545,2024-10-17 11:39:02,moved
CT04,M5/100EK113,10170039.JPG,M5\100EK113\10170039.JPG,10170039.JPG,5544327,2025-02-06 10:17:27,moved
CT04,M5/100EK113,10170041.JPG,M5\100EK113\10170041.JPG,10170041.JPG,5984766,2024-10-17 16:00:20,moved
CT04,M5/100EK113,10170042.JPG,M5\100EK113\10170042.JPG,10170042.JPG,6000476,2024-10-17 16:00:20,moved
CT04,M5/100EK113,10170043.JPG,M5\100EK113\10170043.JPG,10170043.JPG,6259853,2024-10-17 16:00:23,moved
CT04,M5/100EK113,10170045.JPG,M5\100EK113\10170045.JPG,10170045.JPG,5799322,2024-10-17 16:08:12,moved
CT04,M5/100EK113,10170046.JPG,M5\100EK113\10170046.JPG,10170046.JPG,5659128,2025-02-06 10:17:50,moved
CT04,M5/100EK113,10170047.JPG,M5\100EK113\10170047.JPG,10170047.JPG,6251226,2024-10-17 16:08:12,moved
CT04,M5/100EK113,10170049.JPG,M5\100EK113\10170049.JPG,10170049.JPG,5711429,2024-10-17 16:10:02,moved
CT04,M5/100EK113,10170050.JPG,M5\100EK113\10170050.JPG,10170050.JPG,5745528,2025-02-06 10:18:03,moved
CT04,M5/100EK113,10170051.JPG,M5\100EK113\10170051.JPG,10170051.JPG,6177685,2025-02-06 10:18:04,moved
CT04,M5/100EK113,10170053.JPG,M5\100EK113\10170053.JPG,10170053.JPG,5931884,2025-02-06 10:18:15,moved
CT04,M5/100EK113,10170054.JPG,M5\100EK113\10170054.JPG,10170054.JPG,6094049,2025-02-06 10:18:15,moved
CT04,M5/100EK113,10170055.JPG,M5\100EK113\10170055.JPG,10170055.JPG,6221289,2024-10-17 16:10:54,moved
CT04,M5/100EK113,10180057.JPG,M5\100EK113\10180057.JPG,10180057.JPG,5592872,2024-10-18 09:26:08,moved
CT04,M5/100EK113,10180058.JPG,M5\100EK113\10180058.JPG,10180058.JPG,5608366,2024-10-18 09:26:11,moved
CT04,M5/100EK113,10180059.JPG,M5\100EK113\10180059.JPG,10180059.JPG,5610298,2024-10-18 09:26:10,moved
CT04,M5/100EK113,10180061.JPG,M5\100EK113\10180061.JPG,10180061.JPG,4037557,2024-10-18 09:28:24,moved
CT04,M5/100EK113,10180062.JPG,M5\100EK113\10180062.JPG,10180062.JPG,4166474,2024-10-18 09:28:24,moved
CT04,M5/100EK113,10180063.JPG,M5\100EK113\10180063.JPG,10180063.JPG,4161207,2024-10-18 09:28:24,moved
CT04,M5/100EK113,10250065.JPG,M5\100EK113\10250065.JPG,10250065.JPG,5995667,2024-10-25 14:48:22,moved
CT04,M5/100EK113,10250066.JPG,M5\100EK113\10250066.JPG,10250066.JPG,5921389,2024-10-25 14:48:22,moved
CT04,M5/100EK113,10250067.JPG,M5\100EK113\10250067.JPG,10250067.JPG,5928877,2024-10-25 14:48:25,moved
CT04,M5/100EK113,10250069.JPG,M5\100EK113\10250069.JPG,10250069.JPG,5958077,2024-10-25 14:50:12,moved
CT04,M5/100EK113,10250070.JPG,M5\100EK113\10250070.JPG,10250070.JPG,5990422,2024-10-25 14:50:12,moved
CT04,M5/100EK113,10250071.JPG,M5\100EK113\10250071.JPG,10250071.JPG,5978874,2024-10-25 14:50:15,moved
CT04,M5/100EK113,10250073.JPG,M5\100EK113\10250073.JPG,10250073.JPG,6076906,2024-10-25 15:27:12,moved
CT04,M5/100EK113,10250074.JPG,M5\100EK113\10250074.JPG,10250074.JPG,6065700,2024-10-25 15:27:12,moved
CT04,M5/100EK113,10250075.JPG,M5\100EK113\10250075.JPG,10250075.JPG,6047296,2024-10-25 15:27:14,moved
CT04,M5/100EK113,10250077.JPG,M5\100EK113\10250077.JPG,10250077.JPG,5950664,2024-10-25 16:05:51,moved
CT04,M5/100EK113,10250078.JPG,M5\100EK113\10250078.JPG,10250078.JPG,5954011,2024-10-25 16:05:50,moved
CT04,M5/100EK113,10250079.JPG,M5\100EK113\10250079.JPG,10250079.JPG,5935660,2024-10-25 16:05:50,moved
CT04,M5/100EK113,10260081.JPG,M5\100EK113\10260081.JPG,10260081.JPG,4447155,2024-10-26 08:07:56,moved
CT04,M5/100EK113,10260082.JPG,M5\100EK113\10260082.JPG,10260082.JPG,4451169,2024-10-26 08:07:58,moved
CT04,M5/100EK113,10260083.JPG,M5\100EK113\10260083.JPG,10260083.JPG,4446286,2024-10-26 08:07:58,moved
CT04,M5/100EK113,10270085.JPG,M5\100EK113\10270085.JPG,10270085.JPG,5731544,2024-10-27 09:43:56,moved
CT04,M5/100EK113,10270086.JPG,M5\100EK113\10270086.JPG,10270086.JPG,5717571,2024-10-27 09:43:56,moved
CT04,M5/100EK113,10270087.JPG,M5\100EK113\10270087.JPG,10270087.JPG,5719035,2024-10-27 09:43:59,moved
CT04,M5/100EK113,10270089.JPG,M5\100EK113\10270089.JPG,10270089.JPG,5680148,2024-10-27 09:46:36,moved
CT04,M5/100EK113,10270090.JPG,M5\100EK113\10270090.JPG,10270090.JPG,5642022,2024-10-27 09:46:36,moved
CT04,M5/100EK113,10270091.JPG,M5\100EK113\10270091.JPG,10270091.JPG,5640045,2024-10-27 09:46:36,moved
CT04,M5/100EK113,10270093.JPG,M5\100EK113\10270093.JPG,10270093.JPG,5412800,2024-10-27 09:48:46,moved
CT04,M5/100EK113,10270094.JPG,M5\100EK113\10270094.JPG,10270094.JPG,5381446,2024-10-27 09:48:46,moved
CT04,M5/100EK113,10270095.JPG,M5\100EK113\10270095.JPG,10270095.JPG,5370371,2024-10-27 09:48:48,moved
CT04,M5/100EK113,10270097.JPG,M5\100EK113\10270097.JPG,10270097.JPG,6069089,2024-10-27 15:50:22,moved
CT04,M5/100EK113,10270098.JPG,M5\100EK113\10270098.JPG,10270098.JPG,6009709,2024-10-27 15:50:24,moved
CT04,M5/100EK113,10270099.JPG,M5\100EK113\10270099.JPG,10270099.JPG,5999025,2024-10-27 15:50:24,moved
CT04,M5/100EK113,10270101.JPG,M5\100EK113\10270101.JPG,10270101.JPG,5988948,2024-10-27 16:21:38,moved
CT04,M5/100EK113,10270102.JPG,M5\100EK113\10270102.JPG,10270102.JPG,6201484,2024-10-27 16:21:38,moved
CT04,M5/100EK113,10270103.JPG,M5\100EK113\10270103.JPG,10270103.JPG,5959684,2024-10-27 16:21:40,moved
CT04,M5/100EK113,10280105.JPG,M5\100EK113\10280105.JPG,10280105.JPG,5985264,2024-10-28 09:22:10,moved
CT04,M5/100EK113,10280106.JPG,M5\100EK113\10280106.JPG,10280106.JPG,6004612,2024-10-28 09:22:13,moved
CT04,M5/100EK113,10280107.JPG,M5\100EK113\10280107.JPG,10280107.JPG,6009154,2024-10-28 09:22:12,moved
CT04,M5/100EK113,10280109.JPG,M5\100EK113\10280109.JPG,10280109.JPG,5969360,2024-10-28 15:49:16,moved
CT04,M5/100EK113,10280110.JPG,M5\100EK113\10280110.JPG,10280110.JPG,5944363,2024-10-28 15:49:19,moved
CT04,M5/100EK113,10280111.JPG,M5\100EK113\10280111.JPG,10280111.JPG,5932664,2024-10-28 15:49:18,moved
CT04,M5/100EK113,10290113.JPG,M5\100EK113\10290113.JPG,10290113.JPG,5363190,2024-10-29 09:07:26,moved
CT04,M5/100EK113,10290114.JPG,M5\100EK113\10290114.JPG,10290114.JPG,5365387,2024-10-29 09:07:29,moved
CT04,M5/100EK113,10290115.JPG,M5\100EK113\10290115.JPG,10290115.JPG,5353365,2024-10-29 09:07:28,moved
CT04,M5/100EK113,10290117.JPG,M5\100EK113\10290117.JPG,10290117.JPG,6069123,2024-10-29 14:14:32,moved
CT04,M5/100EK113,10290118.JPG,M5\100EK113\10290118.JPG,10290118.JPG,5999305,2024-10-29 14:14:32,moved
CT04,M5/100EK113,10290119.JPG,M5\100EK113\10290119.JPG,10290119.JPG,5998025,2024-10-29 14:14:32,moved
CT04,M5/100EK113,10290121.JPG,M5\100EK113\10290121.JPG,10290121.JPG,5941173,2024-10-29 14:15:54,moved
CT04,M5/100EK113,10290122.JPG,M5\100EK113\10290122.JPG,10290122.JPG,5983410,2024-10-29 14:15:56,moved
CT04,M5/100EK113,10290123.JPG,M5\100EK113\10290123.JPG,10290123.JPG,5982445,2024-10-29 14:15:56,moved
CT04,M5/100EK113,10290125.JPG,M5\100EK113\10290125.JPG,10290125.JPG,5952079,2024-10-29 16:01:50,moved
CT04,M5/100EK113,10290126.JPG,M5\100EK113\10290126.JPG,10290126.JPG,5960043,2024-10-29 16:01:50,moved
CT04,M5/100EK113,10290127.JPG,M5\100EK113\10290127.JPG,10290127.JPG,5928147,2024-10-29 16:01:52,moved
CT04,M5/100EK113,10300129.JPG,M5\100EK113\10300129.JPG,10300129.JPG,6058281,2024-10-30 14:20:44,moved
CT04,M5/100EK113,10300130.JPG,M5\100EK113\10300130.JPG,10300130.JPG,6056896,2024-10-30 14:20:44,moved
CT04,M5/100EK113,10300131.JPG,M5\100EK113\10300131.JPG,10300131.JPG,6049853,2024-10-30 14:20:46,moved
CT04,M5/100EK113,10300133.JPG,M5\100EK113\10300133.JPG,10300133.JPG,5952473,2024-10-30 15:07:55,moved
CT04,M5/100EK113,10300134.JPG,M5\100EK113\10300134.JPG,10300134.JPG,5952810,2024-10-30 15:07:54,moved
CT04,M5/100EK113,10300135.JPG,M5\100EK113\10300135.JPG,10300135.JPG,5952074,2024-10-30 15:07:54,moved
CT04,M5/100EK113,10300137.JPG,M5\100EK113\10300137.JPG,10300137.JPG,6020687,2024-10-30 15:13:24,moved
CT04,M5/100EK113,10300138.JPG,M5\100EK113\10300138.JPG,10300138.JPG,6023354,2024-10-30 15:13:24,moved
CT04,M5/100EK113,10300139.JPG,M5\100EK113\10300139.JPG,10300139.JPG,6030184,2024-10-30 15:13:26,moved
CT04,M5/100EK113,10300141.JPG,M5\100EK113\10300141.JPG,10300141.JPG,6006419,2024-10-30 15:28:50,moved
CT04,M5/100EK113,10300142.JPG,M5\100EK113\10300142.JPG,10300142.JPG,5974027,2024-10-30 15:28:50,moved
CT04,M5/100EK113,10300143.JPG,M5\100EK113\10300143.JPG,10300143.JPG,5957493,2024-10-30 15:28:50,moved
CT04,M5/100EK113,10300145.JPG,M5\100EK113\10300145.JPG,10300145.JPG,6001771,2024-10-30 15:37:34,moved
CT04,M5/100EK113,10300146.JPG,M5\100EK113\10300146.JPG,10300146.JPG,6015180,2024-10-30 15:37:36,moved
CT04,M5/100EK113,10300147.JPG,M5\100EK113\10300147.JPG,10300147.JPG,5989795,2024-10-30 15:37:36,moved
CT04,M5/100EK113,10300149.JPG,M5\100EK113\10300149.JPG,10300149.JPG,6019534,2024-10-30 15:43:50,moved
CT04,M5/100EK113,10300150.JPG,M5\100EK113\10300150.JPG,10300150.JPG,6043307,2024-10-30 15:43:50,moved
CT04,M5/100EK113,10300151.JPG,M5\100EK113\10300151.JPG,10300151.JPG,6039432,2024-10-30 15:43:50,moved
CT04,M5/100EK113,10300153.JPG,M5\100EK113\10300153.JPG,10300153.JPG,5996281,2024-10-30 15:55:52,moved
CT04,M5/100EK113,10300154.JPG,M5\100EK113\10300154.JPG,10300154.JPG,5983011,2024-10-30 15:55:54,moved
CT04,M5/100EK113,10300155.JPG,M5\100EK113\10300155.JPG,10300155.JPG,6007283,2024-10-30 15:55:54,moved
CT04,M5/100EK113,10300157.JPG,M5\100EK113\10300157.JPG,10300157.JPG,6029463,2024-10-30 15:59:30,moved
CT04,M5/100EK113,10300158.JPG,M5\100EK113\10300158.JPG,10300158.JPG,6034002,2024-10-30 15:59:32,moved
CT04,M5/100EK113,10300159.JPG,M5\100EK113\10300159.JPG,10300159.JPG,6050077,2024-10-30 15:59:32,moved
CT04,M5/100EK113,10300161.JPG,M5\100EK113\10300161.JPG,10300161.JPG,6032740,2024-10-30 15:59:56,moved
CT04,M5/100EK113,10300162.JPG,M5\100EK113\10300162.JPG,10300162.JPG,6032676,2024-10-30 15:59:59,moved
CT04,M5/100EK113,10300163.JPG,M5\100EK113\10300163.JPG,10300163.JPG,6026589,2024-10-30 15:59:58,moved
CT04,M5/100EK113,10300165.JPG,M5\100EK113\10300165.JPG,10300165.JPG,6012760,2024-10-30 16:04:22,moved
CT04,M5/100EK113,10300166.JPG,M5\100EK113\10300166.JPG,10300166.JPG,6021835,2024-10-30 16:04:22,moved
CT04,M5/100EK113,10300167.JPG,M5\100EK113\10300167.JPG,10300167.JPG,5994183,2024-10-30 16:04:22,moved
CT04,M5/100EK113,10300169.JPG,M5\100EK113\10300169.JPG,10300169.JPG,5969773,2024-10-30 16:05:39,moved
CT04,M5/100EK113,10300170.JPG,M5\100EK113\10300170.JPG,10300170.JPG,5978011,2024-10-30 16:05:38,moved
CT04,M5/100EK113,10300171.JPG,M5\100EK113\10300171.JPG,10300171.JPG,5957261,2024-10-30 16:05:38,moved
CT04,M5/100EK113,10310173.JPG,M5\100EK113\10310173.JPG,10310173.JPG,5935743,2024-10-31 14:13:40,moved
CT04,M5/100EK113,10310174.JPG,M5\100EK113\10310174.JPG,10310174.JPG,5920472,2024-10-31 14:13:40,moved
CT04,M5/100EK113,10310175.JPG,M5\100EK113\10310175.JPG,10310175.JPG,5968626,2024-10-31 14:13:42,moved
CT04,M5/100EK113,10310177.JPG,M5\100EK113\10310177.JPG,10310177.JPG,6012237,2024-10-31 14:54:04,moved
CT04,M5/100EK113,10310178.JPG,M5\100EK113\10310178.JPG,10310178.JPG,6007087,2024-10-31 14:54:04,moved
CT04,M5/100EK113,10310179.JPG,M5\100EK113\10310179.JPG,10310179.JPG,6012975,2024-10-31 14:54:04,moved
CT04,M5/100EK113,10310181.JPG,M5\100EK113\10310181.JPG,10310181.JPG,6023229,2024-10-31 14:56:31,moved
CT04,M5/100EK113,10310182.JPG,M5\100EK113\10310182.JPG,10310182.JPG,6040942,2024-10-31 14:56:30,moved
CT04,M5/100EK113,10310183.JPG,M5\100EK113\10310183.JPG,10310183.JPG,6033600,2024-10-31 14:56:30,moved
CT04,M5/100EK113,10310185.JPG,M5\100EK113\10310185.JPG,10310185.JPG,5966992,2024-10-31 14:57:24,moved
CT04,M5/100EK113,10310186.JPG,M5\100EK113\10310186.JPG,10310186.JPG,5986800,2024-10-31 14:57:24,moved
CT04,M5/100EK113,10310187.JPG,M5\100EK113\10310187.JPG,10310187.JPG,6038249,2024-10-31 14:57:26,moved
CT04,M5/100EK113,10310189.JPG,M5\100EK113\10310189.JPG,10310189.JPG,5993043,2024-10-31 15:00:33,moved
CT04,M5/100EK113,10310190.JPG,M5\100EK113\10310190.JPG,10310190.JPG,6033085,2024-10-31 15:00:32,moved
CT04,M5/100EK113,10310191.JPG,M5\100EK113\10310191.JPG,10310191.JPG,5993204,2024-10-31 15:00:32,moved
CT04,M5/100EK113,10310193.JPG,M5\100EK113\10310193.JPG,10310193.JPG,6031244,2024-10-31 15:09:32,moved
CT04,M5/100EK113,10310194.JPG,M5\100EK113\10310194.JPG,10310194.JPG,6052203,2024-10-31 15:09:32,moved
CT04,M5/100EK113,10310195.JPG,M5\100EK113\10310195.JPG,10310195.JPG,6010908,2024-10-31 15:09:34,moved
CT04,M5/100EK113,10310197.JPG,M5\100EK113\10310197.JPG,10310197.JPG,5995029,2024-10-31 15:46:14,moved
CT04,M5/100EK113,10310198.JPG,M5\100EK113\10310198.JPG,10310198.JPG,6020476,2024-10-31 15:46:14,moved
CT04,M5/100EK113,10310199.JPG,M5\100EK113\10310199.JPG,10310199.JPG,6016851,2024-10-31 15:46:16,moved
CT04,M5/100EK113,10310201.JPG,M5\100EK113\10310201.JPG,10310201.JPG,6003151,2024-10-31 15:47:20,moved
CT04,M5/100EK113,10310202.JPG,M5\100EK113\10310202.JPG,10310202.JPG,5929459,2024-10-31 15:47:23,moved
CT04,M5/100EK113,10310203.JPG,M5\100EK113\10310203.JPG,10310203.JPG,5939402,2024-10-31 15:47:22,moved
CT04,M5/100EK113,10310205.JPG,M5\100EK113\10310205.JPG,10310205.JPG,5990858,2024-10-31 15:53:58,moved
CT04,M5/100EK113,10310206.JPG,M5\100EK113\10310206.JPG,10310206.JPG,5979856,2024-10-31 15:53:58,moved
CT04,M5/100EK113,10310207.JPG,M5\100EK113\10310207.JPG,10310207.JPG,5948349,2024-10-31 15:54:00,moved
CT04,M5/100EK113,10310209.JPG,M5\100EK113\10310209.JPG,10310209.JPG,5896313,2024-10-31 16:11:30,moved
CT04,M5/100EK113,10310210.JPG,M5\100EK113\10310210.JPG,10310210.JPG,5904627,2024-10-31 16:11:30,moved
CT04,M5/100EK113,10310211.JPG,M5\100EK113\10310211.JPG,10310211.JPG,5914845,2024-10-31 16:11:32,moved
CT04,M5/100EK113,10310213.JPG,M5\100EK113\10310213.JPG,10310213.JPG,5941434,2024-10-31 16:17:48,moved
CT04,M5/100EK113,10310214.JPG,M5\100EK113\10310214.JPG,10310214.JPG,5897719,2024-10-31 16:17:48,moved
CT04,M5/100EK113,10310215.JPG,M5\100EK113\10310215.JPG,10310215.JPG,5932915,2024-10-31 16:17:50,moved
CT04,M5/100EK113,10310217.JPG,M5\100EK113\10310217.JPG,10310217.JPG,5915271,2024-10-31 16:26:22,moved
CT04,M5/100EK113,10310218.JPG,M5\100EK113\10310218.JPG,10310218.JPG,5888540,2024-10-31 16:26:24,moved
CT04,M5/100EK113,10310219.JPG,M5\100EK113\10310219.JPG,10310219.JPG,5892645,2024-10-31 16:26:24,moved
CT04,M5/100EK113,10310221.JPG,M5\100EK113\10310221.JPG,10310221.JPG,5886139,2024-10-31 16:30:26,moved
CT04,M5/100EK113,10310222.JPG,M5\100EK113\10310222.JPG,10310222.JPG,5838381,2024-10-31 16:30:26,moved
CT04,M5/100EK113,10310223.JPG,M5\100EK113\10310223.JPG,10310223.JPG,5828140,2024-10-31 16:30:28,moved
CT04,M5/100EK113,10310225.JPG,M5\100EK113\10310225.JPG,10310225.JPG,5917572,2024-10-31 16:59:26,moved
CT04,M5/100EK113,10310226.JPG,M5\100EK113\10310226.JPG,10310226.JPG,5940908,2024-10-31 16:59:28,moved
CT04,M5/100EK113,10310227.JPG,M5\100EK113\10310227.JPG,10310227.JPG,5838918,2024-10-31 16:59:28,moved
CT04,M5/100EK113,11010229.JPG,M5\100EK113\11010229.JPG,11010229.JPG,5926938,2024-11-01 18:09:04,moved
CT04,M5/100EK113,11010230.JPG,M5\100EK113\11010230.JPG,11010230.JPG,5917110,2024-11-01 18:09:04,moved
CT04,M5/100EK113,11010231.JPG,M5\100EK113\11010231.JPG,11010231.JPG,5943930,2024-11-01 18:09:06,moved
CT04,M5/100EK113,11020233.JPG,M5\100EK113\11020233.JPG,11020233.JPG,6109292,2024-11-02 14:16:16,moved
CT04,M5/100EK113,11020234.JPG,M5\100EK113\11020234.JPG,11020234.JPG,6047016,2024-11-02 14:16:16,moved
CT04,M5/100EK113,11020235.JPG,M5\100EK113\11020235.JPG,11020235.JPG,6051526,2024-11-02 14:16:19,moved
CT04,M5/100EK113,11020237.JPG,M5\100EK113\11020237.JPG,11020237.JPG,6016632,2024-11-02 14:30:59,moved
CT04,M5/100EK113,11020238.JPG,M5\100EK113\11020238.JPG,11020238.JPG,6048949,2024-11-02 14:30:58,moved
CT04,M5/100EK113,11020239.JPG,M5\100EK113\11020239.JPG,11020239.JPG,5969754,2024-11-02 14:30:58,moved
CT04,M5/100EK113,11020241.JPG,M5\100EK113\11020241.JPG,11020241.JPG,6117650,2024-11-02 15:01:48,moved
CT04,M5/100EK113,11020242.JPG,M5\100EK113\11020242.JPG,11020242.JPG,6069204,2024-11-02 15:01:48,moved
CT04,M5/100EK113,11020243.JPG,M5\100EK113\11020243.JPG,11020243.JPG,6099716,2024-11-02 15:01:51,moved
CT04,M5/100EK113,11020245.JPG,M5\100EK113\11020245.JPG,11020245.JPG,6002035,2024-11-02 15:08:20,moved
CT04,M5/100EK113,11020246.JPG,M5\100EK113\11020246.JPG,11020246.JPG,6059112,2024-11-02 15:08:20,moved
CT04,M5/100EK113,11020247.JPG,M5\100EK113\11020247.JPG,11020247.JPG,6068447,2024-11-02 15:08:20,moved
CT04,M5/100EK113,11020249.JPG,M5\100EK113\11020249.JPG,11020249.JPG,6078845,2024-11-02 15:27:18,moved
CT04,M5/100EK113,11020250.JPG,M5\100EK113\11020250.JPG,11020250.JPG,5986191,2024-11-02 15:27:18,moved
CT04,M5/100EK113,11020251.JPG,M5\100EK113\11020251.JPG,11020251.JPG,6038810,2024-11-02 15:27:21,moved
CT04,M5/100EK113,11020253.JPG,M5\100EK113\11020253.JPG,11020253.JPG,6113849,2024-11-02 15:28:32,moved
CT04,M5/100EK113,11020254.JPG,M5\100EK113\11020254.JPG,11020254.JPG,6114952,2024-11-02 15:28:32,moved
CT04,M5/100EK113,11020255.JPG,M5\100EK113\11020255.JPG,11020255.JPG,6151195,2024-11-02 15:28:35,moved
CT04,M5/100EK113,11020257.JPG,M5\100EK113\11020257.JPG,11020257.JPG,6067116,2024-11-02 15:33:24,moved
CT04,M5/100EK113,11020258.JPG,M5\100EK113\11020258.JPG,11020258.JPG,6036745,2024-11-02 15:33:24,moved
CT04,M5/100EK113,11020259.JPG,M5\100EK113\11020259.JPG,11020259.JPG,6062229,2024-11-02 15:33:26,moved
CT04,M5/100EK113,11020261.JPG,M5\100EK113\11020261.JPG,11020261.JPG,5991781,2024-11-02 15:39:16,moved
CT04,M5/100EK113,11020262.JPG,M5\100EK113\11020262.JPG,11020262.JPG,5993704,2024-11-02 15:39:16,moved
CT04,M5/100EK113,11020263.JPG,M5\100EK113\11020263.JPG,11020263.JPG,6012194,2024-11-02 15:39:16,moved
CT04,M5/100EK113,11020265.JPG,M5\100EK113\11020265.JPG,11020265.JPG,6003461,2024-11-02 15:49:10,moved
CT04,M5/100EK113,11020266.JPG,M5\100EK113\11020266.JPG,11020266.JPG,6053436,2024-11-02 15:49:12,moved
CT04,M5/100EK113,11020267.JPG,M5\100EK113\11020267.JPG,11020267.JPG,6068383,2024-11-02 15:49:12,moved
CT04,M5/100EK113,11020269.JPG,M5\100EK113\11020269.JPG,11020269.JPG,6072819,2024-11-02 15:53:57,moved
CT04,M5/100EK113,11020270.JPG,M5\100EK113\11020270.JPG,11020270.JPG,6068273,2024-11-02 15:53:56,moved
CT04,M5/100EK113,11020271.JPG,M5\100EK113\11020271.JPG,11020271.JPG,6068278,2024-11-02 15:53:56,moved
CT04,M5/100EK113,11020273.JPG,M5\100EK113\11020273.JPG,11020273.JPG,6008021,2024-11-02 16:04:08,moved
CT04,M5/100EK113,11020274.JPG,M5\100EK113\11020274.JPG,11020274.JPG,5953360,2024-11-02 16:04:08,moved
CT04,M5/100EK113,11020275.JPG,M5\100EK113\11020275.JPG,11020275.JPG,5970361,2024-11-02 16:04:10,moved
CT04,M5/100EK113,11020277.JPG,M5\100EK113\11020277.JPG,11020277.JPG,6089874,2024-11-02 16:10:28,moved
CT04,M5/100EK113,11020278.JPG,M5\100EK113\11020278.JPG,11020278.JPG,6061605,2024-11-02 16:10:30,moved
CT04,M5/100EK113,11020279.JPG,M5\100EK113\11020279.JPG,11020279.JPG,6063567,2024-11-02 16:10:30,moved
CT04,M5/100EK113,11020281.JPG,M5\100EK113\11020281.JPG,11020281.JPG,5988228,2024-11-02 16:18:02,moved
CT04,M5/100EK113,11020282.JPG,M5\100EK113\11020282.JPG,11020282.JPG,6044114,2024-11-02 16:18:02,moved
CT04,M5/100EK113,11020283.JPG,M5\100EK113\11020283.JPG,11020283.JPG,6023133,2024-11-02 16:18:04,moved
CT04,M5/100EK113,11020285.JPG,M5\100EK113\11020285.JPG,11020285.JPG,6017742,2024-11-02 17:14:08,moved
CT04,M5/100EK113,11020286.JPG,M5\100EK113\11020286.JPG,11020286.JPG,6013941,2024-11-02 17:14:08,moved
CT04,M5/100EK113,11020287.JPG,M5\100EK113\11020287.JPG,11020287.JPG,6033005,2024-11-02 17:14:11,moved
CT04,M5/100EK113,11060289.JPG,M5\100EK113\11060289.JPG,11060289.JPG,6161585,2024-11-06 11:30:12,moved
CT04,M5/100EK113,11060290.JPG,M5\100EK113\11060290.JPG,11060290.JPG,6097844,2024-11-06 11:30:14,moved
CT04,M5/100EK113,11060291.JPG,M5\100EK113\11060291.JPG,11060291.JPG,6103480,2024-11-06 11:30:14,moved
CT04,M5/100EK113,11060293.JPG,M5\100EK113\11060293.JPG,11060293.JPG,5938642,2024-11-06 14:29:58,moved
CT04,M5/100EK113,11060294.JPG,M5\100EK113\11060294.JPG,11060294.JPG,5944778,2024-11-06 14:30:00,moved
CT04,M5/100EK113,11060295.JPG,M5\100EK113\11060295.JPG,11060295.JPG,5922006,2024-11-06 14:30:00,moved
CT04,M5/100EK113,11060297.JPG,M5\100EK113\11060297.JPG,11060297.JPG,6056003,2024-11-06 15:12:18,moved
CT04,M5/100EK113,11060298.JPG,M5\100EK113\11060298.JPG,11060298.JPG,6033102,2024-11-06 15:12:18,moved
CT04,M5/100EK113,11060299.JPG,M5\100EK113\11060299.JPG,11060299.JPG,6049737,2024-11-06 15:12:20,moved
CT04,M5/100EK113,11060301.JPG,M5\100EK113\11060301.JPG,11060301.JPG,6017436,2024-11-06 15:30:00,moved
CT04,M5/100EK113,11060302.JPG,M5\100EK113\11060302.JPG,11060302.JPG,6016897,2024-11-06 15:30:00,moved
CT04,M5/100EK113,11060303.JPG,M5\100EK113\11060303.JPG,11060303.JPG,6027293,2024-11-06 15:30:02,moved
CT04,M5/100EK113,11070305.JPG,M5\100EK113\11070305.JPG,11070305.JPG,6182354,2024-11-07 12:16:50,moved
CT04,M5/100EK113,11070306.JPG,M5\100EK113\11070306.JPG,11070306.JPG,6173734,2024-11-07 12:16:50,moved
CT04,M5/100EK113,11070307.JPG,M5\100EK113\11070307.JPG,11070307.JPG,6164729,2024-11-07 12:16:52,moved
CT04,M5/100EK113,11070309.JPG,M5\100EK113\11070309.JPG,11070309.JPG,6074261,2024-11-07 12:19:02,moved
CT04,M5/100EK113,11070310.JPG,M5\100EK113\11070310.JPG,11070310.JPG,6092276,2024-11-07 12:19:02,moved
CT04,M5/100EK113,11070311.JPG,M5\100EK113\11070311.JPG,11070311.JPG,6097198,2024-11-07 12:19:04,moved
CT04,M5/100EK113,11070313.JPG,M5\100EK113\11070313.JPG,11070313.JPG,5877882,2024-11-07 14:33:48,moved
CT04,M5/100EK113,11070314.JPG,M5\100EK113\11070314.JPG,11070314.JPG,5909540,2024-11-07 14:33:48,moved
CT04,M5/100EK113,11070315.JPG,M5\100EK113\11070315.JPG,11070315.JPG,5903892,2024-11-07 14:33:50,moved
CT04,M5/100EK113,11070317.JPG,M5\100EK113\11070317.JPG,11070317.JPG,5997543,2024-11-07 14:42:02,moved
CT04,M5/100EK113,11070318.JPG,M5\100EK113\11070318.JPG,11070318.JPG,5993427,2024-11-07 14:42:05,moved
CT04,M5/100EK113,11070319.JPG,M5\100EK113\11070319.JPG,11070319.JPG,6005646,2024-11-07 14:42:04,moved
CT04,M5/100EK113,11070321.JPG,M5\100EK113\11070321.JPG,11070321.JPG,5997093,2024-11-07 14:45:23,moved
CT04,M5/100EK113,11070322.JPG,M5\100EK113\11070322.JPG,11070322.JPG,5998351,2024-11-07 14:45:22,moved
CT04,M5/100EK113,11070323.JPG,M5\100EK113\11070323.JPG,11070323.JPG,5971067,2024-11-07 14:45:22,moved
CT04,M5/100EK113,11070325.JPG,M5\100EK113\11070325.JPG,11070325.JPG,6071535,2024-11-07 14:47:56,moved
CT04,M5/100EK113,11070326.JPG,M5\100EK113\11070326.JPG,11070326.JPG,5935908,2024-11-07 14:47:56,moved
CT04,M5/100EK113,11070327.JPG,M5\100EK113\11070327.JPG,11070327.JPG,5951273,2024-11-07 14:47:56,moved
CT04,M5/100EK113,11070329.JPG,M5\100EK113\11070329.JPG,11070329.JPG,6022873,2024-11-07 15:41:56,moved
CT04,M5/100EK113,11070330.JPG,M5\100EK113\11070330.JPG,11070330.JPG,6020275,2024-11-07 15:41:58,moved
CT04,M5/100EK113,11070331.JPG,M5\100EK113\11070331.JPG,11070331.JPG,6011420,2024-11-07 15:41:58,moved
CT04,M5/100EK113,11080333.JPG,M5\100EK113\11080333.JPG,11080333.JPG,6080571,2024-11-08 15:40:32,moved
CT04,M5/100EK113,11080334.JPG,M5\100EK113\11080334.JPG,11080334.JPG,6131318,2024-11-08 15:40:35,moved
CT04,M5/100EK113,11080335.JPG,M5\100EK113\11080335.JPG,11080335.JPG,6044293,2024-11-08 15:40:34,moved
CT04,M5/100EK113,11080337.JPG,M5\100EK113\11080337.JPG,11080337.JPG,5964292,2024-11-08 15:51:48,moved
CT04,M5/100EK113,11080338.JPG,M5\100EK113\11080338.JPG,11080338.JPG,6026802,2024-11-08 15:51:48,moved
CT04,M5/100EK113,11080339.JPG,M5\100EK113\11080339.JPG,11080339.JPG,6005824,2024-11-08 15:51:51,moved
CT04,M5/100EK113,11130341.JPG,M5\100EK113\11130341.JPG,11130341.JPG,6016381,2024-11-13 12:19:34,moved
CT04,M5/100EK113,11130342.JPG,M5\100EK113\11130342.JPG,11130342.JPG,6185655,2024-11-13 12:19:36,moved
CT04,M5/100EK113,11130343.JPG,M5\100EK113\11130343.JPG,11130343.JPG,6179646,2024-11-13 12:19:36,moved
CT04,M5/100EK113,11130345.JPG,M5\100EK113\11130345.JPG,11130345.JPG,5987085,2024-11-13 15:15:28,moved
CT04,M5/100EK113,11130346.JPG,M5\100EK113\11130346.JPG,11130346.JPG,5993366,2024-11-13 15:15:31,moved
CT04,M5/100EK113,11130347.JPG,M5\100EK113\11130347.JPG,11130347.JPG,5978228,2024-11-13 15:15:30,moved
CT04,M5/100EK113,11130349.JPG,M5\100EK113\11130349.JPG,11130349.JPG,5936602,2024-11-13 15:20:40,moved
CT04,M5/100EK113,11130350.JPG,M5\100EK113\11130350.JPG,11130350.JPG,5976418,2024-11-13 15:20:40,moved
CT04,M5/100EK113,11130351.JPG,M5\100EK113\11130351.JPG,11130351.JPG,5934986,2024-11-13 15:20:42,moved
CT04,M5/100EK113,11130353.JPG,M5\100EK113\11130353.JPG,11130353.JPG,5891979,2024-11-13 17:36:40,moved
CT04,M5/100EK113,11130354.JPG,M5\100EK113\11130354.JPG,11130354.JPG,5938524,2024-11-13 17:36:43,moved
CT04,M5/100EK113,11130355.JPG,M5\100EK113\11130355.JPG,11130355.JPG,5978615,2024-11-13 17:36:42,moved
CT04,M5/100EK113,11130357.JPG,M5\100EK113\11130357.JPG,11130357.JPG,5931864,2024-11-13 17:50:18,moved
CT04,M5/100EK113,11130358.JPG,M5\100EK113\11130358.JPG,11130358.JPG,5885466,2024-11-13 17:50:18,moved
CT04,M5/100EK113,11130359.JPG,M5\100EK113\11130359.JPG,11130359.JPG,5895968,2024-11-13 17:50:21,moved
CT04,M5/100EK113,11140361.JPG,M5\100EK113\11140361.JPG,11140361.JPG,4572753,2024-11-14 09:24:06,moved
CT04,M5/100EK113,11140362.JPG,M5\100EK113\11140362.JPG,11140362.JPG,4575604,2024-11-14 09:24:08,moved
CT04,M5/100EK113,11140363.JPG,M5\100EK113\11140363.JPG,11140363.JPG,4576623,2024-11-14 09:24:08,moved
CT04,M5/100EK113,11140365.JPG,M5\100EK113\11140365.JPG,11140365.JPG,4615259,2024-11-14 09:33:36,moved
CT04,M5/100EK113,11140366.JPG,M5\100EK113\11140366.JPG,11140366.JPG,4614308,2024-11-14 09:33:38,moved
CT04,M5/100EK113,11140367.JPG,M5\100EK113\11140367.JPG,11140367.JPG,4613611,2024-11-14 09:33:38,moved
CT04,M5/100EK113,11140369.JPG,M5\100EK113\11140369.JPG,11140369.JPG,4517534,2024-11-14 09:35:10,moved
CT04,M5/100EK113,11140370.JPG,M5\100EK113\11140370.JPG,11140370.JPG,4511359,2024-11-14 09:35:10,moved
CT04,M5/100EK113,11140371.JPG,M5\100EK113\11140371.JPG,11140371.JPG,4508245,2024-11-14 09:35:10,moved
CT04,M5/100EK113,11140373.JPG,M5\100EK113\11140373.JPG,11140373.JPG,5411433,2024-11-14 09:54:42,moved
CT04,M5/100EK113,11140374.JPG,M5\100EK113\11140374.JPG,11140374.JPG,5392175,2024-11-14 09:54:44,moved
CT04,M5/100EK113,11140375.JPG,M5\100EK113\11140375.JPG,11140375.JPG,5372911,2024-11-14 09:54:44,moved
CT04,M5/100EK113,11140377.JPG,M5\100EK113\11140377.JPG,11140377.JPG,5427243,2024-11-14 09:59:10,moved
CT04,M5/100EK113,11140378.JPG,M5\100EK113\11140378.JPG,11140378.JPG,5497761,2024-11-14 09:59:10,moved
CT04,M5/100EK113,11140379.JPG,M5\100EK113\11140379.JPG,11140379.JPG,5525692,2024-11-14 09:59:10,moved
CT04,M5/100EK113,11140381.JPG,M5\100EK113\11140381.JPG,11140381.JPG,6106944,2024-11-14 11:29:10,moved
CT04,M5/100EK113,11140382.JPG,M5\100EK113\11140382.JPG,11140382.JPG,6089914,2024-11-14 11:29:10,moved
CT04,M5/100EK113,11140383.JPG,M5\100EK113\11140383.JPG,11140383.JPG,6098738,2024-11-14 11:29:12,moved
CT04,M5/100EK113,11140385.JPG,M5\100EK113\11140385.JPG,11140385.JPG,5936153,2024-11-14 11:35:06,moved
CT04,M5/100EK113,11140386.JPG,M5\100EK113\11140386.JPG,11140386.JPG,5917592,2024-11-14 11:35:06,moved
CT04,M5/100EK113,11140387.JPG,M5\100EK113\11140387.JPG,11140387.JPG,6147469,2024-11-14 11:35:08,moved
CT04,M5/100EK113,11140389.JPG,M5\100EK113\11140389.JPG,11140389.JPG,5859902,2024-11-14 11:35:53,moved
CT04,M5/100EK113,11140390.JPG,M5\100EK113\11140390.JPG,11140390.JPG,5913123,2024-11-14 11:35:52,moved
CT04,M5/100EK113,11140391.JPG,M5\100EK113\11140391.JPG,11140391.JPG,5920619,2024-11-14 11:35:52,moved
CT04,M5/100EK113,11140393.JPG,M5\100EK113\11140393.JPG,11140393.JPG,6021446,2024-11-14 11:58:42,moved
CT04,M5/100EK113,11140394.JPG,M5\100EK113\11140394.JPG,11140394.JPG,6032931,2024-11-14 11:58:42,moved
CT04,M5/100EK113,11140395.JPG,M5\100EK113\11140395.JPG,11140395.JPG,6065553,2024-11-14 11:58:45,moved
CT04,M5/100EK113,11140397.JPG,M5\100EK113\11140397.JPG,11140397.JPG,6178954,2024-11-14 12:10:12,moved
CT04,M5/100EK113,11140398.JPG,M5\100EK113\11140398.JPG,11140398.JPG,5848439,2024-11-14 12:10:12,moved
CT04,M5/100EK113,11140399.JPG,M5\100EK113\11140399.JPG,11140399.JPG,5853406,2024-11-14 12:10:12,moved
CT04,M5/100EK113,11140401.JPG,M5\100EK113\11140401.JPG,11140401.JPG,6030316,2024-11-14 14:26:33,moved
CT04,M5/100EK113,11140402.JPG,M5\100EK113\11140402.JPG,11140402.JPG,6070580,2024-11-14 14:26:32,moved
CT04,M5/100EK113,11140403.JPG,M5\100EK113\11140403.JPG,11140403.JPG,6046165,2024-11-14 14:26:32,moved
CT04,M5/100EK113,11140405.JPG,M5\100EK113\11140405.JPG,11140405.JPG,5958886,2024-11-14 14:48:24,moved
CT04,M5/100EK113,11140406.JPG,M5\100EK113\11140406.JPG,11140406.JPG,6024832,2024-11-14 14:48:24,moved
CT04,M5/100EK113,11140407.JPG,M5\100EK113\11140407.JPG,11140407.JPG,6087300,2024-11-14 14:48:26,moved
CT04,M5/100EK113,11140409.JPG,M5\100EK113\11140409.JPG,11140409.JPG,6134932,2024-11-14 14:50:14,moved
CT04,M5/100EK113,11140410.JPG,M5\100EK113\11140410.JPG,11140410.JPG,6078448,2024-11-14 14:50:16,moved
CT04,M5/100EK113,11140411.JPG,M5\100EK113\11140411.JPG,11140411.JPG,6134312,2024-11-14 14:50:16,moved
CT04,M5/100EK113,11140413.JPG,M5\100EK113\11140413.JPG,11140413.JPG,6120881,2024-11-14 14:56:36,moved
CT04,M5/100EK113,11140414.JPG,M5\100EK113\11140414.JPG,11140414.JPG,6053554,2024-11-14 14:56:38,moved
CT04,M5/100EK113,11140415.JPG,M5\100EK113\11140415.JPG,11140415.JPG,6079954,2024-11-14 14:56:38,moved
CT04,M5/100EK113,11140417.JPG,M5\100EK113\11140417.JPG,11140417.JPG,6147284,2024-11-14 15:01:20,moved
CT04,M5/100EK113,11140418.JPG,M5\100EK113\11140418.JPG,11140418.JPG,6079243,2024-11-14 15:01:20,moved
CT04,M5/100EK113,11140419.JPG,M5\100EK113\11140419.JPG,11140419.JPG,5984171,2024-11-14 15:01:22,moved
CT04,M5/100EK113,11140421.JPG,M5\100EK113\11140421.JPG,11140421.JPG,6157196,2024-11-14 15:08:44,moved
CT04,M5/100EK113,11140422.JPG,M5\100EK113\11140422.JPG,11140422.JPG,6138821,2024-11-14 15:08:44,moved
CT04,M5/100EK113,11140423.JPG,M5\100EK113\11140423.JPG,11140423.JPG,6131330,2024-11-14 15:08:46,moved
CT04,M5/100EK113,11140425.JPG,M5\100EK113\11140425.JPG,11140425.JPG,6144338,2024-11-14 15:09:30,moved
CT04,M5/100EK113,11140426.JPG,M5\100EK113\11140426.JPG,11140426.JPG,6144890,2024-11-14 15:09:30,moved
CT04,M5/100EK113,11140427.JPG,M5\100EK113\11140427.JPG,11140427.JPG,6133698,2024-11-14 15:09:30,moved
CT04,M5/100EK113,11140429.JPG,M5\100EK113\11140429.JPG,11140429.JPG,5992376,2024-11-14 15:11:58,moved
CT04,M5/100EK113,11140430.JPG,M5\100EK113\11140430.JPG,11140430.JPG,6049355,2024-11-14 15:12:00,moved
CT04,M5/100EK113,11140431.JPG,M5\100EK113\11140431.JPG,11140431.JPG,6065808,2024-11-14 15:12:00,moved
CT04,M5/100EK113,11140433.JPG,M5\100EK113\11140433.JPG,11140433.JPG,5957745,2024-11-14 15:18:23,moved
CT04,M5/100EK113,11140434.JPG,M5\100EK113\11140434.JPG,11140434.JPG,5943243,2024-11-14 15:18:22,moved
CT04,M5/100EK113,11140435.JPG,M5\100EK113\11140435.JPG,11140435.JPG,5936492,2024-11-14 15:18:22,moved
CT04,M5/100EK113,11140437.JPG,M5\100EK113\11140437.JPG,11140437.JPG,6046745,2024-11-14 15:25:06,moved
CT04,M5/100EK113,11140438.JPG,M5\100EK113\11140438.JPG,11140438.JPG,6060298,2024-11-14 15:25:09,moved
CT04,M5/100EK113,11140439.JPG,M5\100EK113\11140439.JPG,11140439.JPG,6034362,2024-11-14 15:25:08,moved
CT04,M5/100EK113,11140441.JPG,M5\100EK113\11140441.JPG,11140441.JPG,6134642,2024-11-14 15:25:32,moved
CT04,M5/100EK113,11140442.JPG,M5\100EK113\11140442.JPG,11140442.JPG,6126911,2024-11-14 15:25:35,moved
CT04,M5/100EK113,11140443.JPG,M5\100EK113\11140443.JPG,11140443.JPG,6116222,2024-11-14 15:25:34,moved
CT04,M5/100EK113,11140445.JPG,M5\100EK113\11140445.JPG,11140445.JPG,6140780,2024-11-14 15:29:46,moved
CT04,M5/100EK113,11140446.JPG,M5\100EK113\11140446.JPG,11140446.JPG,6155974,2024-11-14 15:29:46,moved
CT04,M5/100EK113,11140447.JPG,M5\100EK113\11140447.JPG,11140447.JPG,6115255,2024-11-14 15:29:46,moved
CT04,M5/100EK113,11140449.JPG,M5\100EK113\11140449.JPG,11140449.JPG,6086946,2024-11-14 15:30:08,moved
CT04,M5/100EK113,11140450.JPG,M5\100EK113\11140450.JPG,11140450.JPG,6096591,2024-11-14 15:30:08,moved
CT04,M5/100EK113,11140451.JPG,M5\100EK113\11140451.JPG,11140451.JPG,6084084,2024-11-14 15:30:10,moved
CT04,M5/100EK113,11150453.JPG,M5\100EK113\11150453.JPG,11150453.JPG,4922825,2024-11-15 09:33:26,moved
CT04,M5/100EK113,11150454.JPG,M5\100EK113\11150454.JPG,11150454.JPG,4932541,2024-11-15 09:33:26,moved
CT04,M5/100EK113,11150455.JPG,M5\100EK113\11150455.JPG,11150455.JPG,4935811,2024-11-15 09:33:28,moved
CT04,M5/100EK113,11150457.JPG,M5\100EK113\11150457.JPG,11150457.JPG,5972487,2024-11-15 14:50:02,moved
CT04,M5/100EK113,11150458.JPG,M5\100EK113\11150458.JPG,11150458.JPG,6049047,2024-11-15 14:50:05,moved
CT04,M5/100EK113,11150459.JPG,M5\100EK113\11150459.JPG,11150459.JPG,5998278,2024-11-15 14:50:04,moved
CT04,M5/100EK113,11150461.JPG,M5\100EK113\11150461.JPG,11150461.JPG,6097048,2024-11-15 15:32:00,moved
CT04,M5/100EK113,11150462.JPG,M5\100EK113\11150462.JPG,11150462.JPG,6139200,2024-11-15 15:32:00,moved
CT04,M5/100EK113,11150463.JPG,M5\100EK113\11150463.JPG,11150463.JPG,6122096,2024-11-15 15:32:00,moved
CT04,M5/100EK113,11150465.JPG,M5\100EK113\11150465.JPG,11150465.JPG,6119947,2024-11-15 15:35:00,moved
CT04,M5/100EK113,11150466.JPG,M5\100EK113\11150466.JPG,11150466.JPG,6105517,2024-11-15 15:35:00,moved
CT04,M5/100EK113,11150467.JPG,M5\100EK113\11150467.JPG,11150467.JPG,6135618,2024-11-15 15:35:02,moved
CT04,M5/100EK113,11150469.JPG,M5\100EK113\11150469.JPG,11150469.JPG,6052471,2024-11-15 15:36:01,moved
CT04,M5/100EK113,11150470.JPG,M5\100EK113\11150470.JPG,11150470.JPG,6111094,2024-11-15 15:36:00,moved
CT04,M5/100EK113,11150471.JPG,M5\100EK113\11150471.JPG,11150471.JPG,6126057,2024-11-15 15:36:00,moved
CT04,M5/100EK113,11160473.JPG,M5\100EK113\11160473.JPG,11160473.JPG,4275809,2024-11-16 09:43:50,moved
CT04,M5/100EK113,11160474.JPG,M5\100EK113\11160474.JPG,11160474.JPG,4304499,2024-11-16 09:43:52,moved
CT04,M5/100EK113,11160475.JPG,M5\100EK113\11160475.JPG,11160475.JPG,4789756,2024-11-16 09:43:52,moved
CT04,M5/100EK113,11160477.JPG,M5\100EK113\11160477.JPG,11160477.JPG,5707955,2024-11-16 11:45:22,moved
CT04,M5/100EK113,11160478.JPG,M5\100EK113\11160478.JPG,11160478.JPG,5559897,2024-11-16 11:45:24,moved
CT04,M5/100EK113,11160479.JPG,M5\100EK113\11160479.JPG,11160479.JPG,5568224,2024-11-16 11:45:24,moved
CT04,M5/100EK113,11160481.JPG,M5\100EK113\11160481.JPG,11160481.JPG,6019539,2024-11-16 11:55:04,moved
CT04,M5/100EK113,11160482.JPG,M5\100EK113\11160482.JPG,11160482.JPG,5936026,2024-11-16 11:55:04,moved
CT04,M5/100EK113,11160483.JPG,M5\100EK113\11160483.JPG,11160483.JPG,5917179,2024-11-16 11:55:04,moved
CT04,M5/100EK113,11160485.JPG,M5\100EK113\11160485.JPG,11160485.JPG,5913211,2024-11-16 14:28:56,moved
CT04,M5/100EK113,11160486.JPG,M5\100EK113\11160486.JPG,11160486.JPG,5918410,2024-11-16 14:28:59,moved
CT04,M5/100EK113,11160487.JPG,M5\100EK113\11160487.JPG,11160487.JPG,5943209,2024-11-16 14:28:58,moved
CT04,M5/100EK113,11170489.JPG,M5\100EK113\11170489.JPG,11170489.JPG,5589652,2024-11-17 08:42:14,moved
CT04,M5/100EK113,11170490.JPG,M5\100EK113\11170490.JPG,11170490.JPG,5707998,2024-11-17 08:42:14,moved
CT04,M5/100EK113,11170491.JPG,M5\100EK113\11170491.JPG,11170491.JPG,5588985,2024-11-17 08:42:16,moved
CT04,M5/100EK113,11170493.JPG,M5\100EK113\11170493.JPG,11170493.JPG,4737874,2024-11-17 10:06:10,moved
CT04,M5/100EK113,11170494.JPG,M5\100EK113\11170494.JPG,11170494.JPG,4701343,2024-11-17 10:06:10,moved
CT04,M5/100EK113,11170495.JPG,M5\100EK113\11170495.JPG,11170495.JPG,4777078,2024-11-17 10:06:13,moved
CT04,M5/100EK113,11170497.JPG,M5\100EK113\11170497.JPG,11170497.JPG,4737936,2024-11-17 10:16:46,moved
CT04,M5/100EK113,11170498.JPG,M5\100EK113\11170498.JPG,11170498.JPG,4813990,2024-11-17 10:16:46,moved
CT04,M5/100EK113,11170499.JPG,M5\100EK113\11170499.JPG,11170499.JPG,4752335,2024-11-17 10:16:48,moved
CT04,M5/100EK113,11170501.JPG,M5\100EK113\11170501.JPG,11170501.JPG,4812395,2024-11-17 10:37:56,moved
CT04,M5/100EK113,11170502.JPG,M5\100EK113\11170502.JPG,11170502.JPG,4809721,2024-11-17 10:37:59,moved
CT04,M5/100EK113,11170503.JPG,M5\100EK113\11170503.JPG,11170503.JPG,4802273,2024-11-17 10:37:58,moved
CT04,M5/100EK113,11170505.JPG,M5\100EK113\11170505.JPG,11170505.JPG,4883473,2024-11-17 10:58:20,moved
CT04,M5/100EK113,11170506.JPG,M5\100EK113\11170506.JPG,11170506.JPG,4941478,2024-11-17 10:58:20,moved
CT04,M5/100EK113,11170507.JPG,M5\100EK113\11170507.JPG,11170507.JPG,4993939,2024-11-17 10:58:23,moved
CT04,M5/100EK113,11170509.JPG,M5\100EK113\11170509.JPG,11170509.JPG,5012623,2024-11-17 11:10:26,moved
CT04,M5/100EK113,11170510.JPG,M5\100EK113\11170510.JPG,11170510.JPG,5008253,2024-11-17 11:10:26,moved
CT04,M5/100EK113,11170511.JPG,M5\100EK113\11170511.JPG,11170511.JPG,5056387,2024-11-17 11:10:28,moved
CT04,M5/100EK113,11170513.JPG,M5\100EK113\11170513.JPG,11170513.JPG,5358007,2024-11-17 11:39:10,moved
CT04,M5/100EK113,11170514.JPG,M5\100EK113\11170514.JPG,11170514.JPG,5469710,2024-11-17 11:39:12,moved
CT04,M5/100EK113,11170515.JPG,M5\100EK113\11170515.JPG,11170515.JPG,5297309,2024-11-17 11:39:12,moved
CT04,M5/100EK113,11170517.JPG,M5\100EK113\11170517.JPG,11170517.JPG,6001478,2024-11-17 13:57:00,moved
CT04,M5/100EK113,11170518.JPG,M5\100EK113\11170518.JPG,11170518.JPG,6000905,2024-11-17 13:57:00,moved
CT04,M5/100EK113,11170519.JPG,M5\100EK113\11170519.JPG,11170519.JPG,6041855,2024-11-17 13:57:03,moved
CT04,M5/100EK113,11170521.JPG,M5\100EK113\11170521.JPG,11170521.JPG,6032846,2024-11-17 14:04:50,moved
CT04,M5/100EK113,11170522.JPG,M5\100EK113\11170522.JPG,11170522.JPG,5990369,2024-11-17 14:04:53,moved
CT04,M5/100EK113,11170523.JPG,M5\100EK113\11170523.JPG,11170523.JPG,5986015,2024-11-17 14:04:52,moved
CT04,M5/100EK113,11170525.JPG,M5\100EK113\11170525.JPG,11170525.JPG,6094310,2024-11-17 14:42:56,moved
CT04,M5/100EK113,11170526.JPG,M5\100EK113\11170526.JPG,11170526.JPG,6072686,2024-11-17 14:42:56,moved
CT04,M5/100EK113,11170527.JPG,M5\100EK113\11170527.JPG,11170527.JPG,6071430,2024-11-17 14:42:59,moved
CT04,M5/100EK113,11170529.JPG,M5\100EK113\11170529.JPG,11170529.JPG,6120172,2024-11-17 14:49:48,moved
CT04,M5/100EK113,11170530.JPG,M5\100EK113\11170530.JPG,11170530.JPG,6086620,2024-11-17 14:49:48,moved
CT04,M5/100EK113,11170531.JPG,M5\100EK113\11170531.JPG,11170531.JPG,6043782,2024-11-17 14:49:50,moved
CT04,M5/100EK113,11170533.JPG,M5\100EK113\11170533.JPG,11170533.JPG,6102415,2024-11-17 15:02:20,moved
CT04,M5/100EK113,11170534.JPG,M5\100EK113\11170534.JPG,11170534.JPG,6097185,2024-11-17 15:02:22,moved
CT04,M5/100EK113,11170535.JPG,M5\100EK113\11170535.JPG,11170535.JPG,6116439,2024-11-17 15:02:22,moved
CT04,M5/100EK113,11170537.JPG,M5\100EK113\11170537.JPG,11170537.JPG,5886358,2024-11-17 16:45:18,moved
CT04,M5/100EK113,11170538.JPG,M5\100EK113\11170538.JPG,11170538.JPG,5970856,2024-11-17 16:45:21,moved
CT04,M5/100EK113,11170539.JPG,M5\100EK113\11170539.JPG,11170539.JPG,5995802,2024-11-17 16:45:20,moved
CT04,M5/100EK113,11170541.JPG,M5\100EK113\11170541.JPG,11170541.JPG,5781680,2024-11-17 19:56:30,moved
CT04,M5/100EK113,11170542.JPG,M5\100EK113\11170542.JPG,11170542.JPG,5796197,2024-11-17 19:56:32,moved
CT04,M5/100EK113,11170543.JPG,M5\100EK113\11170543.JPG,11170543.JPG,5759495,2024-11-17 19:56:32,moved
CT04,M5/100EK113,11170545.JPG,M5\100EK113\11170545.JPG,11170545.JPG,6000421,2024-11-17 20:11:19,moved
CT04,M5/100EK113,11170546.JPG,M5\100EK113\11170546.JPG,11170546.JPG,5951867,2024-11-17 20:11:18,moved
CT04,M5/100EK113,11170547.JPG,M5\100EK113\11170547.JPG,11170547.JPG,5960462,2024-11-17 20:11:18,moved
CT04,M5/100EK113,11180549.JPG,M5\100EK113\11180549.JPG,11180549.JPG,5805599,2024-11-18 08:54:10,moved
CT04,M5/100EK113,11180550.JPG,M5\100EK113\11180550.JPG,11180550.JPG,5591658,2024-11-18 08:54:10,moved
CT04,M5/100EK113,11180551.JPG,M5\100EK113\11180551.JPG,11180551.JPG,5602523,2024-11-18 08:54:10,moved
CT04,M5/100EK113,11180553.JPG,M5\100EK113\11180553.JPG,11180553.JPG,4618976,2024-11-18 09:52:07,moved
CT04,M5/100EK113,11180554.JPG,M5\100EK113\11180554.JPG,11180554.JPG,4708882,2024-11-18 09:52:06,moved
CT04,M5/100EK113,11180555.JPG,M5\100EK113\11180555.JPG,11180555.JPG,4724960,2024-11-18 09:52:06,moved
CT04,M5/100EK113,11180557.JPG,M5\100EK113\11180557.JPG,11180557.JPG,4658648,2024-11-18 09:52:30,moved
CT04,M5/100EK113,11180558.JPG,M5\100EK113\11180558.JPG,11180558.JPG,4665292,2024-11-18 09:52:30,moved
CT04,M5/100EK113,11180559.JPG,M5\100EK113\11180559.JPG,11180559.JPG,4673688,2024-11-18 09:52:32,moved
CT04,M5/100EK113,11180561.JPG,M5\100EK113\11180561.JPG,11180561.JPG,4663123,2024-11-18 10:04:31,moved
CT04,M5/100EK113,11180562.JPG,M5\100EK113\11180562.JPG,11180562.JPG,4707064,2024-11-18 10:04:30,moved
CT04,M5/100EK113,11180563.JPG,M5\100EK113\11180563.JPG,11180563.JPG,4762635,2024-11-18 10:04:30,moved
CT04,M5/100EK113,11180565.JPG,M5\100EK113\11180565.JPG,11180565.JPG,4736868,2024-11-18 10:05:40,moved
CT04,M5/100EK113,11180566.JPG,M5\100EK113\11180566.JPG,11180566.JPG,4762206,2024-11-18 10:05:40,moved
CT04,M5/100EK113,11180567.JPG,M5\100EK113\11180567.JPG,11180567.JPG,4773803,2024-11-18 10:05:43,moved
CT04,M5/100EK113,11180569.JPG,M5\100EK113\11180569.JPG,11180569.JPG,4709295,2024-11-18 10:08:34,moved
CT04,M5/100EK113,11180570.JPG,M5\100EK113\11180570.JPG,11180570.JPG,4714565,2024-11-18 10:08:34,moved
CT04,M5/100EK113,11180571.JPG,M5\100EK113\11180571.JPG,11180571.JPG,4719029,2024-11-18 10:08:37,moved
CT04,M5/100EK113,11180573.JPG,M5\100EK113\11180573.JPG,11180573.JPG,4743176,2024-11-18 10:11:43,moved
CT04,M5/100EK113,11180574.JPG,M5\100EK113\11180574.JPG,11180574.JPG,4735977,2024-11-18 10:11:42,moved
CT04,M5/100EK113,11180575.JPG,M5\100EK113\11180575.JPG,11180575.JPG,4790883,2024-11-18 10:11:42,moved
CT04,M5/100EK113,11180577.JPG,M5\100EK113\11180577.JPG,11180577.JPG,4832051,2024-11-18 11:04:32,moved
CT04,M5/100EK113,11180578.JPG,M5\100EK113\11180578.JPG,11180578.JPG,4979076,2024-11-18 11:04:35,moved
CT04,M5/100EK113,11180579.JPG,M5\100EK113\11180579.JPG,11180579.JPG,5051877,2024-11-18 11:04:34,moved
CT04,M5/100EK113,11180581.JPG,M5\100EK113\11180581.JPG,11180581.JPG,5052002,2024-11-18 11:12:14,moved
CT04,M5/100EK113,11180582.JPG,M5\100EK113\11180582.JPG,11180582.JPG,5072297,2024-11-18 11:12:14,moved
CT04,M5/100EK113,11180583.JPG,M5\100EK113\11180583.JPG,11180583.JPG,4993349,2024-11-18 11:12:14,moved
CT04,M5/100EK113,11180585.JPG,M5\100EK113\11180585.JPG,11180585.JPG,5110792,2024-11-18 11:14:14,moved
CT04,M5/100EK113,11180586.JPG,M5\100EK113\11180586.JPG,11180586.JPG,5085108,2024-11-18 11:14:14,moved
CT04,M5/100EK113,11180587.JPG,M5\100EK113\11180587.JPG,11180587.JPG,5097929,2024-11-18 11:14:14,moved
CT04,M5/100EK113,11180589.JPG,M5\100EK113\11180589.JPG,11180589.JPG,5109802,2024-11-18 11:14:38,moved
CT04,M5/100EK113,11180590.JPG,M5\100EK113\11180590.JPG,11180590.JPG,5064286,2024-11-18 11:14:38,moved
CT04,M5/100EK113,11180591.JPG,M5\100EK113\11180591.JPG,11180591.JPG,5087935,2024-11-18 11:14:41,moved
CT04,M5/100EK113,11180593.JPG,M5\100EK113\11180593.JPG,11180593.JPG,5061221,2024-11-18 11:22:26,moved
CT04,M5/100EK113,11180594.JPG,M5\100EK113\11180594.JPG,11180594.JPG,5126175,2024-11-18 11:22:29,moved
CT04,M5/100EK113,11180595.JPG,M5\100EK113\11180595.JPG,11180595.JPG,5154508,2024-11-18 11:22:28,moved
CT04,M5/100EK113,11180597.JPG,M5\100EK113\11180597.JPG,11180597.JPG,5247930,2024-11-18 11:28:34,moved
CT04,M5/100EK113,11180598.JPG,M5\100EK113\11180598.JPG,11180598.JPG,5243659,2024-11-18 11:28:34,moved
CT04,M5/100EK113,11180599.JPG,M5\100EK113\11180599.JPG,11180599.JPG,5231396,2024-11-18 11:28:37,moved
CT04,M5/100EK113,11180601.JPG,M5\100EK113\11180601.JPG,11180601.JPG,5290191,2024-11-18 11:46:40,moved
CT04,M5/100EK113,11180602.JPG,M5\100EK113\11180602.JPG,11180602.JPG,5449904,2024-11-18 11:46:40,moved
CT04,M5/100EK113,11180603.JPG,M5\100EK113\11180603.JPG,11180603.JPG,5608138,2024-11-18 11:46:43,moved
CT04,M5/100EK113,11180605.JPG,M5\100EK113\11180605.JPG,11180605.JPG,5636968,2024-11-18 11:51:04,moved
CT04,M5/100EK113,11180606.JPG,M5\100EK113\11180606.JPG,11180606.JPG,5484756,2024-11-18 11:51:04,moved
CT04,M5/100EK113,11180607.JPG,M5\100EK113\11180607.JPG,11180607.JPG,5515310,2024-11-18 11:51:06,moved
CT04,M5/100EK113,11180609.JPG,M5\100EK113\11180609.JPG,11180609.JPG,5393862,2024-11-18 11:52:36,moved
CT04,M5/100EK113,11180610.JPG,M5\100EK113\11180610.JPG,11180610.JPG,5591153,2024-11-18 11:52:36,moved
CT04,M5/100EK113,11180611.JPG,M5\100EK113\11180611.JPG,11180611.JPG,5633728,2024-11-18 11:52:36,moved
CT04,M5/100EK113,11180613.JPG,M5\100EK113\11180613.JPG,11180613.JPG,5638505,2024-11-18 12:03:04,moved
CT04,M5/100EK113,11180614.JPG,M5\100EK113\11180614.JPG,11180614.JPG,5808858,2024-11-18 12:03:04,moved
CT04,M5/100EK113,11180615.JPG,M5\100EK113\11180615.JPG,11180615.JPG,5865688,2024-11-18 12:03:06,moved
CT04,M5/100EK113,11180617.JPG,M5\100EK113\11180617.JPG,11180617.JPG,6032455,2024-11-18 13:53:57,moved
CT04,M5/100EK113,11180618.JPG,M5\100EK113\11180618.JPG,11180618.JPG,6048772,2024-11-18 13:53:56,moved
CT04,M5/100EK113,11180619.JPG,M5\100EK113\11180619.JPG,11180619.JPG,5992807,2024-11-18 13:53:56,moved
CT04,M5/100EK113,11180621.JPG,M5\100EK113\11180621.JPG,11180621.JPG,6007540,2024-11-18 13:55:00,moved
CT04,M5/100EK113,11180622.JPG,M5\100EK113\11180622.JPG,11180622.JPG,6053510,2024-11-18 13:55:00,moved
CT04,M5/100EK113,11180623.JPG,M5\100EK113\11180623.JPG,11180623.JPG,6123899,2024-11-18 13:55:02,moved
CT04,M5/100EK113,11180625.JPG,M5\100EK113\11180625.JPG,11180625.JPG,5998539,2024-11-18 14:38:40,moved
CT04,M5/100EK113,11180626.JPG,M5\100EK113\11180626.JPG,11180626.JPG,5937407,2024-11-18 14:38:40,moved
CT04,M5/100EK113,11180627.JPG,M5\100EK113\11180627.JPG,11180627.JPG,5928686,2024-11-18 14:38:40,moved
CT04,M5/100EK113,11180629.JPG,M5\100EK113\11180629.JPG,11180629.JPG,6059798,2024-11-18 14:47:20,moved
CT04,M5/100EK113,11180630.JPG,M5\100EK113\11180630.JPG,11180630.JPG,6109493,2024-11-18 14:47:22,moved
CT04,M5/100EK113,11180631.JPG,M5\100EK113\11180631.JPG,11180631.JPG,6039955,2024-11-18 14:47:22,moved
CT04,M5/100EK113,11180633.JPG,M5\100EK113\11180633.JPG,11180633.JPG,6030451,2024-11-18 15:05:52,moved
CT04,M5/100EK113,11180634.JPG,M5\100EK113\11180634.JPG,11180634.JPG,6030107,2024-11-18 15:05:52,moved
CT04,M5/100EK113,11180635.JPG,M5\100EK113\11180635.JPG,11180635.JPG,6006437,2024-11-18 15:05:54,moved
CT04,M5/100EK113,11190637.JPG,M5\100EK113\11190637.JPG,11190637.JPG,5343139,2024-11-19 08:58:22,moved
CT04,M5/100EK113,11190638.JPG,M5\100EK113\11190638.JPG,11190638.JPG,5327880,2024-11-19 08:58:22,moved
CT04,M5/100EK113,11190639.JPG,M5\100EK113\11190639.JPG,11190639.JPG,5334105,2024-11-19 08:58:24,moved
CT04,M5/100EK113,11190641.JPG,M5\100EK113\11190641.JPG,11190641.JPG,5313218,2024-11-19 08:59:12,moved
CT04,M5/100EK113,11190642.JPG,M5\100EK113\11190642.JPG,11190642.JPG,5287485,2024-11-19 08:59:12,moved
CT04,M5/100EK113,11190643.JPG,M5\100EK113\11190643.JPG,11190643.JPG,5285980,2024-11-19 08:59:14,moved
CT04,M5/100EK113,11190645.JPG,M5\100EK113\11190645.JPG,11190645.JPG,5458308,2024-11-19 09:01:33,moved
CT04,M5/100EK113,11190646.JPG,M5\100EK113\11190646.JPG,11190646.JPG,5262825,2024-11-19 09:01:32,moved
CT04,M5/100EK113,11190647.JPG,M5\100EK113\11190647.JPG,11190647.JPG,5235506,2024-11-19 09:01:32,moved
CT04,M5/100EK113,11190649.JPG,M5\100EK113\11190649.JPG,11190649.JPG,6072059,2024-11-19 11:58:54,moved
CT04,M5/100EK113,11190650.JPG,M5\100EK113\11190650.JPG,11190650.JPG,6083760,2024-11-19 11:58:54,moved
CT04,M5/100EK113,11190651.JPG,M5\100EK113\11190651.JPG,11190651.JPG,6082857,2024-11-19 11:58:56,moved
CT04,M5/100EK113,11190653.JPG,M5\100EK113\11190653.JPG,11190653.JPG,6062320,2024-11-19 14:07:40,moved
CT04,M5/100EK113,11190654.JPG,M5\100EK113\11190654.JPG,11190654.JPG,6004398,2024-11-19 14:07:40,moved
CT04,M5/100EK113,11190655.JPG,M5\100EK113\11190655.JPG,11190655.JPG,5923047,2024-11-19 14:07:42,moved
CT04,M5/100EK113,11190657.JPG,M5\100EK113\11190657.JPG,11190657.JPG,5993941,2024-11-19 14:17:58,moved
CT04,M5/100EK113,11190658.JPG,M5\100EK113\11190658.JPG,11190658.JPG,5938710,2024-11-19 14:18:00,moved
CT04,M5/100EK113,11190659.JPG,M5\100EK113\11190659.JPG,11190659.JPG,6033903,2024-11-19 14:18:00,moved
CT04,M5/100EK113,11190661.JPG,M5\100EK113\11190661.JPG,11190661.JPG,5913548,2024-11-19 14:26:52,moved
CT04,M5/100EK113,11190662.JPG,M5\100EK113\11190662.JPG,11190662.JPG,5943444,2024-11-19 14:26:55,moved
CT04,M5/100EK113,11190663.JPG,M5\100EK113\11190663.JPG,11190663.JPG,5986695,2024-11-19 14:26:54,moved
CT04,M5/100EK113,11190665.JPG,M5\100EK113\11190665.JPG,11190665.JPG,6001176,2024-11-19 15:25:36,moved
CT04,M5/100EK113,11190666.JPG,M5\100EK113\11190666.JPG,11190666.JPG,5938993,2024-11-19 15:25:39,moved
CT04,M5/100EK113,11190667.JPG,M5\100EK113\11190667.JPG,11190667.JPG,5886048,2024-11-19 15:25:38,moved
CT04,M5/100EK113,11190669.JPG,M5\100EK113\11190669.JPG,11190669.JPG,6045886,2024-11-19 15:27:22,moved
CT04,M5/100EK113,11190670.JPG,M5\100EK113\11190670.JPG,11190670.JPG,5984484,2024-11-19 15:27:24,moved
CT04,M5/100EK113,11190671.JPG,M5\100EK113\11190671.JPG,11190671.JPG,6080373,2024-11-19 15:27:24,moved
CT04,M5/100EK113,11190673.JPG,M5\100EK113\11190673.JPG,11190673.JPG,6006838,2024-11-19 15:33:38,moved
CT04,M5/100EK113,11190674.JPG,M5\100EK113\11190674.JPG,11190674.JPG,6014726,2024-11-19 15:33:38,moved
CT04,M5/100EK113,11190675.JPG,M5\100EK113\11190675.JPG,11190675.JPG,5907245,2024-11-19 15:33:40,moved
CT04,M5/100EK113,11190677.JPG,M5\100EK113\11190677.JPG,11190677.JPG,6011798,2024-11-19 15:35:08,moved
CT04,M5/100EK113,11190678.JPG,M5\100EK113\11190678.JPG,11190678.JPG,5879892,2024-11-19 15:35:08,moved
CT04,M5/100EK113,11190679.JPG,M5\100EK113\11190679.JPG,11190679.JPG,5995281,2024-11-19 15:35:11,moved
CT04,M5/100EK113,11200681.JPG,M5\100EK113\11200681.JPG,11200681.JPG,5877453,2024-11-20 11:55:44,moved
CT04,M5/100EK113,11200682.JPG,M5\100EK113\11200682.JPG,11200682.JPG,5855707,2024-11-20 11:55:46,moved
CT04,M5/100EK113,11200683.JPG,M5\100EK113\11200683.JPG,11200683.JPG,5874978,2024-11-20 11:55:46,moved
CT04,M5/100EK113,11200685.JPG,M5\100EK113\11200685.JPG,11200685.JPG,6007172,2024-11-20 12:07:44,moved
CT04,M5/100EK113,11200686.JPG,M5\100EK113\11200686.JPG,11200686.JPG,6062621,2024-11-20 12:07:44,moved
CT04,M5/100EK113,11200687.JPG,M5\100EK113\11200687.JPG,11200687.JPG,6045954,2024-11-20 12:07:46,moved
CT04,M5/100EK113,11200689.JPG,M5\100EK113\11200689.JPG,11200689.JPG,6038367,2024-11-20 13:09:28,moved
CT04,M5/100EK113,11200690.JPG,M5\100EK113\11200690.JPG,11200690.JPG,5966670,2024-11-20 13:09:28,moved
CT04,M5/100EK113,11200691.JPG,M5\100EK113\11200691.JPG,11200691.JPG,5956697,2024-11-20 13:09:31,moved
CT04,M5/100EK113,11200693.JPG,M5\100EK113\11200693.JPG,11200693.JPG,6075623,2024-11-20 13:50:11,moved
CT04,M5/100EK113,11200694.JPG,M5\100EK113\11200694.JPG,11200694.JPG,6083794,2024-11-20 13:50:10,moved
CT04,M5/100EK113,11200695.JPG,M5\100EK113\11200695.JPG,11200695.JPG,6062030,2024-11-20 13:50:10,moved
CT04,M5/100EK113,11200697.JPG,M5\100EK113\11200697.JPG,11200697.JPG,6019723,2024-11-20 14:10:34,moved
CT04,M5/100EK113,11200698.JPG,M5\100EK113\11200698.JPG,11200698.JPG,6030923,2024-11-20 14:10:34,moved
CT04,M5/100EK113,11200699.JPG,M5\100EK113\11200699.JPG,11200699.JPG,6044295,2024-11-20 14:10:36,moved
CT04,M5/100EK113,11200701.JPG,M5\100EK113\11200701.JPG,11200701.JPG,5986278,2024-11-20 15:48:52,moved
CT04,M5/100EK113,11200702.JPG,M5\100EK113\11200702.JPG,11200702.JPG,5991425,2024-11-20 15:48:52,moved
CT04,M5/100EK113,11200703.JPG,M5\100EK113\11200703.JPG,11200703.JPG,5993221,2024-11-20 15:48:54,moved
CT04,M5/100EK113,11200705.JPG,M5\100EK113\11200705.JPG,11200705.JPG,6027730,2024-11-20 16:00:44,moved
CT04,M5/100EK113,11200706.JPG,M5\100EK113\11200706.JPG,11200706.JPG,5977994,2024-11-20 16:00:47,moved
CT04,M5/100EK113,11200707.JPG,M5\100EK113\11200707.JPG,11200707.JPG,5934636,2024-11-20 16:00:46,moved
CT04,M5/100EK113,11200709.JPG,M5\100EK113\11200709.JPG,11200709.JPG,5951854,2024-11-20 16:11:18,moved
CT04,M5/100EK113,11200710.JPG,M5\100EK113\11200710.JPG,11200710.JPG,5967321,2024-11-20 16:11:18,moved
CT04,M5/100EK113,11200711.JPG,M5\100EK113\11200711.JPG,11200711.JPG,5986654,2024-11-20 16:11:21,moved
CT04,M5/100EK113,11200713.JPG,M5\100EK113\11200713.JPG,11200713.JPG,6003737,2024-11-20 16:31:32,moved
CT04,M5/100EK113,11200714.JPG,M5\100EK113\11200714.JPG,11200714.JPG,6016149,2024-11-20 16:31:35,moved
CT04,M5/100EK113,11200715.JPG,M5\100EK113\11200715.JPG,11200715.JPG,6006744,2024-11-20 16:31:34,moved
CT04,M5/100EK113,11200717.JPG,M5\100EK113\11200717.JPG,11200717.JPG,5959949,2024-11-20 16:32:37,moved
CT04,M5/100EK113,11200718.JPG,M5\100EK113\11200718.JPG,11200718.JPG,5989975,2024-11-20 16:32:36,moved
CT04,M5/100EK113,11200719.JPG,M5\100EK113\11200719.JPG,11200719.JPG,5983332,2024-11-20 16:32:36,moved
CT04,M5/100EK113,11200721.JPG,M5\100EK113\11200721.JPG,11200721.JPG,5987909,2024-11-20 16:38:30,moved
CT04,M5/100EK113,11200722.JPG,M5\100EK113\11200722.JPG,11200722.JPG,5995778,2024-11-20 16:38:30,moved
CT04,M5/100EK113,11200723.JPG,M5\100EK113\11200723.JPG,11200723.JPG,5992989,2024-11-20 16:38:33,moved
CT04,M5/100EK113,11210725.JPG,M5\100EK113\11210725.JPG,11210725.JPG,5547393,2024-11-21 11:52:50,moved
CT04,M5/100EK113,11210726.JPG,M5\100EK113\11210726.JPG,11210726.JPG,5459358,2024-11-21 11:52:50,moved
CT04,M5/100EK113,11210727.JPG,M5\100EK113\11210727.JPG,11210727.JPG,5566755,2024-11-21 11:52:53,moved
CT04,M5/100EK113,11210729.JPG,M5\100EK113\11210729.JPG,11210729.JPG,6059195,2024-11-21 12:12:50,moved
CT04,M5/100EK113,11210730.JPG,M5\100EK113\11210730.JPG,11210730.JPG,4431037,2024-11-21 12:12:50,moved
CT04,M5/100EK113,11210731.JPG,M5\100EK113\11210731.JPG,11210731.JPG,5975091,2024-11-21 12:12:53,moved
CT04,M5/100EK113,11210733.JPG,M5\100EK113\11210733.JPG,11210733.JPG,6015003,2024-11-21 14:10:42,moved
CT04,M5/100EK113,11210734.JPG,M5\100EK113\11210734.JPG,11210734.JPG,6045963,2024-11-21 14:10:42,moved
CT04,M5/100EK113,11210735.JPG,M5\100EK113\11210735.JPG,11210735.JPG,6030638,2024-11-21 14:10:42,moved
CT04,M5/100EK113,11210737.JPG,M5\100EK113\11210737.JPG,11210737.JPG,6024378,2024-11-21 14:16:16,moved
CT04,M5/100EK113,11210738.JPG,M5\100EK113\11210738.JPG,11210738.JPG,6058055,2024-11-21 14:16:18,moved
CT04,M5/100EK113,11210739.JPG,M5\100EK113\11210739.JPG,11210739.JPG,5976295,2024-11-21 14:16:18,moved
CT04,M5/100EK113,11210741.JPG,M5\100EK113\11210741.JPG,11210741.JPG,5969570,2024-11-21 14:49:52,moved
CT04,M5/100EK113,11210742.JPG,M5\100EK113\11210742.JPG,11210742.JPG,6045271,2024-11-21 14:49:52,moved
CT04,M5/100EK113,11210743.JPG,M5\100EK113\11210743.JPG,11210743.JPG,5950455,2024-11-21 14:49:54,moved
CT04,M5/100EK113,11210745.JPG,M5\100EK113\11210745.JPG,11210745.JPG,5842743,2024-11-21 15:22:16,moved
CT04,M5/100EK113,11210746.JPG,M5\100EK113\11210746.JPG,11210746.JPG,5810272,2024-11-21 15:22:16,moved
CT04,M5/100EK113,11210747.JPG,M5\100EK113\11210747.JPG,11210747.JPG,5799740,2024-11-21 15:22:18,moved
CT04,M5/100EK113,11210749.JPG,M5\100EK113\11210749.JPG,11210749.JPG,5932119,2024-11-21 15:23:27,moved
CT04,M5/100EK113,11210750.JPG,M5\100EK113\11210750.JPG,11210750.JPG,5686645,2024-11-21 15:23:26,moved
CT04,M5/100EK113,11210751.JPG,M5\100EK113\11210751.JPG,11210751.JPG,5813267,2024-11-21 15:23:26,moved
CT04,M5/100EK113,11210753.JPG,M5\100EK113\11210753.JPG,11210753.JPG,5945303,2024-11-21 15:35:20,moved
CT04,M5/100EK113,11210754.JPG,M5\100EK113\11210754.JPG,11210754.JPG,5974065,2024-11-21 15:35:23,moved
CT04,M5/100EK113,11210755.JPG,M5\100EK113\11210755.JPG,11210755.JPG,5930410,2024-11-21 15:35:22,moved
CT04,M5/100EK113,11210757.JPG,M5\100EK113\11210757.JPG,11210757.JPG,5951276,2024-11-21 15:38:36,moved
CT04,M5/100EK113,11210758.JPG,M5\100EK113\11210758.JPG,11210758.JPG,5976729,2024-11-21 15:38:38,moved
CT04,M5/100EK113,11210759.JPG,M5\100EK113\11210759.JPG,11210759.JPG,5998533,2024-11-21 15:38:38,moved
CT04,M5/100EK113,11210761.JPG,M5\100EK113\11210761.JPG,11210761.JPG,5959683,2024-11-21 15:39:20,moved
CT04,M5/100EK113,11210762.JPG,M5\100EK113\11210762.JPG,11210762.JPG,5973874,2024-11-21 15:39:23,moved
CT04,M5/100EK113,11210763.JPG,M5\100EK113\11210763.JPG,11210763.JPG,5985444,2024-11-21 15:39:22,moved
CT04,M5/100EK113,11210765.JPG,M5\100EK113\11210765.JPG,11210765.JPG,5992545,2024-11-21 15:46:18,moved
CT04,M5/100EK113,11210766.JPG,M5\100EK113\11210766.JPG,11210766.JPG,5946428,2024-11-21 15:46:18,moved
CT04,M5/100EK113,11210767.JPG,M5\100EK113\11210767.JPG,11210767.JPG,5989122,2024-11-21 15:46:20,moved
CT04,M5/100EK113,11210769.JPG,M5\100EK113\11210769.JPG,11210769.JPG,5916845,2024-11-21 16:00:00,moved
CT04,M5/100EK113,11210770.JPG,M5\100EK113\11210770.JPG,11210770.JPG,5891997,2024-11-21 16:00:00,moved
CT04,M5/100EK113,11210771.JPG,M5\100EK113\11210771.JPG,11210771.JPG,5853641,2024-11-21 16:00:02,moved
CT04,M5/100EK113,11210773.JPG,M5\100EK113\11210773.JPG,11210773.JPG,5986784,2024-11-21 16:00:28,moved
CT04,M5/100EK113,11210774.JPG,M5\100EK113\11210774.JPG,11210774.JPG,5930393,2024-11-21 16:00:28,moved
CT04,M5/100EK113,11210775.JPG,M5\100EK113\11210775.JPG,11210775.JPG,5934104,2024-11-21 16:00:28,moved
CT04,M5/100EK113,11210777.JPG,M5\100EK113\11210777.JPG,11210777.JPG,5893349,2024-11-21 16:06:52,moved
CT04,M5/100EK113,11210778.JPG,M5\100EK113\11210778.JPG,11210778.JPG,5892836,2024-11-21 16:06:52,moved
CT04,M5/100EK113,11210779.JPG,M5\100EK113\11210779.JPG,11210779.JPG,5911101,2024-11-21 16:06:52,moved
CT04,M5/100EK113,11210781.JPG,M5\100EK113\11210781.JPG,11210781.JPG,5974176,2024-11-21 16:07:47,moved
CT04,M5/100EK113,11210782.JPG,M5\100EK113\11210782.JPG,11210782.JPG,5952548,2024-11-21 16:07:46,moved
CT04,M5/100EK113,11210783.JPG,M5\100EK113\11210783.JPG,11210783.JPG,5957668,2024-11-21 16:07:46,moved
CT04,M5/100EK113,11210785.JPG,M5\100EK113\11210785.JPG,11210785.JPG,5919110,2024-11-21 16:12:42,moved
CT04,M5/100EK113,11210786.JPG,M5\100EK113\11210786.JPG,11210786.JPG,5925591,2024-11-21 16:12:42,moved
CT04,M5/100EK113,11210787.JPG,M5\100EK113\11210787.JPG,11210787.JPG,5892643,2024-11-21 16:12:45,moved
CT04,M5/100EK113,11210789.JPG,M5\100EK113\11210789.JPG,11210789.JPG,5952667,2024-11-21 16:20:55,moved
CT04,M5/100EK113,11210790.JPG,M5\100EK113\11210790.JPG,11210790.JPG,5959309,2024-11-21 16:20:54,moved
CT04,M5/100EK113,11210791.JPG,M5\100EK113\11210791.JPG,11210791.JPG,5936042,2024-11-21 16:20:54,moved
CT04,M5/100EK113,11210793.JPG,M5\100EK113\11210793.JPG,11210793.JPG,5909687,2024-11-21 16:27:16,moved
CT04,M5/100EK113,11210794.JPG,M5\100EK113\11210794.JPG,11210794.JPG,5917728,2024-11-21 16:27:16,moved
CT04,M5/100EK113,11210795.JPG,M5\100EK113\11210795.JPG,11210795.JPG,5930992,2024-11-21 16:27:18,moved
CT04,M5/100EK113,11210797.JPG,M5\100EK113\11210797.JPG,11210797.JPG,5901530,2024-11-21 16:31:20,moved
CT04,M5/100EK113,11210798.JPG,M5\100EK113\11210798.JPG,11210798.JPG,5920257,2024-11-21 16:31:20,moved
CT04,M5/100EK113,11210799.JPG,M5\100EK113\11210799.JPG,11210799.JPG,5911415,2024-11-21 16:31:22,moved
CT04,M5/100EK113,11210801.JPG,M5\100EK113\11210801.JPG,11210801.JPG,5913820,2024-11-21 16:39:46,moved
CT04,M5/100EK113,11210802.JPG,M5\100EK113\11210802.JPG,11210802.JPG,5867778,2024-11-21 16:39:48,moved
CT04,M5/100EK113,11210803.JPG,M5\100EK113\11210803.JPG,11210803.JPG,5873131,2024-11-21 16:39:48,moved
CT04,M5/100EK113,11210805.JPG,M5\100EK113\11210805.JPG,11210805.JPG,5934337,2024-11-21 16:51:12,moved
CT04,M5/100EK113,11210806.JPG,M5\100EK113\11210806.JPG,11210806.JPG,5946312,2024-11-21 16:51:12,moved
CT04,M5/100EK113,11210807.JPG,M5\100EK113\11210807.JPG,11210807.JPG,5906764,2024-11-21 16:51:14,moved
CT04,M5/100EK113,11210809.JPG,M5\100EK113\11210809.JPG,11210809.JPG,5954529,2024-11-21 16:53:58,moved
CT04,M5/100EK113,11210810.JPG,M5\100EK113\11210810.JPG,11210810.JPG,5902215,2024-11-21 16:53:58,moved
CT04,M5/100EK113,11210811.JPG,M5\100EK113\11210811.JPG,11210811.JPG,5911751,2024-11-21 16:54:00,moved
CT04,M5/100EK113,11210813.JPG,M5\100EK113\11210813.JPG,11210813.JPG,5931582,2024-11-21 16:55:59,moved
CT04,M5/100EK113,11210814.JPG,M5\100EK113\11210814.JPG,11210814.JPG,5902999,2024-11-21 16:55:58,moved
CT04,M5/100EK113,11210815.JPG,M5\100EK113\11210815.JPG,11210815.JPG,5912683,2024-11-21 16:55:58,moved
CT04,M5/100EK113,11210817.JPG,M5\100EK113\11210817.JPG,11210817.JPG,6027761,2024-11-21 17:15:30,moved
CT04,M5/100EK113,11210818.JPG,M5\100EK113\11210818.JPG,11210818.JPG,6023061,2024-11-21 17:15:33,moved
CT04,M5/100EK113,11210819.JPG,M5\100EK113\11210819.JPG,11210819.JPG,6023068,2024-11-21 17:15:32,moved
CT04,M5/100EK113,11210821.JPG,M5\100EK113\11210821.JPG,11210821.JPG,5955698,2024-11-21 17:26:52,moved
CT04,M5/100EK113,11210822.JPG,M5\100EK113\11210822.JPG,11210822.JPG,5968123,2024-11-21 17:26:52,moved
CT04,M5/100EK113,11210823.JPG,M5\100EK113\11210823.JPG,11210823.JPG,5929871,2024-11-21 17:26:52,moved
CT04,M5/100EK113,11210825.JPG,M5\100EK113\11210825.JPG,11210825.JPG,5946326,2024-11-21 17:28:34,moved
CT04,M5/100EK113,11210826.JPG,M5\100EK113\11210826.JPG,11210826.JPG,5929770,2024-11-21 17:28:34,moved
CT04,M5/100EK113,11210827.JPG,M5\100EK113\11210827.JPG,11210827.JPG,5935297,2024-11-21 17:28:37,moved
CT04,M5/100EK113,11210829.JPG,M5\100EK113\11210829.JPG,11210829.JPG,5968607,2024-11-21 17:30:51,moved
CT04,M5/100EK113,11210830.JPG,M5\100EK113\11210830.JPG,11210830.JPG,5974838,2024-11-21 17:30:50,moved
CT04,M5/100EK113,11210831.JPG,M5\100EK113\11210831.JPG,11210831.JPG,5971496,2024-11-21 17:30:50,moved
CT04,M5/100EK113,11210833.JPG,M5\100EK113\11210833.JPG,11210833.JPG,5846319,2024-11-21 17:32:24,moved
CT04,M5/100EK113,11210834.JPG,M5\100EK113\11210834.JPG,11210834.JPG,5935677,2024-11-21 17:32:24,moved
CT04,M5/100EK113,11210835.JPG,M5\100EK113\11210835.JPG,11210835.JPG,5961386,2024-11-21 17:32:26,moved
CT04,M5/100EK113,11210837.JPG,M5\100EK113\11210837.JPG,11210837.JPG,6048748,2024-11-21 17:47:26,moved
CT04,M5/100EK113,11210838.JPG,M5\100EK113\11210838.JPG,11210838.JPG,6003540,2024-11-21 17:47:29,moved
CT04,M5/100EK113,11210839.JPG,M5\100EK113\11210839.JPG,11210839.JPG,5991686,2024-11-21 17:47:28,moved
CT04,M5/100EK113,11210841.JPG,M5\100EK113\11210841.JPG,11210841.JPG,5806955,2024-11-21 18:02:30,moved
CT04,M5/100EK113,11210842.JPG,M5\100EK113\11210842.JPG,11210842.JPG,5831168,2024-11-21 18:02:30,moved
CT04,M5/100EK113,11210843.JPG,M5\100EK113\11210843.JPG,11210843.JPG,5857352,2024-11-21 18:02:32,moved
CT04,M5/100EK113,11210845.JPG,M5\100EK113\11210845.JPG,11210845.JPG,5852484,2024-11-21 18:10:56,moved
CT04,M5/100EK113,11210846.JPG,M5\100EK113\11210846.JPG,11210846.JPG,5875713,2024-11-21 18:10:56,moved
CT04,M5/100EK113,11210847.JPG,M5\100EK113\11210847.JPG,11210847.JPG,5837723,2024-11-21 18:10:58,moved
CT04,M5/100EK113,11220849.JPG,M5\100EK113\11220849.JPG,11220849.JPG,3637446,2024-11-22 01:33:58,moved
CT04,M5/100EK113,11220850.JPG,M5\100EK113\11220850.JPG,11220850.JPG,3618822,2024-11-22 01:34:01,moved
CT04,M5/100EK113,11220851.JPG,M5\100EK113\11220851.JPG,11220851.JPG,3627365,2024-11-22 01:34:03,moved
CT04,M5/100EK113,11230853.JPG,M5\100EK113\11230853.JPG,11230853.JPG,6170977,2024-11-23 15:01:18,moved
CT04,M5/100EK113,11230854.JPG,M5\100EK113\11230854.JPG,11230854.JPG,6164183,2024-11-23 15:01:20,moved
CT04,M5/100EK113,11230855.JPG,M5\100EK113\11230855.JPG,11230855.JPG,6152648,2024-11-23 15:01:20,moved
CT04,M5/100EK113,11230857.JPG,M5\100EK113\11230857.JPG,11230857.JPG,5936218,2024-11-23 15:22:22,moved
CT04,M5/100EK113,11230858.JPG,M5\100EK113\11230858.JPG,11230858.JPG,5998111,2024-11-23 15:22:22,moved
CT04,M5/100EK113,11230859.JPG,M5\100EK113\11230859.JPG,11230859.JPG,5991984,2024-11-23 15:22:24,moved
CT04,M5/100EK113,11230861.JPG,M5\100EK113\11230861.JPG,11230861.JPG,6028195,2024-11-23 15:46:26,moved
CT04,M5/100EK113,11230862.JPG,M5\100EK113\11230862.JPG,11230862.JPG,6033950,2024-11-23 15:46:26,moved
CT04,M5/100EK113,11230863.JPG,M5\100EK113\11230863.JPG,11230863.JPG,6024794,2024-11-23 15:46:28,moved
CT04,M5/100EK113,11250865.JPG,M5\100EK113\11250865.JPG,11250865.JPG,5585659,2024-11-25 11:09:26,moved
CT04,M5/100EK113,11250866.JPG,M5\100EK113\11250866.JPG,11250866.JPG,5587762,2024-11-25 11:09:28,moved
CT04,M5/100EK113,11250867.JPG,M5\100EK113\11250867.JPG,11250867.JPG,5717523,2024-11-25 11:09:28,moved
CT04,M5/100EK113,11250869.JPG,M5\100EK113\11250869.JPG,11250869.JPG,5716098,2024-11-25 11:46:48,moved
CT04,M5/100EK113,11250870.JPG,M5\100EK113\11250870.JPG,11250870.JPG,5779830,2024-11-25 11:46:48,moved
CT04,M5/100EK113,11250871.JPG,M5\100EK113\11250871.JPG,11250871.JPG,5800775,2024-11-25 11:46:50,moved
CT04,M5/100EK113,11250873.JPG,M5\100EK113\11250873.JPG,11250873.JPG,5897976,2024-11-25 12:01:54,moved
CT04,M5/100EK113,11250874.JPG,M5\100EK113\11250874.JPG,11250874.JPG,6055302,2024-11-25 12:01:54,moved
CT04,M5/100EK113,11250875.JPG,M5\100EK113\11250875.JPG,11250875.JPG,6059553,2024-11-25 12:01:56,moved
CT04,M5/100EK113,11280877.JPG,M5\100EK113\11280877.JPG,11280877.JPG,5814212,2024-11-28 12:07:56,moved
CT04,M5/100EK113,11280878.JPG,M5\100EK113\11280878.JPG,11280878.JPG,5787349,2024-11-28 12:07:56,moved
CT04,M5/100EK113,11280879.JPG,M5\100EK113\11280879.JPG,11280879.JPG,5783627,2024-11-28 12:07:58,moved
CT04,M5/100EK113,11280881.JPG,M5\100EK113\11280881.JPG,11280881.JPG,6082809,2024-11-28 15:59:56,moved
CT04,M5/100EK113,11280882.JPG,M5\100EK113\11280882.JPG,11280882.JPG,6056956,2024-11-28 15:59:56,moved
CT04,M5/100EK113,11280883.JPG,M5\100EK113\11280883.JPG,11280883.JPG,6031435,2024-11-28 15:59:58,moved
CT04,M5/100EK113,11280885.JPG,M5\100EK113\11280885.JPG,11280885.JPG,6034055,2024-11-28 16:00:37,moved
CT04,M5/100EK113,11280886.JPG,M5\100EK113\11280886.JPG,11280886.JPG,6179264,2024-11-28 16:00:36,moved
CT04,M5/100EK113,11280887.JPG,M5\100EK113\11280887.JPG,11280887.JPG,6191600,2024-11-28 16:00:36,moved
CT04,M5/100EK113,11280889.JPG,M5\100EK113\11280889.JPG,11280889.JPG,6022618,2024-11-28 16:03:36,moved
CT04,M5/100EK113,11280890.JPG,M5\100EK113\11280890.JPG,11280890.JPG,6013168,2024-11-28 16:03:39,moved
CT04,M5/100EK113,11280891.JPG,M5\100EK113\11280891.JPG,11280891.JPG,5985072,2024-11-28 16:03:38,moved
CT04,M5/100EK113,11280893.JPG,M5\100EK113\11280893.JPG,11280893.JPG,6019976,2024-11-28 16:04:46,moved
CT04,M5/100EK113,11280894.JPG,M5\100EK113\11280894.JPG,11280894.JPG,6007346,2024-11-28 16:04:46,moved
CT04,M5/100EK113,11280895.JPG,M5\100EK113\11280895.JPG,11280895.JPG,5977469,2024-11-28 16:04:48,moved
CT04,M5/100EK113,11280897.JPG,M5\100EK113\11280897.JPG,11280897.JPG,6072730,2024-11-28 16:44:48,moved
CT04,M5/100EK113,11280898.JPG,M5\100EK113\11280898.JPG,11280898.JPG,6047796,2024-11-28 16:44:50,moved
CT04,M5/100EK113,11280899.JPG,M5\100EK113\11280899.JPG,11280899.JPG,6028134,2024-11-28 16:44:50,moved
CT04,M5/100EK113,11280901.JPG,M5\100EK113\11280901.JPG,11280901.JPG,6002059,2024-11-28 16:47:02,moved
CT04,M5/100EK113,11280902.JPG,M5\100EK113\11280902.JPG,11280902.JPG,6014349,2024-11-28 16:47:05,moved
CT04,M5/100EK113,11280903.JPG,M5\100EK113\11280903.JPG,11280903.JPG,6011683,2024-11-28 16:47:04,moved
CT04,M5/100EK113,11280905.JPG,M5\100EK113\11280905.JPG,11280905.JPG,5986934,2024-11-28 16:58:44,moved
CT04,M5/100EK113,11280906.JPG,M5\100EK113\11280906.JPG,11280906.JPG,5998994,2024-11-28 16:58:44,moved
CT04,M5/100EK113,11280907.JPG,M5\100EK113\11280907.JPG,11280907.JPG,6016706,2024-11-28 16:58:46,moved
CT04,M5/100EK113,11280909.JPG,M5\100EK113\11280909.JPG,11280909.JPG,6047410,2024-11-28 16:59:04,moved
CT04,M5/100EK113,11280910.JPG,M5\100EK113\11280910.JPG,11280910.JPG,5947146,2024-11-28 16:59:04,moved
CT04,M5/100EK113,11280911.JPG,M5\100EK113\11280911.JPG,11280911.JPG,5953185,2024-11-28 16:59:06,moved
CT04,M5/100EK113,11280913.JPG,M5\100EK113\11280913.JPG,11280913.JPG,6030234,2024-11-28 17:00:18,moved
CT04,M5/100EK113,11280914.JPG,M5\100EK113\11280914.JPG,11280914.JPG,5950211,2024-11-28 17:00:21,moved
CT04,M5/100EK113,11280915.JPG,M5\100EK113\11280915.JPG,11280915.JPG,5980039,2024-11-28 17:00:20,moved
CT04,M5/100EK113,11280917.JPG,M5\100EK113\11280917.JPG,11280917.JPG,6007938,2024-11-28 17:00:48,moved
CT04,M5/100EK113,11280918.JPG,M5\100EK113\11280918.JPG,11280918.JPG,6041859,2024-11-28 17:00:48,moved
CT04,M5/100EK113,11280919.JPG,M5\100EK113\11280919.JPG,11280919.JPG,6018429,2024-11-28 17:00:51,moved
CT04,M5/100EK113,11280921.JPG,M5\100EK113\11280921.JPG,11280921.JPG,5987598,2024-11-28 17:01:34,moved
CT04,M5/100EK113,11280922.JPG,M5\100EK113\11280922.JPG,11280922.JPG,5971592,2024-11-28 17:01:37,moved
CT04,M5/100EK113,11280923.JPG,M5\100EK113\11280923.JPG,11280923.JPG,5974934,2024-11-28 17:01:36,moved
CT04,M5/100EK113,11280925.JPG,M5\100EK113\11280925.JPG,11280925.JPG,5989143,2024-11-28 17:34:42,moved
CT04,M5/100EK113,11280926.JPG,M5\100EK113\11280926.JPG,11280926.JPG,6048320,2024-11-28 17:34:42,moved
CT04,M5/100EK113,11280927.JPG,M5\100EK113\11280927.JPG,11280927.JPG,6053677,2024-11-28 17:34:42,moved
CT04,M5/100EK113,11280929.JPG,M5\100EK113\11280929.JPG,11280929.JPG,6015543,2024-11-28 17:39:42,moved
CT04,M5/100EK113,11280930.JPG,M5\100EK113\11280930.JPG,11280930.JPG,6027935,2024-11-28 17:39:42,moved
CT04,M5/100EK113,11280931.JPG,M5\100EK113\11280931.JPG,11280931.JPG,6037329,2024-11-28 17:39:45,moved
CT04,M5/100EK113,11290933.JPG,M5\100EK113\11290933.JPG,11290933.JPG,6042923,2024-11-29 14:29:20,moved
CT04,M5/100EK113,11290934.JPG,M5\100EK113\11290934.JPG,11290934.JPG,5904088,2024-11-29 14:29:20,moved
CT04,M5/100EK113,11290935.JPG,M5\100EK113\11290935.JPG,11290935.JPG,6050987,2024-11-29 14:29:22,moved
CT04,M5/100EK113,11290937.JPG,M5\100EK113\11290937.JPG,11290937.JPG,6140006,2024-11-29 14:31:16,moved
CT04,M5/100EK113,11290938.JPG,M5\100EK113\11290938.JPG,11290938.JPG,5948952,2024-11-29 14:31:16,moved
CT04,M5/100EK113,11290939.JPG,M5\100EK113\11290939.JPG,11290939.JPG,5957661,2024-11-29 14:31:16,moved
CT04,M5/100EK113,11290941.JPG,M5\100EK113\11290941.JPG,11290941.JPG,6069306,2024-11-29 15:08:52,moved
CT04,M5/100EK113,11290942.JPG,M5\100EK113\11290942.JPG,11290942.JPG,5993773,2024-11-29 15:08:52,moved
CT04,M5/100EK113,11290943.JPG,M5\100EK113\11290943.JPG,11290943.JPG,5978278,2024-11-29 15:08:54,moved
CT04,M5/100EK113,11290945.JPG,M5\100EK113\11290945.JPG,11290945.JPG,6013713,2024-11-29 15:32:43,moved
CT04,M5/100EK113,11290946.JPG,M5\100EK113\11290946.JPG,11290946.JPG,5982834,2024-11-29 15:32:42,moved
CT04,M5/100EK113,11290947.JPG,M5\100EK113\11290947.JPG,11290947.JPG,5992951,2024-11-29 15:32:42,moved
CT04,M5/100EK113,11290949.JPG,M5\100EK113\11290949.JPG,11290949.JPG,6030807,2024-11-29 17:44:14,moved
CT04,M5/100EK113,11290950.JPG,M5\100EK113\11290950.JPG,11290950.JPG,5997475,2024-11-29 17:44:14,moved
CT04,M5/100EK113,11290951.JPG,M5\100EK113\11290951.JPG,11290951.JPG,6028958,2024-11-29 17:44:16,moved
CT04,M5/100EK113,11300953.JPG,M5\100EK113\11300953.JPG,11300953.JPG,4832332,2024-11-30 06:46:46,moved
CT04,M5/100EK113,11300954.JPG,M5\100EK113\11300954.JPG,11300954.JPG,4882980,2024-11-30 06:46:46,moved
CT04,M5/100EK113,11300955.JPG,M5\100EK113\11300955.JPG,11300955.JPG,4805476,2024-11-30 06:46:46,moved
CT04,M5/100EK113,11300957.JPG,M5\100EK113\11300957.JPG,11300957.JPG,5043155,2024-11-30 10:59:45,moved
CT04,M5/100EK113,11300958.JPG,M5\100EK113\11300958.JPG,11300958.JPG,5035523,2024-11-30 10:59:44,moved
CT04,M5/100EK113,11300959.JPG,M5\100EK113\11300959.JPG,11300959.JPG,5125422,2024-11-30 10:59:44,moved
CT04,M5/100EK113,11300961.JPG,M5\100EK113\11300961.JPG,11300961.JPG,5142731,2024-11-30 11:40:24,moved
CT04,M5/100EK113,11300962.JPG,M5\100EK113\11300962.JPG,11300962.JPG,5239182,2024-11-30 11:40:24,moved
CT04,M5/100EK113,11300963.JPG,M5\100EK113\11300963.JPG,11300963.JPG,5250367,2024-11-30 11:40:26,moved
CT04,M5/100EK113,11300965.JPG,M5\100EK113\11300965.JPG,11300965.JPG,6039611,2024-11-30 14:04:06,moved
CT04,M5/100EK113,11300966.JPG,M5\100EK113\11300966.JPG,11300966.JPG,6148261,2024-11-30 14:04:06,moved
CT04,M5/100EK113,11300967.JPG,M5\100EK113\11300967.JPG,11300967.JPG,6099152,2024-11-30 14:04:06,moved
CT04,M5/100EK113,11300969.JPG,M5\100EK113\11300969.JPG,11300969.JPG,6097562,2024-11-30 14:11:30,moved
CT04,M5/100EK113,11300970.JPG,M5\100EK113\11300970.JPG,11300970.JPG,6085095,2024-11-30 14:11:30,moved
CT04,M5/100EK113,11300971.JPG,M5\100EK113\11300971.JPG,11300971.JPG,6063195,2024-11-30 14:11:32,moved
CT04,M5/100EK113,11300973.JPG,M5\100EK113\11300973.JPG,11300973.JPG,6154204,2024-11-30 14:13:36,moved
CT04,M5/100EK113,11300974.JPG,M5\100EK113\11300974.JPG,11300974.JPG,6102535,2024-11-30 14:13:39,moved
CT04,M5/100EK113,11300975.JPG,M5\100EK113\11300975.JPG,11300975.JPG,6154053,2024-11-30 14:13:38,moved
CT04,M5/100EK113,11300977.JPG,M5\100EK113\11300977.JPG,11300977.JPG,6107599,2024-11-30 14:30:42,moved
CT04,M5/100EK113,11300978.JPG,M5\100EK113\11300978.JPG,11300978.JPG,6022496,2024-11-30 14:30:42,moved
CT04,M5/100EK113,11300979.JPG,M5\100EK113\11300979.JPG,11300979.JPG,6092221,2024-11-30 14:30:44,moved
CT04,M5/100EK113,11300981.JPG,M5\100EK113\11300981.JPG,11300981.JPG,6165256,2024-11-30 14:51:38,moved
CT04,M5/100EK113,11300982.JPG,M5\100EK113\11300982.JPG,11300982.JPG,6139187,2024-11-30 14:51:38,moved
CT04,M5/100EK113,11300983.JPG,M5\100EK113\11300983.JPG,11300983.JPG,6051603,2024-11-30 14:51:40,moved
CT04,M5/100EK113,11300985.JPG,M5\100EK113\11300985.JPG,11300985.JPG,6175702,2024-11-30 15:07:46,moved
CT04,M5/100EK113,11300986.JPG,M5\100EK113\11300986.JPG,11300986.JPG,6139576,2024-11-30 15:07:46,moved
CT04,M5/100EK113,11300987.JPG,M5\100EK113\11300987.JPG,11300987.JPG,6000146,2024-11-30 15:07:48,moved
CT04,M5/100EK113,11300989.JPG,M5\100EK113\11300989.JPG,11300989.JPG,6163969,2024-11-30 15:16:04,moved
CT04,M5/100EK113,11300990.JPG,M5\100EK113\11300990.JPG,11300990.JPG,5977048,2024-11-30 15:16:04,moved
CT04,M5/100EK113,11300991.JPG,M5\100EK113\11300991.JPG,11300991.JPG,6116570,2024-11-30 15:16:07,moved
CT04,M5/100EK113,11300993.JPG,M5\100EK113\11300993.JPG,11300993.JPG,6211286,2024-11-30 15:28:51,moved
CT04,M5/100EK113,11300994.JPG,M5\100EK113\11300994.JPG,11300994.JPG,6123775,2024-11-30 15:28:50,moved
CT04,M5/100EK113,11300995.JPG,M5\100EK113\11300995.JPG,11300995.JPG,6131914,2024-11-30 15:28:50,moved
CT04,M5/100EK113,11300997.JPG,M5\100EK113\11300997.JPG,11300997.JPG,6163553,2024-11-30 15:31:47,moved
CT04,M5/100EK113,11300998.JPG,M5\100EK113\11300998.JPG,11300998.JPG,6186068,2024-11-30 15:31:46,moved
CT04,M5/100EK113,11300999.JPG,M5\100EK113\11300999.JPG,11300999.JPG,6178752,2024-11-30 15:31:46,moved
CT04,M5/101EK113,11300002.JPG,M5\101EK113\11300002.JPG,11300002.JPG,5990103,2024-11-30 15:34:40,moved
CT04,M5/101EK113,11300003.JPG,M5\101EK113\11300003.JPG,11300003.JPG,6007321,2024-11-30 15:34:40,moved
CT04,M5/101EK113,11300004.JPG,M5\101EK113\11300004.JPG,11300004.JPG,6044417,2024-11-30 15:34:40,moved
CT04,M5/101EK113,11300006.JPG,M5\101EK113\11300006.JPG,11300006.JPG,5972592,2024-11-30 15:49:02,moved
CT04,M5/101EK113,11300007.JPG,M5\101EK113\11300007.JPG,11300007.JPG,5973698,2025-02-05 13:33:55,moved
CT04,M5/101EK113,11300008.JPG,M5\101EK113\11300008.JPG,11300008.JPG,5992716,2025-02-06 09:27:34,moved
CT04,M5/101EK113,11300010.JPG,M5\101EK113\11300010.JPG,11300010.JPG,6075525,2025-02-06 09:27:34,moved
CT04,M5/101EK113,11300011.JPG,M5\101EK113\11300011.JPG,11300011.JPG,6077765,2025-02-06 09:27:34,moved
CT04,M5/101EK113,11300012.JPG,M5\101EK113\11300012.JPG,11300012.JPG,6075563,2025-02-06 09:27:35,moved
CT04,M5/101EK113,11300014.JPG,M5\101EK113\11300014.JPG,11300014.JPG,6167967,2025-02-06 09:27:34,moved
CT04,M5/101EK113,11300015.JPG,M5\101EK113\11300015.JPG,11300015.JPG,6096020,2024-11-30 15:54:48,moved
CT04,M5/101EK113,11300016.JPG,M5\101EK113\11300016.JPG,11300016.JPG,6114016,2024-11-30 15:54:48,moved
CT04,M5/101EK113,11300018.JPG,M5\101EK113\11300018.JPG,11300018.JPG,6072881,2025-02-06 09:27:35,moved
CT04,M5/101EK113,11300019.JPG,M5\101EK113\11300019.JPG,11300019.JPG,6052818,2025-02-06 09:27:43,moved
CT04,M5/101EK113,11300020.JPG,M5\101EK113\11300020.JPG,11300020.JPG,6016335,2024-11-30 16:21:10,moved
CT04,M5/101EK113,11300022.JPG,M5\101EK113\11300022.JPG,11300022.JPG,6108462,2024-11-30 16:34:22,moved
CT04,M5/101EK113,11300023.JPG,M5\101EK113\11300023.JPG,11300023.JPG,6074867,2025-02-06 09:27:35,moved
CT04,M5/101EK113,11300024.JPG,M5\101EK113\11300024.JPG,11300024.JPG,6079980,2025-02-06 09:27:35,moved
CT04,M5/101EK113,11300026.JPG,M5\101EK113\11300026.JPG,11300026.JPG,5976353,2025-02-06 09:27:35,moved
CT04,M5/101EK113,11300027.JPG,M5\101EK113\11300027.JPG,11300027.JPG,5997595,2025-02-05 13:20:36,moved
CT04,M5/101EK113,11300028.JPG,M5\101EK113\11300028.JPG,11300028.JPG,6003366,2025-02-06 09:27:32,moved
CT04,M5/101EK113,11300030.JPG,M5\101EK113\11300030.JPG,11300030.JPG,6067369,2025-02-06 09:27:32,moved
CT04,M5/101EK113,11300031.JPG,M5\101EK113\11300031.JPG,11300031.JPG,6011584,2025-02-06 09:27:35,moved
CT04,M5/101EK113,11300032.JPG,M5\101EK113\11300032.JPG,11300032.JPG,6040990,2025-02-05 13:25:19,moved
CT04,M5/101EK113,11300034.JPG,M5\101EK113\11300034.JPG,11300034.JPG,6103656,2024-11-30 16:49:04,moved
CT04,M5/101EK113,11300035.JPG,M5\101EK113\11300035.JPG,11300035.JPG,6052917,2024-11-30 16:49:06,moved
CT04,M5/101EK113,11300036.JPG,M5\101EK113\11300036.JPG,11300036.JPG,6078573,2024-11-30 16:49:06,moved
CT04,M5/101EK113,11300038.JPG,M5\101EK113\11300038.JPG,11300038.JPG,6019763,2024-11-30 17:17:00,moved
CT04,M5/101EK113,11300039.JPG,M5\101EK113\11300039.JPG,11300039.JPG,5982591,2024-11-30 17:17:00,moved
CT04,M5/101EK113,11300040.JPG,M5\101EK113\11300040.JPG,11300040.JPG,6010814,2024-11-30 17:17:02,moved
CT04,M5/101EK113,12010042.JPG,M5\101EK113\12010042.JPG,12010042.JPG,5908223,2024-12-01 12:29:10,moved
CT04,M5/101EK113,12010043.JPG,M5\101EK113\12010043.JPG,12010043.JPG,5719883,2024-12-01 12:29:12,moved
CT04,M5/101EK113,12010044.JPG,M5\101EK113\12010044.JPG,12010044.JPG,5678605,2024-12-01 12:29:12,moved
CT04,M5/101EK113,12010046.JPG,M5\101EK113\12010046.JPG,12010046.JPG,4848163,2024-12-01 12:29:34,moved
CT04,M5/101EK113,12010047.JPG,M5\101EK113\12010047.JPG,12010047.JPG,4825385,2024-12-01 12:29:34,moved
CT04,M5/101EK113,12010048.JPG,M5\101EK113\12010048.JPG,12010048.JPG,4358566,2024-12-01 12:29:34,moved
CT04,M5/101EK113,12010050.JPG,M5\101EK113\12010050.JPG,12010050.JPG,5598922,2024-12-01 12:29:54,moved
CT04,M5/101EK113,12010051.JPG,M5\101EK113\12010051.JPG,12010051.JPG,5668569,2024-12-01 12:29:54,moved
CT04,M5/101EK113,12010052.JPG,M5\101EK113\12010052.JPG,12010052.JPG,5544983,2024-12-01 12:29:56,moved
CT04,M5/101EK113,12010054.JPG,M5\101EK113\12010054.JPG,12010054.JPG,5999140,2024-12-01 12:30:42,moved
CT04,M5/101EK113,12010055.JPG,M5\101EK113\12010055.JPG,12010055.JPG,5728472,2024-12-01 12:30:44,moved
CT04,M5/101EK113,12010056.JPG,M5\101EK113\12010056.JPG,12010056.JPG,6056302,2024-12-01 12:30:44,moved
CT04,M5/101EK113,12020058.JPG,M5\101EK113\12020058.JPG,12020058.JPG,5774083,2024-12-02 09:13:06,moved
CT04,M5/101EK113,12020059.JPG,M5\101EK113\12020059.JPG,12020059.JPG,5765567,2024-12-02 09:13:06,moved
CT04,M5/101EK113,12020060.JPG,M5\101EK113\12020060.JPG,12020060.JPG,5799605,2024-12-02 09:13:08,moved
CT04,M5/101EK113,12020062.JPG,M5\101EK113\12020062.JPG,12020062.JPG,5773277,2024-12-02 09:17:50,moved
CT04,M5/101EK113,12020063.JPG,M5\101EK113\12020063.JPG,12020063.JPG,5818152,2024-12-02 09:17:50,moved
CT04,M5/101EK113,12020064.JPG,M5\101EK113\12020064.JPG,12020064.JPG,5856836,2024-12-02 09:17:52,moved
CT04,M5/101EK113,12020066.JPG,M5\101EK113\12020066.JPG,12020066.JPG,5709146,2024-12-02 09:18:12,moved
CT04,M5/101EK113,12020067.JPG,M5\101EK113\12020067.JPG,12020067.JPG,5790566,2024-12-02 09:18:12,moved
CT04,M5/101EK113,12020068.JPG,M5\101EK113\12020068.JPG,12020068.JPG,5837530,2024-12-02 09:18:14,moved
CT04,M5/101EK113,12020070.JPG,M5\101EK113\12020070.JPG,12020070.JPG,4864302,2024-12-02 10:21:16,moved
CT04,M5/101EK113,12020071.JPG,M5\101EK113\12020071.JPG,12020071.JPG,4886484,2024-12-02 10:21:16,moved
CT04,M5/101EK113,12020072.JPG,M5\101EK113\12020072.JPG,12020072.JPG,4939805,2024-12-02 10:21:18,moved
CT04,M5/101EK113,12020074.JPG,M5\101EK113\12020074.JPG,12020074.JPG,6229931,2024-12-02 12:56:32,moved
CT04,M5/101EK113,12020075.JPG,M5\101EK113\12020075.JPG,12020075.JPG,6229648,2024-12-02 12:56:32,moved
CT04,M5/101EK113,12020076.JPG,M5\101EK113\12020076.JPG,12020076.JPG,5710238,2024-12-02 12:56:32,moved
CT04,M5/101EK113,12020078.JPG,M5\101EK113\12020078.JPG,12020078.JPG,5932207,2024-12-02 13:09:40,moved
CT04,M5/101EK113,12020079.JPG,M5\101EK113\12020079.JPG,12020079.JPG,5851308,2024-12-02 13:09:40,moved
CT04,M5/101EK113,12020080.JPG,M5\101EK113\12020080.JPG,12020080.JPG,5965928,2024-12-02 13:09:42,moved
CT04,M5/101EK113,12020082.JPG,M5\101EK113\12020082.JPG,12020082.JPG,5963018,2024-12-02 13:35:30,moved
CT04,M5/101EK113,12020083.JPG,M5\101EK113\12020083.JPG,12020083.JPG,5996927,2024-12-02 13:35:33,moved
CT04,M5/101EK113,12020084.JPG,M5\101EK113\12020084.JPG,12020084.JPG,5906798,2024-12-02 13:35:32,moved
CT04,M5/101EK113,12020086.JPG,M5\101EK113\12020086.JPG,12020086.JPG,5976854,2024-12-02 16:37:34,moved
CT04,M5/101EK113,12020087.JPG,M5\101EK113\12020087.JPG,12020087.JPG,5936292,2024-12-02 16:37:37,moved
CT04,M5/101EK113,12020088.JPG,M5\101EK113\12020088.JPG,12020088.JPG,5883169,2024-12-02 16:37:36,moved
CT04,M5/101EK113,12020090.JPG,M5\101EK113\12020090.JPG,12020090.JPG,6028762,2024-12-02 16:54:39,moved
CT04,M5/101EK113,12020091.JPG,M5\101EK113\12020091.JPG,12020091.JPG,6133937,2024-12-02 16:54:38,moved
CT04,M5/101EK113,12020092.JPG,M5\101EK113\12020092.JPG,12020092.JPG,6085630,2024-12-02 16:54:38,moved
CT04,M5/101EK113,12020094.JPG,M5\101EK113\12020094.JPG,12020094.JPG,6083224,2024-12-02 17:14:15,moved
CT04,M5/101EK113,12020095.JPG,M5\101EK113\12020095.JPG,12020095.JPG,6162462,2024-12-02 17:14:14,moved
CT04,M5/101EK113,12020096.JPG,M5\101EK113\12020096.JPG,12020096.JPG,6052395,2024-12-02 17:14:14,moved
CT04,M5/101EK113,12020098.JPG,M5\101EK113\12020098.JPG,12020098.JPG,6068300,2024-12-02 17:25:30,moved
CT04,M5/101EK113,12020099.JPG,M5\101EK113\12020099.JPG,12020099.JPG,5997475,2024-12-02 17:25:30,moved
CT04,M5/101EK113,12020100.JPG,M5\101EK113\12020100.JPG,12020100.JPG,6005538,2024-12-02 17:25:32,moved
CT04,M5/101EK113,12020102.JPG,M5\101EK113\12020102.JPG,12020102.JPG,6060821,2024-12-02 17:38:28,moved
CT04,M5/101EK113,12020103.JPG,M5\101EK113\12020103.JPG,12020103.JPG,6042576,2024-12-02 17:38:28,moved
CT04,M5/101EK113,12020104.JPG,M5\101EK113\12020104.JPG,12020104.JPG,6061983,2024-12-02 17:38:30,moved
CT04,M5/101EK113,12030106.JPG,M5\101EK113\12030106.JPG,12030106.JPG,5244296,2024-12-03 09:02:54,moved
CT04,M5/101EK113,12030107.JPG,M5\101EK113\12030107.JPG,12030107.JPG,5246433,2024-12-03 09:02:54,moved
CT04,M5/101EK113,12030108.JPG,M5\101EK113\12030108.JPG,12030108.JPG,5247456,2024-12-03 09:02:56,moved
CT04,M5/101EK113,12030110.JPG,M5\101EK113\12030110.JPG,12030110.JPG,5765174,2024-12-03 09:09:56,moved
CT04,M5/101EK113,12030111.JPG,M5\101EK113\12030111.JPG,12030111.JPG,5861168,2024-12-03 09:09:56,moved
CT04,M5/101EK113,12030112.JPG,M5\101EK113\12030112.JPG,12030112.JPG,5761949,2024-12-03 09:09:59,moved
CT04,M5/101EK113,12030114.JPG,M5\101EK113\12030114.JPG,12030114.JPG,5763300,2024-12-03 09:26:20,moved
CT04,M5/101EK113,12030115.JPG,M5\101EK113\12030115.JPG,12030115.JPG,5754709,2024-12-03 09:26:20,moved
CT04,M5/101EK113,12030116.JPG,M5\101EK113\12030116.JPG,12030116.JPG,5539751,2024-12-03 09:26:22,moved
CT04,M5/101EK113,12030118.JPG,M5\101EK113\12030118.JPG,12030118.JPG,4727552,2024-12-03 09:59:22,moved
CT04,M5/101EK113,12030119.JPG,M5\101EK113\12030119.JPG,12030119.JPG,4863652,2024-12-03 09:59:22,moved
CT04,M5/101EK113,12030120.JPG,M5\101EK113\12030120.JPG,12030120.JPG,4860223,2024-12-03 09:59:24,moved
CT04,M5/101EK113,12030122.JPG,M5\101EK113\12030122.JPG,12030122.JPG,4856025,2024-12-03 10:17:44,moved
CT04,M5/101EK113,12030123.JPG,M5\101EK113\12030123.JPG,12030123.JPG,4893593,2024-12-03 10:17:44,moved
CT04,M5/101EK113,12030124.JPG,M5\101EK113\12030124.JPG,12030124.JPG,4891811,2024-12-03 10:17:46,moved
CT04,M5/101EK113,12030126.JPG,M5\101EK113\12030126.JPG,12030126.JPG,4923701,2024-12-03 11:27:22,moved
CT04,M5/101EK113,12030127.JPG,M5\101EK113\12030127.JPG,12030127.JPG,5063748,2024-12-03 11:27:24,moved
CT04,M5/101EK113,12030128.JPG,M5\101EK113\12030128.JPG,12030128.JPG,5071297,2024-12-03 11:27:24,moved
CT04,M5/101EK113,12030130.JPG,M5\101EK113\12030130.JPG,12030130.JPG,5457138,2024-12-03 11:50:38,moved
CT04,M5/101EK113,12030131.JPG,M5\101EK113\12030131.JPG,12030131.JPG,5394070,2024-12-03 11:50:38,moved
CT04,M5/101EK113,12030132.JPG,M5\101EK113\12030132.JPG,12030132.JPG,5402999,2024-12-03 11:50:41,moved
CT04,M5/101EK113,12030134.JPG,M5\101EK113\12030134.JPG,12030134.JPG,5996829,2024-12-03 14:57:02,moved
CT04,M5/101EK113,12030135.JPG,M5\101EK113\12030135.JPG,12030135.JPG,6005407,2024-12-03 14:57:02,moved
CT04,M5/101EK113,12030136.JPG,M5\101EK113\12030136.JPG,12030136.JPG,5995521,2024-12-03 14:57:04,moved
CT04,M5/101EK113,12030138.JPG,M5\101EK113\12030138.JPG,12030138.JPG,6042754,2024-12-03 15:45:32,moved
CT04,M5/101EK113,12030139.JPG,M5\101EK113\12030139.JPG,12030139.JPG,6016235,2024-12-03 15:45:32,moved
CT04,M5/101EK113,12030140.JPG,M5\101EK113\12030140.JPG,12030140.JPG,5980496,2024-12-03 15:45:35,moved
CT04,M5/101EK113,12030142.JPG,M5\101EK113\12030142.JPG,12030142.JPG,6068923,2024-12-03 15:57:08,moved
CT04,M5/101EK113,12030143.JPG,M5\101EK113\12030143.JPG,12030143.JPG,5985965,2024-12-03 15:57:08,moved
CT04,M5/101EK113,12030144.JPG,M5\101EK113\12030144.JPG,12030144.JPG,5995265,2024-12-03 15:57:11,moved
CT04,M5/101EK113,12030146.JPG,M5\101EK113\12030146.JPG,12030146.JPG,5915751,2024-12-03 18:01:02,moved
CT04,M5/101EK113,12030147.JPG,M5\101EK113\12030147.JPG,12030147.JPG,5946456,2024-12-03 18:01:05,moved
CT04,M5/101EK113,12030148.JPG,M5\101EK113\12030148.JPG,12030148.JPG,5942867,2024-12-03 18:01:04,moved
CT04,M5/101EK113,12040150.JPG,M5\101EK113\12040150.JPG,12040150.JPG,5690098,2024-12-04 09:20:53,moved
CT04,M5/101EK113,12040151.JPG,M5\101EK113\12040151.JPG,12040151.JPG,5803072,2024-12-04 09:20:52,moved
CT04,M5/101EK113,12040152.JPG,M5\101EK113\12040152.JPG,12040152.JPG,5681278,2024-12-04 09:20:52,moved
CT04,M5/101EK113,12040154.JPG,M5\101EK113\12040154.JPG,12040154.JPG,5209345,2024-12-04 11:00:50,moved
CT04,M5/101EK113,12040155.JPG,M5\101EK113\12040155.JPG,12040155.JPG,5317699,2024-12-04 11:00:52,moved
CT04,M5/101EK113,12040156.JPG,M5\101EK113\12040156.JPG,12040156.JPG,5198029,2024-12-04 11:00:52,moved
CT04,M5/101EK113,12040158.JPG,M5\101EK113\12040158.JPG,12040158.JPG,5168940,2024-12-04 11:01:44,moved
CT04,M5/101EK113,12040159.JPG,M5\101EK113\12040159.JPG,12040159.JPG,5214484,2024-12-04 11:01:47,moved
CT04,M5/101EK113,12040160.JPG,M5\101EK113\12040160.JPG,12040160.JPG,5195362,2024-12-04 11:01:46,moved
CT04,M5/101EK113,12040162.JPG,M5\101EK113\12040162.JPG,12040162.JPG,5425686,2024-12-04 11:13:44,moved
CT04,M5/101EK113,12040163.JPG,M5\101EK113\12040163.JPG,12040163.JPG,5398724,2024-12-04 11:13:46,moved
CT04,M5/101EK113,12040164.JPG,M5\101EK113\12040164.JPG,12040164.JPG,5443949,2024-12-04 11:13:46,moved
CT04,M5/101EK113,12040166.JPG,M5\101EK113\12040166.JPG,12040166.JPG,5342256,2024-12-04 11:14:06,moved
CT04,M5/101EK113,12040167.JPG,M5\101EK113\12040167.JPG,12040167.JPG,5393899,2024-12-04 11:14:08,moved
CT04,M5/101EK113,12040168.JPG,M5\101EK113\12040168.JPG,12040168.JPG,5442429,2024-12-04 11:14:08,moved
CT04,M5/101EK113,12040170.JPG,M5\101EK113\12040170.JPG,12040170.JPG,5748872,2024-12-04 11:31:50,moved
CT04,M5/101EK113,12040171.JPG,M5\101EK113\12040171.JPG,12040171.JPG,5739904,2024-12-04 11:31:50,moved
CT04,M5/101EK113,12040172.JPG,M5\101EK113\12040172.JPG,12040172.JPG,5709516,2024-12-04 11:31:50,moved
CT04,M5/101EK113,12040174.JPG,M5\101EK113\12040174.JPG,12040174.JPG,5747388,2024-12-04 11:36:36,moved
CT04,M5/101EK113,12040175.JPG,M5\101EK113\12040175.JPG,12040175.JPG,5885193,2024-12-04 11:36:38,moved
CT04,M5/101EK113,12040176.JPG,M5\101EK113\12040176.JPG,12040176.JPG,5904766,2024-12-04 11:36:38,moved
CT04,M5/101EK113,12040178.JPG,M5\101EK113\12040178.JPG,12040178.JPG,5860915,2024-12-04 11:51:54,moved
CT04,M5/101EK113,12040179.JPG,M5\101EK113\12040179.JPG,12040179.JPG,5905500,2024-12-04 11:51:56,moved
CT04,M5/101EK113,12040180.JPG,M5\101EK113\12040180.JPG,12040180.JPG,5916253,2024-12-04 11:51:56,moved
CT04,M5/101EK113,12040182.JPG,M5\101EK113\12040182.JPG,12040182.JPG,5698192,2024-12-04 20:54:06,moved
CT04,M5/101EK113,12040183.JPG,M5\101EK113\12040183.JPG,12040183.JPG,5678963,2024-12-04 20:54:06,moved
CT04,M5/101EK113,12040184.JPG,M5\101EK113\12040184.JPG,12040184.JPG,5690598,2024-12-04 20:54:08,moved
CT04,M5/101EK113,12060186.JPG,M5\101EK113\12060186.JPG,12060186.JPG,5001736,2024-12-06 09:23:28,moved
CT04,M5/101EK113,12060187.JPG,M5\101EK113\12060187.JPG,12060187.JPG,5028194,2024-12-06 09:23:28,moved
CT04,M5/101EK113,12060188.JPG,M5\101EK113\12060188.JPG,12060188.JPG,5008646,2024-12-06 09:23:30,moved
CT04,M5/101EK113,12060190.JPG,M5\101EK113\12060190.JPG,12060190.JPG,5429894,2024-12-06 09:25:12,moved
CT04,M5/101EK113,12060191.JPG,M5\101EK113\12060191.JPG,12060191.JPG,5291202,2024-12-06 09:25:15,moved
CT04,M5/101EK113,12060192.JPG,M5\101EK113\12060192.JPG,12060192.JPG,5327424,2024-12-06 09:25:14,moved
CT04,M5/101EK113,12060194.JPG,M5\101EK113\12060194.JPG,12060194.JPG,5170076,2024-12-06 09:25:50,moved
CT04,M5/101EK113,12060195.JPG,M5\101EK113\12060195.JPG,12060195.JPG,5170600,2024-12-06 09:25:53,moved
CT04,M5/101EK113,12060196.JPG,M5\101EK113\12060196.JPG,12060196.JPG,5329282,2024-12-06 09:25:52,moved
CT04,M5/101EK113,12060198.JPG,M5\101EK113\12060198.JPG,12060198.JPG,5208799,2024-12-06 09:28:22,moved
CT04,M5/101EK113,12060199.JPG,M5\101EK113\12060199.JPG,12060199.JPG,5057520,2024-12-06 09:28:22,moved
CT04,M5/101EK113,12060200.JPG,M5\101EK113\12060200.JPG,12060200.JPG,5128302,2025-02-06 09:27:34,moved
CT04,M5/101EK113,12060202.JPG,M5\101EK113\12060202.JPG,12060202.JPG,4902881,2025-02-06 09:27:33,moved
CT04,M5/101EK113,12060203.JPG,M5\101EK113\12060203.JPG,12060203.JPG,5003371,2025-02-06 09:27:38,moved
CT04,M5/101EK113,12060204.JPG,M5\101EK113\12060204.JPG,12060204.JPG,4903464,2025-02-06 09:27:41,moved
CT04,M5/101EK113,12060206.JPG,M5\101EK113\12060206.JPG,12060206.JPG,4788311,2024-12-06 09:31:57,moved
CT04,M5/101EK113,12060207.JPG,M5\101EK113\12060207.JPG,12060207.JPG,4831502,2024-12-06 09:31:56,moved
CT04,M5/101EK113,12060208.JPG,M5\101EK113\12060208.JPG,12060208.JPG,4886972,2024-12-06 09:31:56,moved
CT04,M5/101EK113,12060210.JPG,M5\101EK113\12060210.JPG,12060210.JPG,5063876,2024-12-06 09:33:56,moved
CT04,M5/101EK113,12060211.JPG,M5\101EK113\12060211.JPG,12060211.JPG,4505544,2024-12-06 09:33:58,moved
CT04,M5/101EK113,12060212.JPG,M5\101EK113\12060212.JPG,12060212.JPG,4809210,2024-12-06 09:33:58,moved
CT04,M5/101EK113,12060214.JPG,M5\101EK113\12060214.JPG,12060214.JPG,4637147,2024-12-06 09:35:46,moved
CT04,M5/101EK113,12060215.JPG,M5\101EK113\12060215.JPG,12060215.JPG,4788611,2024-12-06 09:35:46,moved
CT04,M5/101EK113,12060216.JPG,M5\101EK113\12060216.JPG,12060216.JPG,4819422,2024-12-06 09:35:48,moved
CT04,M5/101EK113,12060218.JPG,M5\101EK113\12060218.JPG,12060218.JPG,4889636,2024-12-06 09:36:40,moved
CT04,M5/101EK113,12060219.JPG,M5\101EK113\12060219.JPG,12060219.JPG,4800367,2024-12-06 09:36:40,moved
CT04,M5/101EK113,12060220.JPG,M5\101EK113\12060220.JPG,12060220.JPG,4833067,2024-12-06 09:36:43,moved
CT04,M5/101EK113,12060222.JPG,M5\101EK113\12060222.JPG,12060222.JPG,4861492,2024-12-06 09:41:12,moved
CT04,M5/101EK113,12060223.JPG,M5\101EK113\12060223.JPG,12060223.JPG,4683275,2024-12-06 09:41:12,moved
CT04,M5/101EK113,12060224.JPG,M5\101EK113\12060224.JPG,12060224.JPG,4829758,2024-12-06 09:41:12,moved
CT04,M5/101EK113,12060226.JPG,M5\101EK113\12060226.JPG,12060226.JPG,4820966,2024-12-06 09:42:42,moved
CT04,M5/101EK113,12060227.JPG,M5\101EK113\12060227.JPG,12060227.JPG,4919783,2024-12-06 09:42:42,moved
CT04,M5/101EK113,12060228.JPG,M5\101EK113\12060228.JPG,12060228.JPG,5025392,2024-12-06 09:42:45,moved
CT04,M5/101EK113,12060230.JPG,M5\101EK113\12060230.JPG,12060230.JPG,5185569,2024-12-06 09:45:02,moved
CT04,M5/101EK113,12060231.JPG,M5\101EK113\12060231.JPG,12060231.JPG,5140577,2024-12-06 09:45:02,moved
CT04,M5/101EK113,12060232.JPG,M5\101EK113\12060232.JPG,12060232.JPG,5150089,2024-12-06 09:45:02,moved
CT04,M5/101EK113,12060234.JPG,M5\101EK113\12060234.JPG,12060234.JPG,5131825,2024-12-06 09:45:28,moved
CT04,M5/101EK113,12060235.JPG,M5\101EK113\12060235.JPG,12060235.JPG,5100006,2024-12-06 09:45:31,moved
CT04,M5/101EK113,12060236.JPG,M5\101EK113\12060236.JPG,12060236.JPG,4868118,2024-12-06 09:45:30,moved
CT04,M5/101EK113,12060238.JPG,M5\101EK113\12060238.JPG,12060238.JPG,5075083,2024-12-06 09:48:16,moved
CT04,M5/101EK113,12060239.JPG,M5\101EK113\12060239.JPG,12060239.JPG,4891673,2024-12-06 09:48:16,moved
CT04,M5/101EK113,12060240.JPG,M5\101EK113\12060240.JPG,12060240.JPG,4754351,2024-12-06 09:48:18,moved
CT04,M5/101EK113,12060242.JPG,M5\101EK113\12060242.JPG,12060242.JPG,4829118,2024-12-06 09:48:46,moved
CT04,M5/101EK113,12060243.JPG,M5\101EK113\12060243.JPG,12060243.JPG,4813483,2024-12-06 09:48:48,moved
CT04,M5/101EK113,12060244.JPG,M5\101EK113\12060244.JPG,12060244.JPG,4758906,2024-12-06 09:48:48,moved
CT04,M5/101EK113,12060246.JPG,M5\101EK113\12060246.JPG,12060246.JPG,5316399,2024-12-06 09:49:08,moved
CT04,M5/101EK113,12060247.JPG,M5\101EK113\12060247.JPG,12060247.JPG,5207524,2024-12-06 09:49:10,moved
CT04,M5/101EK113,12060248.JPG,M5\101EK113\12060248.JPG,12060248.JPG,5217916,2024-12-06 09:49:10,moved
CT04,M5/101EK113,12060250.JPG,M5\101EK113\12060250.JPG,12060250.JPG,4703029,2024-12-06 09:49:42,moved
CT04,M5/101EK113,12060251.JPG,M5\101EK113\12060251.JPG,12060251.JPG,4793084,2024-12-06 09:49:42,moved
CT04,M5/101EK113,12060252.JPG,M5\101EK113\12060252.JPG,12060252.JPG,4822198,2024-12-06 09:49:44,moved
CT04,M5/101EK113,12060254.JPG,M5\101EK113\12060254.JPG,12060254.JPG,4976798,2024-12-06 09:50:56,moved
CT04,M5/101EK113,12060255.JPG,M5\101EK113\12060255.JPG,12060255.JPG,4947732,2024-12-06 09:50:58,moved
CT04,M5/101EK113,12060256.JPG,M5\101EK113\12060256.JPG,12060256.JPG,4986949,2024-12-06 09:50:58,moved
CT04,M5/101EK113,12060258.JPG,M5\101EK113\12060258.JPG,12060258.JPG,4886448,2024-12-06 09:52:09,moved
CT04,M5/101EK113,12060259.JPG,M5\101EK113\12060259.JPG,12060259.JPG,4758719,2024-12-06 09:52:08,moved
CT04,M5/101EK113,12060260.JPG,M5\101EK113\12060260.JPG,12060260.JPG,4792343,2024-12-06 09:52:08,moved
CT04,M5/101EK113,12060262.JPG,M5\101EK113\12060262.JPG,12060262.JPG,4706764,2024-12-06 09:53:52,moved
CT04,M5/101EK113,12060263.JPG,M5\101EK113\12060263.JPG,12060263.JPG,4783463,2024-12-06 09:53:54,moved
CT04,M5/101EK113,12060264.JPG,M5\101EK113\12060264.JPG,12060264.JPG,4793410,2024-12-06 09:53:54,moved
CT04,M5/101EK113,12060266.JPG,M5\101EK113\12060266.JPG,12060266.JPG,5025462,2024-12-06 09:55:18,moved
CT04,M5/101EK113,12060267.JPG,M5\101EK113\12060267.JPG,12060267.JPG,4740860,2024-12-06 09:55:20,moved
CT04,M5/101EK113,12060268.JPG,M5\101EK113\12060268.JPG,12060268.JPG,5005311,2024-12-06 09:55:20,moved
CT04,M5/101EK113,12060270.JPG,M5\101EK113\12060270.JPG,12060270.JPG,4939752,2024-12-06 09:56:06,moved
CT04,M5/101EK113,12060271.JPG,M5\101EK113\12060271.JPG,12060271.JPG,5037094,2024-12-06 09:56:08,moved
CT04,M5/101EK113,12060272.JPG,M5\101EK113\12060272.JPG,12060272.JPG,5033710,2024-12-06 09:56:08,moved
CT04,M5/101EK113,12060274.JPG,M5\101EK113\12060274.JPG,12060274.JPG,5031938,2024-12-06 10:02:10,moved
CT04,M5/101EK113,12060275.JPG,M5\101EK113\12060275.JPG,12060275.JPG,4978438,2024-12-06 10:02:13,moved
CT04,M5/101EK113,12060276.JPG,M5\101EK113\12060276.JPG,12060276.JPG,4850238,2024-12-06 10:02:12,moved
CT04,M5/101EK113,12060278.JPG,M5\101EK113\12060278.JPG,12060278.JPG,4862491,2024-12-06 10:02:50,moved
CT04,M5/101EK113,12060279.JPG,M5\101EK113\12060279.JPG,12060279.JPG,4851673,2024-12-06 10:02:53,moved
CT04,M5/101EK113,12060280.JPG,M5\101EK113\12060280.JPG,12060280.JPG,4900845,2024-12-06 10:02:52,moved
CT04,M5/101EK113,12060282.JPG,M5\101EK113\12060282.JPG,12060282.JPG,4826745,2024-12-06 10:03:16,moved
CT04,M5/101EK113,12060283.JPG,M5\101EK113\12060283.JPG,12060283.JPG,4863815,2024-12-06 10:03:16,moved
CT04,M5/101EK113,12060284.JPG,M5\101EK113\12060284.JPG,12060284.JPG,4882018,2024-12-06 10:03:16,moved
CT04,M5/101EK113,12060286.JPG,M5\101EK113\12060286.JPG,12060286.JPG,4780350,2024-12-06 10:04:34,moved
CT04,M5/101EK113,12060287.JPG,M5\101EK113\12060287.JPG,12060287.JPG,4828576,2024-12-06 10:04:36,moved
CT04,M5/101EK113,12060288.JPG,M5\101EK113\12060288.JPG,12060288.JPG,4796386,2024-12-06 10:04:36,moved
CT04,M5/101EK113,12060290.JPG,M5\101EK113\12060290.JPG,12060290.JPG,4825629,2024-12-06 10:06:52,moved
CT04,M5/101EK113,12060291.JPG,M5\101EK113\12060291.JPG,12060291.JPG,4848957,2024-12-06 10:06:52,moved
CT04,M5/101EK113,12060292.JPG,M5\101EK113\12060292.JPG,12060292.JPG,4862834,2024-12-06 10:06:54,moved
CT04,M5/101EK113,12060294.JPG,M5\101EK113\12060294.JPG,12060294.JPG,4875187,2024-12-06 10:07:14,moved
CT04,M5/101EK113,12060295.JPG,M5\101EK113\12060295.JPG,12060295.JPG,4931318,2024-12-06 10:07:16,moved
CT04,M5/101EK113,12060296.JPG,M5\101EK113\12060296.JPG,12060296.JPG,4946165,2024-12-06 10:07:16,moved
CT04,M5/101EK113,12060298.JPG,M5\101EK113\12060298.JPG,12060298.JPG,4906862,2024-12-06 10:10:14,moved
CT04,M5/101EK113,12060299.JPG,M5\101EK113\12060299.JPG,12060299.JPG,4802158,2024-12-06 10:10:17,moved
CT04,M5/101EK113,12060300.JPG,M5\101EK113\12060300.JPG,12060300.JPG,4808548,2024-12-06 10:10:16,moved
CT04,M5/101EK113,12060302.JPG,M5\101EK113\12060302.JPG,12060302.JPG,4774691,2024-12-06 10:11:42,moved
CT04,M5/101EK113,12060303.JPG,M5\101EK113\12060303.JPG,12060303.JPG,4863982,2024-12-06 10:11:42,moved
CT04,M5/101EK113,12060304.JPG,M5\101EK113\12060304.JPG,12060304.JPG,4910037,2024-12-06 10:11:42,moved
CT04,M5/101EK113,12060306.JPG,M5\101EK113\12060306.JPG,12060306.JPG,4910850,2024-12-06 10:12:08,moved
CT04,M5/101EK113,12060307.JPG,M5\101EK113\12060307.JPG,12060307.JPG,4808641,2024-12-06 10:12:08,moved
CT04,M5/101EK113,12060308.JPG,M5\101EK113\12060308.JPG,12060308.JPG,4922764,2024-12-06 10:12:10,moved
CT04,M5/101EK113,12060310.JPG,M5\101EK113\12060310.JPG,12060310.JPG,4837141,2024-12-06 10:12:40,moved
CT04,M5/101EK113,12060311.JPG,M5\101EK113\12060311.JPG,12060311.JPG,4836020,2024-12-06 10:12:42,moved
CT04,M5/101EK113,12060312.JPG,M5\101EK113\12060312.JPG,12060312.JPG,4951300,2024-12-06 10:12:42,moved
CT04,M5/101EK113,12060314.JPG,M5\101EK113\12060314.JPG,12060314.JPG,4864885,2024-12-06 10:13:20,moved
CT04,M5/101EK113,12060315.JPG,M5\101EK113\12060315.JPG,12060315.JPG,4829740,2024-12-06 10:13:23,moved
CT04,M5/101EK113,12060316.JPG,M5\101EK113\12060316.JPG,12060316.JPG,4933181,2024-12-06 10:13:22,moved
CT04,M5/101EK113,12060318.JPG,M5\101EK113\12060318.JPG,12060318.JPG,4929415,2024-12-06 10:15:24,moved
CT04,M5/101EK113,12060319.JPG,M5\101EK113\12060319.JPG,12060319.JPG,4986198,2024-12-06 10:15:26,moved
CT04,M5/101EK113,12060320.JPG,M5\101EK113\12060320.JPG,12060320.JPG,4996591,2024-12-06 10:15:26,moved
CT04,M5/101EK113,12060322.JPG,M5\101EK113\12060322.JPG,12060322.JPG,4985357,2025-02-06 09:27:40,moved
CT04,M5/101EK113,12060323.JPG,M5\101EK113\12060323.JPG,12060323.JPG,4937479,2025-02-06 09:27:41,moved
CT04,M5/101EK113,12060324.JPG,M5\101EK113\12060324.JPG,12060324.JPG,5158047,2024-12-06 10:16:12,moved
CT04,M5/101EK113,12060326.JPG,M5\101EK113\12060326.JPG,12060326.JPG,5111869,2024-12-06 10:16:48,moved
CT04,M5/101EK113,12060327.JPG,M5\101EK113\12060327.JPG,12060327.JPG,5040166,2025-02-05 13:44:46,moved
CT04,M5/101EK113,12060328.JPG,M5\101EK113\12060328.JPG,12060328.JPG,4954925,2025-02-06 09:27:38,moved
CT04,M5/101EK113,12060330.JPG,M5\101EK113\12060330.JPG,12060330.JPG,4959546,2025-02-06 09:27:41,moved
CT04,M5/101EK113,12060331.JPG,M5\101EK113\12060331.JPG,12060331.JPG,5187420,2025-02-06 09:27:42,moved
CT04,M5/101EK113,12060332.JPG,M5\101EK113\12060332.JPG,12060332.JPG,5122779,2025-02-06 09:27:43,moved
CT04,M5/101EK113,12060334.JPG,M5\101EK113\12060334.JPG,12060334.JPG,5734795,2025-02-06 09:27:42,moved
CT04,M5/101EK113,12060335.JPG,M5\101EK113\12060335.JPG,12060335.JPG,5766555,2024-12-06 10:17:30,moved
CT04,M5/101EK113,12060336.JPG,M5\101EK113\12060336.JPG,12060336.JPG,5787343,2024-12-06 10:17:30,moved
CT04,M5/101EK113,12060338.JPG,M5\101EK113\12060338.JPG,12060338.JPG,5871537,2025-02-06 09:27:42,moved
CT04,M5/101EK113,12060339.JPG,M5\101EK113\12060339.JPG,12060339.JPG,6006831,2025-02-06 09:27:40,moved
CT04,M5/101EK113,12060340.JPG,M5\101EK113\12060340.JPG,12060340.JPG,5994066,2024-12-06 17:08:40,moved
CT04,M5/101EK113,12060342.JPG,M5\101EK113\12060342.JPG,12060342.JPG,5891769,2024-12-06 17:16:46,moved
CT04,M5/101EK113,12060343.JPG,M5\101EK113\12060343.JPG,12060343.JPG,5897008,2024-12-06 17:16:46,moved
CT04,M5/101EK113,12060344.JPG,M5\101EK113\12060344.JPG,12060344.JPG,6004061,2024-12-06 17:16:46,moved
CT04,M5/101EK113,12060346.JPG,M5\101EK113\12060346.JPG,12060346.JPG,5996994,2025-02-06 09:27:43,moved
CT04,M5/101EK113,12060347.JPG,M5\101EK113\12060347.JPG,12060347.JPG,5982063,2025-02-06 09:27:42,moved
CT04,M5/101EK113,12060348.JPG,M5\101EK113\12060348.JPG,12060348.JPG,5994285,2025-02-06 09:27:42,moved
CT04,M5/101EK113,12060350.JPG,M5\101EK113\12060350.JPG,12060350.JPG,5930058,2025-02-06 09:27:43,moved
CT04,M5/101EK113,12060351.JPG,M5\101EK113\12060351.JPG,12060351.JPG,5976589,2025-02-06 09:27:45,moved
CT04,M5/101EK113,12060352.JPG,M5\101EK113\12060352.JPG,12060352.JPG,5957277,2025-02-06 09:27:46,moved
CT04,M5/101EK113,12060354.JPG,M5\101EK113\12060354.JPG,12060354.JPG,6009238,2024-12-06 17:59:08,moved
CT04,M5/101EK113,12060355.JPG,M5\101EK113\12060355.JPG,12060355.JPG,6037185,2024-12-06 17:59:08,moved
CT04,M5/101EK113,12060356.JPG,M5\101EK113\12060356.JPG,12060356.JPG,6011726,2024-12-06 17:59:11,moved
CT04,M5/101EK113,12070358.JPG,M5\101EK113\12070358.JPG,12070358.JPG,4812368,2024-12-07 10:07:01,moved
CT04,M5/101EK113,12070359.JPG,M5\101EK113\12070359.JPG,12070359.JPG,4814775,2024-12-07 10:07:00,moved
CT04,M5/101EK113,12070360.JPG,M5\101EK113\12070360.JPG,12070360.JPG,4822402,2024-12-07 10:07:00,moved
CT04,M5/101EK113,12070362.JPG,M5\101EK113\12070362.JPG,12070362.JPG,4832486,2025-02-06 09:27:46,moved
CT04,M5/101EK113,12070363.JPG,M5\101EK113\12070363.JPG,12070363.JPG,4835162,2025-02-06 09:27:46,moved
CT04,M5/101EK113,12070364.JPG,M5\101EK113\12070364.JPG,12070364.JPG,4807659,2024-12-07 10:31:25,moved
CT04,M5/101EK113,12070366.JPG,M5\101EK113\12070366.JPG,12070366.JPG,4944434,2024-12-07 11:05:00,moved
CT04,M5/101EK113,12070367.JPG,M5\101EK113\12070367.JPG,12070367.JPG,4940624,2024-12-07 11:05:00,moved
CT04,M5/101EK113,12070368.JPG,M5\101EK113\12070368.JPG,12070368.JPG,5010379,2024-12-07 11:05:03,moved
CT04,M5/101EK113,12070370.JPG,M5\101EK113\12070370.JPG,12070370.JPG,5008206,2024-12-07 11:33:06,moved
CT04,M5/101EK113,12070371.JPG,M5\101EK113\12070371.JPG,12070371.JPG,5113777,2024-12-07 11:33:06,moved
CT04,M5/101EK113,12070372.JPG,M5\101EK113\12070372.JPG,12070372.JPG,5092550,2025-02-06 09:27:48,moved
CT04,M5/101EK113,12070374.JPG,M5\101EK113\12070374.JPG,12070374.JPG,4997522,2025-02-06 09:27:47,moved
CT04,M5/101EK113,12070375.JPG,M5\101EK113\12070375.JPG,12070375.JPG,5200986,2024-12-07 11:33:56,moved
CT04,M5/101EK113,12070376.JPG,M5\101EK113\12070376.JPG,12070376.JPG,5024231,2024-12-07 11:33:56,moved
CT04,M5/101EK113,12070378.JPG,M5\101EK113\12070378.JPG,12070378.JPG,6111935,2024-12-07 13:57:48,moved
CT04,M5/101EK113,12070379.JPG,M5\101EK113\12070379.JPG,12070379.JPG,6079860,2024-12-07 13:57:51,moved
CT04,M5/101EK113,12070380.JPG,M5\101EK113\12070380.JPG,12070380.JPG,6083566,2024-12-07 13:57:50,moved
CT04,M5/101EK113,12070382.JPG,M5\101EK113\12070382.JPG,12070382.JPG,6073606,2024-12-07 15:06:36,moved
CT04,M5/101EK113,12070383.JPG,M5\101EK113\12070383.JPG,12070383.JPG,6048002,2024-12-07 15:06:39,moved
CT04,M5/101EK113,12070384.JPG,M5\101EK113\12070384.JPG,12070384.JPG,6023730,2024-12-07 15:06:38,moved
CT04,M5/101EK113,12070386.JPG,M5\101EK113\12070386.JPG,12070386.JPG,5979003,2024-12-07 15:18:32,moved
CT04,M5/101EK113,12070387.JPG,M5\101EK113\12070387.JPG,12070387.JPG,5964276,2024-12-07 15:18:32,moved
CT04,M5/101EK113,12070388.JPG,M5\101EK113\12070388.JPG,12070388.JPG,5985879,2024-12-07 15:18:35,moved
CT04,M5/101EK113,12070390.JPG,M5\101EK113\12070390.JPG,12070390.JPG,6002314,2024-12-07 17:08:52,moved
CT04,M5/101EK113,12070391.JPG,M5\101EK113\12070391.JPG,12070391.JPG,5939645,2024-12-07 17:08:55,moved
CT04,M5/101EK113,12070392.JPG,M5\101EK113\12070392.JPG,12070392.JPG,5934349,2024-12-07 17:08:54,moved
CT04,M5/101EK113,12080394.JPG,M5\101EK113\12080394.JPG,12080394.JPG,5500835,2024-12-08 08:47:16,moved
CT04,M5/101EK113,12080395.JPG,M5\101EK113\12080395.JPG,12080395.JPG,5493539,2024-12-08 08:47:19,moved
CT04,M5/101EK113,12080396.JPG,M5\101EK113\12080396.JPG,12080396.JPG,5380749,2025-02-06 09:27:49,moved
CT04,M5/101EK113,12080398.JPG,M5\101EK113\12080398.JPG,12080398.JPG,5622074,2025-02-06 09:27:49,moved
CT04,M5/101EK113,12080399.JPG,M5\101EK113\12080399.JPG,12080399.JPG,5603881,2025-02-06 09:27:50,moved
CT04,M5/101EK113,12080400.JPG,M5\101EK113\12080400.JPG,12080400.JPG,5584442,2025-02-06 09:27:50,moved
CT04,M5/101EK113,12080402.JPG,M5\101EK113\12080402.JPG,12080402.JPG,5440334,2024-12-08 08:58:18,moved
CT04,M5/101EK113,12080403.JPG,M5\101EK113\12080403.JPG,12080403.JPG,5417027,2024-12-08 08:58:18,moved
CT04,M5/101EK113,12080404.JPG,M5\101EK113\12080404.JPG,12080404.JPG,5414805,2024-12-08 08:58:21,moved
CT04,M5/101EK113,12080406.JPG,M5\101EK113\12080406.JPG,12080406.JPG,5339702,2024-12-08 08:59:38,moved
CT04,M5/101EK113,12080407.JPG,M5\101EK113\12080407.JPG,12080407.JPG,5367872,2024-12-08 08:59:38,moved
CT04,M5/101EK113,12080408.JPG,M5\101EK113\12080408.JPG,12080408.JPG,5358574,2024-12-08 08:59:40,moved
CT04,M5/101EK113,12080410.JPG,M5\101EK113\12080410.JPG,12080410.JPG,5335560,2024-12-08 09:00:26,moved
CT04,M5/101EK113,12080411.JPG,M5\101EK113\12080411.JPG,12080411.JPG,5312562,2024-12-08 09:00:28,moved
CT04,M5/101EK113,12080412.JPG,M5\101EK113\12080412.JPG,12080412.JPG,5312730,2025-02-06 09:27:52,moved
CT04,M5/101EK113,12080414.JPG,M5\101EK113\12080414.JPG,12080414.JPG,5336843,2025-02-06 09:27:50,moved
CT04,M5/101EK113,12080415.JPG,M5\101EK113\12080415.JPG,12080415.JPG,5337097,2024-12-08 09:01:58,moved
CT04,M5/101EK113,12080416.JPG,M5\101EK113\12080416.JPG,12080416.JPG,5230597,2024-12-08 09:02:00,moved
CT04,M5/101EK113,12080418.JPG,M5\101EK113\12080418.JPG,12080418.JPG,4812762,2025-02-06 09:27:51,moved
CT04,M5/101EK113,12080419.JPG,M5\101EK113\12080419.JPG,12080419.JPG,4816651,2025-02-06 09:27:51,moved
CT04,M5/101EK113,12080420.JPG,M5\101EK113\12080420.JPG,12080420.JPG,4923580,2024-12-08 10:15:42,moved
CT04,M5/101EK113,12080422.JPG,M5\101EK113\12080422.JPG,12080422.JPG,4568292,2024-12-08 10:20:30,moved
CT04,M5/101EK113,12080423.JPG,M5\101EK113\12080423.JPG,12080423.JPG,4755068,2025-02-06 09:27:51,moved
CT04,M5/101EK113,12080424.JPG,M5\101EK113\12080424.JPG,12080424.JPG,4795763,2025-02-06 09:27:51,moved
CT04,M5/101EK113,12080426.JPG,M5\101EK113\12080426.JPG,12080426.JPG,4768200,2025-02-06 09:27:52,moved
CT04,M5/101EK113,12080427.JPG,M5\101EK113\12080427.JPG,12080427.JPG,4755458,2025-02-06 09:27:52,moved
CT04,M5/101EK113,12080428.JPG,M5\101EK113\12080428.JPG,12080428.JPG,4759035,2024-12-08 10:21:02,moved
CT04,M5/101EK113,12080430.JPG,M5\101EK113\12080430.JPG,12080430.JPG,4846502,2024-12-08 10:23:12,moved
CT04,M5/101EK113,12080431.JPG,M5\101EK113\12080431.JPG,12080431.JPG,4757848,2024-12-08 10:23:12,moved
CT04,M5/101EK113,12080432.JPG,M5\101EK113\12080432.JPG,12080432.JPG,4805450,2024-12-08 10:23:15,moved
CT04,M5/101EK113,12080434.JPG,M5\101EK113\12080434.JPG,12080434.JPG,4772910,2024-12-08 10:24:56,moved
CT04,M5/101EK113,12080435.JPG,M5\101EK113\12080435.JPG,12080435.JPG,4752443,2024-12-08 10:24:56,moved
CT04,M5/101EK113,12080436.JPG,M5\101EK113\12080436.JPG,12080436.JPG,4769481,2024-12-08 10:24:56,moved
CT04,M5/101EK113,12080438.JPG,M5\101EK113\12080438.JPG,12080438.JPG,4801118,2024-12-08 10:32:52,moved
CT04,M5/101EK113,12080439.JPG,M5\101EK113\12080439.JPG,12080439.JPG,4793996,2024-12-08 10:32:52,moved
CT04,M5/101EK113,12080440.JPG,M5\101EK113\12080440.JPG,12080440.JPG,4801690,2024-12-08 10:32:52,moved
CT04,M5/101EK113,12080442.JPG,M5\101EK113\12080442.JPG,12080442.JPG,4730743,2024-12-08 10:35:26,moved
CT04,M5/101EK113,12080443.JPG,M5\101EK113\12080443.JPG,12080443.JPG,4795440,2024-12-08 10:35:28,moved
CT04,M5/101EK113,12080444.JPG,M5\101EK113\12080444.JPG,12080444.JPG,4835967,2024-12-08 10:35:28,moved
CT04,M5/101EK113,12080446.JPG,M5\101EK113\12080446.JPG,12080446.JPG,4767872,2024-12-08 10:38:50,moved
CT04,M5/101EK113,12080447.JPG,M5\101EK113\12080447.JPG,12080447.JPG,4778614,2024-12-08 10:38:50,moved
CT04,M5/101EK113,12080448.JPG,M5\101EK113\12080448.JPG,12080448.JPG,4792652,2024-12-08 10:38:52,moved
CT04,M5/101EK113,12080450.JPG,M5\101EK113\12080450.JPG,12080450.JPG,4832456,2024-12-08 10:51:26,moved
CT04,M5/101EK113,12080451.JPG,M5\101EK113\12080451.JPG,12080451.JPG,4887344,2024-12-08 10:51:26,moved
CT04,M5/101EK113,12080452.JPG,M5\101EK113\12080452.JPG,12080452.JPG,4922095,2025-02-06 09:27:52,moved
CT04,M5/101EK113,12080454.JPG,M5\101EK113\12080454.JPG,12080454.JPG,4880431,2025-02-06 09:27:54,moved
CT04,M5/101EK113,12080455.JPG,M5\101EK113\12080455.JPG,12080455.JPG,4875206,2024-12-08 10:55:10,moved
CT04,M5/101EK113,12080456.JPG,M5\101EK113\12080456.JPG,12080456.JPG,4880104,2024-12-08 10:55:12,moved
CT04,M5/101EK113,12080458.JPG,M5\101EK113\12080458.JPG,12080458.JPG,5024140,2024-12-08 11:10:00,moved
CT04,M5/101EK113,12080459.JPG,M5\101EK113\12080459.JPG,12080459.JPG,5011502,2024-12-08 11:10:00,moved
CT04,M5/101EK113,12080460.JPG,M5\101EK113\12080460.JPG,12080460.JPG,4943257,2024-12-08 11:10:03,moved
CT04,M5/101EK113,12080462.JPG,M5\101EK113\12080462.JPG,12080462.JPG,5239269,2024-12-08 11:38:40,moved
CT04,M5/101EK113,12080463.JPG,M5\101EK113\12080463.JPG,12080463.JPG,5372300,2024-12-08 11:38:42,moved
CT04,M5/101EK113,12080464.JPG,M5\101EK113\12080464.JPG,12080464.JPG,5357241,2024-12-08 11:38:42,moved
CT04,M5/101EK113,12080466.JPG,M5\101EK113\12080466.JPG,12080466.JPG,5298146,2024-12-08 11:40:50,moved
CT04,M5/101EK113,12080467.JPG,M5\101EK113\12080467.JPG,12080467.JPG,5369617,2024-12-08 11:40:50,moved
CT04,M5/101EK113,12080468.JPG,M5\101EK113\12080468.JPG,12080468.JPG,5370609,2024-12-08 11:40:50,moved
CT04,M5/101EK113,12080470.JPG,M5\101EK113\12080470.JPG,12080470.JPG,5326308,2024-12-08 11:51:38,moved
CT04,M5/101EK113,12080471.JPG,M5\101EK113\12080471.JPG,12080471.JPG,5626120,2024-12-08 11:51:38,moved
CT04,M5/101EK113,12080472.JPG,M5\101EK113\12080472.JPG,12080472.JPG,5563614,2024-12-08 11:51:40,moved
CT04,M5/101EK113,12080474.JPG,M5\101EK113\12080474.JPG,12080474.JPG,5743948,2024-12-08 12:03:12,moved
CT04,M5/101EK113,12080475.JPG,M5\101EK113\12080475.JPG,12080475.JPG,5606034,2024-12-08 12:03:12,moved
CT04,M5/101EK113,12080476.JPG,M5\101EK113\12080476.JPG,12080476.JPG,5752805,2024-12-08 12:03:12,moved
CT04,M5/101EK113,12080478.JPG,M5\101EK113\12080478.JPG,12080478.JPG,5882407,2024-12-08 12:13:24,moved
CT04,M5/101EK113,12080479.JPG,M5\101EK113\12080479.JPG,12080479.JPG,6085877,2024-12-08 12:13:24,moved
CT04,M5/101EK113,12080480.JPG,M5\101EK113\12080480.JPG,12080480.JPG,6077629,2024-12-08 12:13:26,moved
CT04,M5/101EK113,12080482.JPG,M5\101EK113\12080482.JPG,12080482.JPG,6048435,2024-12-08 13:36:02,moved
CT04,M5/101EK113,12080483.JPG,M5\101EK113\12080483.JPG,12080483.JPG,6037302,2024-12-08 13:36:05,moved
CT04,M5/101EK113,12080484.JPG,M5\101EK113\12080484.JPG,12080484.JPG,6061453,2025-02-06 09:27:53,moved
CT04,M5/101EK113,12080486.JPG,M5\101EK113\12080486.JPG,12080486.JPG,6116715,2025-02-06 09:27:56,moved
CT04,M5/101EK113,12080487.JPG,M5\101EK113\12080487.JPG,12080487.JPG,6135225,2024-12-08 13:45:42,moved
CT04,M5/101EK113,12080488.JPG,M5\101EK113\12080488.JPG,12080488.JPG,6130931,2024-12-08 13:45:44,moved
CT04,M5/101EK113,12080490.JPG,M5\101EK113\12080490.JPG,12080490.JPG,6059114,2025-02-06 09:27:55,moved
CT04,M5/101EK113,12080491.JPG,M5\101EK113\12080491.JPG,12080491.JPG,6124332,2025-02-06 09:27:56,moved
CT04,M5/101EK113,12080492.JPG,M5\101EK113\12080492.JPG,12080492.JPG,6142022,2024-12-08 14:00:58,moved
CT04,M5/101EK113,12080494.JPG,M5\101EK113\12080494.JPG,12080494.JPG,6086530,2024-12-08 14:13:43,moved
CT04,M5/101EK113,12080495.JPG,M5\101EK113\12080495.JPG,12080495.JPG,6102658,2024-12-08 14:13:42,moved
CT04,M5/101EK113,12080496.JPG,M5\101EK113\12080496.JPG,12080496.JPG,6073402,2024-12-08 14:13:42,moved
CT04,M5/101EK113,12080498.JPG,M5\101EK113\12080498.JPG,12080498.JPG,6180386,2024-12-08 14:15:40,moved
CT04,M5/101EK113,12080499.JPG,M5\101EK113\12080499.JPG,12080499.JPG,6051273,2024-12-08 14:15:42,moved
CT04,M5/101EK113,12080500.JPG,M5\101EK113\12080500.JPG,12080500.JPG,6194317,2024-12-08 14:15:42,moved
CT04,M5/101EK113,12080502.JPG,M5\101EK113\12080502.JPG,12080502.JPG,6176471,2024-12-08 14:25:40,moved
CT04,M5/101EK113,12080503.JPG,M5\101EK113\12080503.JPG,12080503.JPG,6201507,2024-12-08 14:25:40,moved
CT04,M5/101EK113,12080504.JPG,M5\101EK113\12080504.JPG,12080504.JPG,6202720,2024-12-08 14:25:40,moved
CT04,M5/101EK113,12080506.JPG,M5\101EK113\12080506.JPG,12080506.JPG,6069176,2025-02-06 09:27:55,moved
CT04,M5/101EK113,12080507.JPG,M5\101EK113\12080507.JPG,12080507.JPG,6139027,2025-02-06 09:27:56,moved
CT04,M5/101EK113,12080508.JPG,M5\101EK113\12080508.JPG,12080508.JPG,6074814,2024-12-08 14:44:52,moved
CT04,M5/101EK113,12080510.JPG,M5\101EK113\12080510.JPG,12080510.JPG,6104078,2024-12-08 15:00:42,moved
CT04,M5/101EK113,12080511.JPG,M5\101EK113\12080511.JPG,12080511.JPG,5987058,2025-02-06 09:27:56,moved
CT04,M5/101EK113,12080512.JPG,M5\101EK113\12080512.JPG,12080512.JPG,6008653,2025-02-06 09:27:57,moved
CT04,M5/101EK113,12080514.JPG,M5\101EK113\12080514.JPG,12080514.JPG,6084822,2024-12-08 15:02:08,moved
CT04,M5/101EK113,12080515.JPG,M5\101EK113\12080515.JPG,12080515.JPG,6043890,2024-12-08 15:02:10,moved
CT04,M5/101EK113,12080516.JPG,M5\101EK113\12080516.JPG,12080516.JPG,6049260,2024-12-08 15:02:10,moved
CT04,M5/101EK113,12080518.JPG,M5\101EK113\12080518.JPG,12080518.JPG,6131751,2024-12-08 15:06:40,moved
CT04,M5/101EK113,12080519.JPG,M5\101EK113\12080519.JPG,12080519.JPG,6138077,2024-12-08 15:06:43,moved
CT04,M5/101EK113,12080520.JPG,M5\101EK113\12080520.JPG,12080520.JPG,6181993,2024-12-08 15:06:42,moved
CT04,M5/101EK113,12080522.JPG,M5\101EK113\12080522.JPG,12080522.JPG,6071171,2024-12-08 15:10:44,moved
CT04,M5/101EK113,12080523.JPG,M5\101EK113\12080523.JPG,12080523.JPG,6117750,2024-12-08 15:10:44,moved
CT04,M5/101EK113,12080524.JPG,M5\101EK113\12080524.JPG,12080524.JPG,6119265,2024-12-08 15:10:46,moved
CT04,M5/101EK113,12080526.JPG,M5\101EK113\12080526.JPG,12080526.JPG,6050236,2024-12-08 15:15:56,moved
CT04,M5/101EK113,12080527.JPG,M5\101EK113\12080527.JPG,12080527.JPG,6197025,2024-12-08 15:15:56,moved
CT04,M5/101EK113,12080528.JPG,M5\101EK113\12080528.JPG,12080528.JPG,6159905,2024-12-08 15:15:58,moved
CT04,M5/101EK113,12080530.JPG,M5\101EK113\12080530.JPG,12080530.JPG,6155637,2024-12-08 15:16:54,moved
CT04,M5/101EK113,12080531.JPG,M5\101EK113\12080531.JPG,12080531.JPG,6162313,2024-12-08 15:16:54,moved
CT04,M5/101EK113,12080532.JPG,M5\101EK113\12080532.JPG,12080532.JPG,6173384,2024-12-08 15:16:56,moved
CT04,M5/101EK113,12080534.JPG,M5\101EK113\12080534.JPG,12080534.JPG,6145505,2024-12-08 15:17:20,moved
CT04,M5/101EK113,12080535.JPG,M5\101EK113\12080535.JPG,12080535.JPG,6155363,2024-12-08 15:17:20,moved
CT04,M5/101EK113,12080536.JPG,M5\101EK113\12080536.JPG,12080536.JPG,6160189,2024-12-08 15:17:20,moved
CT04,M5/101EK113,12080538.JPG,M5\101EK113\12080538.JPG,12080538.JPG,6188252,2024-12-08 15:25:43,moved
CT04,M5/101EK113,12080539.JPG,M5\101EK113\12080539.JPG,12080539.JPG,6194010,2024-12-08 15:25:42,moved
CT04,M5/101EK113,12080540.JPG,M5\101EK113\12080540.JPG,12080540.JPG,6188400,2024-12-08 15:25:42,moved
CT04,M5/101EK113,12080542.JPG,M5\101EK113\12080542.JPG,12080542.JPG,6181991,2024-12-08 15:27:31,moved
CT04,M5/101EK113,12080543.JPG,M5\101EK113\12080543.JPG,12080543.JPG,6163782,2024-12-08 15:27:30,moved
CT04,M5/101EK113,12080544.JPG,M5\101EK113\12080544.JPG,12080544.JPG,6178460,2024-12-08 15:27:30,moved
CT04,M5/101EK113,12080546.JPG,M5\101EK113\12080546.JPG,12080546.JPG,6190588,2024-12-08 15:39:08,moved
CT04,M5/101EK113,12080547.JPG,M5\101EK113\12080547.JPG,12080547.JPG,6206717,2024-12-08 15:39:10,moved
CT04,M5/101EK113,12080548.JPG,M5\101EK113\12080548.JPG,12080548.JPG,6156822,2024-12-08 15:39:10,moved
CT04,M5/101EK113,12080550.JPG,M5\101EK113\12080550.JPG,12080550.JPG,6165062,2024-12-08 15:42:32,moved
CT04,M5/101EK113,12080551.JPG,M5\101EK113\12080551.JPG,12080551.JPG,6159204,2024-12-08 15:42:35,moved
CT04,M5/101EK113,12080552.JPG,M5\101EK113\12080552.JPG,12080552.JPG,6173050,2024-12-08 15:42:34,moved
CT04,M5/101EK113,12080554.JPG,M5\101EK113\12080554.JPG,12080554.JPG,5953602,2024-12-08 15:42:56,moved
CT04,M5/101EK113,12080555.JPG,M5\101EK113\12080555.JPG,12080555.JPG,6075632,2024-12-08 15:42:56,moved
CT04,M5/101EK113,12080556.JPG,M5\101EK113\12080556.JPG,12080556.JPG,6112725,2024-12-08 15:42:58,moved
CT04,M5/101EK113,12080558.JPG,M5\101EK113\12080558.JPG,12080558.JPG,6254449,2024-12-08 15:43:30,moved
CT04,M5/101EK113,12080559.JPG,M5\101EK113\12080559.JPG,12080559.JPG,6185267,2024-12-08 15:43:32,moved
CT04,M5/101EK113,12080560.JPG,M5\101EK113\12080560.JPG,12080560.JPG,6167091,2024-12-08 15:43:32,moved
CT04,M5/101EK113,12080562.JPG,M5\101EK113\12080562.JPG,12080562.JPG,6204019,2024-12-08 15:44:44,moved
CT04,M5/101EK113,12080563.JPG,M5\101EK113\12080563.JPG,12080563.JPG,6151236,2024-12-08 15:44:47,moved
CT04,M5/101EK113,12080564.JPG,M5\101EK113\12080564.JPG,12080564.JPG,6205017,2024-12-08 15:44:46,moved
CT04,M5/101EK113,12080566.JPG,M5\101EK113\12080566.JPG,12080566.JPG,6133657,2024-12-08 16:29:20,moved
CT04,M5/101EK113,12080567.JPG,M5\101EK113\12080567.JPG,12080567.JPG,6112772,2024-12-08 16:29:20,moved
CT04,M5/101EK113,12080568.JPG,M5\101EK113\12080568.JPG,12080568.JPG,6108613,2024-12-08 16:29:22,moved
CT04,M5/101EK113,12080570.JPG,M5\101EK113\12080570.JPG,12080570.JPG,5953186,2024-12-08 16:29:52,moved
CT04,M5/101EK113,12080571.JPG,M5\101EK113\12080571.JPG,12080571.JPG,5954357,2024-12-08 16:29:52,moved
CT04,M5/101EK113,12080572.JPG,M5\101EK113\12080572.JPG,12080572.JPG,6068268,2024-12-08 16:29:55,moved
CT04,M5/101EK113,12080574.JPG,M5\101EK113\12080574.JPG,12080574.JPG,6070949,2024-12-08 16:32:04,moved
CT04,M5/101EK113,12080575.JPG,M5\101EK113\12080575.JPG,12080575.JPG,5974279,2024-12-08 16:32:06,moved
CT04,M5/101EK113,12080576.JPG,M5\101EK113\12080576.JPG,12080576.JPG,6077056,2024-12-08 16:32:06,moved
CT04,M5/101EK113,12080578.JPG,M5\101EK113\12080578.JPG,12080578.JPG,6144252,2025-02-06 09:27:57,moved
CT04,M5/101EK113,12080579.JPG,M5\101EK113\12080579.JPG,12080579.JPG,5989876,2025-02-06 09:27:57,moved
CT04,M5/101EK113,12080580.JPG,M5\101EK113\12080580.JPG,12080580.JPG,6151916,2024-12-08 16:33:50,moved
CT04,M5/101EK113,12080582.JPG,M5\101EK113\12080582.JPG,12080582.JPG,6184460,2024-12-08 16:36:34,moved
CT04,M5/101EK113,12080583.JPG,M5\101EK113\12080583.JPG,12080583.JPG,6190030,2024-12-08 16:36:37,moved
CT04,M5/101EK113,12080584.JPG,M5\101EK113\12080584.JPG,12080584.JPG,6175139,2024-12-08 16:36:36,moved
CT04,M5/101EK113,12080586.JPG,M5\101EK113\12080586.JPG,12080586.JPG,6205222,2024-12-08 16:37:16,moved
CT04,M5/101EK113,12080587.JPG,M5\101EK113\12080587.JPG,12080587.JPG,6219848,2024-12-08 16:37:16,moved
CT04,M5/101EK113,12080588.JPG,M5\101EK113\12080588.JPG,12080588.JPG,6111567,2024-12-08 16:37:16,moved
CT04,M5/101EK113,12090590.JPG,M5\101EK113\12090590.JPG,12090590.JPG,5131604,2024-12-09 08:30:24,moved
CT04,M5/101EK113,12090591.JPG,M5\101EK113\12090591.JPG,12090591.JPG,5157200,2024-12-09 08:30:26,moved
CT04,M5/101EK113,12090592.JPG,M5\101EK113\12090592.JPG,12090592.JPG,5165008,2024-12-09 08:30:26,moved
CT04,M5/101EK113,12090594.JPG,M5\101EK113\12090594.JPG,12090594.JPG,5124205,2024-12-09 08:35:04,moved
CT04,M5/101EK113,12090595.JPG,M5\101EK113\12090595.JPG,12090595.JPG,5126978,2024-12-09 08:35:04,moved
CT04,M5/101EK113,12090596.JPG,M5\101EK113\12090596.JPG,12090596.JPG,5335860,2025-02-06 10:01:45,moved
CT04,M5/101EK113,12090598.JPG,M5\101EK113\12090598.JPG,12090598.JPG,5212991,2025-02-06 10:01:48,moved
CT04,M5/101EK113,12090599.JPG,M5\101EK113\12090599.JPG,12090599.JPG,5211179,2024-12-09 08:37:30,moved
CT04,M5/101EK113,12090600.JPG,M5\101EK113\12090600.JPG,12090600.JPG,5197912,2024-12-09 08:37:32,moved
CT04,M5/101EK113,12090602.JPG,M5\101EK113\12090602.JPG,12090602.JPG,5241031,2024-12-09 08:37:59,moved
CT04,M5/101EK113,12090603.JPG,M5\101EK113\12090603.JPG,12090603.JPG,5460469,2024-12-09 08:37:58,moved
CT04,M5/101EK113,12090604.JPG,M5\101EK113\12090604.JPG,12090604.JPG,5233353,2024-12-09 08:37:58,moved
CT04,M5/101EK113,12090606.JPG,M5\101EK113\12090606.JPG,12090606.JPG,5297702,2024-12-09 08:38:38,moved
CT04,M5/101EK113,12090607.JPG,M5\101EK113\12090607.JPG,12090607.JPG,5294797,2024-12-09 08:38:38,moved
CT04,M5/101EK113,12090608.JPG,M5\101EK113\12090608.JPG,12090608.JPG,5301838,2024-12-09 08:38:38,moved
CT04,M5/101EK113,12090610.JPG,M5\101EK113\12090610.JPG,12090610.JPG,5442262,2024-12-09 08:40:12,moved
CT04,M5/101EK113,12090611.JPG,M5\101EK113\12090611.JPG,12090611.JPG,5439269,2024-12-09 08:40:14,moved
CT04,M5/101EK113,12090612.JPG,M5\101EK113\12090612.JPG,12090612.JPG,5441727,2024-12-09 08:40:14,moved
CT04,M5/101EK113,12090614.JPG,M5\101EK113\12090614.JPG,12090614.JPG,5470677,2024-12-09 08:40:36,moved
CT04,M5/101EK113,12090615.JPG,M5\101EK113\12090615.JPG,12090615.JPG,5477150,2024-12-09 08:40:36,moved
CT04,M5/101EK113,12090616.JPG,M5\101EK113\12090616.JPG,12090616.JPG,5369410,2024-12-09 08:40:36,moved
CT04,M5/101EK113,12090618.JPG,M5\101EK113\12090618.JPG,12090618.JPG,5412190,2024-12-09 08:40:56,moved
CT04,M5/101EK113,12090619.JPG,M5\101EK113\12090619.JPG,12090619.JPG,5407651,2024-12-09 08:40:58,moved
CT04,M5/101EK113,12090620.JPG,M5\101EK113\12090620.JPG,12090620.JPG,5398868,2024-12-09 08:40:58,moved
CT04,M5/101EK113,12090622.JPG,M5\101EK113\12090622.JPG,12090622.JPG,5418978,2024-12-09 08:41:18,moved
CT04,M5/101EK113,12090623.JPG,M5\101EK113\12090623.JPG,12090623.JPG,5524451,2024-12-09 08:41:20,moved
CT04,M5/101EK113,12090624.JPG,M5\101EK113\12090624.JPG,12090624.JPG,5520625,2024-12-09 08:41:20,moved
CT04,M5/101EK113,12090626.JPG,M5\101EK113\12090626.JPG,12090626.JPG,5447454,2024-12-09 08:41:47,moved
CT04,M5/101EK113,12090627.JPG,M5\101EK113\12090627.JPG,12090627.JPG,5552083,2024-12-09 08:41:46,moved
CT04,M5/101EK113,12090628.JPG,M5\101EK113\12090628.JPG,12090628.JPG,5548159,2024-12-09 08:41:46,moved
CT04,M5/101EK113,12090630.JPG,M5\101EK113\12090630.JPG,12090630.JPG,5484340,2024-12-09 08:42:58,moved
CT04,M5/101EK113,12090631.JPG,M5\101EK113\12090631.JPG,12090631.JPG,5587380,2024-12-09 08:43:00,moved
CT04,M5/101EK113,12090632.JPG,M5\101EK113\12090632.JPG,12090632.JPG,5482840,2024-12-09 08:43:00,moved
CT04,M5/101EK113,12090634.JPG,M5\101EK113\12090634.JPG,12090634.JPG,5497036,2024-12-09 08:43:21,moved
CT04,M5/101EK113,12090635.JPG,M5\101EK113\12090635.JPG,12090635.JPG,5484545,2024-12-09 08:43:20,moved
CT04,M5/101EK113,12090636.JPG,M5\101EK113\12090636.JPG,12090636.JPG,5489411,2024-12-09 08:43:20,moved
CT04,M5/101EK113,12090638.JPG,M5\101EK113\12090638.JPG,12090638.JPG,5605231,2024-12-09 08:43:43,moved
CT04,M5/101EK113,12090639.JPG,M5\101EK113\12090639.JPG,12090639.JPG,5601579,2024-12-09 08:43:42,moved
CT04,M5/101EK113,12090640.JPG,M5\101EK113\12090640.JPG,12090640.JPG,5508681,2024-12-09 08:43:42,moved
CT04,M5/101EK113,12090642.JPG,M5\101EK113\12090642.JPG,12090642.JPG,5513245,2024-12-09 08:44:03,moved
CT04,M5/101EK113,12090643.JPG,M5\101EK113\12090643.JPG,12090643.JPG,5514984,2024-12-09 08:44:02,moved
CT04,M5/101EK113,12090644.JPG,M5\101EK113\12090644.JPG,12090644.JPG,5520554,2024-12-09 08:44:02,moved
CT04,M5/101EK113,12090646.JPG,M5\101EK113\12090646.JPG,12090646.JPG,5545101,2024-12-09 08:44:38,moved
CT04,M5/101EK113,12090647.JPG,M5\101EK113\12090647.JPG,12090647.JPG,5642138,2025-02-06 10:01:52,moved
CT04,M5/101EK113,12090648.JPG,M5\101EK113\12090648.JPG,12090648.JPG,5531296,2025-02-06 10:01:52,moved
CT04,M5/101EK113,12090650.JPG,M5\101EK113\12090650.JPG,12090650.JPG,5569662,2024-12-09 08:45:32,moved
CT04,M5/101EK113,12090651.JPG,M5\101EK113\12090651.JPG,12090651.JPG,5577819,2024-12-09 08:45:34,moved
CT04,M5/101EK113,12090652.JPG,M5\101EK113\12090652.JPG,12090652.JPG,5577295,2024-12-09 08:45:34,moved
CT04,M5/101EK113,12090654.JPG,M5\101EK113\12090654.JPG,12090654.JPG,5591229,2024-12-09 08:46:26,moved
CT04,M5/101EK113,12090655.JPG,M5\101EK113\12090655.JPG,12090655.JPG,5596117,2024-12-09 08:46:26,moved
CT04,M5/101EK113,12090656.JPG,M5\101EK113\12090656.JPG,12090656.JPG,5594966,2024-12-09 08:46:29,moved
CT04,M5/101EK113,12090658.JPG,M5\101EK113\12090658.JPG,12090658.JPG,5609651,2025-02-06 10:01:53,moved
CT04,M5/101EK113,12090659.JPG,M5\101EK113\12090659.JPG,12090659.JPG,5605775,2025-02-06 10:01:53,moved
CT04,M5/101EK113,12090660.JPG,M5\101EK113\12090660.JPG,12090660.JPG,5614872,2024-12-09 08:46:59,moved
CT04,M5/101EK113,12090662.JPG,M5\101EK113\12090662.JPG,12090662.JPG,5625461,2024-12-09 08:47:26,moved
CT04,M5/101EK113,12090663.JPG,M5\101EK113\12090663.JPG,12090663.JPG,5623663,2024-12-09 08:47:26,moved
CT04,M5/101EK113,12090664.JPG,M5\101EK113\12090664.JPG,12090664.JPG,5640764,2024-12-09 08:47:28,moved
CT04,M5/101EK113,12090666.JPG,M5\101EK113\12090666.JPG,12090666.JPG,5645046,2025-02-06 10:04:01,moved
CT04,M5/101EK113,12090667.JPG,M5\101EK113\12090667.JPG,12090667.JPG,5643855,2025-02-06 10:04:04,moved
CT04,M5/101EK113,12090668.JPG,M5\101EK113\12090668.JPG,12090668.JPG,5638582,2024-12-09 08:47:52,moved
CT04,M5/101EK113,12090670.JPG,M5\101EK113\12090670.JPG,12090670.JPG,5666787,2024-12-09 08:48:34,moved
CT04,M5/101EK113,12090671.JPG,M5\101EK113\12090671.JPG,12090671.JPG,5657560,2024-12-09 08:48:34,moved
CT04,M5/101EK113,12090672.JPG,M5\101EK113\12090672.JPG,12090672.JPG,5662427,2024-12-09 08:48:36,moved
CT04,M5/101EK113,12090674.JPG,M5\101EK113\12090674.JPG,12090674.JPG,5684717,2024-12-09 08:49:20,moved
CT04,M5/101EK113,12090675.JPG,M5\101EK113\12090675.JPG,12090675.JPG,5690253,2024-12-09 08:49:20,moved
CT04,M5/101EK113,12090676.JPG,M5\101EK113\12090676.JPG,12090676.JPG,5676353,2025-02-06 10:07:28,moved
CT04,M5/101EK113,12090678.JPG,M5\101EK113\12090678.JPG,12090678.JPG,5707740,2025-02-06 10:10:57,moved
CT04,M5/101EK113,12090679.JPG,M5\101EK113\12090679.JPG,12090679.JPG,5713238,2024-12-09 08:49:56,moved
CT04,M5/101EK113,12090680.JPG,M5\101EK113\12090680.JPG,12090680.JPG,5706935,2024-12-09 08:49:56,moved
CT04,M5/101EK113,12090682.JPG,M5\101EK113\12090682.JPG,12090682.JPG,5733855,2024-12-09 08:50:32,moved
CT04,M5/101EK113,12090683.JPG,M5\101EK113\12090683.JPG,12090683.JPG,5727009,2024-12-09 08:50:32,moved
CT04,M5/101EK113,12090684.JPG,M5\101EK113\12090684.JPG,12090684.JPG,5729915,2025-02-06 10:11:13,moved
CT04,M5/101EK113,12090686.JPG,M5\101EK113\12090686.JPG,12090686.JPG,5734682,2025-02-06 10:11:24,moved
CT04,M5/101EK113,12090687.JPG,M5\101EK113\12090687.JPG,12090687.JPG,5728416,2024-12-09 08:51:32,moved
CT04,M5/101EK113,12090688.JPG,M5\101EK113\12090688.JPG,12090688.JPG,5716490,2024-12-09 08:51:34,moved
CT04,M5/101EK113,12090690.JPG,M5\101EK113\12090690.JPG,12090690.JPG,5731141,2024-12-09 08:51:54,moved
CT04,M5/101EK113,12090691.JPG,M5\101EK113\12090691.JPG,12090691.JPG,5725555,2024-12-09 08:51:54,moved
CT04,M5/101EK113,12090692.JPG,M5\101EK113\12090692.JPG,12090692.JPG,5747706,2024-12-09 08:51:56,moved
CT04,M5/101EK113,12090694.JPG,M5\101EK113\12090694.JPG,12090694.JPG,5750524,2024-12-09 08:52:24,moved
CT04,M5/101EK113,12090695.JPG,M5\101EK113\12090695.JPG,12090695.JPG,5753153,2025-02-06 10:11:48,moved
CT04,M5/101EK113,12090696.JPG,M5\101EK113\12090696.JPG,12090696.JPG,5758308,2025-02-06 10:11:48,moved
CT04,M5/101EK113,12090698.JPG,M5\101EK113\12090698.JPG,12090698.JPG,5763624,2024-12-09 08:52:44,moved
CT04,M5/101EK113,12090699.JPG,M5\101EK113\12090699.JPG,12090699.JPG,5743017,2024-12-09 08:52:46,moved
CT04,M5/101EK113,12090700.JPG,M5\101EK113\12090700.JPG,12090700.JPG,5760865,2024-12-09 08:52:46,moved
CT04,M5/101EK113,12090702.JPG,M5\101EK113\12090702.JPG,12090702.JPG,5654480,2024-12-09 08:53:24,moved
CT04,M5/101EK113,12090703.JPG,M5\101EK113\12090703.JPG,12090703.JPG,5651444,2024-12-09 08:53:24,moved
CT04,M5/101EK113,12090704.JPG,M5\101EK113\12090704.JPG,12090704.JPG,5759955,2024-12-09 08:53:24,moved
CT04,M5/101EK113,12090706.JPG,M5\101EK113\12090706.JPG,12090706.JPG,5761431,2025-02-06 10:12:25,moved
CT04,M5/101EK113,12090707.JPG,M5\101EK113\12090707.JPG,12090707.JPG,5763843,2025-02-06 10:12:25,moved
CT04,M5/101EK113,12090708.JPG,M5\101EK113\12090708.JPG,12090708.JPG,5760528,2025-02-06 10:12:25,moved
CT04,M5/101EK113,12090710.JPG,M5\101EK113\12090710.JPG,12090710.JPG,5797836,2025-02-06 10:12:40,moved
CT04,M5/101EK113,12090711.JPG,M5\101EK113\12090711.JPG,12090711.JPG,5694205,2025-02-06 10:12:40,moved
CT04,M5/101EK113,12090712.JPG,M5\101EK113\12090712.JPG,12090712.JPG,5770735,2025-02-06 10:12:41,moved
CT04,M5/101EK113,12090714.JPG,M5\101EK113\12090714.JPG,12090714.JPG,5691473,2025-02-06 10:12:56,moved
CT04,M5/101EK113,12090715.JPG,M5\101EK113\12090715.JPG,12090715.JPG,5790300,2025-02-06 10:12:56,moved
CT04,M5/101EK113,12090716.JPG,M5\101EK113\12090716.JPG,12090716.JPG,0,2024-12-09 08:55:56,moved
CT04,M5/101EK113,12090718.JPG,M5\101EK113\12090718.JPG,12090718.JPG,0,2024-12-09 08:56:42,moved
CT04,M5/101EK113,12090719.JPG,M5\101EK113\12090719.JPG,12090719.JPG,0,2024-12-09 08:56:42,moved
CT04,M5/101EK113,12090720.JPG,M5\101EK113\12090720.JPG,12090720.JPG,5769328,2025-02-06 10:13:08,moved
CT04,M5/101EK113,12090722.JPG,M5\101EK113\12090722.JPG,12090722.JPG,5708545,2025-02-06 10:13:20,moved
CT04,M5/101EK113,12090723.JPG,M5\101EK113\12090723.JPG,12090723.JPG,5712209,2025-02-06 10:13:20,moved
CT04,M5/101EK113,12090724.JPG,M5\101EK113\12090724.JPG,12090724.JPG,5734518,2024-12-09 08:57:56,moved
CT04,M5/101EK113,12090726.JPG,M5\101EK113\12090726.JPG,12090726.JPG,5400718,2024-12-09 08:59:48,moved
CT04,M5/101EK113,12090727.JPG,M5\101EK113\12090727.JPG,12090727.JPG,5396096,2025-02-06 10:13:33,moved
CT04,M5/101EK113,12090728.JPG,M5\101EK113\12090728.JPG,12090728.JPG,5379474,2025-02-06 10:13:33,moved
CT04,M5/101EK113,12090730.JPG,M5\101EK113\12090730.JPG,12090730.JPG,5385412,2025-02-06 10:13:47,moved
CT04,M5/101EK113,12090731.JPG,M5\101EK113\12090731.JPG,12090731.JPG,5376898,2025-02-06 10:13:47,moved
CT04,M5/101EK113,12090732.JPG,M5\101EK113\12090732.JPG,12090732.JPG,5373445,2025-02-06 10:13:47,moved
CT04,M5/101EK113,12090734.JPG,M5\101EK113\12090734.JPG,12090734.JPG,5441701,2025-02-06 10:13:58,moved
CT04,M5/101EK113,12090735.JPG,M5\101EK113\12090735.JPG,12090735.JPG,5452098,2025-02-06 10:13:58,moved
CT04,M5/101EK113,12090736.JPG,M5\101EK113\12090736.JPG,12090736.JPG,5418486,2025-02-06 10:13:58,moved
CT04,M5/101EK113,12090738.JPG,M5\101EK113\12090738.JPG,12090738.JPG,5357000,2024-12-09 09:03:14,moved
CT04,M5/101EK113,12090739.JPG,M5\101EK113\12090739.JPG,12090739.JPG,5365707,2024-12-09 09:03:14,moved
CT04,M5/101EK113,12090740.JPG,M5\101EK113\12090740.JPG,12090740.JPG,5355741,2024-12-09 09:03:16,moved
CT04,M5/101EK113,12090742.JPG,M5\101EK113\12090742.JPG,12090742.JPG,5366865,2024-12-09 09:04:32,moved
CT04,M5/101EK113,12090743.JPG,M5\101EK113\12090743.JPG,12090743.JPG,5371458,2024-12-09 09:04:32,moved
CT04,M5/101EK113,12090744.JPG,M5\101EK113\12090744.JPG,12090744.JPG,5371832,2024-12-09 09:04:35,moved
CT04,M5/101EK113,12090746.JPG,M5\101EK113\12090746.JPG,12090746.JPG,5378126,2024-12-09 09:04:54,moved
CT04,M5/101EK113,12090747.JPG,M5\101EK113\12090747.JPG,12090747.JPG,5377651,2024-12-09 09:04:54,moved
CT04,M5/101EK113,12090748.JPG,M5\101EK113\12090748.JPG,12090748.JPG,5389690,2025-02-06 10:14:00,moved
CT04,M5/101EK113,12090750.JPG,M5\101EK113\12090750.JPG,12090750.JPG,5362308,2025-02-06 10:13:59,moved
CT04,M5/101EK113,12090751.JPG,M5\101EK113\12090751.JPG,12090751.JPG,5369951,2025-02-06 10:13:59,moved
CT04,M5/101EK113,12090752.JPG,M5\101EK113\12090752.JPG,12090752.JPG,5365515,2025-02-06 10:14:01,moved
CT04,M5/101EK113,12090754.JPG,M5\101EK113\12090754.JPG,12090754.JPG,5259690,2025-02-06 10:14:00,moved
CT04,M5/101EK113,12090755.JPG,M5\101EK113\12090755.JPG,12090755.JPG,5247313,2025-02-06 10:14:02,moved
CT04,M5/101EK113,12090756.JPG,M5\101EK113\12090756.JPG,12090756.JPG,5256449,2025-02-06 10:14:01,moved
CT04,M5/101EK113,12090758.JPG,M5\101EK113\12090758.JPG,12090758.JPG,5230000,2025-02-06 10:14:14,moved
CT04,M5/101EK113,12090759.JPG,M5\101EK113\12090759.JPG,12090759.JPG,5234719,2025-02-06 10:14:14,moved
CT04,M5/101EK113,12090760.JPG,M5\101EK113\12090760.JPG,12090760.JPG,5227647,2025-02-06 10:14:14,moved
CT04,M5/101EK113,12090762.JPG,M5\101EK113\12090762.JPG,12090762.JPG,5066444,2025-02-06 10:14:26,moved
CT04,M5/101EK113,12090763.JPG,M5\101EK113\12090763.JPG,12090763.JPG,5137124,2024-12-09 09:08:08,moved
CT04,M5/101EK113,12090764.JPG,M5\101EK113\12090764.JPG,12090764.JPG,5146570,2025-02-06 10:14:26,moved
CT04,M5/101EK113,12090766.JPG,M5\101EK113\12090766.JPG,12090766.JPG,5079234,2025-02-06 10:14:38,moved
CT04,M5/101EK113,12090767.JPG,M5\101EK113\12090767.JPG,12090767.JPG,5077971,2025-02-06 10:14:38,moved
CT04,M5/101EK113,12090768.JPG,M5\101EK113\12090768.JPG,12090768.JPG,5100626,2025-02-06 10:14:38,moved
CT04,M5/101EK113,12090770.JPG,M5\101EK113\12090770.JPG,12090770.JPG,5014488,2025-02-06 10:14:51,moved
CT04,M5/101EK113,12090771.JPG,M5\101EK113\12090771.JPG,12090771.JPG,5007829,2025-02-06 10:14:50,moved
CT04,M5/101EK113,12090772.JPG,M5\101EK113\12090772.JPG,12090772.JPG,5012340,2025-02-06 10:14:50,moved
CT04,M5/101EK113,12090774.JPG,M5\101EK113\12090774.JPG,12090774.JPG,5165513,2024-12-09 09:09:16,moved
CT04,M5/101EK113,12090775.JPG,M5\101EK113\12090775.JPG,12090775.JPG,5174352,2025-02-06 10:15:03,moved
CT04,M5/101EK113,12090776.JPG,M5\101EK113\12090776.JPG,12090776.JPG,5241818,2024-12-09 09:09:19,moved
CT04,M5/101EK113,12090778.JPG,M5\101EK113\12090778.JPG,12090778.JPG,5307632,2025-02-06 10:15:03,moved
CT04,M5/101EK113,12090779.JPG,M5\101EK113\12090779.JPG,12090779.JPG,5308577,2025-02-06 10:15:02,moved
CT04,M5/101EK113,12090780.JPG,M5\101EK113\12090780.JPG,12090780.JPG,5302552,2024-12-09 09:09:38,moved
CT04,M5/101EK113,12090782.JPG,M5\101EK113\12090782.JPG,12090782.JPG,5509514,2025-02-06 10:15:02,moved
CT04,M5/101EK113,12090783.JPG,M5\101EK113\12090783.JPG,12090783.JPG,5525746,2025-02-06 10:15:03,moved
CT04,M5/101EK113,12090784.JPG,M5\101EK113\12090784.JPG,12090784.JPG,5630169,2024-12-09 09:10:36,moved
CT04,M5/101EK113,12090786.JPG,M5\101EK113\12090786.JPG,12090786.JPG,5769810,2024-12-09 09:11:46,moved
CT04,M5/101EK113,12090787.JPG,M5\101EK113\12090787.JPG,12090787.JPG,5782811,2025-02-06 10:15:04,moved
CT04,M5/101EK113,12090788.JPG,M5\101EK113\12090788.JPG,12090788.JPG,5783969,2025-02-06 10:15:03,moved
CT04,M5/101EK113,12090790.JPG,M5\101EK113\12090790.JPG,12090790.JPG,5804003,2024-12-09 09:12:34,moved
CT04,M5/101EK113,12090791.JPG,M5\101EK113\12090791.JPG,12090791.JPG,5825049,2024-12-09 09:12:34,moved
CT04,M5/101EK113,12090792.JPG,M5\101EK113\12090792.JPG,12090792.JPG,5816918,2024-12-09 09:12:34,moved
CT04,M5/101EK113,12090794.JPG,M5\101EK113\12090794.JPG,12090794.JPG,5711433,2024-12-09 09:19:16,moved
CT04,M5/101EK113,12090795.JPG,M5\101EK113\12090795.JPG,12090795.JPG,5836183,2024-12-09 09:19:18,moved
CT04,M5/101EK113,12090796.JPG,M5\101EK113\12090796.JPG,12090796.JPG,5630141,2024-12-09 09:19:18,moved
CT04,M5/101EK113,12090798.JPG,M5\101EK113\12090798.JPG,12090798.JPG,5533582,2024-12-09 09:22:28,moved
CT04,M5/101EK113,12090799.JPG,M5\101EK113\12090799.JPG,12090799.JPG,5542497,2024-12-09 09:22:28,moved
CT04,M5/101EK113,12090800.JPG,M5\101EK113\12090800.JPG,12090800.JPG,5607411,2024-12-09 09:22:30,moved
CT04,M5/101EK113,12090802.JPG,M5\101EK113\12090802.JPG,12090802.JPG,5405637,2024-12-09 09:22:50,moved
CT04,M5/101EK113,12090803.JPG,M5\101EK113\12090803.JPG,12090803.JPG,5565747,2024-12-09 09:22:52,moved
CT04,M5/101EK113,12090804.JPG,M5\101EK113\12090804.JPG,12090804.JPG,5709826,2024-12-09 09:22:52,moved
CT04,M5/101EK113,12090806.JPG,M5\101EK113\12090806.JPG,12090806.JPG,5423919,2024-12-09 09:26:10,moved
CT04,M5/101EK113,12090807.JPG,M5\101EK113\12090807.JPG,12090807.JPG,5460618,2025-02-06 10:15:16,moved
CT04,M5/101EK113,12090808.JPG,M5\101EK113\12090808.JPG,12090808.JPG,5467194,2024-12-09 09:26:12,moved
CT04,M5/101EK113,12090810.JPG,M5\101EK113\12090810.JPG,12090810.JPG,4698004,2024-12-09 09:35:55,moved
CT04,M5/101EK113,12090811.JPG,M5\101EK113\12090811.JPG,12090811.JPG,4848100,2024-12-09 09:35:54,moved
CT04,M5/101EK113,12090812.JPG,M5\101EK113\12090812.JPG,12090812.JPG,4826521,2024-12-09 09:35:54,moved
CT04,M5/101EK113,12090814.JPG,M5\101EK113\12090814.JPG,12090814.JPG,4984097,2025-02-06 10:15:41,moved
CT04,M5/101EK113,12090815.JPG,M5\101EK113\12090815.JPG,12090815.JPG,4988425,2025-02-06 10:15:41,moved
CT04,M5/101EK113,12090816.JPG,M5\101EK113\12090816.JPG,12090816.JPG,4871518,2024-12-09 09:36:32,moved
CT04,M5/101EK113,12090818.JPG,M5\101EK113\12090818.JPG,12090818.JPG,4982625,2024-12-09 09:37:58,moved
CT04,M5/101EK113,12090819.JPG,M5\101EK113\12090819.JPG,12090819.JPG,4831707,2024-12-09 09:37:58,moved
CT04,M5/101EK113,12090820.JPG,M5\101EK113\12090820.JPG,12090820.JPG,4889401,2024-12-09 09:38:00,moved
CT04,M5/101EK113,12090822.JPG,M5\101EK113\12090822.JPG,12090822.JPG,4793012,2024-12-09 09:40:32,moved
CT04,M5/101EK113,12090823.JPG,M5\101EK113\12090823.JPG,12090823.JPG,4799490,2025-02-06 10:16:05,moved
CT04,M5/101EK113,12090824.JPG,M5\101EK113\12090824.JPG,12090824.JPG,4795471,2025-02-06 10:16:05,moved
CT04,M5/101EK113,12090826.JPG,M5\101EK113\12090826.JPG,12090826.JPG,4781806,2024-12-09 09:42:56,moved
CT04,M5/101EK113,12090827.JPG,M5\101EK113\12090827.JPG,12090827.JPG,4805701,2024-12-09 09:42:59,moved
CT04,M5/101EK113,12090828.JPG,M5\101EK113\12090828.JPG,12090828.JPG,4833738,2025-02-06 10:16:14,moved
CT04,M5/101EK113,12090830.JPG,M5\101EK113\12090830.JPG,12090830.JPG,4812666,2024-12-09 09:44:22,moved
CT04,M5/101EK113,12090831.JPG,M5\101EK113\12090831.JPG,12090831.JPG,4810668,2024-12-09 09:44:24,moved
CT04,M5/101EK113,12090832.JPG,M5\101EK113\12090832.JPG,12090832.JPG,4815668,2024-12-09 09:44:24,moved
CT05,M9,01010043.JPG,M9\01010043.JPG,01010043.JPG,6046235,2025-01-01 15:15:58,moved
CT05,M9,01010044.JPG,M9\01010044.JPG,01010044.JPG,5985485,2025-01-01 15:16:00,moved
CT05,M9,01010045.JPG,M9\01010045.JPG,01010045.JPG,5992656,2025-01-01 15:16:00,moved
CT05,M9,01070046.JPG,M9\01070046.JPG,01070046.JPG,5442097,2025-01-07 14:36:08,moved
CT05,M9,01070047.JPG,M9\01070047.JPG,01070047.JPG,5156079,2025-01-07 14:36:08,moved
CT05,M9,01070048.JPG,M9\01070048.JPG,01070048.JPG,5228046,2025-01-07 14:36:10,moved
CT05,M9,01090049.JPG,M9\01090049.JPG,01090049.JPG,5469049,2025-01-09 14:39:34,moved
CT05,M9,01090050.JPG,M9\01090050.JPG,01090050.JPG,5287947,2025-01-09 14:39:34,moved
CT05,M9,01090051.JPG,M9\01090051.JPG,01090051.JPG,5286923,2025-01-09 14:39:36,moved
CT05,M9,01100052.JPG,M9\01100052.JPG,01100052.JPG,5261070,2025-01-10 14:35:22,moved
CT05,M9,01100053.JPG,M9\01100053.JPG,01100053.JPG,5208338,2025-01-10 14:35:22,moved
CT05,M9,01100054.JPG,M9\01100054.JPG,01100054.JPG,5193225,2025-01-10 14:35:24,moved
CT05,M9,01100055.JPG,M9\01100055.JPG,01100055.JPG,5916887,2025-01-10 14:57:55,moved
CT05,M9,01100056.JPG,M9\01100056.JPG,01100056.JPG,5972085,2025-01-10 14:57:54,moved
CT05,M9,01100057.JPG,M9\01100057.JPG,01100057.JPG,5925820,2025-01-10 14:57:54,moved
CT05,M9,01260058.JPG,M9\01260058.JPG,01260058.JPG,5988086,2025-01-26 14:53:18,moved
CT05,M9,01260059.JPG,M9\01260059.JPG,01260059.JPG,5843357,2025-01-26 14:53:18,moved
CT05,M9,01260060.JPG,M9\01260060.JPG,01260060.JPG,5877518,2025-01-26 14:53:18,moved
CT05,M9,02150061.JPG,M9\02150061.JPG,02150061.JPG,6132977,2025-02-15 14:45:18,moved
CT05,M9,02150062.JPG,M9\02150062.JPG,02150062.JPG,6215374,2025-02-15 14:45:20,moved
CT05,M9,02150063.JPG,M9\02150063.JPG,02150063.JPG,6101915,2025-02-15 14:45:20,moved
CT05,M9,02180064.JPG,M9\02180064.JPG,02180064.JPG,6042516,2025-02-18 11:21:36,moved
CT05,M9,02180065.JPG,M9\02180065.JPG,02180065.JPG,6021410,2025-02-18 11:21:36,moved
CT05,M9,02180066.JPG,M9\02180066.JPG,02180066.JPG,6040701,2025-02-18 11:21:38,moved
CT05,M9,02270067.JPG,M9\02270067.JPG,02270067.JPG,2454413,2025-02-27 06:45:47,moved
CT05,M9,02270068.JPG,M9\02270068.JPG,02270068.JPG,4569795,2025-02-27 06:45:46,moved
CT05,M9,02270069.JPG,M9\02270069.JPG,02270069.JPG,4790755,2025-02-27 06:45:49,moved
CT05,M9,03010070.JPG,M9\03010070.JPG,03010070.JPG,4576977,2025-03-01 08:03:02,moved
CT05,M9,03010071.JPG,M9\03010071.JPG,03010071.JPG,4549304,2025-03-01 08:03:02,moved
CT05,M9,03010072.JPG,M9\03010072.JPG,03010072.JPG,4662078,2025-03-01 08:03:04,moved
CT05,M9,03010073.JPG,M9\03010073.JPG,03010073.JPG,5008654,2025-03-01 23:02:28,moved
CT05,M9,03010074.JPG,M9\03010074.JPG,03010074.JPG,5075767,2025-03-01 23:02:31,moved
CT05,M9,03010075.JPG,M9\03010075.JPG,03010075.JPG,5068365,2025-03-01 23:02:30,moved
CT05,M9,03050076.JPG,M9\03050076.JPG,03050076.JPG,5062124,2025-03-05 05:01:18,moved
CT05,M9,03050077.JPG,M9\03050077.JPG,03050077.JPG,4194647,2025-03-05 05:01:20,moved
CT05,M9,03050078.JPG,M9\03050078.JPG,03050078.JPG,5058231,2025-03-05 05:01:20,moved
CT05,M9,03230079.JPG,M9\03230079.JPG,03230079.JPG,5028821,2025-03-23 23:24:40,moved
CT05,M9,03230080.JPG,M9\03230080.JPG,03230080.JPG,5025261,2025-03-23 23:24:40,moved
CT05,M9,03230081.JPG,M9\03230081.JPG,03230081.JPG,5030341,2025-03-23 23:24:40,moved
CT05,M9,03300082.JPG,M9\03300082.JPG,03300082.JPG,4965987,2025-03-30 07:13:36,moved
CT05,M9,03300083.JPG,M9\03300083.JPG,03300083.JPG,4963598,2025-03-30 07:13:38,moved
CT05,M9,03300084.JPG,M9\03300084.JPG,03300084.JPG,4959680,2025-03-30 07:13:38,moved
CT05,M9,05280085.JPG,M9\05280085.JPG,05280085.JPG,3990338,2025-05-28 12:35:12,moved
CT05,M9,05280086.JPG,M9\05280086.JPG,05280086.JPG,4013475,2025-05-28 12:35:12,moved
CT05,M9,05280087.JPG,M9\05280087.JPG,05280087.JPG,5982876,2025-05-28 12:35:12,moved
CT05,M9,05280088.JPG,M9\05280088.JPG,05280088.JPG,5641004,2025-05-28 12:35:14,moved
CT05,M9,05280089.JPG,M9\05280089.JPG,05280089.JPG,5667236,2025-05-28 12:35:14,moved
CT05,M9,05280090.JPG,M9\05280090.JPG,05280090.JPG,5668023,2025-05-28 12:35:17,moved
CT05,M9,05280091.JPG,M9\05280091.JPG,05280091.JPG,5041221,2025-05-28 12:35:46,moved
CT05,M9,05280092.JPG,M9\05280092.JPG,05280092.JPG,5122798,2025-05-28 12:35:49,moved
CT05,M9,05280093.JPG,M9\05280093.JPG,05280093.JPG,4816534,2025-05-28 12:35:48,moved
CT05,M9,05280094.JPG,M9\05280094.JPG,05280094.JPG,6168285,2025-05-28 12:35:50,moved
CT05,M9,05280095.JPG,M9\05280095.JPG,05280095.JPG,5862840,2025-05-28 12:35:52,moved
CT05,M9,05280096.JPG,M9\05280096.JPG,05280096.JPG,6014001,2025-05-28 12:35:52,moved
CT05,M9,05280097.JPG,M9\05280097.JPG,05280097.JPG,4515859,2025-05-28 12:35:54,moved
CT05,M9,05280098.JPG,M9\05280098.JPG,05280098.JPG,5649469,2025-05-28 12:35:54,moved
CT05,M9,05280099.JPG,M9\05280099.JPG,05280099.JPG,5618935,2025-05-28 12:35:57,moved
CT05,M9,05280100.JPG,M9\05280100.JPG,05280100.JPG,4936857,2025-05-28 12:35:56,moved
CT05,M9,05280101.JPG,M9\05280101.JPG,05280101.JPG,5340532,2025-05-28 12:35:56,moved
CT05,M9,05280102.JPG,M9\05280102.JPG,05280102.JPG,5236453,2025-05-28 12:35:58,moved
CT05,M9,12110001.JPG,M9\12110001.JPG,12110001.JPG,6248198,2024-12-11 16:35:02,moved
CT05,M9,12110002.JPG,M9\12110002.JPG,12110002.JPG,6220973,2024-12-11 16:35:02,moved
CT05,M9,12110003.JPG,M9\12110003.JPG,12110003.JPG,6263868,2024-12-11 16:35:05,moved
CT05,M9,12110004.JPG,M9\12110004.JPG,12110004.JPG,5819491,2024-12-11 16:35:06,moved
CT05,M9,12110005.JPG,M9\12110005.JPG,12110005.JPG,5872884,2024-12-11 16:35:06,moved
CT05,M9,12110006.JPG,M9\12110006.JPG,12110006.JPG,6140959,2024-12-11 16:35:08,moved
CT05,M9,12110007.JPG,M9\12110007.JPG,12110007.JPG,6028833,2024-12-11 16:36:38,moved
CT05,M9,12110008.JPG,M9\12110008.JPG,12110008.JPG,5767524,2024-12-11 16:36:38,moved
CT05,M9,12110009.JPG,M9\12110009.JPG,12110009.JPG,5924153,2024-12-11 16:36:41,moved
CT05,M9,12110010.JPG,M9\12110010.JPG,12110010.JPG,5905177,2024-12-11 16:36:40,moved
CT05,M9,12110011.JPG,M9\12110011.JPG,12110011.JPG,5987489,2024-12-11 16:36:40,moved
CT05,M9,12110012.JPG,M9\12110012.JPG,12110012.JPG,5915156,2024-12-11 16:36:42,moved
CT05,M9,12110013.JPG,M9\12110013.JPG,12110013.JPG,6031541,2024-12-11 16:36:44,moved
CT05,M9,12110014.JPG,M9\12110014.JPG,12110014.JPG,6080590,2024-12-11 16:36:44,moved
CT05,M9,12110015.JPG,M9\12110015.JPG,12110015.JPG,6061458,2024-12-11 16:36:46,moved
CT05,M9,12110016.JPG,M9\12110016.JPG,12110016.JPG,6152474,2024-12-11 16:37:01,moved
CT05,M9,12110017.JPG,M9\12110017.JPG,12110017.JPG,6103339,2024-12-11 16:37:00,moved
CT05,M9,12110018.JPG,M9\12110018.JPG,12110018.JPG,6021772,2024-12-11 16:37:00,moved
CT05,M9,12110019.JPG,M9\12110019.JPG,12110019.JPG,6085526,2024-12-11 16:37:02,moved
CT05,M9,12110020.JPG,M9\12110020.JPG,12110020.JPG,6132690,2024-12-11 16:37:02,moved
CT05,M9,12110021.JPG,M9\12110021.JPG,12110021.JPG,6149494,2024-12-11 16:37:05,moved
CT05,M9,12160022.JPG,M9\12160022.JPG,12160022.JPG,5888037,2024-12-16 14:49:56,moved
CT05,M9,12160023.JPG,M9\12160023.JPG,12160023.JPG,6190143,2024-12-16 14:49:56,moved
CT05,M9,12160024.JPG,M9\12160024.JPG,12160024.JPG,6194870,2024-12-16 14:49:58,moved
CT05,M9,12160025.JPG,M9\12160025.JPG,12160025.JPG,6039008,2024-12-16 14:53:34,moved
CT05,M9,12160026.JPG,M9\12160026.JPG,12160026.JPG,6005444,2024-12-16 14:53:36,moved
CT05,M9,12160027.JPG,M9\12160027.JPG,12160027.JPG,5998533,2024-12-16 14:53:36,moved
CT05,M9,12210028.JPG,M9\12210028.JPG,12210028.JPG,5745886,2024-12-21 14:36:46,moved
CT05,M9,12210029.JPG,M9\12210029.JPG,12210029.JPG,5643237,2024-12-21 14:36:49,moved
CT05,M9,12210030.JPG,M9\12210030.JPG,12210030.JPG,5544823,2024-12-21 14:36:48,moved
CT05,M9,12250031.JPG,M9\12250031.JPG,12250031.JPG,5495724,2024-12-25 14:30:52,moved
CT05,M9,12250032.JPG,M9\12250032.JPG,12250032.JPG,5240454,2024-12-25 14:30:52,moved
CT05,M9,12250033.JPG,M9\12250033.JPG,12250033.JPG,5229291,2024-12-25 14:30:54,moved
CT05,M9,12250034.JPG,M9\12250034.JPG,12250034.JPG,5309853,2024-12-25 14:31:28,moved
CT05,M9,12250035.JPG,M9\12250035.JPG,12250035.JPG,5257781,2024-12-25 14:31:31,moved
CT05,M9,12250036.JPG,M9\12250036.JPG,12250036.JPG,5237960,2024-12-25 14:31:30,moved
CT05,M9,12250037.JPG,M9\12250037.JPG,12250037.JPG,6171745,2024-12-25 14:57:48,moved
CT05,M9,12250038.JPG,M9\12250038.JPG,12250038.JPG,6229635,2024-12-25 14:57:48,moved
CT05,M9,12250039.JPG,M9\12250039.JPG,12250039.JPG,6233661,2024-12-25 14:57:48,moved
CT05,M9,12260040.JPG,M9\12260040.JPG,12260040.JPG,6159273,2024-12-26 14:53:24,moved
CT05,M9,12260041.JPG,M9\12260041.JPG,12260041.JPG,6219713,2024-12-26 14:53:24,moved
CT05,M9,12260042.JPG,M9\12260042.JPG,12260042.JPG,6225451,2024-12-26 14:53:27,moved
CT06,M1,01090017.JPG,M1\01090017.JPG,01090017.JPG,5368766,2025-01-09 12:14:46,moved
CT06,M1,01090018.JPG,M1\01090018.JPG,01090018.JPG,5744899,2025-01-09 12:14:48,moved
CT06,M1,01090019.JPG,M1\01090019.JPG,01090019.JPG,5765181,2025-01-09 12:14:50,moved
CT06,M1,01090021.JPG,M1\01090021.JPG,01090021.JPG,5655153,2025-01-09 13:04:14,moved
CT06,M1,01090022.JPG,M1\01090022.JPG,01090022.JPG,5727913,2025-01-09 13:04:16,moved
CT06,M1,01090023.JPG,M1\01090023.JPG,01090023.JPG,5813890,2025-01-09 13:04:16,moved
CT06,M1,01090025.JPG,M1\01090025.JPG,01090025.JPG,5869293,2025-01-09 14:05:00,moved
CT06,M1,01090026.JPG,M1\01090026.JPG,01090026.JPG,5836717,2025-01-09 14:05:00,moved
CT06,M1,01090027.JPG,M1\01090027.JPG,01090027.JPG,5855507,2025-01-09 14:05:02,moved
CT06,M1,01090029.JPG,M1\01090029.JPG,01090029.JPG,5754313,2025-01-09 14:05:24,moved
CT06,M1,01090030.JPG,M1\01090030.JPG,01090030.JPG,5761954,2025-01-09 14:05:26,moved
CT06,M1,01090031.JPG,M1\01090031.JPG,01090031.JPG,5890877,2025-01-09 14:05:26,moved
CT06,M1,01170033.JPG,M1\01170033.JPG,01170033.JPG,4775534,2025-01-17 04:45:36,moved
CT06,M1,01170034.JPG,M1\01170034.JPG,01170034.JPG,4778414,2025-01-17 04:45:36,moved
CT06,M1,01170035.JPG,M1\01170035.JPG,01170035.JPG,4785929,2025-01-17 04:45:38,moved
CT06,M1,01300037.JPG,M1\01300037.JPG,01300037.JPG,4598568,2025-01-31 00:15:56,moved
CT06,M1,01300038.JPG,M1\01300038.JPG,01300038.JPG,4553616,2025-01-31 00:15:58,moved
CT06,M1,01300039.JPG,M1\01300039.JPG,01300039.JPG,4591445,2025-01-31 00:15:58,moved
CT06,M1,04040041.JPG,M1\04040041.JPG,04040041.JPG,4653531,2025-04-05 00:37:30,moved
CT06,M1,04040042.JPG,M1\04040042.JPG,04040042.JPG,4684521,2025-04-05 00:37:30,moved
CT06,M1,04040043.JPG,M1\04040043.JPG,04040043.JPG,4698906,2025-04-05 00:37:30,moved
CT06,M1,04300045.JPG,M1\04300045.JPG,04300045.JPG,4765080,2025-04-30 22:59:22,moved
CT06,M1,04300046.JPG,M1\04300046.JPG,04300046.JPG,4768810,2025-04-30 22:59:24,moved
CT06,M1,04300047.JPG,M1\04300047.JPG,04300047.JPG,4762428,2025-04-30 22:59:24,moved
CT06,M1,05100049.JPG,M1\05100049.JPG,05100049.JPG,3912091,2025-05-10 07:51:28,moved
CT06,M1,05100050.JPG,M1\05100050.JPG,05100050.JPG,3960162,2025-05-10 07:51:30,moved
CT06,M1,05100051.JPG,M1\05100051.JPG,05100051.JPG,3961636,2025-05-10 07:51:32,moved
CT06,M1,05140053.JPG,M1\05140053.JPG,05140053.JPG,4849548,2025-05-14 13:44:50,moved
CT06,M1,05140054.JPG,M1\05140054.JPG,05140054.JPG,4389353,2025-05-14 13:44:50,moved
CT06,M1,05140055.JPG,M1\05140055.JPG,05140055.JPG,4773942,2025-05-14 13:44:52,moved
CT06,M1,05140057.JPG,M1\05140057.JPG,05140057.JPG,4578131,2025-05-14 13:45:18,moved
CT06,M1,10090001.JPG,M1\10090001.JPG,10090001.JPG,6062929,2024-10-09 13:05:48,moved
CT06,M1,10090002.JPG,M1\10090002.JPG,10090002.JPG,5909849,2024-10-09 13:05:50,moved
CT06,M1,10090003.JPG,M1\10090003.JPG,10090003.JPG,5994721,2024-10-09 13:05:52,moved
CT06,M1,12110005.JPG,M1\12110005.JPG,12110005.JPG,4538967,2024-12-11 02:43:10,moved
CT06,M1,12110006.JPG,M1\12110006.JPG,12110006.JPG,4533209,2024-12-11 02:43:12,moved
CT06,M1,12110007.JPG,M1\12110007.JPG,12110007.JPG,4539699,2024-12-11 02:43:12,moved
CT06,M1,12140009.JPG,M1\12140009.JPG,12140009.JPG,4441201,2024-12-14 02:20:46,moved
CT06,M1,12140010.JPG,M1\12140010.JPG,12140010.JPG,4440457,2024-12-14 02:20:46,moved
CT06,M1,12140011.JPG,M1\12140011.JPG,12140011.JPG,4480428,2024-12-14 02:20:48,moved
CT06,M1,12180013.JPG,M1\12180013.JPG,12180013.JPG,4541295,2024-12-18 05:59:54,moved
CT06,M1,12180014.JPG,M1\12180014.JPG,12180014.JPG,4549849,2024-12-18 05:59:56,moved
CT06,M1,12180015.JPG,M1\12180015.JPG,12180015.JPG,4546872,2024-12-18 05:59:58,moved
CT07,M 10,01140011.JPG,M 10\01140011.JPG,01140011.JPG,4876006,2025-01-14 14:33:28,moved
CT07,M 10,01140012.JPG,M 10\01140012.JPG,01140012.JPG,4906401,2025-01-14 14:33:28,moved
CT07,M 10,01240014.JPG,M 10\01240014.JPG,01240014.JPG,4256228,2025-01-24 18:28:40,moved
CT07,M 10,01240015.JPG,M 10\01240015.JPG,01240015.JPG,4307213,2025-01-24 18:28:40,moved
CT07,M 10,02080017.JPG,M 10\02080017.JPG,02080017.JPG,3443583,2025-02-08 06:35:36,moved
CT07,M 10,02080018.JPG,M 10\02080018.JPG,02080018.JPG,1840116,2025-02-08 06:35:36,moved
CT07,M 10,02110020.JPG,M 10\02110020.JPG,02110020.JPG,4369559,2025-02-11 12:14:18,moved
CT07,M 10,02110021.JPG,M 10\02110021.JPG,02110021.JPG,4562667,2025-02-11 12:14:20,moved
CT07,M 10,02240023.JPG,M 10\02240023.JPG,02240023.JPG,3551952,2025-02-24 02:51:00,moved
CT07,M 10,02240024.JPG,M 10\02240024.JPG,02240024.JPG,1811889,2025-02-24 02:51:02,moved
CT07,M 10,03010026.JPG,M 10\03010026.JPG,03010026.JPG,831007,2025-03-01 02:07:26,moved
CT07,M 10,03010027.JPG,M 10\03010027.JPG,03010027.JPG,1855231,2025-03-01 02:07:28,moved
CT07,M 10,03010028.JPG,M 10\03010028.JPG,03010028.JPG,1831495,2025-03-01 02:07:28,moved
CT07,M 10,04120030.JPG,M 10\04120030.JPG,04120030.JPG,3576364,2025-04-12 22:15:44,moved
CT07,M 10,04120031.JPG,M 10\04120031.JPG,04120031.JPG,1849921,2025-04-12 22:15:46,moved
CT07,M 10,05150033.JPG,M 10\05150033.JPG,05150033.JPG,2974426,2025-05-15 19:06:22,moved
CT07,M 10,05150034.JPG,M 10\05150034.JPG,05150034.JPG,3510217,2025-05-15 19:06:22,moved
CT07,M 10,05290036.JPG,M 10\05290036.JPG,05290036.JPG,3675898,2025-05-29 00:24:04,moved
CT07,M 10,05290037.JPG,M 10\05290037.JPG,05290037.JPG,1755237,2025-05-29 00:24:04,moved
CT07,M 10,06010039.JPG,M 10\06010039.JPG,06010039.JPG,4667625,2025-06-01 16:14:22,moved
CT07,M 10,06010040.JPG,M 10\06010040.JPG,06010040.JPG,4697803,2025-06-01 16:14:22,moved
CT07,M 10,06020042.JPG,M 10\06020042.JPG,06020042.JPG,3641701,2025-06-02 19:35:12,moved
CT07,M 10,06020043.JPG,M 10\06020043.JPG,06020043.JPG,1777256,2025-06-02 19:35:14,moved
CT07,M 10,06040045.JPG,M 10\06040045.JPG,06040045.JPG,3758979,2025-06-04 14:52:40,moved
CT07,M 10,06040046.JPG,M 10\06040046.JPG,06040046.JPG,3350634,2025-06-04 14:52:42,moved
CT07,M 10,12110001.JPG,M 10\12110001.JPG,12110001.JPG,3971471,2024-12-11 17:41:08,moved
CT07,M 10,12110002.JPG,M 10\12110002.JPG,12110002.JPG,3914570,2024-12-11 17:41:10,moved
CT07,M 10,12110004.JPG,M 10\12110004.JPG,12110004.JPG,4126302,2024-12-11 17:41:52,moved
CT07,M 10,12110005.JPG,M 10\12110005.JPG,12110005.JPG,4319934,2024-12-11 17:41:54,moved
CT07,M 10,12290007.JPG,M 10\12290007.JPG,12290007.JPG,2427985,2024-12-29 10:50:20,moved
CT07,M 10,12290008.JPG,M 10\12290008.JPG,12290008.JPG,2400936,2024-12-29 10:50:22,moved
CT07,M 10,12290009.JPG,M 10\12290009.JPG,12290009.JPG,2400389,2024-12-29 10:50:22,moved
CT08,M4,01020145.JPG,M4\01020145.JPG,01020145.JPG,2432378,2025-01-02 06:34:26,moved
CT08,M4,01020146.JPG,M4\01020146.JPG,01020146.JPG,1235646,2025-01-02 06:34:26,moved
CT08,M4,01020147.JPG,M4\01020147.JPG,01020147.JPG,1208922,2025-01-02 06:34:28,moved
CT08,M4,01020148.JPG,M4\01020148.JPG,01020148.JPG,1225899,2025-01-02 06:34:28,moved
CT08,M4,01020149.JPG,M4\01020149.JPG,01020149.JPG,1186537,2025-01-02 06:34:28,moved
CT08,M4,01020150.JPG,M4\01020150.JPG,01020150.JPG,1230607,2025-01-02 06:34:28,moved
CT08,M4,01020151.JPG,M4\01020151.JPG,01020151.JPG,1221631,2025-01-02 06:34:28,moved
CT08,M4,01080152.JPG,M4\01080152.JPG,01080152.JPG,1573340,2025-01-08 10:14:40,moved
CT08,M4,01080153.JPG,M4\01080153.JPG,01080153.JPG,1593783,2025-01-08 10:14:40,moved
CT08,M4,01080154.JPG,M4\01080154.JPG,01080154.JPG,1591557,2025-01-08 10:14:40,moved
CT08,M4,01080155.JPG,M4\01080155.JPG,01080155.JPG,1591482,2025-01-08 10:14:42,moved
CT08,M4,01080156.JPG,M4\01080156.JPG,01080156.JPG,1590907,2025-01-08 10:14:42,moved
CT08,M4,01080157.JPG,M4\01080157.JPG,01080157.JPG,1591764,2025-01-08 10:14:42,moved
CT08,M4,01100158.JPG,M4\01100158.JPG,01100158.JPG,2777280,2025-01-10 11:45:48,moved
CT08,M4,01100159.JPG,M4\01100159.JPG,01100159.JPG,2777902,2025-01-10 11:45:48,moved
CT08,M4,01100160.JPG,M4\01100160.JPG,01100160.JPG,2779327,2025-01-10 11:45:48,moved
CT08,M4,01100161.JPG,M4\01100161.JPG,01100161.JPG,2781014,2025-01-10 11:45:48,moved
CT08,M4,01110162.JPG,M4\01110162.JPG,01110162.JPG,2333211,2025-01-11 11:30:42,moved
CT08,M4,01110163.JPG,M4\01110163.JPG,01110163.JPG,2317740,2025-01-11 11:30:42,moved
CT08,M4,01110164.JPG,M4\01110164.JPG,01110164.JPG,2318601,2025-01-11 11:30:44,moved
CT08,M4,01110165.JPG,M4\01110165.JPG,01110165.JPG,2317117,2025-01-11 11:30:44,moved
CT08,M4,01110166.JPG,M4\01110166.JPG,01110166.JPG,2317946,2025-01-11 11:30:44,moved
CT08,M4,02200167.JPG,M4\02200167.JPG,02200167.JPG,2213441,2025-02-20 21:06:57,moved
CT08,M4,02200168.JPG,M4\02200168.JPG,02200168.JPG,2570629,2025-02-20 21:06:59,moved
CT08,M4,02200169.JPG,M4\02200169.JPG,02200169.JPG,2560828,2025-02-20 21:06:59,moved
CT08,M4,02200170.JPG,M4\02200170.JPG,02200170.JPG,2560377,2025-02-20 21:06:59,moved
CT08,M4,03030171.JPG,M4\03030171.JPG,03030171.JPG,2205063,2025-03-03 09:56:46,moved
CT08,M4,03030172.JPG,M4\03030172.JPG,03030172.JPG,2370155,2025-03-03 09:56:46,moved
CT08,M4,03030173.JPG,M4\03030173.JPG,03030173.JPG,2369085,2025-03-03 09:56:48,moved
CT08,M4,03030174.JPG,M4\03030174.JPG,03030174.JPG,2369720,2025-03-03 09:56:48,moved
CT08,M4,03030175.JPG,M4\03030175.JPG,03030175.JPG,2368071,2025-03-03 09:56:48,moved
CT08,M4,03070176.JPG,M4\03070176.JPG,03070176.JPG,2459483,2025-03-07 04:51:26,moved
CT08,M4,03070177.JPG,M4\03070177.JPG,03070177.JPG,1228147,2025-03-07 04:51:26,moved
CT08,M4,03070178.JPG,M4\03070178.JPG,03070178.JPG,1224178,2025-03-07 04:51:26,moved
CT08,M4,03070179.JPG,M4\03070179.JPG,03070179.JPG,1227674,2025-03-07 04:51:26,moved
CT08,M4,03070180.JPG,M4\03070180.JPG,03070180.JPG,1248645,2025-03-07 04:51:26,moved
CT08,M4,03070181.JPG,M4\03070181.JPG,03070181.JPG,1214743,2025-03-07 04:51:28,moved
CT08,M4,03280182.JPG,M4\03280182.JPG,03280182.JPG,2448816,2025-03-28 23:43:56,moved
CT08,M4,03280183.JPG,M4\03280183.JPG,03280183.JPG,1225112,2025-03-28 23:43:56,moved
CT08,M4,03280184.JPG,M4\03280184.JPG,03280184.JPG,1241675,2025-03-28 23:43:58,moved
CT08,M4,03280185.JPG,M4\03280185.JPG,03280185.JPG,1232356,2025-03-28 23:43:58,moved
CT08,M4,03280186.JPG,M4\03280186.JPG,03280186.JPG,1204618,2025-03-28 23:43:58,moved
CT08,M4,03280187.JPG,M4\03280187.JPG,03280187.JPG,1230760,2025-03-28 23:43:58,moved
CT08,M4,03280188.JPG,M4\03280188.JPG,03280188.JPG,1217939,2025-03-28 23:44:00,moved
CT08,M4,03300189.JPG,M4\03300189.JPG,03300189.JPG,2460618,2025-03-30 05:31:22,moved
CT08,M4,03300190.JPG,M4\03300190.JPG,03300190.JPG,1224142,2025-03-30 05:31:22,moved
CT08,M4,03300191.JPG,M4\03300191.JPG,03300191.JPG,1204941,2025-03-30 05:31:22,moved
CT08,M4,03300192.JPG,M4\03300192.JPG,03300192.JPG,1211109,2025-03-30 05:31:22,moved
CT08,M4,03300193.JPG,M4\03300193.JPG,03300193.JPG,1214042,2025-03-30 05:31:24,moved
CT08,M4,03300194.JPG,M4\03300194.JPG,03300194.JPG,1231332,2025-03-30 05:31:24,moved
CT08,M4,03300195.JPG,M4\03300195.JPG,03300195.JPG,1231598,2025-03-30 05:31:24,moved
CT08,M4,04230196.JPG,M4\04230196.JPG,04230196.JPG,2434965,2025-04-23 23:27:50,moved
CT08,M4,04230197.JPG,M4\04230197.JPG,04230197.JPG,1231849,2025-04-23 23:27:50,moved
CT08,M4,04230198.JPG,M4\04230198.JPG,04230198.JPG,1221404,2025-04-23 23:27:50,moved
CT08,M4,04230199.JPG,M4\04230199.JPG,04230199.JPG,1219053,2025-04-23 23:27:52,moved
CT08,M4,04230200.JPG,M4\04230200.JPG,04230200.JPG,1225387,2025-04-23 23:27:52,moved
CT08,M4,04230201.JPG,M4\04230201.JPG,04230201.JPG,1229664,2025-04-23 23:27:52,moved
CT08,M4,04230202.JPG,M4\04230202.JPG,04230202.JPG,1204339,2025-04-23 23:27:52,moved
CT08,M4,04300203.JPG,M4\04300203.JPG,04300203.JPG,2433114,2025-04-30 00:48:30,moved
CT08,M4,04300204.JPG,M4\04300204.JPG,04300204.JPG,1224663,2025-04-30 00:48:32,moved
CT08,M4,04300205.JPG,M4\04300205.JPG,04300205.JPG,1217728,2025-04-30 00:48:32,moved
CT08,M4,04300206.JPG,M4\04300206.JPG,04300206.JPG,1245137,2025-04-30 00:48:32,moved
CT08,M4,04300207.JPG,M4\04300207.JPG,04300207.JPG,1252836,2025-04-30 00:48:32,moved
CT08,M4,04300208.JPG,M4\04300208.JPG,04300208.JPG,1225328,2025-04-30 00:48:34,moved
CT08,M4,05060209.JPG,M4\05060209.JPG,05060209.JPG,1356374,2025-05-06 16:14:52,moved
CT08,M4,05060210.JPG,M4\05060210.JPG,05060210.JPG,1541928,2025-05-06 16:14:54,moved
CT08,M4,05060211.JPG,M4\05060211.JPG,05060211.JPG,1499510,2025-05-06 16:14:54,moved
CT08,M4,05060212.JPG,M4\05060212.JPG,05060212.JPG,1455661,2025-05-06 16:14:54,moved
CT08,M4,05060213.JPG,M4\05060213.JPG,05060213.JPG,1455130,2025-05-06 16:14:54,moved
CT08,M4,05060214.JPG,M4\05060214.JPG,05060214.JPG,676033,2025-05-06 16:14:54,moved
CT08,M4,05060215.JPG,M4\05060215.JPG,05060215.JPG,672092,2025-05-06 16:14:56,moved
CT08,M4,05060216.JPG,M4\05060216.JPG,05060216.JPG,307091,2025-05-06 16:14:58,moved
CT08,M4,05060217.JPG,M4\05060217.JPG,05060217.JPG,977122,2025-05-06 16:14:58,moved
CT08,M4,05060218.JPG,M4\05060218.JPG,05060218.JPG,941199,2025-05-06 16:15:00,moved
CT08,M4,05060219.JPG,M4\05060219.JPG,05060219.JPG,820719,2025-05-06 16:15:00,moved
CT08,M4,05060220.JPG,M4\05060220.JPG,05060220.JPG,995386,2025-05-06 16:15:00,moved
CT08,M4,05060221.JPG,M4\05060221.JPG,05060221.JPG,978353,2025-05-06 16:15:00,moved
CT08,M4,05060222.JPG,M4\05060222.JPG,05060222.JPG,307210,2025-05-06 16:15:02,moved
CT08,M4,05060223.JPG,M4\05060223.JPG,05060223.JPG,316294,2025-05-06 16:15:02,moved
CT08,M4,05060224.JPG,M4\05060224.JPG,05060224.JPG,307679,2025-05-06 16:15:02,moved
CT08,M4,05060225.JPG,M4\05060225.JPG,05060225.JPG,309802,2025-05-06 16:15:02,moved
CT08,M4,05060226.JPG,M4\05060226.JPG,05060226.JPG,308203,2025-05-06 16:15:02,moved
CT08,M4,05060227.JPG,M4\05060227.JPG,05060227.JPG,313237,2025-05-06 16:15:04,moved
CT08,M4,05060228.JPG,M4\05060228.JPG,05060228.JPG,680560,2025-05-06 16:15:04,moved
CT08,M4,05060229.JPG,M4\05060229.JPG,05060229.JPG,755663,2025-05-06 16:15:04,moved
CT08,M4,09090001.JPG,M4\09090001.JPG,09090001.JPG,2270175,2024-09-09 16:54:20,moved
CT08,M4,09090002.JPG,M4\09090002.JPG,09090002.JPG,2289000,2024-09-09 16:54:20,moved
CT08,M4,09090003.JPG,M4\09090003.JPG,09090003.JPG,2313031,2024-09-09 16:54:20,moved
CT08,M4,09090004.JPG,M4\09090004.JPG,09090004.JPG,2406745,2024-09-09 16:54:20,moved
CT08,M4,09090005.JPG,M4\09090005.JPG,09090005.JPG,2465290,2024-09-09 16:54:22,moved
CT08,M4,09090006.JPG,M4\09090006.JPG,09090006.JPG,2330215,2024-09-09 16:54:24,moved
CT08,M4,09090007.JPG,M4\09090007.JPG,09090007.JPG,2141979,2024-09-09 16:54:24,moved
CT08,M4,09090008.JPG,M4\09090008.JPG,09090008.JPG,1992920,2024-09-09 16:54:24,moved
CT08,M4,09090009.JPG,M4\09090009.JPG,09090009.JPG,1946684,2024-09-09 16:54:26,moved
CT08,M4,09090010.JPG,M4\09090010.JPG,09090010.JPG,2130710,2024-09-09 16:54:26,moved
CT08,M4,09090011.JPG,M4\09090011.JPG,09090011.JPG,2013980,2024-09-09 16:54:28,moved
CT08,M4,09090012.JPG,M4\09090012.JPG,09090012.JPG,2059910,2024-09-09 16:54:28,moved
CT08,M4,09090013.JPG,M4\09090013.JPG,09090013.JPG,2385790,2024-09-09 16:54:28,moved
CT08,M4,09090014.JPG,M4\09090014.JPG,09090014.JPG,2702905,2024-09-09 16:54:30,moved
CT08,M4,09090015.JPG,M4\09090015.JPG,09090015.JPG,2698982,2024-09-09 16:54:30,moved
CT08,M4,09090016.JPG,M4\09090016.JPG,09090016.JPG,2591317,2024-09-09 16:54:32,moved
CT08,M4,09090017.JPG,M4\09090017.JPG,09090017.JPG,2591848,2024-09-09 16:54:32,moved
CT08,M4,09090018.JPG,M4\09090018.JPG,09090018.JPG,2592322,2024-09-09 16:54:34,moved
CT08,M4,09090019.JPG,M4\09090019.JPG,09090019.JPG,2592585,2024-09-09 16:54:34,moved
CT08,M4,09230020.JPG,M4\09230020.JPG,09230020.JPG,2473971,2024-09-23 03:43:40,moved
CT08,M4,09230021.JPG,M4\09230021.JPG,09230021.JPG,1231605,2024-09-23 03:43:40,moved
CT08,M4,09230022.JPG,M4\09230022.JPG,09230022.JPG,1230496,2024-09-23 03:43:40,moved
CT08,M4,09230023.JPG,M4\09230023.JPG,09230023.JPG,1234361,2024-09-23 03:43:42,moved
CT08,M4,09230024.JPG,M4\09230024.JPG,09230024.JPG,1216754,2024-09-23 03:43:42,moved
CT08,M4,09230025.JPG,M4\09230025.JPG,09230025.JPG,1217281,2024-09-23 03:43:42,moved
CT08,M4,09260026.JPG,M4\09260026.JPG,09260026.JPG,2459426,2024-09-26 06:30:04,moved
CT08,M4,09260027.JPG,M4\09260027.JPG,09260027.JPG,1216424,2024-09-26 06:30:04,moved
CT08,M4,09260028.JPG,M4\09260028.JPG,09260028.JPG,1246983,2024-09-26 06:30:04,moved
CT08,M4,09260029.JPG,M4\09260029.JPG,09260029.JPG,1226436,2024-09-26 06:30:04,moved
CT08,M4,09260030.JPG,M4\09260030.JPG,09260030.JPG,1236953,2024-09-26 06:30:06,moved
CT08,M4,09260031.JPG,M4\09260031.JPG,09260031.JPG,1232175,2024-09-26 06:30:06,moved
CT08,M4,09260032.JPG,M4\09260032.JPG,09260032.JPG,2324627,2024-09-26 16:29:38,moved
CT08,M4,09260033.JPG,M4\09260033.JPG,09260033.JPG,2325119,2024-09-26 16:29:38,moved
CT08,M4,09260034.JPG,M4\09260034.JPG,09260034.JPG,2323994,2024-09-26 16:29:38,moved
CT08,M4,09260035.JPG,M4\09260035.JPG,09260035.JPG,2324057,2024-09-26 16:29:38,moved
CT08,M4,09260036.JPG,M4\09260036.JPG,09260036.JPG,2325221,2024-09-26 16:29:38,moved
CT08,M4,10040037.JPG,M4\10040037.JPG,10040037.JPG,2457119,2024-10-04 05:02:16,moved
CT08,M4,10040038.JPG,M4\10040038.JPG,10040038.JPG,1236788,2024-10-04 05:02:16,moved
CT08,M4,10040039.JPG,M4\10040039.JPG,10040039.JPG,1233527,2024-10-04 05:02:16,moved
CT08,M4,10040040.JPG,M4\10040040.JPG,10040040.JPG,1222948,2024-10-04 05:02:16,moved
CT08,M4,10040041.JPG,M4\10040041.JPG,10040041.JPG,1276940,2024-10-04 05:02:18,moved
CT08,M4,10040042.JPG,M4\10040042.JPG,10040042.JPG,1225417,2024-10-04 05:02:18,moved
CT08,M4,10100043.JPG,M4\10100043.JPG,10100043.JPG,1598797,2024-10-10 18:58:46,moved
CT08,M4,10100044.JPG,M4\10100044.JPG,10100044.JPG,1590052,2024-10-10 18:58:46,moved
CT08,M4,10100045.JPG,M4\10100045.JPG,10100045.JPG,1589645,2024-10-10 18:58:48,moved
CT08,M4,10100046.JPG,M4\10100046.JPG,10100046.JPG,1589709,2024-10-10 18:58:48,moved
CT08,M4,10100047.JPG,M4\10100047.JPG,10100047.JPG,1588594,2024-10-10 18:58:48,moved
CT08,M4,10100048.JPG,M4\10100048.JPG,10100048.JPG,1588848,2024-10-10 18:58:48,moved
CT08,M4,10140049.JPG,M4\10140049.JPG,10140049.JPG,2106080,2024-10-14 08:41:24,moved
CT08,M4,10140050.JPG,M4\10140050.JPG,10140050.JPG,2169906,2024-10-14 08:41:26,moved
CT08,M4,10140051.JPG,M4\10140051.JPG,10140051.JPG,2169427,2024-10-14 08:41:26,moved
CT08,M4,10140052.JPG,M4\10140052.JPG,10140052.JPG,2167254,2024-10-14 08:41:26,moved
CT08,M4,10140053.JPG,M4\10140053.JPG,10140053.JPG,2167952,2024-10-14 08:41:26,moved
CT08,M4,10180054.JPG,M4\10180054.JPG,10180054.JPG,2312096,2024-10-18 09:39:22,moved
CT08,M4,10180055.JPG,M4\10180055.JPG,10180055.JPG,2287111,2024-10-18 09:39:22,moved
CT08,M4,10180056.JPG,M4\10180056.JPG,10180056.JPG,2292398,2024-10-18 09:39:22,moved
CT08,M4,10180057.JPG,M4\10180057.JPG,10180057.JPG,2290175,2024-10-18 09:39:22,moved
CT08,M4,10180058.JPG,M4\10180058.JPG,10180058.JPG,2288282,2024-10-18 09:39:24,moved
CT08,M4,10240059.JPG,M4\10240059.JPG,10240059.JPG,2388466,2024-10-24 04:53:12,moved
CT08,M4,10240060.JPG,M4\10240060.JPG,10240060.JPG,1179057,2024-10-24 04:53:12,moved
CT08,M4,10240061.JPG,M4\10240061.JPG,10240061.JPG,1184017,2024-10-24 04:53:12,moved
CT08,M4,10240062.JPG,M4\10240062.JPG,10240062.JPG,1189105,2024-10-24 04:53:12,moved
CT08,M4,10240063.JPG,M4\10240063.JPG,10240063.JPG,1179836,2024-10-24 04:53:12,moved
CT08,M4,10240064.JPG,M4\10240064.JPG,10240064.JPG,1171699,2024-10-24 04:53:14,moved
CT08,M4,10240065.JPG,M4\10240065.JPG,10240065.JPG,1171375,2024-10-24 04:53:14,moved
CT08,M4,10250066.JPG,M4\10250066.JPG,10250066.JPG,2456239,2024-10-26 00:11:38,moved
CT08,M4,10250067.JPG,M4\10250067.JPG,10250067.JPG,1219049,2024-10-26 00:11:40,moved
CT08,M4,10250068.JPG,M4\10250068.JPG,10250068.JPG,1224914,2024-10-26 00:11:40,moved
CT08,M4,10250069.JPG,M4\10250069.JPG,10250069.JPG,1214237,2024-10-26 00:11:40,moved
CT08,M4,10250070.JPG,M4\10250070.JPG,10250070.JPG,1229534,2024-10-26 00:11:40,moved
CT08,M4,10250071.JPG,M4\10250071.JPG,10250071.JPG,1211824,2024-10-26 00:11:40,moved
CT08,M4,10250072.JPG,M4\10250072.JPG,10250072.JPG,1226923,2024-10-26 00:11:42,moved
CT08,M4,10280073.JPG,M4\10280073.JPG,10280073.JPG,2326916,2024-10-28 01:34:48,moved
CT08,M4,10280074.JPG,M4\10280074.JPG,10280074.JPG,1215082,2024-10-28 01:34:48,moved
CT08,M4,10280075.JPG,M4\10280075.JPG,10280075.JPG,1224539,2024-10-28 01:34:48,moved
CT08,M4,10280076.JPG,M4\10280076.JPG,10280076.JPG,1241002,2024-10-28 01:34:48,moved
CT08,M4,10280077.JPG,M4\10280077.JPG,10280077.JPG,1215398,2024-10-28 01:34:50,moved
CT08,M4,10280078.JPG,M4\10280078.JPG,10280078.JPG,1196790,2024-10-28 01:34:50,moved
CT08,M4,10280079.JPG,M4\10280079.JPG,10280079.JPG,1235187,2024-10-28 01:34:50,moved
CT08,M4,11070080.JPG,M4\11070080.JPG,11070080.JPG,2477321,2024-11-07 02:53:40,moved
CT08,M4,11070081.JPG,M4\11070081.JPG,11070081.JPG,1207041,2024-11-07 02:53:40,moved
CT08,M4,11070082.JPG,M4\11070082.JPG,11070082.JPG,1210164,2024-11-07 02:53:40,moved
CT08,M4,11070083.JPG,M4\11070083.JPG,11070083.JPG,1232366,2024-11-07 02:53:40,moved
CT08,M4,11070084.JPG,M4\11070084.JPG,11070084.JPG,1231211,2024-11-07 02:53:42,moved
CT08,M4,11070085.JPG,M4\11070085.JPG,11070085.JPG,1208183,2024-11-07 02:53:42,moved
CT08,M4,11210086.JPG,M4\11210086.JPG,11210086.JPG,2369292,2024-11-22 00:39:14,moved
CT08,M4,11210087.JPG,M4\11210087.JPG,11210087.JPG,1219925,2024-11-22 00:39:14,moved
CT08,M4,11210088.JPG,M4\11210088.JPG,11210088.JPG,1238095,2024-11-22 00:39:14,moved
CT08,M4,11210089.JPG,M4\11210089.JPG,11210089.JPG,1226773,2024-11-22 00:39:14,moved
CT08,M4,11210090.JPG,M4\11210090.JPG,11210090.JPG,1213540,2024-11-22 00:39:14,moved
CT08,M4,11210091.JPG,M4\11210091.JPG,11210091.JPG,1206078,2024-11-22 00:39:16,moved
CT08,M4,11210092.JPG,M4\11210092.JPG,11210092.JPG,1217950,2024-11-22 00:39:16,moved
CT08,M4,11230093.JPG,M4\11230093.JPG,11230093.JPG,2441643,2024-11-24 00:53:26,moved
CT08,M4,11230094.JPG,M4\11230094.JPG,11230094.JPG,1233631,2024-11-24 00:53:28,moved
CT08,M4,11230095.JPG,M4\11230095.JPG,11230095.JPG,1210713,2024-11-24 00:53:28,moved
CT08,M4,11230096.JPG,M4\11230096.JPG,11230096.JPG,1244846,2024-11-24 00:53:28,moved
CT08,M4,11230097.JPG,M4\11230097.JPG,11230097.JPG,1236932,2024-11-24 00:53:28,moved
CT08,M4,11230098.JPG,M4\11230098.JPG,11230098.JPG,1227319,2024-11-24 00:53:28,moved
CT08,M4,11260099.JPG,M4\11260099.JPG,11260099.JPG,2318894,2024-11-26 23:13:04,moved
CT08,M4,11260100.JPG,M4\11260100.JPG,11260100.JPG,1189034,2024-11-26 23:13:06,moved
CT08,M4,11260101.JPG,M4\11260101.JPG,11260101.JPG,1201946,2024-11-26 23:13:06,moved
CT08,M4,11260102.JPG,M4\11260102.JPG,11260102.JPG,1186655,2024-11-26 23:13:06,moved
CT08,M4,11260103.JPG,M4\11260103.JPG,11260103.JPG,1194433,2024-11-26 23:13:06,moved
CT08,M4,11260104.JPG,M4\11260104.JPG,11260104.JPG,1199949,2024-11-26 23:13:08,moved
CT08,M4,11260105.JPG,M4\11260105.JPG,11260105.JPG,1179086,2024-11-26 23:13:08,moved
CT08,M4,11300106.JPG,M4\11300106.JPG,11300106.JPG,2329046,2024-11-30 02:44:40,moved
CT08,M4,11300107.JPG,M4\11300107.JPG,11300107.JPG,1197474,2024-11-30 02:44:40,moved
CT08,M4,11300108.JPG,M4\11300108.JPG,11300108.JPG,1190400,2024-11-30 02:44:40,moved
CT08,M4,11300109.JPG,M4\11300109.JPG,11300109.JPG,1171929,2024-11-30 02:44:42,moved
CT08,M4,11300110.JPG,M4\11300110.JPG,11300110.JPG,1185503,2024-11-30 02:44:42,moved
CT08,M4,11300111.JPG,M4\11300111.JPG,11300111.JPG,1191976,2024-11-30 02:44:42,moved
CT08,M4,11300112.JPG,M4\11300112.JPG,11300112.JPG,1167243,2024-11-30 02:44:42,moved
CT08,M4,12010113.JPG,M4\12010113.JPG,12010113.JPG,2361460,2024-12-01 15:45:28,moved
CT08,M4,12010114.JPG,M4\12010114.JPG,12010114.JPG,2354708,2024-12-01 15:45:28,moved
CT08,M4,12010115.JPG,M4\12010115.JPG,12010115.JPG,2351320,2024-12-01 15:45:28,moved
CT08,M4,12010116.JPG,M4\12010116.JPG,12010116.JPG,2348439,2024-12-01 15:45:30,moved
CT08,M4,12010117.JPG,M4\12010117.JPG,12010117.JPG,2345891,2024-12-01 15:45:30,moved
CT08,M4,12010118.JPG,M4\12010118.JPG,12010118.JPG,2349059,2024-12-01 15:45:36,moved
CT08,M4,12010119.JPG,M4\12010119.JPG,12010119.JPG,2348582,2024-12-01 15:45:36,moved
CT08,M4,12010120.JPG,M4\12010120.JPG,12010120.JPG,2345177,2024-12-01 15:45:36,moved
CT08,M4,12010121.JPG,M4\12010121.JPG,12010121.JPG,2348636,2024-12-01 15:45:36,moved
CT08,M4,12010122.JPG,M4\12010122.JPG,12010122.JPG,2350609,2024-12-01 15:45:38,moved
CT08,M4,12010123.JPG,M4\12010123.JPG,12010123.JPG,2349317,2024-12-01 15:45:40,moved
CT08,M4,12010124.JPG,M4\12010124.JPG,12010124.JPG,2349993,2024-12-01 15:45:40,moved
CT08,M4,12010125.JPG,M4\12010125.JPG,12010125.JPG,2352429,2024-12-01 15:45:40,moved
CT08,M4,12010126.JPG,M4\12010126.JPG,12010126.JPG,2349856,2024-12-01 15:45:42,moved
CT08,M4,12010127.JPG,M4\12010127.JPG,12010127.JPG,2344025,2024-12-01 15:45:42,moved
CT08,M4,12220128.JPG,M4\12220128.JPG,12220128.JPG,2142908,2024-12-22 06:47:34,moved
CT08,M4,12220129.JPG,M4\12220129.JPG,12220129.JPG,1193957,2024-12-22 06:47:36,moved
CT08,M4,12220130.JPG,M4\12220130.JPG,12220130.JPG,1185121,2024-12-22 06:47:36,moved
CT08,M4,12220131.JPG,M4\12220131.JPG,12220131.JPG,1198164,2024-12-22 06:47:36,moved
CT08,M4,12220132.JPG,M4\12220132.JPG,12220132.JPG,1198233,2024-12-22 06:47:36,moved
CT08,M4,12220133.JPG,M4\12220133.JPG,12220133.JPG,1178873,2024-12-22 06:47:36,moved
CT08,M4,12220134.JPG,M4\12220134.JPG,12220134.JPG,1164689,2024-12-22 06:47:38,moved
CT08,M4,12270135.JPG,M4\12270135.JPG,12270135.JPG,2527844,2024-12-27 13:20:18,moved
CT08,M4,12270136.JPG,M4\12270136.JPG,12270136.JPG,2521865,2024-12-27 13:20:18,moved
CT08,M4,12270137.JPG,M4\12270137.JPG,12270137.JPG,2519133,2024-12-27 13:20:18,moved
CT08,M4,12270138.JPG,M4\12270138.JPG,12270138.JPG,2520251,2024-12-27 13:20:20,moved
CT08,M4,12290139.JPG,M4\12290139.JPG,12290139.JPG,2437177,2024-12-29 04:41:30,moved
CT08,M4,12290140.JPG,M4\12290140.JPG,12290140.JPG,1215826,2024-12-29 04:41:30,moved
CT08,M4,12290141.JPG,M4\12290141.JPG,12290141.JPG,1232921,2024-12-29 04:41:30,moved
CT08,M4,12290142.JPG,M4\12290142.JPG,12290142.JPG,1226837,2024-12-29 04:41:30,moved
CT08,M4,12290143.JPG,M4\12290143.JPG,12290143.JPG,1231939,2024-12-29 04:41:32,moved
CT08,M4,12290144.JPG,M4\12290144.JPG,12290144.JPG,1214591,2024-12-29 04:41:32,moved
CT09,M02,01010261.JPG,M02\01010261.JPG,01010261.JPG,6174284,2025-01-01 14:19:06,moved
CT09,M02,01010262.JPG,M02\01010262.JPG,01010262.JPG,6139872,2025-01-01 14:19:08,moved
CT09,M02,01010263.JPG,M02\01010263.JPG,01010263.JPG,6150338,2025-01-01 14:19:08,moved
CT09,M02,01050265.JPG,M02\01050265.JPG,01050265.JPG,4952397,2025-01-05 03:59:06,moved
CT09,M02,01050266.JPG,M02\01050266.JPG,01050266.JPG,4976078,2025-01-05 03:59:08,moved
CT09,M02,01050267.JPG,M02\01050267.JPG,01050267.JPG,4948678,2025-01-05 03:59:08,moved
CT09,M02,01050269.JPG,M02\01050269.JPG,01050269.JPG,5171574,2025-01-05 07:16:30,moved
CT09,M02,01050270.JPG,M02\01050270.JPG,01050270.JPG,5224231,2025-01-05 07:16:30,moved
CT09,M02,01050271.JPG,M02\01050271.JPG,01050271.JPG,5231877,2025-01-05 07:16:32,moved
CT09,M02,01050273.JPG,M02\01050273.JPG,01050273.JPG,5292096,2025-01-05 07:18:30,moved
CT09,M02,01050274.JPG,M02\01050274.JPG,01050274.JPG,5200777,2025-01-05 07:18:32,moved
CT09,M02,01050275.JPG,M02\01050275.JPG,01050275.JPG,5244494,2025-01-05 07:18:32,moved
CT09,M02,01050277.JPG,M02\01050277.JPG,01050277.JPG,5340171,2025-01-05 07:20:12,moved
CT09,M02,01050278.JPG,M02\01050278.JPG,01050278.JPG,5342052,2025-01-05 07:20:14,moved
CT09,M02,01050279.JPG,M02\01050279.JPG,01050279.JPG,5341759,2025-01-05 07:20:14,moved
CT09,M02,01060281.JPG,M02\01060281.JPG,01060281.JPG,4901703,2025-01-06 23:12:42,moved
CT09,M02,01060282.JPG,M02\01060282.JPG,01060282.JPG,4924417,2025-01-06 23:12:42,moved
CT09,M02,01060283.JPG,M02\01060283.JPG,01060283.JPG,4925619,2025-01-06 23:12:44,moved
CT09,M02,01090285.JPG,M02\01090285.JPG,01090285.JPG,5553530,2025-01-09 16:07:40,moved
CT09,M02,01090286.JPG,M02\01090286.JPG,01090286.JPG,5654964,2025-01-09 16:07:40,moved
CT09,M02,01090287.JPG,M02\01090287.JPG,01090287.JPG,5837354,2025-01-09 16:07:42,moved
CT09,M02,01090289.JPG,M02\01090289.JPG,01090289.JPG,5128429,2025-01-09 16:08:46,moved
CT09,M02,01090290.JPG,M02\01090290.JPG,01090290.JPG,4348897,2025-01-09 16:08:48,moved
CT09,M02,01090291.JPG,M02\01090291.JPG,01090291.JPG,4991943,2025-01-09 16:08:48,moved
CT09,M02,01130293.JPG,M02\01130293.JPG,01130293.JPG,4941601,2025-01-13 22:58:34,moved
CT09,M02,01130294.JPG,M02\01130294.JPG,01130294.JPG,4941600,2025-01-13 22:58:36,moved
CT09,M02,01130295.JPG,M02\01130295.JPG,01130295.JPG,4939609,2025-01-13 22:58:38,moved
CT09,M02,01200297.JPG,M02\01200297.JPG,01200297.JPG,5960632,2025-01-20 09:37:30,moved
CT09,M02,01200298.JPG,M02\01200298.JPG,01200298.JPG,5965710,2025-01-20 09:37:30,moved
CT09,M02,01200299.JPG,M02\01200299.JPG,01200299.JPG,5955499,2025-01-20 09:37:30,moved
CT09,M02,01200301.JPG,M02\01200301.JPG,01200301.JPG,4892292,2025-01-20 22:56:46,moved
CT09,M02,01200302.JPG,M02\01200302.JPG,01200302.JPG,4896125,2025-01-20 22:56:48,moved
CT09,M02,01200303.JPG,M02\01200303.JPG,01200303.JPG,4890564,2025-01-20 22:56:50,moved
CT09,M02,01210305.JPG,M02\01210305.JPG,01210305.JPG,4930714,2025-01-21 22:56:58,moved
CT09,M02,01210306.JPG,M02\01210306.JPG,01210306.JPG,4926886,2025-01-21 22:57:00,moved
CT09,M02,01210307.JPG,M02\01210307.JPG,01210307.JPG,4920864,2025-01-21 22:57:00,moved
CT09,M02,01260309.JPG,M02\01260309.JPG,01260309.JPG,6056676,2025-01-26 17:06:14,moved
CT09,M02,01260310.JPG,M02\01260310.JPG,01260310.JPG,6011092,2025-01-26 17:06:16,moved
CT09,M02,01260311.JPG,M02\01260311.JPG,01260311.JPG,5995277,2025-01-26 17:06:16,moved
CT09,M02,01270313.JPG,M02\01270313.JPG,01270313.JPG,5770206,2025-01-27 16:56:54,moved
CT09,M02,01270314.JPG,M02\01270314.JPG,01270314.JPG,5694253,2025-01-27 16:56:54,moved
CT09,M02,01270315.JPG,M02\01270315.JPG,01270315.JPG,5655087,2025-01-27 16:56:56,moved
CT09,M02,02060317.JPG,M02\02060317.JPG,02060317.JPG,5611241,2025-02-06 15:57:08,moved
CT09,M02,02060318.JPG,M02\02060318.JPG,02060318.JPG,5726383,2025-02-06 15:57:08,moved
CT09,M02,02060319.JPG,M02\02060319.JPG,02060319.JPG,5772105,2025-02-06 15:57:10,moved
CT09,M02,02060321.JPG,M02\02060321.JPG,02060321.JPG,4941229,2025-02-06 22:21:46,moved
CT09,M02,02060322.JPG,M02\02060322.JPG,02060322.JPG,4934940,2025-02-06 22:21:48,moved
CT09,M02,02060323.JPG,M02\02060323.JPG,02060323.JPG,4939894,2025-02-06 22:21:48,moved
CT09,M02,02080325.JPG,M02\02080325.JPG,02080325.JPG,6075322,2025-02-08 17:36:06,moved
CT09,M02,02080326.JPG,M02\02080326.JPG,02080326.JPG,6119157,2025-02-08 17:36:08,moved
CT09,M02,02080327.JPG,M02\02080327.JPG,02080327.JPG,6109714,2025-02-08 17:36:08,moved
CT09,M02,02090329.JPG,M02\02090329.JPG,02090329.JPG,4876024,2025-02-09 04:38:04,moved
CT09,M02,02090330.JPG,M02\02090330.JPG,02090330.JPG,4880278,2025-02-09 04:38:04,moved
CT09,M02,02090331.JPG,M02\02090331.JPG,02090331.JPG,4885079,2025-02-09 04:38:06,moved
CT09,M02,02090333.JPG,M02\02090333.JPG,02090333.JPG,4566199,2025-02-09 04:38:30,moved
CT09,M02,02090334.JPG,M02\02090334.JPG,02090334.JPG,4829831,2025-02-09 04:38:30,moved
CT09,M02,02090335.JPG,M02\02090335.JPG,02090335.JPG,4843393,2025-02-09 04:38:32,moved
CT09,M02,02160337.JPG,M02\02160337.JPG,02160337.JPG,4803145,2025-02-16 05:16:22,moved
CT09,M02,02160338.JPG,M02\02160338.JPG,02160338.JPG,4818192,2025-02-16 05:16:24,moved
CT09,M02,02160339.JPG,M02\02160339.JPG,02160339.JPG,4805888,2025-02-16 05:16:24,moved
CT09,M02,02170341.JPG,M02\02170341.JPG,02170341.JPG,4776695,2025-02-17 02:56:34,moved
CT09,M02,02170342.JPG,M02\02170342.JPG,02170342.JPG,4776805,2025-02-17 02:56:34,moved
CT09,M02,02170343.JPG,M02\02170343.JPG,02170343.JPG,4777041,2025-02-17 02:56:36,moved
CT09,M02,02170345.JPG,M02\02170345.JPG,02170345.JPG,4824986,2025-02-17 02:57:00,moved
CT09,M02,02170346.JPG,M02\02170346.JPG,02170346.JPG,4822740,2025-02-17 02:57:00,moved
CT09,M02,02170347.JPG,M02\02170347.JPG,02170347.JPG,4823646,2025-02-17 02:57:02,moved
CT09,M02,03120349.JPG,M02\03120349.JPG,03120349.JPG,4851465,2025-03-12 02:16:26,moved
CT09,M02,03120350.JPG,M02\03120350.JPG,03120350.JPG,4859839,2025-03-12 02:16:26,moved
CT09,M02,03120351.JPG,M02\03120351.JPG,03120351.JPG,4854460,2025-03-12 02:16:28,moved
CT09,M02,03120353.JPG,M02\03120353.JPG,03120353.JPG,4858700,2025-03-12 04:16:26,moved
CT09,M02,03120354.JPG,M02\03120354.JPG,03120354.JPG,4862716,2025-03-12 04:16:26,moved
CT09,M02,03120355.JPG,M02\03120355.JPG,03120355.JPG,4868261,2025-03-12 04:16:28,moved
CT09,M02,03120357.JPG,M02\03120357.JPG,03120357.JPG,4856581,2025-03-12 04:35:08,moved
CT09,M02,03120358.JPG,M02\03120358.JPG,03120358.JPG,4853950,2025-03-12 04:35:10,moved
CT09,M02,03120359.JPG,M02\03120359.JPG,03120359.JPG,4851883,2025-03-12 04:35:10,moved
CT09,M02,03120361.JPG,M02\03120361.JPG,03120361.JPG,4865675,2025-03-12 22:40:40,moved
CT09,M02,03120362.JPG,M02\03120362.JPG,03120362.JPG,4871221,2025-03-12 22:40:42,moved
CT09,M02,03120363.JPG,M02\03120363.JPG,03120363.JPG,4865737,2025-03-12 22:40:42,moved
CT09,M02,03130365.JPG,M02\03130365.JPG,03130365.JPG,4872427,2025-03-13 01:17:52,moved
CT09,M02,03130366.JPG,M02\03130366.JPG,03130366.JPG,4869999,2025-03-13 01:17:52,moved
CT09,M02,03130367.JPG,M02\03130367.JPG,03130367.JPG,4875972,2025-03-13 01:17:54,moved
CT09,M02,03130369.JPG,M02\03130369.JPG,03130369.JPG,4874182,2025-03-13 03:11:10,moved
CT09,M02,03130370.JPG,M02\03130370.JPG,03130370.JPG,4865921,2025-03-13 03:11:10,moved
CT09,M02,03130371.JPG,M02\03130371.JPG,03130371.JPG,4872161,2025-03-13 03:11:12,moved
CT09,M02,03130373.JPG,M02\03130373.JPG,03130373.JPG,4888315,2025-03-13 08:10:22,moved
CT09,M02,03130374.JPG,M02\03130374.JPG,03130374.JPG,4775925,2025-03-13 08:10:24,moved
CT09,M02,03130375.JPG,M02\03130375.JPG,03130375.JPG,4844217,2025-03-13 08:10:24,moved
CT09,M02,03130377.JPG,M02\03130377.JPG,03130377.JPG,5401036,2025-03-13 08:38:52,moved
CT09,M02,03130378.JPG,M02\03130378.JPG,03130378.JPG,5413862,2025-03-13 08:38:52,moved
CT09,M02,03130379.JPG,M02\03130379.JPG,03130379.JPG,5413262,2025-03-13 08:38:54,moved
CT09,M02,03130381.JPG,M02\03130381.JPG,03130381.JPG,5404846,2025-03-13 08:39:30,moved
CT09,M02,03130382.JPG,M02\03130382.JPG,03130382.JPG,5384080,2025-03-13 08:39:30,moved
CT09,M02,03130383.JPG,M02\03130383.JPG,03130383.JPG,5381130,2025-03-13 08:39:32,moved
CT09,M02,03130385.JPG,M02\03130385.JPG,03130385.JPG,5420932,2025-03-13 08:39:36,moved
CT09,M02,03130386.JPG,M02\03130386.JPG,03130386.JPG,5371387,2025-03-13 08:39:52,moved
CT09,M02,03130387.JPG,M02\03130387.JPG,03130387.JPG,5429462,2025-03-13 08:39:52,moved
CT09,M02,03130388.JPG,M02\03130388.JPG,03130388.JPG,5439038,2025-03-13 08:50:36,moved
CT09,M02,03130389.JPG,M02\03130389.JPG,03130389.JPG,5426464,2025-03-13 08:50:36,moved
CT09,M02,03130390.JPG,M02\03130390.JPG,03130390.JPG,5427900,2025-03-13 08:50:36,moved
CT09,M02,03190392.JPG,M02\03190392.JPG,03190392.JPG,4818011,2025-03-19 06:14:42,moved
CT09,M02,03190393.JPG,M02\03190393.JPG,03190393.JPG,4818454,2025-03-19 06:14:44,moved
CT09,M02,03190394.JPG,M02\03190394.JPG,03190394.JPG,4828259,2025-03-19 06:14:44,moved
CT09,M02,03220396.JPG,M02\03220396.JPG,03220396.JPG,4825104,2025-03-22 05:24:42,moved
CT09,M02,03220397.JPG,M02\03220397.JPG,03220397.JPG,4827832,2025-03-22 05:24:44,moved
CT09,M02,03220398.JPG,M02\03220398.JPG,03220398.JPG,4825062,2025-03-22 05:24:46,moved
CT09,M02,03220400.JPG,M02\03220400.JPG,03220400.JPG,5785611,2025-03-22 12:17:18,moved
CT09,M02,03220401.JPG,M02\03220401.JPG,03220401.JPG,6107042,2025-03-22 12:17:18,moved
CT09,M02,03220402.JPG,M02\03220402.JPG,03220402.JPG,5908719,2025-03-22 12:17:20,moved
CT09,M02,03220404.JPG,M02\03220404.JPG,03220404.JPG,5859773,2025-03-22 12:17:40,moved
CT09,M02,03220405.JPG,M02\03220405.JPG,03220405.JPG,6091355,2025-03-22 12:17:40,moved
CT09,M02,03220406.JPG,M02\03220406.JPG,03220406.JPG,5841791,2025-03-22 12:17:42,moved
CT09,M02,03220408.JPG,M02\03220408.JPG,03220408.JPG,5932999,2025-03-22 12:17:48,moved
CT09,M02,03220409.JPG,M02\03220409.JPG,03220409.JPG,6215594,2025-03-22 12:17:50,moved
CT09,M02,03220410.JPG,M02\03220410.JPG,03220410.JPG,5126479,2025-03-22 12:17:50,moved
CT09,M02,03220412.JPG,M02\03220412.JPG,03220412.JPG,5152366,2025-03-22 12:21:18,moved
CT09,M02,03220413.JPG,M02\03220413.JPG,03220413.JPG,4967970,2025-03-22 12:21:38,moved
CT09,M02,03220414.JPG,M02\03220414.JPG,03220414.JPG,4903770,2025-03-22 12:21:38,moved
CT09,M02,03220415.JPG,M02\03220415.JPG,03220415.JPG,5947278,2025-03-22 12:21:40,moved
CT09,M02,03220416.JPG,M02\03220416.JPG,03220416.JPG,6172106,2025-03-22 12:21:40,moved
CT09,M02,03220417.JPG,M02\03220417.JPG,03220417.JPG,6087749,2025-03-22 12:21:42,moved
CT09,M02,03220418.JPG,M02\03220418.JPG,03220418.JPG,6167219,2025-03-22 12:21:42,moved
CT09,M02,03220419.JPG,M02\03220419.JPG,03220419.JPG,6128031,2025-03-22 12:21:50,moved
CT09,M02,03220420.JPG,M02\03220420.JPG,03220420.JPG,6154585,2025-03-22 12:21:52,moved
CT09,M02,03220421.JPG,M02\03220421.JPG,03220421.JPG,6156754,2025-03-22 12:21:52,moved
CT09,M02,03240422.JPG,M02\03240422.JPG,03240422.JPG,4909365,2025-03-24 08:33:42,moved
CT09,M02,03240423.JPG,M02\03240423.JPG,03240423.JPG,4917128,2025-03-24 08:33:44,moved
CT09,M02,03240424.JPG,M02\03240424.JPG,03240424.JPG,4910265,2025-03-24 08:33:44,moved
CT09,M02,03240425.JPG,M02\03240425.JPG,03240425.JPG,5003331,2025-03-24 08:36:18,moved
CT09,M02,04010426.JPG,M02\04010426.JPG,04010426.JPG,4989198,2025-04-01 05:59:16,moved
CT09,M02,04010427.JPG,M02\04010427.JPG,04010427.JPG,4984322,2025-04-01 05:59:18,moved
CT09,M02,04010428.JPG,M02\04010428.JPG,04010428.JPG,4987053,2025-04-01 05:59:18,moved
CT09,M02,04030429.JPG,M02\04030429.JPG,04030429.JPG,4877011,2025-04-03 21:26:34,moved
CT09,M02,04030430.JPG,M02\04030430.JPG,04030430.JPG,4870438,2025-04-03 21:26:34,moved
CT09,M02,04030431.JPG,M02\04030431.JPG,04030431.JPG,4870347,2025-04-03 21:26:36,moved
CT09,M02,04110432.JPG,M02\04110432.JPG,04110432.JPG,4970397,2025-04-11 07:45:40,moved
CT09,M02,04110433.JPG,M02\04110433.JPG,04110433.JPG,4970982,2025-04-11 07:45:40,moved
CT09,M02,04110434.JPG,M02\04110434.JPG,04110434.JPG,4968885,2025-04-11 07:45:42,moved
CT09,M02,04110435.JPG,M02\04110435.JPG,04110435.JPG,4973250,2025-04-11 07:46:12,moved
CT09,M02,04110436.JPG,M02\04110436.JPG,04110436.JPG,4964961,2025-04-11 07:46:14,moved
CT09,M02,04110437.JPG,M02\04110437.JPG,04110437.JPG,5510964,2025-04-11 08:11:22,moved
CT09,M02,04110438.JPG,M02\04110438.JPG,04110438.JPG,5430588,2025-04-11 08:11:24,moved
CT09,M02,04170439.JPG,M02\04170439.JPG,04170439.JPG,5059972,2025-04-17 03:12:22,moved
CT09,M02,04170440.JPG,M02\04170440.JPG,04170440.JPG,5647980,2025-04-17 08:19:32,moved
CT09,M02,05140441.JPG,M02\05140441.JPG,05140441.JPG,5973303,2025-05-14 13:01:42,moved
CT09,M02,05140442.JPG,M02\05140442.JPG,05140442.JPG,6021921,2025-05-14 13:01:44,moved
CT09,M02,05140443.JPG,M02\05140443.JPG,05140443.JPG,5925295,2025-05-14 13:01:44,moved
CT09,M02,05140444.JPG,M02\05140444.JPG,05140444.JPG,5886036,2025-05-14 13:01:48,moved
CT09,M02,05140445.JPG,M02\05140445.JPG,05140445.JPG,5854223,2025-05-14 13:01:48,moved
CT09,M02,05140446.JPG,M02\05140446.JPG,05140446.JPG,5780456,2025-05-14 13:01:50,moved
CT09,M02,05140447.JPG,M02\05140447.JPG,05140447.JPG,5833178,2025-05-14 13:01:50,moved
CT09,M02,05140448.JPG,M02\05140448.JPG,05140448.JPG,5908856,2025-05-14 13:01:52,moved
CT09,M02,05140449.JPG,M02\05140449.JPG,05140449.JPG,5509539,2025-05-14 13:01:52,moved
CT09,M02,05140450.JPG,M02\05140450.JPG,05140450.JPG,5485758,2025-05-14 13:01:54,moved
CT09,M02,05140451.JPG,M02\05140451.JPG,05140451.JPG,5125674,2025-05-14 13:01:54,moved
CT09,M02,05140452.JPG,M02\05140452.JPG,05140452.JPG,5141516,2025-05-14 13:01:56,moved
CT09,M02,05140453.JPG,M02\05140453.JPG,05140453.JPG,5113011,2025-05-14 13:01:58,moved
CT09,M02,05140454.JPG,M02\05140454.JPG,05140454.JPG,4966115,2025-05-14 13:01:58,moved
CT09,M02,05140455.JPG,M02\05140455.JPG,05140455.JPG,4890506,2025-05-14 13:02:00,moved
CT09,M02,05140456.JPG,M02\05140456.JPG,05140456.JPG,4933817,2025-05-14 13:02:00,moved
CT09,M02,05140457.JPG,M02\05140457.JPG,05140457.JPG,4559121,2025-05-14 13:02:02,moved
CT09,M02,05140458.JPG,M02\05140458.JPG,05140458.JPG,4731367,2025-05-14 13:02:02,moved
CT09,M02,05140459.JPG,M02\05140459.JPG,05140459.JPG,4179753,2025-05-14 13:02:04,moved
CT09,M02,05140460.JPG,M02\05140460.JPG,05140460.JPG,4965479,2025-05-14 13:02:04,moved
CT09,M02,05140461.JPG,M02\05140461.JPG,05140461.JPG,4737442,2025-05-14 13:02:04,moved
CT09,M02,05140462.JPG,M02\05140462.JPG,05140462.JPG,5313862,2025-05-14 13:02:06,moved
CT09,M02,05140463.JPG,M02\05140463.JPG,05140463.JPG,5431723,2025-05-14 13:02:08,moved
CT09,M02,05140464.JPG,M02\05140464.JPG,05140464.JPG,5899721,2025-05-14 13:02:08,moved
CT09,M02,05140465.JPG,M02\05140465.JPG,05140465.JPG,4986868,2025-05-14 13:02:10,moved
CT09,M02,05140466.JPG,M02\05140466.JPG,05140466.JPG,5474172,2025-05-14 13:02:10,moved
CT09,M02,05140467.JPG,M02\05140467.JPG,05140467.JPG,5829268,2025-05-14 13:02:12,moved
CT09,M02,05140468.JPG,M02\05140468.JPG,05140468.JPG,4379364,2025-05-14 13:02:12,moved
CT09,M02,05140469.JPG,M02\05140469.JPG,05140469.JPG,4692400,2025-05-14 13:02:14,moved
CT09,M02,05140470.JPG,M02\05140470.JPG,05140470.JPG,4639342,2025-05-14 13:02:14,moved
CT09,M02,05140471.JPG,M02\05140471.JPG,05140471.JPG,4612463,2025-05-14 13:02:20,moved
CT09,M02,05140472.JPG,M02\05140472.JPG,05140472.JPG,4710472,2025-05-14 13:02:20,moved
CT09,M02,05140473.JPG,M02\05140473.JPG,05140473.JPG,5696366,2025-05-14 13:02:22,moved
CT09,M02,05140474.JPG,M02\05140474.JPG,05140474.JPG,5085703,2025-05-14 13:02:22,moved
CT09,M02,05140475.JPG,M02\05140475.JPG,05140475.JPG,5388860,2025-05-14 13:02:24,moved
CT09,M02,05140476.JPG,M02\05140476.JPG,05140476.JPG,6011097,2025-05-14 13:02:24,moved
CT09,M02,05140477.JPG,M02\05140477.JPG,05140477.JPG,5702242,2025-05-14 13:02:26,moved
CT09,M02,05140478.JPG,M02\05140478.JPG,05140478.JPG,4494653,2025-05-14 13:02:26,moved
CT09,M02,05140479.JPG,M02\05140479.JPG,05140479.JPG,5944305,2025-05-14 13:02:28,moved
CT09,M02,05140480.JPG,M02\05140480.JPG,05140480.JPG,5507875,2025-05-14 13:02:28,moved
CT09,M02,05140481.JPG,M02\05140481.JPG,05140481.JPG,4717417,2025-05-14 13:02:30,moved
CT09,M02,05140482.JPG,M02\05140482.JPG,05140482.JPG,5290269,2025-05-14 13:02:30,moved
CT09,M02,05140483.JPG,M02\05140483.JPG,05140483.JPG,5772826,2025-05-14 13:02:46,moved
CT09,M02,05140484.JPG,M02\05140484.JPG,05140484.JPG,5815824,2025-05-14 13:02:48,moved
CT09,M02,05140485.JPG,M02\05140485.JPG,05140485.JPG,5948556,2025-05-14 13:02:48,moved
CT09,M02,10110001.JPG,M02\10110001.JPG,10110001.JPG,6035778,2024-10-11 15:51:26,moved
CT09,M02,10110002.JPG,M02\10110002.JPG,10110002.JPG,6131663,2024-10-11 15:51:26,moved
CT09,M02,10110003.JPG,M02\10110003.JPG,10110003.JPG,6057521,2024-10-11 15:51:28,moved
CT09,M02,10110005.JPG,M02\10110005.JPG,10110005.JPG,4835039,2024-10-11 21:42:12,moved
CT09,M02,10110006.JPG,M02\10110006.JPG,10110006.JPG,4840604,2024-10-11 21:42:14,moved
CT09,M02,10110007.JPG,M02\10110007.JPG,10110007.JPG,4837244,2024-10-11 21:42:14,moved
CT09,M02,10120009.JPG,M02\10120009.JPG,10120009.JPG,4600999,2024-10-12 21:32:02,moved
CT09,M02,10120010.JPG,M02\10120010.JPG,10120010.JPG,4692186,2024-10-12 21:32:04,moved
CT09,M02,10120011.JPG,M02\10120011.JPG,10120011.JPG,4681724,2024-10-12 21:32:06,moved
CT09,M02,10120013.JPG,M02\10120013.JPG,10120013.JPG,4679989,2024-10-12 21:32:24,moved
CT09,M02,10120014.JPG,M02\10120014.JPG,10120014.JPG,4688580,2024-10-12 21:32:26,moved
CT09,M02,10120015.JPG,M02\10120015.JPG,10120015.JPG,4679270,2024-10-12 21:32:26,moved
CT09,M02,10120017.JPG,M02\10120017.JPG,10120017.JPG,4675057,2024-10-12 21:32:56,moved
CT09,M02,10120018.JPG,M02\10120018.JPG,10120018.JPG,4676893,2024-10-12 21:32:56,moved
CT09,M02,10120019.JPG,M02\10120019.JPG,10120019.JPG,4669275,2024-10-12 21:32:58,moved
CT09,M02,10130021.JPG,M02\10130021.JPG,10130021.JPG,6173103,2024-10-13 14:25:08,moved
CT09,M02,10130022.JPG,M02\10130022.JPG,10130022.JPG,6192687,2024-10-13 14:25:08,moved
CT09,M02,10130023.JPG,M02\10130023.JPG,10130023.JPG,6174199,2024-10-13 14:25:10,moved
CT09,M02,10130025.JPG,M02\10130025.JPG,10130025.JPG,6206158,2024-10-13 14:32:20,moved
CT09,M02,10130026.JPG,M02\10130026.JPG,10130026.JPG,6205467,2024-10-13 14:32:20,moved
CT09,M02,10130027.JPG,M02\10130027.JPG,10130027.JPG,6202257,2024-10-13 14:32:22,moved
CT09,M02,10130029.JPG,M02\10130029.JPG,10130029.JPG,6182376,2024-10-13 14:34:30,moved
CT09,M02,10130030.JPG,M02\10130030.JPG,10130030.JPG,6160270,2024-10-13 14:34:30,moved
CT09,M02,10130031.JPG,M02\10130031.JPG,10130031.JPG,6111068,2024-10-13 14:34:32,moved
CT09,M02,10130033.JPG,M02\10130033.JPG,10130033.JPG,4696503,2024-10-13 21:36:34,moved
CT09,M02,10130034.JPG,M02\10130034.JPG,10130034.JPG,4703314,2024-10-13 21:36:36,moved
CT09,M02,10130035.JPG,M02\10130035.JPG,10130035.JPG,4695891,2024-10-13 21:36:36,moved
CT09,M02,10150037.JPG,M02\10150037.JPG,10150037.JPG,4740874,2024-10-15 21:28:58,moved
CT09,M02,10150038.JPG,M02\10150038.JPG,10150038.JPG,4737289,2024-10-15 21:29:00,moved
CT09,M02,10150039.JPG,M02\10150039.JPG,10150039.JPG,4733054,2024-10-15 21:29:00,moved
CT09,M02,10160041.JPG,M02\10160041.JPG,10160041.JPG,4675118,2024-10-16 01:42:58,moved
CT09,M02,10160042.JPG,M02\10160042.JPG,10160042.JPG,4673606,2024-10-16 01:42:58,moved
CT09,M02,10160043.JPG,M02\10160043.JPG,10160043.JPG,4675974,2024-10-16 01:43:00,moved
CT09,M02,10190045.JPG,M02\10190045.JPG,10190045.JPG,4735337,2024-10-19 21:35:46,moved
CT09,M02,10190046.JPG,M02\10190046.JPG,10190046.JPG,4733402,2024-10-19 21:35:48,moved
CT09,M02,10190047.JPG,M02\10190047.JPG,10190047.JPG,4734282,2024-10-19 21:35:48,moved
CT09,M02,10200049.JPG,M02\10200049.JPG,10200049.JPG,5546819,2024-10-20 18:21:22,moved
CT09,M02,10200050.JPG,M02\10200050.JPG,10200050.JPG,5529950,2024-10-20 18:21:22,moved
CT09,M02,10200051.JPG,M02\10200051.JPG,10200051.JPG,5462162,2024-10-20 18:21:24,moved
CT09,M02,10200053.JPG,M02\10200053.JPG,10200053.JPG,5508838,2024-10-20 18:21:44,moved
CT09,M02,10200054.JPG,M02\10200054.JPG,10200054.JPG,3670016,2024-10-20 18:21:46,moved
CT09,M02,10200055.JPG,M02\10200055.JPG,10200055.JPG,5556233,2024-10-20 18:21:48,moved
CT09,M02,10200057.JPG,M02\10200057.JPG,10200057.JPG,5604054,2024-10-20 18:22:06,moved
CT09,M02,10200058.JPG,M02\10200058.JPG,10200058.JPG,5628888,2024-10-20 18:22:08,moved
CT09,M02,10200059.JPG,M02\10200059.JPG,10200059.JPG,5638789,2024-10-20 18:22:08,moved
CT09,M02,10210061.JPG,M02\10210061.JPG,10210061.JPG,4690859,2024-10-21 22:26:22,moved
CT09,M02,10210062.JPG,M02\10210062.JPG,10210062.JPG,4704177,2024-10-21 22:26:22,moved
CT09,M02,10210063.JPG,M02\10210063.JPG,10210063.JPG,4744597,2024-10-21 22:26:24,moved
CT09,M02,10230065.JPG,M02\10230065.JPG,10230065.JPG,4691445,2024-10-23 22:04:58,moved
CT09,M02,10230066.JPG,M02\10230066.JPG,10230066.JPG,4683868,2024-10-23 22:04:58,moved
CT09,M02,10230067.JPG,M02\10230067.JPG,10230067.JPG,4687214,2024-10-23 22:05:00,moved
CT09,M02,10250069.JPG,M02\10250069.JPG,10250069.JPG,5527775,2024-10-25 21:23:46,moved
CT09,M02,10250070.JPG,M02\10250070.JPG,10250070.JPG,5549576,2024-10-25 21:23:46,moved
CT09,M02,10250071.JPG,M02\10250071.JPG,10250071.JPG,5560497,2024-10-25 21:23:48,moved
CT09,M02,10250073.JPG,M02\10250073.JPG,10250073.JPG,4722014,2024-10-25 21:54:12,moved
CT09,M02,10250074.JPG,M02\10250074.JPG,10250074.JPG,4717059,2024-10-25 21:54:12,moved
CT09,M02,10250075.JPG,M02\10250075.JPG,10250075.JPG,4718278,2024-10-25 21:54:14,moved
CT09,M02,10250077.JPG,M02\10250077.JPG,10250077.JPG,4707410,2024-10-25 21:55:50,moved
CT09,M02,10250078.JPG,M02\10250078.JPG,10250078.JPG,4714845,2024-10-25 21:55:52,moved
CT09,M02,10250079.JPG,M02\10250079.JPG,10250079.JPG,4706339,2024-10-25 21:55:54,moved
CT09,M02,10290081.JPG,M02\10290081.JPG,10290081.JPG,6209264,2024-10-29 13:30:38,moved
CT09,M02,10290082.JPG,M02\10290082.JPG,10290082.JPG,6165582,2024-10-29 13:30:40,moved
CT09,M02,10290083.JPG,M02\10290083.JPG,10290083.JPG,6184576,2024-10-29 13:30:40,moved
CT09,M02,10290085.JPG,M02\10290085.JPG,10290085.JPG,6029955,2024-10-29 15:35:38,moved
CT09,M02,10290086.JPG,M02\10290086.JPG,10290086.JPG,6157711,2024-10-29 15:35:38,moved
CT09,M02,10290087.JPG,M02\10290087.JPG,10290087.JPG,6155305,2024-10-29 15:35:38,moved
CT09,M02,10290089.JPG,M02\10290089.JPG,10290089.JPG,4910704,2024-10-29 21:38:36,moved
CT09,M02,10290090.JPG,M02\10290090.JPG,10290090.JPG,4907217,2024-10-29 21:38:38,moved
CT09,M02,10290091.JPG,M02\10290091.JPG,10290091.JPG,4905823,2024-10-29 21:38:38,moved
CT09,M02,10300093.JPG,M02\10300093.JPG,10300093.JPG,6242214,2024-10-30 13:22:06,moved
CT09,M02,10300094.JPG,M02\10300094.JPG,10300094.JPG,6244574,2024-10-30 13:22:08,moved
CT09,M02,10300095.JPG,M02\10300095.JPG,10300095.JPG,6238219,2024-10-30 13:22:08,moved
CT09,M02,10300097.JPG,M02\10300097.JPG,10300097.JPG,6246842,2024-10-30 13:23:22,moved
CT09,M02,10300098.JPG,M02\10300098.JPG,10300098.JPG,6259740,2024-10-30 13:23:24,moved
CT09,M02,10300099.JPG,M02\10300099.JPG,10300099.JPG,6257257,2024-10-30 13:23:24,moved
CT09,M02,10300101.JPG,M02\10300101.JPG,10300101.JPG,6235959,2024-10-30 13:25:12,moved
CT09,M02,10300102.JPG,M02\10300102.JPG,10300102.JPG,6237849,2024-10-30 13:25:12,moved
CT09,M02,10300103.JPG,M02\10300103.JPG,10300103.JPG,6234038,2024-10-30 13:25:14,moved
CT09,M02,11010105.JPG,M02\11010105.JPG,11010105.JPG,6042945,2024-11-01 12:12:32,moved
CT09,M02,11010106.JPG,M02\11010106.JPG,11010106.JPG,6038381,2024-11-01 12:12:34,moved
CT09,M02,11010107.JPG,M02\11010107.JPG,11010107.JPG,6038557,2024-11-01 12:12:34,moved
CT09,M02,11020109.JPG,M02\11020109.JPG,11020109.JPG,4741896,2024-11-02 21:59:56,moved
CT09,M02,11020110.JPG,M02\11020110.JPG,11020110.JPG,4735151,2024-11-02 21:59:56,moved
CT09,M02,11020111.JPG,M02\11020111.JPG,11020111.JPG,4739855,2024-11-02 21:59:58,moved
CT09,M02,11040113.JPG,M02\11040113.JPG,11040113.JPG,4995996,2024-11-04 22:26:36,moved
CT09,M02,11040114.JPG,M02\11040114.JPG,11040114.JPG,4994903,2024-11-04 22:26:38,moved
CT09,M02,11040115.JPG,M02\11040115.JPG,11040115.JPG,4995354,2024-11-04 22:26:38,moved
CT09,M02,11040117.JPG,M02\11040117.JPG,11040117.JPG,4982180,2024-11-04 22:37:40,moved
CT09,M02,11040118.JPG,M02\11040118.JPG,11040118.JPG,4982235,2024-11-04 22:37:42,moved
CT09,M02,11040119.JPG,M02\11040119.JPG,11040119.JPG,4993070,2024-11-04 22:37:42,moved
CT09,M02,11060121.JPG,M02\11060121.JPG,11060121.JPG,4730135,2024-11-06 22:40:36,moved
CT09,M02,11060122.JPG,M02\11060122.JPG,11060122.JPG,4730227,2024-11-06 22:40:38,moved
CT09,M02,11060123.JPG,M02\11060123.JPG,11060123.JPG,4728633,2024-11-06 22:40:38,moved
CT09,M02,11070125.JPG,M02\11070125.JPG,11070125.JPG,4737518,2024-11-07 05:18:10,moved
CT09,M02,11070126.JPG,M02\11070126.JPG,11070126.JPG,4692816,2024-11-07 05:18:10,moved
CT09,M02,11070127.JPG,M02\11070127.JPG,11070127.JPG,4698441,2024-11-07 05:18:10,moved
CT09,M02,11070129.JPG,M02\11070129.JPG,11070129.JPG,4714555,2024-11-07 05:18:46,moved
CT09,M02,11070130.JPG,M02\11070130.JPG,11070130.JPG,4715164,2024-11-07 05:18:48,moved
CT09,M02,11070131.JPG,M02\11070131.JPG,11070131.JPG,4715573,2024-11-07 05:18:48,moved
CT09,M02,11070133.JPG,M02\11070133.JPG,11070133.JPG,4710907,2024-11-07 05:20:36,moved
CT09,M02,11070134.JPG,M02\11070134.JPG,11070134.JPG,4708817,2024-11-07 05:20:36,moved
CT09,M02,11070135.JPG,M02\11070135.JPG,11070135.JPG,4720673,2024-11-07 05:20:38,moved
CT09,M02,11070137.JPG,M02\11070137.JPG,11070137.JPG,6185582,2024-11-07 10:29:34,moved
CT09,M02,11070138.JPG,M02\11070138.JPG,11070138.JPG,6172409,2024-11-07 10:29:34,moved
CT09,M02,11070139.JPG,M02\11070139.JPG,11070139.JPG,6168701,2024-11-07 10:29:36,moved
CT09,M02,11070141.JPG,M02\11070141.JPG,11070141.JPG,6151561,2024-11-07 10:30:12,moved
CT09,M02,11070142.JPG,M02\11070142.JPG,11070142.JPG,6159048,2024-11-07 10:30:12,moved
CT09,M02,11070143.JPG,M02\11070143.JPG,11070143.JPG,6144182,2024-11-07 10:30:14,moved
CT09,M02,11070145.JPG,M02\11070145.JPG,11070145.JPG,6181695,2024-11-07 10:30:36,moved
CT09,M02,11070146.JPG,M02\11070146.JPG,11070146.JPG,6190006,2024-11-07 10:30:38,moved
CT09,M02,11070147.JPG,M02\11070147.JPG,11070147.JPG,6153568,2024-11-07 10:30:38,moved
CT09,M02,11070149.JPG,M02\11070149.JPG,11070149.JPG,6233738,2024-11-07 10:45:20,moved
CT09,M02,11070150.JPG,M02\11070150.JPG,11070150.JPG,6228580,2024-11-07 10:45:22,moved
CT09,M02,11070151.JPG,M02\11070151.JPG,11070151.JPG,6230931,2024-11-07 10:45:22,moved
CT09,M02,11080153.JPG,M02\11080153.JPG,11080153.JPG,6094474,2024-11-08 20:24:30,moved
CT09,M02,11080154.JPG,M02\11080154.JPG,11080154.JPG,6126666,2024-11-08 20:24:32,moved
CT09,M02,11080155.JPG,M02\11080155.JPG,11080155.JPG,6127381,2024-11-08 20:24:32,moved
CT09,M02,11090157.JPG,M02\11090157.JPG,11090157.JPG,5088163,2024-11-09 06:32:40,moved
CT09,M02,11090158.JPG,M02\11090158.JPG,11090158.JPG,5092407,2024-11-09 06:32:40,moved
CT09,M02,11090159.JPG,M02\11090159.JPG,11090159.JPG,5096738,2024-11-09 06:32:42,moved
CT09,M02,11090161.JPG,M02\11090161.JPG,11090161.JPG,5585693,2024-11-09 20:59:00,moved
CT09,M02,11090162.JPG,M02\11090162.JPG,11090162.JPG,5591347,2024-11-09 20:59:02,moved
CT09,M02,11090163.JPG,M02\11090163.JPG,11090163.JPG,5588629,2024-11-09 20:59:02,moved
CT09,M02,11150165.JPG,M02\11150165.JPG,11150165.JPG,6035036,2024-11-15 09:41:20,moved
CT09,M02,11150166.JPG,M02\11150166.JPG,11150166.JPG,6045444,2024-11-15 09:41:22,moved
CT09,M02,11150167.JPG,M02\11150167.JPG,11150167.JPG,5989994,2024-11-15 09:41:22,moved
CT09,M02,11150169.JPG,M02\11150169.JPG,11150169.JPG,6036004,2024-11-15 09:41:50,moved
CT09,M02,11150170.JPG,M02\11150170.JPG,11150170.JPG,6042835,2024-11-15 09:41:52,moved
CT09,M02,11150171.JPG,M02\11150171.JPG,11150171.JPG,6051875,2024-11-15 09:41:52,moved
CT09,M02,11150173.JPG,M02\11150173.JPG,11150173.JPG,5528898,2024-11-15 21:47:48,moved
CT09,M02,11150174.JPG,M02\11150174.JPG,11150174.JPG,5545136,2024-11-15 21:47:48,moved
CT09,M02,11150175.JPG,M02\11150175.JPG,11150175.JPG,5542960,2024-11-15 21:47:50,moved
CT09,M02,11160177.JPG,M02\11160177.JPG,11160177.JPG,5606418,2024-11-16 07:34:02,moved
CT09,M02,11160178.JPG,M02\11160178.JPG,11160178.JPG,5597975,2024-11-16 07:34:04,moved
CT09,M02,11160179.JPG,M02\11160179.JPG,11160179.JPG,5598925,2024-11-16 07:34:04,moved
CT09,M02,11160181.JPG,M02\11160181.JPG,11160181.JPG,6267930,2024-11-16 13:45:42,moved
CT09,M02,11160182.JPG,M02\11160182.JPG,11160182.JPG,6006116,2024-11-16 13:45:42,moved
CT09,M02,11160183.JPG,M02\11160183.JPG,11160183.JPG,6040806,2024-11-16 13:45:44,moved
CT09,M02,11160185.JPG,M02\11160185.JPG,11160185.JPG,6008057,2024-11-16 15:35:46,moved
CT09,M02,11160186.JPG,M02\11160186.JPG,11160186.JPG,5963398,2024-11-16 15:35:48,moved
CT09,M02,11160187.JPG,M02\11160187.JPG,11160187.JPG,5958400,2024-11-16 15:35:48,moved
CT09,M02,11170189.JPG,M02\11170189.JPG,11170189.JPG,4627340,2024-11-17 02:40:50,moved
CT09,M02,11170190.JPG,M02\11170190.JPG,11170190.JPG,4695859,2024-11-17 02:40:52,moved
CT09,M02,11170191.JPG,M02\11170191.JPG,11170191.JPG,4691798,2024-11-17 02:40:52,moved
CT09,M02,11170193.JPG,M02\11170193.JPG,11170193.JPG,5197751,2024-11-17 07:06:24,moved
CT09,M02,11170194.JPG,M02\11170194.JPG,11170194.JPG,5203793,2024-11-17 07:06:24,moved
CT09,M02,11170195.JPG,M02\11170195.JPG,11170195.JPG,5205901,2024-11-17 07:06:24,moved
CT09,M02,11170197.JPG,M02\11170197.JPG,11170197.JPG,5503081,2024-11-17 07:42:22,moved
CT09,M02,11170198.JPG,M02\11170198.JPG,11170198.JPG,5525974,2024-11-17 07:42:22,moved
CT09,M02,11170199.JPG,M02\11170199.JPG,11170199.JPG,5484166,2024-11-17 07:42:22,moved
CT09,M02,11170201.JPG,M02\11170201.JPG,11170201.JPG,5627976,2024-11-17 07:43:02,moved
CT09,M02,11170202.JPG,M02\11170202.JPG,11170202.JPG,5610257,2024-11-17 07:43:02,moved
CT09,M02,11170203.JPG,M02\11170203.JPG,11170203.JPG,5610647,2024-11-17 07:43:04,moved
CT09,M02,11170205.JPG,M02\11170205.JPG,11170205.JPG,5618746,2024-11-17 07:43:52,moved
CT09,M02,11170206.JPG,M02\11170206.JPG,11170206.JPG,5623786,2024-11-17 07:43:52,moved
CT09,M02,11170207.JPG,M02\11170207.JPG,11170207.JPG,5625453,2024-11-17 07:43:54,moved
CT09,M02,11170209.JPG,M02\11170209.JPG,11170209.JPG,5650377,2024-11-17 07:44:52,moved
CT09,M02,11170210.JPG,M02\11170210.JPG,11170210.JPG,5653824,2024-11-17 07:44:54,moved
CT09,M02,11170211.JPG,M02\11170211.JPG,11170211.JPG,5653969,2024-11-17 07:44:54,moved
CT09,M02,11170213.JPG,M02\11170213.JPG,11170213.JPG,5568840,2024-11-17 07:48:04,moved
CT09,M02,11170214.JPG,M02\11170214.JPG,11170214.JPG,5568931,2024-11-17 07:48:04,moved
CT09,M02,11170215.JPG,M02\11170215.JPG,11170215.JPG,5661771,2024-11-17 07:48:06,moved
CT09,M02,11170217.JPG,M02\11170217.JPG,11170217.JPG,5660253,2024-11-17 07:49:34,moved
CT09,M02,11170218.JPG,M02\11170218.JPG,11170218.JPG,5633502,2024-11-17 07:49:36,moved
CT09,M02,11170219.JPG,M02\11170219.JPG,11170219.JPG,5497744,2024-11-17 07:49:36,moved
CT09,M02,11170221.JPG,M02\11170221.JPG,11170221.JPG,5514922,2024-11-17 07:51:14,moved
CT09,M02,11170222.JPG,M02\11170222.JPG,11170222.JPG,5653762,2024-11-17 07:51:14,moved
CT09,M02,11170223.JPG,M02\11170223.JPG,11170223.JPG,5656230,2024-11-17 07:51:16,moved
CT09,M02,11170225.JPG,M02\11170225.JPG,11170225.JPG,5960669,2024-11-17 07:53:06,moved
CT09,M02,11170226.JPG,M02\11170226.JPG,11170226.JPG,6007605,2024-11-17 07:53:08,moved
CT09,M02,11170227.JPG,M02\11170227.JPG,11170227.JPG,6000531,2024-11-17 07:53:08,moved
CT09,M02,11170229.JPG,M02\11170229.JPG,11170229.JPG,6026386,2024-11-17 08:00:36,moved
CT09,M02,11170230.JPG,M02\11170230.JPG,11170230.JPG,5974765,2024-11-17 08:00:36,moved
CT09,M02,11170231.JPG,M02\11170231.JPG,11170231.JPG,6013927,2024-11-17 08:00:36,moved
CT09,M02,11170233.JPG,M02\11170233.JPG,11170233.JPG,6025709,2024-11-17 08:05:00,moved
CT09,M02,11170234.JPG,M02\11170234.JPG,11170234.JPG,5932063,2024-11-17 08:05:02,moved
CT09,M02,11170235.JPG,M02\11170235.JPG,11170235.JPG,5954890,2024-11-17 08:05:02,moved
CT09,M02,11170237.JPG,M02\11170237.JPG,11170237.JPG,6027531,2024-11-17 08:09:22,moved
CT09,M02,11170238.JPG,M02\11170238.JPG,11170238.JPG,6017034,2024-11-17 08:09:22,moved
CT09,M02,11170239.JPG,M02\11170239.JPG,11170239.JPG,5975734,2024-11-17 08:09:24,moved
CT09,M02,11230241.JPG,M02\11230241.JPG,11230241.JPG,4873543,2024-11-23 23:33:42,moved
CT09,M02,11230242.JPG,M02\11230242.JPG,11230242.JPG,4871099,2024-11-23 23:33:44,moved
CT09,M02,11230243.JPG,M02\11230243.JPG,11230243.JPG,4870612,2024-11-23 23:33:46,moved
CT09,M02,11290245.JPG,M02\11290245.JPG,11290245.JPG,5777457,2024-11-29 15:57:52,moved
CT09,M02,11290246.JPG,M02\11290246.JPG,11290246.JPG,5753206,2024-11-29 15:57:52,moved
CT09,M02,11290247.JPG,M02\11290247.JPG,11290247.JPG,5753023,2024-11-29 15:57:54,moved
CT09,M02,12040249.JPG,M02\12040249.JPG,12040249.JPG,4786797,2024-12-04 02:00:26,moved
CT09,M02,12040250.JPG,M02\12040250.JPG,12040250.JPG,4792943,2024-12-04 02:00:26,moved
CT09,M02,12040251.JPG,M02\12040251.JPG,12040251.JPG,4786923,2024-12-04 02:00:28,moved
CT09,M02,12140253.JPG,M02\12140253.JPG,12140253.JPG,6043415,2024-12-14 15:34:46,moved
CT09,M02,12140254.JPG,M02\12140254.JPG,12140254.JPG,5949353,2024-12-14 15:34:46,moved
CT09,M02,12140255.JPG,M02\12140255.JPG,12140255.JPG,5951840,2024-12-14 15:34:48,moved
CT09,M02,12210257.JPG,M02\12210257.JPG,12210257.JPG,6081827,2024-12-21 16:01:06,moved
CT09,M02,12210258.JPG,M02\12210258.JPG,12210258.JPG,5984549,2024-12-21 16:01:08,moved
CT09,M02,12210259.JPG,M02\12210259.JPG,12210259.JPG,5989944,2024-12-21 16:01:08,moved
CT10,M3,01010173.JPG,M3\01010173.JPG,01010173.JPG,4310640,2025-01-01 22:44:22,moved
CT10,M3,01010174.JPG,M3\01010174.JPG,01010174.JPG,4548064,2025-01-01 22:44:22,moved
CT10,M3,01010175.JPG,M3\01010175.JPG,01010175.JPG,4551285,2025-01-01 22:44:24,moved
CT10,M3,01030177.JPG,M3\01030177.JPG,01030177.JPG,4357750,2025-01-03 06:01:38,moved
CT10,M3,01030178.JPG,M3\01030178.JPG,01030178.JPG,4371817,2025-01-03 06:01:38,moved
CT10,M3,01030179.JPG,M3\01030179.JPG,01030179.JPG,4542893,2025-01-03 06:01:40,moved
CT10,M3,01090181.JPG,M3\01090181.JPG,01090181.JPG,4420759,2025-01-09 06:21:34,moved
CT10,M3,01090182.JPG,M3\01090182.JPG,01090182.JPG,4443815,2025-01-09 06:21:37,moved
CT10,M3,01090183.JPG,M3\01090183.JPG,01090183.JPG,4448559,2025-01-09 06:21:36,moved
CT10,M3,01090185.JPG,M3\01090185.JPG,01090185.JPG,5790375,2025-01-09 13:46:49,moved
CT10,M3,01090186.JPG,M3\01090186.JPG,01090186.JPG,5542959,2025-01-09 13:46:48,moved
CT10,M3,01090187.JPG,M3\01090187.JPG,01090187.JPG,5634139,2025-01-09 13:46:48,moved
CT10,M3,01090189.JPG,M3\01090189.JPG,01090189.JPG,6133012,2025-01-09 15:47:50,moved
CT10,M3,01090190.JPG,M3\01090190.JPG,01090190.JPG,5835766,2025-01-09 15:47:50,moved
CT10,M3,01090191.JPG,M3\01090191.JPG,01090191.JPG,6196622,2025-01-09 15:47:52,moved
CT10,M3,01120193.JPG,M3\01120193.JPG,01120193.JPG,4302508,2025-01-12 23:27:03,moved
CT10,M3,01120194.JPG,M3\01120194.JPG,01120194.JPG,4432968,2025-01-12 23:27:02,moved
CT10,M3,01120195.JPG,M3\01120195.JPG,01120195.JPG,4445217,2025-01-12 23:27:02,moved
CT10,M3,01160197.JPG,M3\01160197.JPG,01160197.JPG,5302150,2025-01-16 11:46:10,moved
CT10,M3,01160198.JPG,M3\01160198.JPG,01160198.JPG,5407771,2025-01-16 11:46:10,moved
CT10,M3,01160199.JPG,M3\01160199.JPG,01160199.JPG,5533920,2025-01-16 11:46:13,moved
CT10,M3,01160201.JPG,M3\01160201.JPG,01160201.JPG,5924386,2025-01-16 13:50:30,moved
CT10,M3,01160202.JPG,M3\01160202.JPG,01160202.JPG,5916296,2025-01-16 13:50:30,moved
CT10,M3,01160203.JPG,M3\01160203.JPG,01160203.JPG,5958914,2025-01-16 13:50:30,moved
CT10,M3,01180205.JPG,M3\01180205.JPG,01180205.JPG,4524392,2025-01-18 02:36:56,moved
CT10,M3,01180206.JPG,M3\01180206.JPG,01180206.JPG,4357752,2025-01-18 02:36:56,moved
CT10,M3,01180207.JPG,M3\01180207.JPG,01180207.JPG,4358442,2025-01-18 02:36:58,moved
CT10,M3,01220209.JPG,M3\01220209.JPG,01220209.JPG,4983744,2025-01-22 09:46:20,moved
CT10,M3,01220210.JPG,M3\01220210.JPG,01220210.JPG,5286981,2025-01-22 09:46:20,moved
CT10,M3,01220211.JPG,M3\01220211.JPG,01220211.JPG,5491602,2025-01-22 09:46:20,moved
CT10,M3,01220213.JPG,M3\01220213.JPG,01220213.JPG,5984379,2025-01-22 18:14:56,moved
CT10,M3,01220214.JPG,M3\01220214.JPG,01220214.JPG,5238717,2025-01-22 18:14:56,moved
CT10,M3,01220215.JPG,M3\01220215.JPG,01220215.JPG,5920537,2025-01-22 18:14:56,moved
CT10,M3,01270217.JPG,M3\01270217.JPG,01270217.JPG,5575971,2025-01-27 09:57:36,moved
CT10,M3,01270218.JPG,M3\01270218.JPG,01270218.JPG,5578949,2025-01-27 09:57:36,moved
CT10,M3,01270219.JPG,M3\01270219.JPG,01270219.JPG,5528763,2025-01-27 09:57:36,moved
CT10,M3,01270221.JPG,M3\01270221.JPG,01270221.JPG,5252197,2025-01-27 15:56:58,moved
CT10,M3,01270222.JPG,M3\01270222.JPG,01270222.JPG,6200333,2025-01-27 15:56:58,moved
CT10,M3,01270223.JPG,M3\01270223.JPG,01270223.JPG,6116081,2025-01-27 15:56:58,moved
CT10,M3,01280225.JPG,M3\01280225.JPG,01280225.JPG,4507374,2025-01-28 07:34:34,moved
CT10,M3,01280226.JPG,M3\01280226.JPG,01280226.JPG,4506238,2025-01-28 07:34:34,moved
CT10,M3,01280227.JPG,M3\01280227.JPG,01280227.JPG,4514066,2025-01-28 07:34:36,moved
CT10,M3,01280229.JPG,M3\01280229.JPG,01280229.JPG,4851529,2025-01-28 09:44:40,moved
CT10,M3,01280230.JPG,M3\01280230.JPG,01280230.JPG,5353857,2025-01-28 09:44:42,moved
CT10,M3,01280231.JPG,M3\01280231.JPG,01280231.JPG,5548708,2025-01-28 09:44:42,moved
CT10,M3,01280233.JPG,M3\01280233.JPG,01280233.JPG,5905528,2025-01-28 12:48:02,moved
CT10,M3,01280234.JPG,M3\01280234.JPG,01280234.JPG,5945146,2025-01-28 12:48:04,moved
CT10,M3,01280235.JPG,M3\01280235.JPG,01280235.JPG,5917709,2025-01-28 12:48:04,moved
CT10,M3,01280237.JPG,M3\01280237.JPG,01280237.JPG,5210882,2025-01-28 20:36:26,moved
CT10,M3,01280238.JPG,M3\01280238.JPG,01280238.JPG,4848771,2025-01-28 20:36:26,moved
CT10,M3,01280239.JPG,M3\01280239.JPG,01280239.JPG,4826410,2025-01-28 20:36:28,moved
CT10,M3,01290241.JPG,M3\01290241.JPG,01290241.JPG,4304202,2025-01-29 04:51:32,moved
CT10,M3,01290242.JPG,M3\01290242.JPG,01290242.JPG,4210489,2025-01-29 04:51:32,moved
CT10,M3,01290243.JPG,M3\01290243.JPG,01290243.JPG,4436749,2025-01-29 04:51:35,moved
CT10,M3,02010245.JPG,M3\02010245.JPG,02010245.JPG,4433123,2025-02-01 07:35:58,moved
CT10,M3,02010246.JPG,M3\02010246.JPG,02010246.JPG,4441855,2025-02-01 07:35:58,moved
CT10,M3,02010247.JPG,M3\02010247.JPG,02010247.JPG,4443766,2025-02-01 07:35:58,moved
CT10,M3,02100249.JPG,M3\02100249.JPG,02100249.JPG,4827476,2025-02-10 21:54:20,moved
CT10,M3,02100250.JPG,M3\02100250.JPG,02100250.JPG,4837471,2025-02-10 21:54:22,moved
CT10,M3,02100251.JPG,M3\02100251.JPG,02100251.JPG,4839298,2025-02-10 21:54:22,moved
CT10,M3,02170253.JPG,M3\02170253.JPG,02170253.JPG,3719610,2025-02-17 04:33:36,moved
CT10,M3,02170254.JPG,M3\02170254.JPG,02170254.JPG,4404214,2025-02-17 04:33:39,moved
CT10,M3,02170255.JPG,M3\02170255.JPG,02170255.JPG,4411466,2025-02-17 04:33:38,moved
CT10,M3,02240257.JPG,M3\02240257.JPG,02240257.JPG,4847540,2025-02-24 01:57:08,moved
CT10,M3,02240258.JPG,M3\02240258.JPG,02240258.JPG,4870655,2025-02-24 01:57:08,moved
CT10,M3,02240259.JPG,M3\02240259.JPG,02240259.JPG,4870631,2025-02-24 01:57:08,moved
CT10,M3,02240261.JPG,M3\02240261.JPG,02240261.JPG,4868249,2025-02-24 08:05:08,moved
CT10,M3,02240262.JPG,M3\02240262.JPG,02240262.JPG,4864274,2025-02-24 08:05:08,moved
CT10,M3,02240263.JPG,M3\02240263.JPG,02240263.JPG,4865372,2025-02-24 08:05:11,moved
CT10,M3,02250265.JPG,M3\02250265.JPG,02250265.JPG,5631124,2025-02-25 18:20:26,moved
CT10,M3,02250266.JPG,M3\02250266.JPG,02250266.JPG,5563320,2025-02-25 18:20:26,moved
CT10,M3,02250267.JPG,M3\02250267.JPG,02250267.JPG,5651825,2025-02-25 18:20:26,moved
CT10,M3,02250269.JPG,M3\02250269.JPG,02250269.JPG,5406451,2025-02-25 18:31:16,moved
CT10,M3,02250270.JPG,M3\02250270.JPG,02250270.JPG,5281594,2025-02-25 18:31:16,moved
CT10,M3,02250271.JPG,M3\02250271.JPG,02250271.JPG,5454227,2025-02-25 18:31:18,moved
CT10,M3,03090273.JPG,M3\03090273.JPG,03090273.JPG,5344776,2025-03-09 21:16:26,moved
CT10,M3,03090274.JPG,M3\03090274.JPG,03090274.JPG,5349742,2025-03-09 21:16:26,moved
CT10,M3,03090275.JPG,M3\03090275.JPG,03090275.JPG,5307284,2025-03-09 21:16:28,moved
CT10,M3,03110277.JPG,M3\03110277.JPG,03110277.JPG,4800675,2025-03-11 07:39:34,moved
CT10,M3,03110278.JPG,M3\03110278.JPG,03110278.JPG,4980943,2025-03-11 07:39:37,moved
CT10,M3,03110279.JPG,M3\03110279.JPG,03110279.JPG,4982520,2025-03-11 07:39:36,moved
CT10,M3,03200281.JPG,M3\03200281.JPG,03200281.JPG,4428103,2025-03-20 06:07:04,moved
CT10,M3,03200282.JPG,M3\03200282.JPG,03200282.JPG,4565275,2025-03-20 06:07:04,moved
CT10,M3,03200283.JPG,M3\03200283.JPG,03200283.JPG,4569611,2025-03-20 06:07:06,moved
CT10,M3,03200285.JPG,M3\03200285.JPG,03200285.JPG,4589131,2025-03-20 10:00:58,moved
CT10,M3,03200286.JPG,M3\03200286.JPG,03200286.JPG,5012988,2025-03-20 10:00:58,moved
CT10,M3,03200287.JPG,M3\03200287.JPG,03200287.JPG,5415429,2025-03-20 10:01:00,moved
CT10,M3,03200289.JPG,M3\03200289.JPG,03200289.JPG,5485470,2025-03-20 11:38:54,moved
CT10,M3,03200290.JPG,M3\03200290.JPG,03200290.JPG,5292882,2025-03-20 11:38:54,moved
CT10,M3,03200291.JPG,M3\03200291.JPG,03200291.JPG,5326975,2025-03-20 11:38:54,moved
CT10,M3,03200293.JPG,M3\03200293.JPG,03200293.JPG,4915910,2025-03-20 11:43:28,moved
CT10,M3,03200294.JPG,M3\03200294.JPG,03200294.JPG,5070937,2025-03-20 11:43:28,moved
CT10,M3,03200295.JPG,M3\03200295.JPG,03200295.JPG,5539160,2025-03-20 11:43:30,moved
CT10,M3,03200297.JPG,M3\03200297.JPG,03200297.JPG,5764968,2025-03-20 12:23:30,moved
CT10,M3,03200298.JPG,M3\03200298.JPG,03200298.JPG,5572466,2025-03-20 12:23:30,moved
CT10,M3,03200299.JPG,M3\03200299.JPG,03200299.JPG,5518834,2025-03-20 12:23:32,moved
CT10,M3,03200301.JPG,M3\03200301.JPG,03200301.JPG,5497640,2025-03-20 12:28:56,moved
CT10,M3,03200302.JPG,M3\03200302.JPG,03200302.JPG,5341033,2025-03-20 12:28:56,moved
CT10,M3,03200303.JPG,M3\03200303.JPG,03200303.JPG,5659384,2025-03-20 12:28:58,moved
CT10,M3,03200305.JPG,M3\03200305.JPG,03200305.JPG,5972645,2025-03-20 15:16:02,moved
CT10,M3,03200306.JPG,M3\03200306.JPG,03200306.JPG,5673925,2025-03-20 15:16:02,moved
CT10,M3,03200307.JPG,M3\03200307.JPG,03200307.JPG,5700549,2025-03-20 15:16:04,moved
CT10,M3,03220309.JPG,M3\03220309.JPG,03220309.JPG,4819666,2025-03-22 21:01:32,moved
CT10,M3,03220310.JPG,M3\03220310.JPG,03220310.JPG,4821716,2025-03-22 21:01:34,moved
CT10,M3,03220311.JPG,M3\03220311.JPG,03220311.JPG,4826571,2025-03-22 21:01:34,moved
CT10,M3,03230313.JPG,M3\03230313.JPG,03230313.JPG,4430182,2025-03-23 06:16:30,moved
CT10,M3,03230314.JPG,M3\03230314.JPG,03230314.JPG,4555228,2025-03-23 06:16:30,moved
CT10,M3,03230315.JPG,M3\03230315.JPG,03230315.JPG,4557788,2025-03-23 06:16:30,moved
CT10,M3,03250317.JPG,M3\03250317.JPG,03250317.JPG,4982567,2025-03-25 11:49:34,moved
CT10,M3,03250318.JPG,M3\03250318.JPG,03250318.JPG,5553340,2025-03-25 11:49:34,moved
CT10,M3,03250319.JPG,M3\03250319.JPG,03250319.JPG,5509659,2025-03-25 11:49:37,moved
CT10,M3,03250321.JPG,M3\03250321.JPG,03250321.JPG,5724174,2025-03-25 12:09:32,moved
CT10,M3,03250322.JPG,M3\03250322.JPG,03250322.JPG,5771024,2025-03-25 12:09:32,moved
CT10,M3,03250323.JPG,M3\03250323.JPG,03250323.JPG,5978883,2025-03-25 12:09:35,moved
CT10,M3,03280325.JPG,M3\03280325.JPG,03280325.JPG,4815939,2025-03-28 22:02:19,moved
CT10,M3,03280326.JPG,M3\03280326.JPG,03280326.JPG,4927961,2025-03-28 22:02:18,moved
CT10,M3,03280327.JPG,M3\03280327.JPG,03280327.JPG,4937192,2025-03-28 22:02:18,moved
CT10,M3,03290329.JPG,M3\03290329.JPG,03290329.JPG,5023268,2025-03-29 08:46:16,moved
CT10,M3,03290330.JPG,M3\03290330.JPG,03290330.JPG,5029678,2025-03-29 08:46:16,moved
CT10,M3,03290331.JPG,M3\03290331.JPG,03290331.JPG,5040325,2025-03-29 08:46:19,moved
CT10,M3,03300333.JPG,M3\03300333.JPG,03300333.JPG,3976278,2025-03-30 01:57:58,moved
CT10,M3,03300334.JPG,M3\03300334.JPG,03300334.JPG,2536556,2025-03-30 01:58:01,moved
CT10,M3,03300335.JPG,M3\03300335.JPG,03300335.JPG,1452232,2025-03-30 01:58:00,moved
CT10,M3,04050337.JPG,M3\04050337.JPG,04050337.JPG,5589444,2025-04-05 09:28:22,moved
CT10,M3,04050338.JPG,M3\04050338.JPG,04050338.JPG,5590971,2025-04-05 09:28:24,moved
CT10,M3,04050339.JPG,M3\04050339.JPG,04050339.JPG,5528938,2025-04-05 09:28:24,moved
CT10,M3,04100341.JPG,M3\04100341.JPG,04100341.JPG,4014928,2025-04-10 14:06:58,moved
CT10,M3,04100342.JPG,M3\04100342.JPG,04100342.JPG,5439287,2025-04-10 14:06:58,moved
CT10,M3,04100343.JPG,M3\04100343.JPG,04100343.JPG,5487534,2025-04-10 14:06:58,moved
CT10,M3,04100345.JPG,M3\04100345.JPG,04100345.JPG,4306415,2025-04-10 14:22:52,moved
CT10,M3,04100346.JPG,M3\04100346.JPG,04100346.JPG,6146427,2025-04-10 14:22:55,moved
CT10,M3,04100347.JPG,M3\04100347.JPG,04100347.JPG,4473904,2025-04-10 14:22:54,moved
CT10,M3,04110349.JPG,M3\04110349.JPG,04110349.JPG,4208020,2025-04-11 06:58:19,moved
CT10,M3,04110350.JPG,M3\04110350.JPG,04110350.JPG,4423792,2025-04-11 06:58:18,moved
CT10,M3,04110351.JPG,M3\04110351.JPG,04110351.JPG,4420422,2025-04-11 06:58:18,moved
CT10,M3,04300353.JPG,M3\04300353.JPG,04300353.JPG,5375282,2025-04-30 10:22:51,moved
CT10,M3,04300354.JPG,M3\04300354.JPG,04300354.JPG,5111498,2025-04-30 10:22:50,moved
CT10,M3,04300355.JPG,M3\04300355.JPG,04300355.JPG,5120353,2025-04-30 10:22:50,moved
CT10,M3,04300357.JPG,M3\04300357.JPG,04300357.JPG,5666420,2025-04-30 15:57:48,moved
CT10,M3,04300358.JPG,M3\04300358.JPG,04300358.JPG,5551326,2025-04-30 15:57:50,moved
CT10,M3,04300359.JPG,M3\04300359.JPG,04300359.JPG,5790680,2025-04-30 15:57:50,moved
CT10,M3,05190361.JPG,M3\05190361.JPG,05190361.JPG,4197980,2025-05-19 03:28:00,moved
CT10,M3,05190362.JPG,M3\05190362.JPG,05190362.JPG,4268507,2025-05-19 03:28:00,moved
CT10,M3,05190363.JPG,M3\05190363.JPG,05190363.JPG,4269069,2025-05-19 03:28:03,moved
CT10,M3,05210365.JPG,M3\05210365.JPG,05210365.JPG,4085321,2025-05-21 19:31:36,moved
CT10,M3,05210366.JPG,M3\05210366.JPG,05210366.JPG,4341794,2025-05-21 19:31:39,moved
CT10,M3,05210367.JPG,M3\05210367.JPG,05210367.JPG,4409069,2025-05-21 19:31:38,moved
CT10,M3,06030369.JPG,M3\06030369.JPG,06030369.JPG,5604257,2025-06-03 14:15:46,moved
CT10,M3,06030370.JPG,M3\06030370.JPG,06030370.JPG,5908061,2025-06-03 14:15:46,moved
CT10,M3,06030371.JPG,M3\06030371.JPG,06030371.JPG,5969937,2025-06-03 14:15:48,moved
CT10,M3,06030373.JPG,M3\06030373.JPG,06030373.JPG,6016227,2025-06-03 14:41:48,moved
CT10,M3,06030374.JPG,M3\06030374.JPG,06030374.JPG,5889302,2025-06-03 14:41:48,moved
CT10,M3,06030375.JPG,M3\06030375.JPG,06030375.JPG,5847241,2025-06-03 14:41:51,moved
CT10,M3,06050377.JPG,M3\06050377.JPG,06050377.JPG,4187142,2025-06-05 16:32:30,moved
CT10,M3,06050378.JPG,M3\06050378.JPG,06050378.JPG,4277270,2025-06-05 16:32:30,moved
CT10,M3,06050379.JPG,M3\06050379.JPG,06050379.JPG,4898701,2025-06-05 16:32:32,moved
CT10,M3,10090001.JPG,M3\10090001.JPG,10090001.JPG,6177748,2024-10-09 16:55:16,moved
CT10,M3,10090002.JPG,M3\10090002.JPG,10090002.JPG,6203770,2024-10-09 16:55:18,moved
CT10,M3,10090003.JPG,M3\10090003.JPG,10090003.JPG,6188708,2024-10-09 16:55:18,moved
CT10,M3,10090005.JPG,M3\10090005.JPG,10090005.JPG,5752321,2024-10-09 18:58:10,moved
CT10,M3,10090006.JPG,M3\10090006.JPG,10090006.JPG,5765008,2024-10-09 18:58:10,moved
CT10,M3,10090007.JPG,M3\10090007.JPG,10090007.JPG,5763520,2024-10-09 18:58:12,moved
CT10,M3,10120009.JPG,M3\10120009.JPG,10120009.JPG,5041859,2024-10-13 00:52:10,moved
CT10,M3,10120010.JPG,M3\10120010.JPG,10120010.JPG,5040741,2024-10-13 00:52:12,moved
CT10,M3,10120011.JPG,M3\10120011.JPG,10120011.JPG,5043308,2024-10-13 00:52:12,moved
CT10,M3,10150013.JPG,M3\10150013.JPG,10150013.JPG,5949012,2024-10-15 11:33:00,moved
CT10,M3,10150014.JPG,M3\10150014.JPG,10150014.JPG,5952139,2024-10-15 11:33:00,moved
CT10,M3,10150015.JPG,M3\10150015.JPG,10150015.JPG,5949910,2024-10-15 11:33:02,moved
CT10,M3,10290017.JPG,M3\10290017.JPG,10290017.JPG,4651318,2024-10-29 01:47:48,moved
CT10,M3,10290018.JPG,M3\10290018.JPG,10290018.JPG,4781971,2024-10-29 01:47:50,moved
CT10,M3,10290019.JPG,M3\10290019.JPG,10290019.JPG,4824665,2024-10-29 01:47:50,moved
CT10,M3,10300021.JPG,M3\10300021.JPG,10300021.JPG,5582553,2024-10-30 19:41:56,moved
CT10,M3,10300022.JPG,M3\10300022.JPG,10300022.JPG,5651270,2024-10-30 19:41:58,moved
CT10,M3,10300023.JPG,M3\10300023.JPG,10300023.JPG,5647114,2024-10-30 19:41:58,moved
CT10,M3,10310025.JPG,M3\10310025.JPG,10310025.JPG,5305760,2024-10-31 21:21:56,moved
CT10,M3,10310026.JPG,M3\10310026.JPG,10310026.JPG,5313436,2024-10-31 21:21:56,moved
CT10,M3,10310027.JPG,M3\10310027.JPG,10310027.JPG,5309247,2024-10-31 21:21:56,moved
CT10,M3,11060029.JPG,M3\11060029.JPG,11060029.JPG,5525909,2024-11-06 16:53:26,moved
CT10,M3,11060030.JPG,M3\11060030.JPG,11060030.JPG,5398123,2024-11-06 16:53:26,moved
CT10,M3,11060031.JPG,M3\11060031.JPG,11060031.JPG,5382027,2024-11-06 16:53:26,moved
CT10,M3,11080033.JPG,M3\11080033.JPG,11080033.JPG,5654301,2024-11-08 12:24:24,moved
CT10,M3,11080034.JPG,M3\11080034.JPG,11080034.JPG,5668742,2024-11-08 12:24:26,moved
CT10,M3,11080035.JPG,M3\11080035.JPG,11080035.JPG,5669895,2024-11-08 12:24:26,moved
CT10,M3,11140037.JPG,M3\11140037.JPG,11140037.JPG,4918227,2024-11-14 21:51:50,moved
CT10,M3,11140038.JPG,M3\11140038.JPG,11140038.JPG,4921733,2024-11-14 21:51:50,moved
CT10,M3,11140039.JPG,M3\11140039.JPG,11140039.JPG,4923209,2024-11-14 21:51:53,moved
CT10,M3,11190041.JPG,M3\11190041.JPG,11190041.JPG,5542074,2024-11-19 09:19:04,moved
CT10,M3,11190042.JPG,M3\11190042.JPG,11190042.JPG,5498053,2024-11-19 09:19:04,moved
CT10,M3,11190043.JPG,M3\11190043.JPG,11190043.JPG,5470926,2024-11-19 09:19:06,moved
CT10,M3,11190045.JPG,M3\11190045.JPG,11190045.JPG,5519701,2024-11-19 09:21:10,moved
CT10,M3,11190046.JPG,M3\11190046.JPG,11190046.JPG,5491055,2024-11-19 09:21:12,moved
CT10,M3,11190047.JPG,M3\11190047.JPG,11190047.JPG,5464404,2024-11-19 09:21:12,moved
CT10,M3,11190049.JPG,M3\11190049.JPG,11190049.JPG,5535100,2024-11-19 09:21:32,moved
CT10,M3,11190050.JPG,M3\11190050.JPG,11190050.JPG,5456005,2024-11-19 09:21:32,moved
CT10,M3,11190051.JPG,M3\11190051.JPG,11190051.JPG,5486379,2024-11-19 09:21:34,moved
CT10,M3,11190053.JPG,M3\11190053.JPG,11190053.JPG,5516193,2024-11-19 09:21:52,moved
CT10,M3,11190054.JPG,M3\11190054.JPG,11190054.JPG,5520394,2024-11-19 09:21:55,moved
CT10,M3,11190055.JPG,M3\11190055.JPG,11190055.JPG,5525057,2024-11-19 09:21:54,moved
CT10,M3,11190057.JPG,M3\11190057.JPG,11190057.JPG,5521136,2024-11-19 09:22:18,moved
CT10,M3,11190058.JPG,M3\11190058.JPG,11190058.JPG,5521024,2024-11-19 09:22:20,moved
CT10,M3,11190059.JPG,M3\11190059.JPG,11190059.JPG,5540305,2024-11-19 09:22:20,moved
CT10,M3,11190061.JPG,M3\11190061.JPG,11190061.JPG,5455610,2024-11-19 09:22:40,moved
CT10,M3,11190062.JPG,M3\11190062.JPG,11190062.JPG,5469009,2024-11-19 09:22:43,moved
CT10,M3,11190063.JPG,M3\11190063.JPG,11190063.JPG,5468887,2024-11-19 09:22:42,moved
CT10,M3,11190065.JPG,M3\11190065.JPG,11190065.JPG,5481429,2024-11-19 09:23:02,moved
CT10,M3,11190066.JPG,M3\11190066.JPG,11190066.JPG,5484837,2024-11-19 09:23:02,moved
CT10,M3,11190067.JPG,M3\11190067.JPG,11190067.JPG,5484141,2024-11-19 09:23:02,moved
CT10,M3,11190069.JPG,M3\11190069.JPG,11190069.JPG,5500598,2024-11-19 09:23:22,moved
CT10,M3,11190070.JPG,M3\11190070.JPG,11190070.JPG,5537525,2024-11-19 09:23:22,moved
CT10,M3,11190071.JPG,M3\11190071.JPG,11190071.JPG,5541596,2024-11-19 09:23:24,moved
CT10,M3,11190073.JPG,M3\11190073.JPG,11190073.JPG,5564619,2024-11-19 09:24:06,moved
CT10,M3,11190074.JPG,M3\11190074.JPG,11190074.JPG,5551528,2024-11-19 09:24:06,moved
CT10,M3,11190075.JPG,M3\11190075.JPG,11190075.JPG,5540659,2024-11-19 09:24:08,moved
CT10,M3,11190077.JPG,M3\11190077.JPG,11190077.JPG,5483000,2024-11-19 09:24:28,moved
CT10,M3,11190078.JPG,M3\11190078.JPG,11190078.JPG,5512224,2024-11-19 09:24:28,moved
CT10,M3,11190079.JPG,M3\11190079.JPG,11190079.JPG,5475923,2024-11-19 09:24:30,moved
CT10,M3,11220081.JPG,M3\11220081.JPG,11220081.JPG,4661663,2024-11-22 05:04:22,moved
CT10,M3,11220082.JPG,M3\11220082.JPG,11220082.JPG,4699155,2024-11-22 05:04:22,moved
CT10,M3,11220083.JPG,M3\11220083.JPG,11220083.JPG,4701230,2024-11-22 05:04:24,moved
CT10,M3,11230085.JPG,M3\11230085.JPG,11230085.JPG,5986871,2024-11-23 14:46:12,moved
CT10,M3,11230086.JPG,M3\11230086.JPG,11230086.JPG,5974214,2024-11-23 14:46:12,moved
CT10,M3,11230087.JPG,M3\11230087.JPG,11230087.JPG,5975031,2024-11-23 14:46:12,moved
CT10,M3,11270089.JPG,M3\11270089.JPG,11270089.JPG,4996474,2024-11-27 23:04:42,moved
CT10,M3,11270090.JPG,M3\11270090.JPG,11270090.JPG,5102667,2024-11-27 23:04:42,moved
CT10,M3,11270091.JPG,M3\11270091.JPG,11270091.JPG,5119440,2024-11-27 23:04:44,moved
CT10,M3,11280093.JPG,M3\11280093.JPG,11280093.JPG,5134592,2024-11-28 06:56:04,moved
CT10,M3,11280094.JPG,M3\11280094.JPG,11280094.JPG,5136138,2024-11-28 06:56:06,moved
CT10,M3,11280095.JPG,M3\11280095.JPG,11280095.JPG,5132555,2024-11-28 06:56:06,moved
CT10,M3,11300097.JPG,M3\11300097.JPG,11300097.JPG,4896539,2024-11-30 06:50:56,moved
CT10,M3,11300098.JPG,M3\11300098.JPG,11300098.JPG,4891690,2024-11-30 06:50:56,moved
CT10,M3,11300099.JPG,M3\11300099.JPG,11300099.JPG,4899026,2024-11-30 06:50:58,moved
CT10,M3,12030101.JPG,M3\12030101.JPG,12030101.JPG,4539677,2024-12-03 02:59:26,moved
CT10,M3,12030102.JPG,M3\12030102.JPG,12030102.JPG,4633072,2024-12-03 02:59:26,moved
CT10,M3,12030103.JPG,M3\12030103.JPG,12030103.JPG,4749572,2024-12-03 02:59:28,moved
CT10,M3,12030105.JPG,M3\12030105.JPG,12030105.JPG,4768128,2024-12-03 06:54:16,moved
CT10,M3,12030106.JPG,M3\12030106.JPG,12030106.JPG,4764069,2024-12-03 06:54:16,moved
CT10,M3,12030107.JPG,M3\12030107.JPG,12030107.JPG,4805417,2024-12-03 06:54:18,moved
CT10,M3,12040109.JPG,M3\12040109.JPG,12040109.JPG,4857997,2024-12-04 06:58:40,moved
CT10,M3,12040110.JPG,M3\12040110.JPG,12040110.JPG,4857875,2024-12-04 06:58:43,moved
CT10,M3,12040111.JPG,M3\12040111.JPG,12040111.JPG,4859103,2024-12-04 06:58:42,moved
CT10,M3,12060113.JPG,M3\12060113.JPG,12060113.JPG,4362439,2024-12-06 22:37:46,moved
CT10,M3,12060114.JPG,M3\12060114.JPG,12060114.JPG,5122336,2024-12-06 22:37:48,moved
CT10,M3,12060115.JPG,M3\12060115.JPG,12060115.JPG,5133886,2024-12-06 22:37:48,moved
CT10,M3,12060117.JPG,M3\12060117.JPG,12060117.JPG,5034371,2024-12-07 00:59:12,moved
CT10,M3,12060118.JPG,M3\12060118.JPG,12060118.JPG,5106948,2024-12-07 00:59:12,moved
CT10,M3,12060119.JPG,M3\12060119.JPG,12060119.JPG,5120234,2024-12-07 00:59:12,moved
CT10,M3,12070121.JPG,M3\12070121.JPG,12070121.JPG,5667715,2024-12-07 09:01:43,moved
CT10,M3,12070122.JPG,M3\12070122.JPG,12070122.JPG,5672104,2024-12-07 09:01:42,moved
CT10,M3,12070123.JPG,M3\12070123.JPG,12070123.JPG,5675904,2024-12-07 09:01:42,moved
CT10,M3,12100125.JPG,M3\12100125.JPG,12100125.JPG,4770587,2024-12-10 06:50:06,moved
CT10,M3,12100126.JPG,M3\12100126.JPG,12100126.JPG,4770533,2024-12-10 06:50:06,moved
CT10,M3,12100127.JPG,M3\12100127.JPG,12100127.JPG,4777363,2024-12-10 06:50:08,moved
CT10,M3,12130129.JPG,M3\12130129.JPG,12130129.JPG,4701804,2024-12-13 06:50:16,moved
CT10,M3,12130130.JPG,M3\12130130.JPG,12130130.JPG,4695416,2024-12-13 06:50:16,moved
CT10,M3,12130131.JPG,M3\12130131.JPG,12130131.JPG,4698250,2024-12-13 06:50:16,moved
CT10,M3,12140133.JPG,M3\12140133.JPG,12140133.JPG,5942600,2024-12-14 13:23:10,moved
CT10,M3,12140134.JPG,M3\12140134.JPG,12140134.JPG,5943769,2024-12-14 13:23:12,moved
CT10,M3,12140135.JPG,M3\12140135.JPG,12140135.JPG,6059206,2024-12-14 13:23:12,moved
CT10,M3,12150137.JPG,M3\12150137.JPG,12150137.JPG,4785225,2024-12-15 06:58:02,moved
CT10,M3,12150138.JPG,M3\12150138.JPG,12150138.JPG,4793553,2024-12-15 06:58:02,moved
CT10,M3,12150139.JPG,M3\12150139.JPG,12150139.JPG,4797418,2024-12-15 06:58:02,moved
CT10,M3,12240141.JPG,M3\12240141.JPG,12240141.JPG,4491062,2024-12-24 03:14:10,moved
CT10,M3,12240142.JPG,M3\12240142.JPG,12240142.JPG,4557889,2024-12-24 03:14:10,moved
CT10,M3,12240143.JPG,M3\12240143.JPG,12240143.JPG,4678182,2024-12-24 03:14:12,moved
CT10,M3,12250145.JPG,M3\12250145.JPG,12250145.JPG,4463315,2024-12-25 01:42:50,moved
CT10,M3,12250146.JPG,M3\12250146.JPG,12250146.JPG,4631402,2024-12-25 01:42:50,moved
CT10,M3,12250147.JPG,M3\12250147.JPG,12250147.JPG,4655304,2024-12-25 01:42:52,moved
CT10,M3,12250149.JPG,M3\12250149.JPG,12250149.JPG,4703164,2024-12-25 06:57:42,moved
CT10,M3,12250150.JPG,M3\12250150.JPG,12250150.JPG,4706150,2024-12-25 06:57:42,moved
CT10,M3,12250151.JPG,M3\12250151.JPG,12250151.JPG,4703355,2024-12-25 06:57:45,moved
CT10,M3,12250153.JPG,M3\12250153.JPG,12250153.JPG,4535526,2024-12-26 00:31:10,moved
CT10,M3,12250154.JPG,M3\12250154.JPG,12250154.JPG,4380213,2024-12-26 00:31:12,moved
CT10,M3,12250155.JPG,M3\12250155.JPG,12250155.JPG,4496049,2024-12-26 00:31:12,moved
CT10,M3,12260157.JPG,M3\12260157.JPG,12260157.JPG,4571382,2024-12-26 10:05:28,moved
CT10,M3,12260158.JPG,M3\12260158.JPG,12260158.JPG,5149467,2024-12-26 10:05:28,moved
CT10,M3,12260159.JPG,M3\12260159.JPG,12260159.JPG,5005646,2024-12-26 10:05:30,moved
CT10,M3,12260161.JPG,M3\12260161.JPG,12260161.JPG,5652695,2024-12-26 10:05:52,moved
CT10,M3,12260162.JPG,M3\12260162.JPG,12260162.JPG,5639560,2024-12-26 10:05:52,moved
CT10,M3,12260163.JPG,M3\12260163.JPG,12260163.JPG,5635496,2024-12-26 10:05:54,moved
CT10,M3,12260165.JPG,M3\12260165.JPG,12260165.JPG,5574771,2024-12-26 17:06:52,moved
CT10,M3,12260166.JPG,M3\12260166.JPG,12260166.JPG,5281237,2024-12-26 17:06:52,moved
CT10,M3,12260167.JPG,M3\12260167.JPG,12260167.JPG,5941556,2024-12-26 17:06:52,moved
CT10,M3,12300169.JPG,M3\12300169.JPG,12300169.JPG,6141410,2024-12-30 16:53:55,moved
CT10,M3,12300170.JPG,M3\12300170.JPG,12300170.JPG,6124533,2024-12-30 16:53:54,moved
CT10,M3,12300171.JPG,M3\12300171.JPG,12300171.JPG,6088541,2024-12-30 16:53:54,moved
CT11,M15,01010115.JPG,M15\01010115.JPG,01010115.JPG,1537953,2025-01-01 12:53:14,moved
CT11,M15,01010116.JPG,M15\01010116.JPG,01010116.JPG,1551275,2025-01-01 12:53:14,moved
CT11,M15,01010117.JPG,M15\01010117.JPG,01010117.JPG,1549488,2025-01-01 12:53:14,moved
CT11,M15,01050118.JPG,M15\01050118.JPG,01050118.JPG,1527508,2025-01-05 11:05:56,moved
CT11,M15,01050119.JPG,M15\01050119.JPG,01050119.JPG,1531627,2025-01-05 11:05:56,moved
CT11,M15,01050120.JPG,M15\01050120.JPG,01050120.JPG,1524351,2025-01-05 11:05:56,moved
CT11,M15,01050121.JPG,M15\01050121.JPG,01050121.JPG,1524578,2025-01-05 11:05:58,moved
CT11,M15,01050122.JPG,M15\01050122.JPG,01050122.JPG,1523569,2025-01-05 11:05:58,moved
CT11,M15,01050123.JPG,M15\01050123.JPG,01050123.JPG,1524323,2025-01-05 11:05:58,moved
CT11,M15,01050124.JPG,M15\01050124.JPG,01050124.JPG,1542814,2025-01-05 11:15:10,moved
CT11,M15,01050125.JPG,M15\01050125.JPG,01050125.JPG,1521316,2025-01-05 11:15:12,moved
CT11,M15,01050126.JPG,M15\01050126.JPG,01050126.JPG,1525911,2025-01-05 11:15:12,moved
CT11,M15,01050127.JPG,M15\01050127.JPG,01050127.JPG,1517898,2025-01-05 11:15:14,moved
CT11,M15,01050128.JPG,M15\01050128.JPG,01050128.JPG,1517279,2025-01-05 11:15:14,moved
CT11,M15,01050129.JPG,M15\01050129.JPG,01050129.JPG,1524705,2025-01-05 11:15:14,moved
CT11,M15,01060130.JPG,M15\01060130.JPG,01060130.JPG,1513040,2025-01-06 16:10:16,moved
CT11,M15,01060131.JPG,M15\01060131.JPG,01060131.JPG,1521675,2025-01-06 16:10:16,moved
CT11,M15,01060132.JPG,M15\01060132.JPG,01060132.JPG,1515588,2025-01-06 16:10:18,moved
CT11,M15,01060133.JPG,M15\01060133.JPG,01060133.JPG,1529954,2025-01-06 16:10:20,moved
CT11,M15,01060134.JPG,M15\01060134.JPG,01060134.JPG,1522194,2025-01-06 16:10:20,moved
CT11,M15,01060135.JPG,M15\01060135.JPG,01060135.JPG,1521857,2025-01-06 16:10:20,moved
CT11,M15,01060136.JPG,M15\01060136.JPG,01060136.JPG,1553115,2025-01-06 16:40:50,moved
CT11,M15,01060137.JPG,M15\01060137.JPG,01060137.JPG,1556231,2025-01-06 16:40:50,moved
CT11,M15,01060138.JPG,M15\01060138.JPG,01060138.JPG,1547506,2025-01-06 16:40:50,moved
CT11,M15,01070139.JPG,M15\01070139.JPG,01070139.JPG,1536407,2025-01-07 10:49:54,moved
CT11,M15,01070140.JPG,M15\01070140.JPG,01070140.JPG,1537783,2025-01-07 10:49:54,moved
CT11,M15,01070141.JPG,M15\01070141.JPG,01070141.JPG,1537759,2025-01-07 10:49:54,moved
CT11,M15,01140142.JPG,M15\01140142.JPG,01140142.JPG,1557301,2025-01-14 10:25:02,moved
CT11,M15,01140143.JPG,M15\01140143.JPG,01140143.JPG,1546494,2025-01-14 10:25:02,moved
CT11,M15,01140144.JPG,M15\01140144.JPG,01140144.JPG,1549030,2025-01-14 10:25:04,moved
CT11,M15,01180145.JPG,M15\01180145.JPG,01180145.JPG,1532945,2025-01-18 12:08:10,moved
CT11,M15,01180146.JPG,M15\01180146.JPG,01180146.JPG,1535318,2025-01-18 12:08:10,moved
CT11,M15,01180147.JPG,M15\01180147.JPG,01180147.JPG,1536286,2025-01-18 12:08:12,moved
CT11,M15,01300148.JPG,M15\01300148.JPG,01300148.JPG,1338237,2025-01-30 22:30:48,moved
CT11,M15,01300149.JPG,M15\01300149.JPG,01300149.JPG,1334379,2025-01-30 22:30:48,moved
CT11,M15,01300150.JPG,M15\01300150.JPG,01300150.JPG,1334862,2025-01-30 22:30:50,moved
CT11,M15,01310151.JPG,M15\01310151.JPG,01310151.JPG,1535675,2025-01-31 12:27:24,moved
CT11,M15,01310152.JPG,M15\01310152.JPG,01310152.JPG,1531470,2025-01-31 12:27:26,moved
CT11,M15,01310153.JPG,M15\01310153.JPG,01310153.JPG,1530044,2025-01-31 12:27:26,moved
CT11,M15,01310154.JPG,M15\01310154.JPG,01310154.JPG,1532004,2025-01-31 12:27:26,moved
CT11,M15,01310155.JPG,M15\01310155.JPG,01310155.JPG,1559041,2025-01-31 12:27:28,moved
CT11,M15,01310156.JPG,M15\01310156.JPG,01310156.JPG,1558773,2025-01-31 12:27:28,moved
CT11,M15,01310157.JPG,M15\01310157.JPG,01310157.JPG,1538538,2025-01-31 12:48:08,moved
CT11,M15,01310158.JPG,M15\01310158.JPG,01310158.JPG,1557855,2025-01-31 12:48:10,moved
CT11,M15,01310159.JPG,M15\01310159.JPG,01310159.JPG,1546051,2025-01-31 12:48:10,moved
CT11,M15,01310160.JPG,M15\01310160.JPG,01310160.JPG,1550418,2025-01-31 12:48:10,moved
CT11,M15,01310161.JPG,M15\01310161.JPG,01310161.JPG,1558413,2025-01-31 12:48:12,moved
CT11,M15,01310162.JPG,M15\01310162.JPG,01310162.JPG,1557373,2025-01-31 12:48:12,moved
CT11,M15,02010163.JPG,M15\02010163.JPG,02010163.JPG,1549560,2025-02-01 14:47:38,moved
CT11,M15,02010164.JPG,M15\02010164.JPG,02010164.JPG,1535404,2025-02-01 14:47:38,moved
CT11,M15,02010165.JPG,M15\02010165.JPG,02010165.JPG,1554193,2025-02-01 14:47:40,moved
CT11,M15,02010166.JPG,M15\02010166.JPG,02010166.JPG,1560022,2025-02-01 14:47:50,moved
CT11,M15,02010167.JPG,M15\02010167.JPG,02010167.JPG,1551737,2025-02-01 14:47:50,moved
CT11,M15,02010168.JPG,M15\02010168.JPG,02010168.JPG,1558334,2025-02-01 14:47:50,moved
CT11,M15,03190169.JPG,M15\03190169.JPG,03190169.JPG,1546458,2025-03-19 17:35:44,moved
CT11,M15,03190170.JPG,M15\03190170.JPG,03190170.JPG,1493220,2025-03-19 17:35:46,moved
CT11,M15,03190171.JPG,M15\03190171.JPG,03190171.JPG,1559401,2025-03-19 17:35:46,moved
CT11,M15,03190172.JPG,M15\03190172.JPG,03190172.JPG,1496781,2025-03-19 17:35:46,moved
CT11,M15,03190173.JPG,M15\03190173.JPG,03190173.JPG,1537923,2025-03-19 17:35:48,moved
CT11,M15,03190174.JPG,M15\03190174.JPG,03190174.JPG,1501590,2025-03-19 17:35:48,moved
CT11,M15,03190175.JPG,M15\03190175.JPG,03190175.JPG,1507323,2025-03-19 17:47:46,moved
CT11,M15,03190176.JPG,M15\03190176.JPG,03190176.JPG,1509731,2025-03-19 17:47:48,moved
CT11,M15,03190177.JPG,M15\03190177.JPG,03190177.JPG,1553792,2025-03-19 17:47:48,moved
CT11,M15,03190178.JPG,M15\03190178.JPG,03190178.JPG,1521366,2025-03-19 17:47:50,moved
CT11,M15,03190179.JPG,M15\03190179.JPG,03190179.JPG,1515064,2025-03-19 17:47:50,moved
CT11,M15,03190180.JPG,M15\03190180.JPG,03190180.JPG,1519139,2025-03-19 17:47:52,moved
CT11,M15,03240181.JPG,M15\03240181.JPG,03240181.JPG,1517437,2025-03-24 17:48:22,moved
CT11,M15,03240182.JPG,M15\03240182.JPG,03240182.JPG,1533744,2025-03-24 17:48:22,moved
CT11,M15,03240183.JPG,M15\03240183.JPG,03240183.JPG,1548994,2025-03-24 17:48:22,moved
CT11,M15,03240184.JPG,M15\03240184.JPG,03240184.JPG,1542633,2025-03-24 17:48:24,moved
CT11,M15,03240185.JPG,M15\03240185.JPG,03240185.JPG,1536955,2025-03-24 17:48:24,moved
CT11,M15,03240186.JPG,M15\03240186.JPG,03240186.JPG,1543535,2025-03-24 17:48:24,moved
CT11,M15,03240187.JPG,M15\03240187.JPG,03240187.JPG,1541182,2025-03-24 17:56:02,moved
CT11,M15,03240188.JPG,M15\03240188.JPG,03240188.JPG,1550542,2025-03-24 17:56:04,moved
CT11,M15,03240189.JPG,M15\03240189.JPG,03240189.JPG,1487277,2025-03-24 17:56:04,moved
CT11,M15,03240190.JPG,M15\03240190.JPG,03240190.JPG,1553724,2025-03-24 17:56:04,moved
CT11,M15,03240191.JPG,M15\03240191.JPG,03240191.JPG,1549969,2025-03-24 17:56:06,moved
CT11,M15,03240192.JPG,M15\03240192.JPG,03240192.JPG,1553191,2025-03-24 17:56:06,moved
CT11,M15,03260193.JPG,M15\03260193.JPG,03260193.JPG,1526636,2025-03-26 14:33:04,moved
CT11,M15,03260194.JPG,M15\03260194.JPG,03260194.JPG,1556446,2025-03-26 14:33:04,moved
CT11,M15,03260195.JPG,M15\03260195.JPG,03260195.JPG,1534592,2025-03-26 14:33:06,moved
CT11,M15,10220001.JPG,M15\10220001.JPG,10220001.JPG,1522512,2024-10-22 18:28:32,moved
CT11,M15,10220002.JPG,M15\10220002.JPG,10220002.JPG,1526727,2024-10-22 18:28:32,moved
CT11,M15,10220003.JPG,M15\10220003.JPG,10220003.JPG,1544069,2024-10-22 18:28:34,moved
CT11,M15,10220004.JPG,M15\10220004.JPG,10220004.JPG,1547825,2024-10-22 18:28:36,moved
CT11,M15,10220005.JPG,M15\10220005.JPG,10220005.JPG,1556091,2024-10-22 18:28:36,moved
CT11,M15,10220006.JPG,M15\10220006.JPG,10220006.JPG,1558182,2024-10-22 18:28:36,moved
CT11,M15,10220007.JPG,M15\10220007.JPG,10220007.JPG,1555236,2024-10-22 18:28:42,moved
CT11,M15,10220008.JPG,M15\10220008.JPG,10220008.JPG,1553841,2024-10-22 18:28:42,moved
CT11,M15,10220009.JPG,M15\10220009.JPG,10220009.JPG,1548888,2024-10-22 18:28:42,moved
CT11,M15,10220010.JPG,M15\10220010.JPG,10220010.JPG,1552611,2024-10-22 18:28:46,moved
CT11,M15,10220011.JPG,M15\10220011.JPG,10220011.JPG,1547725,2024-10-22 18:28:46,moved
CT11,M15,10220012.JPG,M15\10220012.JPG,10220012.JPG,1551160,2024-10-22 18:28:48,moved
CT11,M15,10220013.JPG,M15\10220013.JPG,10220013.JPG,1554963,2024-10-22 18:28:50,moved
CT11,M15,10220014.JPG,M15\10220014.JPG,10220014.JPG,1523699,2024-10-22 18:28:50,moved
CT11,M15,10220015.JPG,M15\10220015.JPG,10220015.JPG,1535865,2024-10-22 18:28:52,moved
CT11,M15,10220016.JPG,M15\10220016.JPG,10220016.JPG,1541271,2024-10-22 18:28:52,moved
CT11,M15,10220017.JPG,M15\10220017.JPG,10220017.JPG,1548469,2024-10-22 18:28:52,moved
CT11,M15,10220018.JPG,M15\10220018.JPG,10220018.JPG,1541931,2024-10-22 18:28:54,moved
CT11,M15,10220019.JPG,M15\10220019.JPG,10220019.JPG,1549193,2024-10-22 18:28:54,moved
CT11,M15,10220020.JPG,M15\10220020.JPG,10220020.JPG,1549331,2024-10-22 18:28:56,moved
CT11,M15,10220021.JPG,M15\10220021.JPG,10220021.JPG,1539680,2024-10-22 18:28:56,moved
CT11,M15,10220022.JPG,M15\10220022.JPG,10220022.JPG,1540950,2024-10-22 18:28:58,moved
CT11,M15,10220023.JPG,M15\10220023.JPG,10220023.JPG,1544807,2024-10-22 18:29:00,moved
CT11,M15,10220024.JPG,M15\10220024.JPG,10220024.JPG,1539983,2024-10-22 18:29:00,moved
CT11,M15,10220025.JPG,M15\10220025.JPG,10220025.JPG,1551395,2024-10-22 18:29:02,moved
CT11,M15,10220026.JPG,M15\10220026.JPG,10220026.JPG,1544160,2024-10-22 18:29:02,moved
CT11,M15,10220027.JPG,M15\10220027.JPG,10220027.JPG,1546674,2024-10-22 18:29:04,moved
CT11,M15,10220028.JPG,M15\10220028.JPG,10220028.JPG,1530518,2024-10-22 18:29:08,moved
CT11,M15,10220029.JPG,M15\10220029.JPG,10220029.JPG,1556442,2024-10-22 18:29:08,moved
CT11,M15,10220030.JPG,M15\10220030.JPG,10220030.JPG,1556918,2024-10-22 18:29:08,moved
CT11,M15,10220031.JPG,M15\10220031.JPG,10220031.JPG,1551824,2024-10-22 18:29:10,moved
CT11,M15,10220032.JPG,M15\10220032.JPG,10220032.JPG,1554831,2024-10-22 18:29:10,moved
CT11,M15,10220033.JPG,M15\10220033.JPG,10220033.JPG,1548184,2024-10-22 18:29:12,moved
CT11,M15,10220034.JPG,M15\10220034.JPG,10220034.JPG,1543351,2024-10-22 18:29:14,moved
CT11,M15,10220035.JPG,M15\10220035.JPG,10220035.JPG,1551402,2024-10-22 18:29:14,moved
CT11,M15,10220036.JPG,M15\10220036.JPG,10220036.JPG,1547948,2024-10-22 18:29:14,moved
CT11,M15,10220037.JPG,M15\10220037.JPG,10220037.JPG,1550143,2024-10-22 18:29:18,moved
CT11,M15,10220038.JPG,M15\10220038.JPG,10220038.JPG,1550879,2024-10-22 18:29:20,moved
CT11,M15,10220039.JPG,M15\10220039.JPG,10220039.JPG,1552354,2024-10-22 18:29:20,moved
CT11,M15,10220040.JPG,M15\10220040.JPG,10220040.JPG,1553966,2024-10-22 18:29:22,moved
CT11,M15,10220041.JPG,M15\10220041.JPG,10220041.JPG,1544128,2024-10-22 18:29:22,moved
CT11,M15,10220042.JPG,M15\10220042.JPG,10220042.JPG,1541759,2024-10-22 18:29:24,moved
CT11,M15,10220043.JPG,M15\10220043.JPG,10220043.JPG,1516868,2024-10-22 18:29:26,moved
CT11,M15,10220044.JPG,M15\10220044.JPG,10220044.JPG,1523163,2024-10-22 18:29:26,moved
CT11,M15,10220045.JPG,M15\10220045.JPG,10220045.JPG,1555388,2024-10-22 18:29:28,moved
CT11,M15,10220046.JPG,M15\10220046.JPG,10220046.JPG,1522022,2024-10-22 18:29:28,moved
CT11,M15,10220047.JPG,M15\10220047.JPG,10220047.JPG,1519100,2024-10-22 18:29:28,moved
CT11,M15,10220048.JPG,M15\10220048.JPG,10220048.JPG,1521958,2024-10-22 18:29:30,moved
CT11,M15,10220049.JPG,M15\10220049.JPG,10220049.JPG,1518744,2024-10-22 18:30:02,moved
CT11,M15,10220050.JPG,M15\10220050.JPG,10220050.JPG,1549682,2024-10-22 18:30:02,moved
CT11,M15,10220051.JPG,M15\10220051.JPG,10220051.JPG,1513986,2024-10-22 18:30:02,moved
CT11,M15,10220052.JPG,M15\10220052.JPG,10220052.JPG,1543663,2024-10-22 18:30:04,moved
CT11,M15,10220053.JPG,M15\10220053.JPG,10220053.JPG,1548980,2024-10-22 18:30:04,moved
CT11,M15,10220054.JPG,M15\10220054.JPG,10220054.JPG,1533681,2024-10-22 18:30:06,moved
CT11,M15,10220055.JPG,M15\10220055.JPG,10220055.JPG,1544738,2024-10-22 18:30:16,moved
CT11,M15,10220056.JPG,M15\10220056.JPG,10220056.JPG,1544173,2024-10-22 18:30:18,moved
CT11,M15,10220057.JPG,M15\10220057.JPG,10220057.JPG,1556375,2024-10-22 18:30:18,moved
CT11,M15,10220058.JPG,M15\10220058.JPG,10220058.JPG,1518669,2024-10-22 18:30:20,moved
CT11,M15,10220059.JPG,M15\10220059.JPG,10220059.JPG,1556376,2024-10-22 18:30:20,moved
CT11,M15,10220060.JPG,M15\10220060.JPG,10220060.JPG,1524973,2024-10-22 18:30:22,moved
CT11,M15,10260061.JPG,M15\10260061.JPG,10260061.JPG,1543542,2024-10-26 11:05:38,moved
CT11,M15,10260062.JPG,M15\10260062.JPG,10260062.JPG,1543444,2024-10-26 11:05:38,moved
CT11,M15,10260063.JPG,M15\10260063.JPG,10260063.JPG,1545753,2024-10-26 11:05:40,moved
CT11,M15,10270064.JPG,M15\10270064.JPG,10270064.JPG,1549997,2024-10-27 16:05:16,moved
CT11,M15,10270065.JPG,M15\10270065.JPG,10270065.JPG,1534737,2024-10-27 16:05:16,moved
CT11,M15,10270066.JPG,M15\10270066.JPG,10270066.JPG,1547609,2024-10-27 16:05:18,moved
CT11,M15,10270067.JPG,M15\10270067.JPG,10270067.JPG,1549052,2024-10-27 16:05:20,moved
CT11,M15,10270068.JPG,M15\10270068.JPG,10270068.JPG,1542027,2024-10-27 16:05:22,moved
CT11,M15,10270069.JPG,M15\10270069.JPG,10270069.JPG,1551502,2024-10-27 16:05:22,moved
CT11,M15,10270070.JPG,M15\10270070.JPG,10270070.JPG,1544513,2024-10-27 16:06:02,moved
CT11,M15,10270071.JPG,M15\10270071.JPG,10270071.JPG,1556993,2024-10-27 16:06:04,moved
CT11,M15,10270072.JPG,M15\10270072.JPG,10270072.JPG,1545330,2024-10-27 16:06:04,moved
CT11,M15,10270073.JPG,M15\10270073.JPG,10270073.JPG,1544166,2024-10-27 16:06:04,moved
CT11,M15,10270074.JPG,M15\10270074.JPG,10270074.JPG,1533154,2024-10-27 16:06:06,moved
CT11,M15,10270075.JPG,M15\10270075.JPG,10270075.JPG,1547049,2024-10-27 16:06:06,moved
CT11,M15,11010076.JPG,M15\11010076.JPG,11010076.JPG,1326999,2024-11-01 03:27:58,moved
CT11,M15,11010077.JPG,M15\11010077.JPG,11010077.JPG,1326973,2024-11-01 03:27:58,moved
CT11,M15,11010078.JPG,M15\11010078.JPG,11010078.JPG,1325552,2024-11-01 03:27:58,moved
CT11,M15,11060079.JPG,M15\11060079.JPG,11060079.JPG,1459210,2024-11-06 07:14:44,moved
CT11,M15,11060080.JPG,M15\11060080.JPG,11060080.JPG,1457447,2024-11-06 07:14:44,moved
CT11,M15,11060081.JPG,M15\11060081.JPG,11060081.JPG,1446378,2024-11-06 07:14:46,moved
CT11,M15,11110082.JPG,M15\11110082.JPG,11110082.JPG,1550383,2024-11-11 10:17:56,moved
CT11,M15,11110083.JPG,M15\11110083.JPG,11110083.JPG,1533505,2024-11-11 10:17:56,moved
CT11,M15,11110084.JPG,M15\11110084.JPG,11110084.JPG,1522769,2024-11-11 10:17:58,moved
CT11,M15,11110085.JPG,M15\11110085.JPG,11110085.JPG,1525214,2024-11-11 10:31:58,moved
CT11,M15,11110086.JPG,M15\11110086.JPG,11110086.JPG,1520815,2024-11-11 10:31:58,moved
CT11,M15,11110087.JPG,M15\11110087.JPG,11110087.JPG,1520851,2024-11-11 10:31:58,moved
CT11,M15,11110088.JPG,M15\11110088.JPG,11110088.JPG,1527340,2024-11-11 10:32:00,moved
CT11,M15,11110089.JPG,M15\11110089.JPG,11110089.JPG,1521461,2024-11-11 10:32:00,moved
CT11,M15,11110090.JPG,M15\11110090.JPG,11110090.JPG,1523040,2024-11-11 10:32:00,moved
CT11,M15,11180091.JPG,M15\11180091.JPG,11180091.JPG,1556176,2024-11-18 16:16:02,moved
CT11,M15,11180092.JPG,M15\11180092.JPG,11180092.JPG,1557509,2024-11-18 16:16:04,moved
CT11,M15,11180093.JPG,M15\11180093.JPG,11180093.JPG,1557965,2024-11-18 16:16:04,moved
CT11,M15,11190094.JPG,M15\11190094.JPG,11190094.JPG,1548404,2024-11-19 15:19:18,moved
CT11,M15,11190095.JPG,M15\11190095.JPG,11190095.JPG,1547748,2024-11-19 15:19:18,moved
CT11,M15,11190096.JPG,M15\11190096.JPG,11190096.JPG,1531764,2024-11-19 15:19:18,moved
CT11,M15,11190097.JPG,M15\11190097.JPG,11190097.JPG,1538160,2024-11-19 15:19:20,moved
CT11,M15,11190098.JPG,M15\11190098.JPG,11190098.JPG,1537579,2024-11-19 15:19:20,moved
CT11,M15,11190099.JPG,M15\11190099.JPG,11190099.JPG,1544128,2024-11-19 15:19:20,moved
CT11,M15,11190100.JPG,M15\11190100.JPG,11190100.JPG,1525518,2024-11-19 15:29:30,moved
CT11,M15,11190101.JPG,M15\11190101.JPG,11190101.JPG,1520043,2024-11-19 15:29:30,moved
CT11,M15,11190102.JPG,M15\11190102.JPG,11190102.JPG,1540807,2024-11-19 15:29:30,moved
CT11,M15,11190103.JPG,M15\11190103.JPG,11190103.JPG,1527045,2024-11-19 15:29:32,moved
CT11,M15,11190104.JPG,M15\11190104.JPG,11190104.JPG,1532481,2024-11-19 15:29:32,moved
CT11,M15,11190105.JPG,M15\11190105.JPG,11190105.JPG,1529343,2024-11-19 15:29:32,moved
CT11,M15,11290106.JPG,M15\11290106.JPG,11290106.JPG,1551333,2024-11-29 11:00:58,moved
CT11,M15,11290107.JPG,M15\11290107.JPG,11290107.JPG,1553834,2024-11-29 11:01:00,moved
CT11,M15,11290108.JPG,M15\11290108.JPG,11290108.JPG,1552506,2024-11-29 11:01:00,moved
CT11,M15,12300109.JPG,M15\12300109.JPG,12300109.JPG,1528868,2024-12-30 14:51:36,moved
CT11,M15,12300110.JPG,M15\12300110.JPG,12300110.JPG,1533106,2024-12-30 14:51:36,moved
CT11,M15,12300111.JPG,M15\12300111.JPG,12300111.JPG,1555229,2024-12-30 14:51:38,moved
CT11,M15,12300112.JPG,M15\12300112.JPG,12300112.JPG,1555514,2024-12-30 14:51:40,moved
CT11,M15,12300113.JPG,M15\12300113.JPG,12300113.JPG,1549041,2024-12-30 14:51:40,moved
CT11,M15,12300114.JPG,M15\12300114.JPG,12300114.JPG,1530563,2024-12-30 14:51:42,moved
CT12,M17,10220001.JPG,M17\10220001.JPG,10220001.JPG,5332695,2024-10-22 17:31:16,moved
CT12,M17,10220002.JPG,M17\10220002.JPG,10220002.JPG,5313609,2024-10-22 17:31:18,moved
CT12,M17,10220003.JPG,M17\10220003.JPG,10220003.JPG,5381703,2024-10-22 17:31:20,moved
CT12,M17,10260005.JPG,M17\10260005.JPG,10260005.JPG,5913104,2024-10-26 11:41:54,moved
CT12,M17,10260006.JPG,M17\10260006.JPG,10260006.JPG,5866884,2024-10-26 11:41:58,moved
CT12,M17,10260007.JPG,M17\10260007.JPG,10260007.JPG,5818252,2024-10-26 11:42:00,moved
CT12,M17,10260009.JPG,M17\10260009.JPG,10260009.JPG,5924824,2024-10-26 11:43:30,moved
CT12,M17,10260010.JPG,M17\10260010.JPG,10260010.JPG,5919820,2024-10-26 11:43:30,moved
CT12,M17,10260011.JPG,M17\10260011.JPG,10260011.JPG,5928263,2024-10-26 11:43:32,moved
CT12,M17,10260013.JPG,M17\10260013.JPG,10260013.JPG,5893671,2024-10-26 11:51:42,moved
CT12,M17,10260014.JPG,M17\10260014.JPG,10260014.JPG,5910065,2024-10-26 11:51:44,moved
CT12,M17,10260015.JPG,M17\10260015.JPG,10260015.JPG,5912048,2024-10-26 11:51:46,moved
CT12,M17,10310017.JPG,M17\10310017.JPG,10310017.JPG,6157087,2024-10-31 17:02:24,moved
CT12,M17,10310018.JPG,M17\10310018.JPG,10310018.JPG,6010581,2024-10-31 17:02:24,moved
CT12,M17,10310019.JPG,M17\10310019.JPG,10310019.JPG,6112921,2024-10-31 17:02:26,moved
CT12,M17,11020021.JPG,M17\11020021.JPG,11020021.JPG,5926405,2024-11-02 16:16:26,moved
CT12,M17,11020022.JPG,M17\11020022.JPG,11020022.JPG,6033450,2024-11-02 16:16:28,moved
CT12,M17,11020023.JPG,M17\11020023.JPG,11020023.JPG,5862116,2024-11-02 16:16:30,moved
CT12,M17,11110025.JPG,M17\11110025.JPG,11110025.JPG,5961025,2024-11-11 14:53:58,moved
CT12,M17,11110026.JPG,M17\11110026.JPG,11110026.JPG,6062525,2024-11-11 14:54:00,moved
CT12,M17,11110027.JPG,M17\11110027.JPG,11110027.JPG,6072017,2024-11-11 14:54:00,moved
CT12,M17,11110029.JPG,M17\11110029.JPG,11110029.JPG,6138614,2024-11-11 14:54:54,moved
CT12,M17,11110030.JPG,M17\11110030.JPG,11110030.JPG,6161183,2024-11-11 14:54:54,moved
CT12,M17,11110031.JPG,M17\11110031.JPG,11110031.JPG,6140554,2024-11-11 14:54:56,moved
CT12,M17,11110033.JPG,M17\11110033.JPG,11110033.JPG,6146284,2024-11-11 14:58:02,moved
CT12,M17,11110034.JPG,M17\11110034.JPG,11110034.JPG,6109649,2024-11-11 14:58:02,moved
CT12,M17,11110035.JPG,M17\11110035.JPG,11110035.JPG,6146839,2024-11-11 14:58:04,moved
CT12,M17,11130037.JPG,M17\11130037.JPG,11130037.JPG,5751530,2024-11-13 09:57:36,moved
CT12,M17,11130038.JPG,M17\11130038.JPG,11130038.JPG,5632446,2024-11-13 09:57:38,moved
CT12,M17,11130039.JPG,M17\11130039.JPG,11130039.JPG,5694715,2024-11-13 09:57:38,moved
CT12,M17,11130041.JPG,M17\11130041.JPG,11130041.JPG,5872435,2024-11-13 16:12:04,moved
CT12,M17,11130042.JPG,M17\11130042.JPG,11130042.JPG,5857449,2024-11-13 16:12:06,moved
CT12,M17,11130043.JPG,M17\11130043.JPG,11130043.JPG,5877673,2024-11-13 16:12:06,moved
CT12,M17,11130045.JPG,M17\11130045.JPG,11130045.JPG,5810551,2024-11-13 16:18:16,moved
CT12,M17,11130046.JPG,M17\11130046.JPG,11130046.JPG,5845688,2024-11-13 16:18:18,moved
CT12,M17,11130047.JPG,M17\11130047.JPG,11130047.JPG,5852400,2024-11-13 16:18:18,moved
CT12,M17,11130049.JPG,M17\11130049.JPG,11130049.JPG,5915105,2024-11-13 16:20:54,moved
CT12,M17,11130050.JPG,M17\11130050.JPG,11130050.JPG,5900257,2024-11-13 16:20:54,moved
CT12,M17,11130051.JPG,M17\11130051.JPG,11130051.JPG,5902052,2024-11-13 16:20:56,moved
CT12,M17,11130053.JPG,M17\11130053.JPG,11130053.JPG,5825551,2024-11-13 16:35:12,moved
CT12,M17,11130054.JPG,M17\11130054.JPG,11130054.JPG,6118790,2024-11-13 16:35:14,moved
CT12,M17,11130055.JPG,M17\11130055.JPG,11130055.JPG,6003755,2024-11-13 16:35:14,moved
CT12,M17,11130057.JPG,M17\11130057.JPG,11130057.JPG,6136118,2024-11-13 16:35:36,moved
CT12,M17,11130058.JPG,M17\11130058.JPG,11130058.JPG,6151178,2024-11-13 16:35:38,moved
CT12,M17,11130059.JPG,M17\11130059.JPG,11130059.JPG,6143026,2024-11-13 16:35:38,moved
CT12,M17,11140061.JPG,M17\11140061.JPG,11140061.JPG,5995070,2024-11-14 14:29:22,moved
CT12,M17,11140062.JPG,M17\11140062.JPG,11140062.JPG,5994195,2024-11-14 14:29:22,moved
CT12,M17,11140063.JPG,M17\11140063.JPG,11140063.JPG,5993993,2024-11-14 14:29:24,moved
CT12,M17,11140065.JPG,M17\11140065.JPG,11140065.JPG,5877384,2024-11-14 15:11:22,moved
CT12,M17,11140066.JPG,M17\11140066.JPG,11140066.JPG,6224199,2024-11-14 15:11:24,moved
CT12,M17,11140067.JPG,M17\11140067.JPG,11140067.JPG,6212086,2024-11-14 15:11:24,moved
CT12,M17,11140069.JPG,M17\11140069.JPG,11140069.JPG,6253125,2024-11-14 15:39:46,moved
CT12,M17,11140070.JPG,M17\11140070.JPG,11140070.JPG,5767185,2024-11-14 15:39:46,moved
CT12,M17,11140071.JPG,M17\11140071.JPG,11140071.JPG,5765182,2024-11-14 15:39:48,moved
CT12,M17,11150073.JPG,M17\11150073.JPG,11150073.JPG,6072268,2024-11-15 14:59:06,moved
CT12,M17,11150074.JPG,M17\11150074.JPG,11150074.JPG,6137325,2024-11-15 14:59:08,moved
CT12,M17,11150075.JPG,M17\11150075.JPG,11150075.JPG,6140987,2024-11-15 14:59:08,moved
CT12,M17,11150077.JPG,M17\11150077.JPG,11150077.JPG,5593562,2024-11-15 16:17:36,moved
CT12,M17,11150078.JPG,M17\11150078.JPG,11150078.JPG,5443938,2024-11-15 16:17:38,moved
CT12,M17,11150079.JPG,M17\11150079.JPG,11150079.JPG,5506066,2024-11-15 16:17:38,moved
CT12,M17,11160081.JPG,M17\11160081.JPG,11160081.JPG,5596104,2024-11-16 11:54:30,moved
CT12,M17,11160082.JPG,M17\11160082.JPG,11160082.JPG,5563457,2024-11-16 11:54:30,moved
CT12,M17,11160083.JPG,M17\11160083.JPG,11160083.JPG,5566730,2024-11-16 11:54:32,moved
CT12,M17,11160085.JPG,M17\11160085.JPG,11160085.JPG,5578915,2024-11-16 12:21:04,moved
CT12,M17,11160086.JPG,M17\11160086.JPG,11160086.JPG,5651326,2024-11-16 12:21:06,moved
CT12,M17,11160087.JPG,M17\11160087.JPG,11160087.JPG,5657829,2024-11-16 12:21:06,moved
CT12,M17,11160089.JPG,M17\11160089.JPG,11160089.JPG,6238948,2024-11-16 13:57:46,moved
CT12,M17,11160090.JPG,M17\11160090.JPG,11160090.JPG,6078783,2024-11-16 13:57:48,moved
CT12,M17,11160091.JPG,M17\11160091.JPG,11160091.JPG,6055383,2024-11-16 13:57:48,moved
CT12,M17,11170093.JPG,M17\11170093.JPG,11170093.JPG,4740241,2024-11-17 09:24:16,moved
CT12,M17,11170094.JPG,M17\11170094.JPG,11170094.JPG,4880252,2024-11-17 09:24:18,moved
CT12,M17,11170095.JPG,M17\11170095.JPG,11170095.JPG,4900211,2024-11-17 09:24:18,moved
CT12,M17,11170097.JPG,M17\11170097.JPG,11170097.JPG,4886589,2024-11-17 09:24:54,moved
CT12,M17,11170098.JPG,M17\11170098.JPG,11170098.JPG,4947291,2024-11-17 09:24:54,moved
CT12,M17,11170099.JPG,M17\11170099.JPG,11170099.JPG,5090324,2024-11-17 09:24:56,moved
CT12,M17,11170101.JPG,M17\11170101.JPG,11170101.JPG,5393454,2024-11-17 09:46:48,moved
CT12,M17,11170102.JPG,M17\11170102.JPG,11170102.JPG,5279171,2024-11-17 09:46:48,moved
CT12,M17,11170103.JPG,M17\11170103.JPG,11170103.JPG,5432537,2024-11-17 09:46:50,moved
CT12,M17,11170105.JPG,M17\11170105.JPG,11170105.JPG,5489037,2024-11-17 10:04:24,moved
CT12,M17,11170106.JPG,M17\11170106.JPG,11170106.JPG,5611705,2024-11-17 10:04:24,moved
CT12,M17,11170107.JPG,M17\11170107.JPG,11170107.JPG,5422077,2024-11-17 10:04:26,moved
CT12,M17,11170109.JPG,M17\11170109.JPG,11170109.JPG,5527011,2024-11-17 10:20:24,moved
CT12,M17,11170110.JPG,M17\11170110.JPG,11170110.JPG,5608489,2024-11-17 10:20:24,moved
CT12,M17,11170111.JPG,M17\11170111.JPG,11170111.JPG,5590444,2024-11-17 10:20:26,moved
CT12,M17,11170113.JPG,M17\11170113.JPG,11170113.JPG,5578999,2024-11-17 10:28:20,moved
CT12,M17,11170114.JPG,M17\11170114.JPG,11170114.JPG,5500540,2024-11-17 10:28:22,moved
CT12,M17,11170115.JPG,M17\11170115.JPG,11170115.JPG,5586364,2024-11-17 10:28:22,moved
CT12,M17,11170117.JPG,M17\11170117.JPG,11170117.JPG,5442100,2024-11-17 10:30:22,moved
CT12,M17,11170118.JPG,M17\11170118.JPG,11170118.JPG,5525975,2024-11-17 10:30:22,moved
CT12,M17,11170119.JPG,M17\11170119.JPG,11170119.JPG,5538397,2024-11-17 10:30:24,moved
CT12,M17,11170121.JPG,M17\11170121.JPG,11170121.JPG,5507412,2024-11-17 10:33:48,moved
CT12,M17,11170122.JPG,M17\11170122.JPG,11170122.JPG,5493973,2024-11-17 10:33:48,moved
CT12,M17,11170123.JPG,M17\11170123.JPG,11170123.JPG,5505267,2024-11-17 10:33:50,moved
CT12,M17,11170125.JPG,M17\11170125.JPG,11170125.JPG,5459226,2024-11-17 10:48:58,moved
CT12,M17,11170126.JPG,M17\11170126.JPG,11170126.JPG,5631695,2024-11-17 10:48:58,moved
CT12,M17,11170127.JPG,M17\11170127.JPG,11170127.JPG,5475307,2024-11-17 10:49:00,moved
CT12,M17,11170129.JPG,M17\11170129.JPG,11170129.JPG,5594867,2024-11-17 11:00:10,moved
CT12,M17,11170130.JPG,M17\11170130.JPG,11170130.JPG,5567412,2024-11-17 11:00:12,moved
CT12,M17,11170131.JPG,M17\11170131.JPG,11170131.JPG,5491462,2024-11-17 11:00:12,moved
CT12,M17,11170133.JPG,M17\11170133.JPG,11170133.JPG,5497827,2024-11-17 11:15:08,moved
CT12,M17,11170134.JPG,M17\11170134.JPG,11170134.JPG,5399582,2024-11-17 11:15:10,moved
CT12,M17,11170135.JPG,M17\11170135.JPG,11170135.JPG,5443836,2024-11-17 11:15:10,moved
CT12,M17,11170137.JPG,M17\11170137.JPG,11170137.JPG,5680563,2024-11-17 11:38:22,moved
CT12,M17,11170138.JPG,M17\11170138.JPG,11170138.JPG,5520856,2024-11-17 11:38:22,moved
CT12,M17,11170139.JPG,M17\11170139.JPG,11170139.JPG,5538618,2024-11-17 11:38:24,moved
CT12,M17,11170141.JPG,M17\11170141.JPG,11170141.JPG,5662150,2024-11-17 11:38:52,moved
CT12,M17,11170142.JPG,M17\11170142.JPG,11170142.JPG,5501821,2024-11-17 11:38:54,moved
CT12,M17,11170143.JPG,M17\11170143.JPG,11170143.JPG,5516152,2024-11-17 11:38:54,moved
CT12,M17,11170145.JPG,M17\11170145.JPG,11170145.JPG,5622264,2024-11-17 11:56:42,moved
CT12,M17,11170146.JPG,M17\11170146.JPG,11170146.JPG,5569130,2024-11-17 11:56:44,moved
CT12,M17,11170147.JPG,M17\11170147.JPG,11170147.JPG,5599989,2024-11-17 11:56:44,moved
CT12,M17,11170149.JPG,M17\11170149.JPG,11170149.JPG,5622378,2024-11-17 12:00:38,moved
CT12,M17,11170150.JPG,M17\11170150.JPG,11170150.JPG,5560428,2024-11-17 12:00:38,moved
CT12,M17,11170151.JPG,M17\11170151.JPG,11170151.JPG,5593491,2024-11-17 12:00:40,moved
CT12,M17,11170153.JPG,M17\11170153.JPG,11170153.JPG,5593143,2024-11-17 12:05:46,moved
CT12,M17,11170154.JPG,M17\11170154.JPG,11170154.JPG,5607797,2024-11-17 12:05:46,moved
CT12,M17,11170155.JPG,M17\11170155.JPG,11170155.JPG,5625186,2024-11-17 12:05:48,moved
CT12,M17,11170157.JPG,M17\11170157.JPG,11170157.JPG,5757618,2024-11-17 12:10:48,moved
CT12,M17,11170158.JPG,M17\11170158.JPG,11170158.JPG,5769836,2024-11-17 12:10:48,moved
CT12,M17,11170159.JPG,M17\11170159.JPG,11170159.JPG,5773846,2024-11-17 12:10:50,moved
CT12,M17,11170161.JPG,M17\11170161.JPG,11170161.JPG,5656875,2024-11-17 12:15:12,moved
CT12,M17,11170162.JPG,M17\11170162.JPG,11170162.JPG,5800090,2024-11-17 12:15:14,moved
CT12,M17,11170163.JPG,M17\11170163.JPG,11170163.JPG,5619973,2024-11-17 12:15:14,moved
CT12,M17,11170165.JPG,M17\11170165.JPG,11170165.JPG,5679838,2024-11-17 12:23:48,moved
CT12,M17,11170166.JPG,M17\11170166.JPG,11170166.JPG,5782873,2024-11-17 12:23:50,moved
CT12,M17,11170167.JPG,M17\11170167.JPG,11170167.JPG,5778499,2024-11-17 12:23:50,moved
CT12,M17,11170169.JPG,M17\11170169.JPG,11170169.JPG,6200587,2024-11-17 13:28:24,moved
CT12,M17,11170170.JPG,M17\11170170.JPG,11170170.JPG,5735601,2024-11-17 13:28:26,moved
CT12,M17,11170171.JPG,M17\11170171.JPG,11170171.JPG,6149688,2024-11-17 13:28:26,moved
CT12,M17,11170173.JPG,M17\11170173.JPG,11170173.JPG,6109073,2024-11-17 14:14:06,moved
CT12,M17,11170174.JPG,M17\11170174.JPG,11170174.JPG,5742673,2024-11-17 14:14:06,moved
CT12,M17,11170175.JPG,M17\11170175.JPG,11170175.JPG,6114971,2024-11-17 14:14:08,moved
CT12,M17,11170177.JPG,M17\11170177.JPG,11170177.JPG,5783420,2024-11-17 15:08:34,moved
CT12,M17,11170178.JPG,M17\11170178.JPG,11170178.JPG,6247982,2024-11-17 15:08:36,moved
CT12,M17,11170179.JPG,M17\11170179.JPG,11170179.JPG,6261602,2024-11-17 15:08:36,moved
CT12,M17,11180181.JPG,M17\11180181.JPG,11180181.JPG,5426890,2024-11-18 10:02:56,moved
CT12,M17,11180182.JPG,M17\11180182.JPG,11180182.JPG,5457150,2024-11-18 10:02:56,moved
CT12,M17,11180183.JPG,M17\11180183.JPG,11180183.JPG,5671073,2024-11-18 10:02:58,moved
CT12,M17,11180185.JPG,M17\11180185.JPG,11180185.JPG,5523139,2024-11-18 10:38:42,moved
CT12,M17,11180186.JPG,M17\11180186.JPG,11180186.JPG,5524217,2024-11-18 10:38:44,moved
CT12,M17,11180187.JPG,M17\11180187.JPG,11180187.JPG,5493400,2024-11-18 10:38:44,moved
CT12,M17,11180189.JPG,M17\11180189.JPG,11180189.JPG,5517103,2024-11-18 10:40:08,moved
CT12,M17,11180190.JPG,M17\11180190.JPG,11180190.JPG,5557632,2024-11-18 10:40:10,moved
CT12,M17,11180191.JPG,M17\11180191.JPG,11180191.JPG,5520936,2024-11-18 10:40:10,moved
CT12,M17,11180193.JPG,M17\11180193.JPG,11180193.JPG,5514712,2024-11-18 10:40:28,moved
CT12,M17,11180194.JPG,M17\11180194.JPG,11180194.JPG,5507013,2024-11-18 10:40:30,moved
CT12,M17,11180195.JPG,M17\11180195.JPG,11180195.JPG,5508592,2024-11-18 10:40:30,moved
CT12,M17,11180197.JPG,M17\11180197.JPG,11180197.JPG,5540637,2024-11-18 10:42:58,moved
CT12,M17,11180198.JPG,M17\11180198.JPG,11180198.JPG,5527874,2024-11-18 10:43:00,moved
CT12,M17,11180199.JPG,M17\11180199.JPG,11180199.JPG,5530236,2024-11-18 10:43:00,moved
CT12,M17,11180201.JPG,M17\11180201.JPG,11180201.JPG,5555307,2024-11-18 10:43:36,moved
CT12,M17,11180202.JPG,M17\11180202.JPG,11180202.JPG,5602422,2024-11-18 10:43:36,moved
CT12,M17,11180203.JPG,M17\11180203.JPG,11180203.JPG,5517865,2024-11-18 10:43:38,moved
CT12,M17,11180205.JPG,M17\11180205.JPG,11180205.JPG,5624623,2024-11-18 11:04:04,moved
CT12,M17,11180206.JPG,M17\11180206.JPG,11180206.JPG,5604028,2024-11-18 11:04:06,moved
CT12,M17,11180207.JPG,M17\11180207.JPG,11180207.JPG,5570921,2024-11-18 11:04:06,moved
CT12,M17,11180209.JPG,M17\11180209.JPG,11180209.JPG,5536343,2024-11-18 11:05:00,moved
CT12,M17,11180210.JPG,M17\11180210.JPG,11180210.JPG,5514471,2024-11-18 11:05:02,moved
CT12,M17,11180211.JPG,M17\11180211.JPG,11180211.JPG,5524922,2024-11-18 11:05:02,moved
CT12,M17,11180213.JPG,M17\11180213.JPG,11180213.JPG,5513357,2024-11-18 11:11:14,moved
CT12,M17,11180214.JPG,M17\11180214.JPG,11180214.JPG,5502678,2024-11-18 11:11:14,moved
CT12,M17,11180215.JPG,M17\11180215.JPG,11180215.JPG,5510244,2024-11-18 11:11:16,moved
CT12,M17,11180217.JPG,M17\11180217.JPG,11180217.JPG,5453044,2024-11-18 11:23:04,moved
CT12,M17,11180218.JPG,M17\11180218.JPG,11180218.JPG,5466178,2024-11-18 11:23:06,moved
CT12,M17,11180219.JPG,M17\11180219.JPG,11180219.JPG,5474255,2024-11-18 11:23:06,moved
CT12,M17,11180221.JPG,M17\11180221.JPG,11180221.JPG,5642594,2024-11-18 11:27:40,moved
CT12,M17,11180222.JPG,M17\11180222.JPG,11180222.JPG,5658881,2024-11-18 11:27:42,moved
CT12,M17,11180223.JPG,M17\11180223.JPG,11180223.JPG,5674319,2024-11-18 11:27:42,moved
CT12,M17,11180225.JPG,M17\11180225.JPG,11180225.JPG,5609120,2024-11-18 11:48:32,moved
CT12,M17,11180226.JPG,M17\11180226.JPG,11180226.JPG,5636511,2024-11-18 11:48:34,moved
CT12,M17,11180227.JPG,M17\11180227.JPG,11180227.JPG,5654609,2024-11-18 11:48:34,moved
CT12,M17,11180229.JPG,M17\11180229.JPG,11180229.JPG,5621302,2024-11-18 12:00:08,moved
CT12,M17,11180230.JPG,M17\11180230.JPG,11180230.JPG,5607227,2024-11-18 12:00:08,moved
CT12,M17,11180231.JPG,M17\11180231.JPG,11180231.JPG,5624481,2024-11-18 12:00:10,moved
CT12,M17,11180233.JPG,M17\11180233.JPG,11180233.JPG,5655745,2024-11-18 12:21:28,moved
CT12,M17,11180234.JPG,M17\11180234.JPG,11180234.JPG,5608484,2024-11-18 12:21:28,moved
CT12,M17,11180235.JPG,M17\11180235.JPG,11180235.JPG,5710342,2024-11-18 12:21:30,moved
CT12,M17,11180237.JPG,M17\11180237.JPG,11180237.JPG,5812204,2024-11-18 12:28:54,moved
CT12,M17,11180238.JPG,M17\11180238.JPG,11180238.JPG,5849969,2024-11-18 12:28:56,moved
CT12,M17,11180239.JPG,M17\11180239.JPG,11180239.JPG,5746819,2024-11-18 12:28:56,moved
CT12,M17,11180241.JPG,M17\11180241.JPG,11180241.JPG,5871665,2024-11-18 13:40:32,moved
CT12,M17,11180242.JPG,M17\11180242.JPG,11180242.JPG,5836421,2024-11-18 13:40:32,moved
CT12,M17,11180243.JPG,M17\11180243.JPG,11180243.JPG,5843399,2024-11-18 13:40:34,moved
CT12,M17,11180245.JPG,M17\11180245.JPG,11180245.JPG,6074690,2024-11-18 13:59:22,moved
CT12,M17,11180246.JPG,M17\11180246.JPG,11180246.JPG,6055718,2024-11-18 13:59:24,moved
CT12,M17,11180247.JPG,M17\11180247.JPG,11180247.JPG,6058429,2024-11-18 13:59:24,moved
CT12,M17,11180249.JPG,M17\11180249.JPG,11180249.JPG,6156518,2024-11-18 14:14:02,moved
CT12,M17,11180250.JPG,M17\11180250.JPG,11180250.JPG,6155800,2024-11-18 14:14:02,moved
CT12,M17,11180251.JPG,M17\11180251.JPG,11180251.JPG,6175959,2024-11-18 14:14:04,moved
CT12,M17,11180253.JPG,M17\11180253.JPG,11180253.JPG,6111892,2024-11-18 14:41:28,moved
CT12,M17,11180254.JPG,M17\11180254.JPG,11180254.JPG,6256362,2024-11-18 14:41:28,moved
CT12,M17,11180255.JPG,M17\11180255.JPG,11180255.JPG,6252998,2024-11-18 14:41:30,moved
CT12,M17,11180257.JPG,M17\11180257.JPG,11180257.JPG,5692833,2024-11-18 14:48:54,moved
CT12,M17,11180258.JPG,M17\11180258.JPG,11180258.JPG,6260201,2024-11-18 14:48:56,moved
CT12,M17,11180259.JPG,M17\11180259.JPG,11180259.JPG,6249542,2024-11-18 14:48:56,moved
CT12,M17,11180261.JPG,M17\11180261.JPG,11180261.JPG,6248528,2024-11-18 14:58:52,moved
CT12,M17,11180262.JPG,M17\11180262.JPG,11180262.JPG,6257135,2024-11-18 14:58:54,moved
CT12,M17,11180263.JPG,M17\11180263.JPG,11180263.JPG,6265127,2024-11-18 14:58:54,moved
CT12,M17,11180265.JPG,M17\11180265.JPG,11180265.JPG,5779302,2024-11-18 15:00:06,moved
CT12,M17,11180266.JPG,M17\11180266.JPG,11180266.JPG,5767792,2024-11-18 15:00:06,moved
CT12,M17,11180267.JPG,M17\11180267.JPG,11180267.JPG,5760146,2024-11-18 15:00:08,moved
CT12,M17,11180269.JPG,M17\11180269.JPG,11180269.JPG,5784874,2024-11-18 15:01:14,moved
CT12,M17,11180270.JPG,M17\11180270.JPG,11180270.JPG,6256002,2024-11-18 15:01:16,moved
CT12,M17,11180271.JPG,M17\11180271.JPG,11180271.JPG,6255774,2024-11-18 15:01:16,moved
CT12,M17,11180273.JPG,M17\11180273.JPG,11180273.JPG,6243827,2024-11-18 15:01:38,moved
CT12,M17,11180274.JPG,M17\11180274.JPG,11180274.JPG,6240877,2024-11-18 15:01:38,moved
CT12,M17,11180275.JPG,M17\11180275.JPG,11180275.JPG,6264666,2024-11-18 15:01:40,moved
CT12,M17,11180277.JPG,M17\11180277.JPG,11180277.JPG,5869512,2024-11-18 15:16:48,moved
CT12,M17,11180278.JPG,M17\11180278.JPG,11180278.JPG,5828565,2024-11-18 15:16:48,moved
CT12,M17,11180279.JPG,M17\11180279.JPG,11180279.JPG,5827449,2024-11-18 15:16:50,moved
CT12,M17,11180281.JPG,M17\11180281.JPG,11180281.JPG,5731971,2024-11-18 15:17:40,moved
CT12,M17,11180282.JPG,M17\11180282.JPG,11180282.JPG,5730495,2024-11-18 15:17:40,moved
CT12,M17,11180283.JPG,M17\11180283.JPG,11180283.JPG,5720134,2024-11-18 15:17:42,moved
CT12,M17,11180285.JPG,M17\11180285.JPG,11180285.JPG,5767576,2024-11-18 15:24:36,moved
CT12,M17,11180286.JPG,M17\11180286.JPG,11180286.JPG,5783694,2024-11-18 15:24:36,moved
CT12,M17,11180287.JPG,M17\11180287.JPG,11180287.JPG,5801276,2024-11-18 15:24:38,moved
CT12,M17,11190289.JPG,M17\11190289.JPG,11190289.JPG,5625068,2024-11-19 11:13:34,moved
CT12,M17,11190290.JPG,M17\11190290.JPG,11190290.JPG,5601826,2024-11-19 11:13:34,moved
CT12,M17,11190291.JPG,M17\11190291.JPG,11190291.JPG,5597251,2024-11-19 11:13:36,moved
CT12,M17,11190293.JPG,M17\11190293.JPG,11190293.JPG,5741697,2024-11-19 16:30:16,moved
CT12,M17,11190294.JPG,M17\11190294.JPG,11190294.JPG,6138606,2024-11-19 16:30:18,moved
CT12,M17,11190295.JPG,M17\11190295.JPG,11190295.JPG,6121864,2024-11-19 16:30:18,moved
CT12,M17,11200297.JPG,M17\11200297.JPG,11200297.JPG,6151967,2024-11-20 13:51:56,moved
CT12,M17,11200298.JPG,M17\11200298.JPG,11200298.JPG,6155911,2024-11-20 13:51:56,moved
CT12,M17,11200299.JPG,M17\11200299.JPG,11200299.JPG,6146762,2024-11-20 13:51:58,moved
CT12,M17,11200301.JPG,M17\11200301.JPG,11200301.JPG,6224524,2024-11-20 14:36:54,moved
CT12,M17,11200302.JPG,M17\11200302.JPG,11200302.JPG,6196654,2024-11-20 14:36:56,moved
CT12,M17,11200303.JPG,M17\11200303.JPG,11200303.JPG,6185933,2024-11-20 14:36:56,moved
CT12,M17,11200305.JPG,M17\11200305.JPG,11200305.JPG,6259424,2024-11-20 14:40:34,moved
CT12,M17,11200306.JPG,M17\11200306.JPG,11200306.JPG,6221788,2024-11-20 14:40:36,moved
CT12,M17,11200307.JPG,M17\11200307.JPG,11200307.JPG,6217065,2024-11-20 14:40:36,moved
CT12,M17,11200309.JPG,M17\11200309.JPG,11200309.JPG,6216472,2024-11-20 14:41:14,moved
CT12,M17,11200310.JPG,M17\11200310.JPG,11200310.JPG,6221477,2024-11-20 14:41:16,moved
CT12,M17,11200311.JPG,M17\11200311.JPG,11200311.JPG,6230311,2024-11-20 14:41:16,moved
CT12,M17,11200313.JPG,M17\11200313.JPG,11200313.JPG,5854145,2024-11-20 14:58:58,moved
CT12,M17,11200314.JPG,M17\11200314.JPG,11200314.JPG,6220683,2024-11-20 14:59:00,moved
CT12,M17,11200315.JPG,M17\11200315.JPG,11200315.JPG,6214165,2024-11-20 14:59:00,moved
CT12,M17,11200317.JPG,M17\11200317.JPG,11200317.JPG,6215924,2024-11-20 14:59:28,moved
CT12,M17,11200318.JPG,M17\11200318.JPG,11200318.JPG,6257139,2024-11-20 14:59:28,moved
CT12,M17,11200319.JPG,M17\11200319.JPG,11200319.JPG,6242527,2024-11-20 14:59:30,moved
CT12,M17,11200321.JPG,M17\11200321.JPG,11200321.JPG,5853629,2024-11-20 15:15:52,moved
CT12,M17,11200322.JPG,M17\11200322.JPG,11200322.JPG,5811666,2024-11-20 15:15:52,moved
CT12,M17,11200323.JPG,M17\11200323.JPG,11200323.JPG,5867078,2024-11-20 15:15:54,moved
CT12,M17,11200325.JPG,M17\11200325.JPG,11200325.JPG,6232653,2024-11-20 16:27:08,moved
CT12,M17,11200326.JPG,M17\11200326.JPG,11200326.JPG,6171001,2024-11-20 16:27:08,moved
CT12,M17,11200327.JPG,M17\11200327.JPG,11200327.JPG,6113590,2024-11-20 16:27:10,moved
CT12,M17,11210329.JPG,M17\11210329.JPG,11210329.JPG,5649809,2024-11-21 11:48:02,moved
CT12,M17,11210330.JPG,M17\11210330.JPG,11210330.JPG,5654799,2024-11-21 11:48:04,moved
CT12,M17,11210331.JPG,M17\11210331.JPG,11210331.JPG,5644199,2024-11-21 11:48:04,moved
CT12,M17,11210333.JPG,M17\11210333.JPG,11210333.JPG,5627649,2024-11-21 12:04:36,moved
CT12,M17,11210334.JPG,M17\11210334.JPG,11210334.JPG,5642098,2024-11-21 12:04:38,moved
CT12,M17,11210335.JPG,M17\11210335.JPG,11210335.JPG,5490829,2024-11-21 12:04:38,moved
CT12,M17,11210337.JPG,M17\11210337.JPG,11210337.JPG,6126646,2024-11-21 14:28:26,moved
CT12,M17,11210338.JPG,M17\11210338.JPG,11210338.JPG,6151870,2024-11-21 14:28:26,moved
CT12,M17,11210339.JPG,M17\11210339.JPG,11210339.JPG,6140827,2024-11-21 14:28:28,moved
CT12,M17,11210341.JPG,M17\11210341.JPG,11210341.JPG,5773508,2024-11-21 15:04:44,moved
CT12,M17,11210342.JPG,M17\11210342.JPG,11210342.JPG,5771457,2024-11-21 15:04:46,moved
CT12,M17,11210343.JPG,M17\11210343.JPG,11210343.JPG,5757762,2024-11-21 15:04:46,moved
CT12,M17,11210345.JPG,M17\11210345.JPG,11210345.JPG,5842594,2024-11-21 15:26:04,moved
CT12,M17,11210346.JPG,M17\11210346.JPG,11210346.JPG,5790093,2024-11-21 15:26:06,moved
CT12,M17,11210347.JPG,M17\11210347.JPG,11210347.JPG,5788407,2024-11-21 15:26:08,moved
CT12,M17,11210349.JPG,M17\11210349.JPG,11210349.JPG,5843420,2024-11-21 15:32:18,moved
CT12,M17,11210350.JPG,M17\11210350.JPG,11210350.JPG,5813155,2024-11-21 15:32:18,moved
CT12,M17,11210351.JPG,M17\11210351.JPG,11210351.JPG,5805459,2024-11-21 15:32:20,moved
CT12,M17,11210353.JPG,M17\11210353.JPG,11210353.JPG,5858253,2024-11-21 15:48:34,moved
CT12,M17,11210354.JPG,M17\11210354.JPG,11210354.JPG,6269372,2024-11-21 15:48:36,moved
CT12,M17,11210355.JPG,M17\11210355.JPG,11210355.JPG,5859949,2024-11-21 15:48:36,moved
CT12,M17,11230357.JPG,M17\11230357.JPG,11230357.JPG,6160522,2024-11-23 15:37:50,moved
CT12,M17,11230358.JPG,M17\11230358.JPG,11230358.JPG,6046968,2024-11-23 15:37:52,moved
CT12,M17,11230359.JPG,M17\11230359.JPG,11230359.JPG,6229512,2024-11-23 15:37:52,moved
CT12,M17,11230361.JPG,M17\11230361.JPG,11230361.JPG,6092275,2024-11-23 16:53:48,moved
CT12,M17,11230362.JPG,M17\11230362.JPG,11230362.JPG,6121293,2024-11-23 16:53:50,moved
CT12,M17,11230363.JPG,M17\11230363.JPG,11230363.JPG,6080612,2024-11-23 16:53:50,moved
CT12,M17,11270365.JPG,M17\11270365.JPG,11270365.JPG,5985481,2024-11-27 14:26:24,moved
CT12,M17,11270366.JPG,M17\11270366.JPG,11270366.JPG,6009324,2024-11-27 14:26:26,moved
CT12,M17,11270367.JPG,M17\11270367.JPG,11270367.JPG,5982035,2024-11-27 14:26:26,moved
CT12,M17,11270369.JPG,M17\11270369.JPG,11270369.JPG,6032716,2024-11-27 14:35:44,moved
CT12,M17,11270370.JPG,M17\11270370.JPG,11270370.JPG,6001458,2024-11-27 14:35:46,moved
CT12,M17,11270371.JPG,M17\11270371.JPG,11270371.JPG,5991992,2024-11-27 14:35:46,moved
CT12,M17,11280373.JPG,M17\11280373.JPG,11280373.JPG,5630486,2024-11-28 12:03:46,moved
CT12,M17,11280374.JPG,M17\11280374.JPG,11280374.JPG,5621749,2024-11-28 12:03:46,moved
CT12,M17,11280375.JPG,M17\11280375.JPG,11280375.JPG,5579251,2024-11-28 12:03:48,moved
CT12,M17,11280377.JPG,M17\11280377.JPG,11280377.JPG,5211816,2024-11-28 12:28:08,moved
CT12,M17,11280378.JPG,M17\11280378.JPG,11280378.JPG,5223423,2024-11-28 12:28:10,moved
CT12,M17,11280379.JPG,M17\11280379.JPG,11280379.JPG,5192588,2024-11-28 12:28:10,moved
CT12,M17,11280381.JPG,M17\11280381.JPG,11280381.JPG,5558433,2024-11-28 12:28:36,moved
CT12,M17,11280382.JPG,M17\11280382.JPG,11280382.JPG,5337864,2024-11-28 12:28:36,moved
CT12,M17,11280383.JPG,M17\11280383.JPG,11280383.JPG,5353519,2024-11-28 12:28:38,moved
CT12,M17,11280385.JPG,M17\11280385.JPG,11280385.JPG,5495825,2024-11-28 12:29:12,moved
CT12,M17,11280386.JPG,M17\11280386.JPG,11280386.JPG,5374436,2024-11-28 12:29:14,moved
CT12,M17,11280387.JPG,M17\11280387.JPG,11280387.JPG,5370118,2024-11-28 12:29:14,moved
CT12,M17,11280389.JPG,M17\11280389.JPG,11280389.JPG,5549465,2024-11-28 12:29:52,moved
CT12,M17,11280390.JPG,M17\11280390.JPG,11280390.JPG,5692525,2024-11-28 12:29:52,moved
CT12,M17,11280391.JPG,M17\11280391.JPG,11280391.JPG,5566860,2024-11-28 12:29:54,moved
CT12,M17,11280393.JPG,M17\11280393.JPG,11280393.JPG,5709401,2024-11-28 12:31:02,moved
CT12,M17,11280394.JPG,M17\11280394.JPG,11280394.JPG,5694689,2024-11-28 12:31:04,moved
CT12,M17,11280395.JPG,M17\11280395.JPG,11280395.JPG,5720800,2024-11-28 12:31:04,moved
CT12,M17,11280397.JPG,M17\11280397.JPG,11280397.JPG,5937692,2024-11-28 13:21:48,moved
CT12,M17,11280398.JPG,M17\11280398.JPG,11280398.JPG,5856495,2024-11-28 13:21:48,moved
CT12,M17,11280399.JPG,M17\11280399.JPG,11280399.JPG,5883643,2024-11-28 13:21:50,moved
CT12,M17,11280401.JPG,M17\11280401.JPG,11280401.JPG,6000540,2024-11-28 13:53:24,moved
CT12,M17,11280402.JPG,M17\11280402.JPG,11280402.JPG,6010552,2024-11-28 13:53:26,moved
CT12,M17,11280403.JPG,M17\11280403.JPG,11280403.JPG,5993113,2024-11-28 13:53:28,moved
CT12,M17,11280405.JPG,M17\11280405.JPG,11280405.JPG,6053306,2024-11-28 14:27:00,moved
CT12,M17,11280406.JPG,M17\11280406.JPG,11280406.JPG,6112775,2024-11-28 14:27:00,moved
CT12,M17,11280407.JPG,M17\11280407.JPG,11280407.JPG,6031322,2024-11-28 14:27:02,moved
CT12,M17,11280409.JPG,M17\11280409.JPG,11280409.JPG,5925229,2024-11-28 14:29:20,moved
CT12,M17,11280410.JPG,M17\11280410.JPG,11280410.JPG,6034025,2024-11-28 14:29:22,moved
CT12,M17,11280411.JPG,M17\11280411.JPG,11280411.JPG,5962931,2024-11-28 14:29:22,moved
CT12,M17,11280413.JPG,M17\11280413.JPG,11280413.JPG,5941643,2024-11-28 14:30:38,moved
CT12,M17,11280414.JPG,M17\11280414.JPG,11280414.JPG,5985383,2024-11-28 14:30:38,moved
CT12,M17,11280415.JPG,M17\11280415.JPG,11280415.JPG,5978284,2024-11-28 14:30:40,moved
CT12,M17,11280417.JPG,M17\11280417.JPG,11280417.JPG,5910111,2024-11-28 14:31:10,moved
CT12,M17,11280418.JPG,M17\11280418.JPG,11280418.JPG,5944173,2024-11-28 14:31:10,moved
CT12,M17,11280419.JPG,M17\11280419.JPG,11280419.JPG,5953141,2024-11-28 14:31:12,moved
CT12,M17,11280421.JPG,M17\11280421.JPG,11280421.JPG,6177314,2024-11-28 14:34:12,moved
CT12,M17,11280422.JPG,M17\11280422.JPG,11280422.JPG,6073380,2024-11-28 14:34:12,moved
CT12,M17,11280423.JPG,M17\11280423.JPG,11280423.JPG,6076277,2024-11-28 14:34:14,moved
CT12,M17,11280425.JPG,M17\11280425.JPG,11280425.JPG,6012172,2024-11-28 14:34:32,moved
CT12,M17,11280426.JPG,M17\11280426.JPG,11280426.JPG,6014747,2024-11-28 14:34:34,moved
CT12,M17,11280427.JPG,M17\11280427.JPG,11280427.JPG,6010570,2024-11-28 14:34:34,moved
CT12,M17,11280429.JPG,M17\11280429.JPG,11280429.JPG,6081852,2024-11-28 14:41:30,moved
CT12,M17,11280430.JPG,M17\11280430.JPG,11280430.JPG,6113635,2024-11-28 14:41:32,moved
CT12,M17,11280431.JPG,M17\11280431.JPG,11280431.JPG,6108577,2024-11-28 14:41:32,moved
CT12,M17,11280433.JPG,M17\11280433.JPG,11280433.JPG,6135906,2024-11-28 14:44:02,moved
CT12,M17,11280434.JPG,M17\11280434.JPG,11280434.JPG,6132556,2024-11-28 14:44:04,moved
CT12,M17,11280435.JPG,M17\11280435.JPG,11280435.JPG,6128425,2024-11-28 14:44:04,moved
CT12,M17,11280437.JPG,M17\11280437.JPG,11280437.JPG,5566513,2024-11-28 14:44:30,moved
CT12,M17,11280438.JPG,M17\11280438.JPG,11280438.JPG,5581993,2024-11-28 14:44:30,moved
CT12,M17,11280439.JPG,M17\11280439.JPG,11280439.JPG,5559739,2024-11-28 14:44:32,moved
CT12,M17,11280441.JPG,M17\11280441.JPG,11280441.JPG,6065013,2024-11-28 14:50:14,moved
CT12,M17,11280442.JPG,M17\11280442.JPG,11280442.JPG,6106753,2024-11-28 14:50:14,moved
CT12,M17,11280443.JPG,M17\11280443.JPG,11280443.JPG,6083654,2024-11-28 14:50:16,moved
CT12,M17,11280445.JPG,M17\11280445.JPG,11280445.JPG,6214523,2024-11-28 15:09:04,moved
CT12,M17,11280446.JPG,M17\11280446.JPG,11280446.JPG,6174519,2024-11-28 15:09:06,moved
CT12,M17,11280447.JPG,M17\11280447.JPG,11280447.JPG,6134506,2024-11-28 15:09:06,moved
CT12,M17,11280449.JPG,M17\11280449.JPG,11280449.JPG,6272734,2024-11-28 15:22:32,moved
CT12,M17,11280450.JPG,M17\11280450.JPG,11280450.JPG,6229924,2024-11-28 15:22:34,moved
CT12,M17,11280451.JPG,M17\11280451.JPG,11280451.JPG,6236710,2024-11-28 15:22:34,moved
CT12,M17,11280453.JPG,M17\11280453.JPG,11280453.JPG,6242960,2024-11-28 15:25:36,moved
CT12,M17,11280454.JPG,M17\11280454.JPG,11280454.JPG,6205022,2024-11-28 15:25:36,moved
CT12,M17,11280455.JPG,M17\11280455.JPG,11280455.JPG,6222013,2024-11-28 15:25:38,moved
CT12,M17,11280457.JPG,M17\11280457.JPG,11280457.JPG,5723946,2024-11-28 15:26:44,moved
CT12,M17,11280458.JPG,M17\11280458.JPG,11280458.JPG,6232212,2024-11-28 15:26:46,moved
CT12,M17,11280459.JPG,M17\11280459.JPG,11280459.JPG,6228646,2024-11-28 15:26:48,moved
CT12,M17,11280461.JPG,M17\11280461.JPG,11280461.JPG,5762274,2024-11-28 15:37:02,moved
CT12,M17,11280462.JPG,M17\11280462.JPG,11280462.JPG,5744705,2024-11-28 15:37:04,moved
CT12,M17,11280463.JPG,M17\11280463.JPG,11280463.JPG,5764777,2024-11-28 15:37:04,moved
CT12,M17,11280465.JPG,M17\11280465.JPG,11280465.JPG,5931312,2024-11-28 15:37:54,moved
CT12,M17,11280466.JPG,M17\11280466.JPG,11280466.JPG,5972606,2024-11-28 15:37:54,moved
CT12,M17,11280467.JPG,M17\11280467.JPG,11280467.JPG,5976551,2024-11-28 15:37:56,moved
CT12,M17,11280469.JPG,M17\11280469.JPG,11280469.JPG,6267140,2024-11-28 15:39:46,moved
CT12,M17,11280470.JPG,M17\11280470.JPG,11280470.JPG,6253600,2024-11-28 15:39:48,moved
CT12,M17,11280471.JPG,M17\11280471.JPG,11280471.JPG,6251014,2024-11-28 15:39:48,moved
CT12,M17,11280473.JPG,M17\11280473.JPG,11280473.JPG,6153809,2024-11-28 15:51:36,moved
CT12,M17,11280474.JPG,M17\11280474.JPG,11280474.JPG,6191528,2024-11-28 15:51:36,moved
CT12,M17,11280475.JPG,M17\11280475.JPG,11280475.JPG,6076721,2024-11-28 15:51:38,moved
CT12,M17,11280477.JPG,M17\11280477.JPG,11280477.JPG,5852342,2024-11-28 15:59:20,moved
CT12,M17,11280478.JPG,M17\11280478.JPG,11280478.JPG,5806887,2024-11-28 15:59:22,moved
CT12,M17,11280479.JPG,M17\11280479.JPG,11280479.JPG,5799767,2024-11-28 15:59:22,moved
CT12,M17,11280481.JPG,M17\11280481.JPG,11280481.JPG,5759665,2024-11-28 16:24:48,moved
CT12,M17,11280482.JPG,M17\11280482.JPG,11280482.JPG,5690541,2024-11-28 16:24:48,moved
CT12,M17,11280483.JPG,M17\11280483.JPG,11280483.JPG,5696481,2024-11-28 16:24:50,moved
CT12,M17,11280485.JPG,M17\11280485.JPG,11280485.JPG,6200336,2024-11-28 16:26:52,moved
CT12,M17,11280486.JPG,M17\11280486.JPG,11280486.JPG,6247594,2024-11-28 16:26:54,moved
CT12,M17,11280487.JPG,M17\11280487.JPG,11280487.JPG,5756365,2024-11-28 16:26:54,moved
CT12,M17,11280489.JPG,M17\11280489.JPG,11280489.JPG,5771524,2024-11-28 16:28:54,moved
CT12,M17,11280490.JPG,M17\11280490.JPG,11280490.JPG,5764699,2024-11-28 16:28:54,moved
CT12,M17,11280491.JPG,M17\11280491.JPG,11280491.JPG,5868410,2024-11-28 16:28:56,moved
CT12,M17,11280493.JPG,M17\11280493.JPG,11280493.JPG,6258818,2024-11-28 16:37:04,moved
CT12,M17,11280494.JPG,M17\11280494.JPG,11280494.JPG,5879553,2024-11-28 16:37:06,moved
CT12,M17,11280495.JPG,M17\11280495.JPG,11280495.JPG,5882970,2024-11-28 16:37:08,moved
CT12,M17,11290497.JPG,M17\11290497.JPG,11290497.JPG,5495802,2024-11-29 12:05:44,moved
CT12,M17,11290498.JPG,M17\11290498.JPG,11290498.JPG,5481044,2024-11-29 12:05:46,moved
CT12,M17,11290499.JPG,M17\11290499.JPG,11290499.JPG,5460809,2024-11-29 12:05:46,moved
CT12,M17,11290501.JPG,M17\11290501.JPG,11290501.JPG,6254870,2024-11-29 13:42:30,moved
CT12,M17,11290502.JPG,M17\11290502.JPG,11290502.JPG,6265438,2024-11-29 13:42:30,moved
CT12,M17,11290503.JPG,M17\11290503.JPG,11290503.JPG,6217761,2024-11-29 13:42:32,moved
CT12,M17,11290505.JPG,M17\11290505.JPG,11290505.JPG,6121432,2024-11-29 14:10:28,moved
CT12,M17,11290506.JPG,M17\11290506.JPG,11290506.JPG,6262966,2024-11-29 14:10:28,moved
CT12,M17,11290507.JPG,M17\11290507.JPG,11290507.JPG,6269721,2024-11-29 14:10:30,moved
CT12,M17,11290509.JPG,M17\11290509.JPG,11290509.JPG,5788901,2024-11-29 14:51:20,moved
CT12,M17,11290510.JPG,M17\11290510.JPG,11290510.JPG,5743203,2024-11-29 14:51:20,moved
CT12,M17,11290511.JPG,M17\11290511.JPG,11290511.JPG,5747313,2024-11-29 14:51:22,moved
CT12,M17,11290513.JPG,M17\11290513.JPG,11290513.JPG,5957239,2024-11-29 16:22:10,moved
CT12,M17,11290514.JPG,M17\11290514.JPG,11290514.JPG,5831432,2024-11-29 16:22:10,moved
CT12,M17,11290515.JPG,M17\11290515.JPG,11290515.JPG,5876343,2024-11-29 16:22:12,moved
CT12,M17,11290517.JPG,M17\11290517.JPG,11290517.JPG,5895783,2024-11-29 16:37:22,moved
CT12,M17,11290518.JPG,M17\11290518.JPG,11290518.JPG,5856474,2024-11-29 16:37:24,moved
CT12,M17,11290519.JPG,M17\11290519.JPG,11290519.JPG,6261791,2024-11-29 16:37:24,moved
CT12,M17,11300521.JPG,M17\11300521.JPG,11300521.JPG,5635546,2024-11-30 11:17:48,moved
CT12,M17,11300522.JPG,M17\11300522.JPG,11300522.JPG,5456055,2024-11-30 11:17:48,moved
CT12,M17,11300523.JPG,M17\11300523.JPG,11300523.JPG,5469266,2024-11-30 11:17:50,moved
CT12,M17,11300525.JPG,M17\11300525.JPG,11300525.JPG,5785377,2024-11-30 14:04:44,moved
CT12,M17,11300526.JPG,M17\11300526.JPG,11300526.JPG,5793674,2024-11-30 14:04:46,moved
CT12,M17,11300527.JPG,M17\11300527.JPG,11300527.JPG,5786726,2024-11-30 14:04:46,moved
CT12,M17,11300529.JPG,M17\11300529.JPG,11300529.JPG,6232136,2024-11-30 15:09:56,moved
CT12,M17,11300530.JPG,M17\11300530.JPG,11300530.JPG,6221246,2024-11-30 15:09:58,moved
CT12,M17,11300531.JPG,M17\11300531.JPG,11300531.JPG,5692857,2024-11-30 15:09:58,moved
CT12,M17,11300533.JPG,M17\11300533.JPG,11300533.JPG,6255095,2024-11-30 15:17:02,moved
CT12,M17,11300534.JPG,M17\11300534.JPG,11300534.JPG,6222454,2024-11-30 15:17:04,moved
CT12,M17,11300535.JPG,M17\11300535.JPG,11300535.JPG,6214123,2024-11-30 15:17:04,moved
CT12,M17,11300537.JPG,M17\11300537.JPG,11300537.JPG,6256280,2024-11-30 15:24:44,moved
CT12,M17,11300538.JPG,M17\11300538.JPG,11300538.JPG,6224582,2024-11-30 15:24:44,moved
CT12,M17,11300539.JPG,M17\11300539.JPG,11300539.JPG,6205415,2024-11-30 15:24:46,moved
CT12,M17,11300541.JPG,M17\11300541.JPG,11300541.JPG,6197312,2024-11-30 15:31:04,moved
CT12,M17,11300542.JPG,M17\11300542.JPG,11300542.JPG,6228206,2024-11-30 15:31:04,moved
CT12,M17,11300543.JPG,M17\11300543.JPG,11300543.JPG,6232378,2024-11-30 15:31:06,moved
CT12,M17,11300545.JPG,M17\11300545.JPG,11300545.JPG,6225210,2024-11-30 15:32:04,moved
CT12,M17,11300546.JPG,M17\11300546.JPG,11300546.JPG,6238039,2024-11-30 15:32:04,moved
CT12,M17,11300547.JPG,M17\11300547.JPG,11300547.JPG,6239998,2024-11-30 15:32:06,moved
CT12,M17,11300549.JPG,M17\11300549.JPG,11300549.JPG,6232848,2024-11-30 15:35:42,moved
CT12,M17,11300550.JPG,M17\11300550.JPG,11300550.JPG,6241233,2024-11-30 15:35:44,moved
CT12,M17,11300551.JPG,M17\11300551.JPG,11300551.JPG,6262633,2024-11-30 15:35:44,moved
CT12,M17,11300553.JPG,M17\11300553.JPG,11300553.JPG,5792705,2024-11-30 15:38:26,moved
CT12,M17,11300554.JPG,M17\11300554.JPG,11300554.JPG,5779200,2024-11-30 15:38:28,moved
CT12,M17,11300555.JPG,M17\11300555.JPG,11300555.JPG,5764285,2024-11-30 15:38:28,moved
CT12,M17,11300557.JPG,M17\11300557.JPG,11300557.JPG,5843284,2024-11-30 15:48:54,moved
CT12,M17,11300558.JPG,M17\11300558.JPG,11300558.JPG,5790635,2024-11-30 15:48:54,moved
CT12,M17,11300559.JPG,M17\11300559.JPG,11300559.JPG,5837819,2024-11-30 15:48:56,moved
CT12,M17,11300561.JPG,M17\11300561.JPG,11300561.JPG,5832704,2024-11-30 16:01:50,moved
CT12,M17,11300562.JPG,M17\11300562.JPG,11300562.JPG,5759177,2024-11-30 16:01:52,moved
CT12,M17,11300563.JPG,M17\11300563.JPG,11300563.JPG,5761521,2024-11-30 16:01:52,moved
CT12,M17,11300565.JPG,M17\11300565.JPG,11300565.JPG,5827532,2024-11-30 16:03:20,moved
CT12,M17,11300566.JPG,M17\11300566.JPG,11300566.JPG,5771905,2024-11-30 16:03:20,moved
CT12,M17,11300567.JPG,M17\11300567.JPG,11300567.JPG,5785421,2024-11-30 16:03:22,moved
CT12,M17,11300569.JPG,M17\11300569.JPG,11300569.JPG,5807772,2024-11-30 16:07:04,moved
CT12,M17,11300570.JPG,M17\11300570.JPG,11300570.JPG,5822120,2024-11-30 16:07:06,moved
CT12,M17,11300571.JPG,M17\11300571.JPG,11300571.JPG,5832341,2024-11-30 16:07:06,moved
CT12,M17,11300573.JPG,M17\11300573.JPG,11300573.JPG,5827062,2024-11-30 16:08:02,moved
CT12,M17,11300574.JPG,M17\11300574.JPG,11300574.JPG,5821153,2024-11-30 16:08:04,moved
CT12,M17,11300575.JPG,M17\11300575.JPG,11300575.JPG,5787637,2024-11-30 16:08:04,moved
CT12,M17,11300577.JPG,M17\11300577.JPG,11300577.JPG,5849657,2024-11-30 16:16:58,moved
CT12,M17,11300578.JPG,M17\11300578.JPG,11300578.JPG,5797401,2024-11-30 16:16:58,moved
CT12,M17,11300579.JPG,M17\11300579.JPG,11300579.JPG,5795882,2024-11-30 16:17:00,moved
CT12,M17,11300581.JPG,M17\11300581.JPG,11300581.JPG,6229856,2024-11-30 17:19:02,moved
CT12,M17,11300582.JPG,M17\11300582.JPG,11300582.JPG,6196897,2024-11-30 17:19:04,moved
CT12,M17,11300583.JPG,M17\11300583.JPG,11300583.JPG,6194632,2024-11-30 17:19:04,moved
CT12,M17,12020585.JPG,M17\12020585.JPG,12020585.JPG,6159761,2024-12-02 14:40:48,moved
CT12,M17,12020586.JPG,M17\12020586.JPG,12020586.JPG,6085768,2024-12-02 14:40:50,moved
CT12,M17,12020587.JPG,M17\12020587.JPG,12020587.JPG,6077513,2024-12-02 14:40:52,moved
CT12,M17,12020589.JPG,M17\12020589.JPG,12020589.JPG,6225188,2024-12-02 14:51:58,moved
CT12,M17,12020590.JPG,M17\12020590.JPG,12020590.JPG,6176518,2024-12-02 14:51:58,moved
CT12,M17,12020591.JPG,M17\12020591.JPG,12020591.JPG,6196732,2024-12-02 14:52:00,moved
CT12,M17,12020593.JPG,M17\12020593.JPG,12020593.JPG,6242115,2024-12-02 15:12:26,moved
CT12,M17,12020594.JPG,M17\12020594.JPG,12020594.JPG,6196492,2024-12-02 15:12:28,moved
CT12,M17,12020595.JPG,M17\12020595.JPG,12020595.JPG,6193367,2024-12-02 15:12:28,moved
CT12,M17,12020597.JPG,M17\12020597.JPG,12020597.JPG,5884714,2024-12-02 17:08:48,moved
CT12,M17,12020598.JPG,M17\12020598.JPG,12020598.JPG,5825797,2024-12-02 17:08:50,moved
CT12,M17,12020599.JPG,M17\12020599.JPG,12020599.JPG,5884794,2024-12-02 17:08:50,moved
CT12,M17,12020601.JPG,M17\12020601.JPG,12020601.JPG,5955816,2024-12-02 17:11:24,moved
CT12,M17,12020602.JPG,M17\12020602.JPG,12020602.JPG,5868815,2024-12-02 17:11:26,moved
CT12,M17,12020603.JPG,M17\12020603.JPG,12020603.JPG,5837519,2024-12-02 17:11:26,moved
CT12,M17,12020605.JPG,M17\12020605.JPG,12020605.JPG,5850695,2024-12-02 17:19:26,moved
CT12,M17,12020606.JPG,M17\12020606.JPG,12020606.JPG,5841409,2024-12-02 17:19:28,moved
CT12,M17,12020607.JPG,M17\12020607.JPG,12020607.JPG,5771167,2024-12-02 17:19:28,moved
CT12,M17,12020609.JPG,M17\12020609.JPG,12020609.JPG,6081298,2024-12-02 17:49:02,moved
CT12,M17,12020610.JPG,M17\12020610.JPG,12020610.JPG,6066456,2024-12-02 17:49:04,moved
CT12,M17,12020611.JPG,M17\12020611.JPG,12020611.JPG,6112102,2024-12-02 17:49:04,moved
CT12,M17,12030613.JPG,M17\12030613.JPG,12030613.JPG,6029889,2024-12-03 13:24:58,moved
CT12,M17,12030614.JPG,M17\12030614.JPG,12030614.JPG,6027273,2024-12-03 13:25:00,moved
CT12,M17,12030615.JPG,M17\12030615.JPG,12030615.JPG,6032234,2024-12-03 13:25:02,moved
CT12,M17,12030617.JPG,M17\12030617.JPG,12030617.JPG,5814161,2024-12-03 15:50:10,moved
CT12,M17,12030618.JPG,M17\12030618.JPG,12030618.JPG,5799710,2024-12-03 15:50:10,moved
CT12,M17,12030619.JPG,M17\12030619.JPG,12030619.JPG,5802861,2024-12-03 15:50:12,moved
CT12,M17,12030621.JPG,M17\12030621.JPG,12030621.JPG,5835671,2024-12-03 16:04:56,moved
CT12,M17,12030622.JPG,M17\12030622.JPG,12030622.JPG,5823630,2024-12-03 16:04:56,moved
CT12,M17,12030623.JPG,M17\12030623.JPG,12030623.JPG,5823142,2024-12-03 16:04:58,moved
CT12,M17,12030625.JPG,M17\12030625.JPG,12030625.JPG,5836828,2024-12-03 16:05:20,moved
CT12,M17,12030626.JPG,M17\12030626.JPG,12030626.JPG,5797966,2024-12-03 16:05:20,moved
CT12,M17,12030627.JPG,M17\12030627.JPG,12030627.JPG,5796639,2024-12-03 16:05:22,moved
CT12,M17,12030629.JPG,M17\12030629.JPG,12030629.JPG,5818690,2024-12-03 16:10:42,moved
CT12,M17,12030630.JPG,M17\12030630.JPG,12030630.JPG,5809553,2024-12-03 16:10:44,moved
CT12,M17,12030631.JPG,M17\12030631.JPG,12030631.JPG,5805587,2024-12-03 16:10:44,moved
CT12,M17,12030633.JPG,M17\12030633.JPG,12030633.JPG,5833986,2024-12-03 16:12:20,moved
CT12,M17,12030634.JPG,M17\12030634.JPG,12030634.JPG,5840424,2024-12-03 16:12:22,moved
CT12,M17,12030635.JPG,M17\12030635.JPG,12030635.JPG,5845007,2024-12-03 16:12:22,moved
CT12,M17,12030637.JPG,M17\12030637.JPG,12030637.JPG,5835674,2024-12-03 16:14:24,moved
CT12,M17,12030638.JPG,M17\12030638.JPG,12030638.JPG,5833877,2024-12-03 16:14:26,moved
CT12,M17,12030639.JPG,M17\12030639.JPG,12030639.JPG,5839883,2024-12-03 16:14:26,moved
CT12,M17,12030641.JPG,M17\12030641.JPG,12030641.JPG,5822679,2024-12-03 16:17:54,moved
CT12,M17,12030642.JPG,M17\12030642.JPG,12030642.JPG,5858232,2024-12-03 16:17:54,moved
CT12,M17,12030643.JPG,M17\12030643.JPG,12030643.JPG,5791788,2024-12-03 16:17:56,moved
CT12,M17,12030645.JPG,M17\12030645.JPG,12030645.JPG,5852301,2024-12-03 16:20:34,moved
CT12,M17,12030646.JPG,M17\12030646.JPG,12030646.JPG,5812286,2024-12-03 16:20:34,moved
CT12,M17,12030647.JPG,M17\12030647.JPG,12030647.JPG,5814374,2024-12-03 16:20:36,moved
CT12,M17,12030649.JPG,M17\12030649.JPG,12030649.JPG,5870651,2024-12-03 16:31:10,moved
CT12,M17,12030650.JPG,M17\12030650.JPG,12030650.JPG,5872222,2024-12-03 16:31:12,moved
CT12,M17,12030651.JPG,M17\12030651.JPG,12030651.JPG,5890996,2024-12-03 16:31:12,moved
CT12,M17,12030653.JPG,M17\12030653.JPG,12030653.JPG,5790966,2024-12-03 16:43:24,moved
CT12,M17,12030654.JPG,M17\12030654.JPG,12030654.JPG,5862403,2024-12-03 16:43:26,moved
CT12,M17,12030655.JPG,M17\12030655.JPG,12030655.JPG,5850105,2024-12-03 16:43:26,moved
CT12,M17,12040657.JPG,M17\12040657.JPG,12040657.JPG,5978873,2024-12-04 13:57:34,moved
CT12,M17,12040658.JPG,M17\12040658.JPG,12040658.JPG,5969997,2024-12-04 13:57:34,moved
CT12,M17,12040659.JPG,M17\12040659.JPG,12040659.JPG,5960676,2024-12-04 13:57:36,moved
CT12,M17,12040661.JPG,M17\12040661.JPG,12040661.JPG,6089410,2024-12-04 16:20:20,moved
CT12,M17,12040662.JPG,M17\12040662.JPG,12040662.JPG,6076638,2024-12-04 16:20:20,moved
CT12,M17,12040663.JPG,M17\12040663.JPG,12040663.JPG,6081827,2024-12-04 16:20:22,moved
CT12,M17,12040665.JPG,M17\12040665.JPG,12040665.JPG,6037971,2024-12-04 16:20:44,moved
CT12,M17,12040666.JPG,M17\12040666.JPG,12040666.JPG,6046000,2024-12-04 16:20:44,moved
CT12,M17,12040667.JPG,M17\12040667.JPG,12040667.JPG,6060501,2024-12-04 16:20:46,moved
CT12,M17,12070669.JPG,M17\12070669.JPG,12070669.JPG,5298475,2024-12-07 11:15:14,moved
CT12,M17,12070670.JPG,M17\12070670.JPG,12070670.JPG,5317965,2024-12-07 11:15:14,moved
CT12,M17,12070671.JPG,M17\12070671.JPG,12070671.JPG,5430604,2024-12-07 11:15:16,moved
CT12,M17,12070673.JPG,M17\12070673.JPG,12070673.JPG,5623485,2024-12-07 11:45:32,moved
CT12,M17,12070674.JPG,M17\12070674.JPG,12070674.JPG,5626522,2024-12-07 11:45:32,moved
CT12,M17,12070675.JPG,M17\12070675.JPG,12070675.JPG,5640486,2024-12-07 11:45:34,moved
CT12,M17,12070677.JPG,M17\12070677.JPG,12070677.JPG,5480667,2024-12-07 11:51:56,moved
CT12,M17,12070678.JPG,M17\12070678.JPG,12070678.JPG,5468358,2024-12-07 11:51:58,moved
CT12,M17,12070679.JPG,M17\12070679.JPG,12070679.JPG,5473189,2024-12-07 11:51:58,moved
CT12,M17,12070681.JPG,M17\12070681.JPG,12070681.JPG,5588195,2024-12-07 12:44:56,moved
CT12,M17,12070682.JPG,M17\12070682.JPG,12070682.JPG,5684571,2024-12-07 12:44:56,moved
CT12,M17,12070683.JPG,M17\12070683.JPG,12070683.JPG,5571452,2024-12-07 12:44:58,moved
CT12,M17,12070685.JPG,M17\12070685.JPG,12070685.JPG,5765093,2024-12-07 15:11:00,moved
CT12,M17,12070686.JPG,M17\12070686.JPG,12070686.JPG,5748031,2024-12-07 15:11:00,moved
CT12,M17,12070687.JPG,M17\12070687.JPG,12070687.JPG,6264352,2024-12-07 15:11:02,moved
CT12,M17,12070689.JPG,M17\12070689.JPG,12070689.JPG,6201459,2024-12-07 15:29:16,moved
CT12,M17,12070690.JPG,M17\12070690.JPG,12070690.JPG,6212798,2024-12-07 15:29:18,moved
CT12,M17,12070691.JPG,M17\12070691.JPG,12070691.JPG,6241068,2024-12-07 15:29:18,moved
CT12,M17,12070693.JPG,M17\12070693.JPG,12070693.JPG,5787583,2024-12-07 15:59:36,moved
CT12,M17,12070694.JPG,M17\12070694.JPG,12070694.JPG,5797108,2024-12-07 15:59:38,moved
CT12,M17,12070695.JPG,M17\12070695.JPG,12070695.JPG,5809755,2024-12-07 15:59:38,moved
CT12,M17,12080697.JPG,M17\12080697.JPG,12080697.JPG,6160526,2024-12-08 14:53:44,moved
CT12,M17,12080698.JPG,M17\12080698.JPG,12080698.JPG,6139365,2024-12-08 14:53:44,moved
CT12,M17,12080699.JPG,M17\12080699.JPG,12080699.JPG,6145984,2024-12-08 14:53:46,moved
CT12,M17,12080701.JPG,M17\12080701.JPG,12080701.JPG,6207305,2024-12-08 15:05:52,moved
CT12,M17,12080702.JPG,M17\12080702.JPG,12080702.JPG,6184648,2024-12-08 15:05:54,moved
CT12,M17,12080703.JPG,M17\12080703.JPG,12080703.JPG,6180619,2024-12-08 15:05:54,moved
CT12,M17,12080705.JPG,M17\12080705.JPG,12080705.JPG,6097733,2024-12-08 15:29:30,moved
CT12,M17,12080706.JPG,M17\12080706.JPG,12080706.JPG,6067334,2024-12-08 15:29:32,moved
CT12,M17,12080707.JPG,M17\12080707.JPG,12080707.JPG,6064058,2024-12-08 15:29:32,moved
CT12,M17,12080709.JPG,M17\12080709.JPG,12080709.JPG,6217314,2024-12-08 15:34:20,moved
CT12,M17,12080710.JPG,M17\12080710.JPG,12080710.JPG,6244718,2024-12-08 15:34:20,moved
CT12,M17,12080711.JPG,M17\12080711.JPG,12080711.JPG,6203537,2024-12-08 15:34:22,moved
CT12,M17,12080713.JPG,M17\12080713.JPG,12080713.JPG,5780058,2024-12-08 15:58:32,moved
CT12,M17,12080714.JPG,M17\12080714.JPG,12080714.JPG,5852398,2024-12-08 15:58:34,moved
CT12,M17,12080715.JPG,M17\12080715.JPG,12080715.JPG,5795189,2024-12-08 15:58:36,moved
CT12,M17,12080717.JPG,M17\12080717.JPG,12080717.JPG,5773410,2024-12-08 16:23:10,moved
CT12,M17,12080718.JPG,M17\12080718.JPG,12080718.JPG,5787418,2024-12-08 16:23:12,moved
CT12,M17,12080719.JPG,M17\12080719.JPG,12080719.JPG,5798081,2024-12-08 16:23:12,moved
CT12,M17,12090721.JPG,M17\12090721.JPG,12090721.JPG,5649131,2024-12-09 12:23:34,moved
CT12,M17,12090722.JPG,M17\12090722.JPG,12090722.JPG,5503107,2024-12-09 12:23:34,moved
CT12,M17,12090723.JPG,M17\12090723.JPG,12090723.JPG,5650926,2024-12-09 12:23:36,moved
CT12,M17,12090725.JPG,M17\12090725.JPG,12090725.JPG,5500274,2024-12-09 12:23:56,moved
CT12,M17,12090726.JPG,M17\12090726.JPG,12090726.JPG,5483204,2024-12-09 12:23:56,moved
CT12,M17,12090727.JPG,M17\12090727.JPG,12090727.JPG,5493205,2024-12-09 12:23:58,moved
CT12,M17,12090729.JPG,M17\12090729.JPG,12090729.JPG,6241531,2024-12-09 13:45:48,moved
CT12,M17,12090730.JPG,M17\12090730.JPG,12090730.JPG,6213034,2024-12-09 13:45:48,moved
CT12,M17,12090731.JPG,M17\12090731.JPG,12090731.JPG,5778912,2024-12-09 13:45:50,moved
CT12,M17,12090733.JPG,M17\12090733.JPG,12090733.JPG,6264332,2024-12-09 15:10:18,moved
CT12,M17,12090734.JPG,M17\12090734.JPG,12090734.JPG,5748453,2024-12-09 15:10:20,moved
CT12,M17,12090735.JPG,M17\12090735.JPG,12090735.JPG,5753944,2024-12-09 15:10:20,moved
CT12,M17,12090737.JPG,M17\12090737.JPG,12090737.JPG,5735805,2024-12-09 15:12:34,moved
CT12,M17,12090738.JPG,M17\12090738.JPG,12090738.JPG,5795034,2024-12-09 15:12:34,moved
CT12,M17,12090739.JPG,M17\12090739.JPG,12090739.JPG,5709981,2024-12-09 15:12:36,moved
CT12,M17,12090741.JPG,M17\12090741.JPG,12090741.JPG,5690147,2024-12-09 15:29:28,moved
CT12,M17,12090742.JPG,M17\12090742.JPG,12090742.JPG,5796045,2024-12-09 15:29:30,moved
CT12,M17,12090743.JPG,M17\12090743.JPG,12090743.JPG,5793805,2024-12-09 15:29:30,moved
CT12,M17,12100745.JPG,M17\12100745.JPG,12100745.JPG,5897507,2024-12-10 16:14:22,moved
CT12,M17,12100746.JPG,M17\12100746.JPG,12100746.JPG,5802416,2024-12-10 16:14:24,moved
CT12,M17,12100747.JPG,M17\12100747.JPG,12100747.JPG,5795577,2024-12-10 16:14:24,moved
CT12,M17,12110749.JPG,M17\12110749.JPG,12110749.JPG,5442401,2024-12-11 11:26:46,moved
CT12,M17,12110750.JPG,M17\12110750.JPG,12110750.JPG,5355003,2024-12-11 11:26:46,moved
CT12,M17,12110751.JPG,M17\12110751.JPG,12110751.JPG,5327910,2024-12-11 11:26:48,moved
CT12,M17,12110753.JPG,M17\12110753.JPG,12110753.JPG,6167013,2024-12-11 13:36:36,moved
CT12,M17,12110754.JPG,M17\12110754.JPG,12110754.JPG,6129798,2024-12-11 13:36:38,moved
CT12,M17,12110755.JPG,M17\12110755.JPG,12110755.JPG,6135414,2024-12-11 13:36:38,moved
CT12,M17,12110757.JPG,M17\12110757.JPG,12110757.JPG,5798309,2024-12-11 15:39:44,moved
CT12,M17,12110758.JPG,M17\12110758.JPG,12110758.JPG,5772968,2024-12-11 15:39:46,moved
CT12,M17,12110759.JPG,M17\12110759.JPG,12110759.JPG,5786019,2024-12-11 15:39:46,moved
CT12,M17,12120761.JPG,M17\12120761.JPG,12120761.JPG,6093100,2024-12-12 14:39:52,moved
CT12,M17,12120762.JPG,M17\12120762.JPG,12120762.JPG,6161334,2024-12-12 14:39:52,moved
CT12,M17,12120763.JPG,M17\12120763.JPG,12120763.JPG,6178152,2024-12-12 14:39:54,moved
CT12,M17,12120765.JPG,M17\12120765.JPG,12120765.JPG,6226818,2024-12-12 14:45:18,moved
CT12,M17,12120766.JPG,M17\12120766.JPG,12120766.JPG,6234163,2024-12-12 14:45:18,moved
CT12,M17,12120767.JPG,M17\12120767.JPG,12120767.JPG,6229064,2024-12-12 14:45:20,moved
CT12,M17,12120769.JPG,M17\12120769.JPG,12120769.JPG,5769578,2024-12-12 15:12:00,moved
CT12,M17,12120770.JPG,M17\12120770.JPG,12120770.JPG,5804969,2024-12-12 15:12:00,moved
CT12,M17,12120771.JPG,M17\12120771.JPG,12120771.JPG,5782372,2024-12-12 15:12:02,moved
CT12,M17,12120773.JPG,M17\12120773.JPG,12120773.JPG,5732115,2024-12-12 15:28:48,moved
CT12,M17,12120774.JPG,M17\12120774.JPG,12120774.JPG,5700238,2024-12-12 15:28:50,moved
CT12,M17,12120775.JPG,M17\12120775.JPG,12120775.JPG,5721465,2024-12-12 15:28:50,moved
CT12,M17,12120777.JPG,M17\12120777.JPG,12120777.JPG,5892495,2024-12-12 15:43:24,moved
CT12,M17,12120778.JPG,M17\12120778.JPG,12120778.JPG,5789400,2024-12-12 15:43:26,moved
CT12,M17,12120779.JPG,M17\12120779.JPG,12120779.JPG,5811649,2024-12-12 15:43:26,moved
CT12,M17,12120781.JPG,M17\12120781.JPG,12120781.JPG,5828220,2024-12-12 15:46:52,moved
CT12,M17,12120782.JPG,M17\12120782.JPG,12120782.JPG,5808233,2024-12-12 15:46:52,moved
CT12,M17,12120783.JPG,M17\12120783.JPG,12120783.JPG,5784517,2024-12-12 15:46:54,moved
CT12,M17,12120785.JPG,M17\12120785.JPG,12120785.JPG,5800500,2024-12-12 15:50:48,moved
CT12,M17,12120786.JPG,M17\12120786.JPG,12120786.JPG,5832981,2024-12-12 15:50:50,moved
CT12,M17,12120787.JPG,M17\12120787.JPG,12120787.JPG,5808318,2024-12-12 15:50:52,moved
CT12,M17,12120789.JPG,M17\12120789.JPG,12120789.JPG,5803052,2024-12-12 15:51:56,moved
CT12,M17,12120790.JPG,M17\12120790.JPG,12120790.JPG,5782136,2024-12-12 15:51:58,moved
CT12,M17,12120791.JPG,M17\12120791.JPG,12120791.JPG,5801824,2024-12-12 15:51:58,moved
CT12,M17,12120793.JPG,M17\12120793.JPG,12120793.JPG,5820068,2024-12-12 15:55:08,moved
CT12,M17,12120794.JPG,M17\12120794.JPG,12120794.JPG,5811984,2024-12-12 15:55:10,moved
CT12,M17,12120795.JPG,M17\12120795.JPG,12120795.JPG,5803573,2024-12-12 15:55:10,moved
CT12,M17,12120797.JPG,M17\12120797.JPG,12120797.JPG,5816719,2024-12-12 16:00:08,moved
CT12,M17,12120798.JPG,M17\12120798.JPG,12120798.JPG,5808753,2024-12-12 16:00:10,moved
CT12,M17,12120799.JPG,M17\12120799.JPG,12120799.JPG,5804780,2024-12-12 16:00:12,moved
CT12,M17,12120801.JPG,M17\12120801.JPG,12120801.JPG,6015577,2024-12-12 16:02:34,moved
CT12,M17,12120802.JPG,M17\12120802.JPG,12120802.JPG,5897447,2024-12-12 16:02:34,moved
CT12,M17,12120803.JPG,M17\12120803.JPG,12120803.JPG,5787262,2024-12-12 16:02:36,moved
CT12,M17,12120805.JPG,M17\12120805.JPG,12120805.JPG,5819682,2024-12-12 16:03:24,moved
CT12,M17,12120806.JPG,M17\12120806.JPG,12120806.JPG,5831136,2024-12-12 16:03:26,moved
CT12,M17,12120807.JPG,M17\12120807.JPG,12120807.JPG,5835873,2024-12-12 16:03:26,moved
CT12,M17,12120809.JPG,M17\12120809.JPG,12120809.JPG,5915815,2024-12-12 16:17:58,moved
CT12,M17,12120810.JPG,M17\12120810.JPG,12120810.JPG,5846319,2024-12-12 16:17:58,moved
CT12,M17,12120811.JPG,M17\12120811.JPG,12120811.JPG,5847414,2024-12-12 16:18:00,moved
CT12,M17,12120813.JPG,M17\12120813.JPG,12120813.JPG,5870389,2024-12-12 16:21:16,moved
CT12,M17,12120814.JPG,M17\12120814.JPG,12120814.JPG,5826714,2024-12-12 16:21:18,moved
CT12,M17,12120815.JPG,M17\12120815.JPG,12120815.JPG,5814351,2024-12-12 16:21:18,moved
CT12,M17,12120817.JPG,M17\12120817.JPG,12120817.JPG,5901783,2024-12-12 16:23:52,moved
CT12,M17,12120818.JPG,M17\12120818.JPG,12120818.JPG,5813180,2024-12-12 16:23:52,moved
CT12,M17,12120819.JPG,M17\12120819.JPG,12120819.JPG,5884275,2024-12-12 16:23:54,moved
CT12,M17,12120821.JPG,M17\12120821.JPG,12120821.JPG,5942165,2024-12-12 16:24:34,moved
CT12,M17,12120822.JPG,M17\12120822.JPG,12120822.JPG,5878930,2024-12-12 16:24:36,moved
CT12,M17,12120823.JPG,M17\12120823.JPG,12120823.JPG,5886127,2024-12-12 16:24:36,moved
CT12,M17,12120825.JPG,M17\12120825.JPG,12120825.JPG,5992790,2024-12-12 16:24:58,moved
CT12,M17,12120826.JPG,M17\12120826.JPG,12120826.JPG,5929669,2024-12-12 16:25:00,moved
CT12,M17,12120827.JPG,M17\12120827.JPG,12120827.JPG,5925500,2024-12-12 16:25:00,moved
CT12,M17,12120829.JPG,M17\12120829.JPG,12120829.JPG,5947966,2024-12-12 16:26:42,moved
CT12,M17,12120830.JPG,M17\12120830.JPG,12120830.JPG,5835133,2024-12-12 16:26:42,moved
CT12,M17,12120831.JPG,M17\12120831.JPG,12120831.JPG,5860971,2024-12-12 16:26:44,moved
CT12,M17,12120833.JPG,M17\12120833.JPG,12120833.JPG,5909335,2024-12-12 16:27:10,moved
CT12,M17,12120834.JPG,M17\12120834.JPG,12120834.JPG,5881229,2024-12-12 16:27:12,moved
CT12,M17,12120835.JPG,M17\12120835.JPG,12120835.JPG,5892000,2024-12-12 16:27:12,moved
CT12,M17,12120837.JPG,M17\12120837.JPG,12120837.JPG,5830459,2024-12-12 16:28:00,moved
CT12,M17,12120838.JPG,M17\12120838.JPG,12120838.JPG,5916049,2024-12-12 16:28:00,moved
CT12,M17,12120839.JPG,M17\12120839.JPG,12120839.JPG,5830379,2024-12-12 16:28:02,moved
CT12,M17,12120841.JPG,M17\12120841.JPG,12120841.JPG,5914640,2024-12-12 16:35:24,moved
CT12,M17,12120842.JPG,M17\12120842.JPG,12120842.JPG,5856767,2024-12-12 16:35:26,moved
CT12,M17,12120843.JPG,M17\12120843.JPG,12120843.JPG,5866700,2024-12-12 16:35:26,moved
CT12,M17,12130845.JPG,M17\12130845.JPG,12130845.JPG,6239666,2024-12-13 15:09:30,moved
CT12,M17,12130846.JPG,M17\12130846.JPG,12130846.JPG,6199067,2024-12-13 15:09:30,moved
CT12,M17,12130847.JPG,M17\12130847.JPG,12130847.JPG,6197362,2024-12-13 15:09:32,moved
CT12,M17,12140849.JPG,M17\12140849.JPG,12140849.JPG,5400618,2024-12-14 12:21:16,moved
CT12,M17,12140850.JPG,M17\12140850.JPG,12140850.JPG,5520808,2024-12-14 12:21:16,moved
CT12,M17,12140851.JPG,M17\12140851.JPG,12140851.JPG,5429906,2024-12-14 12:21:18,moved
CT12,M17,12140853.JPG,M17\12140853.JPG,12140853.JPG,5881974,2024-12-14 13:12:54,moved
CT12,M17,12140854.JPG,M17\12140854.JPG,12140854.JPG,5773694,2024-12-14 13:12:56,moved
CT12,M17,12140855.JPG,M17\12140855.JPG,12140855.JPG,5773841,2024-12-14 13:12:56,moved
CT12,M17,12140857.JPG,M17\12140857.JPG,12140857.JPG,5850048,2024-12-14 15:50:46,moved
CT12,M17,12140858.JPG,M17\12140858.JPG,12140858.JPG,5824437,2024-12-14 15:50:48,moved
CT12,M17,12140859.JPG,M17\12140859.JPG,12140859.JPG,5823071,2024-12-14 15:50:48,moved
CT12,M17,12150861.JPG,M17\12150861.JPG,12150861.JPG,5801414,2024-12-15 14:34:20,moved
CT12,M17,12150862.JPG,M17\12150862.JPG,12150862.JPG,5737751,2024-12-15 14:34:20,moved
CT12,M17,12150863.JPG,M17\12150863.JPG,12150863.JPG,5743349,2024-12-15 14:34:22,moved
CT12,M17,12150865.JPG,M17\12150865.JPG,12150865.JPG,5872113,2024-12-15 15:00:14,moved
CT12,M17,12150866.JPG,M17\12150866.JPG,12150866.JPG,5841067,2024-12-15 15:00:16,moved
CT12,M17,12150867.JPG,M17\12150867.JPG,12150867.JPG,5841100,2024-12-15 15:00:16,moved
CT12,M17,12150869.JPG,M17\12150869.JPG,12150869.JPG,6262225,2024-12-15 15:38:22,moved
CT12,M17,12150870.JPG,M17\12150870.JPG,12150870.JPG,5772794,2024-12-15 15:38:24,moved
CT12,M17,12150871.JPG,M17\12150871.JPG,12150871.JPG,5770993,2024-12-15 15:38:24,moved
CT12,M17,12160873.JPG,M17\12160873.JPG,12160873.JPG,6076924,2024-12-16 14:42:12,moved
CT12,M17,12160874.JPG,M17\12160874.JPG,12160874.JPG,6190531,2024-12-16 14:42:12,moved
CT12,M17,12160875.JPG,M17\12160875.JPG,12160875.JPG,6205354,2024-12-16 14:42:14,moved
CT12,M17,12160877.JPG,M17\12160877.JPG,12160877.JPG,5822937,2024-12-16 15:38:30,moved
CT12,M17,12160878.JPG,M17\12160878.JPG,12160878.JPG,6257422,2024-12-16 15:38:32,moved
CT12,M17,12160879.JPG,M17\12160879.JPG,12160879.JPG,6247593,2024-12-16 15:38:34,moved
CT12,M17,12160881.JPG,M17\12160881.JPG,12160881.JPG,5905813,2024-12-16 16:13:50,moved
CT12,M17,12160882.JPG,M17\12160882.JPG,12160882.JPG,5860147,2024-12-16 16:13:52,moved
CT12,M17,12160883.JPG,M17\12160883.JPG,12160883.JPG,5751262,2024-12-16 16:13:52,moved
CT12,M17,12160885.JPG,M17\12160885.JPG,12160885.JPG,5820400,2024-12-16 16:23:04,moved
CT12,M17,12160886.JPG,M17\12160886.JPG,12160886.JPG,5856373,2024-12-16 16:23:04,moved
CT12,M17,12160887.JPG,M17\12160887.JPG,12160887.JPG,5844609,2024-12-16 16:23:06,moved
CT12,M17,12160889.JPG,M17\12160889.JPG,12160889.JPG,5905471,2024-12-16 16:33:16,moved
CT12,M17,12160890.JPG,M17\12160890.JPG,12160890.JPG,5878620,2024-12-16 16:33:16,moved
CT12,M17,12160891.JPG,M17\12160891.JPG,12160891.JPG,5757195,2024-12-16 16:33:18,moved
CT12,M17,12170893.JPG,M17\12170893.JPG,12170893.JPG,6250409,2024-12-17 15:04:26,moved
CT12,M17,12170894.JPG,M17\12170894.JPG,12170894.JPG,6251029,2024-12-17 15:04:26,moved
CT12,M17,12170895.JPG,M17\12170895.JPG,12170895.JPG,6252030,2024-12-17 15:04:28,moved
CT12,M17,12170897.JPG,M17\12170897.JPG,12170897.JPG,5698543,2024-12-17 15:58:52,moved
CT12,M17,12170898.JPG,M17\12170898.JPG,12170898.JPG,5832638,2024-12-17 15:58:52,moved
CT12,M17,12170899.JPG,M17\12170899.JPG,12170899.JPG,5702528,2024-12-17 15:58:54,moved
CT12,M17,12170901.JPG,M17\12170901.JPG,12170901.JPG,5860434,2024-12-17 17:40:44,moved
CT12,M17,12170902.JPG,M17\12170902.JPG,12170902.JPG,5841784,2024-12-17 17:40:46,moved
CT12,M17,12170903.JPG,M17\12170903.JPG,12170903.JPG,5846567,2024-12-17 17:40:46,moved
CT12,M17,12210905.JPG,M17\12210905.JPG,12210905.JPG,5621630,2024-12-21 10:03:18,moved
CT12,M17,12210906.JPG,M17\12210906.JPG,12210906.JPG,5621656,2024-12-21 10:03:18,moved
CT12,M17,12210907.JPG,M17\12210907.JPG,12210907.JPG,5682572,2024-12-21 10:03:20,moved
CT12,M17,12210909.JPG,M17\12210909.JPG,12210909.JPG,5374597,2024-12-21 12:34:04,moved
CT12,M17,12210910.JPG,M17\12210910.JPG,12210910.JPG,5351273,2024-12-21 12:34:06,moved
CT12,M17,12210911.JPG,M17\12210911.JPG,12210911.JPG,5320003,2024-12-21 12:34:06,moved
CT12,M17,12210913.JPG,M17\12210913.JPG,12210913.JPG,5853030,2024-12-21 17:28:28,moved
CT12,M17,12210914.JPG,M17\12210914.JPG,12210914.JPG,5763723,2024-12-21 17:28:30,moved
CT12,M17,12210915.JPG,M17\12210915.JPG,12210915.JPG,5887958,2024-12-21 17:28:30,moved
CT12,M17,12220917.JPG,M17\12220917.JPG,12220917.JPG,5839336,2024-12-22 14:39:16,moved
CT12,M17,12220918.JPG,M17\12220918.JPG,12220918.JPG,5848895,2024-12-22 14:39:16,moved
CT12,M17,12220919.JPG,M17\12220919.JPG,12220919.JPG,6260968,2024-12-22 14:39:18,moved
CT12,M17,12220921.JPG,M17\12220921.JPG,12220921.JPG,5737664,2024-12-22 14:51:38,moved
CT12,M17,12220922.JPG,M17\12220922.JPG,12220922.JPG,5864836,2024-12-22 14:51:40,moved
CT12,M17,12220923.JPG,M17\12220923.JPG,12220923.JPG,5849204,2024-12-22 14:51:40,moved
CT13,M 16,01060024.JPG,M 16\01060024.JPG,01060024.JPG,6009380,2025-01-06 16:29:36,moved
CT13,M 16,01060025.JPG,M 16\01060025.JPG,01060025.JPG,5833806,2025-01-06 16:29:38,moved
CT13,M 16,01060026.JPG,M 16\01060026.JPG,01060026.JPG,6075908,2025-01-06 16:29:38,moved
CT13,M 16,01060028.JPG,M 16\01060028.JPG,01060028.JPG,6158534,2025-01-06 16:35:08,moved
CT13,M 16,01060029.JPG,M 16\01060029.JPG,01060029.JPG,6217378,2025-01-06 16:35:10,moved
CT13,M 16,01060030.JPG,M 16\01060030.JPG,01060030.JPG,6207177,2025-01-06 16:35:10,moved
CT13,M 16,01090032.JPG,M 16\01090032.JPG,01090032.JPG,5828891,2025-01-09 14:25:22,moved
CT13,M 16,01090033.JPG,M 16\01090033.JPG,01090033.JPG,5952109,2025-01-09 14:25:22,moved
CT13,M 16,01090034.JPG,M 16\01090034.JPG,01090034.JPG,5952946,2025-01-09 14:25:24,moved
CT13,M 16,01290036.JPG,M 16\01290036.JPG,01290036.JPG,5769190,2025-01-29 17:14:54,moved
CT13,M 16,01290037.JPG,M 16\01290037.JPG,01290037.JPG,5855999,2025-01-29 17:14:54,moved
CT13,M 16,01290038.JPG,M 16\01290038.JPG,01290038.JPG,5848186,2025-01-29 17:14:56,moved
CT13,M 16,02230040.JPG,M 16\02230040.JPG,02230040.JPG,3438688,2025-02-24 00:58:56,moved
CT13,M 16,02230041.JPG,M 16\02230041.JPG,02230041.JPG,4639510,2025-02-24 00:58:56,moved
CT13,M 16,02230042.JPG,M 16\02230042.JPG,02230042.JPG,4647019,2025-02-24 00:58:56,moved
CT13,M 16,02240044.JPG,M 16\02240044.JPG,02240044.JPG,6149546,2025-02-24 12:43:16,moved
CT13,M 16,02240045.JPG,M 16\02240045.JPG,02240045.JPG,6075173,2025-02-24 12:43:18,moved
CT13,M 16,02240046.JPG,M 16\02240046.JPG,02240046.JPG,6082789,2025-02-24 12:43:20,moved
CT13,M 16,02280048.JPG,M 16\02280048.JPG,02280048.JPG,4595520,2025-02-28 05:56:54,moved
CT13,M 16,02280049.JPG,M 16\02280049.JPG,02280049.JPG,4634906,2025-02-28 05:56:54,moved
CT13,M 16,02280050.JPG,M 16\02280050.JPG,02280050.JPG,4626651,2025-02-28 05:56:56,moved
CT13,M 16,03010051.JPG,M 16\03010051.JPG,03010051.JPG,4753836,2025-03-01 01:53:48,moved
CT13,M 16,03010052.JPG,M 16\03010052.JPG,03010052.JPG,4713022,2025-03-01 01:53:50,moved
CT13,M 16,03010053.JPG,M 16\03010053.JPG,03010053.JPG,4725443,2025-03-01 01:53:50,moved
CT13,M 16,03010054.JPG,M 16\03010054.JPG,03010054.JPG,4433466,2025-03-01 01:55:22,moved
CT13,M 16,03010055.JPG,M 16\03010055.JPG,03010055.JPG,4724358,2025-03-01 01:55:24,moved
CT13,M 16,03010056.JPG,M 16\03010056.JPG,03010056.JPG,4717516,2025-03-01 01:55:26,moved
CT13,M 16,03030057.JPG,M 16\03030057.JPG,03030057.JPG,4759534,2025-03-03 02:19:36,moved
CT13,M 16,03030058.JPG,M 16\03030058.JPG,03030058.JPG,4838270,2025-03-03 02:19:38,moved
CT13,M 16,03030059.JPG,M 16\03030059.JPG,03030059.JPG,4824306,2025-03-03 02:19:40,moved
CT13,M 16,05290060.JPG,M 16\05290060.JPG,05290060.JPG,6004138,2025-05-29 14:02:54,moved
CT13,M 16,05290061.JPG,M 16\05290061.JPG,05290061.JPG,5884679,2025-05-29 14:02:54,moved
CT13,M 16,05290062.JPG,M 16\05290062.JPG,05290062.JPG,6048722,2025-05-29 14:02:56,moved
CT13,M 16,05290064.JPG,M 16\05290064.JPG,05290064.JPG,4656618,2025-05-29 14:03:42,moved
CT13,M 16,05290065.JPG,M 16\05290065.JPG,05290065.JPG,4982682,2025-05-29 14:03:44,moved
CT13,M 16,05290066.JPG,M 16\05290066.JPG,05290066.JPG,5040662,2025-05-29 14:03:44,moved
CT13,M 16,10220001.JPG,M 16\10220001.JPG,10220001.JPG,5619612,2024-10-22 17:52:16,moved
CT13,M 16,10220002.JPG,M 16\10220002.JPG,10220002.JPG,5224824,2024-10-22 17:52:16,moved
CT13,M 16,10220003.JPG,M 16\10220003.JPG,10220003.JPG,5509049,2024-10-22 17:52:16,moved
CT13,M 16,10220005.JPG,M 16\10220005.JPG,10220005.JPG,5143104,2024-10-22 17:52:36,moved
CT13,M 16,10220006.JPG,M 16\10220006.JPG,10220006.JPG,4831427,2024-10-22 17:52:36,moved
CT13,M 16,10220007.JPG,M 16\10220007.JPG,10220007.JPG,5189589,2024-10-22 17:52:36,moved
CT13,M 16,10220008.JPG,M 16\10220008.JPG,10220008.JPG,6069914,2024-10-22 17:59:28,moved
CT13,M 16,10220009.JPG,M 16\10220009.JPG,10220009.JPG,6083797,2024-10-22 17:59:30,moved
CT13,M 16,10220010.JPG,M 16\10220010.JPG,10220010.JPG,6099389,2024-10-22 17:59:30,moved
CT13,M 16,10260012.JPG,M 16\10260012.JPG,10260012.JPG,6022701,2024-10-26 11:28:08,moved
CT13,M 16,10260013.JPG,M 16\10260013.JPG,10260013.JPG,5983782,2024-10-26 11:28:08,moved
CT13,M 16,10260014.JPG,M 16\10260014.JPG,10260014.JPG,5990793,2024-10-26 11:28:10,moved
CT13,M 16,11030016.JPG,M 16\11030016.JPG,11030016.JPG,4777639,2024-11-03 07:15:56,moved
CT13,M 16,11030017.JPG,M 16\11030017.JPG,11030017.JPG,4774846,2024-11-03 07:15:56,moved
CT13,M 16,11030018.JPG,M 16\11030018.JPG,11030018.JPG,4778795,2024-11-03 07:15:58,moved
CT13,M 16,11070020.JPG,M 16\11070020.JPG,11070020.JPG,4890983,2024-11-07 07:09:38,moved
CT13,M 16,11070021.JPG,M 16\11070021.JPG,11070021.JPG,4893431,2024-11-07 07:09:38,moved
CT13,M 16,11070022.JPG,M 16\11070022.JPG,11070022.JPG,4893322,2024-11-07 07:09:40,moved
CT14,M11/100EK113,01160001.JPG,M11\100EK113\01160001.JPG,01160001.JPG,5887864,2025-01-16 16:37:02,moved
CT14,M11/100EK113,01160002.JPG,M11\100EK113\01160002.JPG,01160002.JPG,5922397,2025-01-16 16:37:02,moved
CT14,M11/100EK113,01160003.JPG,M11\100EK113\01160003.JPG,01160003.JPG,5981835,2025-01-16 16:37:02,moved
CT14,M11/100EK113,01160005.JPG,M11\100EK113\01160005.JPG,01160005.JPG,5941527,2025-01-16 16:38:02,moved
CT14,M11/100EK113,01160006.JPG,M11\100EK113\01160006.JPG,01160006.JPG,5944940,2025-01-16 16:38:02,moved
CT14,M11/100EK113,01160007.JPG,M11\100EK113\01160007.JPG,01160007.JPG,5938507,2025-01-16 16:38:05,moved
CT14,M11/100EK113,01160009.JPG,M11\100EK113\01160009.JPG,01160009.JPG,5992118,2025-01-16 16:39:03,moved
CT14,M11/100EK113,01160010.JPG,M11\100EK113\01160010.JPG,01160010.JPG,5993225,2025-01-16 16:39:02,moved
CT14,M11/100EK113,01160011.JPG,M11\100EK113\01160011.JPG,01160011.JPG,5999148,2025-01-16 16:39:02,moved
CT14,M11/100EK113,01160013.JPG,M11\100EK113\01160013.JPG,01160013.JPG,6009814,2025-01-16 16:40:03,moved
CT14,M11/100EK113,01160014.JPG,M11\100EK113\01160014.JPG,01160014.JPG,6010187,2025-01-16 16:40:02,moved
CT14,M11/100EK113,01160015.JPG,M11\100EK113\01160015.JPG,01160015.JPG,6015050,2025-01-16 16:40:02,moved
CT14,M11/100EK113,01160017.JPG,M11\100EK113\01160017.JPG,01160017.JPG,6009555,2025-01-16 16:41:03,moved
CT14,M11/100EK113,01160018.JPG,M11\100EK113\01160018.JPG,01160018.JPG,6008930,2025-01-16 16:41:02,moved
CT14,M11/100EK113,01160019.JPG,M11\100EK113\01160019.JPG,01160019.JPG,6009542,2025-01-16 16:41:02,moved
CT14,M11/100EK113,01160021.JPG,M11\100EK113\01160021.JPG,01160021.JPG,5997836,2025-01-16 16:42:02,moved
CT14,M11/100EK113,01160022.JPG,M11\100EK113\01160022.JPG,01160022.JPG,5995306,2025-01-16 16:42:02,moved
CT14,M11/100EK113,01160023.JPG,M11\100EK113\01160023.JPG,01160023.JPG,5995052,2025-01-16 16:42:02,moved
CT14,M11/100EK113,01160025.JPG,M11\100EK113\01160025.JPG,01160025.JPG,5993423,2025-01-16 16:43:02,moved
CT14,M11/100EK113,01160026.JPG,M11\100EK113\01160026.JPG,01160026.JPG,5985625,2025-01-16 16:43:02,moved
CT14,M11/100EK113,01160027.JPG,M11\100EK113\01160027.JPG,01160027.JPG,5991089,2025-01-16 16:43:05,moved
CT14,M11/100EK113,01160029.JPG,M11\100EK113\01160029.JPG,01160029.JPG,5993871,2025-01-16 16:44:02,moved
CT14,M11/100EK113,01160030.JPG,M11\100EK113\01160030.JPG,01160030.JPG,6003197,2025-01-16 16:44:02,moved
CT14,M11/100EK113,01160031.JPG,M11\100EK113\01160031.JPG,01160031.JPG,6000576,2025-01-16 16:44:05,moved
CT14,M11/100EK113,01160033.JPG,M11\100EK113\01160033.JPG,01160033.JPG,5990837,2025-01-16 16:45:00,moved
CT14,M11/100EK113,01160034.JPG,M11\100EK113\01160034.JPG,01160034.JPG,5993452,2025-01-16 16:45:02,moved
CT14,M11/100EK113,01160035.JPG,M11\100EK113\01160035.JPG,01160035.JPG,5956050,2025-01-16 16:45:02,moved
CT14,M11/100EK113,01160037.JPG,M11\100EK113\01160037.JPG,01160037.JPG,5963358,2025-01-16 16:46:03,moved
CT14,M11/100EK113,01160038.JPG,M11\100EK113\01160038.JPG,01160038.JPG,5961190,2025-01-16 16:46:02,moved
CT14,M11/100EK113,01160039.JPG,M11\100EK113\01160039.JPG,01160039.JPG,5967836,2025-01-16 16:46:02,moved
CT14,M11/100EK113,01160041.JPG,M11\100EK113\01160041.JPG,01160041.JPG,5954140,2025-01-16 16:47:03,moved
CT14,M11/100EK113,01160042.JPG,M11\100EK113\01160042.JPG,01160042.JPG,5947874,2025-01-16 16:47:02,moved
CT14,M11/100EK113,01160043.JPG,M11\100EK113\01160043.JPG,01160043.JPG,5947268,2025-01-16 16:47:02,moved
CT14,M11/100EK113,01160045.JPG,M11\100EK113\01160045.JPG,01160045.JPG,5922470,2025-01-16 16:48:02,moved
CT14,M11/100EK113,01160046.JPG,M11\100EK113\01160046.JPG,01160046.JPG,5917690,2025-01-16 16:48:02,moved
CT14,M11/100EK113,01160047.JPG,M11\100EK113\01160047.JPG,01160047.JPG,5922550,2025-01-16 16:48:02,moved
CT14,M11/100EK113,01160049.JPG,M11\100EK113\01160049.JPG,01160049.JPG,5892532,2025-01-16 16:49:02,moved
CT14,M11/100EK113,01160050.JPG,M11\100EK113\01160050.JPG,01160050.JPG,5893343,2025-01-16 16:49:02,moved
CT14,M11/100EK113,01160051.JPG,M11\100EK113\01160051.JPG,01160051.JPG,5902050,2025-01-16 16:49:05,moved
CT14,M11/100EK113,01160053.JPG,M11\100EK113\01160053.JPG,01160053.JPG,5840079,2025-01-16 16:50:03,moved
CT14,M11/100EK113,01160054.JPG,M11\100EK113\01160054.JPG,01160054.JPG,5845823,2025-01-16 16:50:02,moved
CT14,M11/100EK113,01160055.JPG,M11\100EK113\01160055.JPG,01160055.JPG,5840873,2025-01-16 16:50:02,moved
CT14,M11/100EK113,01160057.JPG,M11\100EK113\01160057.JPG,01160057.JPG,5842061,2025-01-16 16:51:03,moved
CT14,M11/100EK113,01160058.JPG,M11\100EK113\01160058.JPG,01160058.JPG,5834912,2025-01-16 16:51:02,moved
CT14,M11/100EK113,01160059.JPG,M11\100EK113\01160059.JPG,01160059.JPG,5838630,2025-01-16 16:51:02,moved
CT14,M11/100EK113,01160061.JPG,M11\100EK113\01160061.JPG,01160061.JPG,5855730,2025-01-16 16:52:03,moved
CT14,M11/100EK113,01160062.JPG,M11\100EK113\01160062.JPG,01160062.JPG,5846942,2025-01-16 16:52:02,moved
CT14,M11/100EK113,01160063.JPG,M11\100EK113\01160063.JPG,01160063.JPG,5848569,2025-01-16 16:52:02,moved
CT14,M11/100EK113,01160065.JPG,M11\100EK113\01160065.JPG,01160065.JPG,5743824,2025-01-16 16:53:02,moved
CT14,M11/100EK113,01160066.JPG,M11\100EK113\01160066.JPG,01160066.JPG,5800881,2025-01-16 16:53:02,moved
CT14,M11/100EK113,01160067.JPG,M11\100EK113\01160067.JPG,01160067.JPG,5800376,2025-01-16 16:53:02,moved
CT14,M11/100EK113,01160069.JPG,M11\100EK113\01160069.JPG,01160069.JPG,6268886,2025-01-16 16:54:02,moved
CT14,M11/100EK113,01160070.JPG,M11\100EK113\01160070.JPG,01160070.JPG,6236314,2025-01-16 16:54:02,moved
CT14,M11/100EK113,01160071.JPG,M11\100EK113\01160071.JPG,01160071.JPG,6230469,2025-01-16 16:54:05,moved
CT14,M11/100EK113,01160073.JPG,M11\100EK113\01160073.JPG,01160073.JPG,6235059,2025-01-16 16:55:02,moved
CT14,M11/100EK113,01160074.JPG,M11\100EK113\01160074.JPG,01160074.JPG,6199461,2025-01-16 16:55:02,moved
CT14,M11/100EK113,01160075.JPG,M11\100EK113\01160075.JPG,01160075.JPG,6226768,2025-01-16 16:55:05,moved
CT14,M11/100EK113,01160077.JPG,M11\100EK113\01160077.JPG,01160077.JPG,6145486,2025-01-16 16:56:00,moved
CT14,M11/100EK113,01160078.JPG,M11\100EK113\01160078.JPG,01160078.JPG,6134459,2025-01-16 16:56:02,moved
CT14,M11/100EK113,01160079.JPG,M11\100EK113\01160079.JPG,01160079.JPG,6147186,2025-01-16 16:56:02,moved
CT14,M11/100EK113,01160081.JPG,M11\100EK113\01160081.JPG,01160081.JPG,6119950,2025-01-16 16:57:00,moved
CT14,M11/100EK113,01160082.JPG,M11\100EK113\01160082.JPG,01160082.JPG,6117282,2025-01-16 16:57:02,moved
CT14,M11/100EK113,01160083.JPG,M11\100EK113\01160083.JPG,01160083.JPG,6121245,2025-01-16 16:57:02,moved
CT14,M11/100EK113,01160085.JPG,M11\100EK113\01160085.JPG,01160085.JPG,6145596,2025-01-16 16:58:03,moved
CT14,M11/100EK113,01160086.JPG,M11\100EK113\01160086.JPG,01160086.JPG,6147824,2025-01-16 16:58:02,moved
CT14,M11/100EK113,01160087.JPG,M11\100EK113\01160087.JPG,01160087.JPG,6142501,2025-01-16 16:58:02,moved
CT14,M11/100EK113,01160089.JPG,M11\100EK113\01160089.JPG,01160089.JPG,6182281,2025-01-16 16:59:03,moved
CT14,M11/100EK113,01160090.JPG,M11\100EK113\01160090.JPG,01160090.JPG,6180236,2025-01-16 16:59:02,moved
CT14,M11/100EK113,01160091.JPG,M11\100EK113\01160091.JPG,01160091.JPG,6204015,2025-01-16 16:59:02,moved
CT14,M11/100EK113,01160093.JPG,M11\100EK113\01160093.JPG,01160093.JPG,6104346,2025-01-16 17:00:03,moved
CT14,M11/100EK113,01160094.JPG,M11\100EK113\01160094.JPG,01160094.JPG,6145407,2025-01-16 17:00:02,moved
CT14,M11/100EK113,01160095.JPG,M11\100EK113\01160095.JPG,01160095.JPG,6097617,2025-01-16 17:00:02,moved
CT14,M11/100EK113,01160097.JPG,M11\100EK113\01160097.JPG,01160097.JPG,6128917,2025-01-16 17:01:03,moved
CT14,M11/100EK113,01160098.JPG,M11\100EK113\01160098.JPG,01160098.JPG,6127574,2025-01-16 17:01:02,moved
CT14,M11/100EK113,01160099.JPG,M11\100EK113\01160099.JPG,01160099.JPG,6124718,2025-01-16 17:01:02,moved
CT14,M11/100EK113,01160101.JPG,M11\100EK113\01160101.JPG,01160101.JPG,6126611,2025-01-16 17:02:03,moved
CT14,M11/100EK113,01160102.JPG,M11\100EK113\01160102.JPG,01160102.JPG,6084236,2025-01-16 17:02:02,moved
CT14,M11/100EK113,01160103.JPG,M11\100EK113\01160103.JPG,01160103.JPG,6095887,2025-01-16 17:02:02,moved
CT14,M11/100EK113,01160105.JPG,M11\100EK113\01160105.JPG,01160105.JPG,6139169,2025-01-16 17:03:02,moved
CT14,M11/100EK113,01160106.JPG,M11\100EK113\01160106.JPG,01160106.JPG,6091939,2025-01-16 17:03:02,moved
CT14,M11/100EK113,01160107.JPG,M11\100EK113\01160107.JPG,01160107.JPG,6130265,2025-01-16 17:03:02,moved
CT14,M11/100EK113,01160109.JPG,M11\100EK113\01160109.JPG,01160109.JPG,6141004,2025-01-16 17:04:02,moved
CT14,M11/100EK113,01160110.JPG,M11\100EK113\01160110.JPG,01160110.JPG,6137900,2025-01-16 17:04:02,moved
CT14,M11/100EK113,01160111.JPG,M11\100EK113\01160111.JPG,01160111.JPG,6137046,2025-01-16 17:04:02,moved
CT14,M11/100EK113,01160113.JPG,M11\100EK113\01160113.JPG,01160113.JPG,6154991,2025-01-16 17:05:02,moved
CT14,M11/100EK113,01160114.JPG,M11\100EK113\01160114.JPG,01160114.JPG,6168927,2025-01-16 17:05:02,moved
CT14,M11/100EK113,01160115.JPG,M11\100EK113\01160115.JPG,01160115.JPG,6148385,2025-01-16 17:05:02,moved
CT14,M11/100EK113,01160117.JPG,M11\100EK113\01160117.JPG,01160117.JPG,6176646,2025-01-16 17:06:02,moved
CT14,M11/100EK113,01160118.JPG,M11\100EK113\01160118.JPG,01160118.JPG,6164050,2025-01-16 17:06:02,moved
CT14,M11/100EK113,01160119.JPG,M11\100EK113\01160119.JPG,01160119.JPG,6157700,2025-01-16 17:06:02,moved
CT14,M11/100EK113,01160121.JPG,M11\100EK113\01160121.JPG,01160121.JPG,6148180,2025-01-16 17:07:02,moved
CT14,M11/100EK113,01160122.JPG,M11\100EK113\01160122.JPG,01160122.JPG,6182084,2025-01-16 17:07:02,moved
CT14,M11/100EK113,01160123.JPG,M11\100EK113\01160123.JPG,01160123.JPG,6188437,2025-01-16 17:07:05,moved
CT14,M11/100EK113,01160125.JPG,M11\100EK113\01160125.JPG,01160125.JPG,6183067,2025-01-16 17:08:02,moved
CT14,M11/100EK113,01160126.JPG,M11\100EK113\01160126.JPG,01160126.JPG,6182667,2025-01-16 17:08:02,moved
CT14,M11/100EK113,01160127.JPG,M11\100EK113\01160127.JPG,01160127.JPG,6174973,2025-01-16 17:08:05,moved
CT14,M11/100EK113,01160129.JPG,M11\100EK113\01160129.JPG,01160129.JPG,6246793,2025-01-16 17:09:02,moved
CT14,M11/100EK113,01160130.JPG,M11\100EK113\01160130.JPG,01160130.JPG,6229670,2025-01-16 17:09:02,moved
CT14,M11/100EK113,01160131.JPG,M11\100EK113\01160131.JPG,01160131.JPG,6248291,2025-01-16 17:09:02,moved
CT14,M11/100EK113,01160133.JPG,M11\100EK113\01160133.JPG,01160133.JPG,6271643,2025-01-16 17:10:02,moved
CT14,M11/100EK113,01160134.JPG,M11\100EK113\01160134.JPG,01160134.JPG,6262618,2025-01-16 17:10:02,moved
CT14,M11/100EK113,01160135.JPG,M11\100EK113\01160135.JPG,01160135.JPG,6271358,2025-01-16 17:10:05,moved
CT14,M11/100EK113,01160137.JPG,M11\100EK113\01160137.JPG,01160137.JPG,5760123,2025-01-16 17:11:02,moved
CT14,M11/100EK113,01160138.JPG,M11\100EK113\01160138.JPG,01160138.JPG,5704429,2025-01-16 17:11:02,moved
CT14,M11/100EK113,01160139.JPG,M11\100EK113\01160139.JPG,01160139.JPG,6269220,2025-01-16 17:11:04,moved
CT14,M11/100EK113,01160141.JPG,M11\100EK113\01160141.JPG,01160141.JPG,5795161,2025-01-16 17:12:00,moved
CT14,M11/100EK113,01160142.JPG,M11\100EK113\01160142.JPG,01160142.JPG,5802183,2025-01-16 17:12:02,moved
CT14,M11/100EK113,01160143.JPG,M11\100EK113\01160143.JPG,01160143.JPG,5798070,2025-01-16 17:12:02,moved
CT14,M11/100EK113,01160145.JPG,M11\100EK113\01160145.JPG,01160145.JPG,5764231,2025-01-16 17:13:03,moved
CT14,M11/100EK113,01160146.JPG,M11\100EK113\01160146.JPG,01160146.JPG,5818570,2025-01-16 17:13:02,moved
CT14,M11/100EK113,01160147.JPG,M11\100EK113\01160147.JPG,01160147.JPG,5759616,2025-01-16 17:13:02,moved
CT14,M11/100EK113,01160149.JPG,M11\100EK113\01160149.JPG,01160149.JPG,5800052,2025-01-16 17:14:03,moved
CT14,M11/100EK113,01160150.JPG,M11\100EK113\01160150.JPG,01160150.JPG,5792675,2025-01-16 17:14:02,moved
CT14,M11/100EK113,01160151.JPG,M11\100EK113\01160151.JPG,01160151.JPG,5792689,2025-01-16 17:14:02,moved
CT14,M11/100EK113,01160153.JPG,M11\100EK113\01160153.JPG,01160153.JPG,5832654,2025-01-16 17:15:03,moved
CT14,M11/100EK113,01160154.JPG,M11\100EK113\01160154.JPG,01160154.JPG,5833295,2025-01-16 17:15:02,moved
CT14,M11/100EK113,01160155.JPG,M11\100EK113\01160155.JPG,01160155.JPG,5825027,2025-01-16 17:15:02,moved
CT14,M11/100EK113,01160157.JPG,M11\100EK113\01160157.JPG,01160157.JPG,5826746,2025-01-16 17:16:02,moved
CT14,M11/100EK113,01160158.JPG,M11\100EK113\01160158.JPG,01160158.JPG,5821299,2025-01-16 17:16:02,moved
CT14,M11/100EK113,01160159.JPG,M11\100EK113\01160159.JPG,01160159.JPG,5811051,2025-01-16 17:16:02,moved
CT14,M11/100EK113,01160161.JPG,M11\100EK113\01160161.JPG,01160161.JPG,5837918,2025-01-16 17:17:02,moved
CT14,M11/100EK113,01160162.JPG,M11\100EK113\01160162.JPG,01160162.JPG,5828093,2025-01-16 17:17:02,moved
CT14,M11/100EK113,01160163.JPG,M11\100EK113\01160163.JPG,01160163.JPG,5834965,2025-01-16 17:17:02,moved
CT14,M11/100EK113,01160165.JPG,M11\100EK113\01160165.JPG,01160165.JPG,5883871,2025-01-16 17:18:02,moved
CT14,M11/100EK113,01160166.JPG,M11\100EK113\01160166.JPG,01160166.JPG,5881922,2025-01-16 17:18:02,moved
CT14,M11/100EK113,01160167.JPG,M11\100EK113\01160167.JPG,01160167.JPG,5883413,2025-01-16 17:18:02,moved
CT14,M11/100EK113,01160169.JPG,M11\100EK113\01160169.JPG,01160169.JPG,5881858,2025-01-16 17:19:03,moved
CT14,M11/100EK113,01160170.JPG,M11\100EK113\01160170.JPG,01160170.JPG,5878742,2025-01-16 17:19:02,moved
CT14,M11/100EK113,01160171.JPG,M11\100EK113\01160171.JPG,01160171.JPG,5879227,2025-01-16 17:19:02,moved
CT14,M11/100EK113,01160173.JPG,M11\100EK113\01160173.JPG,01160173.JPG,5903551,2025-01-16 17:20:02,moved
CT14,M11/100EK113,01160174.JPG,M11\100EK113\01160174.JPG,01160174.JPG,5897622,2025-01-16 17:20:02,moved
CT14,M11/100EK113,01160175.JPG,M11\100EK113\01160175.JPG,01160175.JPG,5899489,2025-01-16 17:20:02,moved
CT14,M11/100EK113,01160177.JPG,M11\100EK113\01160177.JPG,01160177.JPG,5925287,2025-01-16 17:21:02,moved
CT14,M11/100EK113,01160178.JPG,M11\100EK113\01160178.JPG,01160178.JPG,5919998,2025-01-16 17:21:02,moved
CT14,M11/100EK113,01160179.JPG,M11\100EK113\01160179.JPG,01160179.JPG,5920390,2025-01-16 17:21:05,moved
CT14,M11/100EK113,01160181.JPG,M11\100EK113\01160181.JPG,01160181.JPG,5921410,2025-01-16 17:22:02,moved
CT14,M11/100EK113,01160182.JPG,M11\100EK113\01160182.JPG,01160182.JPG,5913383,2025-01-16 17:22:02,moved
CT14,M11/100EK113,01160183.JPG,M11\100EK113\01160183.JPG,01160183.JPG,5917417,2025-01-16 17:22:04,moved
CT14,M11/100EK113,01160185.JPG,M11\100EK113\01160185.JPG,01160185.JPG,5970681,2025-01-16 17:23:00,moved
CT14,M11/100EK113,01160186.JPG,M11\100EK113\01160186.JPG,01160186.JPG,5971791,2025-01-16 17:23:02,moved
CT14,M11/100EK113,01160187.JPG,M11\100EK113\01160187.JPG,01160187.JPG,5965065,2025-01-16 17:23:02,moved
CT14,M11/100EK113,01160189.JPG,M11\100EK113\01160189.JPG,01160189.JPG,5965412,2025-01-16 17:24:02,moved
CT14,M11/100EK113,01160190.JPG,M11\100EK113\01160190.JPG,01160190.JPG,5964640,2025-01-16 17:24:02,moved
CT14,M11/100EK113,01160191.JPG,M11\100EK113\01160191.JPG,01160191.JPG,5964209,2025-01-16 17:24:05,moved
CT14,M11/100EK113,01160193.JPG,M11\100EK113\01160193.JPG,01160193.JPG,5995797,2025-01-16 17:25:03,moved
CT14,M11/100EK113,01160194.JPG,M11\100EK113\01160194.JPG,01160194.JPG,6004643,2025-01-16 17:25:02,moved
CT14,M11/100EK113,01160195.JPG,M11\100EK113\01160195.JPG,01160195.JPG,6003997,2025-01-16 17:25:02,moved
CT14,M11/100EK113,01160197.JPG,M11\100EK113\01160197.JPG,01160197.JPG,5997839,2025-01-16 17:26:03,moved
CT14,M11/100EK113,01160198.JPG,M11\100EK113\01160198.JPG,01160198.JPG,5998121,2025-01-16 17:26:02,moved
CT14,M11/100EK113,01160199.JPG,M11\100EK113\01160199.JPG,01160199.JPG,6001169,2025-01-16 17:26:02,moved
CT14,M11/100EK113,01160201.JPG,M11\100EK113\01160201.JPG,01160201.JPG,6000936,2025-01-16 17:27:03,moved
CT14,M11/100EK113,01160202.JPG,M11\100EK113\01160202.JPG,01160202.JPG,6006979,2025-01-16 17:27:02,moved
CT14,M11/100EK113,01160203.JPG,M11\100EK113\01160203.JPG,01160203.JPG,6010029,2025-01-16 17:27:02,moved
CT14,M11/100EK113,01160205.JPG,M11\100EK113\01160205.JPG,01160205.JPG,5996117,2025-01-16 17:28:02,moved
CT14,M11/100EK113,01160206.JPG,M11\100EK113\01160206.JPG,01160206.JPG,6004835,2025-01-16 17:28:02,moved
CT14,M11/100EK113,01160207.JPG,M11\100EK113\01160207.JPG,01160207.JPG,5996990,2025-01-16 17:28:05,moved
CT14,M11/100EK113,01160209.JPG,M11\100EK113\01160209.JPG,01160209.JPG,6000397,2025-01-16 17:29:02,moved
CT14,M11/100EK113,01160210.JPG,M11\100EK113\01160210.JPG,01160210.JPG,6016110,2025-01-16 17:29:02,moved
CT14,M11/100EK113,01160211.JPG,M11\100EK113\01160211.JPG,01160211.JPG,6011240,2025-01-16 17:29:02,moved
CT14,M11/100EK113,01160213.JPG,M11\100EK113\01160213.JPG,01160213.JPG,6050571,2025-01-16 17:30:02,moved
CT14,M11/100EK113,01160214.JPG,M11\100EK113\01160214.JPG,01160214.JPG,6048383,2025-01-16 17:30:02,moved
CT14,M11/100EK113,01160215.JPG,M11\100EK113\01160215.JPG,01160215.JPG,6036175,2025-01-16 17:30:02,moved
CT14,M11/100EK113,01160217.JPG,M11\100EK113\01160217.JPG,01160217.JPG,5967970,2025-01-16 17:31:03,moved
CT14,M11/100EK113,01160218.JPG,M11\100EK113\01160218.JPG,01160218.JPG,5968948,2025-01-16 17:31:02,moved
CT14,M11/100EK113,01160219.JPG,M11\100EK113\01160219.JPG,01160219.JPG,5963727,2025-01-16 17:31:02,moved
CT14,M11/100EK113,01160221.JPG,M11\100EK113\01160221.JPG,01160221.JPG,5973549,2025-01-16 17:32:03,moved
CT14,M11/100EK113,01160222.JPG,M11\100EK113\01160222.JPG,01160222.JPG,5974303,2025-01-16 17:32:02,moved
CT14,M11/100EK113,01160223.JPG,M11\100EK113\01160223.JPG,01160223.JPG,5971381,2025-01-16 17:32:02,moved
CT14,M11/100EK113,01160225.JPG,M11\100EK113\01160225.JPG,01160225.JPG,5959749,2025-01-16 17:33:03,moved
CT14,M11/100EK113,01160226.JPG,M11\100EK113\01160226.JPG,01160226.JPG,5961868,2025-01-16 17:33:02,moved
CT14,M11/100EK113,01160227.JPG,M11\100EK113\01160227.JPG,01160227.JPG,5954073,2025-01-16 17:33:02,moved
CT14,M11/100EK113,01160229.JPG,M11\100EK113\01160229.JPG,01160229.JPG,5905265,2025-01-16 17:34:02,moved
CT14,M11/100EK113,01160230.JPG,M11\100EK113\01160230.JPG,01160230.JPG,5908461,2025-01-16 17:34:02,moved
CT14,M11/100EK113,01160231.JPG,M11\100EK113\01160231.JPG,01160231.JPG,5903533,2025-01-16 17:34:02,moved
CT14,M11/100EK113,01160233.JPG,M11\100EK113\01160233.JPG,01160233.JPG,5895393,2025-01-16 17:35:02,moved
CT14,M11/100EK113,01160234.JPG,M11\100EK113\01160234.JPG,01160234.JPG,5896250,2025-01-16 17:35:02,moved
CT14,M11/100EK113,01160235.JPG,M11\100EK113\01160235.JPG,01160235.JPG,5892822,2025-01-16 17:35:02,moved
CT14,M11/100EK113,01160237.JPG,M11\100EK113\01160237.JPG,01160237.JPG,5865736,2025-01-16 17:36:02,moved
CT14,M11/100EK113,01160238.JPG,M11\100EK113\01160238.JPG,01160238.JPG,5861953,2025-01-16 17:36:02,moved
CT14,M11/100EK113,01160239.JPG,M11\100EK113\01160239.JPG,01160239.JPG,5860277,2025-01-16 17:36:02,moved
CT14,M11/100EK113,01160241.JPG,M11\100EK113\01160241.JPG,01160241.JPG,5849515,2025-01-16 17:37:02,moved
CT14,M11/100EK113,01160242.JPG,M11\100EK113\01160242.JPG,01160242.JPG,5850120,2025-01-16 17:37:02,moved
CT14,M11/100EK113,01160243.JPG,M11\100EK113\01160243.JPG,01160243.JPG,5848991,2025-01-16 17:37:02,moved
CT14,M11/100EK113,01160245.JPG,M11\100EK113\01160245.JPG,01160245.JPG,5911292,2025-01-16 17:38:03,moved
CT14,M11/100EK113,01160246.JPG,M11\100EK113\01160246.JPG,01160246.JPG,5900552,2025-01-16 17:38:02,moved
CT14,M11/100EK113,01160247.JPG,M11\100EK113\01160247.JPG,01160247.JPG,5900923,2025-01-16 17:38:02,moved
CT14,M11/100EK113,01160249.JPG,M11\100EK113\01160249.JPG,01160249.JPG,5911731,2025-01-16 17:39:02,moved
CT14,M11/100EK113,01160250.JPG,M11\100EK113\01160250.JPG,01160250.JPG,5852639,2025-01-16 17:39:02,moved
CT14,M11/100EK113,01160251.JPG,M11\100EK113\01160251.JPG,01160251.JPG,5817381,2025-01-16 17:39:02,moved
CT14,M11/100EK113,01160253.JPG,M11\100EK113\01160253.JPG,01160253.JPG,5910401,2025-01-16 17:40:02,moved
CT14,M11/100EK113,01160254.JPG,M11\100EK113\01160254.JPG,01160254.JPG,5817918,2025-01-16 17:40:02,moved
CT14,M11/100EK113,01160255.JPG,M11\100EK113\01160255.JPG,01160255.JPG,5879522,2025-01-16 17:40:02,moved
CT14,M11/100EK113,01160257.JPG,M11\100EK113\01160257.JPG,01160257.JPG,5850295,2025-01-16 17:41:02,moved
CT14,M11/100EK113,01160258.JPG,M11\100EK113\01160258.JPG,01160258.JPG,5849725,2025-01-16 17:41:02,moved
CT14,M11/100EK113,01160259.JPG,M11\100EK113\01160259.JPG,01160259.JPG,5824307,2025-01-16 17:41:02,moved
CT14,M11/100EK113,01160261.JPG,M11\100EK113\01160261.JPG,01160261.JPG,5818965,2025-01-16 17:42:02,moved
CT14,M11/100EK113,01160262.JPG,M11\100EK113\01160262.JPG,01160262.JPG,5874844,2025-01-16 17:42:02,moved
CT14,M11/100EK113,01160263.JPG,M11\100EK113\01160263.JPG,01160263.JPG,5887633,2025-01-16 17:42:02,moved
CT14,M11/100EK113,01160265.JPG,M11\100EK113\01160265.JPG,01160265.JPG,5886187,2025-01-16 17:43:02,moved
CT14,M11/100EK113,01160266.JPG,M11\100EK113\01160266.JPG,01160266.JPG,5888439,2025-01-16 17:43:02,moved
CT14,M11/100EK113,01160267.JPG,M11\100EK113\01160267.JPG,01160267.JPG,5885466,2025-01-16 17:43:02,moved
CT14,M11/100EK113,01160269.JPG,M11\100EK113\01160269.JPG,01160269.JPG,5891887,2025-01-16 17:44:02,moved
CT14,M11/100EK113,01160270.JPG,M11\100EK113\01160270.JPG,01160270.JPG,5882881,2025-01-16 17:44:02,moved
CT14,M11/100EK113,01160271.JPG,M11\100EK113\01160271.JPG,01160271.JPG,5882574,2025-01-16 17:44:05,moved
CT14,M11/100EK113,01160273.JPG,M11\100EK113\01160273.JPG,01160273.JPG,5870215,2025-01-16 17:45:02,moved
CT14,M11/100EK113,01160274.JPG,M11\100EK113\01160274.JPG,01160274.JPG,5878986,2025-01-16 17:45:02,moved
CT14,M11/100EK113,01160275.JPG,M11\100EK113\01160275.JPG,01160275.JPG,5875824,2025-01-16 17:45:02,moved
CT14,M11/100EK113,01160277.JPG,M11\100EK113\01160277.JPG,01160277.JPG,5861402,2025-01-16 17:46:02,moved
CT14,M11/100EK113,01160278.JPG,M11\100EK113\01160278.JPG,01160278.JPG,5865067,2025-01-16 17:46:02,moved
CT14,M11/100EK113,01160279.JPG,M11\100EK113\01160279.JPG,01160279.JPG,5859508,2025-01-16 17:46:05,moved
CT14,M11/100EK113,01160281.JPG,M11\100EK113\01160281.JPG,01160281.JPG,5845849,2025-01-16 17:47:02,moved
CT14,M11/100EK113,01160282.JPG,M11\100EK113\01160282.JPG,01160282.JPG,5850503,2025-01-16 17:47:02,moved
CT14,M11/100EK113,01160283.JPG,M11\100EK113\01160283.JPG,01160283.JPG,5839692,2025-01-16 17:47:05,moved
CT14,M11/100EK113,01160285.JPG,M11\100EK113\01160285.JPG,01160285.JPG,5816075,2025-01-16 17:48:03,moved
CT14,M11/100EK113,01160286.JPG,M11\100EK113\01160286.JPG,01160286.JPG,5812689,2025-01-16 17:48:02,moved
CT14,M11/100EK113,01160287.JPG,M11\100EK113\01160287.JPG,01160287.JPG,5820173,2025-01-16 17:48:02,moved
CT14,M11/100EK113,01160289.JPG,M11\100EK113\01160289.JPG,01160289.JPG,5833607,2025-01-16 17:49:03,moved
CT14,M11/100EK113,01160290.JPG,M11\100EK113\01160290.JPG,01160290.JPG,5827496,2025-01-16 17:49:02,moved
CT14,M11/100EK113,01160291.JPG,M11\100EK113\01160291.JPG,01160291.JPG,5828780,2025-01-16 17:49:02,moved
CT14,M11/100EK113,01160293.JPG,M11\100EK113\01160293.JPG,01160293.JPG,5875437,2025-01-16 17:50:03,moved
CT14,M11/100EK113,01160294.JPG,M11\100EK113\01160294.JPG,01160294.JPG,5877850,2025-01-16 17:50:02,moved
CT14,M11/100EK113,01160295.JPG,M11\100EK113\01160295.JPG,01160295.JPG,5872703,2025-01-16 17:50:02,moved
CT14,M11/100EK113,01160297.JPG,M11\100EK113\01160297.JPG,01160297.JPG,5885664,2025-01-16 17:51:02,moved
CT14,M11/100EK113,01160298.JPG,M11\100EK113\01160298.JPG,01160298.JPG,5878776,2025-01-16 17:51:02,moved
CT14,M11/100EK113,01160299.JPG,M11\100EK113\01160299.JPG,01160299.JPG,5871592,2025-01-16 17:51:02,moved
CT14,M11/100EK113,01160301.JPG,M11\100EK113\01160301.JPG,01160301.JPG,5912236,2025-01-16 17:52:02,moved
CT14,M11/100EK113,01160302.JPG,M11\100EK113\01160302.JPG,01160302.JPG,5903572,2025-01-16 17:52:02,moved
CT14,M11/100EK113,01160303.JPG,M11\100EK113\01160303.JPG,01160303.JPG,5905551,2025-01-16 17:52:02,moved
CT14,M11/100EK113,01160305.JPG,M11\100EK113\01160305.JPG,01160305.JPG,5886944,2025-01-16 17:53:02,moved
CT14,M11/100EK113,01160306.JPG,M11\100EK113\01160306.JPG,01160306.JPG,5888506,2025-01-16 17:53:02,moved
CT14,M11/100EK113,01160307.JPG,M11\100EK113\01160307.JPG,01160307.JPG,5883212,2025-01-16 17:53:02,moved
CT14,M11/100EK113,01160309.JPG,M11\100EK113\01160309.JPG,01160309.JPG,5889381,2025-01-16 17:54:00,moved
CT14,M11/100EK113,01160310.JPG,M11\100EK113\01160310.JPG,01160310.JPG,5873471,2025-01-16 17:54:02,moved
CT14,M11/100EK113,01160311.JPG,M11\100EK113\01160311.JPG,01160311.JPG,5879913,2025-01-16 17:54:02,moved
CT14,M11/100EK113,01160313.JPG,M11\100EK113\01160313.JPG,01160313.JPG,5899819,2025-01-16 17:55:02,moved
CT14,M11/100EK113,01160314.JPG,M11\100EK113\01160314.JPG,01160314.JPG,5899508,2025-01-16 17:55:02,moved
CT14,M11/100EK113,01160315.JPG,M11\100EK113\01160315.JPG,01160315.JPG,5900126,2025-01-16 17:55:05,moved
CT14,M11/100EK113,01160317.JPG,M11\100EK113\01160317.JPG,01160317.JPG,5930331,2025-01-16 17:56:02,moved
CT14,M11/100EK113,01160318.JPG,M11\100EK113\01160318.JPG,01160318.JPG,5931062,2025-01-16 17:56:02,moved
CT14,M11/100EK113,01160319.JPG,M11\100EK113\01160319.JPG,01160319.JPG,5929204,2025-01-16 17:56:05,moved
CT14,M11/100EK113,01160321.JPG,M11\100EK113\01160321.JPG,01160321.JPG,5931884,2025-01-16 17:57:02,moved
CT14,M11/100EK113,01160322.JPG,M11\100EK113\01160322.JPG,01160322.JPG,5933174,2025-01-16 17:57:02,moved
CT14,M11/100EK113,01160323.JPG,M11\100EK113\01160323.JPG,01160323.JPG,5928261,2025-01-16 17:57:05,moved
CT14,M11/100EK113,01160325.JPG,M11\100EK113\01160325.JPG,01160325.JPG,5926174,2025-01-16 17:58:02,moved
CT14,M11/100EK113,01160326.JPG,M11\100EK113\01160326.JPG,01160326.JPG,5929724,2025-01-16 17:58:02,moved
CT14,M11/100EK113,01160327.JPG,M11\100EK113\01160327.JPG,01160327.JPG,5930554,2025-01-16 17:58:02,moved
CT14,M11/100EK113,01160329.JPG,M11\100EK113\01160329.JPG,01160329.JPG,5912943,2025-01-16 17:59:02,moved
CT14,M11/100EK113,01160330.JPG,M11\100EK113\01160330.JPG,01160330.JPG,5914567,2025-01-16 17:59:02,moved
CT14,M11/100EK113,01160331.JPG,M11\100EK113\01160331.JPG,01160331.JPG,5902396,2025-01-16 17:59:05,moved
CT14,M11/100EK113,01160333.JPG,M11\100EK113\01160333.JPG,01160333.JPG,5921749,2025-01-16 18:00:03,moved
CT14,M11/100EK113,01160334.JPG,M11\100EK113\01160334.JPG,01160334.JPG,5928045,2025-01-16 18:00:02,moved
CT14,M11/100EK113,01160335.JPG,M11\100EK113\01160335.JPG,01160335.JPG,5921059,2025-01-16 18:00:02,moved
CT14,M11/100EK113,01160337.JPG,M11\100EK113\01160337.JPG,01160337.JPG,5928170,2025-01-16 18:01:02,moved
CT14,M11/100EK113,01160338.JPG,M11\100EK113\01160338.JPG,01160338.JPG,5924879,2025-01-16 18:01:02,moved
CT14,M11/100EK113,01160339.JPG,M11\100EK113\01160339.JPG,01160339.JPG,5929274,2025-01-16 18:01:02,moved
CT14,M11/100EK113,01160341.JPG,M11\100EK113\01160341.JPG,01160341.JPG,5952197,2025-01-16 18:02:00,moved
CT14,M11/100EK113,01160342.JPG,M11\100EK113\01160342.JPG,01160342.JPG,5947198,2025-01-16 18:02:02,moved
CT14,M11/100EK113,01160343.JPG,M11\100EK113\01160343.JPG,01160343.JPG,5962135,2025-01-16 18:02:02,moved
CT14,M11/100EK113,01160345.JPG,M11\100EK113\01160345.JPG,01160345.JPG,5958793,2025-01-16 18:03:00,moved
CT14,M11/100EK113,01160346.JPG,M11\100EK113\01160346.JPG,01160346.JPG,5966440,2025-01-16 18:03:02,moved
CT14,M11/100EK113,01160347.JPG,M11\100EK113\01160347.JPG,01160347.JPG,5965041,2025-01-16 18:03:02,moved
CT14,M11/100EK113,01160349.JPG,M11\100EK113\01160349.JPG,01160349.JPG,5957858,2025-01-16 18:04:02,moved
CT14,M11/100EK113,01160350.JPG,M11\100EK113\01160350.JPG,01160350.JPG,5962711,2025-01-16 18:04:02,moved
CT14,M11/100EK113,01160351.JPG,M11\100EK113\01160351.JPG,01160351.JPG,5977635,2025-01-16 18:04:05,moved
CT14,M11/100EK113,01160353.JPG,M11\100EK113\01160353.JPG,01160353.JPG,5982403,2025-01-16 18:05:02,moved
CT14,M11/100EK113,01160354.JPG,M11\100EK113\01160354.JPG,01160354.JPG,5993511,2025-01-16 18:05:02,moved
CT14,M11/100EK113,01160355.JPG,M11\100EK113\01160355.JPG,01160355.JPG,5988183,2025-01-16 18:05:05,moved
CT14,M11/100EK113,01160357.JPG,M11\100EK113\01160357.JPG,01160357.JPG,6004747,2025-01-16 18:06:02,moved
CT14,M11/100EK113,01160358.JPG,M11\100EK113\01160358.JPG,01160358.JPG,5999953,2025-01-16 18:06:02,moved
CT14,M11/100EK113,01160359.JPG,M11\100EK113\01160359.JPG,01160359.JPG,5995863,2025-01-16 18:06:02,moved
CT14,M11/100EK113,01160361.JPG,M11\100EK113\01160361.JPG,01160361.JPG,6008255,2025-01-16 18:07:02,moved
CT14,M11/100EK113,01160362.JPG,M11\100EK113\01160362.JPG,01160362.JPG,6000673,2025-01-16 18:07:02,moved
CT14,M11/100EK113,01160363.JPG,M11\100EK113\01160363.JPG,01160363.JPG,5999965,2025-01-16 18:07:05,moved
CT14,M11/100EK113,01160365.JPG,M11\100EK113\01160365.JPG,01160365.JPG,5998508,2025-01-16 18:08:02,moved
CT14,M11/100EK113,01160366.JPG,M11\100EK113\01160366.JPG,01160366.JPG,5998634,2025-01-16 18:08:02,moved
CT14,M11/100EK113,01160367.JPG,M11\100EK113\01160367.JPG,01160367.JPG,5992812,2025-01-16 18:08:02,moved
CT14,M11/100EK113,01160369.JPG,M11\100EK113\01160369.JPG,01160369.JPG,5971265,2025-01-16 18:09:00,moved
CT14,M11/100EK113,01160370.JPG,M11\100EK113\01160370.JPG,01160370.JPG,5968664,2025-01-16 18:09:02,moved
CT14,M11/100EK113,01160371.JPG,M11\100EK113\01160371.JPG,01160371.JPG,5966848,2025-01-16 18:09:02,moved
CT14,M11/100EK113,01160373.JPG,M11\100EK113\01160373.JPG,01160373.JPG,5979335,2025-01-16 18:10:02,moved
CT14,M11/100EK113,01160374.JPG,M11\100EK113\01160374.JPG,01160374.JPG,5976709,2025-01-16 18:10:02,moved
CT14,M11/100EK113,01160375.JPG,M11\100EK113\01160375.JPG,01160375.JPG,5969787,2025-01-16 18:10:02,moved
CT14,M11/100EK113,01160377.JPG,M11\100EK113\01160377.JPG,01160377.JPG,5943524,2025-01-16 18:11:02,moved
CT14,M11/100EK113,01160378.JPG,M11\100EK113\01160378.JPG,01160378.JPG,5947642,2025-01-16 18:11:02,moved
CT14,M11/100EK113,01160379.JPG,M11\100EK113\01160379.JPG,01160379.JPG,5939694,2025-01-16 18:11:05,moved
CT14,M11/100EK113,01160381.JPG,M11\100EK113\01160381.JPG,01160381.JPG,5913414,2025-01-16 18:12:03,moved
CT14,M11/100EK113,01160382.JPG,M11\100EK113\01160382.JPG,01160382.JPG,5909735,2025-01-16 18:12:02,moved
CT14,M11/100EK113,01160383.JPG,M11\100EK113\01160383.JPG,01160383.JPG,5906874,2025-01-16 18:12:02,moved
CT14,M11/100EK113,01160385.JPG,M11\100EK113\01160385.JPG,01160385.JPG,5924591,2025-01-16 18:13:03,moved
CT14,M11/100EK113,01160386.JPG,M11\100EK113\01160386.JPG,01160386.JPG,5934567,2025-01-16 18:13:02,moved
CT14,M11/100EK113,01160387.JPG,M11\100EK113\01160387.JPG,01160387.JPG,5922131,2025-01-16 18:13:02,moved
CT14,M11/100EK113,01160389.JPG,M11\100EK113\01160389.JPG,01160389.JPG,5937251,2025-01-16 18:14:03,moved
CT14,M11/100EK113,01160390.JPG,M11\100EK113\01160390.JPG,01160390.JPG,5930615,2025-01-16 18:14:02,moved
CT14,M11/100EK113,01160391.JPG,M11\100EK113\01160391.JPG,01160391.JPG,5924526,2025-01-16 18:14:02,moved
CT14,M11/100EK113,01160393.JPG,M11\100EK113\01160393.JPG,01160393.JPG,5941447,2025-01-16 18:15:00,moved
CT14,M11/100EK113,01160394.JPG,M11\100EK113\01160394.JPG,01160394.JPG,5942119,2025-01-16 18:15:02,moved
CT14,M11/100EK113,01160395.JPG,M11\100EK113\01160395.JPG,01160395.JPG,5940917,2025-01-16 18:15:02,moved
CT14,M11/100EK113,01160397.JPG,M11\100EK113\01160397.JPG,01160397.JPG,5968727,2025-01-16 18:16:02,moved
CT14,M11/100EK113,01160398.JPG,M11\100EK113\01160398.JPG,01160398.JPG,5964122,2025-01-16 18:16:02,moved
CT14,M11/100EK113,01160399.JPG,M11\100EK113\01160399.JPG,01160399.JPG,5967265,2025-01-16 18:16:05,moved
CT14,M11/100EK113,01160401.JPG,M11\100EK113\01160401.JPG,01160401.JPG,5987707,2025-01-16 18:17:02,moved
CT14,M11/100EK113,01160402.JPG,M11\100EK113\01160402.JPG,01160402.JPG,5985938,2025-01-16 18:17:02,moved
CT14,M11/100EK113,01160403.JPG,M11\100EK113\01160403.JPG,01160403.JPG,5987458,2025-01-16 18:17:05,moved
CT14,M11/100EK113,01160405.JPG,M11\100EK113\01160405.JPG,01160405.JPG,6009616,2025-01-16 18:18:02,moved
CT14,M11/100EK113,01160406.JPG,M11\100EK113\01160406.JPG,01160406.JPG,5996678,2025-01-16 18:18:02,moved
CT14,M11/100EK113,01160407.JPG,M11\100EK113\01160407.JPG,01160407.JPG,5998881,2025-01-16 18:18:05,moved
CT14,M11/100EK113,01160409.JPG,M11\100EK113\01160409.JPG,01160409.JPG,5928134,2025-01-16 18:19:03,moved
CT14,M11/100EK113,01160410.JPG,M11\100EK113\01160410.JPG,01160410.JPG,5869377,2025-01-16 18:19:02,moved
CT14,M11/100EK113,01160411.JPG,M11\100EK113\01160411.JPG,01160411.JPG,5873157,2025-01-16 18:19:02,moved
CT14,M11/100EK113,01160413.JPG,M11\100EK113\01160413.JPG,01160413.JPG,6008213,2025-01-16 18:20:02,moved
CT14,M11/100EK113,01160414.JPG,M11\100EK113\01160414.JPG,01160414.JPG,6015072,2025-01-16 18:20:04,moved
CT14,M11/100EK113,01160415.JPG,M11\100EK113\01160415.JPG,01160415.JPG,6021589,2025-01-16 18:20:04,moved
CT14,M11/100EK113,01160417.JPG,M11\100EK113\01160417.JPG,01160417.JPG,5967016,2025-01-16 18:21:02,moved
CT14,M11/100EK113,01160418.JPG,M11\100EK113\01160418.JPG,01160418.JPG,5996580,2025-01-16 18:21:02,moved
CT14,M11/100EK113,01160419.JPG,M11\100EK113\01160419.JPG,01160419.JPG,5987182,2025-01-16 18:21:02,moved
CT14,M11/100EK113,01160421.JPG,M11\100EK113\01160421.JPG,01160421.JPG,5985671,2025-01-16 18:22:02,moved
CT14,M11/100EK113,01160422.JPG,M11\100EK113\01160422.JPG,01160422.JPG,6020655,2025-01-16 18:22:02,moved
CT14,M11/100EK113,01160423.JPG,M11\100EK113\01160423.JPG,01160423.JPG,6015420,2025-01-16 18:22:02,moved
CT14,M11/100EK113,01160425.JPG,M11\100EK113\01160425.JPG,01160425.JPG,6055476,2025-01-16 18:23:02,moved
CT14,M11/100EK113,01160426.JPG,M11\100EK113\01160426.JPG,01160426.JPG,6029470,2025-01-16 18:23:02,moved
CT14,M11/100EK113,01160427.JPG,M11\100EK113\01160427.JPG,01160427.JPG,6035146,2025-01-16 18:23:02,moved
CT14,M11/100EK113,01160429.JPG,M11\100EK113\01160429.JPG,01160429.JPG,5909393,2025-01-16 18:24:02,moved
CT14,M11/100EK113,01160430.JPG,M11\100EK113\01160430.JPG,01160430.JPG,5914719,2025-01-16 18:24:02,moved
CT14,M11/100EK113,01160431.JPG,M11\100EK113\01160431.JPG,01160431.JPG,5919480,2025-01-16 18:24:02,moved
CT14,M11/100EK113,01160433.JPG,M11\100EK113\01160433.JPG,01160433.JPG,6038215,2025-01-16 18:25:02,moved
CT14,M11/100EK113,01160434.JPG,M11\100EK113\01160434.JPG,01160434.JPG,6058744,2025-01-16 18:25:02,moved
CT14,M11/100EK113,01160435.JPG,M11\100EK113\01160435.JPG,01160435.JPG,6063449,2025-01-16 18:25:05,moved
CT14,M11/100EK113,01160437.JPG,M11\100EK113\01160437.JPG,01160437.JPG,6071880,2025-01-16 18:26:02,moved
CT14,M11/100EK113,01160438.JPG,M11\100EK113\01160438.JPG,01160438.JPG,6078862,2025-01-16 18:26:02,moved
CT14,M11/100EK113,01160439.JPG,M11\100EK113\01160439.JPG,01160439.JPG,6079219,2025-01-16 18:26:05,moved
CT14,M11/100EK113,01160441.JPG,M11\100EK113\01160441.JPG,01160441.JPG,6072755,2025-01-16 18:27:02,moved
CT14,M11/100EK113,01160442.JPG,M11\100EK113\01160442.JPG,01160442.JPG,6073215,2025-01-16 18:27:02,moved
CT14,M11/100EK113,01160443.JPG,M11\100EK113\01160443.JPG,01160443.JPG,6079552,2025-01-16 18:27:05,moved
CT14,M11/100EK113,01160445.JPG,M11\100EK113\01160445.JPG,01160445.JPG,6114575,2025-01-16 18:28:00,moved
CT14,M11/100EK113,01160446.JPG,M11\100EK113\01160446.JPG,01160446.JPG,6115269,2025-01-16 18:28:02,moved
CT14,M11/100EK113,01160447.JPG,M11\100EK113\01160447.JPG,01160447.JPG,6120674,2025-01-16 18:28:02,moved
CT14,M11/100EK113,01160449.JPG,M11\100EK113\01160449.JPG,01160449.JPG,6119982,2025-01-16 18:29:02,moved
CT14,M11/100EK113,01160450.JPG,M11\100EK113\01160450.JPG,01160450.JPG,6120700,2025-01-16 18:29:02,moved
CT14,M11/100EK113,01160451.JPG,M11\100EK113\01160451.JPG,01160451.JPG,6122788,2025-01-16 18:29:05,moved
CT14,M11/100EK113,01160453.JPG,M11\100EK113\01160453.JPG,01160453.JPG,6100786,2025-01-16 18:30:02,moved
CT14,M11/100EK113,01160454.JPG,M11\100EK113\01160454.JPG,01160454.JPG,6107627,2025-01-16 18:30:02,moved
CT14,M11/100EK113,01160455.JPG,M11\100EK113\01160455.JPG,01160455.JPG,6110147,2025-01-16 18:30:02,moved
CT14,M11/100EK113,01160457.JPG,M11\100EK113\01160457.JPG,01160457.JPG,6084687,2025-01-16 18:31:02,moved
CT14,M11/100EK113,01160458.JPG,M11\100EK113\01160458.JPG,01160458.JPG,6085356,2025-01-16 18:31:02,moved
CT14,M11/100EK113,01160459.JPG,M11\100EK113\01160459.JPG,01160459.JPG,6082805,2025-01-16 18:31:02,moved
CT14,M11/100EK113,01160461.JPG,M11\100EK113\01160461.JPG,01160461.JPG,6052553,2025-01-16 18:32:02,moved
CT14,M11/100EK113,01160462.JPG,M11\100EK113\01160462.JPG,01160462.JPG,6049705,2025-01-16 18:32:02,moved
CT14,M11/100EK113,01160463.JPG,M11\100EK113\01160463.JPG,01160463.JPG,6052723,2025-01-16 18:32:02,moved
CT14,M11/100EK113,01160465.JPG,M11\100EK113\01160465.JPG,01160465.JPG,6053784,2025-01-16 18:33:02,moved
CT14,M11/100EK113,01160466.JPG,M11\100EK113\01160466.JPG,01160466.JPG,6064590,2025-01-16 18:33:02,moved
CT14,M11/100EK113,01160467.JPG,M11\100EK113\01160467.JPG,01160467.JPG,6059385,2025-01-16 18:33:05,moved
CT14,M11/100EK113,01160469.JPG,M11\100EK113\01160469.JPG,01160469.JPG,6084979,2025-01-16 18:34:02,moved
CT14,M11/100EK113,01160470.JPG,M11\100EK113\01160470.JPG,01160470.JPG,6079363,2025-01-16 18:34:02,moved
CT14,M11/100EK113,01160471.JPG,M11\100EK113\01160471.JPG,01160471.JPG,6075273,2025-01-16 18:34:05,moved
CT14,M11/100EK113,01160473.JPG,M11\100EK113\01160473.JPG,01160473.JPG,6029933,2025-01-16 18:35:03,moved
CT14,M11/100EK113,01160474.JPG,M11\100EK113\01160474.JPG,01160474.JPG,6057194,2025-01-16 18:35:02,moved
CT14,M11/100EK113,01160475.JPG,M11\100EK113\01160475.JPG,01160475.JPG,6047173,2025-01-16 18:35:02,moved
CT14,M11/100EK113,01160477.JPG,M11\100EK113\01160477.JPG,01160477.JPG,6056719,2025-01-16 18:36:02,moved
CT14,M11/100EK113,01160478.JPG,M11\100EK113\01160478.JPG,01160478.JPG,6045384,2025-01-16 18:36:02,moved
CT14,M11/100EK113,01160479.JPG,M11\100EK113\01160479.JPG,01160479.JPG,6067544,2025-01-16 18:36:05,moved
CT14,M11/100EK113,01160481.JPG,M11\100EK113\01160481.JPG,01160481.JPG,5882096,2025-01-16 18:37:02,moved
CT14,M11/100EK113,01160482.JPG,M11\100EK113\01160482.JPG,01160482.JPG,6042085,2025-01-16 18:37:02,moved
CT14,M11/100EK113,01160483.JPG,M11\100EK113\01160483.JPG,01160483.JPG,5910053,2025-01-16 18:37:05,moved
CT14,M11/100EK113,01160485.JPG,M11\100EK113\01160485.JPG,01160485.JPG,6091492,2025-01-16 18:38:02,moved
CT14,M11/100EK113,01160486.JPG,M11\100EK113\01160486.JPG,01160486.JPG,6037641,2025-01-16 18:38:02,moved
CT14,M11/100EK113,01160487.JPG,M11\100EK113\01160487.JPG,01160487.JPG,6037809,2025-01-16 18:38:02,moved
CT14,M11/100EK113,01160489.JPG,M11\100EK113\01160489.JPG,01160489.JPG,6011044,2025-01-16 18:39:03,moved
CT14,M11/100EK113,01160490.JPG,M11\100EK113\01160490.JPG,01160490.JPG,6009814,2025-01-16 18:39:02,moved
CT14,M11/100EK113,01160491.JPG,M11\100EK113\01160491.JPG,01160491.JPG,6023487,2025-01-16 18:39:02,moved
CT14,M11/100EK113,01160493.JPG,M11\100EK113\01160493.JPG,01160493.JPG,6017714,2025-01-16 18:40:02,moved
CT14,M11/100EK113,01160494.JPG,M11\100EK113\01160494.JPG,01160494.JPG,6010594,2025-01-16 18:40:02,moved
CT14,M11/100EK113,01160495.JPG,M11\100EK113\01160495.JPG,01160495.JPG,6000644,2025-01-16 18:40:02,moved
CT14,M11/100EK113,01160497.JPG,M11\100EK113\01160497.JPG,01160497.JPG,5994534,2025-01-16 18:41:02,moved
CT14,M11/100EK113,01160498.JPG,M11\100EK113\01160498.JPG,01160498.JPG,5987077,2025-01-16 18:41:02,moved
CT14,M11/100EK113,01160499.JPG,M11\100EK113\01160499.JPG,01160499.JPG,5986644,2025-01-16 18:41:02,moved
CT14,M11/100EK113,01160501.JPG,M11\100EK113\01160501.JPG,01160501.JPG,6014575,2025-01-16 18:42:02,moved
CT14,M11/100EK113,01160502.JPG,M11\100EK113\01160502.JPG,01160502.JPG,5993709,2025-01-16 18:42:02,moved
CT14,M11/100EK113,01160503.JPG,M11\100EK113\01160503.JPG,01160503.JPG,6015945,2025-01-16 18:42:02,moved
CT14,M11/100EK113,01160505.JPG,M11\100EK113\01160505.JPG,01160505.JPG,5885487,2025-01-16 18:43:03,moved
CT14,M11/100EK113,01160506.JPG,M11\100EK113\01160506.JPG,01160506.JPG,5924773,2025-01-16 18:43:02,moved
CT14,M11/100EK113,01160507.JPG,M11\100EK113\01160507.JPG,01160507.JPG,6041026,2025-01-16 18:43:02,moved
CT14,M11/100EK113,01160509.JPG,M11\100EK113\01160509.JPG,01160509.JPG,6071868,2025-01-16 18:44:03,moved
CT14,M11/100EK113,01160510.JPG,M11\100EK113\01160510.JPG,01160510.JPG,6031059,2025-01-16 18:44:02,moved
CT14,M11/100EK113,01160511.JPG,M11\100EK113\01160511.JPG,01160511.JPG,6043327,2025-01-16 18:44:02,moved
CT14,M11/100EK113,01160513.JPG,M11\100EK113\01160513.JPG,01160513.JPG,6038200,2025-01-16 18:45:02,moved
CT14,M11/100EK113,01160514.JPG,M11\100EK113\01160514.JPG,01160514.JPG,6040921,2025-01-16 18:45:02,moved
CT14,M11/100EK113,01160515.JPG,M11\100EK113\01160515.JPG,01160515.JPG,6044087,2025-01-16 18:45:05,moved
CT14,M11/100EK113,01160517.JPG,M11\100EK113\01160517.JPG,01160517.JPG,6008956,2025-01-16 18:46:02,moved
CT14,M11/100EK113,01160518.JPG,M11\100EK113\01160518.JPG,01160518.JPG,6069445,2025-01-16 18:46:02,moved
CT14,M11/100EK113,01160519.JPG,M11\100EK113\01160519.JPG,01160519.JPG,6004617,2025-01-16 18:46:02,moved
CT14,M11/100EK113,01160521.JPG,M11\100EK113\01160521.JPG,01160521.JPG,6025071,2025-01-16 18:47:00,moved
CT14,M11/100EK113,01160522.JPG,M11\100EK113\01160522.JPG,01160522.JPG,6043417,2025-01-16 18:47:02,moved
CT14,M11/100EK113,01160523.JPG,M11\100EK113\01160523.JPG,01160523.JPG,5946715,2025-01-16 18:47:02,moved
CT14,M11/100EK113,01160525.JPG,M11\100EK113\01160525.JPG,01160525.JPG,6084547,2025-01-16 18:48:02,moved
CT14,M11/100EK113,01160526.JPG,M11\100EK113\01160526.JPG,01160526.JPG,6039100,2025-01-16 18:48:02,moved
CT14,M11/100EK113,01160527.JPG,M11\100EK113\01160527.JPG,01160527.JPG,6034476,2025-01-16 18:48:02,moved
CT14,M11/100EK113,01160529.JPG,M11\100EK113\01160529.JPG,01160529.JPG,5871768,2025-01-16 18:49:02,moved
CT14,M11/100EK113,01160530.JPG,M11\100EK113\01160530.JPG,01160530.JPG,5888715,2025-01-16 18:49:02,moved
CT14,M11/100EK113,01160531.JPG,M11\100EK113\01160531.JPG,01160531.JPG,5894045,2025-01-16 18:49:02,moved
CT14,M11/100EK113,01160533.JPG,M11\100EK113\01160533.JPG,01160533.JPG,6011709,2025-01-16 18:50:02,moved
CT14,M11/100EK113,01160534.JPG,M11\100EK113\01160534.JPG,01160534.JPG,5948988,2025-01-16 18:50:02,moved
CT14,M11/100EK113,01160535.JPG,M11\100EK113\01160535.JPG,01160535.JPG,6009187,2025-01-16 18:50:05,moved
CT14,M11/100EK113,01160537.JPG,M11\100EK113\01160537.JPG,01160537.JPG,5864551,2025-01-16 18:51:02,moved
CT14,M11/100EK113,01160538.JPG,M11\100EK113\01160538.JPG,01160538.JPG,5866267,2025-01-16 18:51:02,moved
CT14,M11/100EK113,01160539.JPG,M11\100EK113\01160539.JPG,01160539.JPG,5881979,2025-01-16 18:51:02,moved
CT14,M11/100EK113,01160541.JPG,M11\100EK113\01160541.JPG,01160541.JPG,5987747,2025-01-16 18:52:03,moved
CT14,M11/100EK113,01160542.JPG,M11\100EK113\01160542.JPG,01160542.JPG,6055286,2025-01-16 18:52:02,moved
CT14,M11/100EK113,01160543.JPG,M11\100EK113\01160543.JPG,01160543.JPG,5991170,2025-01-16 18:52:02,moved
CT14,M11/100EK113,01160545.JPG,M11\100EK113\01160545.JPG,01160545.JPG,5914141,2025-01-16 18:53:03,moved
CT14,M11/100EK113,01160546.JPG,M11\100EK113\01160546.JPG,01160546.JPG,5913112,2025-01-16 18:53:02,moved
CT14,M11/100EK113,01160547.JPG,M11\100EK113\01160547.JPG,01160547.JPG,5982478,2025-01-16 18:53:02,moved
CT14,M11/100EK113,01160549.JPG,M11\100EK113\01160549.JPG,01160549.JPG,5908941,2025-01-16 18:54:00,moved
CT14,M11/100EK113,01160550.JPG,M11\100EK113\01160550.JPG,01160550.JPG,5907774,2025-01-16 18:54:02,moved
CT14,M11/100EK113,01160551.JPG,M11\100EK113\01160551.JPG,01160551.JPG,5911423,2025-01-16 18:54:02,moved
CT14,M11/100EK113,01160553.JPG,M11\100EK113\01160553.JPG,01160553.JPG,5998238,2025-01-16 18:55:02,moved
CT14,M11/100EK113,01160554.JPG,M11\100EK113\01160554.JPG,01160554.JPG,5952278,2025-01-16 18:55:02,moved
CT14,M11/100EK113,01160555.JPG,M11\100EK113\01160555.JPG,01160555.JPG,5938997,2025-01-16 18:55:02,moved
CT14,M11/100EK113,01160557.JPG,M11\100EK113\01160557.JPG,01160557.JPG,5975589,2025-01-16 18:56:02,moved
CT14,M11/100EK113,01160558.JPG,M11\100EK113\01160558.JPG,01160558.JPG,6032505,2025-01-16 18:56:02,moved
CT14,M11/100EK113,01160559.JPG,M11\100EK113\01160559.JPG,01160559.JPG,5981119,2025-01-16 18:56:02,moved
CT14,M11/100EK113,01160561.JPG,M11\100EK113\01160561.JPG,01160561.JPG,5925413,2025-01-16 18:57:02,moved
CT14,M11/100EK113,01160562.JPG,M11\100EK113\01160562.JPG,01160562.JPG,5934699,2025-01-16 18:57:02,moved
CT14,M11/100EK113,01160563.JPG,M11\100EK113\01160563.JPG,01160563.JPG,5923405,2025-01-16 18:57:05,moved
CT14,M11/100EK113,01160565.JPG,M11\100EK113\01160565.JPG,01160565.JPG,5878786,2025-01-16 18:58:00,moved
CT14,M11/100EK113,01160566.JPG,M11\100EK113\01160566.JPG,01160566.JPG,5922149,2025-01-16 18:58:02,moved
CT14,M11/100EK113,01160567.JPG,M11\100EK113\01160567.JPG,01160567.JPG,5930239,2025-01-16 18:58:02,moved
CT14,M11/100EK113,01160569.JPG,M11\100EK113\01160569.JPG,01160569.JPG,5958907,2025-01-16 18:59:03,moved
CT14,M11/100EK113,01160570.JPG,M11\100EK113\01160570.JPG,01160570.JPG,5962558,2025-01-16 18:59:02,moved
CT14,M11/100EK113,01160571.JPG,M11\100EK113\01160571.JPG,01160571.JPG,6019604,2025-01-16 18:59:02,moved
CT14,M11/100EK113,01160573.JPG,M11\100EK113\01160573.JPG,01160573.JPG,5937433,2025-01-16 19:00:00,moved
CT14,M11/100EK113,01160574.JPG,M11\100EK113\01160574.JPG,01160574.JPG,5935475,2025-01-16 19:00:02,moved
CT14,M11/100EK113,01160575.JPG,M11\100EK113\01160575.JPG,01160575.JPG,5929023,2025-01-16 19:00:02,moved
CT14,M11/100EK113,01160577.JPG,M11\100EK113\01160577.JPG,01160577.JPG,5999339,2025-01-16 19:01:02,moved
CT14,M11/100EK113,01160578.JPG,M11\100EK113\01160578.JPG,01160578.JPG,5951765,2025-01-16 19:01:02,moved
CT14,M11/100EK113,01160579.JPG,M11\100EK113\01160579.JPG,01160579.JPG,5995373,2025-01-16 19:01:05,moved
CT14,M11/100EK113,01160581.JPG,M11\100EK113\01160581.JPG,01160581.JPG,5906304,2025-01-16 19:02:02,moved
CT14,M11/100EK113,01160582.JPG,M11\100EK113\01160582.JPG,01160582.JPG,5977198,2025-01-16 19:02:02,moved
CT14,M11/100EK113,01160583.JPG,M11\100EK113\01160583.JPG,01160583.JPG,5904362,2025-01-16 19:02:02,moved
CT14,M11/100EK113,01160585.JPG,M11\100EK113\01160585.JPG,01160585.JPG,5866468,2025-01-16 19:03:03,moved
CT14,M11/100EK113,01160586.JPG,M11\100EK113\01160586.JPG,01160586.JPG,5879194,2025-01-16 19:03:02,moved
CT14,M11/100EK113,01160587.JPG,M11\100EK113\01160587.JPG,01160587.JPG,5875062,2025-01-16 19:03:02,moved
CT14,M11/100EK113,01160589.JPG,M11\100EK113\01160589.JPG,01160589.JPG,5859403,2025-01-16 19:04:02,moved
CT14,M11/100EK113,01160590.JPG,M11\100EK113\01160590.JPG,01160590.JPG,5853430,2025-01-16 19:04:02,moved
CT14,M11/100EK113,01160591.JPG,M11\100EK113\01160591.JPG,01160591.JPG,5857701,2025-01-16 19:04:02,moved
CT14,M11/100EK113,01160593.JPG,M11\100EK113\01160593.JPG,01160593.JPG,5937878,2025-01-16 19:05:03,moved
CT14,M11/100EK113,01160594.JPG,M11\100EK113\01160594.JPG,01160594.JPG,5875720,2025-01-16 19:05:02,moved
CT14,M11/100EK113,01160595.JPG,M11\100EK113\01160595.JPG,01160595.JPG,5940347,2025-01-16 19:05:02,moved
CT14,M11/100EK113,01160597.JPG,M11\100EK113\01160597.JPG,01160597.JPG,5928692,2025-01-16 19:06:03,moved
CT14,M11/100EK113,01160598.JPG,M11\100EK113\01160598.JPG,01160598.JPG,5931301,2025-01-16 19:06:02,moved
CT14,M11/100EK113,01160599.JPG,M11\100EK113\01160599.JPG,01160599.JPG,5935204,2025-01-16 19:06:02,moved
CT14,M11/100EK113,01160601.JPG,M11\100EK113\01160601.JPG,01160601.JPG,5950247,2025-01-16 19:07:03,moved
CT14,M11/100EK113,01160602.JPG,M11\100EK113\01160602.JPG,01160602.JPG,5892422,2025-01-16 19:07:02,moved
CT14,M11/100EK113,01160603.JPG,M11\100EK113\01160603.JPG,01160603.JPG,5888872,2025-01-16 19:07:02,moved
CT14,M11/100EK113,01160605.JPG,M11\100EK113\01160605.JPG,01160605.JPG,5897019,2025-01-16 19:08:02,moved
CT14,M11/100EK113,01160606.JPG,M11\100EK113\01160606.JPG,01160606.JPG,5893784,2025-01-16 19:08:02,moved
CT14,M11/100EK113,01160607.JPG,M11\100EK113\01160607.JPG,01160607.JPG,5901123,2025-01-16 19:08:02,moved
CT14,M11/100EK113,01160609.JPG,M11\100EK113\01160609.JPG,01160609.JPG,5888668,2025-01-16 19:09:03,moved
CT14,M11/100EK113,01160610.JPG,M11\100EK113\01160610.JPG,01160610.JPG,5887399,2025-01-16 19:09:02,moved
CT14,M11/100EK113,01160611.JPG,M11\100EK113\01160611.JPG,01160611.JPG,5885637,2025-01-16 19:09:02,moved
CT14,M11/100EK113,01160613.JPG,M11\100EK113\01160613.JPG,01160613.JPG,5889706,2025-01-16 19:10:00,moved
CT14,M11/100EK113,01160614.JPG,M11\100EK113\01160614.JPG,01160614.JPG,5890902,2025-01-16 19:10:02,moved
CT14,M11/100EK113,01160615.JPG,M11\100EK113\01160615.JPG,01160615.JPG,5888408,2025-01-16 19:10:02,moved
CT14,M11/100EK113,01160617.JPG,M11\100EK113\01160617.JPG,01160617.JPG,5850429,2025-01-16 19:11:03,moved
CT14,M11/100EK113,01160618.JPG,M11\100EK113\01160618.JPG,01160618.JPG,5850868,2025-01-16 19:11:02,moved
CT14,M11/100EK113,01160619.JPG,M11\100EK113\01160619.JPG,01160619.JPG,5861740,2025-01-16 19:11:02,moved
CT14,M11/100EK113,01160621.JPG,M11\100EK113\01160621.JPG,01160621.JPG,5889963,2025-01-16 19:12:00,moved
CT14,M11/100EK113,01160622.JPG,M11\100EK113\01160622.JPG,01160622.JPG,5882764,2025-01-16 19:12:02,moved
CT14,M11/100EK113,01160623.JPG,M11\100EK113\01160623.JPG,01160623.JPG,5889906,2025-01-16 19:12:02,moved
CT14,M11/100EK113,01160625.JPG,M11\100EK113\01160625.JPG,01160625.JPG,5887034,2025-01-16 19:13:02,moved
CT14,M11/100EK113,01160626.JPG,M11\100EK113\01160626.JPG,01160626.JPG,5883720,2025-01-16 19:13:02,moved
CT14,M11/100EK113,01160627.JPG,M11\100EK113\01160627.JPG,01160627.JPG,5880478,2025-01-16 19:13:05,moved
CT14,M11/100EK113,01160629.JPG,M11\100EK113\01160629.JPG,01160629.JPG,5885803,2025-01-16 19:14:03,moved
CT14,M11/100EK113,01160630.JPG,M11\100EK113\01160630.JPG,01160630.JPG,5891691,2025-01-16 19:14:02,moved
CT14,M11/100EK113,01160631.JPG,M11\100EK113\01160631.JPG,01160631.JPG,5887060,2025-01-16 19:14:02,moved
CT14,M11/100EK113,01160633.JPG,M11\100EK113\01160633.JPG,01160633.JPG,5871697,2025-01-16 19:15:00,moved
CT14,M11/100EK113,01160634.JPG,M11\100EK113\01160634.JPG,01160634.JPG,5870475,2025-01-16 19:15:02,moved
CT14,M11/100EK113,01160635.JPG,M11\100EK113\01160635.JPG,01160635.JPG,5876921,2025-01-16 19:15:02,moved
CT14,M11/100EK113,01160637.JPG,M11\100EK113\01160637.JPG,01160637.JPG,5916628,2025-01-16 19:16:03,moved
CT14,M11/100EK113,01160638.JPG,M11\100EK113\01160638.JPG,01160638.JPG,5914398,2025-01-16 19:16:02,moved
CT14,M11/100EK113,01160639.JPG,M11\100EK113\01160639.JPG,01160639.JPG,5909339,2025-01-16 19:16:02,moved
CT14,M11/100EK113,01160641.JPG,M11\100EK113\01160641.JPG,01160641.JPG,5919488,2025-01-16 19:17:02,moved
CT14,M11/100EK113,01160642.JPG,M11\100EK113\01160642.JPG,01160642.JPG,5814765,2025-01-16 19:17:02,moved
CT14,M11/100EK113,01160643.JPG,M11\100EK113\01160643.JPG,01160643.JPG,5843853,2025-01-16 19:17:02,moved
CT14,M11/100EK113,01160645.JPG,M11\100EK113\01160645.JPG,01160645.JPG,5824991,2025-01-16 19:18:02,moved
CT14,M11/100EK113,01160646.JPG,M11\100EK113\01160646.JPG,01160646.JPG,5853966,2025-01-16 19:18:02,moved
CT14,M11/100EK113,01160647.JPG,M11\100EK113\01160647.JPG,01160647.JPG,5817921,2025-01-16 19:18:02,moved
CT14,M11/100EK113,01160649.JPG,M11\100EK113\01160649.JPG,01160649.JPG,6041797,2025-01-16 19:19:03,moved
CT14,M11/100EK113,01160650.JPG,M11\100EK113\01160650.JPG,01160650.JPG,6012957,2025-01-16 19:19:02,moved
CT14,M11/100EK113,01160651.JPG,M11\100EK113\01160651.JPG,01160651.JPG,6014742,2025-01-16 19:19:02,moved
CT14,M11/100EK113,01160653.JPG,M11\100EK113\01160653.JPG,01160653.JPG,5988874,2025-01-16 19:20:02,moved
CT14,M11/100EK113,01160654.JPG,M11\100EK113\01160654.JPG,01160654.JPG,5990719,2025-01-16 19:20:02,moved
CT14,M11/100EK113,01160655.JPG,M11\100EK113\01160655.JPG,01160655.JPG,5999408,2025-01-16 19:20:02,moved
CT14,M11/100EK113,01160657.JPG,M11\100EK113\01160657.JPG,01160657.JPG,5962641,2025-01-16 19:21:03,moved
CT14,M11/100EK113,01160658.JPG,M11\100EK113\01160658.JPG,01160658.JPG,5965066,2025-01-16 19:21:02,moved
CT14,M11/100EK113,01160659.JPG,M11\100EK113\01160659.JPG,01160659.JPG,5964301,2025-01-16 19:21:02,moved
CT14,M11/100EK113,01160661.JPG,M11\100EK113\01160661.JPG,01160661.JPG,5947478,2025-01-16 19:22:02,moved
CT14,M11/100EK113,01160662.JPG,M11\100EK113\01160662.JPG,01160662.JPG,5946518,2025-01-16 19:22:02,moved
CT14,M11/100EK113,01160663.JPG,M11\100EK113\01160663.JPG,01160663.JPG,5962059,2025-01-16 19:22:05,moved
CT14,M11/100EK113,01160665.JPG,M11\100EK113\01160665.JPG,01160665.JPG,5977514,2025-01-16 19:23:02,moved
CT14,M11/100EK113,01160666.JPG,M11\100EK113\01160666.JPG,01160666.JPG,5981099,2025-01-16 19:23:02,moved
CT14,M11/100EK113,01160667.JPG,M11\100EK113\01160667.JPG,01160667.JPG,5990145,2025-01-16 19:23:02,moved
CT14,M11/100EK113,01160669.JPG,M11\100EK113\01160669.JPG,01160669.JPG,5941346,2025-01-16 19:24:02,moved
CT14,M11/100EK113,01160670.JPG,M11\100EK113\01160670.JPG,01160670.JPG,5936001,2025-01-16 19:24:02,moved
CT14,M11/100EK113,01160671.JPG,M11\100EK113\01160671.JPG,01160671.JPG,5947814,2025-01-16 19:24:02,moved
CT14,M11/100EK113,01160673.JPG,M11\100EK113\01160673.JPG,01160673.JPG,5946313,2025-01-16 19:25:03,moved
CT14,M11/100EK113,01160674.JPG,M11\100EK113\01160674.JPG,01160674.JPG,5940376,2025-01-16 19:25:02,moved
CT14,M11/100EK113,01160675.JPG,M11\100EK113\01160675.JPG,01160675.JPG,5931957,2025-01-16 19:25:02,moved
CT14,M11/100EK113,01160677.JPG,M11\100EK113\01160677.JPG,01160677.JPG,5833223,2025-01-16 19:26:02,moved
CT14,M11/100EK113,01160678.JPG,M11\100EK113\01160678.JPG,01160678.JPG,5892276,2025-01-16 19:26:02,moved
CT14,M11/100EK113,01160679.JPG,M11\100EK113\01160679.JPG,01160679.JPG,5854750,2025-01-16 19:26:05,moved
CT14,M11/100EK113,01160681.JPG,M11\100EK113\01160681.JPG,01160681.JPG,6032352,2025-01-16 19:27:03,moved
CT14,M11/100EK113,01160682.JPG,M11\100EK113\01160682.JPG,01160682.JPG,6009507,2025-01-16 19:27:02,moved
CT14,M11/100EK113,01160683.JPG,M11\100EK113\01160683.JPG,01160683.JPG,5996337,2025-01-16 19:27:02,moved
CT14,M11/100EK113,01160685.JPG,M11\100EK113\01160685.JPG,01160685.JPG,6004721,2025-01-16 19:28:00,moved
CT14,M11/100EK113,01160686.JPG,M11\100EK113\01160686.JPG,01160686.JPG,6004937,2025-01-16 19:28:02,moved
CT14,M11/100EK113,01160687.JPG,M11\100EK113\01160687.JPG,01160687.JPG,5996074,2025-01-16 19:28:02,moved
CT14,M11/100EK113,01160689.JPG,M11\100EK113\01160689.JPG,01160689.JPG,5991918,2025-01-16 19:29:02,moved
CT14,M11/100EK113,01160690.JPG,M11\100EK113\01160690.JPG,01160690.JPG,5996861,2025-01-16 19:29:02,moved
CT14,M11/100EK113,01160691.JPG,M11\100EK113\01160691.JPG,01160691.JPG,5981108,2025-01-16 19:29:05,moved
CT14,M11/100EK113,01160693.JPG,M11\100EK113\01160693.JPG,01160693.JPG,5967602,2025-01-16 19:30:03,moved
CT14,M11/100EK113,01160694.JPG,M11\100EK113\01160694.JPG,01160694.JPG,5941874,2025-01-16 19:30:02,moved
CT14,M11/100EK113,01160695.JPG,M11\100EK113\01160695.JPG,01160695.JPG,5928314,2025-01-16 19:30:02,moved
CT14,M11/100EK113,01160697.JPG,M11\100EK113\01160697.JPG,01160697.JPG,5852121,2025-01-16 19:31:03,moved
CT14,M11/100EK113,01160698.JPG,M11\100EK113\01160698.JPG,01160698.JPG,5815051,2025-01-16 19:31:02,moved
CT14,M11/100EK113,01160699.JPG,M11\100EK113\01160699.JPG,01160699.JPG,5807400,2025-01-16 19:31:02,moved
CT14,M11/100EK113,01160701.JPG,M11\100EK113\01160701.JPG,01160701.JPG,5941182,2025-01-16 19:32:02,moved
CT14,M11/100EK113,01160702.JPG,M11\100EK113\01160702.JPG,01160702.JPG,5919408,2025-01-16 19:32:02,moved
CT14,M11/100EK113,01160703.JPG,M11\100EK113\01160703.JPG,01160703.JPG,5919046,2025-01-16 19:32:05,moved
CT14,M11/100EK113,01160705.JPG,M11\100EK113\01160705.JPG,01160705.JPG,5892672,2025-01-16 19:33:02,moved
CT14,M11/100EK113,01160706.JPG,M11\100EK113\01160706.JPG,01160706.JPG,5886572,2025-01-16 19:33:02,moved
CT14,M11/100EK113,01160707.JPG,M11\100EK113\01160707.JPG,01160707.JPG,5719176,2025-01-16 19:33:02,moved
CT14,M11/100EK113,01160709.JPG,M11\100EK113\01160709.JPG,01160709.JPG,5860943,2025-01-16 19:34:02,moved
CT14,M11/100EK113,01160710.JPG,M11\100EK113\01160710.JPG,01160710.JPG,5862528,2025-01-16 19:34:02,moved
CT14,M11/100EK113,01160711.JPG,M11\100EK113\01160711.JPG,01160711.JPG,5865041,2025-01-16 19:34:02,moved
CT14,M11/100EK113,01160713.JPG,M11\100EK113\01160713.JPG,01160713.JPG,5868147,2025-01-16 19:35:02,moved
CT14,M11/100EK113,01160714.JPG,M11\100EK113\01160714.JPG,01160714.JPG,5853278,2025-01-16 19:35:02,moved
CT14,M11/100EK113,01160715.JPG,M11\100EK113\01160715.JPG,01160715.JPG,5854168,2025-01-16 19:35:05,moved
CT14,M11/100EK113,01160717.JPG,M11\100EK113\01160717.JPG,01160717.JPG,5934149,2025-01-16 19:36:00,moved
CT14,M11/100EK113,01160718.JPG,M11\100EK113\01160718.JPG,01160718.JPG,5910757,2025-01-16 19:36:02,moved
CT14,M11/100EK113,01160719.JPG,M11\100EK113\01160719.JPG,01160719.JPG,5912464,2025-01-16 19:36:02,moved
CT14,M11/100EK113,01160721.JPG,M11\100EK113\01160721.JPG,01160721.JPG,5910252,2025-01-16 19:37:02,moved
CT14,M11/100EK113,01160722.JPG,M11\100EK113\01160722.JPG,01160722.JPG,5910600,2025-01-16 19:37:02,moved
CT14,M11/100EK113,01160723.JPG,M11\100EK113\01160723.JPG,01160723.JPG,5908742,2025-01-16 19:37:02,moved
CT14,M11/100EK113,01160725.JPG,M11\100EK113\01160725.JPG,01160725.JPG,5840727,2025-01-16 19:38:02,moved
CT14,M11/100EK113,01160726.JPG,M11\100EK113\01160726.JPG,01160726.JPG,5831317,2025-01-16 19:38:02,moved
CT14,M11/100EK113,01160727.JPG,M11\100EK113\01160727.JPG,01160727.JPG,5911836,2025-01-16 19:38:02,moved
CT14,M11/100EK113,01160729.JPG,M11\100EK113\01160729.JPG,01160729.JPG,5928351,2025-01-16 19:39:02,moved
CT14,M11/100EK113,01160730.JPG,M11\100EK113\01160730.JPG,01160730.JPG,5920678,2025-01-16 19:39:02,moved
CT14,M11/100EK113,01160731.JPG,M11\100EK113\01160731.JPG,01160731.JPG,5931761,2025-01-16 19:39:02,moved
CT14,M11/100EK113,01160733.JPG,M11\100EK113\01160733.JPG,01160733.JPG,5873427,2025-01-16 19:40:03,moved
CT14,M11/100EK113,01160734.JPG,M11\100EK113\01160734.JPG,01160734.JPG,5866846,2025-01-16 19:40:02,moved
CT14,M11/100EK113,01160735.JPG,M11\100EK113\01160735.JPG,01160735.JPG,5862240,2025-01-16 19:40:02,moved
CT14,M11/100EK113,01160737.JPG,M11\100EK113\01160737.JPG,01160737.JPG,5933972,2025-01-16 19:41:02,moved
CT14,M11/100EK113,01160738.JPG,M11\100EK113\01160738.JPG,01160738.JPG,5925622,2025-01-16 19:41:02,moved
CT14,M11/100EK113,01160739.JPG,M11\100EK113\01160739.JPG,01160739.JPG,5925210,2025-01-16 19:41:05,moved
CT14,M11/100EK113,01160741.JPG,M11\100EK113\01160741.JPG,01160741.JPG,5919514,2025-01-16 19:42:03,moved
CT14,M11/100EK113,01160742.JPG,M11\100EK113\01160742.JPG,01160742.JPG,5941554,2025-01-16 19:42:02,moved
CT14,M11/100EK113,01160743.JPG,M11\100EK113\01160743.JPG,01160743.JPG,5919723,2025-01-16 19:42:02,moved
CT14,M11/100EK113,01160745.JPG,M11\100EK113\01160745.JPG,01160745.JPG,5844312,2025-01-16 19:43:00,moved
CT14,M11/100EK113,01160746.JPG,M11\100EK113\01160746.JPG,01160746.JPG,5850234,2025-01-16 19:43:02,moved
CT14,M11/100EK113,01160747.JPG,M11\100EK113\01160747.JPG,01160747.JPG,5782106,2025-01-16 19:43:02,moved
CT14,M11/100EK113,01160749.JPG,M11\100EK113\01160749.JPG,01160749.JPG,5864451,2025-01-16 19:44:03,moved
CT14,M11/100EK113,01160750.JPG,M11\100EK113\01160750.JPG,01160750.JPG,5929524,2025-01-16 19:44:02,moved
CT14,M11/100EK113,01160751.JPG,M11\100EK113\01160751.JPG,01160751.JPG,5862236,2025-01-16 19:44:02,moved
CT14,M11/100EK113,01160753.JPG,M11\100EK113\01160753.JPG,01160753.JPG,5971790,2025-01-16 19:45:02,moved
CT14,M11/100EK113,01160754.JPG,M11\100EK113\01160754.JPG,01160754.JPG,5977168,2025-01-16 19:45:02,moved
CT14,M11/100EK113,01160755.JPG,M11\100EK113\01160755.JPG,01160755.JPG,5970012,2025-01-16 19:45:02,moved
CT14,M11/100EK113,01160757.JPG,M11\100EK113\01160757.JPG,01160757.JPG,5866648,2025-01-16 19:46:03,moved
CT14,M11/100EK113,01160758.JPG,M11\100EK113\01160758.JPG,01160758.JPG,5875505,2025-01-16 19:46:02,moved
CT14,M11/100EK113,01160759.JPG,M11\100EK113\01160759.JPG,01160759.JPG,5928913,2025-01-16 19:46:02,moved
CT14,M11/100EK113,01160761.JPG,M11\100EK113\01160761.JPG,01160761.JPG,5872837,2025-01-16 19:47:03,moved
CT14,M11/100EK113,01160762.JPG,M11\100EK113\01160762.JPG,01160762.JPG,5755638,2025-01-16 19:47:02,moved
CT14,M11/100EK113,01160763.JPG,M11\100EK113\01160763.JPG,01160763.JPG,5877154,2025-01-16 19:47:02,moved
CT14,M11/100EK113,01160765.JPG,M11\100EK113\01160765.JPG,01160765.JPG,5866868,2025-01-16 19:48:02,moved
CT14,M11/100EK113,01160766.JPG,M11\100EK113\01160766.JPG,01160766.JPG,5856884,2025-01-16 19:48:02,moved
CT14,M11/100EK113,01160767.JPG,M11\100EK113\01160767.JPG,01160767.JPG,5863737,2025-01-16 19:48:05,moved
CT14,M11/100EK113,01160769.JPG,M11\100EK113\01160769.JPG,01160769.JPG,5872456,2025-01-16 19:49:03,moved
CT14,M11/100EK113,01160770.JPG,M11\100EK113\01160770.JPG,01160770.JPG,5855686,2025-01-16 19:49:02,moved
CT14,M11/100EK113,01160771.JPG,M11\100EK113\01160771.JPG,01160771.JPG,5852285,2025-01-16 19:49:02,moved
CT14,M11/100EK113,01160773.JPG,M11\100EK113\01160773.JPG,01160773.JPG,5774168,2025-01-16 19:50:00,moved
CT14,M11/100EK113,01160774.JPG,M11\100EK113\01160774.JPG,01160774.JPG,6185061,2025-01-16 19:50:02,moved
CT14,M11/100EK113,01160775.JPG,M11\100EK113\01160775.JPG,01160775.JPG,6101248,2025-01-16 19:50:02,moved
CT14,M11/100EK113,01160777.JPG,M11\100EK113\01160777.JPG,01160777.JPG,5910527,2025-01-16 19:51:02,moved
CT14,M11/100EK113,01160778.JPG,M11\100EK113\01160778.JPG,01160778.JPG,5767192,2025-01-16 19:51:02,moved
CT14,M11/100EK113,01160779.JPG,M11\100EK113\01160779.JPG,01160779.JPG,5882811,2025-01-16 19:51:02,moved
CT14,M11/100EK113,01160781.JPG,M11\100EK113\01160781.JPG,01160781.JPG,5789809,2025-01-16 19:52:02,moved
CT14,M11/100EK113,01160782.JPG,M11\100EK113\01160782.JPG,01160782.JPG,5892904,2025-01-16 19:52:02,moved
CT14,M11/100EK113,01160783.JPG,M11\100EK113\01160783.JPG,01160783.JPG,5771099,2025-01-16 19:52:05,moved
CT14,M11/100EK113,01160785.JPG,M11\100EK113\01160785.JPG,01160785.JPG,6266029,2025-01-16 19:53:02,moved
CT14,M11/100EK113,01160786.JPG,M11\100EK113\01160786.JPG,01160786.JPG,5773099,2025-01-16 19:53:02,moved
CT14,M11/100EK113,01160787.JPG,M11\100EK113\01160787.JPG,01160787.JPG,5762569,2025-01-16 19:53:05,moved
CT14,M11/100EK113,01160789.JPG,M11\100EK113\01160789.JPG,01160789.JPG,5773879,2025-01-16 19:54:00,moved
CT14,M11/100EK113,01160790.JPG,M11\100EK113\01160790.JPG,01160790.JPG,5773018,2025-01-16 19:54:02,moved
CT14,M11/100EK113,01160791.JPG,M11\100EK113\01160791.JPG,01160791.JPG,5770402,2025-01-16 19:54:02,moved
CT14,M11/100EK113,01160793.JPG,M11\100EK113\01160793.JPG,01160793.JPG,6100493,2025-01-16 19:55:02,moved
CT14,M11/100EK113,01160794.JPG,M11\100EK113\01160794.JPG,01160794.JPG,5972479,2025-01-16 19:55:02,moved
CT14,M11/100EK113,01160795.JPG,M11\100EK113\01160795.JPG,01160795.JPG,6107979,2025-01-16 19:55:02,moved
CT14,M11/100EK113,01160797.JPG,M11\100EK113\01160797.JPG,01160797.JPG,5132000,2025-01-16 19:56:03,moved
CT14,M11/100EK113,01160798.JPG,M11\100EK113\01160798.JPG,01160798.JPG,5126292,2025-01-16 19:56:02,moved
CT14,M11/100EK113,01160799.JPG,M11\100EK113\01160799.JPG,01160799.JPG,5115605,2025-01-16 19:56:02,moved
CT14,M11/100EK113,01160801.JPG,M11\100EK113\01160801.JPG,01160801.JPG,5151777,2025-01-16 19:57:02,moved
CT14,M11/100EK113,01160802.JPG,M11\100EK113\01160802.JPG,01160802.JPG,5153329,2025-01-16 19:57:02,moved
CT14,M11/100EK113,01160803.JPG,M11\100EK113\01160803.JPG,01160803.JPG,5153038,2025-01-16 19:57:04,moved
CT14,M11/100EK113,01160805.JPG,M11\100EK113\01160805.JPG,01160805.JPG,5165452,2025-01-16 19:58:02,moved
CT14,M11/100EK113,01160806.JPG,M11\100EK113\01160806.JPG,01160806.JPG,5167118,2025-01-16 19:58:02,moved
CT14,M11/100EK113,01160807.JPG,M11\100EK113\01160807.JPG,01160807.JPG,5166955,2025-01-16 19:58:05,moved
CT14,M11/100EK113,01160809.JPG,M11\100EK113\01160809.JPG,01160809.JPG,5165555,2025-01-16 19:59:03,moved
CT14,M11/100EK113,01160810.JPG,M11\100EK113\01160810.JPG,01160810.JPG,5165821,2025-01-16 19:59:02,moved
CT14,M11/100EK113,01160811.JPG,M11\100EK113\01160811.JPG,01160811.JPG,5169510,2025-01-16 19:59:02,moved
CT14,M11/100EK113,01160813.JPG,M11\100EK113\01160813.JPG,01160813.JPG,5143973,2025-01-16 20:00:02,moved
CT14,M11/100EK113,01160814.JPG,M11\100EK113\01160814.JPG,01160814.JPG,5142979,2025-01-16 20:00:02,moved
CT14,M11/100EK113,01160815.JPG,M11\100EK113\01160815.JPG,01160815.JPG,5144564,2025-01-16 20:00:04,moved
CT14,M11/100EK113,01160817.JPG,M11\100EK113\01160817.JPG,01160817.JPG,5123194,2025-01-16 20:01:02,moved
CT14,M11/100EK113,01160818.JPG,M11\100EK113\01160818.JPG,01160818.JPG,5115772,2025-01-16 20:01:02,moved
CT14,M11/100EK113,01160819.JPG,M11\100EK113\01160819.JPG,01160819.JPG,5106979,2025-01-16 20:01:04,moved
CT14,M11/100EK113,01160821.JPG,M11\100EK113\01160821.JPG,01160821.JPG,5105357,2025-01-16 20:02:02,moved
CT14,M11/100EK113,01160822.JPG,M11\100EK113\01160822.JPG,01160822.JPG,5126984,2025-01-16 20:02:02,moved
CT14,M11/100EK113,01160823.JPG,M11\100EK113\01160823.JPG,01160823.JPG,5122411,2025-01-16 20:02:04,moved
CT14,M11/100EK113,01160825.JPG,M11\100EK113\01160825.JPG,01160825.JPG,5160965,2025-01-16 20:03:02,moved
CT14,M11/100EK113,01160826.JPG,M11\100EK113\01160826.JPG,01160826.JPG,5164769,2025-01-16 20:03:02,moved
CT14,M11/100EK113,01160827.JPG,M11\100EK113\01160827.JPG,01160827.JPG,5166577,2025-01-16 20:03:04,moved
CT14,M11/100EK113,01160829.JPG,M11\100EK113\01160829.JPG,01160829.JPG,5738828,2025-01-16 20:04:03,moved
CT14,M11/100EK113,01160830.JPG,M11\100EK113\01160830.JPG,01160830.JPG,5992822,2025-01-16 20:04:02,moved
CT14,M11/100EK113,01160831.JPG,M11\100EK113\01160831.JPG,01160831.JPG,5999369,2025-01-16 20:04:02,moved
CT14,M11/100EK113,01160833.JPG,M11\100EK113\01160833.JPG,01160833.JPG,5883631,2025-01-16 20:05:03,moved
CT14,M11/100EK113,01160834.JPG,M11\100EK113\01160834.JPG,01160834.JPG,6022306,2025-01-16 20:05:02,moved
CT14,M11/100EK113,01160835.JPG,M11\100EK113\01160835.JPG,01160835.JPG,6024121,2025-01-16 20:05:02,moved
CT14,M11/100EK113,01160837.JPG,M11\100EK113\01160837.JPG,01160837.JPG,6117679,2025-01-16 20:06:03,moved
CT14,M11/100EK113,01160838.JPG,M11\100EK113\01160838.JPG,01160838.JPG,6102568,2025-01-16 20:06:02,moved
CT14,M11/100EK113,01160839.JPG,M11\100EK113\01160839.JPG,01160839.JPG,6241637,2025-01-16 20:06:02,moved
CT14,M11/100EK113,01160841.JPG,M11\100EK113\01160841.JPG,01160841.JPG,5854086,2025-01-16 20:07:00,moved
CT14,M11/100EK113,01160842.JPG,M11\100EK113\01160842.JPG,01160842.JPG,6232477,2025-01-16 20:07:02,moved
CT14,M11/100EK113,01160843.JPG,M11\100EK113\01160843.JPG,01160843.JPG,6232460,2025-01-16 20:07:02,moved
CT14,M11/100EK113,01160845.JPG,M11\100EK113\01160845.JPG,01160845.JPG,6092361,2025-01-16 20:08:02,moved
CT14,M11/100EK113,01160846.JPG,M11\100EK113\01160846.JPG,01160846.JPG,6092775,2025-01-16 20:08:02,moved
CT14,M11/100EK113,01160847.JPG,M11\100EK113\01160847.JPG,01160847.JPG,6097990,2025-01-16 20:08:05,moved
CT14,M11/100EK113,01160849.JPG,M11\100EK113\01160849.JPG,01160849.JPG,6149611,2025-01-16 20:09:02,moved
CT14,M11/100EK113,01160850.JPG,M11\100EK113\01160850.JPG,01160850.JPG,6078896,2025-01-16 20:09:02,moved
CT14,M11/100EK113,01160851.JPG,M11\100EK113\01160851.JPG,01160851.JPG,6078161,2025-01-16 20:09:05,moved
CT14,M11/100EK113,01160853.JPG,M11\100EK113\01160853.JPG,01160853.JPG,6139385,2025-01-16 20:10:02,moved
CT14,M11/100EK113,01160854.JPG,M11\100EK113\01160854.JPG,01160854.JPG,6076093,2025-01-16 20:10:02,moved
CT14,M11/100EK113,01160855.JPG,M11\100EK113\01160855.JPG,01160855.JPG,6139259,2025-01-16 20:10:02,moved
CT14,M11/100EK113,01160857.JPG,M11\100EK113\01160857.JPG,01160857.JPG,6130927,2025-01-16 20:11:02,moved
CT14,M11/100EK113,01160858.JPG,M11\100EK113\01160858.JPG,01160858.JPG,6254117,2025-01-16 20:11:02,moved
CT14,M11/100EK113,01160859.JPG,M11\100EK113\01160859.JPG,01160859.JPG,6195098,2025-01-16 20:11:02,moved
CT14,M11/100EK113,01160861.JPG,M11\100EK113\01160861.JPG,01160861.JPG,6103080,2025-01-16 20:12:03,moved
CT14,M11/100EK113,01160862.JPG,M11\100EK113\01160862.JPG,01160862.JPG,6114529,2025-01-16 20:12:02,moved
CT14,M11/100EK113,01160863.JPG,M11\100EK113\01160863.JPG,01160863.JPG,6098972,2025-01-16 20:12:02,moved
CT14,M11/100EK113,01160865.JPG,M11\100EK113\01160865.JPG,01160865.JPG,6099388,2025-01-16 20:13:00,moved
CT14,M11/100EK113,01160866.JPG,M11\100EK113\01160866.JPG,01160866.JPG,6097478,2025-01-16 20:13:02,moved
CT14,M11/100EK113,01160867.JPG,M11\100EK113\01160867.JPG,01160867.JPG,6015831,2025-01-16 20:13:02,moved
CT14,M11/100EK113,01160869.JPG,M11\100EK113\01160869.JPG,01160869.JPG,6124936,2025-01-16 20:14:02,moved
CT14,M11/100EK113,01160870.JPG,M11\100EK113\01160870.JPG,01160870.JPG,6254143,2025-01-16 20:14:02,moved
CT14,M11/100EK113,01160871.JPG,M11\100EK113\01160871.JPG,01160871.JPG,6243418,2025-01-16 20:14:05,moved
CT14,M11/100EK113,01160873.JPG,M11\100EK113\01160873.JPG,01160873.JPG,6088315,2025-01-16 20:15:02,moved
CT14,M11/100EK113,01160874.JPG,M11\100EK113\01160874.JPG,01160874.JPG,6108983,2025-01-16 20:15:02,moved
CT14,M11/100EK113,01160875.JPG,M11\100EK113\01160875.JPG,01160875.JPG,6087139,2025-01-16 20:15:02,moved
CT14,M11/100EK113,01160877.JPG,M11\100EK113\01160877.JPG,01160877.JPG,6099590,2025-01-16 20:16:03,moved
CT14,M11/100EK113,01160878.JPG,M11\100EK113\01160878.JPG,01160878.JPG,6122263,2025-01-16 20:16:02,moved
CT14,M11/100EK113,01160879.JPG,M11\100EK113\01160879.JPG,01160879.JPG,5986616,2025-01-16 20:16:02,moved
CT14,M11/100EK113,01160881.JPG,M11\100EK113\01160881.JPG,01160881.JPG,6191658,2025-01-16 20:17:00,moved
CT14,M11/100EK113,01160882.JPG,M11\100EK113\01160882.JPG,01160882.JPG,6135095,2025-01-16 20:17:02,moved
CT14,M11/100EK113,01160883.JPG,M11\100EK113\01160883.JPG,01160883.JPG,6129039,2025-01-16 20:17:02,moved
CT14,M11/100EK113,01160885.JPG,M11\100EK113\01160885.JPG,01160885.JPG,5934754,2025-01-16 20:18:02,moved
CT14,M11/100EK113,01160886.JPG,M11\100EK113\01160886.JPG,01160886.JPG,5934413,2025-01-16 20:18:02,moved
CT14,M11/100EK113,01160887.JPG,M11\100EK113\01160887.JPG,01160887.JPG,5931164,2025-01-16 20:18:02,moved
CT14,M11/100EK113,01160889.JPG,M11\100EK113\01160889.JPG,01160889.JPG,5847271,2025-01-16 20:19:02,moved
CT14,M11/100EK113,01160890.JPG,M11\100EK113\01160890.JPG,01160890.JPG,5779363,2025-01-16 20:19:02,moved
CT14,M11/100EK113,01160891.JPG,M11\100EK113\01160891.JPG,01160891.JPG,5843289,2025-01-16 20:19:02,moved
CT14,M11/100EK113,01160893.JPG,M11\100EK113\01160893.JPG,01160893.JPG,5102384,2025-01-16 20:20:02,moved
CT14,M11/100EK113,01160894.JPG,M11\100EK113\01160894.JPG,01160894.JPG,5101794,2025-01-16 20:20:02,moved
CT14,M11/100EK113,01160895.JPG,M11\100EK113\01160895.JPG,01160895.JPG,5101997,2025-01-16 20:20:04,moved
CT14,M11/100EK113,01160897.JPG,M11\100EK113\01160897.JPG,01160897.JPG,5098539,2025-01-16 20:21:02,moved
CT14,M11/100EK113,01160898.JPG,M11\100EK113\01160898.JPG,01160898.JPG,5102873,2025-01-16 20:21:02,moved
CT14,M11/100EK113,01160899.JPG,M11\100EK113\01160899.JPG,01160899.JPG,5105365,2025-01-16 20:21:05,moved
CT14,M11/100EK113,01160901.JPG,M11\100EK113\01160901.JPG,01160901.JPG,5116877,2025-01-16 20:22:03,moved
CT14,M11/100EK113,01160902.JPG,M11\100EK113\01160902.JPG,01160902.JPG,5119233,2025-01-16 20:22:02,moved
CT14,M11/100EK113,01160903.JPG,M11\100EK113\01160903.JPG,01160903.JPG,5119378,2025-01-16 20:22:05,moved
CT14,M11/100EK113,01160905.JPG,M11\100EK113\01160905.JPG,01160905.JPG,5133992,2025-01-16 20:23:02,moved
CT14,M11/100EK113,01160906.JPG,M11\100EK113\01160906.JPG,01160906.JPG,5135240,2025-01-16 20:23:02,moved
CT14,M11/100EK113,01160907.JPG,M11\100EK113\01160907.JPG,01160907.JPG,5133139,2025-01-16 20:23:04,moved
CT14,M11/100EK113,01160909.JPG,M11\100EK113\01160909.JPG,01160909.JPG,5162524,2025-01-16 20:24:02,moved
CT14,M11/100EK113,01160910.JPG,M11\100EK113\01160910.JPG,01160910.JPG,5165096,2025-01-16 20:24:02,moved
CT14,M11/100EK113,01160911.JPG,M11\100EK113\01160911.JPG,01160911.JPG,5163982,2025-01-16 20:24:04,moved
CT14,M11/100EK113,01160913.JPG,M11\100EK113\01160913.JPG,01160913.JPG,5157001,2025-01-16 20:25:02,moved
CT14,M11/100EK113,01160914.JPG,M11\100EK113\01160914.JPG,01160914.JPG,5159102,2025-01-16 20:25:02,moved
CT14,M11/100EK113,01160915.JPG,M11\100EK113\01160915.JPG,01160915.JPG,5157958,2025-01-16 20:25:04,moved
CT14,M11/100EK113,01160917.JPG,M11\100EK113\01160917.JPG,01160917.JPG,5172363,2025-01-16 20:26:02,moved
CT14,M11/100EK113,01160918.JPG,M11\100EK113\01160918.JPG,01160918.JPG,5147331,2025-01-16 20:26:02,moved
CT14,M11/100EK113,01160919.JPG,M11\100EK113\01160919.JPG,01160919.JPG,5149217,2025-01-16 20:26:04,moved
CT14,M11/100EK113,01160921.JPG,M11\100EK113\01160921.JPG,01160921.JPG,5151065,2025-01-16 20:27:02,moved
CT14,M11/100EK113,01160922.JPG,M11\100EK113\01160922.JPG,01160922.JPG,5149998,2025-01-16 20:27:02,moved
CT14,M11/100EK113,01160923.JPG,M11\100EK113\01160923.JPG,01160923.JPG,5150053,2025-01-16 20:27:05,moved
CT14,M11/100EK113,01160925.JPG,M11\100EK113\01160925.JPG,01160925.JPG,5136283,2025-01-16 20:28:02,moved
CT14,M11/100EK113,01160926.JPG,M11\100EK113\01160926.JPG,01160926.JPG,5138552,2025-01-16 20:28:02,moved
CT14,M11/100EK113,01160927.JPG,M11\100EK113\01160927.JPG,01160927.JPG,5138942,2025-01-16 20:28:05,moved
CT14,M11/100EK113,01160929.JPG,M11\100EK113\01160929.JPG,01160929.JPG,5124201,2025-01-16 20:29:02,moved
CT14,M11/100EK113,01160930.JPG,M11\100EK113\01160930.JPG,01160930.JPG,5125393,2025-01-16 20:29:02,moved
CT14,M11/100EK113,01160931.JPG,M11\100EK113\01160931.JPG,01160931.JPG,5125384,2025-01-16 20:29:05,moved
CT14,M11/100EK113,01160933.JPG,M11\100EK113\01160933.JPG,01160933.JPG,5142413,2025-01-16 20:30:02,moved
CT14,M11/100EK113,01160934.JPG,M11\100EK113\01160934.JPG,01160934.JPG,5151125,2025-01-16 20:30:02,moved
CT14,M11/100EK113,01160935.JPG,M11\100EK113\01160935.JPG,01160935.JPG,5160010,2025-01-16 20:30:05,moved
CT14,M11/100EK113,01160937.JPG,M11\100EK113\01160937.JPG,01160937.JPG,5837754,2025-01-16 20:31:02,moved
CT14,M11/100EK113,01160938.JPG,M11\100EK113\01160938.JPG,01160938.JPG,5889560,2025-01-16 20:31:02,moved
CT14,M11/100EK113,01160939.JPG,M11\100EK113\01160939.JPG,01160939.JPG,5887394,2025-01-16 20:31:02,moved
CT14,M11/100EK113,01160941.JPG,M11\100EK113\01160941.JPG,01160941.JPG,6214369,2025-01-16 20:32:02,moved
CT14,M11/100EK113,01160942.JPG,M11\100EK113\01160942.JPG,01160942.JPG,6227280,2025-01-16 20:32:02,moved
CT14,M11/100EK113,01160943.JPG,M11\100EK113\01160943.JPG,01160943.JPG,6212938,2025-01-16 20:32:02,moved
CT14,M11/100EK113,01160945.JPG,M11\100EK113\01160945.JPG,01160945.JPG,6256413,2025-01-16 20:33:02,moved
CT14,M11/100EK113,01160946.JPG,M11\100EK113\01160946.JPG,01160946.JPG,6240590,2025-01-16 20:33:02,moved
CT14,M11/100EK113,01160947.JPG,M11\100EK113\01160947.JPG,01160947.JPG,6243949,2025-01-16 20:33:02,moved
CT14,M11/100EK113,01160949.JPG,M11\100EK113\01160949.JPG,01160949.JPG,6205572,2025-01-16 20:34:02,moved
CT14,M11/100EK113,01160950.JPG,M11\100EK113\01160950.JPG,01160950.JPG,6203595,2025-01-16 20:34:02,moved
CT14,M11/100EK113,01160951.JPG,M11\100EK113\01160951.JPG,01160951.JPG,6088414,2025-01-16 20:34:02,moved
CT14,M11/100EK113,01160953.JPG,M11\100EK113\01160953.JPG,01160953.JPG,6239235,2025-01-16 20:35:02,moved
CT14,M11/100EK113,01160954.JPG,M11\100EK113\01160954.JPG,01160954.JPG,6226201,2025-01-16 20:35:02,moved
CT14,M11/100EK113,01160955.JPG,M11\100EK113\01160955.JPG,01160955.JPG,6237119,2025-01-16 20:35:02,moved
CT14,M11/100EK113,01160957.JPG,M11\100EK113\01160957.JPG,01160957.JPG,6128247,2025-01-16 20:36:02,moved
CT14,M11/100EK113,01160958.JPG,M11\100EK113\01160958.JPG,01160958.JPG,6102692,2025-01-16 20:36:02,moved
CT14,M11/100EK113,01160959.JPG,M11\100EK113\01160959.JPG,01160959.JPG,6118516,2025-01-16 20:36:02,moved
CT14,M11/100EK113,01160961.JPG,M11\100EK113\01160961.JPG,01160961.JPG,6203305,2025-01-16 20:37:03,moved
CT14,M11/100EK113,01160962.JPG,M11\100EK113\01160962.JPG,01160962.JPG,6082758,2025-01-16 20:37:02,moved
CT14,M11/100EK113,01160963.JPG,M11\100EK113\01160963.JPG,01160963.JPG,6077667,2025-01-16 20:37:02,moved
CT14,M11/100EK113,01160965.JPG,M11\100EK113\01160965.JPG,01160965.JPG,6173190,2025-01-16 20:38:03,moved
CT14,M11/100EK113,01160966.JPG,M11\100EK113\01160966.JPG,01160966.JPG,6170143,2025-01-16 20:38:02,moved
CT14,M11/100EK113,01160967.JPG,M11\100EK113\01160967.JPG,01160967.JPG,6197703,2025-01-16 20:38:02,moved
CT14,M11/100EK113,01160969.JPG,M11\100EK113\01160969.JPG,01160969.JPG,5889804,2025-01-16 20:39:00,moved
CT14,M11/100EK113,01160970.JPG,M11\100EK113\01160970.JPG,01160970.JPG,5862380,2025-01-16 20:39:02,moved
CT14,M11/100EK113,01160971.JPG,M11\100EK113\01160971.JPG,01160971.JPG,5878165,2025-01-16 20:39:02,moved
CT14,M11/100EK113,01160973.JPG,M11\100EK113\01160973.JPG,01160973.JPG,5826836,2025-01-16 20:40:00,moved
CT14,M11/100EK113,01160974.JPG,M11\100EK113\01160974.JPG,01160974.JPG,5826900,2025-01-16 20:40:02,moved
CT14,M11/100EK113,01160975.JPG,M11\100EK113\01160975.JPG,01160975.JPG,5825419,2025-01-16 20:40:02,moved
CT14,M11/100EK113,01160977.JPG,M11\100EK113\01160977.JPG,01160977.JPG,6010656,2025-01-16 20:41:02,moved
CT14,M11/100EK113,01160978.JPG,M11\100EK113\01160978.JPG,01160978.JPG,6031700,2025-01-16 20:41:02,moved
CT14,M11/100EK113,01160979.JPG,M11\100EK113\01160979.JPG,01160979.JPG,6133378,2025-01-16 20:41:05,moved
CT14,M11/100EK113,01160981.JPG,M11\100EK113\01160981.JPG,01160981.JPG,5043787,2025-01-16 20:42:02,moved
CT14,M11/100EK113,01160982.JPG,M11\100EK113\01160982.JPG,01160982.JPG,5016851,2025-01-16 20:42:02,moved
CT14,M11/100EK113,01160983.JPG,M11\100EK113\01160983.JPG,01160983.JPG,5017920,2025-01-16 20:42:04,moved
CT14,M11/100EK113,01160985.JPG,M11\100EK113\01160985.JPG,01160985.JPG,5105558,2025-01-16 20:43:02,moved
CT14,M11/100EK113,01160986.JPG,M11\100EK113\01160986.JPG,01160986.JPG,5110231,2025-01-16 20:43:02,moved
CT14,M11/100EK113,01160987.JPG,M11\100EK113\01160987.JPG,01160987.JPG,5105272,2025-01-16 20:43:02,moved
CT14,M11/100EK113,01160989.JPG,M11\100EK113\01160989.JPG,01160989.JPG,5110321,2025-01-16 20:44:03,moved
CT14,M11/100EK113,01160990.JPG,M11\100EK113\01160990.JPG,01160990.JPG,5112001,2025-01-16 20:44:02,moved
CT14,M11/100EK113,01160991.JPG,M11\100EK113\01160991.JPG,01160991.JPG,5105784,2025-01-16 20:44:02,moved
CT14,M11/100EK113,01160993.JPG,M11\100EK113\01160993.JPG,01160993.JPG,5113929,2025-01-16 20:45:03,moved
CT14,M11/100EK113,01160994.JPG,M11\100EK113\01160994.JPG,01160994.JPG,5115306,2025-01-16 20:45:02,moved
CT14,M11/100EK113,01160995.JPG,M11\100EK113\01160995.JPG,01160995.JPG,5115665,2025-01-16 20:45:02,moved
CT14,M11/100EK113,01160997.JPG,M11\100EK113\01160997.JPG,01160997.JPG,5106597,2025-01-16 20:46:02,moved
CT14,M11/100EK113,01160998.JPG,M11\100EK113\01160998.JPG,01160998.JPG,5103618,2025-01-16 20:46:02,moved
CT14,M11/100EK113,01160999.JPG,M11\100EK113\01160999.JPG,01160999.JPG,5105440,2025-01-16 20:46:04,moved
CT14,M11/101EK113,01160002.JPG,M11\101EK113\01160002.JPG,101EK113_01160002.JPG,5078097,2025-01-16 20:47:02,renamed
CT14,M11/101EK113,01160003.JPG,M11\101EK113\01160003.JPG,101EK113_01160003.JPG,5079321,2025-01-16 20:47:02,renamed
CT14,M11/101EK113,01160004.JPG,M11\101EK113\01160004.JPG,01160004.JPG,5081808,2025-01-16 20:47:04,moved
CT14,M11/101EK113,01160006.JPG,M11\101EK113\01160006.JPG,101EK113_01160006.JPG,5073177,2025-01-16 20:48:02,renamed
CT14,M11/101EK113,01160007.JPG,M11\101EK113\01160007.JPG,101EK113_01160007.JPG,5074119,2025-01-16 20:48:02,renamed
CT14,M11/101EK113,01160008.JPG,M11\101EK113\01160008.JPG,01160008.JPG,5073878,2025-01-16 20:48:04,moved
CT14,M11/101EK113,01160010.JPG,M11\101EK113\01160010.JPG,101EK113_01160010.JPG,5087586,2025-01-16 20:49:02,renamed
CT14,M11/101EK113,01160011.JPG,M11\101EK113\01160011.JPG,101EK113_01160011.JPG,5086510,2025-01-16 20:49:02,renamed
CT14,M11/101EK113,01160012.JPG,M11\101EK113\01160012.JPG,01160012.JPG,5086401,2025-01-16 20:49:04,moved
CT14,M11/101EK113,01160014.JPG,M11\101EK113\01160014.JPG,101EK113_01160014.JPG,5125563,2025-01-16 20:50:02,renamed
CT14,M11/101EK113,01160015.JPG,M11\101EK113\01160015.JPG,101EK113_01160015.JPG,5124797,2025-01-16 20:50:02,renamed
CT14,M11/101EK113,01160016.JPG,M11\101EK113\01160016.JPG,01160016.JPG,5123016,2025-01-16 20:50:04,moved
CT14,M11/101EK113,01160018.JPG,M11\101EK113\01160018.JPG,101EK113_01160018.JPG,5135241,2025-01-16 20:51:02,renamed
CT14,M11/101EK113,01160019.JPG,M11\101EK113\01160019.JPG,101EK113_01160019.JPG,5138451,2025-01-16 20:51:02,renamed
CT14,M11/101EK113,01160020.JPG,M11\101EK113\01160020.JPG,01160020.JPG,5113949,2025-01-16 20:51:05,moved
CT14,M11/101EK113,01160022.JPG,M11\101EK113\01160022.JPG,101EK113_01160022.JPG,5124322,2025-01-16 20:52:02,renamed
CT14,M11/101EK113,01160023.JPG,M11\101EK113\01160023.JPG,101EK113_01160023.JPG,5126231,2025-01-16 20:52:02,renamed
CT14,M11/101EK113,01160024.JPG,M11\101EK113\01160024.JPG,01160024.JPG,5125295,2025-01-16 20:52:05,moved
CT14,M11/101EK113,01160026.JPG,M11\101EK113\01160026.JPG,101EK113_01160026.JPG,5133995,2025-01-16 20:53:02,renamed
CT14,M11/101EK113,01160027.JPG,M11\101EK113\01160027.JPG,101EK113_01160027.JPG,5131932,2025-01-16 20:53:02,renamed
CT14,M11/101EK113,01160028.JPG,M11\101EK113\01160028.JPG,01160028.JPG,5130475,2025-01-16 20:53:04,moved
CT14,M11/101EK113,01160030.JPG,M11\101EK113\01160030.JPG,101EK113_01160030.JPG,5120176,2025-01-16 20:54:02,renamed
CT14,M11/101EK113,01160031.JPG,M11\101EK113\01160031.JPG,101EK113_01160031.JPG,5122386,2025-01-16 20:54:02,renamed
CT14,M11/101EK113,01160032.JPG,M11\101EK113\01160032.JPG,01160032.JPG,5122282,2025-01-16 20:54:04,moved
CT14,M11/101EK113,01160034.JPG,M11\101EK113\01160034.JPG,101EK113_01160034.JPG,5122334,2025-01-16 20:55:02,renamed
CT14,M11/101EK113,01160035.JPG,M11\101EK113\01160035.JPG,101EK113_01160035.JPG,5127936,2025-01-16 20:55:02,renamed
CT14,M11/101EK113,01160036.JPG,M11\101EK113\01160036.JPG,01160036.JPG,5124832,2025-01-16 20:55:04,moved
CT14,M11/101EK113,01160038.JPG,M11\101EK113\01160038.JPG,101EK113_01160038.JPG,5103892,2025-01-16 20:56:02,renamed
CT14,M11/101EK113,01160039.JPG,M11\101EK113\01160039.JPG,101EK113_01160039.JPG,5103472,2025-01-16 20:56:02,renamed
CT14,M11/101EK113,01160040.JPG,M11\101EK113\01160040.JPG,01160040.JPG,5103229,2025-01-16 20:56:04,moved
CT14,M11/101EK113,01160042.JPG,M11\101EK113\01160042.JPG,101EK113_01160042.JPG,5109485,2025-01-16 20:57:00,renamed
CT14,M11/101EK113,01160043.JPG,M11\101EK113\01160043.JPG,101EK113_01160043.JPG,5109377,2025-01-16 20:57:02,renamed
CT14,M11/101EK113,01160044.JPG,M11\101EK113\01160044.JPG,01160044.JPG,5114393,2025-01-16 20:57:02,moved
CT14,M11/101EK113,01160046.JPG,M11\101EK113\01160046.JPG,101EK113_01160046.JPG,5104551,2025-01-16 20:58:03,renamed
CT14,M11/101EK113,01160047.JPG,M11\101EK113\01160047.JPG,101EK113_01160047.JPG,5106669,2025-01-16 20:58:02,renamed
CT14,M11/101EK113,01160048.JPG,M11\101EK113\01160048.JPG,01160048.JPG,5106228,2025-01-16 20:58:02,moved
CT14,M11/101EK113,01160050.JPG,M11\101EK113\01160050.JPG,101EK113_01160050.JPG,5108391,2025-01-16 20:59:02,renamed
CT14,M11/101EK113,01160051.JPG,M11\101EK113\01160051.JPG,101EK113_01160051.JPG,5104829,2025-01-16 20:59:02,renamed
CT14,M11/101EK113,01160052.JPG,M11\101EK113\01160052.JPG,01160052.JPG,5105629,2025-01-16 20:59:02,moved
CT14,M11/101EK113,01160054.JPG,M11\101EK113\01160054.JPG,101EK113_01160054.JPG,5111112,2025-01-16 21:00:02,renamed
CT14,M11/101EK113,01160055.JPG,M11\101EK113\01160055.JPG,101EK113_01160055.JPG,5090427,2025-01-16 21:00:02,renamed
CT14,M11/101EK113,01160056.JPG,M11\101EK113\01160056.JPG,01160056.JPG,5092573,2025-01-16 21:00:05,moved
CT14,M11/101EK113,01170058.JPG,M11\101EK113\01170058.JPG,01170058.JPG,4259612,2025-01-17 07:00:00,moved
CT14,M11/101EK113,01170059.JPG,M11\101EK113\01170059.JPG,01170059.JPG,4257900,2025-01-17 07:00:03,moved
CT14,M11/101EK113,01170060.JPG,M11\101EK113\01170060.JPG,01170060.JPG,4262056,2025-01-17 07:00:02,moved
CT14,M11/101EK113,01170062.JPG,M11\101EK113\01170062.JPG,01170062.JPG,4294295,2025-01-17 07:01:00,moved
CT14,M11/101EK113,01170063.JPG,M11\101EK113\01170063.JPG,01170063.JPG,4291435,2025-01-17 07:01:00,moved
CT14,M11/101EK113,01170064.JPG,M11\101EK113\01170064.JPG,01170064.JPG,4289394,2025-01-17 07:01:02,moved
CT14,M11/101EK113,01170066.JPG,M11\101EK113\01170066.JPG,01170066.JPG,4270706,2025-01-17 07:02:00,moved
CT14,M11/101EK113,01170067.JPG,M11\101EK113\01170067.JPG,01170067.JPG,4269403,2025-01-17 07:02:00,moved
CT14,M11/101EK113,01170068.JPG,M11\101EK113\01170068.JPG,01170068.JPG,4274900,2025-01-17 07:02:02,moved
CT14,M11/101EK113,01170070.JPG,M11\101EK113\01170070.JPG,01170070.JPG,4268914,2025-01-17 07:03:00,moved
CT14,M11/101EK113,01170071.JPG,M11\101EK113\01170071.JPG,01170071.JPG,4258281,2025-01-17 07:03:00,moved
CT14,M11/101EK113,01170072.JPG,M11\101EK113\01170072.JPG,01170072.JPG,4270602,2025-01-17 07:03:02,moved
CT14,M11/101EK113,01170074.JPG,M11\101EK113\01170074.JPG,01170074.JPG,4251846,2025-01-17 07:04:00,moved
CT14,M11/101EK113,01170075.JPG,M11\101EK113\01170075.JPG,01170075.JPG,4254472,2025-01-17 07:04:00,moved
CT14,M11/101EK113,01170076.JPG,M11\101EK113\01170076.JPG,01170076.JPG,4264390,2025-01-17 07:04:02,moved
CT14,M11/101EK113,01170078.JPG,M11\101EK113\01170078.JPG,01170078.JPG,4311258,2025-01-17 07:05:00,moved
CT14,M11/101EK113,01170079.JPG,M11\101EK113\01170079.JPG,01170079.JPG,4307957,2025-01-17 07:05:00,moved
CT14,M11/101EK113,01170080.JPG,M11\101EK113\01170080.JPG,01170080.JPG,4258221,2025-01-17 07:05:02,moved
CT14,M11/101EK113,01170082.JPG,M11\101EK113\01170082.JPG,01170082.JPG,4309942,2025-01-17 07:06:00,moved
CT14,M11/101EK113,01170083.JPG,M11\101EK113\01170083.JPG,01170083.JPG,4314941,2025-01-17 07:06:00,moved
CT14,M11/101EK113,01170084.JPG,M11\101EK113\01170084.JPG,01170084.JPG,4313115,2025-01-17 07:06:02,moved
CT14,M11/101EK113,01170086.JPG,M11\101EK113\01170086.JPG,01170086.JPG,4306556,2025-01-17 07:07:00,moved
CT14,M11/101EK113,01170087.JPG,M11\101EK113\01170087.JPG,01170087.JPG,4310667,2025-01-17 07:07:02,moved
CT14,M11/101EK113,01170088.JPG,M11\101EK113\01170088.JPG,01170088.JPG,4310601,2025-01-17 07:07:02,moved
CT14,M11/101EK113,01170090.JPG,M11\101EK113\01170090.JPG,01170090.JPG,4308728,2025-01-17 07:08:00,moved
CT14,M11/101EK113,01170091.JPG,M11\101EK113\01170091.JPG,01170091.JPG,4308269,2025-01-17 07:08:00,moved
CT14,M11/101EK113,01170092.JPG,M11\101EK113\01170092.JPG,01170092.JPG,4314276,2025-01-17 07:08:02,moved
CT14,M11/101EK113,01170094.JPG,M11\101EK113\01170094.JPG,01170094.JPG,4310295,2025-01-17 07:09:00,moved
CT14,M11/101EK113,01170095.JPG,M11\101EK113\01170095.JPG,01170095.JPG,4317134,2025-01-17 07:09:02,moved
CT14,M11/101EK113,01170096.JPG,M11\101EK113\01170096.JPG,01170096.JPG,4322084,2025-01-17 07:09:02,moved
CT14,M11/101EK113,01170098.JPG,M11\101EK113\01170098.JPG,01170098.JPG,4321099,2025-01-17 07:10:00,moved
CT14,M11/101EK113,01170099.JPG,M11\101EK113\01170099.JPG,01170099.JPG,4323152,2025-01-17 07:10:00,moved
CT14,M11/101EK113,01170100.JPG,M11\101EK113\01170100.JPG,01170100.JPG,4327165,2025-01-17 07:10:02,moved
CT14,M11/101EK113,01170102.JPG,M11\101EK113\01170102.JPG,01170102.JPG,4331730,2025-01-17 07:11:00,moved
CT14,M11/101EK113,01170103.JPG,M11\101EK113\01170103.JPG,01170103.JPG,4338617,2025-01-17 07:11:02,moved
CT14,M11/101EK113,01170104.JPG,M11\101EK113\01170104.JPG,01170104.JPG,4338107,2025-01-17 07:11:02,moved
CT14,M11/101EK113,01170106.JPG,M11\101EK113\01170106.JPG,01170106.JPG,4358014,2025-01-17 07:12:00,moved
CT14,M11/101EK113,01170107.JPG,M11\101EK113\01170107.JPG,01170107.JPG,4358425,2025-01-17 07:12:03,moved
CT14,M11/101EK113,01170108.JPG,M11\101EK113\01170108.JPG,01170108.JPG,4367890,2025-01-17 07:12:02,moved
CT14,M11/101EK113,01170110.JPG,M11\101EK113\01170110.JPG,01170110.JPG,4390727,2025-01-17 07:13:00,moved
CT14,M11/101EK113,01170111.JPG,M11\101EK113\01170111.JPG,01170111.JPG,4395211,2025-01-17 07:13:00,moved
CT14,M11/101EK113,01170112.JPG,M11\101EK113\01170112.JPG,01170112.JPG,4395967,2025-01-17 07:13:02,moved
CT14,M11/101EK113,01170114.JPG,M11\101EK113\01170114.JPG,01170114.JPG,4439115,2025-01-17 07:14:03,moved
CT14,M11/101EK113,01170115.JPG,M11\101EK113\01170115.JPG,01170115.JPG,4444390,2025-01-17 07:14:02,moved
CT14,M11/101EK113,01170116.JPG,M11\101EK113\01170116.JPG,01170116.JPG,4446382,2025-01-17 07:14:02,moved
CT14,M11/101EK113,01170118.JPG,M11\101EK113\01170118.JPG,01170118.JPG,4498075,2025-01-17 07:15:00,moved
CT14,M11/101EK113,01170119.JPG,M11\101EK113\01170119.JPG,01170119.JPG,4500024,2025-01-17 07:15:02,moved
CT14,M11/101EK113,01170120.JPG,M11\101EK113\01170120.JPG,01170120.JPG,4504833,2025-01-17 07:15:02,moved
CT14,M11/101EK113,01170122.JPG,M11\101EK113\01170122.JPG,01170122.JPG,4568957,2025-01-17 07:16:00,moved
CT14,M11/101EK113,01170123.JPG,M11\101EK113\01170123.JPG,01170123.JPG,4521143,2025-01-17 07:16:03,moved
CT14,M11/101EK113,01170124.JPG,M11\101EK113\01170124.JPG,01170124.JPG,4521337,2025-01-17 07:16:02,moved
CT14,M11/101EK113,01170126.JPG,M11\101EK113\01170126.JPG,01170126.JPG,4586232,2025-01-17 07:17:00,moved
CT14,M11/101EK113,01170127.JPG,M11\101EK113\01170127.JPG,01170127.JPG,4591104,2025-01-17 07:17:03,moved
CT14,M11/101EK113,01170128.JPG,M11\101EK113\01170128.JPG,01170128.JPG,4591639,2025-01-17 07:17:02,moved
CT14,M11/101EK113,01170130.JPG,M11\101EK113\01170130.JPG,01170130.JPG,4662161,2025-01-17 07:18:00,moved
CT14,M11/101EK113,01170131.JPG,M11\101EK113\01170131.JPG,01170131.JPG,4669379,2025-01-17 07:18:02,moved
CT14,M11/101EK113,01170132.JPG,M11\101EK113\01170132.JPG,01170132.JPG,4670288,2025-01-17 07:18:02,moved
CT14,M11/101EK113,01170134.JPG,M11\101EK113\01170134.JPG,01170134.JPG,4736378,2025-01-17 07:19:00,moved
CT14,M11/101EK113,01170135.JPG,M11\101EK113\01170135.JPG,01170135.JPG,4734840,2025-01-17 07:19:03,moved
CT14,M11/101EK113,01170136.JPG,M11\101EK113\01170136.JPG,01170136.JPG,4739046,2025-01-17 07:19:02,moved
CT14,M11/101EK113,01170138.JPG,M11\101EK113\01170138.JPG,01170138.JPG,4753954,2025-01-17 07:20:00,moved
CT14,M11/101EK113,01170139.JPG,M11\101EK113\01170139.JPG,01170139.JPG,4756527,2025-01-17 07:20:03,moved
CT14,M11/101EK113,01170140.JPG,M11\101EK113\01170140.JPG,01170140.JPG,4762338,2025-01-17 07:20:02,moved
CT14,M11/101EK113,01170142.JPG,M11\101EK113\01170142.JPG,01170142.JPG,4825470,2025-01-17 07:21:00,moved
CT14,M11/101EK113,01170143.JPG,M11\101EK113\01170143.JPG,01170143.JPG,4822540,2025-01-17 07:21:03,moved
CT14,M11/101EK113,01170144.JPG,M11\101EK113\01170144.JPG,01170144.JPG,4827987,2025-01-17 07:21:02,moved
CT14,M11/101EK113,01170146.JPG,M11\101EK113\01170146.JPG,01170146.JPG,4838625,2025-01-17 07:22:00,moved
CT14,M11/101EK113,01170147.JPG,M11\101EK113\01170147.JPG,01170147.JPG,4839622,2025-01-17 07:22:00,moved
CT14,M11/101EK113,01170148.JPG,M11\101EK113\01170148.JPG,01170148.JPG,4844951,2025-01-17 07:22:02,moved
CT14,M11/101EK113,01170150.JPG,M11\101EK113\01170150.JPG,01170150.JPG,4853180,2025-01-17 07:23:00,moved
CT14,M11/101EK113,01170151.JPG,M11\101EK113\01170151.JPG,01170151.JPG,4853579,2025-01-17 07:23:02,moved
CT14,M11/101EK113,01170152.JPG,M11\101EK113\01170152.JPG,01170152.JPG,4858814,2025-01-17 07:23:02,moved
CT14,M11/101EK113,01170154.JPG,M11\101EK113\01170154.JPG,01170154.JPG,4914811,2025-01-17 07:24:00,moved
CT14,M11/101EK113,01170155.JPG,M11\101EK113\01170155.JPG,01170155.JPG,4911975,2025-01-17 07:24:00,moved
CT14,M11/101EK113,01170156.JPG,M11\101EK113\01170156.JPG,01170156.JPG,4922333,2025-01-17 07:24:02,moved
CT14,M11/101EK113,01170158.JPG,M11\101EK113\01170158.JPG,01170158.JPG,4918806,2025-01-17 07:25:00,moved
CT14,M11/101EK113,01170159.JPG,M11\101EK113\01170159.JPG,01170159.JPG,4918913,2025-01-17 07:25:00,moved
CT14,M11/101EK113,01170160.JPG,M11\101EK113\01170160.JPG,01170160.JPG,4924473,2025-01-17 07:25:02,moved
CT14,M11/101EK113,01170162.JPG,M11\101EK113\01170162.JPG,01170162.JPG,4979353,2025-01-17 07:26:00,moved
CT14,M11/101EK113,01170163.JPG,M11\101EK113\01170163.JPG,01170163.JPG,4982045,2025-01-17 07:26:02,moved
CT14,M11/101EK113,01170164.JPG,M11\101EK113\01170164.JPG,01170164.JPG,4980614,2025-01-17 07:26:02,moved
CT14,M11/101EK113,01170166.JPG,M11\101EK113\01170166.JPG,01170166.JPG,4977024,2025-01-17 07:27:00,moved
CT14,M11/101EK113,01170167.JPG,M11\101EK113\01170167.JPG,01170167.JPG,4981289,2025-01-17 07:27:00,moved
CT14,M11/101EK113,01170168.JPG,M11\101EK113\01170168.JPG,01170168.JPG,4983586,2025-01-17 07:27:02,moved
CT14,M11/101EK113,01170170.JPG,M11\101EK113\01170170.JPG,01170170.JPG,4992143,2025-01-17 07:28:00,moved
CT14,M11/101EK113,01170171.JPG,M11\101EK113\01170171.JPG,01170171.JPG,4988485,2025-01-17 07:28:03,moved
CT14,M11/101EK113,01170172.JPG,M11\101EK113\01170172.JPG,01170172.JPG,4993908,2025-01-17 07:28:02,moved
CT14,M11/101EK113,01170174.JPG,M11\101EK113\01170174.JPG,01170174.JPG,5000019,2025-01-17 07:29:00,moved
CT14,M11/101EK113,01170175.JPG,M11\101EK113\01170175.JPG,01170175.JPG,5002619,2025-01-17 07:29:02,moved
CT14,M11/101EK113,01170176.JPG,M11\101EK113\01170176.JPG,01170176.JPG,5004550,2025-01-17 07:29:02,moved
CT14,M11/101EK113,01170177.JPG,M11\101EK113\01170177.JPG,01170177.JPG,5051595,2025-01-17 07:30:00,moved
CT14,M11/101EK113,01170178.JPG,M11\101EK113\01170178.JPG,01170178.JPG,5052768,2025-01-17 07:30:00,moved
CT14,M11/101EK113,01170179.JPG,M11\101EK113\01170179.JPG,01170179.JPG,5054877,2025-01-17 07:30:02,moved
CT14,M11/101EK113,01170180.JPG,M11\101EK113\01170180.JPG,01170180.JPG,5053823,2025-01-17 07:31:00,moved
CT14,M11/101EK113,01170181.JPG,M11\101EK113\01170181.JPG,01170181.JPG,5056437,2025-01-17 07:31:03,moved
CT14,M11/101EK113,01170182.JPG,M11\101EK113\01170182.JPG,01170182.JPG,5059853,2025-01-17 07:31:02,moved
CT14,M11/101EK113,01170184.JPG,M11\101EK113\01170184.JPG,01170184.JPG,5056634,2025-01-17 07:32:00,moved
CT14,M11/101EK113,01170185.JPG,M11\101EK113\01170185.JPG,01170185.JPG,5056262,2025-01-17 07:32:03,moved
CT14,M11/101EK113,01170186.JPG,M11\101EK113\01170186.JPG,01170186.JPG,5059086,2025-01-17 07:32:02,moved
CT14,M11/101EK113,01170187.JPG,M11\101EK113\01170187.JPG,01170187.JPG,5152944,2025-01-17 07:33:00,moved
CT14,M11/101EK113,01170188.JPG,M11\101EK113\01170188.JPG,01170188.JPG,5151909,2025-01-17 07:33:02,moved
CT14,M11/101EK113,01170189.JPG,M11\101EK113\01170189.JPG,01170189.JPG,5157022,2025-01-17 07:33:02,moved
CT14,M11/101EK113,01170191.JPG,M11\101EK113\01170191.JPG,01170191.JPG,5185978,2025-01-17 07:34:00,moved
CT14,M11/101EK113,01170192.JPG,M11\101EK113\01170192.JPG,01170192.JPG,5184027,2025-01-17 07:34:02,moved
CT14,M11/101EK113,01170193.JPG,M11\101EK113\01170193.JPG,01170193.JPG,5190306,2025-01-17 07:34:02,moved
CT14,M11/101EK113,01170194.JPG,M11\101EK113\01170194.JPG,01170194.JPG,5181498,2025-01-17 07:35:00,moved
CT14,M11/101EK113,01170195.JPG,M11\101EK113\01170195.JPG,01170195.JPG,5183429,2025-01-17 07:35:02,moved
CT14,M11/101EK113,01170196.JPG,M11\101EK113\01170196.JPG,01170196.JPG,5183981,2025-01-17 07:35:02,moved
CT14,M11/101EK113,01170197.JPG,M11\101EK113\01170197.JPG,01170197.JPG,5161538,2025-01-17 07:36:00,moved
CT14,M11/101EK113,01170198.JPG,M11\101EK113\01170198.JPG,01170198.JPG,5166033,2025-01-17 07:36:02,moved
CT14,M11/101EK113,01170199.JPG,M11\101EK113\01170199.JPG,01170199.JPG,5169255,2025-01-17 07:36:02,moved
CT14,M11/101EK113,01170201.JPG,M11\101EK113\01170201.JPG,01170201.JPG,5187285,2025-01-17 07:37:00,moved
CT14,M11/101EK113,01170202.JPG,M11\101EK113\01170202.JPG,01170202.JPG,5187963,2025-01-17 07:37:02,moved
CT14,M11/101EK113,01170203.JPG,M11\101EK113\01170203.JPG,01170203.JPG,5188434,2025-01-17 07:37:02,moved
CT14,M11/101EK113,01170204.JPG,M11\101EK113\01170204.JPG,01170204.JPG,5181988,2025-01-17 07:38:00,moved
CT14,M11/101EK113,01170205.JPG,M11\101EK113\01170205.JPG,01170205.JPG,5180048,2025-01-17 07:38:02,moved
CT14,M11/101EK113,01170206.JPG,M11\101EK113\01170206.JPG,01170206.JPG,5179836,2025-01-17 07:38:02,moved
CT14,M11/101EK113,01170208.JPG,M11\101EK113\01170208.JPG,01170208.JPG,5200798,2025-01-17 07:39:00,moved
CT14,M11/101EK113,01170209.JPG,M11\101EK113\01170209.JPG,01170209.JPG,5198666,2025-01-17 07:39:00,moved
CT14,M11/101EK113,01170210.JPG,M11\101EK113\01170210.JPG,01170210.JPG,5200771,2025-01-17 07:39:02,moved
CT14,M11/101EK113,01170211.JPG,M11\101EK113\01170211.JPG,01170211.JPG,5181001,2025-01-17 07:40:00,moved
CT14,M11/101EK113,01170212.JPG,M11\101EK113\01170212.JPG,01170212.JPG,5182626,2025-01-17 07:40:00,moved
CT14,M11/101EK113,01170213.JPG,M11\101EK113\01170213.JPG,01170213.JPG,5183923,2025-01-17 07:40:02,moved
CT14,M11/101EK113,01170214.JPG,M11\101EK113\01170214.JPG,01170214.JPG,5203857,2025-01-17 07:41:00,moved
CT14,M11/101EK113,01170215.JPG,M11\101EK113\01170215.JPG,01170215.JPG,5205129,2025-01-17 07:41:00,moved
CT14,M11/101EK113,01170216.JPG,M11\101EK113\01170216.JPG,01170216.JPG,5206571,2025-01-17 07:41:02,moved
CT14,M11/101EK113,01170217.JPG,M11\101EK113\01170217.JPG,01170217.JPG,5189216,2025-01-17 07:42:00,moved
CT14,M11/101EK113,01170218.JPG,M11\101EK113\01170218.JPG,01170218.JPG,5190277,2025-01-17 07:42:02,moved
CT14,M11/101EK113,01170219.JPG,M11\101EK113\01170219.JPG,01170219.JPG,5188922,2025-01-17 07:42:02,moved
CT14,M11/101EK113,01170220.JPG,M11\101EK113\01170220.JPG,01170220.JPG,5173000,2025-01-17 07:43:00,moved
CT14,M11/101EK113,01170221.JPG,M11\101EK113\01170221.JPG,01170221.JPG,5174649,2025-01-17 07:43:02,moved
CT14,M11/101EK113,01170222.JPG,M11\101EK113\01170222.JPG,01170222.JPG,5176176,2025-01-17 07:43:02,moved
CT14,M11/101EK113,01170223.JPG,M11\101EK113\01170223.JPG,01170223.JPG,5187881,2025-01-17 07:44:00,moved
CT14,M11/101EK113,01170224.JPG,M11\101EK113\01170224.JPG,01170224.JPG,5188259,2025-01-17 07:44:03,moved
CT14,M11/101EK113,01170225.JPG,M11\101EK113\01170225.JPG,01170225.JPG,5191358,2025-01-17 07:44:02,moved
CT14,M11/101EK113,01170227.JPG,M11\101EK113\01170227.JPG,01170227.JPG,5206221,2025-01-17 07:45:00,moved
CT14,M11/101EK113,01170228.JPG,M11\101EK113\01170228.JPG,01170228.JPG,5203365,2025-01-17 07:45:00,moved
CT14,M11/101EK113,01170229.JPG,M11\101EK113\01170229.JPG,01170229.JPG,5172600,2025-01-17 07:45:02,moved
CT14,M11/101EK113,01170230.JPG,M11\101EK113\01170230.JPG,01170230.JPG,5187155,2025-01-17 07:46:00,moved
CT14,M11/101EK113,01170231.JPG,M11\101EK113\01170231.JPG,01170231.JPG,5184742,2025-01-17 07:46:00,moved
CT14,M11/101EK113,01170232.JPG,M11\101EK113\01170232.JPG,01170232.JPG,5186450,2025-01-17 07:46:02,moved
CT14,M11/101EK113,01170234.JPG,M11\101EK113\01170234.JPG,01170234.JPG,5199932,2025-01-17 07:47:00,moved
CT14,M11/101EK113,01170235.JPG,M11\101EK113\01170235.JPG,01170235.JPG,5196952,2025-01-17 07:47:00,moved
CT14,M11/101EK113,01170236.JPG,M11\101EK113\01170236.JPG,01170236.JPG,5200523,2025-01-17 07:47:02,moved
CT14,M11/101EK113,01170237.JPG,M11\101EK113\01170237.JPG,01170237.JPG,5214679,2025-01-17 07:48:00,moved
CT14,M11/101EK113,01170238.JPG,M11\101EK113\01170238.JPG,01170238.JPG,5213843,2025-01-17 07:48:02,moved
CT14,M11/101EK113,01170239.JPG,M11\101EK113\01170239.JPG,01170239.JPG,5182917,2025-01-17 07:48:02,moved
CT14,M11/101EK113,01170241.JPG,M11\101EK113\01170241.JPG,01170241.JPG,5195303,2025-01-17 07:49:00,moved
CT14,M11/101EK113,01170242.JPG,M11\101EK113\01170242.JPG,01170242.JPG,5195216,2025-01-17 07:49:00,moved
CT14,M11/101EK113,01170243.JPG,M11\101EK113\01170243.JPG,01170243.JPG,5195402,2025-01-17 07:49:02,moved
CT14,M11/101EK113,01170245.JPG,M11\101EK113\01170245.JPG,01170245.JPG,5206797,2025-01-17 07:50:00,moved
CT14,M11/101EK113,01170246.JPG,M11\101EK113\01170246.JPG,01170246.JPG,5208730,2025-01-17 07:50:02,moved
CT14,M11/101EK113,01170247.JPG,M11\101EK113\01170247.JPG,01170247.JPG,5209321,2025-01-17 07:50:02,moved
CT14,M11/101EK113,01170249.JPG,M11\101EK113\01170249.JPG,01170249.JPG,5217641,2025-01-17 07:51:00,moved
CT14,M11/101EK113,01170250.JPG,M11\101EK113\01170250.JPG,01170250.JPG,5219816,2025-01-17 07:51:00,moved
CT14,M11/101EK113,01170251.JPG,M11\101EK113\01170251.JPG,01170251.JPG,5219960,2025-01-17 07:51:02,moved
CT14,M11/101EK113,01170252.JPG,M11\101EK113\01170252.JPG,01170252.JPG,5198888,2025-01-17 07:52:00,moved
CT14,M11/101EK113,01170253.JPG,M11\101EK113\01170253.JPG,01170253.JPG,5200123,2025-01-17 07:52:02,moved
CT14,M11/101EK113,01170254.JPG,M11\101EK113\01170254.JPG,01170254.JPG,5199806,2025-01-17 07:52:02,moved
CT14,M11/101EK113,01170255.JPG,M11\101EK113\01170255.JPG,01170255.JPG,5212750,2025-01-17 07:53:00,moved
CT14,M11/101EK113,01170256.JPG,M11\101EK113\01170256.JPG,01170256.JPG,5209869,2025-01-17 07:53:00,moved
CT14,M11/101EK113,01170257.JPG,M11\101EK113\01170257.JPG,01170257.JPG,5213304,2025-01-17 07:53:02,moved
CT14,M11/101EK113,01170258.JPG,M11\101EK113\01170258.JPG,01170258.JPG,5222305,2025-01-17 07:54:00,moved
CT14,M11/101EK113,01170259.JPG,M11\101EK113\01170259.JPG,01170259.JPG,5223407,2025-01-17 07:54:00,moved
CT14,M11/101EK113,01170260.JPG,M11\101EK113\01170260.JPG,01170260.JPG,5223966,2025-01-17 07:54:02,moved
CT14,M11/101EK113,01170262.JPG,M11\101EK113\01170262.JPG,01170262.JPG,5200732,2025-01-17 07:55:00,moved
CT14,M11/101EK113,01170263.JPG,M11\101EK113\01170263.JPG,01170263.JPG,5203476,2025-01-17 07:55:03,moved
CT14,M11/101EK113,01170264.JPG,M11\101EK113\01170264.JPG,01170264.JPG,5202938,2025-01-17 07:55:02,moved
CT14,M11/101EK113,01170265.JPG,M11\101EK113\01170265.JPG,01170265.JPG,5213760,2025-01-17 07:56:00,moved
CT14,M11/101EK113,01170266.JPG,M11\101EK113\01170266.JPG,01170266.JPG,5212488,2025-01-17 07:56:00,moved
CT14,M11/101EK113,01170267.JPG,M11\101EK113\01170267.JPG,01170267.JPG,5215198,2025-01-17 07:56:02,moved
CT14,M11/101EK113,01170269.JPG,M11\101EK113\01170269.JPG,01170269.JPG,5221132,2025-01-17 07:57:00,moved
CT14,M11/101EK113,01170270.JPG,M11\101EK113\01170270.JPG,01170270.JPG,5222697,2025-01-17 07:57:00,moved
CT14,M11/101EK113,01170271.JPG,M11\101EK113\01170271.JPG,01170271.JPG,5221156,2025-01-17 07:57:02,moved
CT14,M11/101EK113,01170273.JPG,M11\101EK113\01170273.JPG,01170273.JPG,5198095,2025-01-17 07:58:00,moved
CT14,M11/101EK113,01170274.JPG,M11\101EK113\01170274.JPG,01170274.JPG,5197696,2025-01-17 07:58:03,moved
CT14,M11/101EK113,01170275.JPG,M11\101EK113\01170275.JPG,01170275.JPG,5199123,2025-01-17 07:58:02,moved
CT14,M11/101EK113,01170277.JPG,M11\101EK113\01170277.JPG,01170277.JPG,5207786,2025-01-17 07:59:00,moved
CT14,M11/101EK113,01170278.JPG,M11\101EK113\01170278.JPG,01170278.JPG,5207012,2025-01-17 07:59:03,moved
CT14,M11/101EK113,01170279.JPG,M11\101EK113\01170279.JPG,01170279.JPG,5211428,2025-01-17 07:59:02,moved
CT14,M11/101EK113,01170281.JPG,M11\101EK113\01170281.JPG,01170281.JPG,5216863,2025-01-17 08:00:00,moved
CT14,M11/101EK113,01170282.JPG,M11\101EK113\01170282.JPG,01170282.JPG,5214607,2025-01-17 08:00:00,moved
CT14,M11/101EK113,01170283.JPG,M11\101EK113\01170283.JPG,01170283.JPG,5216959,2025-01-17 08:00:02,moved
CT14,M11/101EK113,01170285.JPG,M11\101EK113\01170285.JPG,01170285.JPG,5199244,2025-01-17 08:01:00,moved
CT14,M11/101EK113,01170286.JPG,M11\101EK113\01170286.JPG,01170286.JPG,5197135,2025-01-17 08:01:00,moved
CT14,M11/101EK113,01170287.JPG,M11\101EK113\01170287.JPG,01170287.JPG,5199805,2025-01-17 08:01:02,moved
CT14,M11/101EK113,01170288.JPG,M11\101EK113\01170288.JPG,01170288.JPG,5207205,2025-01-17 08:02:00,moved
CT14,M11/101EK113,01170289.JPG,M11\101EK113\01170289.JPG,01170289.JPG,5209633,2025-01-17 08:02:02,moved
CT14,M11/101EK113,01170290.JPG,M11\101EK113\01170290.JPG,01170290.JPG,5212864,2025-01-17 08:02:02,moved
CT14,M11/101EK113,01170291.JPG,M11\101EK113\01170291.JPG,01170291.JPG,5216785,2025-01-17 08:03:00,moved
CT14,M11/101EK113,01170292.JPG,M11\101EK113\01170292.JPG,01170292.JPG,5217409,2025-01-17 08:03:00,moved
CT14,M11/101EK113,01170293.JPG,M11\101EK113\01170293.JPG,01170293.JPG,5218190,2025-01-17 08:03:02,moved
CT14,M11/101EK113,01170295.JPG,M11\101EK113\01170295.JPG,01170295.JPG,5224776,2025-01-17 08:04:00,moved
CT14,M11/101EK113,01170296.JPG,M11\101EK113\01170296.JPG,01170296.JPG,5225885,2025-01-17 08:04:00,moved
CT14,M11/101EK113,01170297.JPG,M11\101EK113\01170297.JPG,01170297.JPG,5225292,2025-01-17 08:04:02,moved
CT14,M11/101EK113,01170299.JPG,M11\101EK113\01170299.JPG,01170299.JPG,5199569,2025-01-17 08:05:00,moved
CT14,M11/101EK113,01170300.JPG,M11\101EK113\01170300.JPG,01170300.JPG,5199521,2025-01-17 08:05:03,moved
CT14,M11/101EK113,01170301.JPG,M11\101EK113\01170301.JPG,01170301.JPG,5203507,2025-01-17 08:05:02,moved
CT14,M11/101EK113,01170302.JPG,M11\101EK113\01170302.JPG,01170302.JPG,5211475,2025-01-17 08:06:00,moved
CT14,M11/101EK113,01170303.JPG,M11\101EK113\01170303.JPG,01170303.JPG,5208822,2025-01-17 08:06:03,moved
CT14,M11/101EK113,01170304.JPG,M11\101EK113\01170304.JPG,01170304.JPG,5211994,2025-01-17 08:06:02,moved
CT14,M11/101EK113,01170305.JPG,M11\101EK113\01170305.JPG,01170305.JPG,5216551,2025-01-17 08:07:00,moved
CT14,M11/101EK113,01170306.JPG,M11\101EK113\01170306.JPG,01170306.JPG,5215856,2025-01-17 08:07:00,moved
CT14,M11/101EK113,01170307.JPG,M11\101EK113\01170307.JPG,01170307.JPG,5214586,2025-01-17 08:07:02,moved
CT14,M11/101EK113,01170308.JPG,M11\101EK113\01170308.JPG,01170308.JPG,5197028,2025-01-17 08:08:00,moved
CT14,M11/101EK113,01170309.JPG,M11\101EK113\01170309.JPG,01170309.JPG,5195380,2025-01-17 08:08:00,moved
CT14,M11/101EK113,01170310.JPG,M11\101EK113\01170310.JPG,01170310.JPG,5197470,2025-01-17 08:08:02,moved
CT14,M11/101EK113,01170311.JPG,M11\101EK113\01170311.JPG,01170311.JPG,5205311,2025-01-17 08:09:00,moved
CT14,M11/101EK113,01170312.JPG,M11\101EK113\01170312.JPG,01170312.JPG,5203638,2025-01-17 08:09:00,moved
CT14,M11/101EK113,01170313.JPG,M11\101EK113\01170313.JPG,01170313.JPG,5206593,2025-01-17 08:09:02,moved
CT14,M11/101EK113,01170314.JPG,M11\101EK113\01170314.JPG,01170314.JPG,5210961,2025-01-17 08:10:00,moved
CT14,M11/101EK113,01170315.JPG,M11\101EK113\01170315.JPG,01170315.JPG,5210319,2025-01-17 08:10:00,moved
CT14,M11/101EK113,01170316.JPG,M11\101EK113\01170316.JPG,01170316.JPG,5213108,2025-01-17 08:10:02,moved
CT14,M11/101EK113,01170317.JPG,M11\101EK113\01170317.JPG,01170317.JPG,5184608,2025-01-17 08:11:00,moved
CT14,M11/101EK113,01170318.JPG,M11\101EK113\01170318.JPG,01170318.JPG,5182501,2025-01-17 08:11:00,moved
CT14,M11/101EK113,01170319.JPG,M11\101EK113\01170319.JPG,01170319.JPG,5185164,2025-01-17 08:11:02,moved
CT14,M11/101EK113,01170320.JPG,M11\101EK113\01170320.JPG,01170320.JPG,5199386,2025-01-17 08:13:00,moved
CT14,M11/101EK113,01170321.JPG,M11\101EK113\01170321.JPG,01170321.JPG,5197819,2025-01-17 08:13:00,moved
CT14,M11/101EK113,01170322.JPG,M11\101EK113\01170322.JPG,01170322.JPG,5198664,2025-01-17 08:13:02,moved
CT14,M11/101EK113,01170323.JPG,M11\101EK113\01170323.JPG,01170323.JPG,5189121,2025-01-17 08:14:00,moved
CT14,M11/101EK113,01170324.JPG,M11\101EK113\01170324.JPG,01170324.JPG,5189570,2025-01-17 08:14:02,moved
CT14,M11/101EK113,01170325.JPG,M11\101EK113\01170325.JPG,01170325.JPG,5189407,2025-01-17 08:14:02,moved
CT14,M11/101EK113,01170326.JPG,M11\101EK113\01170326.JPG,01170326.JPG,5201965,2025-01-17 08:16:00,moved
CT14,M11/101EK113,01170327.JPG,M11\101EK113\01170327.JPG,01170327.JPG,5204058,2025-01-17 08:16:02,moved
CT14,M11/101EK113,01170328.JPG,M11\101EK113\01170328.JPG,01170328.JPG,5205370,2025-01-17 08:16:02,moved
CT14,M11/101EK113,01170329.JPG,M11\101EK113\01170329.JPG,01170329.JPG,5192172,2025-01-17 08:18:00,moved
CT14,M11/101EK113,01170330.JPG,M11\101EK113\01170330.JPG,01170330.JPG,5190780,2025-01-17 08:18:00,moved
CT14,M11/101EK113,01170331.JPG,M11\101EK113\01170331.JPG,01170331.JPG,5191630,2025-01-17 08:18:02,moved
CT14,M11/101EK113,01170332.JPG,M11\101EK113\01170332.JPG,01170332.JPG,5185388,2025-01-17 08:21:00,moved
CT14,M11/101EK113,01170333.JPG,M11\101EK113\01170333.JPG,01170333.JPG,5184643,2025-01-17 08:21:00,moved
CT14,M11/101EK113,01170334.JPG,M11\101EK113\01170334.JPG,01170334.JPG,5186632,2025-01-17 08:21:02,moved
CT14,M11/101EK113,01170335.JPG,M11\101EK113\01170335.JPG,01170335.JPG,5177712,2025-01-17 08:24:00,moved
CT14,M11/101EK113,01170336.JPG,M11\101EK113\01170336.JPG,01170336.JPG,5175750,2025-01-17 08:24:00,moved
CT14,M11/101EK113,01170337.JPG,M11\101EK113\01170337.JPG,01170337.JPG,5179586,2025-01-17 08:24:02,moved
CT14,M11/101EK113,01170338.JPG,M11\101EK113\01170338.JPG,01170338.JPG,5191514,2025-01-17 08:27:00,moved
CT14,M11/101EK113,01170339.JPG,M11\101EK113\01170339.JPG,01170339.JPG,5190875,2025-01-17 08:27:00,moved
CT14,M11/101EK113,01170340.JPG,M11\101EK113\01170340.JPG,01170340.JPG,5189245,2025-01-17 08:27:02,moved
CT14,M11/101EK113,01170341.JPG,M11\101EK113\01170341.JPG,01170341.JPG,5198056,2025-01-17 08:32:00,moved
CT14,M11/101EK113,01170342.JPG,M11\101EK113\01170342.JPG,01170342.JPG,5199676,2025-01-17 08:32:02,moved
CT14,M11/101EK113,01170343.JPG,M11\101EK113\01170343.JPG,01170343.JPG,5201081,2025-01-17 08:32:02,moved
CT14,M11/101EK113,01170344.JPG,M11\101EK113\01170344.JPG,01170344.JPG,5175419,2025-01-17 08:36:00,moved
CT14,M11/101EK113,01170345.JPG,M11\101EK113\01170345.JPG,01170345.JPG,5177272,2025-01-17 08:36:02,moved
CT14,M11/101EK113,01170346.JPG,M11\101EK113\01170346.JPG,01170346.JPG,5177792,2025-01-17 08:36:02,moved
CT14,M11/101EK113,01170347.JPG,M11\101EK113\01170347.JPG,01170347.JPG,5195003,2025-01-17 08:42:00,moved
CT14,M11/101EK113,01170348.JPG,M11\101EK113\01170348.JPG,01170348.JPG,5192506,2025-01-17 08:42:03,moved
CT14,M11/101EK113,01170349.JPG,M11\101EK113\01170349.JPG,01170349.JPG,5196085,2025-01-17 08:42:02,moved
CT14,M11/101EK113,01170350.JPG,M11\101EK113\01170350.JPG,01170350.JPG,6007810,2025-01-17 15:00:00,moved
CT14,M11/101EK113,01170351.JPG,M11\101EK113\01170351.JPG,01170351.JPG,6205770,2025-01-17 15:00:03,moved
CT14,M11/101EK113,01170352.JPG,M11\101EK113\01170352.JPG,01170352.JPG,6203972,2025-01-17 15:00:02,moved
CT14,M11/101EK113,01170354.JPG,M11\101EK113\01170354.JPG,01170354.JPG,6195775,2025-01-17 15:01:00,moved
CT14,M11/101EK113,01170355.JPG,M11\101EK113\01170355.JPG,01170355.JPG,6174754,2025-01-17 15:01:02,moved
CT14,M11/101EK113,01170356.JPG,M11\101EK113\01170356.JPG,01170356.JPG,6170260,2025-01-17 15:01:02,moved
CT14,M11/101EK113,01170358.JPG,M11\101EK113\01170358.JPG,01170358.JPG,6163799,2025-01-17 15:02:00,moved
CT14,M11/101EK113,01170359.JPG,M11\101EK113\01170359.JPG,01170359.JPG,6164303,2025-01-17 15:02:03,moved
CT14,M11/101EK113,01170360.JPG,M11\101EK113\01170360.JPG,01170360.JPG,6187971,2025-01-17 15:02:02,moved
CT14,M11/101EK113,01170362.JPG,M11\101EK113\01170362.JPG,01170362.JPG,6197774,2025-01-17 15:03:02,moved
CT14,M11/101EK113,01170363.JPG,M11\101EK113\01170363.JPG,01170363.JPG,5789717,2025-01-17 15:03:02,moved
CT14,M11/101EK113,01170364.JPG,M11\101EK113\01170364.JPG,01170364.JPG,6171362,2025-01-17 15:03:02,moved
CT14,M11/101EK113,01170366.JPG,M11\101EK113\01170366.JPG,01170366.JPG,6174560,2025-01-17 15:04:03,moved
CT14,M11/101EK113,01170367.JPG,M11\101EK113\01170367.JPG,01170367.JPG,6177724,2025-01-17 15:04:02,moved
CT14,M11/101EK113,01170368.JPG,M11\101EK113\01170368.JPG,01170368.JPG,6178190,2025-01-17 15:04:02,moved
CT14,M11/101EK113,01170370.JPG,M11\101EK113\01170370.JPG,01170370.JPG,6165027,2025-01-17 15:05:00,moved
CT14,M11/101EK113,01170371.JPG,M11\101EK113\01170371.JPG,01170371.JPG,6142332,2025-01-17 15:05:02,moved
CT14,M11/101EK113,01170372.JPG,M11\101EK113\01170372.JPG,01170372.JPG,6121768,2025-01-17 15:05:02,moved
CT14,M11/101EK113,01170374.JPG,M11\101EK113\01170374.JPG,01170374.JPG,6136893,2025-01-17 15:06:00,moved
CT14,M11/101EK113,01170375.JPG,M11\101EK113\01170375.JPG,01170375.JPG,6145448,2025-01-17 15:06:02,moved
CT14,M11/101EK113,01170376.JPG,M11\101EK113\01170376.JPG,01170376.JPG,5971987,2025-01-17 15:06:02,moved
CT14,M11/101EK113,01170378.JPG,M11\101EK113\01170378.JPG,01170378.JPG,6163670,2025-01-17 15:07:00,moved
CT14,M11/101EK113,01170379.JPG,M11\101EK113\01170379.JPG,01170379.JPG,6162151,2025-01-17 15:07:03,moved
CT14,M11/101EK113,01170380.JPG,M11\101EK113\01170380.JPG,01170380.JPG,5759311,2025-01-17 15:07:02,moved
CT14,M11/101EK113,01170382.JPG,M11\101EK113\01170382.JPG,01170382.JPG,5940460,2025-01-17 15:08:00,moved
CT14,M11/101EK113,01170383.JPG,M11\101EK113\01170383.JPG,01170383.JPG,5927503,2025-01-17 15:08:03,moved
CT14,M11/101EK113,01170384.JPG,M11\101EK113\01170384.JPG,01170384.JPG,5931662,2025-01-17 15:08:02,moved
CT14,M11/101EK113,01170386.JPG,M11\101EK113\01170386.JPG,01170386.JPG,6117965,2025-01-17 15:09:00,moved
CT14,M11/101EK113,01170387.JPG,M11\101EK113\01170387.JPG,01170387.JPG,6133938,2025-01-17 15:09:03,moved
CT14,M11/101EK113,01170388.JPG,M11\101EK113\01170388.JPG,01170388.JPG,6110481,2025-01-17 15:09:02,moved
CT14,M11/101EK113,01170390.JPG,M11\101EK113\01170390.JPG,01170390.JPG,5954966,2025-01-17 15:10:00,moved
CT14,M11/101EK113,01170391.JPG,M11\101EK113\01170391.JPG,01170391.JPG,5957422,2025-01-17 15:10:02,moved
CT14,M11/101EK113,01170392.JPG,M11\101EK113\01170392.JPG,01170392.JPG,5955786,2025-01-17 15:10:02,moved
CT14,M11/101EK113,01170394.JPG,M11\101EK113\01170394.JPG,01170394.JPG,6125909,2025-01-17 15:11:00,moved
CT14,M11/101EK113,01170395.JPG,M11\101EK113\01170395.JPG,01170395.JPG,6127326,2025-01-17 15:11:03,moved
CT14,M11/101EK113,01170396.JPG,M11\101EK113\01170396.JPG,01170396.JPG,6123451,2025-01-17 15:11:02,moved
CT14,M11/101EK113,01170398.JPG,M11\101EK113\01170398.JPG,01170398.JPG,6161247,2025-01-17 15:12:00,moved
CT14,M11/101EK113,01170399.JPG,M11\101EK113\01170399.JPG,01170399.JPG,5750031,2025-01-17 15:12:02,moved
CT14,M11/101EK113,01170400.JPG,M11\101EK113\01170400.JPG,01170400.JPG,6136013,2025-01-17 15:12:02,moved
CT14,M11/101EK113,01170402.JPG,M11\101EK113\01170402.JPG,01170402.JPG,6125552,2025-01-17 15:13:03,moved
CT14,M11/101EK113,01170403.JPG,M11\101EK113\01170403.JPG,01170403.JPG,6121036,2025-01-17 15:13:02,moved
CT14,M11/101EK113,01170404.JPG,M11\101EK113\01170404.JPG,01170404.JPG,6142271,2025-01-17 15:13:02,moved
CT14,M11/101EK113,01170406.JPG,M11\101EK113\01170406.JPG,01170406.JPG,6117621,2025-01-17 15:14:03,moved
CT14,M11/101EK113,01170407.JPG,M11\101EK113\01170407.JPG,01170407.JPG,6145710,2025-01-17 15:14:02,moved
CT14,M11/101EK113,01170408.JPG,M11\101EK113\01170408.JPG,01170408.JPG,6117878,2025-01-17 15:14:02,moved
CT14,M11/101EK113,01170410.JPG,M11\101EK113\01170410.JPG,01170410.JPG,6159473,2025-01-17 15:15:03,moved
CT14,M11/101EK113,01170411.JPG,M11\101EK113\01170411.JPG,01170411.JPG,6128522,2025-01-17 15:15:02,moved
CT14,M11/101EK113,01170412.JPG,M11\101EK113\01170412.JPG,01170412.JPG,5749774,2025-01-17 15:15:02,moved
CT14,M11/101EK113,01170414.JPG,M11\101EK113\01170414.JPG,01170414.JPG,6119599,2025-01-17 15:16:02,moved
CT14,M11/101EK113,01170415.JPG,M11\101EK113\01170415.JPG,01170415.JPG,6248753,2025-01-17 15:16:02,moved
CT14,M11/101EK113,01170416.JPG,M11\101EK113\01170416.JPG,01170416.JPG,6125144,2025-01-17 15:16:02,moved
CT14,M11/101EK113,01170418.JPG,M11\101EK113\01170418.JPG,01170418.JPG,5783181,2025-01-17 15:17:02,moved
CT14,M11/101EK113,01170419.JPG,M11\101EK113\01170419.JPG,01170419.JPG,6111853,2025-01-17 15:17:02,moved
CT14,M11/101EK113,01170420.JPG,M11\101EK113\01170420.JPG,01170420.JPG,6236312,2025-01-17 15:17:02,moved
CT14,M11/101EK113,01170422.JPG,M11\101EK113\01170422.JPG,01170422.JPG,6266787,2025-01-17 15:18:00,moved
CT14,M11/101EK113,01170423.JPG,M11\101EK113\01170423.JPG,01170423.JPG,6225733,2025-01-17 15:18:02,moved
CT14,M11/101EK113,01170424.JPG,M11\101EK113\01170424.JPG,01170424.JPG,6233688,2025-01-17 15:18:02,moved
CT14,M11/101EK113,01170426.JPG,M11\101EK113\01170426.JPG,01170426.JPG,6224669,2025-01-17 15:19:00,moved
CT14,M11/101EK113,01170427.JPG,M11\101EK113\01170427.JPG,01170427.JPG,6012179,2025-01-17 15:19:02,moved
CT14,M11/101EK113,01170428.JPG,M11\101EK113\01170428.JPG,01170428.JPG,6000883,2025-01-17 15:19:02,moved
CT14,M11/101EK113,01170430.JPG,M11\101EK113\01170430.JPG,01170430.JPG,6239119,2025-01-17 15:20:03,moved
CT14,M11/101EK113,01170431.JPG,M11\101EK113\01170431.JPG,01170431.JPG,5813989,2025-01-17 15:20:02,moved
CT14,M11/101EK113,01170432.JPG,M11\101EK113\01170432.JPG,01170432.JPG,6252281,2025-01-17 15:20:02,moved
CT14,M11/101EK113,01170434.JPG,M11\101EK113\01170434.JPG,01170434.JPG,6093814,2025-01-17 15:21:02,moved
CT14,M11/101EK113,01170435.JPG,M11\101EK113\01170435.JPG,01170435.JPG,6225967,2025-01-17 15:21:02,moved
CT14,M11/101EK113,01170436.JPG,M11\101EK113\01170436.JPG,01170436.JPG,6084057,2025-01-17 15:21:02,moved
CT14,M11/101EK113,01170438.JPG,M11\101EK113\01170438.JPG,01170438.JPG,6198928,2025-01-17 15:22:02,moved
CT14,M11/101EK113,01170439.JPG,M11\101EK113\01170439.JPG,01170439.JPG,6196657,2025-01-17 15:22:02,moved
CT14,M11/101EK113,01170440.JPG,M11\101EK113\01170440.JPG,01170440.JPG,6038467,2025-01-17 15:22:02,moved
CT14,M11/101EK113,01170442.JPG,M11\101EK113\01170442.JPG,01170442.JPG,6206975,2025-01-17 15:23:00,moved
CT14,M11/101EK113,01170443.JPG,M11\101EK113\01170443.JPG,01170443.JPG,6197415,2025-01-17 15:23:02,moved
CT14,M11/101EK113,01170444.JPG,M11\101EK113\01170444.JPG,01170444.JPG,6049427,2025-01-17 15:23:02,moved
CT14,M11/101EK113,01170446.JPG,M11\101EK113\01170446.JPG,01170446.JPG,5766567,2025-01-17 15:24:03,moved
CT14,M11/101EK113,01170447.JPG,M11\101EK113\01170447.JPG,01170447.JPG,5768723,2025-01-17 15:24:02,moved
CT14,M11/101EK113,01170448.JPG,M11\101EK113\01170448.JPG,01170448.JPG,6200794,2025-01-17 15:24:02,moved
CT14,M11/101EK113,01170450.JPG,M11\101EK113\01170450.JPG,01170450.JPG,5838594,2025-01-17 15:25:02,moved
CT14,M11/101EK113,01170451.JPG,M11\101EK113\01170451.JPG,01170451.JPG,5831942,2025-01-17 15:25:02,moved
CT14,M11/101EK113,01170452.JPG,M11\101EK113\01170452.JPG,01170452.JPG,5770460,2025-01-17 15:25:02,moved
CT14,M11/101EK113,01170454.JPG,M11\101EK113\01170454.JPG,01170454.JPG,5811949,2025-01-17 15:26:00,moved
CT14,M11/101EK113,01170455.JPG,M11\101EK113\01170455.JPG,01170455.JPG,6172154,2025-01-17 15:26:02,moved
CT14,M11/101EK113,01170456.JPG,M11\101EK113\01170456.JPG,01170456.JPG,6169114,2025-01-17 15:26:02,moved
CT14,M11/101EK113,01170458.JPG,M11\101EK113\01170458.JPG,01170458.JPG,5809005,2025-01-17 15:27:03,moved
CT14,M11/101EK113,01170459.JPG,M11\101EK113\01170459.JPG,01170459.JPG,6165812,2025-01-17 15:27:02,moved
CT14,M11/101EK113,01170460.JPG,M11\101EK113\01170460.JPG,01170460.JPG,5749025,2025-01-17 15:27:02,moved
CT14,M11/101EK113,01170462.JPG,M11\101EK113\01170462.JPG,01170462.JPG,5848330,2025-01-17 15:28:02,moved
CT14,M11/101EK113,01170463.JPG,M11\101EK113\01170463.JPG,01170463.JPG,5778125,2025-01-17 15:28:02,moved
CT14,M11/101EK113,01170464.JPG,M11\101EK113\01170464.JPG,01170464.JPG,6263876,2025-01-17 15:28:02,moved
CT14,M11/101EK113,01170466.JPG,M11\101EK113\01170466.JPG,01170466.JPG,6258572,2025-01-17 15:29:00,moved
CT14,M11/101EK113,01170467.JPG,M11\101EK113\01170467.JPG,01170467.JPG,5844401,2025-01-17 15:29:02,moved
CT14,M11/101EK113,01170468.JPG,M11\101EK113\01170468.JPG,01170468.JPG,6257700,2025-01-17 15:29:02,moved
CT14,M11/101EK113,01170470.JPG,M11\101EK113\01170470.JPG,01170470.JPG,6165734,2025-01-17 15:30:03,moved
CT14,M11/101EK113,01170471.JPG,M11\101EK113\01170471.JPG,01170471.JPG,6163002,2025-01-17 15:30:02,moved
CT14,M11/101EK113,01170472.JPG,M11\101EK113\01170472.JPG,01170472.JPG,6151952,2025-01-17 15:30:02,moved
CT14,M11/101EK113,01170474.JPG,M11\101EK113\01170474.JPG,01170474.JPG,6189985,2025-01-17 15:31:00,moved
CT14,M11/101EK113,01170475.JPG,M11\101EK113\01170475.JPG,01170475.JPG,5753162,2025-01-17 15:31:03,moved
CT14,M11/101EK113,01170476.JPG,M11\101EK113\01170476.JPG,01170476.JPG,6185889,2025-01-17 15:31:02,moved
CT14,M11/101EK113,01170478.JPG,M11\101EK113\01170478.JPG,01170478.JPG,6117216,2025-01-17 15:32:02,moved
CT14,M11/101EK113,01170479.JPG,M11\101EK113\01170479.JPG,01170479.JPG,6026422,2025-01-17 15:32:02,moved
CT14,M11/101EK113,01170480.JPG,M11\101EK113\01170480.JPG,01170480.JPG,6040335,2025-01-17 15:32:02,moved
CT14,M11/101EK113,01170482.JPG,M11\101EK113\01170482.JPG,01170482.JPG,6031539,2025-01-17 15:33:02,moved
CT14,M11/101EK113,01170483.JPG,M11\101EK113\01170483.JPG,01170483.JPG,6154239,2025-01-17 15:33:02,moved
CT14,M11/101EK113,01170484.JPG,M11\101EK113\01170484.JPG,01170484.JPG,6013949,2025-01-17 15:33:02,moved
CT14,M11/101EK113,01170486.JPG,M11\101EK113\01170486.JPG,01170486.JPG,6020372,2025-01-17 15:34:00,moved
CT14,M11/101EK113,01170487.JPG,M11\101EK113\01170487.JPG,01170487.JPG,6128960,2025-01-17 15:34:02,moved
CT14,M11/101EK113,01170488.JPG,M11\101EK113\01170488.JPG,01170488.JPG,6010602,2025-01-17 15:34:02,moved
CT14,M11/101EK113,01170490.JPG,M11\101EK113\01170490.JPG,01170490.JPG,5915264,2025-01-17 15:35:02,moved
CT14,M11/101EK113,01170491.JPG,M11\101EK113\01170491.JPG,01170491.JPG,5918089,2025-01-17 15:35:02,moved
CT14,M11/101EK113,01170492.JPG,M11\101EK113\01170492.JPG,01170492.JPG,5788635,2025-01-17 15:35:02,moved
CT14,M11/101EK113,01170494.JPG,M11\101EK113\01170494.JPG,01170494.JPG,5829502,2025-01-17 15:36:00,moved
CT14,M11/101EK113,01170495.JPG,M11\101EK113\01170495.JPG,01170495.JPG,5692911,2025-01-17 15:36:02,moved
CT14,M11/101EK113,01170496.JPG,M11\101EK113\01170496.JPG,01170496.JPG,5691545,2025-01-17 15:36:02,moved
CT14,M11/101EK113,01170498.JPG,M11\101EK113\01170498.JPG,01170498.JPG,5840368,2025-01-17 15:37:02,moved
CT14,M11/101EK113,01170499.JPG,M11\101EK113\01170499.JPG,01170499.JPG,5840280,2025-01-17 15:37:02,moved
CT14,M11/101EK113,01170500.JPG,M11\101EK113\01170500.JPG,01170500.JPG,5872300,2025-01-17 15:37:02,moved
CT14,M11/101EK113,01170502.JPG,M11\101EK113\01170502.JPG,01170502.JPG,5761298,2025-01-17 15:38:00,moved
CT14,M11/101EK113,01170503.JPG,M11\101EK113\01170503.JPG,01170503.JPG,5637335,2025-01-17 15:38:02,moved
CT14,M11/101EK113,01170504.JPG,M11\101EK113\01170504.JPG,01170504.JPG,5495495,2025-01-17 15:38:02,moved
CT14,M11/101EK113,01170506.JPG,M11\101EK113\01170506.JPG,01170506.JPG,5642802,2025-01-17 15:39:02,moved
CT14,M11/101EK113,01170507.JPG,M11\101EK113\01170507.JPG,01170507.JPG,5627781,2025-01-17 15:39:02,moved
CT14,M11/101EK113,01170508.JPG,M11\101EK113\01170508.JPG,01170508.JPG,5485994,2025-01-17 15:39:02,moved
CT14,M11/101EK113,01170510.JPG,M11\101EK113\01170510.JPG,01170510.JPG,5548824,2025-01-17 15:40:03,moved
CT14,M11/101EK113,01170511.JPG,M11\101EK113\01170511.JPG,01170511.JPG,5552395,2025-01-17 15:40:02,moved
CT14,M11/101EK113,01170512.JPG,M11\101EK113\01170512.JPG,01170512.JPG,5549862,2025-01-17 15:40:02,moved
CT14,M11/101EK113,01170514.JPG,M11\101EK113\01170514.JPG,01170514.JPG,5557491,2025-01-17 15:41:02,moved
CT14,M11/101EK113,01170515.JPG,M11\101EK113\01170515.JPG,01170515.JPG,5555915,2025-01-17 15:41:02,moved
CT14,M11/101EK113,01170516.JPG,M11\101EK113\01170516.JPG,01170516.JPG,5559751,2025-01-17 15:41:02,moved
CT14,M11/101EK113,01170518.JPG,M11\101EK113\01170518.JPG,01170518.JPG,5536178,2025-01-17 15:42:03,moved
CT14,M11/101EK113,01170519.JPG,M11\101EK113\01170519.JPG,01170519.JPG,5516384,2025-01-17 15:42:02,moved
CT14,M11/101EK113,01170520.JPG,M11\101EK113\01170520.JPG,01170520.JPG,5521209,2025-01-17 15:42:02,moved
CT14,M11/101EK113,01170522.JPG,M11\101EK113\01170522.JPG,01170522.JPG,5503116,2025-01-17 15:43:00,moved
CT14,M11/101EK113,01170523.JPG,M11\101EK113\01170523.JPG,01170523.JPG,5477386,2025-01-17 15:43:03,moved
CT14,M11/101EK113,01170524.JPG,M11\101EK113\01170524.JPG,01170524.JPG,5481597,2025-01-17 15:43:02,moved
CT14,M11/101EK113,01170526.JPG,M11\101EK113\01170526.JPG,01170526.JPG,5431332,2025-01-17 15:44:02,moved
CT14,M11/101EK113,01170527.JPG,M11\101EK113\01170527.JPG,01170527.JPG,5479018,2025-01-17 15:44:02,moved
CT14,M11/101EK113,01170528.JPG,M11\101EK113\01170528.JPG,01170528.JPG,5453519,2025-01-17 15:44:02,moved
CT14,M11/101EK113,01170530.JPG,M11\101EK113\01170530.JPG,01170530.JPG,5460607,2025-01-17 15:45:03,moved
CT14,M11/101EK113,01170531.JPG,M11\101EK113\01170531.JPG,01170531.JPG,5466616,2025-01-17 15:45:02,moved
CT14,M11/101EK113,01170532.JPG,M11\101EK113\01170532.JPG,01170532.JPG,5655855,2025-01-17 15:45:02,moved
CT14,M11/101EK113,01170534.JPG,M11\101EK113\01170534.JPG,01170534.JPG,5426877,2025-01-17 15:46:02,moved
CT14,M11/101EK113,01170535.JPG,M11\101EK113\01170535.JPG,01170535.JPG,5395154,2025-01-17 15:46:02,moved
CT14,M11/101EK113,01170536.JPG,M11\101EK113\01170536.JPG,01170536.JPG,5447044,2025-01-17 15:46:02,moved
CT14,M11/101EK113,01170538.JPG,M11\101EK113\01170538.JPG,01170538.JPG,5630301,2025-01-17 15:47:02,moved
CT14,M11/101EK113,01170539.JPG,M11\101EK113\01170539.JPG,01170539.JPG,5462207,2025-01-17 15:47:02,moved
CT14,M11/101EK113,01170540.JPG,M11\101EK113\01170540.JPG,01170540.JPG,5645733,2025-01-17 15:47:02,moved
CT14,M11/101EK113,01170542.JPG,M11\101EK113\01170542.JPG,01170542.JPG,5416573,2025-01-17 15:48:03,moved
CT14,M11/101EK113,01170543.JPG,M11\101EK113\01170543.JPG,01170543.JPG,5437795,2025-01-17 15:48:02,moved
CT14,M11/101EK113,01170544.JPG,M11\101EK113\01170544.JPG,01170544.JPG,5462525,2025-01-17 15:48:02,moved
CT14,M11/101EK113,01170546.JPG,M11\101EK113\01170546.JPG,01170546.JPG,5390394,2025-01-17 15:49:00,moved
CT14,M11/101EK113,01170547.JPG,M11\101EK113\01170547.JPG,01170547.JPG,5410818,2025-01-17 15:49:02,moved
CT14,M11/101EK113,01170548.JPG,M11\101EK113\01170548.JPG,01170548.JPG,5383510,2025-01-17 15:49:02,moved
CT14,M11/101EK113,01170550.JPG,M11\101EK113\01170550.JPG,01170550.JPG,5591409,2025-01-17 15:50:02,moved
CT14,M11/101EK113,01170551.JPG,M11\101EK113\01170551.JPG,01170551.JPG,5353192,2025-01-17 15:50:02,moved
CT14,M11/101EK113,01170552.JPG,M11\101EK113\01170552.JPG,01170552.JPG,5364417,2025-01-17 15:50:02,moved
CT14,M11/101EK113,01170554.JPG,M11\101EK113\01170554.JPG,01170554.JPG,5410278,2025-01-17 15:51:03,moved
CT14,M11/101EK113,01170555.JPG,M11\101EK113\01170555.JPG,01170555.JPG,5615850,2025-01-17 15:51:02,moved
CT14,M11/101EK113,01170556.JPG,M11\101EK113\01170556.JPG,01170556.JPG,5617120,2025-01-17 15:51:02,moved
CT14,M11/101EK113,01170558.JPG,M11\101EK113\01170558.JPG,01170558.JPG,5785723,2025-01-17 15:52:00,moved
CT14,M11/101EK113,01170559.JPG,M11\101EK113\01170559.JPG,01170559.JPG,5637122,2025-01-17 15:52:02,moved
CT14,M11/101EK113,01170560.JPG,M11\101EK113\01170560.JPG,01170560.JPG,5695147,2025-01-17 15:52:02,moved
CT14,M11/101EK113,01170562.JPG,M11\101EK113\01170562.JPG,01170562.JPG,5667102,2025-01-17 15:53:02,moved
CT14,M11/101EK113,01170563.JPG,M11\101EK113\01170563.JPG,01170563.JPG,5816187,2025-01-17 15:53:02,moved
CT14,M11/101EK113,01170564.JPG,M11\101EK113\01170564.JPG,01170564.JPG,5642580,2025-01-17 15:53:05,moved
CT14,M11/101EK113,01170566.JPG,M11\101EK113\01170566.JPG,01170566.JPG,5663785,2025-01-17 15:54:02,moved
CT14,M11/101EK113,01170567.JPG,M11\101EK113\01170567.JPG,01170567.JPG,5662888,2025-01-17 15:54:02,moved
CT14,M11/101EK113,01170568.JPG,M11\101EK113\01170568.JPG,01170568.JPG,5736373,2025-01-17 15:54:02,moved
CT14,M11/101EK113,01170570.JPG,M11\101EK113\01170570.JPG,01170570.JPG,5821235,2025-01-17 15:55:02,moved
CT14,M11/101EK113,01170571.JPG,M11\101EK113\01170571.JPG,01170571.JPG,5865104,2025-01-17 15:55:02,moved
CT14,M11/101EK113,01170572.JPG,M11\101EK113\01170572.JPG,01170572.JPG,5828474,2025-01-17 15:55:02,moved
CT14,M11/101EK113,01170574.JPG,M11\101EK113\01170574.JPG,01170574.JPG,5943801,2025-01-17 15:56:03,moved
CT14,M11/101EK113,01170575.JPG,M11\101EK113\01170575.JPG,01170575.JPG,5924207,2025-01-17 15:56:02,moved
CT14,M11/101EK113,01170576.JPG,M11\101EK113\01170576.JPG,01170576.JPG,6003354,2025-01-17 15:56:02,moved
CT14,M11/101EK113,01170578.JPG,M11\101EK113\01170578.JPG,01170578.JPG,5871430,2025-01-17 15:57:03,moved
CT14,M11/101EK113,01170579.JPG,M11\101EK113\01170579.JPG,01170579.JPG,5813170,2025-01-17 15:57:02,moved
CT14,M11/101EK113,01170580.JPG,M11\101EK113\01170580.JPG,01170580.JPG,5806647,2025-01-17 15:57:02,moved
CT14,M11/101EK113,01170582.JPG,M11\101EK113\01170582.JPG,01170582.JPG,5795681,2025-01-17 15:58:00,moved
CT14,M11/101EK113,01170583.JPG,M11\101EK113\01170583.JPG,01170583.JPG,5955070,2025-01-17 15:58:02,moved
CT14,M11/101EK113,01170584.JPG,M11\101EK113\01170584.JPG,01170584.JPG,5946903,2025-01-17 15:58:02,moved
CT14,M11/101EK113,01170586.JPG,M11\101EK113\01170586.JPG,01170586.JPG,5955077,2025-01-17 15:59:02,moved
CT14,M11/101EK113,01170587.JPG,M11\101EK113\01170587.JPG,01170587.JPG,5729486,2025-01-17 15:59:02,moved
CT14,M11/101EK113,01170588.JPG,M11\101EK113\01170588.JPG,01170588.JPG,5952117,2025-01-17 15:59:02,moved
CT14,M11/101EK113,01170590.JPG,M11\101EK113\01170590.JPG,01170590.JPG,5987143,2025-01-17 16:00:02,moved
CT14,M11/101EK113,01170591.JPG,M11\101EK113\01170591.JPG,01170591.JPG,5933644,2025-01-17 16:00:02,moved
CT14,M11/101EK113,01170592.JPG,M11\101EK113\01170592.JPG,01170592.JPG,5928676,2025-01-17 16:00:05,moved
CT14,M11/101EK113,01170594.JPG,M11\101EK113\01170594.JPG,01170594.JPG,5818125,2025-01-17 16:01:02,moved
CT14,M11/101EK113,01170595.JPG,M11\101EK113\01170595.JPG,01170595.JPG,5821477,2025-01-17 16:01:02,moved
CT14,M11/101EK113,01170596.JPG,M11\101EK113\01170596.JPG,01170596.JPG,5913580,2025-01-17 16:01:02,moved
CT14,M11/101EK113,01170598.JPG,M11\101EK113\01170598.JPG,01170598.JPG,5773188,2025-01-17 16:02:02,moved
CT14,M11/101EK113,01170599.JPG,M11\101EK113\01170599.JPG,01170599.JPG,5978564,2025-01-17 16:02:02,moved
CT14,M11/101EK113,01170600.JPG,M11\101EK113\01170600.JPG,01170600.JPG,5980100,2025-01-17 16:02:02,moved
CT14,M11/101EK113,01170602.JPG,M11\101EK113\01170602.JPG,01170602.JPG,6013712,2025-01-17 16:03:02,moved
CT14,M11/101EK113,01170603.JPG,M11\101EK113\01170603.JPG,01170603.JPG,6133666,2025-01-17 16:03:02,moved
CT14,M11/101EK113,01170604.JPG,M11\101EK113\01170604.JPG,01170604.JPG,6007515,2025-01-17 16:03:02,moved
CT14,M11/101EK113,01170606.JPG,M11\101EK113\01170606.JPG,01170606.JPG,5850598,2025-01-17 16:04:02,moved
CT14,M11/101EK113,01170607.JPG,M11\101EK113\01170607.JPG,01170607.JPG,5807897,2025-01-17 16:04:02,moved
CT14,M11/101EK113,01170608.JPG,M11\101EK113\01170608.JPG,01170608.JPG,6003551,2025-01-17 16:04:02,moved
CT14,M11/101EK113,01170610.JPG,M11\101EK113\01170610.JPG,01170610.JPG,6042344,2025-01-17 16:05:02,moved
CT14,M11/101EK113,01170611.JPG,M11\101EK113\01170611.JPG,01170611.JPG,5991018,2025-01-17 16:05:02,moved
CT14,M11/101EK113,01170612.JPG,M11\101EK113\01170612.JPG,01170612.JPG,5844758,2025-01-17 16:05:02,moved
CT14,M11/101EK113,01170614.JPG,M11\101EK113\01170614.JPG,01170614.JPG,5682356,2025-01-17 16:06:02,moved
CT14,M11/101EK113,01170615.JPG,M11\101EK113\01170615.JPG,01170615.JPG,5842293,2025-01-17 16:06:02,moved
CT14,M11/101EK113,01170616.JPG,M11\101EK113\01170616.JPG,01170616.JPG,5674144,2025-01-17 16:06:02,moved
CT14,M11/101EK113,01170618.JPG,M11\101EK113\01170618.JPG,01170618.JPG,6082888,2025-01-17 16:07:02,moved
CT14,M11/101EK113,01170619.JPG,M11\101EK113\01170619.JPG,01170619.JPG,5886102,2025-01-17 16:07:02,moved
CT14,M11/101EK113,01170620.JPG,M11\101EK113\01170620.JPG,01170620.JPG,5882092,2025-01-17 16:07:05,moved
CT14,M11/101EK113,01170622.JPG,M11\101EK113\01170622.JPG,01170622.JPG,5694198,2025-01-17 16:08:02,moved
CT14,M11/101EK113,01170623.JPG,M11\101EK113\01170623.JPG,01170623.JPG,5873156,2025-01-17 16:08:02,moved
CT14,M11/101EK113,01170624.JPG,M11\101EK113\01170624.JPG,01170624.JPG,5864697,2025-01-17 16:08:05,moved
CT14,M11/101EK113,01170626.JPG,M11\101EK113\01170626.JPG,01170626.JPG,5894945,2025-01-17 16:09:02,moved
CT14,M11/101EK113,01170627.JPG,M11\101EK113\01170627.JPG,01170627.JPG,5886590,2025-01-17 16:09:02,moved
CT14,M11/101EK113,01170628.JPG,M11\101EK113\01170628.JPG,01170628.JPG,5916808,2025-01-17 16:09:05,moved
CT14,M11/101EK113,01170630.JPG,M11\101EK113\01170630.JPG,01170630.JPG,5906048,2025-01-17 16:10:02,moved
CT14,M11/101EK113,01170631.JPG,M11\101EK113\01170631.JPG,01170631.JPG,6059108,2025-01-17 16:10:02,moved
CT14,M11/101EK113,01170632.JPG,M11\101EK113\01170632.JPG,01170632.JPG,5878417,2025-01-17 16:10:05,moved
CT14,M11/101EK113,01170634.JPG,M11\101EK113\01170634.JPG,01170634.JPG,6119274,2025-01-17 16:11:02,moved
CT14,M11/101EK113,01170635.JPG,M11\101EK113\01170635.JPG,01170635.JPG,5968301,2025-01-17 16:11:02,moved
CT14,M11/101EK113,01170636.JPG,M11\101EK113\01170636.JPG,01170636.JPG,5958103,2025-01-17 16:11:05,moved
CT14,M11/101EK113,01170638.JPG,M11\101EK113\01170638.JPG,01170638.JPG,5709644,2025-01-17 16:12:02,moved
CT14,M11/101EK113,01170639.JPG,M11\101EK113\01170639.JPG,01170639.JPG,5736954,2025-01-17 16:12:02,moved
CT14,M11/101EK113,01170640.JPG,M11\101EK113\01170640.JPG,01170640.JPG,5734579,2025-01-17 16:12:05,moved
CT14,M11/101EK113,01170642.JPG,M11\101EK113\01170642.JPG,01170642.JPG,5713033,2025-01-17 16:13:00,moved
CT14,M11/101EK113,01170643.JPG,M11\101EK113\01170643.JPG,01170643.JPG,5751519,2025-01-17 16:13:02,moved
CT14,M11/101EK113,01170644.JPG,M11\101EK113\01170644.JPG,01170644.JPG,5747872,2025-01-17 16:13:02,moved
CT14,M11/101EK113,01170646.JPG,M11\101EK113\01170646.JPG,01170646.JPG,5909655,2025-01-17 16:14:03,moved
CT14,M11/101EK113,01170647.JPG,M11\101EK113\01170647.JPG,01170647.JPG,5899804,2025-01-17 16:14:02,moved
CT14,M11/101EK113,01170648.JPG,M11\101EK113\01170648.JPG,01170648.JPG,5895469,2025-01-17 16:14:02,moved
CT14,M11/101EK113,01170650.JPG,M11\101EK113\01170650.JPG,01170650.JPG,5932150,2025-01-17 16:15:02,moved
CT14,M11/101EK113,01170651.JPG,M11\101EK113\01170651.JPG,01170651.JPG,5925355,2025-01-17 16:15:02,moved
CT14,M11/101EK113,01170652.JPG,M11\101EK113\01170652.JPG,01170652.JPG,5928232,2025-01-17 16:15:02,moved
CT14,M11/101EK113,01170654.JPG,M11\101EK113\01170654.JPG,01170654.JPG,5962478,2025-01-17 16:16:02,moved
CT14,M11/101EK113,01170655.JPG,M11\101EK113\01170655.JPG,01170655.JPG,6019590,2025-01-17 16:16:02,moved
CT14,M11/101EK113,01170656.JPG,M11\101EK113\01170656.JPG,01170656.JPG,5941150,2025-01-17 16:16:02,moved
CT14,M11/101EK113,01170658.JPG,M11\101EK113\01170658.JPG,01170658.JPG,6038534,2025-01-17 16:17:02,moved
CT14,M11/101EK113,01170659.JPG,M11\101EK113\01170659.JPG,01170659.JPG,5975340,2025-01-17 16:17:02,moved
CT14,M11/101EK113,01170660.JPG,M11\101EK113\01170660.JPG,01170660.JPG,5951477,2025-01-17 16:17:02,moved
CT14,M11/101EK113,01170662.JPG,M11\101EK113\01170662.JPG,01170662.JPG,5763098,2025-01-17 16:18:02,moved
CT14,M11/101EK113,01170663.JPG,M11\101EK113\01170663.JPG,01170663.JPG,5761092,2025-01-17 16:18:02,moved
CT14,M11/101EK113,01170664.JPG,M11\101EK113\01170664.JPG,01170664.JPG,5766101,2025-01-17 16:18:02,moved
CT14,M11/101EK113,01170666.JPG,M11\101EK113\01170666.JPG,01170666.JPG,5793325,2025-01-17 16:19:02,moved
CT14,M11/101EK113,01170667.JPG,M11\101EK113\01170667.JPG,01170667.JPG,5797006,2025-01-17 16:19:02,moved
CT14,M11/101EK113,01170668.JPG,M11\101EK113\01170668.JPG,01170668.JPG,5819911,2025-01-17 16:19:05,moved
CT14,M11/101EK113,01170670.JPG,M11\101EK113\01170670.JPG,01170670.JPG,5801816,2025-01-17 16:20:02,moved
CT14,M11/101EK113,01170671.JPG,M11\101EK113\01170671.JPG,01170671.JPG,5801168,2025-01-17 16:20:02,moved
CT14,M11/101EK113,01170672.JPG,M11\101EK113\01170672.JPG,01170672.JPG,5805629,2025-01-17 16:20:05,moved
CT14,M11/101EK113,01170674.JPG,M11\101EK113\01170674.JPG,01170674.JPG,5793306,2025-01-17 16:21:02,moved
CT14,M11/101EK113,01170675.JPG,M11\101EK113\01170675.JPG,01170675.JPG,5790603,2025-01-17 16:21:02,moved
CT14,M11/101EK113,01170676.JPG,M11\101EK113\01170676.JPG,01170676.JPG,5792732,2025-01-17 16:21:05,moved
CT14,M11/101EK113,01170678.JPG,M11\101EK113\01170678.JPG,01170678.JPG,5801375,2025-01-17 16:22:00,moved
CT14,M11/101EK113,01170679.JPG,M11\101EK113\01170679.JPG,01170679.JPG,5764412,2025-01-17 16:22:02,moved
CT14,M11/101EK113,01170680.JPG,M11\101EK113\01170680.JPG,01170680.JPG,5822965,2025-01-17 16:22:02,moved
CT14,M11/101EK113,01170682.JPG,M11\101EK113\01170682.JPG,01170682.JPG,5844223,2025-01-17 16:23:03,moved
CT14,M11/101EK113,01170683.JPG,M11\101EK113\01170683.JPG,01170683.JPG,5868322,2025-01-17 16:23:02,moved
CT14,M11/101EK113,01170684.JPG,M11\101EK113\01170684.JPG,01170684.JPG,5867111,2025-01-17 16:23:02,moved
CT14,M11/101EK113,01170686.JPG,M11\101EK113\01170686.JPG,01170686.JPG,5808058,2025-01-17 16:24:02,moved
CT14,M11/101EK113,01170687.JPG,M11\101EK113\01170687.JPG,01170687.JPG,5802356,2025-01-17 16:24:02,moved
CT14,M11/101EK113,01170688.JPG,M11\101EK113\01170688.JPG,01170688.JPG,5803641,2025-01-17 16:24:02,moved
CT14,M11/101EK113,01170690.JPG,M11\101EK113\01170690.JPG,01170690.JPG,5866215,2025-01-17 16:25:02,moved
CT14,M11/101EK113,01170691.JPG,M11\101EK113\01170691.JPG,01170691.JPG,5832425,2025-01-17 16:25:02,moved
CT14,M11/101EK113,01170692.JPG,M11\101EK113\01170692.JPG,01170692.JPG,5832998,2025-01-17 16:25:02,moved
CT14,M11/101EK113,01170694.JPG,M11\101EK113\01170694.JPG,01170694.JPG,5840403,2025-01-17 16:26:02,moved
CT14,M11/101EK113,01170695.JPG,M11\101EK113\01170695.JPG,01170695.JPG,5844632,2025-01-17 16:26:02,moved
CT14,M11/101EK113,01170696.JPG,M11\101EK113\01170696.JPG,01170696.JPG,5836118,2025-01-17 16:26:05,moved
CT14,M11/101EK113,01170698.JPG,M11\101EK113\01170698.JPG,01170698.JPG,5913136,2025-01-17 16:27:02,moved
CT14,M11/101EK113,01170699.JPG,M11\101EK113\01170699.JPG,01170699.JPG,5911571,2025-01-17 16:27:02,moved
CT14,M11/101EK113,01170700.JPG,M11\101EK113\01170700.JPG,01170700.JPG,5882065,2025-01-17 16:27:04,moved
CT14,M11/101EK113,01170702.JPG,M11\101EK113\01170702.JPG,01170702.JPG,6112705,2025-01-17 16:28:03,moved
CT14,M11/101EK113,01170703.JPG,M11\101EK113\01170703.JPG,01170703.JPG,5881729,2025-01-17 16:28:02,moved
CT14,M11/101EK113,01170704.JPG,M11\101EK113\01170704.JPG,01170704.JPG,5880398,2025-01-17 16:28:02,moved
CT14,M11/101EK113,01170706.JPG,M11\101EK113\01170706.JPG,01170706.JPG,5919671,2025-01-17 16:29:03,moved
CT14,M11/101EK113,01170707.JPG,M11\101EK113\01170707.JPG,01170707.JPG,5921132,2025-01-17 16:29:02,moved
CT14,M11/101EK113,01170708.JPG,M11\101EK113\01170708.JPG,01170708.JPG,5894876,2025-01-17 16:29:02,moved
CT14,M11/101EK113,01170710.JPG,M11\101EK113\01170710.JPG,01170710.JPG,6042540,2025-01-17 16:30:02,moved
CT14,M11/101EK113,01170711.JPG,M11\101EK113\01170711.JPG,01170711.JPG,5942494,2025-01-17 16:30:02,moved
CT14,M11/101EK113,01170712.JPG,M11\101EK113\01170712.JPG,01170712.JPG,5939651,2025-01-17 16:30:02,moved
CT14,M11/101EK113,01170714.JPG,M11\101EK113\01170714.JPG,01170714.JPG,5895034,2025-01-17 16:31:02,moved
CT14,M11/101EK113,01170715.JPG,M11\101EK113\01170715.JPG,01170715.JPG,5956100,2025-01-17 16:31:02,moved
CT14,M11/101EK113,01170716.JPG,M11\101EK113\01170716.JPG,01170716.JPG,5888338,2025-01-17 16:31:05,moved
CT14,M11/101EK113,01170718.JPG,M11\101EK113\01170718.JPG,01170718.JPG,5919129,2025-01-17 16:32:02,moved
CT14,M11/101EK113,01170719.JPG,M11\101EK113\01170719.JPG,01170719.JPG,5883207,2025-01-17 16:32:02,moved
CT14,M11/101EK113,01170720.JPG,M11\101EK113\01170720.JPG,01170720.JPG,5874315,2025-01-17 16:32:05,moved
CT14,M11/101EK113,01170722.JPG,M11\101EK113\01170722.JPG,01170722.JPG,5880596,2025-01-17 16:33:03,moved
CT14,M11/101EK113,01170723.JPG,M11\101EK113\01170723.JPG,01170723.JPG,5875209,2025-01-17 16:33:02,moved
CT14,M11/101EK113,01170724.JPG,M11\101EK113\01170724.JPG,01170724.JPG,5884673,2025-01-17 16:33:02,moved
CT14,M11/101EK113,01170726.JPG,M11\101EK113\01170726.JPG,01170726.JPG,5978993,2025-01-17 16:34:02,moved
CT14,M11/101EK113,01170727.JPG,M11\101EK113\01170727.JPG,01170727.JPG,5977028,2025-01-17 16:34:02,moved
CT14,M11/101EK113,01170728.JPG,M11\101EK113\01170728.JPG,01170728.JPG,5970064,2025-01-17 16:34:02,moved
CT14,M11/101EK113,01170730.JPG,M11\101EK113\01170730.JPG,01170730.JPG,5965612,2025-01-17 16:35:02,moved
CT14,M11/101EK113,01170731.JPG,M11\101EK113\01170731.JPG,01170731.JPG,5966956,2025-01-17 16:35:02,moved
CT14,M11/101EK113,01170732.JPG,M11\101EK113\01170732.JPG,01170732.JPG,5954463,2025-01-17 16:35:02,moved
CT14,M11/101EK113,01170734.JPG,M11\101EK113\01170734.JPG,01170734.JPG,5953133,2025-01-17 16:36:02,moved
CT14,M11/101EK113,01170735.JPG,M11\101EK113\01170735.JPG,01170735.JPG,5992344,2025-01-17 16:36:02,moved
CT14,M11/101EK113,01170736.JPG,M11\101EK113\01170736.JPG,01170736.JPG,5951446,2025-01-17 16:36:02,moved
CT14,M11/101EK113,01170738.JPG,M11\101EK113\01170738.JPG,01170738.JPG,6017552,2025-01-17 16:37:02,moved
CT14,M11/101EK113,01170739.JPG,M11\101EK113\01170739.JPG,01170739.JPG,5967879,2025-01-17 16:37:02,moved
CT14,M11/101EK113,01170740.JPG,M11\101EK113\01170740.JPG,01170740.JPG,6010346,2025-01-17 16:37:05,moved
CT14,M11/101EK113,01170742.JPG,M11\101EK113\01170742.JPG,01170742.JPG,6040585,2025-01-17 16:38:03,moved
CT14,M11/101EK113,01170743.JPG,M11\101EK113\01170743.JPG,01170743.JPG,6037865,2025-01-17 16:38:02,moved
CT14,M11/101EK113,01170744.JPG,M11\101EK113\01170744.JPG,01170744.JPG,6033781,2025-01-17 16:38:02,moved
CT14,M11/101EK113,01170746.JPG,M11\101EK113\01170746.JPG,01170746.JPG,6016548,2025-01-17 16:39:02,moved
CT14,M11/101EK113,01170747.JPG,M11\101EK113\01170747.JPG,01170747.JPG,6020637,2025-01-17 16:39:02,moved
CT14,M11/101EK113,01170748.JPG,M11\101EK113\01170748.JPG,01170748.JPG,6014964,2025-01-17 16:39:02,moved
CT14,M11/101EK113,01170750.JPG,M11\101EK113\01170750.JPG,01170750.JPG,6062163,2025-01-17 16:40:02,moved
CT14,M11/101EK113,01170751.JPG,M11\101EK113\01170751.JPG,01170751.JPG,6065408,2025-01-17 16:40:02,moved
CT14,M11/101EK113,01170752.JPG,M11\101EK113\01170752.JPG,01170752.JPG,6069154,2025-01-17 16:40:02,moved
CT14,M11/101EK113,01170754.JPG,M11\101EK113\01170754.JPG,01170754.JPG,6089532,2025-01-17 16:41:02,moved
CT14,M11/101EK113,01170755.JPG,M11\101EK113\01170755.JPG,01170755.JPG,6088605,2025-01-17 16:41:02,moved
CT14,M11/101EK113,01170756.JPG,M11\101EK113\01170756.JPG,01170756.JPG,6098458,2025-01-17 16:41:04,moved
CT14,M11/101EK113,01170758.JPG,M11\101EK113\01170758.JPG,01170758.JPG,6088419,2025-01-17 16:42:00,moved
CT14,M11/101EK113,01170759.JPG,M11\101EK113\01170759.JPG,01170759.JPG,6084812,2025-01-17 16:42:02,moved
CT14,M11/101EK113,01170760.JPG,M11\101EK113\01170760.JPG,01170760.JPG,6109615,2025-01-17 16:42:02,moved
CT14,M11/101EK113,01170762.JPG,M11\101EK113\01170762.JPG,01170762.JPG,6067372,2025-01-17 16:43:03,moved
CT14,M11/101EK113,01170763.JPG,M11\101EK113\01170763.JPG,01170763.JPG,6064408,2025-01-17 16:43:02,moved
CT14,M11/101EK113,01170764.JPG,M11\101EK113\01170764.JPG,01170764.JPG,6064113,2025-01-17 16:43:02,moved
CT14,M11/101EK113,01170766.JPG,M11\101EK113\01170766.JPG,01170766.JPG,6057227,2025-01-17 16:44:02,moved
CT14,M11/101EK113,01170767.JPG,M11\101EK113\01170767.JPG,01170767.JPG,6056068,2025-01-17 16:44:02,moved
CT14,M11/101EK113,01170768.JPG,M11\101EK113\01170768.JPG,01170768.JPG,6054330,2025-01-17 16:44:02,moved
CT14,M11/101EK113,01170770.JPG,M11\101EK113\01170770.JPG,01170770.JPG,6114148,2025-01-17 16:45:02,moved
CT14,M11/101EK113,01170771.JPG,M11\101EK113\01170771.JPG,01170771.JPG,6085164,2025-01-17 16:45:02,moved
CT14,M11/101EK113,01170772.JPG,M11\101EK113\01170772.JPG,01170772.JPG,6084885,2025-01-17 16:45:02,moved
CT14,M11/101EK113,01170774.JPG,M11\101EK113\01170774.JPG,01170774.JPG,6092199,2025-01-17 16:46:02,moved
CT14,M11/101EK113,01170775.JPG,M11\101EK113\01170775.JPG,01170775.JPG,6097057,2025-01-17 16:46:02,moved
CT14,M11/101EK113,01170776.JPG,M11\101EK113\01170776.JPG,01170776.JPG,6093050,2025-01-17 16:46:05,moved
CT14,M11/101EK113,01170778.JPG,M11\101EK113\01170778.JPG,01170778.JPG,6063958,2025-01-17 16:47:00,moved
CT14,M11/101EK113,01170779.JPG,M11\101EK113\01170779.JPG,01170779.JPG,6070314,2025-01-17 16:47:02,moved
CT14,M11/101EK113,01170780.JPG,M11\101EK113\01170780.JPG,01170780.JPG,6064095,2025-01-17 16:47:02,moved
CT14,M11/101EK113,01170782.JPG,M11\101EK113\01170782.JPG,01170782.JPG,6181844,2025-01-17 16:48:03,moved
CT14,M11/101EK113,01170783.JPG,M11\101EK113\01170783.JPG,01170783.JPG,6160373,2025-01-17 16:48:02,moved
CT14,M11/101EK113,01170784.JPG,M11\101EK113\01170784.JPG,01170784.JPG,6147508,2025-01-17 16:48:02,moved
CT14,M11/101EK113,01170786.JPG,M11\101EK113\01170786.JPG,01170786.JPG,6090048,2025-01-17 16:49:02,moved
CT14,M11/101EK113,01170787.JPG,M11\101EK113\01170787.JPG,01170787.JPG,6089460,2025-01-17 16:49:02,moved
CT14,M11/101EK113,01170788.JPG,M11\101EK113\01170788.JPG,01170788.JPG,6092307,2025-01-17 16:49:02,moved
CT14,M11/101EK113,01170790.JPG,M11\101EK113\01170790.JPG,01170790.JPG,6082571,2025-01-17 16:50:02,moved
CT14,M11/101EK113,01170791.JPG,M11\101EK113\01170791.JPG,01170791.JPG,6072649,2025-01-17 16:50:02,moved
CT14,M11/101EK113,01170792.JPG,M11\101EK113\01170792.JPG,01170792.JPG,6086846,2025-01-17 16:50:05,moved
CT14,M11/101EK113,01170794.JPG,M11\101EK113\01170794.JPG,01170794.JPG,6095941,2025-01-17 16:51:02,moved
CT14,M11/101EK113,01170795.JPG,M11\101EK113\01170795.JPG,01170795.JPG,6092480,2025-01-17 16:51:02,moved
CT14,M11/101EK113,01170796.JPG,M11\101EK113\01170796.JPG,01170796.JPG,6107212,2025-01-17 16:51:05,moved
CT14,M11/101EK113,01170798.JPG,M11\101EK113\01170798.JPG,01170798.JPG,6122135,2025-01-17 16:52:00,moved
CT14,M11/101EK113,01170799.JPG,M11\101EK113\01170799.JPG,01170799.JPG,6130831,2025-01-17 16:52:02,moved
CT14,M11/101EK113,01170800.JPG,M11\101EK113\01170800.JPG,01170800.JPG,6121531,2025-01-17 16:52:02,moved
CT14,M11/101EK113,01170802.JPG,M11\101EK113\01170802.JPG,01170802.JPG,6104042,2025-01-17 16:53:03,moved
CT14,M11/101EK113,01170803.JPG,M11\101EK113\01170803.JPG,01170803.JPG,6101160,2025-01-17 16:53:02,moved
CT14,M11/101EK113,01170804.JPG,M11\101EK113\01170804.JPG,01170804.JPG,6103024,2025-01-17 16:53:02,moved
CT14,M11/101EK113,01170806.JPG,M11\101EK113\01170806.JPG,01170806.JPG,6073530,2025-01-17 16:54:02,moved
CT14,M11/101EK113,01170807.JPG,M11\101EK113\01170807.JPG,01170807.JPG,6074060,2025-01-17 16:54:02,moved
CT14,M11/101EK113,01170808.JPG,M11\101EK113\01170808.JPG,01170808.JPG,6079532,2025-01-17 16:54:02,moved
CT14,M11/101EK113,01170810.JPG,M11\101EK113\01170810.JPG,01170810.JPG,6093573,2025-01-17 16:55:02,moved
CT14,M11/101EK113,01170811.JPG,M11\101EK113\01170811.JPG,01170811.JPG,6093515,2025-01-17 16:55:02,moved
CT14,M11/101EK113,01170812.JPG,M11\101EK113\01170812.JPG,01170812.JPG,6090660,2025-01-17 16:55:02,moved
CT14,M11/101EK113,01170814.JPG,M11\101EK113\01170814.JPG,01170814.JPG,6130638,2025-01-17 16:56:02,moved
CT14,M11/101EK113,01170815.JPG,M11\101EK113\01170815.JPG,01170815.JPG,6133268,2025-01-17 16:56:02,moved
CT14,M11/101EK113,01170816.JPG,M11\101EK113\01170816.JPG,01170816.JPG,6095442,2025-01-17 16:56:04,moved
CT14,M11/101EK113,01170818.JPG,M11\101EK113\01170818.JPG,01170818.JPG,6156792,2025-01-17 16:57:02,moved
CT14,M11/101EK113,01170819.JPG,M11\101EK113\01170819.JPG,01170819.JPG,6149879,2025-01-17 16:57:02,moved
CT14,M11/101EK113,01170820.JPG,M11\101EK113\01170820.JPG,01170820.JPG,6152355,2025-01-17 16:57:04,moved
CT14,M11/101EK113,01170822.JPG,M11\101EK113\01170822.JPG,01170822.JPG,6138410,2025-01-17 16:58:03,moved
CT14,M11/101EK113,01170823.JPG,M11\101EK113\01170823.JPG,01170823.JPG,6206304,2025-01-17 16:58:02,moved
CT14,M11/101EK113,01170824.JPG,M11\101EK113\01170824.JPG,01170824.JPG,6168007,2025-01-17 16:58:02,moved
CT14,M11/101EK113,01170826.JPG,M11\101EK113\01170826.JPG,01170826.JPG,6190613,2025-01-17 16:59:02,moved
CT14,M11/101EK113,01170827.JPG,M11\101EK113\01170827.JPG,01170827.JPG,6188177,2025-01-17 16:59:02,moved
CT14,M11/101EK113,01170828.JPG,M11\101EK113\01170828.JPG,01170828.JPG,6190957,2025-01-17 16:59:02,moved
CT14,M11/101EK113,01170830.JPG,M11\101EK113\01170830.JPG,01170830.JPG,6197881,2025-01-17 17:00:02,moved
CT14,M11/101EK113,01170831.JPG,M11\101EK113\01170831.JPG,01170831.JPG,6150876,2025-01-17 17:00:02,moved
CT14,M11/101EK113,01170832.JPG,M11\101EK113\01170832.JPG,01170832.JPG,6217778,2025-01-17 17:00:02,moved
CT14,M11/101EK113,01170834.JPG,M11\101EK113\01170834.JPG,01170834.JPG,6222790,2025-01-17 17:01:02,moved
CT14,M11/101EK113,01170835.JPG,M11\101EK113\01170835.JPG,01170835.JPG,6233897,2025-01-17 17:01:02,moved
CT14,M11/101EK113,01170836.JPG,M11\101EK113\01170836.JPG,01170836.JPG,6222007,2025-01-17 17:01:05,moved
CT14,M11/101EK113,01170838.JPG,M11\101EK113\01170838.JPG,01170838.JPG,6261625,2025-01-17 17:02:02,moved
CT14,M11/101EK113,01170839.JPG,M11\101EK113\01170839.JPG,01170839.JPG,6239823,2025-01-17 17:02:02,moved
CT14,M11/101EK113,01170840.JPG,M11\101EK113\01170840.JPG,01170840.JPG,6210115,2025-01-17 17:02:04,moved
CT14,M11/101EK113,01170842.JPG,M11\101EK113\01170842.JPG,01170842.JPG,6245925,2025-01-17 17:03:03,moved
CT14,M11/101EK113,01170843.JPG,M11\101EK113\01170843.JPG,01170843.JPG,6257171,2025-01-17 17:03:02,moved
CT14,M11/101EK113,01170844.JPG,M11\101EK113\01170844.JPG,01170844.JPG,6228270,2025-01-17 17:03:02,moved
CT14,M11/101EK113,01170846.JPG,M11\101EK113\01170846.JPG,01170846.JPG,6229769,2025-01-17 17:04:02,moved
CT14,M11/101EK113,01170847.JPG,M11\101EK113\01170847.JPG,01170847.JPG,6211419,2025-01-17 17:04:02,moved
CT14,M11/101EK113,01170848.JPG,M11\101EK113\01170848.JPG,01170848.JPG,6240347,2025-01-17 17:04:02,moved
CT14,M11/101EK113,01170850.JPG,M11\101EK113\01170850.JPG,01170850.JPG,6256959,2025-01-17 17:05:02,moved
CT14,M11/101EK113,01170851.JPG,M11\101EK113\01170851.JPG,01170851.JPG,6244752,2025-01-17 17:05:02,moved
CT14,M11/101EK113,01170852.JPG,M11\101EK113\01170852.JPG,01170852.JPG,6239478,2025-01-17 17:05:02,moved
CT14,M11/101EK113,01170854.JPG,M11\101EK113\01170854.JPG,01170854.JPG,6220921,2025-01-17 17:06:02,moved
CT14,M11/101EK113,01170855.JPG,M11\101EK113\01170855.JPG,01170855.JPG,6185202,2025-01-17 17:06:02,moved
CT14,M11/101EK113,01170856.JPG,M11\101EK113\01170856.JPG,01170856.JPG,6221850,2025-01-17 17:06:02,moved
CT14,M11/101EK113,01170858.JPG,M11\101EK113\01170858.JPG,01170858.JPG,6256848,2025-01-17 17:07:02,moved
CT14,M11/101EK113,01170859.JPG,M11\101EK113\01170859.JPG,01170859.JPG,6257937,2025-01-17 17:07:02,moved
CT14,M11/101EK113,01170860.JPG,M11\101EK113\01170860.JPG,01170860.JPG,6259122,2025-01-17 17:07:04,moved
CT14,M11/101EK113,01170862.JPG,M11\101EK113\01170862.JPG,01170862.JPG,5832598,2025-01-17 17:08:03,moved
CT14,M11/101EK113,01170863.JPG,M11\101EK113\01170863.JPG,01170863.JPG,5841147,2025-01-17 17:08:02,moved
CT14,M11/101EK113,01170864.JPG,M11\101EK113\01170864.JPG,01170864.JPG,5828068,2025-01-17 17:08:02,moved
CT14,M11/101EK113,01170866.JPG,M11\101EK113\01170866.JPG,01170866.JPG,5806954,2025-01-17 17:09:02,moved
CT14,M11/101EK113,01170867.JPG,M11\101EK113\01170867.JPG,01170867.JPG,5746285,2025-01-17 17:09:02,moved
CT14,M11/101EK113,01170868.JPG,M11\101EK113\01170868.JPG,01170868.JPG,5747146,2025-01-17 17:09:02,moved
CT14,M11/101EK113,01170870.JPG,M11\101EK113\01170870.JPG,01170870.JPG,5807450,2025-01-17 17:10:02,moved
CT14,M11/101EK113,01170871.JPG,M11\101EK113\01170871.JPG,01170871.JPG,5870617,2025-01-17 17:10:02,moved
CT14,M11/101EK113,01170872.JPG,M11\101EK113\01170872.JPG,01170872.JPG,5864426,2025-01-17 17:10:05,moved
CT14,M11/101EK113,01170874.JPG,M11\101EK113\01170874.JPG,01170874.JPG,5850107,2025-01-17 17:11:03,moved
CT14,M11/101EK113,01170875.JPG,M11\101EK113\01170875.JPG,01170875.JPG,5846763,2025-01-17 17:11:02,moved
CT14,M11/101EK113,01170876.JPG,M11\101EK113\01170876.JPG,01170876.JPG,5841164,2025-01-17 17:11:02,moved
CT14,M11/101EK113,01170878.JPG,M11\101EK113\01170878.JPG,01170878.JPG,5880143,2025-01-17 17:12:02,moved
CT14,M11/101EK113,01170879.JPG,M11\101EK113\01170879.JPG,01170879.JPG,5876191,2025-01-17 17:12:02,moved
CT14,M11/101EK113,01170880.JPG,M11\101EK113\01170880.JPG,01170880.JPG,5877719,2025-01-17 17:12:02,moved
CT14,M11/101EK113,01170882.JPG,M11\101EK113\01170882.JPG,01170882.JPG,5894093,2025-01-17 17:13:02,moved
CT14,M11/101EK113,01170883.JPG,M11\101EK113\01170883.JPG,01170883.JPG,5893456,2025-01-17 17:13:02,moved
CT14,M11/101EK113,01170884.JPG,M11\101EK113\01170884.JPG,01170884.JPG,5898908,2025-01-17 17:13:05,moved
CT14,M11/101EK113,01170886.JPG,M11\101EK113\01170886.JPG,01170886.JPG,5898416,2025-01-17 17:14:02,moved
CT14,M11/101EK113,01170887.JPG,M11\101EK113\01170887.JPG,01170887.JPG,5895059,2025-01-17 17:14:02,moved
CT14,M11/101EK113,01170888.JPG,M11\101EK113\01170888.JPG,01170888.JPG,5902985,2025-01-17 17:14:02,moved
CT14,M11/101EK113,01170890.JPG,M11\101EK113\01170890.JPG,01170890.JPG,5900394,2025-01-17 17:15:03,moved
CT14,M11/101EK113,01170891.JPG,M11\101EK113\01170891.JPG,01170891.JPG,5899443,2025-01-17 17:15:02,moved
CT14,M11/101EK113,01170892.JPG,M11\101EK113\01170892.JPG,01170892.JPG,5897442,2025-01-17 17:15:02,moved
CT14,M11/101EK113,01170894.JPG,M11\101EK113\01170894.JPG,01170894.JPG,5934299,2025-01-17 17:16:02,moved
CT14,M11/101EK113,01170895.JPG,M11\101EK113\01170895.JPG,01170895.JPG,5931636,2025-01-17 17:16:02,moved
CT14,M11/101EK113,01170896.JPG,M11\101EK113\01170896.JPG,01170896.JPG,5923651,2025-01-17 17:16:02,moved
CT14,M11/101EK113,01170898.JPG,M11\101EK113\01170898.JPG,01170898.JPG,5920415,2025-01-17 17:17:02,moved
CT14,M11/101EK113,01170899.JPG,M11\101EK113\01170899.JPG,01170899.JPG,5936828,2025-01-17 17:17:02,moved
CT14,M11/101EK113,01170900.JPG,M11\101EK113\01170900.JPG,01170900.JPG,5939238,2025-01-17 17:17:04,moved
CT14,M11/101EK113,01170902.JPG,M11\101EK113\01170902.JPG,01170902.JPG,5926741,2025-01-17 17:18:02,moved
CT14,M11/101EK113,01170903.JPG,M11\101EK113\01170903.JPG,01170903.JPG,5921273,2025-01-17 17:18:02,moved
CT14,M11/101EK113,01170904.JPG,M11\101EK113\01170904.JPG,01170904.JPG,5912147,2025-01-17 17:18:05,moved
CT14,M11/101EK113,01170906.JPG,M11\101EK113\01170906.JPG,01170906.JPG,5915591,2025-01-17 17:19:03,moved
CT14,M11/101EK113,01170907.JPG,M11\101EK113\01170907.JPG,01170907.JPG,5922693,2025-01-17 17:19:02,moved
CT14,M11/101EK113,01170908.JPG,M11\101EK113\01170908.JPG,01170908.JPG,5916483,2025-01-17 17:19:02,moved
CT14,M11/101EK113,01170910.JPG,M11\101EK113\01170910.JPG,01170910.JPG,5940874,2025-01-17 17:20:02,moved
CT14,M11/101EK113,01170911.JPG,M11\101EK113\01170911.JPG,01170911.JPG,5940069,2025-01-17 17:20:02,moved
CT14,M11/101EK113,01170912.JPG,M11\101EK113\01170912.JPG,01170912.JPG,5935362,2025-01-17 17:20:02,moved
CT14,M11/101EK113,01170914.JPG,M11\101EK113\01170914.JPG,01170914.JPG,5961728,2025-01-17 17:21:02,moved
CT14,M11/101EK113,01170915.JPG,M11\101EK113\01170915.JPG,01170915.JPG,5970068,2025-01-17 17:21:02,moved
CT14,M11/101EK113,01170916.JPG,M11\101EK113\01170916.JPG,01170916.JPG,5967686,2025-01-17 17:21:05,moved
CT14,M11/101EK113,01170918.JPG,M11\101EK113\01170918.JPG,01170918.JPG,5926586,2025-01-17 17:22:02,moved
CT14,M11/101EK113,01170919.JPG,M11\101EK113\01170919.JPG,01170919.JPG,5918854,2025-01-17 17:22:02,moved
CT14,M11/101EK113,01170920.JPG,M11\101EK113\01170920.JPG,01170920.JPG,5921196,2025-01-17 17:22:02,moved
CT14,M11/101EK113,01170922.JPG,M11\101EK113\01170922.JPG,01170922.JPG,5933011,2025-01-17 17:23:03,moved
CT14,M11/101EK113,01170923.JPG,M11\101EK113\01170923.JPG,01170923.JPG,5930998,2025-01-17 17:23:02,moved
CT14,M11/101EK113,01170924.JPG,M11\101EK113\01170924.JPG,01170924.JPG,5923675,2025-01-17 17:23:02,moved
CT14,M11/101EK113,01170926.JPG,M11\101EK113\01170926.JPG,01170926.JPG,5939105,2025-01-17 17:24:02,moved
CT14,M11/101EK113,01170927.JPG,M11\101EK113\01170927.JPG,01170927.JPG,5938318,2025-01-17 17:24:02,moved
CT14,M11/101EK113,01170928.JPG,M11\101EK113\01170928.JPG,01170928.JPG,5936688,2025-01-17 17:24:05,moved
CT14,M11/101EK113,01170930.JPG,M11\101EK113\01170930.JPG,01170930.JPG,5931392,2025-01-17 17:25:02,moved
CT14,M11/101EK113,01170931.JPG,M11\101EK113\01170931.JPG,01170931.JPG,5931383,2025-01-17 17:25:02,moved
CT14,M11/101EK113,01170932.JPG,M11\101EK113\01170932.JPG,01170932.JPG,5933408,2025-01-17 17:25:02,moved
CT14,M11/101EK113,01170934.JPG,M11\101EK113\01170934.JPG,01170934.JPG,5901162,2025-01-17 17:26:02,moved
CT14,M11/101EK113,01170935.JPG,M11\101EK113\01170935.JPG,01170935.JPG,5904755,2025-01-17 17:26:02,moved
CT14,M11/101EK113,01170936.JPG,M11\101EK113\01170936.JPG,01170936.JPG,5908262,2025-01-17 17:26:05,moved
CT14,M11/101EK113,01170938.JPG,M11\101EK113\01170938.JPG,01170938.JPG,5903274,2025-01-17 17:27:02,moved
CT14,M11/101EK113,01170939.JPG,M11\101EK113\01170939.JPG,01170939.JPG,5905901,2025-01-17 17:27:02,moved
CT14,M11/101EK113,01170940.JPG,M11\101EK113\01170940.JPG,01170940.JPG,5908156,2025-01-17 17:27:05,moved
CT14,M11/101EK113,01170942.JPG,M11\101EK113\01170942.JPG,01170942.JPG,5988617,2025-01-17 17:28:03,moved
CT14,M11/101EK113,01170943.JPG,M11\101EK113\01170943.JPG,01170943.JPG,5987494,2025-01-17 17:28:02,moved
CT14,M11/101EK113,01170944.JPG,M11\101EK113\01170944.JPG,01170944.JPG,5938196,2025-01-17 17:28:02,moved
CT14,M11/101EK113,01170946.JPG,M11\101EK113\01170946.JPG,01170946.JPG,5976504,2025-01-17 17:29:03,moved
CT14,M11/101EK113,01170947.JPG,M11\101EK113\01170947.JPG,01170947.JPG,5980822,2025-01-17 17:29:02,moved
CT14,M11/101EK113,01170948.JPG,M11\101EK113\01170948.JPG,01170948.JPG,5982232,2025-01-17 17:29:02,moved
CT14,M11/101EK113,01170950.JPG,M11\101EK113\01170950.JPG,01170950.JPG,5947588,2025-01-17 17:30:02,moved
CT14,M11/101EK113,01170951.JPG,M11\101EK113\01170951.JPG,01170951.JPG,5944399,2025-01-17 17:30:02,moved
CT14,M11/101EK113,01170952.JPG,M11\101EK113\01170952.JPG,01170952.JPG,5942662,2025-01-17 17:30:02,moved
CT14,M11/101EK113,01170954.JPG,M11\101EK113\01170954.JPG,01170954.JPG,5961782,2025-01-17 17:31:03,moved
CT14,M11/101EK113,01170955.JPG,M11\101EK113\01170955.JPG,01170955.JPG,5952825,2025-01-17 17:31:02,moved
CT14,M11/101EK113,01170956.JPG,M11\101EK113\01170956.JPG,01170956.JPG,5952725,2025-01-17 17:31:02,moved
CT14,M11/101EK113,01170958.JPG,M11\101EK113\01170958.JPG,01170958.JPG,5994007,2025-01-17 17:32:03,moved
CT14,M11/101EK113,01170959.JPG,M11\101EK113\01170959.JPG,01170959.JPG,5992468,2025-01-17 17:32:02,moved
CT14,M11/101EK113,01170960.JPG,M11\101EK113\01170960.JPG,01170960.JPG,5991985,2025-01-17 17:32:02,moved
CT14,M11/101EK113,01170962.JPG,M11\101EK113\01170962.JPG,01170962.JPG,5991584,2025-01-17 17:33:02,moved
CT14,M11/101EK113,01170963.JPG,M11\101EK113\01170963.JPG,01170963.JPG,5983834,2025-01-17 17:33:02,moved
CT14,M11/101EK113,01170964.JPG,M11\101EK113\01170964.JPG,01170964.JPG,5985604,2025-01-17 17:33:05,moved
CT14,M11/101EK113,01170966.JPG,M11\101EK113\01170966.JPG,01170966.JPG,6080549,2025-01-17 17:34:02,moved
CT14,M11/101EK113,01170967.JPG,M11\101EK113\01170967.JPG,01170967.JPG,6038598,2025-01-17 17:34:02,moved
CT14,M11/101EK113,01170968.JPG,M11\101EK113\01170968.JPG,01170968.JPG,6092194,2025-01-17 17:34:02,moved
CT14,M11/101EK113,01170970.JPG,M11\101EK113\01170970.JPG,01170970.JPG,6067543,2025-01-17 17:35:02,moved
CT14,M11/101EK113,01170971.JPG,M11\101EK113\01170971.JPG,01170971.JPG,6065081,2025-01-17 17:35:02,moved
CT14,M11/101EK113,01170972.JPG,M11\101EK113\01170972.JPG,01170972.JPG,6065127,2025-01-17 17:35:04,moved
CT14,M11/101EK113,01170974.JPG,M11\101EK113\01170974.JPG,01170974.JPG,6088926,2025-01-17 17:36:02,moved
CT14,M11/101EK113,01170975.JPG,M11\101EK113\01170975.JPG,01170975.JPG,6079853,2025-01-17 17:36:02,moved
CT14,M11/101EK113,01170976.JPG,M11\101EK113\01170976.JPG,01170976.JPG,6089812,2025-01-17 17:36:02,moved
CT14,M11/101EK113,01170978.JPG,M11\101EK113\01170978.JPG,01170978.JPG,6102704,2025-01-17 17:37:02,moved
CT14,M11/101EK113,01170979.JPG,M11\101EK113\01170979.JPG,01170979.JPG,6082206,2025-01-17 17:37:02,moved
CT14,M11/101EK113,01170980.JPG,M11\101EK113\01170980.JPG,01170980.JPG,6105814,2025-01-17 17:37:02,moved
CT14,M11/101EK113,01170982.JPG,M11\101EK113\01170982.JPG,01170982.JPG,6090458,2025-01-17 17:38:02,moved
CT14,M11/101EK113,01170983.JPG,M11\101EK113\01170983.JPG,01170983.JPG,6089398,2025-01-17 17:38:02,moved
CT14,M11/101EK113,01170984.JPG,M11\101EK113\01170984.JPG,01170984.JPG,6085293,2025-01-17 17:38:05,moved
CT14,M11/101EK113,01170986.JPG,M11\101EK113\01170986.JPG,01170986.JPG,6055289,2025-01-17 17:39:02,moved
CT14,M11/101EK113,01170987.JPG,M11\101EK113\01170987.JPG,01170987.JPG,6049627,2025-01-17 17:39:02,moved
CT14,M11/101EK113,01170988.JPG,M11\101EK113\01170988.JPG,01170988.JPG,6056222,2025-01-17 17:39:05,moved
CT14,M11/101EK113,01170990.JPG,M11\101EK113\01170990.JPG,01170990.JPG,5996801,2025-01-17 17:40:02,moved
CT14,M11/101EK113,01170991.JPG,M11\101EK113\01170991.JPG,01170991.JPG,5990871,2025-01-17 17:40:02,moved
CT14,M11/101EK113,01170992.JPG,M11\101EK113\01170992.JPG,01170992.JPG,6056608,2025-01-17 17:40:02,moved
CT14,M11/101EK113,01170994.JPG,M11\101EK113\01170994.JPG,01170994.JPG,5943383,2025-01-17 17:41:02,moved
CT14,M11/101EK113,01170995.JPG,M11\101EK113\01170995.JPG,01170995.JPG,6008192,2025-01-17 17:41:02,moved
CT14,M11/101EK113,01170996.JPG,M11\101EK113\01170996.JPG,01170996.JPG,6002424,2025-01-17 17:41:05,moved
CT14,M11/101EK113,01170998.JPG,M11\101EK113\01170998.JPG,01170998.JPG,6086180,2025-01-17 17:42:02,moved
CT14,M11/101EK113,01170999.JPG,M11\101EK113\01170999.JPG,01170999.JPG,6068135,2025-01-17 17:42:02,moved
CT14,M11/102EK113,01170001.JPG,M11\102EK113\01170001.JPG,01170001.JPG,6065563,2025-01-17 17:42:02,moved
CT14,M11/102EK113,01170003.JPG,M11\102EK113\01170003.JPG,01170003.JPG,6119077,2025-01-17 17:43:02,moved
CT14,M11/102EK113,01170004.JPG,M11\102EK113\01170004.JPG,01170004.JPG,6122776,2025-01-17 17:43:02,moved
CT14,M11/102EK113,01170005.JPG,M11\102EK113\01170005.JPG,01170005.JPG,6115959,2025-01-17 17:43:05,moved
CT14,M11/102EK113,01170007.JPG,M11\102EK113\01170007.JPG,01170007.JPG,6051102,2025-01-17 17:44:02,moved
CT14,M11/102EK113,01170008.JPG,M11\102EK113\01170008.JPG,01170008.JPG,6040339,2025-01-17 17:44:02,moved
CT14,M11/102EK113,01170009.JPG,M11\102EK113\01170009.JPG,01170009.JPG,6036705,2025-01-17 17:44:05,moved
CT14,M11/102EK113,01170011.JPG,M11\102EK113\01170011.JPG,01170011.JPG,6168931,2025-01-17 17:45:00,moved
CT14,M11/102EK113,01170012.JPG,M11\102EK113\01170012.JPG,01170012.JPG,6111707,2025-01-17 17:45:02,moved
CT14,M11/102EK113,01170013.JPG,M11\102EK113\01170013.JPG,01170013.JPG,6123852,2025-01-17 17:45:02,moved
CT14,M11/102EK113,01170015.JPG,M11\102EK113\01170015.JPG,01170015.JPG,6119973,2025-01-17 17:46:02,moved
CT14,M11/102EK113,01170016.JPG,M11\102EK113\01170016.JPG,01170016.JPG,6122149,2025-01-17 17:46:02,moved
CT14,M11/102EK113,01170017.JPG,M11\102EK113\01170017.JPG,01170017.JPG,6116349,2025-01-17 17:46:02,moved
CT14,M11/102EK113,01170019.JPG,M11\102EK113\01170019.JPG,01170019.JPG,5943682,2025-01-17 17:47:02,moved
CT14,M11/102EK113,01170020.JPG,M11\102EK113\01170020.JPG,01170020.JPG,5942463,2025-01-17 17:47:02,moved
CT14,M11/102EK113,01170021.JPG,M11\102EK113\01170021.JPG,01170021.JPG,5932100,2025-01-17 17:47:02,moved
CT14,M11/102EK113,01170023.JPG,M11\102EK113\01170023.JPG,01170023.JPG,5982033,2025-01-17 17:48:03,moved
CT14,M11/102EK113,01170024.JPG,M11\102EK113\01170024.JPG,01170024.JPG,5988516,2025-01-17 17:48:02,moved
CT14,M11/102EK113,01170025.JPG,M11\102EK113\01170025.JPG,01170025.JPG,5983260,2025-01-17 17:48:02,moved
CT14,M11/102EK113,01170027.JPG,M11\102EK113\01170027.JPG,01170027.JPG,5938174,2025-01-17 17:49:02,moved
CT14,M11/102EK113,01170028.JPG,M11\102EK113\01170028.JPG,01170028.JPG,5933157,2025-01-17 17:49:02,moved
CT14,M11/102EK113,01170029.JPG,M11\102EK113\01170029.JPG,01170029.JPG,5935465,2025-01-17 17:49:02,moved
CT14,M11/102EK113,01170031.JPG,M11\102EK113\01170031.JPG,01170031.JPG,6007983,2025-01-17 17:50:03,moved
CT14,M11/102EK113,01170032.JPG,M11\102EK113\01170032.JPG,01170032.JPG,6011623,2025-01-17 17:50:02,moved
CT14,M11/102EK113,01170033.JPG,M11\102EK113\01170033.JPG,01170033.JPG,5968045,2025-01-17 17:50:02,moved
CT14,M11/102EK113,01170035.JPG,M11\102EK113\01170035.JPG,01170035.JPG,6214843,2025-01-17 17:51:02,moved
CT14,M11/102EK113,01170036.JPG,M11\102EK113\01170036.JPG,01170036.JPG,6208026,2025-01-17 17:51:02,moved
CT14,M11/102EK113,01170037.JPG,M11\102EK113\01170037.JPG,01170037.JPG,6203152,2025-01-17 17:51:05,moved
CT14,M11/102EK113,01170039.JPG,M11\102EK113\01170039.JPG,01170039.JPG,5945914,2025-01-17 17:52:02,moved
CT14,M11/102EK113,01170040.JPG,M11\102EK113\01170040.JPG,01170040.JPG,5960010,2025-01-17 17:52:02,moved
CT14,M11/102EK113,01170041.JPG,M11\102EK113\01170041.JPG,01170041.JPG,5944967,2025-01-17 17:52:04,moved
CT14,M11/102EK113,01170043.JPG,M11\102EK113\01170043.JPG,01170043.JPG,6085668,2025-01-17 17:53:02,moved
CT14,M11/102EK113,01170044.JPG,M11\102EK113\01170044.JPG,01170044.JPG,6068790,2025-01-17 17:53:02,moved
CT14,M11/102EK113,01170045.JPG,M11\102EK113\01170045.JPG,01170045.JPG,6025902,2025-01-17 17:53:05,moved
CT14,M11/102EK113,01170047.JPG,M11\102EK113\01170047.JPG,01170047.JPG,5985951,2025-01-17 17:54:00,moved
CT14,M11/102EK113,01170048.JPG,M11\102EK113\01170048.JPG,01170048.JPG,5976966,2025-01-17 17:54:02,moved
CT14,M11/102EK113,01170049.JPG,M11\102EK113\01170049.JPG,01170049.JPG,5966590,2025-01-17 17:54:02,moved
CT15,M 12,00090089.JPG,M 12\00090089.JPG,00090089.JPG,2905940,2017-01-07 17:54:18,moved
CT15,M 12,00090090.JPG,M 12\00090090.JPG,00090090.JPG,2902093,2017-01-07 17:54:20,moved
CT15,M 12,00090091.JPG,M 12\00090091.JPG,00090091.JPG,2903569,2017-01-07 17:54:20,moved
CT15,M 12,01010021.JPG,M 12\01010021.JPG,01010021.JPG,3190241,2017-01-01 01:00:00,moved
CT15,M 12,01010022.JPG,M 12\01010022.JPG,01010022.JPG,3190513,2017-01-01 01:00:00,moved
CT15,M 12,01010023.JPG,M 12\01010023.JPG,01010023.JPG,3193207,2017-01-01 01:00:02,moved
CT15,M 12,01010025.JPG,M 12\01010025.JPG,01010025.JPG,2770828,2017-01-01 01:00:00,moved
CT15,M 12,01010026.JPG,M 12\01010026.JPG,01010026.JPG,2770018,2017-01-01 01:00:00,moved
CT15,M 12,01010027.JPG,M 12\01010027.JPG,01010027.JPG,2771100,2017-01-01 01:00:02,moved
CT15,M 12,01010029.JPG,M 12\01010029.JPG,01010029.JPG,2580298,2017-01-01 02:55:30,moved
CT15,M 12,01010030.JPG,M 12\01010030.JPG,01010030.JPG,2588807,2017-01-01 02:55:30,moved
CT15,M 12,01010031.JPG,M 12\01010031.JPG,01010031.JPG,2585014,2017-01-01 02:55:32,moved
CT15,M 12,01010033.JPG,M 12\01010033.JPG,01010033.JPG,2869133,2017-01-01 03:40:28,moved
CT15,M 12,01010034.JPG,M 12\01010034.JPG,01010034.JPG,2852282,2017-01-01 03:40:30,moved
CT15,M 12,01010035.JPG,M 12\01010035.JPG,01010035.JPG,2859515,2017-01-01 03:40:30,moved
CT15,M 12,01010037.JPG,M 12\01010037.JPG,01010037.JPG,2822561,2017-01-01 03:41:54,moved
CT15,M 12,01010038.JPG,M 12\01010038.JPG,01010038.JPG,2837204,2017-01-01 03:41:54,moved
CT15,M 12,01010039.JPG,M 12\01010039.JPG,01010039.JPG,2829044,2017-01-01 03:41:56,moved
CT15,M 12,01010041.JPG,M 12\01010041.JPG,01010041.JPG,2753596,2017-01-01 04:10:14,moved
CT15,M 12,01010042.JPG,M 12\01010042.JPG,01010042.JPG,2716175,2017-01-01 04:10:16,moved
CT15,M 12,01010043.JPG,M 12\01010043.JPG,01010043.JPG,2737401,2017-01-01 04:10:16,moved
CT15,M 12,01010045.JPG,M 12\01010045.JPG,01010045.JPG,2278387,2017-01-01 19:17:23,moved
CT15,M 12,01010046.JPG,M 12\01010046.JPG,01010046.JPG,2317752,2017-01-01 19:17:24,moved
CT15,M 12,01010047.JPG,M 12\01010047.JPG,01010047.JPG,2323630,2017-01-01 19:17:25,moved
CT15,M 12,01010061.JPG,M 12\01010061.JPG,01010061.JPG,2904963,2017-01-01 01:00:00,moved
CT15,M 12,01010062.JPG,M 12\01010062.JPG,01010062.JPG,2904977,2017-01-01 01:00:00,moved
CT15,M 12,01010063.JPG,M 12\01010063.JPG,01010063.JPG,2904987,2017-01-01 01:00:02,moved
CT15,M 12,01010065.JPG,M 12\01010065.JPG,01010065.JPG,2767297,2017-01-01 03:38:42,moved
CT15,M 12,01010066.JPG,M 12\01010066.JPG,01010066.JPG,2752298,2017-01-01 03:38:44,moved
CT15,M 12,01010067.JPG,M 12\01010067.JPG,01010067.JPG,2757433,2017-01-01 03:38:44,moved
CT15,M 12,01010069.JPG,M 12\01010069.JPG,01010069.JPG,1903813,2017-01-01 01:00:00,moved
CT15,M 12,01010070.JPG,M 12\01010070.JPG,01010070.JPG,1903674,2017-01-01 01:00:00,moved
CT15,M 12,01010071.JPG,M 12\01010071.JPG,01010071.JPG,1903098,2017-01-01 01:00:02,moved
CT15,M 12,01010073.JPG,M 12\01010073.JPG,01010073.JPG,2671765,2017-01-01 01:00:00,moved
CT15,M 12,01010074.JPG,M 12\01010074.JPG,01010074.JPG,2672436,2017-01-01 01:00:00,moved
CT15,M 12,01010075.JPG,M 12\01010075.JPG,01010075.JPG,2673443,2017-01-01 01:00:02,moved
CT15,M 12,01010113.JPG,M 12\01010113.JPG,01010113.JPG,2605553,2017-01-01 01:00:00,moved
CT15,M 12,01010114.JPG,M 12\01010114.JPG,01010114.JPG,2605375,2017-01-01 01:00:00,moved
CT15,M 12,01010115.JPG,M 12\01010115.JPG,01010115.JPG,2606028,2017-01-01 01:00:02,moved
CT15,M 12,01010117.JPG,M 12\01010117.JPG,01010117.JPG,2256502,2017-01-01 09:40:25,moved
CT15,M 12,01010118.JPG,M 12\01010118.JPG,01010118.JPG,1187198,2017-01-01 09:40:25,moved
CT15,M 12,01010119.JPG,M 12\01010119.JPG,01010119.JPG,1183060,2017-01-01 09:40:26,moved
CT15,M 12,01010129.JPG,M 12\01010129.JPG,01010129.JPG,2939514,2017-01-01 01:00:00,moved
CT15,M 12,01010130.JPG,M 12\01010130.JPG,01010130.JPG,2916191,2017-01-01 01:00:00,moved
CT15,M 12,01010131.JPG,M 12\01010131.JPG,01010131.JPG,2916278,2017-01-01 01:00:02,moved
CT15,M 12,01010133.JPG,M 12\01010133.JPG,01010133.JPG,2562863,2017-01-01 01:00:00,moved
CT15,M 12,01010134.JPG,M 12\01010134.JPG,01010134.JPG,2563562,2017-01-01 01:00:00,moved
CT15,M 12,01010135.JPG,M 12\01010135.JPG,01010135.JPG,2563063,2017-01-01 01:00:02,moved
CT15,M 12,01010145.JPG,M 12\01010145.JPG,01010145.JPG,886142,2017-01-01 01:00:00,moved
CT15,M 12,01010146.JPG,M 12\01010146.JPG,01010146.JPG,884061,2017-01-01 01:00:00,moved
CT15,M 12,01010147.JPG,M 12\01010147.JPG,01010147.JPG,886901,2017-01-01 01:00:02,moved
CT15,M 12,01010157.JPG,M 12\01010157.JPG,01010157.JPG,2415701,2017-01-01 01:00:01,moved
CT15,M 12,01010158.JPG,M 12\01010158.JPG,01010158.JPG,2491981,2017-01-01 01:00:01,moved
CT15,M 12,01010159.JPG,M 12\01010159.JPG,01010159.JPG,2491234,2017-01-01 01:00:02,moved
CT15,M 12,01010169.JPG,M 12\01010169.JPG,01010169.JPG,3461409,2017-01-01 01:00:00,moved
CT15,M 12,01010170.JPG,M 12\01010170.JPG,01010170.JPG,3458753,2017-01-01 01:00:00,moved
CT15,M 12,01010171.JPG,M 12\01010171.JPG,01010171.JPG,3459899,2017-01-01 01:00:02,moved
CT15,M 12,01010177.JPG,M 12\01010177.JPG,01010177.JPG,2927862,2017-01-01 01:00:00,moved
CT15,M 12,01010178.JPG,M 12\01010178.JPG,01010178.JPG,2930500,2017-01-01 01:00:00,moved
CT15,M 12,01010179.JPG,M 12\01010179.JPG,01010179.JPG,2935608,2017-01-01 01:00:02,moved
CT15,M 12,01010181.JPG,M 12\01010181.JPG,01010181.JPG,3275889,2017-01-01 01:00:00,moved
CT15,M 12,01010182.JPG,M 12\01010182.JPG,01010182.JPG,3275081,2017-01-01 01:00:00,moved
CT15,M 12,01010183.JPG,M 12\01010183.JPG,01010183.JPG,3275396,2017-01-01 01:00:02,moved
CT15,M 12,01010185.JPG,M 12\01010185.JPG,01010185.JPG,2997146,2017-01-01 20:41:58,moved
CT15,M 12,01010186.JPG,M 12\01010186.JPG,01010186.JPG,2996008,2017-01-01 20:42:00,moved
CT15,M 12,01010187.JPG,M 12\01010187.JPG,01010187.JPG,2995265,2017-01-01 20:42:00,moved
CT15,M 12,01020137.JPG,M 12\01020137.JPG,01020137.JPG,2399759,2017-01-02 23:44:30,moved
CT15,M 12,01020138.JPG,M 12\01020138.JPG,01020138.JPG,2388106,2017-01-02 23:44:30,moved
CT15,M 12,01020139.JPG,M 12\01020139.JPG,01020139.JPG,2386842,2017-01-02 23:44:32,moved
CT15,M 12,01020141.JPG,M 12\01020141.JPG,01020141.JPG,2399941,2017-01-02 23:49:40,moved
CT15,M 12,01020142.JPG,M 12\01020142.JPG,01020142.JPG,2388256,2017-01-02 23:49:40,moved
CT15,M 12,01020143.JPG,M 12\01020143.JPG,01020143.JPG,2389642,2017-01-02 23:49:40,moved
CT15,M 12,01060049.JPG,M 12\01060049.JPG,01060049.JPG,2246275,2017-01-06 14:33:19,moved
CT15,M 12,01060050.JPG,M 12\01060050.JPG,01060050.JPG,1135254,2017-01-06 14:33:19,moved
CT15,M 12,01060051.JPG,M 12\01060051.JPG,01060051.JPG,1150656,2017-01-06 14:33:20,moved
CT15,M 12,01060053.JPG,M 12\01060053.JPG,01060053.JPG,2837851,2017-01-06 21:31:16,moved
CT15,M 12,01060054.JPG,M 12\01060054.JPG,01060054.JPG,2817790,2017-01-06 21:31:16,moved
CT15,M 12,01060055.JPG,M 12\01060055.JPG,01060055.JPG,2818552,2017-01-06 21:31:18,moved
CT15,M 12,01070057.JPG,M 12\01070057.JPG,01070057.JPG,2709709,2017-01-07 04:01:20,moved
CT15,M 12,01070058.JPG,M 12\01070058.JPG,01070058.JPG,2698742,2017-01-07 04:01:22,moved
CT15,M 12,01070059.JPG,M 12\01070059.JPG,01070059.JPG,2695793,2017-01-07 04:01:22,moved
CT15,M 12,01070161.JPG,M 12\01070161.JPG,01070161.JPG,3093233,2017-01-07 17:54:04,moved
CT15,M 12,01070162.JPG,M 12\01070162.JPG,01070162.JPG,2955578,2017-01-07 17:54:06,moved
CT15,M 12,01070163.JPG,M 12\01070163.JPG,01070163.JPG,2901332,2017-01-07 17:54:06,moved
CT15,M 12,01070173.JPG,M 12\01070173.JPG,01070173.JPG,2506636,2017-01-07 23:45:16,moved
CT15,M 12,01070174.JPG,M 12\01070174.JPG,01070174.JPG,2453799,2017-01-07 23:45:16,moved
CT15,M 12,01070175.JPG,M 12\01070175.JPG,01070175.JPG,2256278,2017-01-07 23:45:18,moved
CT15,M 12,01090165.JPG,M 12\01090165.JPG,01090165.JPG,2993051,2017-01-09 15:46:24,moved
CT15,M 12,01090166.JPG,M 12\01090166.JPG,01090166.JPG,3321225,2017-01-09 15:46:24,moved
CT15,M 12,01090167.JPG,M 12\01090167.JPG,01090167.JPG,3320119,2017-01-09 15:46:26,moved
CT15,M 12,01100001.JPG,M 12\01100001.JPG,01100001.JPG,2772342,2025-01-10 16:07:12,moved
CT15,M 12,01100002.JPG,M 12\01100002.JPG,01100002.JPG,2761187,2025-01-10 16:07:14,moved
CT15,M 12,01100003.JPG,M 12\01100003.JPG,01100003.JPG,2761586,2025-01-10 16:07:14,moved
CT15,M 12,01110005.JPG,M 12\01110005.JPG,01110005.JPG,2277762,2025-01-11 02:53:37,moved
CT15,M 12,01110006.JPG,M 12\01110006.JPG,01110006.JPG,1168671,2025-01-11 02:53:37,moved
CT15,M 12,01110007.JPG,M 12\01110007.JPG,01110007.JPG,1155840,2025-01-11 02:53:38,moved
CT15,M 12,01110009.JPG,M 12\01110009.JPG,01110009.JPG,2248195,2025-01-11 02:54:03,moved
CT15,M 12,01110010.JPG,M 12\01110010.JPG,01110010.JPG,1150878,2025-01-11 02:54:03,moved
CT15,M 12,01110011.JPG,M 12\01110011.JPG,01110011.JPG,1176721,2025-01-11 02:54:04,moved
CT15,M 12,01110013.JPG,M 12\01110013.JPG,01110013.JPG,3092897,2025-01-11 15:25:36,moved
CT15,M 12,01110014.JPG,M 12\01110014.JPG,01110014.JPG,3067878,2025-01-11 15:25:36,moved
CT15,M 12,01110015.JPG,M 12\01110015.JPG,01110015.JPG,3065305,2025-01-11 15:25:38,moved
CT15,M 12,01110017.JPG,M 12\01110017.JPG,01110017.JPG,2646483,2025-01-11 18:50:08,moved
CT15,M 12,01110018.JPG,M 12\01110018.JPG,01110018.JPG,2646973,2025-01-11 18:50:08,moved
CT15,M 12,01110019.JPG,M 12\01110019.JPG,01110019.JPG,2647492,2025-01-11 18:50:10,moved
CT15,M 12,01180189.JPG,M 12\01180189.JPG,01180189.JPG,2530094,2017-01-18 11:36:31,moved
CT15,M 12,01180190.JPG,M 12\01180190.JPG,01180190.JPG,1197436,2017-01-18 11:36:33,moved
CT15,M 12,01180191.JPG,M 12\01180191.JPG,01180191.JPG,1163151,2017-01-18 11:36:33,moved
CT15,M 12,01210149.JPG,M 12\01210149.JPG,01210149.JPG,3083703,2017-01-01 01:14:20,moved
CT15,M 12,01210150.JPG,M 12\01210150.JPG,01210150.JPG,3092359,2017-01-01 01:14:22,moved
CT15,M 12,01210151.JPG,M 12\01210151.JPG,01210151.JPG,3096635,2017-01-01 01:14:22,moved
CT15,M 12,01230081.JPG,M 12\01230081.JPG,01230081.JPG,2932716,2017-01-03 18:06:04,moved
CT15,M 12,01230082.JPG,M 12\01230082.JPG,01230082.JPG,2933112,2017-01-03 18:06:04,moved
CT15,M 12,01230083.JPG,M 12\01230083.JPG,01230083.JPG,2933683,2017-01-03 18:06:06,moved
CT15,M 12,01230153.JPG,M 12\01230153.JPG,01230153.JPG,3353227,2017-01-02 21:44:40,moved
CT15,M 12,01230154.JPG,M 12\01230154.JPG,01230154.JPG,3352661,2017-01-02 21:44:40,moved
CT15,M 12,01230155.JPG,M 12\01230155.JPG,01230155.JPG,3353388,2017-01-02 21:44:42,moved
CT15,M 12,01230193.JPG,M 12\01230193.JPG,01230193.JPG,2883163,2017-01-23 19:02:36,moved
CT15,M 12,01230194.JPG,M 12\01230194.JPG,01230194.JPG,2931987,2017-01-23 19:02:38,moved
CT15,M 12,01230195.JPG,M 12\01230195.JPG,01230195.JPG,2988267,2017-01-23 19:02:38,moved
CT15,M 12,01260085.JPG,M 12\01260085.JPG,01260085.JPG,2553108,2017-01-06 21:04:54,moved
CT15,M 12,01260086.JPG,M 12\01260086.JPG,01260086.JPG,2537034,2017-01-06 21:04:56,moved
CT15,M 12,01260087.JPG,M 12\01260087.JPG,01260087.JPG,2529785,2017-01-06 21:04:56,moved
CT15,M 12,01260197.JPG,M 12\01260197.JPG,01260197.JPG,3478178,2017-01-26 23:06:02,moved
CT15,M 12,01260198.JPG,M 12\01260198.JPG,01260198.JPG,3477432,2017-01-26 23:06:02,moved
CT15,M 12,01260199.JPG,M 12\01260199.JPG,01260199.JPG,3476721,2017-01-26 23:06:04,moved
CT15,M 12,01270201.JPG,M 12\01270201.JPG,01270201.JPG,1948519,2017-01-27 17:30:41,moved
CT15,M 12,01270202.JPG,M 12\01270202.JPG,01270202.JPG,2072115,2017-01-27 17:30:41,moved
CT15,M 12,01270203.JPG,M 12\01270203.JPG,01270203.JPG,2066619,2017-01-27 17:30:42,moved
CT15,M 12,01280205.JPG,M 12\01280205.JPG,01280205.JPG,3233035,2017-01-28 01:54:48,moved
CT15,M 12,01280206.JPG,M 12\01280206.JPG,01280206.JPG,3228110,2017-01-28 01:54:50,moved
CT15,M 12,01280207.JPG,M 12\01280207.JPG,01280207.JPG,3227722,2017-01-28 01:54:50,moved
CT15,M 12,01290209.JPG,M 12\01290209.JPG,01290209.JPG,2563097,2017-01-29 16:21:03,moved
CT15,M 12,01290210.JPG,M 12\01290210.JPG,01290210.JPG,1173841,2017-01-29 16:21:03,moved
CT15,M 12,01290211.JPG,M 12\01290211.JPG,01290211.JPG,1166330,2017-01-29 16:21:04,moved
CT15,M 12,02020213.JPG,M 12\02020213.JPG,02020213.JPG,3532222,2017-02-02 01:15:36,moved
CT15,M 12,02020214.JPG,M 12\02020214.JPG,02020214.JPG,3606778,2017-02-02 01:15:38,moved
CT15,M 12,02020215.JPG,M 12\02020215.JPG,02020215.JPG,3606450,2017-02-02 01:15:38,moved
CT15,M 12,02060217.JPG,M 12\02060217.JPG,02060217.JPG,2908710,2017-02-06 19:21:28,moved
CT15,M 12,02060218.JPG,M 12\02060218.JPG,02060218.JPG,2885614,2017-02-06 19:21:30,moved
CT15,M 12,02060219.JPG,M 12\02060219.JPG,02060219.JPG,2883559,2017-02-06 19:21:30,moved
CT15,M 12,02060221.JPG,M 12\02060221.JPG,02060221.JPG,2906996,2017-02-06 19:22:16,moved
CT15,M 12,02060222.JPG,M 12\02060222.JPG,02060222.JPG,2880517,2017-02-06 19:22:16,moved
CT15,M 12,02060223.JPG,M 12\02060223.JPG,02060223.JPG,2878872,2017-02-06 19:22:18,moved
CT15,M 12,02060225.JPG,M 12\02060225.JPG,02060225.JPG,2953215,2017-02-06 19:34:30,moved
CT15,M 12,02060226.JPG,M 12\02060226.JPG,02060226.JPG,2927161,2017-02-06 19:34:30,moved
CT15,M 12,02060227.JPG,M 12\02060227.JPG,02060227.JPG,2927473,2017-02-06 19:34:32,moved
CT15,M 12,02090229.JPG,M 12\02090229.JPG,02090229.JPG,2341276,2017-02-09 04:11:51,moved
CT15,M 12,02090230.JPG,M 12\02090230.JPG,02090230.JPG,2606806,2017-02-09 04:11:51,moved
CT15,M 12,02090231.JPG,M 12\02090231.JPG,02090231.JPG,2607149,2017-02-09 04:11:52,moved
CT15,M 12,02150233.JPG,M 12\02150233.JPG,02150233.JPG,1333348,2017-02-15 22:34:24,moved
CT15,M 12,02150234.JPG,M 12\02150234.JPG,02150234.JPG,1308511,2017-02-15 22:34:24,moved
CT15,M 12,02150235.JPG,M 12\02150235.JPG,02150235.JPG,1310303,2017-02-15 22:34:26,moved
CT15,M 12,02160237.JPG,M 12\02160237.JPG,02160237.JPG,2454796,2017-02-16 03:15:07,moved
CT15,M 12,02160238.JPG,M 12\02160238.JPG,02160238.JPG,2517034,2017-02-16 03:15:09,moved
CT15,M 12,02160239.JPG,M 12\02160239.JPG,02160239.JPG,2515519,2017-02-16 03:15:09,moved
CT15,M 12,02290093.JPG,M 12\02290093.JPG,02290093.JPG,2943993,2017-01-07 18:22:22,moved
CT15,M 12,02290094.JPG,M 12\02290094.JPG,02290094.JPG,2943208,2017-01-07 18:22:24,moved
CT15,M 12,02290095.JPG,M 12\02290095.JPG,02290095.JPG,2943104,2017-01-07 18:22:24,moved
CT15,M 12,03020097.JPG,M 12\03020097.JPG,03020097.JPG,2865631,2017-01-09 15:19:52,moved
CT15,M 12,03020098.JPG,M 12\03020098.JPG,03020098.JPG,2845969,2017-01-09 15:19:52,moved
CT15,M 12,03020099.JPG,M 12\03020099.JPG,03020099.JPG,2846846,2017-01-09 15:19:54,moved
CT15,M 12,03050241.JPG,M 12\03050241.JPG,03050241.JPG,2445549,2017-03-05 10:25:03,moved
CT15,M 12,03050242.JPG,M 12\03050242.JPG,03050242.JPG,1138671,2017-03-05 10:25:03,moved
CT15,M 12,03050243.JPG,M 12\03050243.JPG,03050243.JPG,1134397,2017-03-05 10:25:04,moved
CT15,M 12,03050245.JPG,M 12\03050245.JPG,03050245.JPG,2414747,2017-03-05 10:58:35,moved
CT15,M 12,03050246.JPG,M 12\03050246.JPG,03050246.JPG,1175558,2017-03-05 10:58:35,moved
CT15,M 12,03050247.JPG,M 12\03050247.JPG,03050247.JPG,1178598,2017-03-05 10:58:36,moved
CT15,M 12,03110249.JPG,M 12\03110249.JPG,03110249.JPG,2419824,2017-03-11 04:40:37,moved
CT15,M 12,03110250.JPG,M 12\03110250.JPG,03110250.JPG,1148360,2017-03-11 04:40:39,moved
CT15,M 12,03110251.JPG,M 12\03110251.JPG,03110251.JPG,1130065,2017-03-11 04:40:39,moved
CT15,M 12,03290101.JPG,M 12\03290101.JPG,03290101.JPG,2372330,2017-01-09 22:07:54,moved
CT15,M 12,03290102.JPG,M 12\03290102.JPG,03290102.JPG,2373970,2017-01-09 22:07:56,moved
CT15,M 12,03290103.JPG,M 12\03290103.JPG,03290103.JPG,2372819,2017-01-09 22:07:56,moved
CT15,M 12,03290105.JPG,M 12\03290105.JPG,03290105.JPG,2361435,2017-01-09 23:51:32,moved
CT15,M 12,03290106.JPG,M 12\03290106.JPG,03290106.JPG,2359123,2017-01-09 23:51:32,moved
CT15,M 12,03290107.JPG,M 12\03290107.JPG,03290107.JPG,2359498,2017-01-09 23:51:34,moved
CT15,M 12,03290109.JPG,M 12\03290109.JPG,03290109.JPG,1962972,2017-01-10 00:34:24,moved
CT15,M 12,03290110.JPG,M 12\03290110.JPG,03290110.JPG,1965005,2017-01-10 00:34:24,moved
CT15,M 12,03290111.JPG,M 12\03290111.JPG,03290111.JPG,1963037,2017-01-10 00:34:26,moved
CT15,M 12,03290253.JPG,M 12\03290253.JPG,03290253.JPG,2485471,2017-03-29 07:19:07,moved
CT15,M 12,03290254.JPG,M 12\03290254.JPG,03290254.JPG,1134821,2017-03-29 07:19:07,moved
CT15,M 12,03290255.JPG,M 12\03290255.JPG,03290255.JPG,1152457,2017-03-29 07:19:08,moved
CT15,M 12,03300257.JPG,M 12\03300257.JPG,03300257.JPG,2461846,2017-03-30 01:43:56,moved
CT15,M 12,03300258.JPG,M 12\03300258.JPG,03300258.JPG,916683,2017-03-30 01:43:58,moved
CT15,M 12,03300259.JPG,M 12\03300259.JPG,03300259.JPG,1032178,2017-03-30 01:43:58,moved
CT15,M 12,10100077.JPG,M 12\10100077.JPG,10100077.JPG,3022734,2017-01-01 18:07:44,moved
CT15,M 12,10100078.JPG,M 12\10100078.JPG,10100078.JPG,3023200,2017-01-01 18:07:46,moved
CT15,M 12,10100079.JPG,M 12\10100079.JPG,10100079.JPG,3023023,2017-01-01 18:07:46,moved
CT15,M 12,10100125.JPG,M 12\10100125.JPG,10100125.JPG,2989685,2017-01-01 18:20:02,moved
CT15,M 12,10100126.JPG,M 12\10100126.JPG,10100126.JPG,2990743,2017-01-01 18:20:02,moved
CT15,M 12,10100127.JPG,M 12\10100127.JPG,10100127.JPG,2990983,2017-01-01 18:20:04,moved
CT15,M 12,10110121.JPG,M 12\10110121.JPG,10110121.JPG,2984328,2017-01-01 17:54:22,moved
CT15,M 12,10110122.JPG,M 12\10110122.JPG,10110122.JPG,2977706,2017-01-01 17:54:22,moved
CT15,M 12,10110123.JPG,M 12\10110123.JPG,10110123.JPG,2978712,2017-01-01 17:54:24,moved
CT16,M 13,00300037.JPG,M 13\00300037.JPG,00300037.JPG,2317330,2017-01-09 20:26:38,moved
CT16,M 13,00300038.JPG,M 13\00300038.JPG,00300038.JPG,2315308,2017-01-09 20:26:40,moved
CT16,M 13,00300039.JPG,M 13\00300039.JPG,00300039.JPG,2307757,2017-01-09 20:26:40,moved
CT16,M 13,01010009.JPG,M 13\01010009.JPG,01010009.JPG,2331280,2017-01-01 01:00:00,moved
CT16,M 13,01010010.JPG,M 13\01010010.JPG,01010010.JPG,2338438,2017-01-01 01:00:00,moved
CT16,M 13,01010011.JPG,M 13\01010011.JPG,01010011.JPG,2337853,2017-01-01 01:00:02,moved
CT16,M 13,01010013.JPG,M 13\01010013.JPG,01010013.JPG,1102043,2017-01-01 01:00:00,moved
CT16,M 13,01010014.JPG,M 13\01010014.JPG,01010014.JPG,1102974,2017-01-01 01:00:00,moved
CT16,M 13,01010015.JPG,M 13\01010015.JPG,01010015.JPG,1102378,2017-01-01 01:00:02,moved
CT16,M 13,01010021.JPG,M 13\01010021.JPG,01010021.JPG,801636,2017-01-01 01:00:00,moved
CT16,M 13,01010022.JPG,M 13\01010022.JPG,01010022.JPG,800820,2017-01-01 01:00:00,moved
CT16,M 13,01010023.JPG,M 13\01010023.JPG,01010023.JPG,800689,2017-01-01 01:00:02,moved
CT16,M 13,01010041.JPG,M 13\01010041.JPG,01010041.JPG,2466584,2017-01-01 01:00:00,moved
CT16,M 13,01010042.JPG,M 13\01010042.JPG,01010042.JPG,2448799,2017-01-01 01:00:00,moved
CT16,M 13,01010043.JPG,M 13\01010043.JPG,01010043.JPG,2450015,2017-01-01 01:00:02,moved
CT16,M 13,01010049.JPG,M 13\01010049.JPG,01010049.JPG,2420389,2017-01-01 01:00:01,moved
CT16,M 13,01010050.JPG,M 13\01010050.JPG,01010050.JPG,1130759,2017-01-01 01:00:01,moved
CT16,M 13,01010051.JPG,M 13\01010051.JPG,01010051.JPG,1135190,2017-01-01 01:00:02,moved
CT16,M 13,01010057.JPG,M 13\01010057.JPG,01010057.JPG,2443388,2017-01-01 01:00:00,moved
CT16,M 13,01010058.JPG,M 13\01010058.JPG,01010058.JPG,2438903,2017-01-01 01:00:00,moved
CT16,M 13,01010059.JPG,M 13\01010059.JPG,01010059.JPG,2448066,2017-01-01 01:00:02,moved
CT16,M 13,01010061.JPG,M 13\01010061.JPG,01010061.JPG,2445041,2017-01-01 01:00:00,moved
CT16,M 13,01010062.JPG,M 13\01010062.JPG,01010062.JPG,2429885,2017-01-01 01:00:00,moved
CT16,M 13,01010063.JPG,M 13\01010063.JPG,01010063.JPG,2431163,2017-01-01 01:00:02,moved
CT16,M 13,01010065.JPG,M 13\01010065.JPG,01010065.JPG,2486019,2017-01-01 11:50:59,moved
CT16,M 13,01010066.JPG,M 13\01010066.JPG,01010066.JPG,1101536,2017-01-01 11:50:59,moved
CT16,M 13,01010067.JPG,M 13\01010067.JPG,01010067.JPG,1078591,2017-01-01 11:51:00,moved
CT16,M 13,01010069.JPG,M 13\01010069.JPG,01010069.JPG,2559701,2017-01-01 01:00:00,moved
CT16,M 13,01010070.JPG,M 13\01010070.JPG,01010070.JPG,2564011,2017-01-01 01:00:00,moved
CT16,M 13,01010071.JPG,M 13\01010071.JPG,01010071.JPG,2566318,2017-01-01 01:00:02,moved
CT16,M 13,01070017.JPG,M 13\01070017.JPG,01070017.JPG,681206,2017-01-08 00:43:34,moved
CT16,M 13,01070018.JPG,M 13\01070018.JPG,01070018.JPG,685080,2017-01-08 00:43:34,moved
CT16,M 13,01070019.JPG,M 13\01070019.JPG,01070019.JPG,684269,2017-01-08 00:43:36,moved
CT16,M 13,01070073.JPG,M 13\01070073.JPG,01070073.JPG,2519082,2017-01-07 17:21:35,moved
CT16,M 13,01070074.JPG,M 13\01070074.JPG,01070074.JPG,1156093,2017-01-07 17:21:35,moved
CT16,M 13,01070075.JPG,M 13\01070075.JPG,01070075.JPG,1136813,2017-01-07 17:21:36,moved
CT16,M 13,01090001.JPG,M 13\01090001.JPG,01090001.JPG,2613383,2025-01-09 15:18:56,moved
CT16,M 13,01090002.JPG,M 13\01090002.JPG,01090002.JPG,2615358,2025-01-09 15:18:58,moved
CT16,M 13,01090003.JPG,M 13\01090003.JPG,01090003.JPG,2617580,2025-01-09 15:18:58,moved
CT16,M 13,01090005.JPG,M 13\01090005.JPG,01090005.JPG,2572747,2025-01-09 15:19:18,moved
CT16,M 13,01090006.JPG,M 13\01090006.JPG,01090006.JPG,2566912,2025-01-09 15:19:20,moved
CT16,M 13,01090007.JPG,M 13\01090007.JPG,01090007.JPG,2570331,2025-01-09 15:19:20,moved
CT16,M 13,01300077.JPG,M 13\01300077.JPG,01300077.JPG,1798558,2017-01-30 08:34:49,moved
CT16,M 13,01300078.JPG,M 13\01300078.JPG,01300078.JPG,1833735,2017-01-30 08:34:49,moved
CT16,M 13,01300079.JPG,M 13\01300079.JPG,01300079.JPG,1841512,2017-01-30 08:34:50,moved
CT16,M 13,01310081.JPG,M 13\01310081.JPG,01310081.JPG,1749399,2017-01-31 07:46:56,moved
CT16,M 13,01310082.JPG,M 13\01310082.JPG,01310082.JPG,616114,2017-01-31 07:46:56,moved
CT16,M 13,01310083.JPG,M 13\01310083.JPG,01310083.JPG,2636724,2017-01-31 07:46:58,moved
CT16,M 13,02060085.JPG,M 13\02060085.JPG,02060085.JPG,2884477,2017-02-06 07:29:26,moved
CT16,M 13,02060086.JPG,M 13\02060086.JPG,02060086.JPG,2883367,2017-02-06 07:29:26,moved
CT16,M 13,02060087.JPG,M 13\02060087.JPG,02060087.JPG,2887211,2017-02-06 07:29:26,moved
CT16,M 13,03050089.JPG,M 13\03050089.JPG,03050089.JPG,934718,2017-03-05 05:19:36,moved
CT16,M 13,03050090.JPG,M 13\03050090.JPG,03050090.JPG,907997,2017-03-05 05:19:36,moved
CT16,M 13,03050091.JPG,M 13\03050091.JPG,03050091.JPG,910306,2017-03-05 05:19:38,moved
CT16,M 13,04100093.JPG,M 13\04100093.JPG,04100093.JPG,307660,2017-04-10 06:42:01,moved
CT16,M 13,04100094.JPG,M 13\04100094.JPG,04100094.JPG,690756,2017-04-10 06:42:03,moved
CT16,M 13,04100095.JPG,M 13\04100095.JPG,04100095.JPG,1017390,2017-04-10 06:42:03,moved
CT16,M 13,09100025.JPG,M 13\09100025.JPG,09100025.JPG,2578268,2017-01-03 19:20:40,moved
CT16,M 13,09100026.JPG,M 13\09100026.JPG,09100026.JPG,2578980,2017-01-03 19:20:40,moved
CT16,M 13,09100027.JPG,M 13\09100027.JPG,09100027.JPG,2581988,2017-01-03 19:20:42,moved
CT16,M 13,09100029.JPG,M 13\09100029.JPG,09100029.JPG,2640449,2017-01-03 21:38:06,moved
CT16,M 13,09100030.JPG,M 13\09100030.JPG,09100030.JPG,2678465,2017-01-03 21:38:08,moved
CT16,M 13,09100031.JPG,M 13\09100031.JPG,09100031.JPG,2667805,2017-01-03 21:38:08,moved
CT16,M 13,09100053.JPG,M 13\09100053.JPG,09100053.JPG,1881491,2017-01-03 09:52:00,moved
CT16,M 13,09100054.JPG,M 13\09100054.JPG,09100054.JPG,1873777,2017-01-03 09:52:00,moved
CT16,M 13,09100055.JPG,M 13\09100055.JPG,09100055.JPG,1872955,2017-01-03 09:52:02,moved
CT16,M 13,09130033.JPG,M 13\09130033.JPG,09130033.JPG,2404515,2017-01-07 12:18:15,moved
CT16,M 13,09130034.JPG,M 13\09130034.JPG,09130034.JPG,1109096,2017-01-07 12:18:17,moved
CT16,M 13,09130035.JPG,M 13\09130035.JPG,09130035.JPG,1110341,2017-01-07 12:18:17,moved
CT16,M 13,09190045.JPG,M 13\09190045.JPG,09190045.JPG,2476436,2017-01-01 19:12:52,moved
CT16,M 13,09190046.JPG,M 13\09190046.JPG,09190046.JPG,2476193,2017-01-01 19:12:54,moved
CT16,M 13,09190047.JPG,M 13\09190047.JPG,09190047.JPG,2480345,2017-01-01 19:12:54,moved
CT17,M 14,01160001.JPG,M 14\01160001.JPG,01160001.JPG,2400414,2025-01-16 18:01:56,moved
CT17,M 14,01160002.JPG,M 14\01160002.JPG,01160002.JPG,2489464,2025-01-16 18:01:56,moved
CT17,M 14,01160003.JPG,M 14\01160003.JPG,01160003.JPG,2571361,2025-01-16 18:01:58,moved
CT17,M 14,01190005.JPG,M 14\01190005.JPG,01190005.JPG,2253903,2025-01-19 16:53:54,moved
CT17,M 14,01190006.JPG,M 14\01190006.JPG,01190006.JPG,2245039,2025-01-19 16:53:56,moved
CT17,M 14,01190007.JPG,M 14\01190007.JPG,01190007.JPG,2247764,2025-01-19 16:53:56,moved
CT17,M 14,01210009.JPG,M 14\01210009.JPG,01210009.JPG,2037190,2025-01-21 16:31:44,moved
CT17,M 14,01210010.JPG,M 14\01210010.JPG,01210010.JPG,2039354,2025-01-21 16:31:44,moved
CT17,M 14,01210011.JPG,M 14\01210011.JPG,01210011.JPG,2044397,2025-01-21 16:31:46,moved
CT17,M 14,01220013.JPG,M 14\01220013.JPG,01220013.JPG,2362409,2025-01-22 17:33:34,moved
CT17,M 14,01220014.JPG,M 14\01220014.JPG,01220014.JPG,2286708,2025-01-22 17:33:34,moved
CT17,M 14,01220015.JPG,M 14\01220015.JPG,01220015.JPG,2260318,2025-01-22 17:33:34,moved
CT17,M 14,01220016.JPG,M 14\01220016.JPG,01220016.JPG,2264124,2025-01-22 17:34:54,moved
CT17,M 14,01220017.JPG,M 14\01220017.JPG,01220017.JPG,2311253,2025-01-22 17:34:54,moved
CT17,M 14,01220018.JPG,M 14\01220018.JPG,01220018.JPG,2308079,2025-01-22 17:34:56,moved
CT17,M 14,01270020.JPG,M 14\01270020.JPG,01270020.JPG,2643201,2025-01-27 09:49:02,moved
CT17,M 14,01270021.JPG,M 14\01270021.JPG,01270021.JPG,2615291,2025-01-27 09:49:02,moved
CT17,M 14,01270022.JPG,M 14\01270022.JPG,01270022.JPG,2615011,2025-01-27 09:49:04,moved
CT17,M 14,01300024.JPG,M 14\01300024.JPG,01300024.JPG,2583866,2025-01-30 14:50:54,moved
CT17,M 14,01300025.JPG,M 14\01300025.JPG,01300025.JPG,2570201,2025-01-30 14:50:54,moved
CT17,M 14,01300026.JPG,M 14\01300026.JPG,01300026.JPG,2571885,2025-01-30 14:50:56,moved
CT17,M 14,01300028.JPG,M 14\01300028.JPG,01300028.JPG,2575794,2025-01-30 14:51:30,moved
CT17,M 14,01300029.JPG,M 14\01300029.JPG,01300029.JPG,2573637,2025-01-30 14:51:30,moved
CT17,M 14,01300030.JPG,M 14\01300030.JPG,01300030.JPG,2571353,2025-01-30 14:51:32,moved
CT17,M 14,01300032.JPG,M 14\01300032.JPG,01300032.JPG,2285312,2025-01-30 15:40:52,moved
CT17,M 14,01300033.JPG,M 14\01300033.JPG,01300033.JPG,2294758,2025-01-30 15:40:54,moved
CT17,M 14,01300034.JPG,M 14\01300034.JPG,01300034.JPG,2285845,2025-01-30 15:40:54,moved
CT17,M 14,01300036.JPG,M 14\01300036.JPG,01300036.JPG,2213028,2025-01-30 16:10:16,moved
CT17,M 14,01300037.JPG,M 14\01300037.JPG,01300037.JPG,2188518,2025-01-30 16:10:18,moved
CT17,M 14,01300038.JPG,M 14\01300038.JPG,01300038.JPG,2223932,2025-01-30 16:10:18,moved
CT17,M 14,02070040.JPG,M 14\02070040.JPG,02070040.JPG,805471,2025-02-07 05:08:23,moved
CT17,M 14,02070041.JPG,M 14\02070041.JPG,02070041.JPG,1136281,2025-02-07 05:08:24,moved
CT17,M 14,02070042.JPG,M 14\02070042.JPG,02070042.JPG,1160403,2025-02-07 05:08:24,moved
CT17,M 14,02070044.JPG,M 14\02070044.JPG,02070044.JPG,1648624,2025-02-07 17:01:34,moved
CT17,M 14,02070045.JPG,M 14\02070045.JPG,02070045.JPG,1728906,2025-02-07 17:01:34,moved
CT17,M 14,02070046.JPG,M 14\02070046.JPG,02070046.JPG,1734667,2025-02-07 17:01:34,moved
CT17,M 14,02080048.JPG,M 14\02080048.JPG,02080048.JPG,2624627,2025-02-08 04:37:25,moved
CT17,M 14,02080049.JPG,M 14\02080049.JPG,02080049.JPG,1167163,2025-02-08 04:37:25,moved
CT17,M 14,02080050.JPG,M 14\02080050.JPG,02080050.JPG,1144415,2025-02-08 04:37:26,moved
CT17,M 14,02140052.JPG,M 14\02140052.JPG,02140052.JPG,2227851,2025-02-14 20:46:09,moved
CT17,M 14,02140053.JPG,M 14\02140053.JPG,02140053.JPG,2329864,2025-02-14 20:46:09,moved
CT17,M 14,02140054.JPG,M 14\02140054.JPG,02140054.JPG,2329301,2025-02-14 20:46:09,moved
CT17,M 14,02160056.JPG,M 14\02160056.JPG,02160056.JPG,1761998,2025-02-16 16:15:50,moved
CT17,M 14,02160057.JPG,M 14\02160057.JPG,02160057.JPG,1804192,2025-02-16 16:15:52,moved
CT17,M 14,02160058.JPG,M 14\02160058.JPG,02160058.JPG,1654009,2025-02-16 16:15:52,moved
CT17,M 14,02180060.JPG,M 14\02180060.JPG,02180060.JPG,2189864,2025-02-18 16:46:38,moved
CT17,M 14,02180061.JPG,M 14\02180061.JPG,02180061.JPG,2208890,2025-02-18 16:46:40,moved
CT17,M 14,02180062.JPG,M 14\02180062.JPG,02180062.JPG,2218831,2025-02-18 16:46:40,moved
CT17,M 14,02180064.JPG,M 14\02180064.JPG,02180064.JPG,1946628,2025-02-18 16:55:04,moved
CT17,M 14,02180065.JPG,M 14\02180065.JPG,02180065.JPG,1895228,2025-02-18 16:55:04,moved
CT17,M 14,02180066.JPG,M 14\02180066.JPG,02180066.JPG,1901394,2025-02-18 16:55:06,moved
CT17,M 14,02180068.JPG,M 14\02180068.JPG,02180068.JPG,1833545,2025-02-18 17:06:08,moved
CT17,M 14,02180069.JPG,M 14\02180069.JPG,02180069.JPG,1889475,2025-02-18 17:06:08,moved
CT17,M 14,02180070.JPG,M 14\02180070.JPG,02180070.JPG,1848794,2025-02-18 17:06:10,moved
CT17,M 14,02180072.JPG,M 14\02180072.JPG,02180072.JPG,1741323,2025-02-18 17:18:40,moved
CT17,M 14,02180073.JPG,M 14\02180073.JPG,02180073.JPG,1744245,2025-02-18 17:18:40,moved
CT17,M 14,02180074.JPG,M 14\02180074.JPG,02180074.JPG,1720408,2025-02-18 17:18:42,moved
CT17,M 14,02190076.JPG,M 14\02190076.JPG,02190076.JPG,2406954,2025-02-19 15:52:08,moved
CT17,M 14,02190077.JPG,M 14\02190077.JPG,02190077.JPG,2412612,2025-02-19 15:52:08,moved
CT17,M 14,02190078.JPG,M 14\02190078.JPG,02190078.JPG,2397542,2025-02-19 15:52:10,moved
CT17,M 14,02250080.JPG,M 14\02250080.JPG,02250080.JPG,2639010,2025-02-25 18:47:48,moved
CT17,M 14,02250081.JPG,M 14\02250081.JPG,02250081.JPG,2621198,2025-02-25 18:47:48,moved
CT17,M 14,02250082.JPG,M 14\02250082.JPG,02250082.JPG,2632813,2025-02-25 18:47:50,moved
CT17,M 14,03020084.JPG,M 14\03020084.JPG,03020084.JPG,2704914,2025-03-02 16:51:18,moved
CT17,M 14,03020085.JPG,M 14\03020085.JPG,03020085.JPG,2705667,2025-03-02 16:51:18,moved
CT17,M 14,03020086.JPG,M 14\03020086.JPG,03020086.JPG,2720652,2025-03-02 16:51:20,moved
CT17,M 14,03050088.JPG,M 14\03050088.JPG,03050088.JPG,2318113,2025-03-05 20:06:23,moved
CT17,M 14,03050089.JPG,M 14\03050089.JPG,03050089.JPG,2294626,2025-03-05 20:06:23,moved
CT17,M 14,03050090.JPG,M 14\03050090.JPG,03050090.JPG,2201874,2025-03-05 20:06:25,moved
CT17,M 14,03050092.JPG,M 14\03050092.JPG,03050092.JPG,2116243,2025-03-05 20:06:45,moved
CT17,M 14,03050093.JPG,M 14\03050093.JPG,03050093.JPG,2120517,2025-03-05 20:06:45,moved
CT17,M 14,03050094.JPG,M 14\03050094.JPG,03050094.JPG,2004916,2025-03-05 20:06:46,moved
CT17,M 14,03060096.JPG,M 14\03060096.JPG,03060096.JPG,305705,2025-03-06 01:57:25,moved
CT17,M 14,03060097.JPG,M 14\03060097.JPG,03060097.JPG,1138560,2025-03-06 01:57:26,moved
CT17,M 14,03060098.JPG,M 14\03060098.JPG,03060098.JPG,1150887,2025-03-06 01:57:26,moved
CT17,M 14,03120100.JPG,M 14\03120100.JPG,03120100.JPG,2253735,2025-03-12 12:57:38,moved
CT17,M 14,03120101.JPG,M 14\03120101.JPG,03120101.JPG,2204364,2025-03-12 12:57:40,moved
CT17,M 14,03120102.JPG,M 14\03120102.JPG,03120102.JPG,2238619,2025-03-12 12:57:40,moved
CT17,M 14,03120104.JPG,M 14\03120104.JPG,03120104.JPG,2417488,2025-03-12 15:28:42,moved
CT17,M 14,03120105.JPG,M 14\03120105.JPG,03120105.JPG,2407895,2025-03-12 15:28:44,moved
CT17,M 14,03120106.JPG,M 14\03120106.JPG,03120106.JPG,2455881,2025-03-12 15:28:44,moved
CT17,M 14,03120108.JPG,M 14\03120108.JPG,03120108.JPG,2163144,2025-03-12 16:00:04,moved
CT17,M 14,03120109.JPG,M 14\03120109.JPG,03120109.JPG,2133063,2025-03-12 16:00:04,moved
CT17,M 14,03120110.JPG,M 14\03120110.JPG,03120110.JPG,2089691,2025-03-12 16:00:06,moved
CT17,M 14,03120112.JPG,M 14\03120112.JPG,03120112.JPG,1183987,2025-03-12 16:03:06,moved
CT17,M 14,03120113.JPG,M 14\03120113.JPG,03120113.JPG,1191320,2025-03-12 16:03:08,moved
CT17,M 14,03120114.JPG,M 14\03120114.JPG,03120114.JPG,1214801,2025-03-12 16:03:08,moved
CT17,M 14,03120116.JPG,M 14\03120116.JPG,03120116.JPG,954171,2025-03-12 16:03:30,moved
CT17,M 14,03120117.JPG,M 14\03120117.JPG,03120117.JPG,922034,2025-03-12 16:03:30,moved
CT17,M 14,03120118.JPG,M 14\03120118.JPG,03120118.JPG,932881,2025-03-12 16:03:32,moved
CT17,M 14,03210120.JPG,M 14\03210120.JPG,03210120.JPG,2665417,2025-03-21 01:13:47,moved
CT17,M 14,03210121.JPG,M 14\03210121.JPG,03210121.JPG,1127774,2025-03-21 01:13:49,moved
CT17,M 14,03210122.JPG,M 14\03210122.JPG,03210122.JPG,1143030,2025-03-21 01:13:49,moved
CT17,M 14,03230124.JPG,M 14\03230124.JPG,03230124.JPG,1908264,2025-03-23 13:24:46,moved
CT17,M 14,03230125.JPG,M 14\03230125.JPG,03230125.JPG,1998035,2025-03-23 13:24:46,moved
CT17,M 14,03230126.JPG,M 14\03230126.JPG,03230126.JPG,1969957,2025-03-23 13:24:48,moved
CT17,M 14,03230128.JPG,M 14\03230128.JPG,03230128.JPG,2478367,2025-03-23 14:30:32,moved
CT17,M 14,03230129.JPG,M 14\03230129.JPG,03230129.JPG,2480181,2025-03-23 14:30:34,moved
CT17,M 14,03230130.JPG,M 14\03230130.JPG,03230130.JPG,2480366,2025-03-23 14:30:34,moved
CT17,M 14,03230132.JPG,M 14\03230132.JPG,03230132.JPG,1686089,2025-03-23 14:37:04,moved
CT17,M 14,03230133.JPG,M 14\03230133.JPG,03230133.JPG,1709326,2025-03-23 14:37:06,moved
CT17,M 14,03230134.JPG,M 14\03230134.JPG,03230134.JPG,1694255,2025-03-23 14:37:06,moved
CT17,M 14,03230136.JPG,M 14\03230136.JPG,03230136.JPG,2177031,2025-03-23 14:49:44,moved
CT17,M 14,03230137.JPG,M 14\03230137.JPG,03230137.JPG,2269563,2025-03-23 14:49:46,moved
CT17,M 14,03230138.JPG,M 14\03230138.JPG,03230138.JPG,2239666,2025-03-23 14:49:46,moved
CT17,M 14,03230140.JPG,M 14\03230140.JPG,03230140.JPG,2375559,2025-03-23 15:37:20,moved
CT17,M 14,03230141.JPG,M 14\03230141.JPG,03230141.JPG,2438710,2025-03-23 15:37:22,moved
CT17,M 14,03230142.JPG,M 14\03230142.JPG,03230142.JPG,2443318,2025-03-23 15:37:22,moved
CT17,M 14,03230144.JPG,M 14\03230144.JPG,03230144.JPG,2262432,2025-03-23 15:47:16,moved
CT17,M 14,03230145.JPG,M 14\03230145.JPG,03230145.JPG,2252707,2025-03-23 15:47:18,moved
CT17,M 14,03230146.JPG,M 14\03230146.JPG,03230146.JPG,2264274,2025-03-23 15:47:18,moved
CT17,M 14,03230148.JPG,M 14\03230148.JPG,03230148.JPG,2339669,2025-03-23 15:58:00,moved
CT17,M 14,03230149.JPG,M 14\03230149.JPG,03230149.JPG,2332344,2025-03-23 15:58:02,moved
CT17,M 14,03230150.JPG,M 14\03230150.JPG,03230150.JPG,2297570,2025-03-23 15:58:02,moved
CT17,M 14,03230152.JPG,M 14\03230152.JPG,03230152.JPG,2276883,2025-03-23 16:04:22,moved
CT17,M 14,03230153.JPG,M 14\03230153.JPG,03230153.JPG,2282994,2025-03-23 16:04:22,moved
CT17,M 14,03230154.JPG,M 14\03230154.JPG,03230154.JPG,2234299,2025-03-23 16:04:24,moved
CT17,M 14,03230156.JPG,M 14\03230156.JPG,03230156.JPG,2102343,2025-03-23 16:53:02,moved
CT17,M 14,03230157.JPG,M 14\03230157.JPG,03230157.JPG,2140698,2025-03-23 16:53:02,moved
CT17,M 14,03230158.JPG,M 14\03230158.JPG,03230158.JPG,2112329,2025-03-23 16:53:02,moved
CT17,M 14,03230160.JPG,M 14\03230160.JPG,03230160.JPG,1808239,2025-03-23 17:25:52,moved
CT17,M 14,03230161.JPG,M 14\03230161.JPG,03230161.JPG,1887007,2025-03-23 17:25:54,moved
CT17,M 14,03230162.JPG,M 14\03230162.JPG,03230162.JPG,1877892,2025-03-23 17:25:54,moved
CT17,M 14,03230164.JPG,M 14\03230164.JPG,03230164.JPG,2342104,2025-03-23 17:38:50,moved
CT17,M 14,03230165.JPG,M 14\03230165.JPG,03230165.JPG,2381053,2025-03-23 17:38:50,moved
CT17,M 14,03230166.JPG,M 14\03230166.JPG,03230166.JPG,2339931,2025-03-23 17:38:52,moved
CT17,M 14,03230168.JPG,M 14\03230168.JPG,03230168.JPG,2055775,2025-03-23 18:02:46,moved
CT17,M 14,03230169.JPG,M 14\03230169.JPG,03230169.JPG,2062397,2025-03-23 18:02:48,moved
CT17,M 14,03230170.JPG,M 14\03230170.JPG,03230170.JPG,2072729,2025-03-23 18:02:48,moved
CT17,M 14,03240172.JPG,M 14\03240172.JPG,03240172.JPG,2955982,2025-03-24 14:02:30,moved
CT17,M 14,03240173.JPG,M 14\03240173.JPG,03240173.JPG,2959660,2025-03-24 14:02:30,moved
CT17,M 14,03240174.JPG,M 14\03240174.JPG,03240174.JPG,2986043,2025-03-24 14:02:32,moved
CT17,M 14,03240176.JPG,M 14\03240176.JPG,03240176.JPG,2743446,2025-03-24 14:20:18,moved
CT17,M 14,03240177.JPG,M 14\03240177.JPG,03240177.JPG,2769701,2025-03-24 14:20:18,moved
CT17,M 14,03240178.JPG,M 14\03240178.JPG,03240178.JPG,2792404,2025-03-24 14:20:20,moved
CT17,M 14,03240180.JPG,M 14\03240180.JPG,03240180.JPG,1483849,2025-03-24 14:40:52,moved
CT17,M 14,03240181.JPG,M 14\03240181.JPG,03240181.JPG,1471780,2025-03-24 14:40:52,moved
CT17,M 14,03240182.JPG,M 14\03240182.JPG,03240182.JPG,1492830,2025-03-24 14:40:54,moved
CT17,M 14,03240184.JPG,M 14\03240184.JPG,03240184.JPG,2362113,2025-03-24 15:02:48,moved
CT17,M 14,03240185.JPG,M 14\03240185.JPG,03240185.JPG,2375163,2025-03-24 15:02:50,moved
CT17,M 14,03240186.JPG,M 14\03240186.JPG,03240186.JPG,2372275,2025-03-24 15:02:50,moved
CT17,M 14,03240188.JPG,M 14\03240188.JPG,03240188.JPG,2349257,2025-03-24 15:07:46,moved
CT17,M 14,03240189.JPG,M 14\03240189.JPG,03240189.JPG,2349534,2025-03-24 15:07:48,moved
CT17,M 14,03240190.JPG,M 14\03240190.JPG,03240190.JPG,2356875,2025-03-24 15:07:48,moved
CT17,M 14,03240192.JPG,M 14\03240192.JPG,03240192.JPG,2414951,2025-03-24 15:44:22,moved
CT17,M 14,03240193.JPG,M 14\03240193.JPG,03240193.JPG,2409475,2025-03-24 15:44:24,moved
CT17,M 14,03240194.JPG,M 14\03240194.JPG,03240194.JPG,2408345,2025-03-24 15:44:24,moved
CT17,M 14,03240196.JPG,M 14\03240196.JPG,03240196.JPG,2259606,2025-03-24 15:57:12,moved
CT17,M 14,03240197.JPG,M 14\03240197.JPG,03240197.JPG,2267795,2025-03-24 15:57:14,moved
CT17,M 14,03240198.JPG,M 14\03240198.JPG,03240198.JPG,2268301,2025-03-24 15:57:14,moved
CT17,M 14,03240200.JPG,M 14\03240200.JPG,03240200.JPG,2290038,2025-03-24 15:58:02,moved
CT17,M 14,03240201.JPG,M 14\03240201.JPG,03240201.JPG,2296301,2025-03-24 15:58:04,moved
CT17,M 14,03240202.JPG,M 14\03240202.JPG,03240202.JPG,2290154,2025-03-24 15:58:04,moved
CT17,M 14,03240204.JPG,M 14\03240204.JPG,03240204.JPG,2394730,2025-03-24 16:08:30,moved
CT17,M 14,03240205.JPG,M 14\03240205.JPG,03240205.JPG,2367835,2025-03-24 16:08:32,moved
CT17,M 14,03240206.JPG,M 14\03240206.JPG,03240206.JPG,2387180,2025-03-24 16:08:32,moved
CT17,M 14,03240208.JPG,M 14\03240208.JPG,03240208.JPG,2320741,2025-03-24 16:13:14,moved
CT17,M 14,03240209.JPG,M 14\03240209.JPG,03240209.JPG,2316424,2025-03-24 16:13:16,moved
CT17,M 14,03240210.JPG,M 14\03240210.JPG,03240210.JPG,2319338,2025-03-24 16:13:16,moved
CT17,M 14,03240212.JPG,M 14\03240212.JPG,03240212.JPG,2514035,2025-03-24 16:28:38,moved
CT17,M 14,03240213.JPG,M 14\03240213.JPG,03240213.JPG,2536894,2025-03-24 16:28:38,moved
CT17,M 14,03240214.JPG,M 14\03240214.JPG,03240214.JPG,2502222,2025-03-24 16:28:40,moved
CT17,M 14,03240216.JPG,M 14\03240216.JPG,03240216.JPG,2492651,2025-03-24 16:37:30,moved
CT17,M 14,03240217.JPG,M 14\03240217.JPG,03240217.JPG,2521464,2025-03-24 16:37:32,moved
CT17,M 14,03240218.JPG,M 14\03240218.JPG,03240218.JPG,2510530,2025-03-24 16:37:32,moved
CT17,M 14,03240220.JPG,M 14\03240220.JPG,03240220.JPG,2522988,2025-03-24 16:45:30,moved
CT17,M 14,03240221.JPG,M 14\03240221.JPG,03240221.JPG,2520685,2025-03-24 16:45:32,moved
CT17,M 14,03240222.JPG,M 14\03240222.JPG,03240222.JPG,2532092,2025-03-24 16:45:32,moved
CT17,M 14,03240224.JPG,M 14\03240224.JPG,03240224.JPG,2485795,2025-03-24 16:45:54,moved
CT17,M 14,03240225.JPG,M 14\03240225.JPG,03240225.JPG,2491157,2025-03-24 16:45:56,moved
CT17,M 14,03240226.JPG,M 14\03240226.JPG,03240226.JPG,2508318,2025-03-24 16:45:56,moved
CT17,M 14,03240228.JPG,M 14\03240228.JPG,03240228.JPG,2135798,2025-03-24 17:14:00,moved
CT17,M 14,03240229.JPG,M 14\03240229.JPG,03240229.JPG,2120482,2025-03-24 17:14:00,moved
CT17,M 14,03240230.JPG,M 14\03240230.JPG,03240230.JPG,2093377,2025-03-24 17:14:02,moved
CT17,M 14,03240232.JPG,M 14\03240232.JPG,03240232.JPG,1939976,2025-03-24 17:36:46,moved
CT17,M 14,03240233.JPG,M 14\03240233.JPG,03240233.JPG,1959398,2025-03-24 17:36:48,moved
CT17,M 14,03240234.JPG,M 14\03240234.JPG,03240234.JPG,1848939,2025-03-24 17:36:48,moved
CT17,M 14,03240236.JPG,M 14\03240236.JPG,03240236.JPG,2073853,2025-03-24 17:37:08,moved
CT17,M 14,03240237.JPG,M 14\03240237.JPG,03240237.JPG,2050414,2025-03-24 17:37:10,moved
CT17,M 14,03240238.JPG,M 14\03240238.JPG,03240238.JPG,2059570,2025-03-24 17:37:10,moved
CT17,M 14,03240240.JPG,M 14\03240240.JPG,03240240.JPG,2252445,2025-03-24 17:41:00,moved
CT17,M 14,03240241.JPG,M 14\03240241.JPG,03240241.JPG,2249281,2025-03-24 17:41:02,moved
CT17,M 14,03240242.JPG,M 14\03240242.JPG,03240242.JPG,2247515,2025-03-24 17:41:02,moved
CT17,M 14,03240244.JPG,M 14\03240244.JPG,03240244.JPG,2096695,2025-03-24 17:50:50,moved
CT17,M 14,03240245.JPG,M 14\03240245.JPG,03240245.JPG,2087364,2025-03-24 17:50:50,moved
CT17,M 14,03240246.JPG,M 14\03240246.JPG,03240246.JPG,2105608,2025-03-24 17:50:52,moved
CT17,M 14,03250248.JPG,M 14\03250248.JPG,03250248.JPG,2220793,2025-03-25 13:16:52,moved
CT17,M 14,03250249.JPG,M 14\03250249.JPG,03250249.JPG,2229286,2025-03-25 13:16:52,moved
CT17,M 14,03250250.JPG,M 14\03250250.JPG,03250250.JPG,2217090,2025-03-25 13:16:54,moved
CT17,M 14,03250252.JPG,M 14\03250252.JPG,03250252.JPG,1246297,2025-03-25 13:33:34,moved
CT17,M 14,03250253.JPG,M 14\03250253.JPG,03250253.JPG,1266480,2025-03-25 13:33:36,moved
CT17,M 14,03250254.JPG,M 14\03250254.JPG,03250254.JPG,1317347,2025-03-25 13:33:36,moved
CT17,M 14,03250256.JPG,M 14\03250256.JPG,03250256.JPG,2601552,2025-03-25 14:24:06,moved
CT17,M 14,03250257.JPG,M 14\03250257.JPG,03250257.JPG,2612910,2025-03-25 14:24:08,moved
CT17,M 14,03250258.JPG,M 14\03250258.JPG,03250258.JPG,2634979,2025-03-25 14:24:08,moved
CT17,M 14,03250260.JPG,M 14\03250260.JPG,03250260.JPG,2417821,2025-03-25 14:29:44,moved
CT17,M 14,03250261.JPG,M 14\03250261.JPG,03250261.JPG,2447260,2025-03-25 14:29:46,moved
CT17,M 14,03250262.JPG,M 14\03250262.JPG,03250262.JPG,2426211,2025-03-25 14:29:46,moved
CT17,M 14,03250264.JPG,M 14\03250264.JPG,03250264.JPG,2401678,2025-03-25 14:30:40,moved
CT17,M 14,03250265.JPG,M 14\03250265.JPG,03250265.JPG,2403545,2025-03-25 14:30:42,moved
CT17,M 14,03250266.JPG,M 14\03250266.JPG,03250266.JPG,2395086,2025-03-25 14:30:42,moved
CT17,M 14,03250268.JPG,M 14\03250268.JPG,03250268.JPG,1952695,2025-03-25 14:34:42,moved
CT17,M 14,03250269.JPG,M 14\03250269.JPG,03250269.JPG,1963701,2025-03-25 14:34:44,moved
CT17,M 14,03250270.JPG,M 14\03250270.JPG,03250270.JPG,1991185,2025-03-25 14:34:44,moved
CT17,M 14,03250272.JPG,M 14\03250272.JPG,03250272.JPG,2082945,2025-03-25 14:35:02,moved
CT17,M 14,03250273.JPG,M 14\03250273.JPG,03250273.JPG,2111570,2025-03-25 14:35:04,moved
CT17,M 14,03250274.JPG,M 14\03250274.JPG,03250274.JPG,2085010,2025-03-25 14:35:04,moved
CT17,M 14,03250276.JPG,M 14\03250276.JPG,03250276.JPG,1670931,2025-03-25 14:37:12,moved
CT17,M 14,03250277.JPG,M 14\03250277.JPG,03250277.JPG,1671389,2025-03-25 14:37:14,moved
CT17,M 14,03250278.JPG,M 14\03250278.JPG,03250278.JPG,1672949,2025-03-25 14:37:14,moved
CT17,M 14,03250280.JPG,M 14\03250280.JPG,03250280.JPG,1121612,2025-03-25 14:39:06,moved
CT17,M 14,03250281.JPG,M 14\03250281.JPG,03250281.JPG,1127669,2025-03-25 14:39:06,moved
CT17,M 14,03250282.JPG,M 14\03250282.JPG,03250282.JPG,1128200,2025-03-25 14:39:08,moved
CT17,M 14,03250284.JPG,M 14\03250284.JPG,03250284.JPG,1467985,2025-03-25 14:40:32,moved
CT17,M 14,03250285.JPG,M 14\03250285.JPG,03250285.JPG,1471689,2025-03-25 14:40:32,moved
CT17,M 14,03250286.JPG,M 14\03250286.JPG,03250286.JPG,1479675,2025-03-25 14:40:34,moved
CT17,M 14,03250288.JPG,M 14\03250288.JPG,03250288.JPG,2383584,2025-03-25 14:53:42,moved
CT17,M 14,03250289.JPG,M 14\03250289.JPG,03250289.JPG,2394229,2025-03-25 14:53:44,moved
CT17,M 14,03250290.JPG,M 14\03250290.JPG,03250290.JPG,2407961,2025-03-25 14:53:44,moved
CT17,M 14,03250292.JPG,M 14\03250292.JPG,03250292.JPG,2349543,2025-03-25 15:15:28,moved
CT17,M 14,03250293.JPG,M 14\03250293.JPG,03250293.JPG,2356526,2025-03-25 15:15:30,moved
CT17,M 14,03250294.JPG,M 14\03250294.JPG,03250294.JPG,2346247,2025-03-25 15:15:30,moved
CT17,M 14,03250296.JPG,M 14\03250296.JPG,03250296.JPG,2349293,2025-03-25 15:43:32,moved
CT17,M 14,03250297.JPG,M 14\03250297.JPG,03250297.JPG,2350601,2025-03-25 15:43:34,moved
CT17,M 14,03250298.JPG,M 14\03250298.JPG,03250298.JPG,2364402,2025-03-25 15:43:34,moved
CT17,M 14,03250300.JPG,M 14\03250300.JPG,03250300.JPG,1972421,2025-03-25 15:53:24,moved
CT17,M 14,03250301.JPG,M 14\03250301.JPG,03250301.JPG,1974834,2025-03-25 15:53:26,moved
CT17,M 14,03250302.JPG,M 14\03250302.JPG,03250302.JPG,1984517,2025-03-25 15:53:26,moved
CT17,M 14,04040304.JPG,M 14\04040304.JPG,04040304.JPG,2495581,2025-04-04 16:12:20,moved
CT17,M 14,04040305.JPG,M 14\04040305.JPG,04040305.JPG,2485291,2025-04-04 16:12:20,moved
CT17,M 14,04040306.JPG,M 14\04040306.JPG,04040306.JPG,2494799,2025-04-04 16:12:22,moved
CT17,M 14,04080308.JPG,M 14\04080308.JPG,04080308.JPG,1581307,2025-04-08 06:51:33,moved
CT17,M 14,04080309.JPG,M 14\04080309.JPG,04080309.JPG,1135142,2025-04-08 06:51:35,moved
CT17,M 14,04080310.JPG,M 14\04080310.JPG,04080310.JPG,1132101,2025-04-08 06:51:35,moved
CT17,M 14,06040312.JPG,M 14\06040312.JPG,06040312.JPG,1626263,2025-06-04 15:46:12,moved
CT17,M 14,06040313.JPG,M 14\06040313.JPG,06040313.JPG,1639283,2025-06-04 15:46:12,moved
CT17,M 14,06040314.JPG,M 14\06040314.JPG,06040314.JPG,1653206,2025-06-04 15:46:12,moved
CT17,M 14,06040316.JPG,M 14\06040316.JPG,06040316.JPG,431344,2025-06-04 15:46:55,moved
CT17,M 14,06040317.JPG,M 14\06040317.JPG,06040317.JPG,565417,2025-06-04 15:46:57,moved
CT17,M 14,06040318.JPG,M 14\06040318.JPG,06040318.JPG,480412,2025-06-04 15:46:57,moved
CT18,M 15,01280001.JPG,M 15\01280001.JPG,01280001.JPG,3020683,2025-01-28 05:09:56,moved
CT18,M 15,01280002.JPG,M 15\01280002.JPG,01280002.JPG,3122280,2025-01-28 05:09:56,moved
CT18,M 15,01280003.JPG,M 15\01280003.JPG,01280003.JPG,3145843,2025-01-28 05:09:58,moved
CT18,M 15,02010005.JPG,M 15\02010005.JPG,02010005.JPG,3365045,2025-02-01 05:56:20,moved
CT18,M 15,02010006.JPG,M 15\02010006.JPG,02010006.JPG,3367567,2025-02-01 05:56:20,moved
CT18,M 15,02010007.JPG,M 15\02010007.JPG,02010007.JPG,3375960,2025-02-01 05:56:22,moved
CT18,M 15,02280009.JPG,M 15\02280009.JPG,02280009.JPG,311785,2025-02-28 16:14:49,moved
CT18,M 15,02280010.JPG,M 15\02280010.JPG,02280010.JPG,1116856,2025-02-28 16:14:50,moved
CT18,M 15,02280011.JPG,M 15\02280011.JPG,02280011.JPG,1135511,2025-02-28 16:14:50,moved
CT18,M 15,03020013.JPG,M 15\03020013.JPG,03020013.JPG,2520127,2025-03-02 13:17:51,moved
CT18,M 15,03020014.JPG,M 15\03020014.JPG,03020014.JPG,1139737,2025-03-02 13:17:53,moved
CT18,M 15,03020015.JPG,M 15\03020015.JPG,03020015.JPG,1141088,2025-03-02 13:17:53,moved
CT18,M 15,03020017.JPG,M 15\03020017.JPG,03020017.JPG,2046082,2025-03-02 20:33:49,moved
CT18,M 15,03020018.JPG,M 15\03020018.JPG,03020018.JPG,2854141,2025-03-02 20:33:51,moved
CT18,M 15,03020019.JPG,M 15\03020019.JPG,03020019.JPG,2847429,2025-03-02 20:33:51,moved
CT18,M 15,03030021.JPG,M 15\03030021.JPG,03030021.JPG,2576454,2025-03-03 09:42:47,moved
CT18,M 15,03030022.JPG,M 15\03030022.JPG,03030022.JPG,1664315,2025-03-03 09:42:47,moved
CT18,M 15,03030023.JPG,M 15\03030023.JPG,03030023.JPG,1651065,2025-03-03 09:42:48,moved
CT18,M 15,03210025.JPG,M 15\03210025.JPG,03210025.JPG,3213550,2025-03-21 02:32:22,moved
CT18,M 15,03210026.JPG,M 15\03210026.JPG,03210026.JPG,3433861,2025-03-21 02:32:24,moved
CT18,M 15,03210027.JPG,M 15\03210027.JPG,03210027.JPG,3420087,2025-03-21 02:32:24,moved
CT18,M 15,03210029.JPG,M 15\03210029.JPG,03210029.JPG,3091639,2025-03-21 02:32:44,moved
CT18,M 15,03210030.JPG,M 15\03210030.JPG,03210030.JPG,3172868,2025-03-21 02:32:46,moved
CT18,M 15,03210031.JPG,M 15\03210031.JPG,03210031.JPG,3329186,2025-03-21 02:32:46,moved
CT18,M 15,03280033.JPG,M 15\03280033.JPG,03280033.JPG,1417975,2025-03-28 22:52:41,moved
CT18,M 15,03280034.JPG,M 15\03280034.JPG,03280034.JPG,1474916,2025-03-28 22:52:41,moved
CT18,M 15,03280035.JPG,M 15\03280035.JPG,03280035.JPG,1470563,2025-03-28 22:52:43,moved
CT18,M 15,04020037.JPG,M 15\04020037.JPG,04020037.JPG,2512698,2025-04-02 11:03:53,moved
CT18,M 15,04020038.JPG,M 15\04020038.JPG,04020038.JPG,1160863,2025-04-02 11:03:54,moved
CT18,M 15,04020039.JPG,M 15\04020039.JPG,04020039.JPG,1153726,2025-04-02 11:03:54,moved
CT18,M 15,04130041.JPG,M 15\04130041.JPG,04130041.JPG,2449666,2025-04-13 15:58:59,moved
CT18,M 15,04130042.JPG,M 15\04130042.JPG,04130042.JPG,1088211,2025-04-13 15:58:59,moved
CT18,M 15,04130043.JPG,M 15\04130043.JPG,04130043.JPG,1072218,2025-04-13 15:59:00,moved
CT18,M 15,04200045.JPG,M 15\04200045.JPG,04200045.JPG,2077660,2025-04-20 10:54:01,moved
CT18,M 15,04200046.JPG,M 15\04200046.JPG,04200046.JPG,768283,2025-04-20 10:54:01,moved
CT18,M 15,04200047.JPG,M 15\04200047.JPG,04200047.JPG,768375,2025-04-20 10:54:02,moved
CT18,M 15,04200049.JPG,M 15\04200049.JPG,04200049.JPG,1931310,2025-04-20 15:01:55,moved
CT18,M 15,04200050.JPG,M 15\04200050.JPG,04200050.JPG,716598,2025-04-20 15:01:56,moved
CT18,M 15,04200051.JPG,M 15\04200051.JPG,04200051.JPG,716300,2025-04-20 15:01:56,moved
CT18,M 15,04200053.JPG,M 15\04200053.JPG,04200053.JPG,1974578,2025-04-20 16:51:43,moved
CT18,M 15,04200054.JPG,M 15\04200054.JPG,04200054.JPG,760124,2025-04-20 16:51:45,moved
CT18,M 15,04200055.JPG,M 15\04200055.JPG,04200055.JPG,762268,2025-04-20 16:51:45,moved
CT18,M 15,04230057.JPG,M 15\04230057.JPG,04230057.JPG,2235264,2025-04-23 15:21:15,moved
CT18,M 15,04230058.JPG,M 15\04230058.JPG,04230058.JPG,1123208,2025-04-23 15:21:17,moved
CT18,M 15,04230059.JPG,M 15\04230059.JPG,04230059.JPG,1110696,2025-04-23 15:21:17,moved
CT18,M 15,04300061.JPG,M 15\04300061.JPG,04300061.JPG,2580192,2025-04-30 11:28:09,moved
CT18,M 15,04300062.JPG,M 15\04300062.JPG,04300062.JPG,1129742,2025-04-30 11:28:11,moved
CT18,M 15,04300063.JPG,M 15\04300063.JPG,04300063.JPG,1119003,2025-04-30 11:28:11,moved
CT18,M 15,05010065.JPG,M 15\05010065.JPG,05010065.JPG,2304587,2025-05-01 18:15:55,moved
CT18,M 15,05010066.JPG,M 15\05010066.JPG,05010066.JPG,1128722,2025-05-01 18:15:57,moved
CT18,M 15,05010067.JPG,M 15\05010067.JPG,05010067.JPG,1136980,2025-05-01 18:15:57,moved
CT18,M 15,05020069.JPG,M 15\05020069.JPG,05020069.JPG,2491407,2025-05-02 13:53:19,moved
CT18,M 15,05020070.JPG,M 15\05020070.JPG,05020070.JPG,1143704,2025-05-02 13:53:19,moved
CT18,M 15,05020071.JPG,M 15\05020071.JPG,05020071.JPG,1145561,2025-05-02 13:53:20,moved
CT18,M 15,05020073.JPG,M 15\05020073.JPG,05020073.JPG,2532486,2025-05-02 16:57:17,moved
CT18,M 15,05020074.JPG,M 15\05020074.JPG,05020074.JPG,1142912,2025-05-02 16:57:19,moved
CT18,M 15,05020075.JPG,M 15\05020075.JPG,05020075.JPG,1131943,2025-05-02 16:57:19,moved
CT18,M 15,05020077.JPG,M 15\05020077.JPG,05020077.JPG,2452612,2025-05-02 19:26:43,moved
CT18,M 15,05020078.JPG,M 15\05020078.JPG,05020078.JPG,1133838,2025-05-02 19:26:44,moved
CT18,M 15,05020079.JPG,M 15\05020079.JPG,05020079.JPG,1133015,2025-05-02 19:26:44,moved
CT18,M 15,05050081.JPG,M 15\05050081.JPG,05050081.JPG,2527801,2025-05-05 19:30:35,moved
CT18,M 15,05050082.JPG,M 15\05050082.JPG,05050082.JPG,1159598,2025-05-05 19:30:37,moved
CT18,M 15,05050083.JPG,M 15\05050083.JPG,05050083.JPG,1125558,2025-05-05 19:30:37,moved
CT18,M 15,05050085.JPG,M 15\05050085.JPG,05050085.JPG,2523540,2025-05-05 19:32:49,moved
CT18,M 15,05050086.JPG,M 15\05050086.JPG,05050086.JPG,1139942,2025-05-05 19:32:51,moved
CT18,M 15,05050087.JPG,M 15\05050087.JPG,05050087.JPG,1126509,2025-05-05 19:32:51,moved
CT18,M 15,05160089.JPG,M 15\05160089.JPG,05160089.JPG,2550686,2025-05-16 12:27:03,moved
CT18,M 15,05160090.JPG,M 15\05160090.JPG,05160090.JPG,1124550,2025-05-16 12:27:03,moved
CT18,M 15,05160091.JPG,M 15\05160091.JPG,05160091.JPG,1124723,2025-05-16 12:27:04,moved
CT18,M 15,05230093.JPG,M 15\05230093.JPG,05230093.JPG,2514125,2025-05-23 11:35:39,moved
CT18,M 15,05230094.JPG,M 15\05230094.JPG,05230094.JPG,1160722,2025-05-23 11:35:41,moved
CT18,M 15,05230095.JPG,M 15\05230095.JPG,05230095.JPG,1112148,2025-05-23 11:35:41,moved
CT18,M 15,05230097.JPG,M 15\05230097.JPG,05230097.JPG,2382078,2025-05-23 18:53:49,moved
CT18,M 15,05230098.JPG,M 15\05230098.JPG,05230098.JPG,1083700,2025-05-23 18:53:49,moved
CT18,M 15,05230099.JPG,M 15\05230099.JPG,05230099.JPG,1094207,2025-05-23 18:53:50,moved
CT18,M 15,06020101.JPG,M 15\06020101.JPG,06020101.JPG,2236550,2025-06-02 15:12:45,moved
CT18,M 15,06020102.JPG,M 15\06020102.JPG,06020102.JPG,947052,2025-06-02 15:12:47,moved
CT18,M 15,06020103.JPG,M 15\06020103.JPG,06020103.JPG,936583,2025-06-02 15:12:47,moved
CT18,M 15,06030105.JPG,M 15\06030105.JPG,06030105.JPG,2093671,2025-06-03 09:11:23,moved
CT18,M 15,06030106.JPG,M 15\06030106.JPG,06030106.JPG,862261,2025-06-03 09:11:23,moved
CT18,M 15,06030107.JPG,M 15\06030107.JPG,06030107.JPG,878395,2025-06-03 09:11:24,moved
CT18,M 15,06060109.JPG,M 15\06060109.JPG,06060109.JPG,2271070,2025-06-06 19:16:39,moved
CT18,M 15,06060110.JPG,M 15\06060110.JPG,06060110.JPG,926731,2025-06-06 19:16:39,moved
CT18,M 15,06060111.JPG,M 15\06060111.JPG,06060111.JPG,925421,2025-06-06 19:16:40,moved
CT18,M 15,06100113.JPG,M 15\06100113.JPG,06100113.JPG,3160877,2025-06-10 03:36:26,moved
CT18,M 15,06100114.JPG,M 15\06100114.JPG,06100114.JPG,3222550,2025-06-10 03:36:26,moved
CT18,M 15,06100115.JPG,M 15\06100115.JPG,06100115.JPG,3241103,2025-06-10 03:36:28,moved
CT19,M 16,01010035.JPG,M 16\01010035.JPG,01010035.JPG,4081393,2017-01-01 01:00:00,moved
CT19,M 16,01010036.JPG,M 16\01010036.JPG,01010036.JPG,4131933,2017-01-01 01:00:00,moved
CT19,M 16,01010041.JPG,M 16\01010041.JPG,01010041.JPG,3805178,2017-01-01 01:00:00,moved
CT19,M 16,01010042.JPG,M 16\01010042.JPG,01010042.JPG,3852165,2017-01-01 01:00:00,moved
CT19,M 16,01010047.JPG,M 16\01010047.JPG,01010047.JPG,4059192,2017-01-01 01:00:00,moved
CT19,M 16,01010048.JPG,M 16\01010048.JPG,01010048.JPG,4089424,2017-01-01 01:00:00,moved
CT19,M 16,01010050.JPG,M 16\01010050.JPG,01010050.JPG,4601219,2017-01-01 01:00:00,moved
CT19,M 16,01010051.JPG,M 16\01010051.JPG,01010051.JPG,4651400,2017-01-01 01:00:00,moved
CT19,M 16,01010074.JPG,M 16\01010074.JPG,01010074.JPG,4255923,2017-01-01 01:00:00,moved
CT19,M 16,01010075.JPG,M 16\01010075.JPG,01010075.JPG,4297845,2017-01-01 01:00:00,moved
CT19,M 16,01010077.JPG,M 16\01010077.JPG,01010077.JPG,4254773,2017-01-01 01:00:00,moved
CT19,M 16,01010078.JPG,M 16\01010078.JPG,01010078.JPG,4278889,2017-01-01 01:00:00,moved
CT19,M 16,01010080.JPG,M 16\01010080.JPG,01010080.JPG,4574387,2017-01-01 01:00:00,moved
CT19,M 16,01010081.JPG,M 16\01010081.JPG,01010081.JPG,4630975,2017-01-01 01:00:00,moved
CT19,M 16,01010083.JPG,M 16\01010083.JPG,01010083.JPG,3953842,2017-01-01 01:00:00,moved
CT19,M 16,01010084.JPG,M 16\01010084.JPG,01010084.JPG,3983945,2017-01-01 01:00:00,moved
CT19,M 16,01010086.JPG,M 16\01010086.JPG,01010086.JPG,4612155,2017-01-01 01:00:00,moved
CT19,M 16,01010087.JPG,M 16\01010087.JPG,01010087.JPG,4653406,2017-01-01 01:00:00,moved
CT19,M 16,01010089.JPG,M 16\01010089.JPG,01010089.JPG,4733852,2017-01-01 01:00:00,moved
CT19,M 16,01010090.JPG,M 16\01010090.JPG,01010090.JPG,4766380,2017-01-01 01:00:00,moved
CT19,M 16,01010092.JPG,M 16\01010092.JPG,01010092.JPG,4500760,2017-01-01 01:00:00,moved
CT19,M 16,01010093.JPG,M 16\01010093.JPG,01010093.JPG,4544268,2017-01-01 01:00:00,moved
CT19,M 16,01010095.JPG,M 16\01010095.JPG,01010095.JPG,4053014,2017-01-01 19:09:32,moved
CT19,M 16,01010096.JPG,M 16\01010096.JPG,01010096.JPG,4102090,2017-01-01 19:09:32,moved
CT19,M 16,01010098.JPG,M 16\01010098.JPG,01010098.JPG,4588232,2017-01-01 01:00:00,moved
CT19,M 16,01010099.JPG,M 16\01010099.JPG,01010099.JPG,4629381,2017-01-01 01:00:00,moved
CT19,M 16,01010101.JPG,M 16\01010101.JPG,01010101.JPG,4717736,2017-01-01 01:00:00,moved
CT19,M 16,01010102.JPG,M 16\01010102.JPG,01010102.JPG,4744469,2017-01-01 01:00:00,moved
CT19,M 16,01010104.JPG,M 16\01010104.JPG,01010104.JPG,4192765,2017-01-01 01:00:00,moved
CT19,M 16,01010105.JPG,M 16\01010105.JPG,01010105.JPG,4231399,2017-01-01 01:00:00,moved
CT19,M 16,01010107.JPG,M 16\01010107.JPG,01010107.JPG,4150812,2017-01-01 01:00:00,moved
CT19,M 16,01010108.JPG,M 16\01010108.JPG,01010108.JPG,4188175,2017-01-01 01:00:00,moved
CT19,M 16,01010110.JPG,M 16\01010110.JPG,01010110.JPG,4111648,2017-01-01 01:00:00,moved
CT19,M 16,01010111.JPG,M 16\01010111.JPG,01010111.JPG,4145624,2017-01-01 01:00:00,moved
CT19,M 16,01010113.JPG,M 16\01010113.JPG,01010113.JPG,4188659,2017-01-01 01:00:00,moved
CT19,M 16,01010114.JPG,M 16\01010114.JPG,01010114.JPG,4226904,2017-01-01 01:00:00,moved
CT19,M 16,01010116.JPG,M 16\01010116.JPG,01010116.JPG,4072299,2017-01-01 01:00:00,moved
CT19,M 16,01010117.JPG,M 16\01010117.JPG,01010117.JPG,4105622,2017-01-01 01:00:00,moved
CT19,M 16,01010137.JPG,M 16\01010137.JPG,01010137.JPG,4057826,2017-01-01 01:00:00,moved
CT19,M 16,01010138.JPG,M 16\01010138.JPG,01010138.JPG,4052031,2017-01-01 01:00:00,moved
CT19,M 16,01010140.JPG,M 16\01010140.JPG,01010140.JPG,3971483,2017-01-01 01:00:00,moved
CT19,M 16,01010141.JPG,M 16\01010141.JPG,01010141.JPG,3993973,2017-01-01 01:00:00,moved
CT19,M 16,01010143.JPG,M 16\01010143.JPG,01010143.JPG,4254914,2017-01-01 18:31:06,moved
CT19,M 16,01010144.JPG,M 16\01010144.JPG,01010144.JPG,4299919,2017-01-01 18:31:06,moved
CT19,M 16,01010146.JPG,M 16\01010146.JPG,01010146.JPG,4342475,2017-01-01 01:00:00,moved
CT19,M 16,01010147.JPG,M 16\01010147.JPG,01010147.JPG,4384315,2017-01-01 01:00:00,moved
CT19,M 16,01010149.JPG,M 16\01010149.JPG,01010149.JPG,4701264,2017-01-01 01:00:00,moved
CT19,M 16,01010150.JPG,M 16\01010150.JPG,01010150.JPG,4736112,2017-01-01 01:00:00,moved
CT19,M 16,01010152.JPG,M 16\01010152.JPG,01010152.JPG,4400664,2017-01-01 01:00:00,moved
CT19,M 16,01010153.JPG,M 16\01010153.JPG,01010153.JPG,4447572,2017-01-01 01:00:00,moved
CT19,M 16,01010155.JPG,M 16\01010155.JPG,01010155.JPG,3900502,2017-01-01 01:00:00,moved
CT19,M 16,01010156.JPG,M 16\01010156.JPG,01010156.JPG,3918344,2017-01-01 01:00:00,moved
CT19,M 16,01010158.JPG,M 16\01010158.JPG,01010158.JPG,3889268,2017-01-01 01:00:00,moved
CT19,M 16,01010159.JPG,M 16\01010159.JPG,01010159.JPG,3907430,2017-01-01 01:00:00,moved
CT19,M 16,01010161.JPG,M 16\01010161.JPG,01010161.JPG,4281645,2017-01-01 01:00:00,moved
CT19,M 16,01010162.JPG,M 16\01010162.JPG,01010162.JPG,4310651,2017-01-01 01:00:00,moved
CT19,M 16,01010164.JPG,M 16\01010164.JPG,01010164.JPG,4302318,2017-01-01 20:33:22,moved
CT19,M 16,01010165.JPG,M 16\01010165.JPG,01010165.JPG,4344423,2017-01-01 20:33:24,moved
CT19,M 16,01010170.JPG,M 16\01010170.JPG,01010170.JPG,4634504,2017-01-01 01:00:00,moved
CT19,M 16,01010171.JPG,M 16\01010171.JPG,01010171.JPG,4663544,2017-01-01 01:00:00,moved
CT19,M 16,01010173.JPG,M 16\01010173.JPG,01010173.JPG,4439164,2017-01-01 01:00:00,moved
CT19,M 16,01010174.JPG,M 16\01010174.JPG,01010174.JPG,4465670,2017-01-01 01:00:00,moved
CT19,M 16,01010176.JPG,M 16\01010176.JPG,01010176.JPG,4144657,2017-01-01 01:00:00,moved
CT19,M 16,01010177.JPG,M 16\01010177.JPG,01010177.JPG,4170026,2017-01-01 01:00:00,moved
CT19,M 16,01010182.JPG,M 16\01010182.JPG,01010182.JPG,3761008,2017-01-01 01:00:00,moved
CT19,M 16,01010183.JPG,M 16\01010183.JPG,01010183.JPG,3306768,2017-01-01 01:00:00,moved
CT19,M 16,01010197.JPG,M 16\01010197.JPG,01010197.JPG,4554370,2017-01-01 01:00:00,moved
CT19,M 16,01010198.JPG,M 16\01010198.JPG,01010198.JPG,4589290,2017-01-01 01:00:00,moved
CT19,M 16,01010200.JPG,M 16\01010200.JPG,01010200.JPG,4575303,2017-01-01 01:00:00,moved
CT19,M 16,01010201.JPG,M 16\01010201.JPG,01010201.JPG,4643128,2017-01-01 01:00:00,moved
CT19,M 16,01010203.JPG,M 16\01010203.JPG,01010203.JPG,4265530,2017-01-01 01:00:00,moved
CT19,M 16,01010204.JPG,M 16\01010204.JPG,01010204.JPG,4289847,2017-01-01 01:00:00,moved
CT19,M 16,01010206.JPG,M 16\01010206.JPG,01010206.JPG,4433204,2017-01-01 01:00:00,moved
CT19,M 16,01010207.JPG,M 16\01010207.JPG,01010207.JPG,4460471,2017-01-01 01:00:00,moved
CT19,M 16,01010209.JPG,M 16\01010209.JPG,01010209.JPG,4209115,2017-01-01 01:00:00,moved
CT19,M 16,01010210.JPG,M 16\01010210.JPG,01010210.JPG,4232754,2017-01-01 01:00:00,moved
CT19,M 16,01010212.JPG,M 16\01010212.JPG,01010212.JPG,4411339,2017-01-01 23:59:32,moved
CT19,M 16,01010213.JPG,M 16\01010213.JPG,01010213.JPG,4444509,2017-01-01 23:59:34,moved
CT19,M 16,01010215.JPG,M 16\01010215.JPG,01010215.JPG,4230865,2017-01-02 00:00:16,moved
CT19,M 16,01010216.JPG,M 16\01010216.JPG,01010216.JPG,4258428,2017-01-02 00:00:16,moved
CT19,M 16,01010238.JPG,M 16\01010238.JPG,01010238.JPG,4531517,2017-01-01 01:00:00,moved
CT19,M 16,01010239.JPG,M 16\01010239.JPG,01010239.JPG,4555904,2017-01-01 01:00:00,moved
CT19,M 16,01010241.JPG,M 16\01010241.JPG,01010241.JPG,3717072,2017-01-01 05:01:20,moved
CT19,M 16,01010242.JPG,M 16\01010242.JPG,01010242.JPG,2473558,2017-01-01 05:01:20,moved
CT19,M 16,01010244.JPG,M 16\01010244.JPG,01010244.JPG,3689094,2017-01-01 07:22:20,moved
CT19,M 16,01010245.JPG,M 16\01010245.JPG,01010245.JPG,1836513,2017-01-01 07:22:20,moved
CT19,M 16,01010247.JPG,M 16\01010247.JPG,01010247.JPG,3690882,2017-01-01 07:22:34,moved
CT19,M 16,01010248.JPG,M 16\01010248.JPG,01010248.JPG,1868114,2017-01-01 07:22:34,moved
CT19,M 16,01010249.JPG,M 16\01010249.JPG,01010249.JPG,3598815,2017-01-01 12:10:22,moved
CT19,M 16,01010250.JPG,M 16\01010250.JPG,01010250.JPG,1817252,2017-01-01 12:10:22,moved
CT19,M 16,01010252.JPG,M 16\01010252.JPG,01010252.JPG,3628685,2017-01-01 12:11:18,moved
CT19,M 16,01010253.JPG,M 16\01010253.JPG,01010253.JPG,1866594,2017-01-01 12:11:20,moved
CT19,M 16,01010254.JPG,M 16\01010254.JPG,01010254.JPG,3407460,2017-01-01 16:19:04,moved
CT19,M 16,01010255.JPG,M 16\01010255.JPG,01010255.JPG,1800553,2017-01-01 16:19:04,moved
CT19,M 16,01010257.JPG,M 16\01010257.JPG,01010257.JPG,3427111,2017-01-01 16:20:00,moved
CT19,M 16,01010258.JPG,M 16\01010258.JPG,01010258.JPG,1829210,2017-01-01 16:20:00,moved
CT19,M 16,01010259.JPG,M 16\01010259.JPG,01010259.JPG,3491521,2017-01-01 01:00:00,moved
CT19,M 16,01010260.JPG,M 16\01010260.JPG,01010260.JPG,1770364,2017-01-01 01:00:00,moved
CT19,M 16,01010278.JPG,M 16\01010278.JPG,01010278.JPG,3565758,2017-01-01 01:00:00,moved
CT19,M 16,01010279.JPG,M 16\01010279.JPG,01010279.JPG,1780309,2017-01-01 01:00:00,moved
CT19,M 16,01010280.JPG,M 16\01010280.JPG,01010280.JPG,3641028,2017-01-01 01:03:52,moved
CT19,M 16,01010281.JPG,M 16\01010281.JPG,01010281.JPG,1786610,2017-01-01 01:03:52,moved
CT19,M 16,01010282.JPG,M 16\01010282.JPG,01010282.JPG,3375848,2017-01-01 01:04:00,moved
CT19,M 16,01010283.JPG,M 16\01010283.JPG,01010283.JPG,1605315,2017-01-01 01:04:02,moved
CT19,M 16,01010284.JPG,M 16\01010284.JPG,01010284.JPG,4039508,2017-01-01 01:00:00,moved
CT19,M 16,01010285.JPG,M 16\01010285.JPG,01010285.JPG,4055017,2017-01-01 01:00:00,moved
CT19,M 16,01010287.JPG,M 16\01010287.JPG,01010287.JPG,3557847,2017-01-01 02:52:48,moved
CT19,M 16,01010288.JPG,M 16\01010288.JPG,01010288.JPG,2579073,2017-01-01 02:52:50,moved
CT19,M 16,01010289.JPG,M 16\01010289.JPG,01010289.JPG,3294174,2017-01-01 02:53:00,moved
CT19,M 16,01010290.JPG,M 16\01010290.JPG,01010290.JPG,1942091,2017-01-01 02:53:00,moved
CT19,M 16,01010291.JPG,M 16\01010291.JPG,01010291.JPG,3542091,2017-01-01 02:56:48,moved
CT19,M 16,01010292.JPG,M 16\01010292.JPG,01010292.JPG,1973083,2017-01-01 02:56:48,moved
CT19,M 16,01010293.JPG,M 16\01010293.JPG,01010293.JPG,4454181,2017-01-01 01:00:00,moved
CT19,M 16,01010294.JPG,M 16\01010294.JPG,01010294.JPG,4476774,2017-01-01 01:00:00,moved
CT19,M 16,01010295.JPG,M 16\01010295.JPG,01010295.JPG,3666284,2017-01-01 01:00:00,moved
CT19,M 16,01010296.JPG,M 16\01010296.JPG,01010296.JPG,1819061,2017-01-01 01:00:00,moved
CT19,M 16,01010297.JPG,M 16\01010297.JPG,01010297.JPG,3523584,2017-01-01 08:54:20,moved
CT19,M 16,01010298.JPG,M 16\01010298.JPG,01010298.JPG,1771052,2017-01-01 08:54:20,moved
CT19,M 16,01010299.JPG,M 16\01010299.JPG,01010299.JPG,3680000,2017-01-01 22:04:40,moved
CT19,M 16,01010300.JPG,M 16\01010300.JPG,01010300.JPG,2343057,2017-01-01 22:04:42,moved
CT19,M 16,01010301.JPG,M 16\01010301.JPG,01010301.JPG,3464936,2017-01-01 22:06:44,moved
CT19,M 16,01010302.JPG,M 16\01010302.JPG,01010302.JPG,1874307,2017-01-01 22:06:44,moved
CT19,M 16,01010303.JPG,M 16\01010303.JPG,01010303.JPG,3094534,2017-01-01 22:06:52,moved
CT19,M 16,01010304.JPG,M 16\01010304.JPG,01010304.JPG,1591151,2017-01-01 22:06:54,moved
CT19,M 16,01010305.JPG,M 16\01010305.JPG,01010305.JPG,2445086,2017-01-01 22:07:30,moved
CT19,M 16,01010306.JPG,M 16\01010306.JPG,01010306.JPG,1111400,2017-01-01 22:07:30,moved
CT19,M 16,01010307.JPG,M 16\01010307.JPG,01010307.JPG,1109821,2017-01-01 22:07:32,moved
CT19,M 16,01010312.JPG,M 16\01010312.JPG,01010312.JPG,3577160,2017-01-01 01:00:00,moved
CT19,M 16,01010313.JPG,M 16\01010313.JPG,01010313.JPG,1801134,2017-01-01 01:00:00,moved
CT19,M 16,01010314.JPG,M 16\01010314.JPG,01010314.JPG,3359551,2017-01-01 01:00:08,moved
CT19,M 16,01010315.JPG,M 16\01010315.JPG,01010315.JPG,1572739,2017-01-01 01:00:10,moved
CT19,M 16,01010316.JPG,M 16\01010316.JPG,01010316.JPG,3611968,2017-01-01 03:28:56,moved
CT19,M 16,01010317.JPG,M 16\01010317.JPG,01010317.JPG,1776096,2017-01-01 03:28:56,moved
CT19,M 16,01010318.JPG,M 16\01010318.JPG,01010318.JPG,3616860,2017-01-01 03:32:58,moved
CT19,M 16,01010319.JPG,M 16\01010319.JPG,01010319.JPG,1752525,2017-01-01 03:33:00,moved
CT19,M 16,01010320.JPG,M 16\01010320.JPG,01010320.JPG,3654206,2017-01-01 03:37:48,moved
CT19,M 16,01010321.JPG,M 16\01010321.JPG,01010321.JPG,1761529,2017-01-01 03:37:50,moved
CT19,M 16,01010322.JPG,M 16\01010322.JPG,01010322.JPG,3597184,2017-01-01 10:24:30,moved
CT19,M 16,01010323.JPG,M 16\01010323.JPG,01010323.JPG,1780024,2017-01-01 10:24:30,moved
CT19,M 16,01010324.JPG,M 16\01010324.JPG,01010324.JPG,3590729,2017-01-01 10:24:52,moved
CT19,M 16,01010325.JPG,M 16\01010325.JPG,01010325.JPG,1785928,2017-01-01 10:24:54,moved
CT19,M 16,01010326.JPG,M 16\01010326.JPG,01010326.JPG,3149956,2017-01-01 10:25:00,moved
CT19,M 16,01010327.JPG,M 16\01010327.JPG,01010327.JPG,1493181,2017-01-01 10:25:02,moved
CT19,M 16,01010328.JPG,M 16\01010328.JPG,01010328.JPG,2797427,2017-01-01 10:25:18,moved
CT19,M 16,01010329.JPG,M 16\01010329.JPG,01010329.JPG,1210483,2017-01-01 10:25:18,moved
CT19,M 16,01010330.JPG,M 16\01010330.JPG,01010330.JPG,1209394,2017-01-01 10:25:20,moved
CT19,M 16,01010331.JPG,M 16\01010331.JPG,01010331.JPG,2674914,2017-01-01 10:25:40,moved
CT19,M 16,01010332.JPG,M 16\01010332.JPG,01010332.JPG,1215808,2017-01-01 10:25:42,moved
CT19,M 16,01010333.JPG,M 16\01010333.JPG,01010333.JPG,1211493,2017-01-01 10:25:42,moved
CT19,M 16,01010334.JPG,M 16\01010334.JPG,01010334.JPG,2332274,2017-01-01 10:25:52,moved
CT19,M 16,01010335.JPG,M 16\01010335.JPG,01010335.JPG,1109921,2017-01-01 10:25:54,moved
CT19,M 16,01010336.JPG,M 16\01010336.JPG,01010336.JPG,1107560,2017-01-01 10:25:54,moved
CT19,M 16,01010337.JPG,M 16\01010337.JPG,01010337.JPG,3621967,2017-01-01 11:06:38,moved
CT19,M 16,01010338.JPG,M 16\01010338.JPG,01010338.JPG,1748809,2017-01-01 11:06:40,moved
CT19,M 16,01010339.JPG,M 16\01010339.JPG,01010339.JPG,3166692,2017-01-01 11:06:46,moved
CT19,M 16,01010340.JPG,M 16\01010340.JPG,01010340.JPG,1468041,2017-01-01 11:06:48,moved
CT19,M 16,01010341.JPG,M 16\01010341.JPG,01010341.JPG,2080981,2017-01-01 11:07:02,moved
CT19,M 16,01010342.JPG,M 16\01010342.JPG,01010342.JPG,1018794,2017-01-01 11:07:02,moved
CT19,M 16,01010343.JPG,M 16\01010343.JPG,01010343.JPG,1010931,2017-01-01 11:07:04,moved
CT19,M 16,01010344.JPG,M 16\01010344.JPG,01010344.JPG,3386286,2017-01-01 11:13:36,moved
CT19,M 16,01010345.JPG,M 16\01010345.JPG,01010345.JPG,1576636,2017-01-01 11:13:38,moved
CT19,M 16,01010346.JPG,M 16\01010346.JPG,01010346.JPG,3589227,2017-01-01 01:00:00,moved
CT19,M 16,01010347.JPG,M 16\01010347.JPG,01010347.JPG,1754523,2017-01-01 01:00:00,moved
CT19,M 16,01010348.JPG,M 16\01010348.JPG,01010348.JPG,3678588,2017-01-01 01:04:46,moved
CT19,M 16,01010349.JPG,M 16\01010349.JPG,01010349.JPG,1833114,2017-01-01 01:04:46,moved
CT19,M 16,01010350.JPG,M 16\01010350.JPG,01010350.JPG,4352035,2017-01-01 01:00:00,moved
CT19,M 16,01010351.JPG,M 16\01010351.JPG,01010351.JPG,4392897,2017-01-01 01:00:00,moved
CT19,M 16,01010352.JPG,M 16\01010352.JPG,01010352.JPG,3609304,2017-01-01 02:43:08,moved
CT19,M 16,01010353.JPG,M 16\01010353.JPG,01010353.JPG,1775174,2017-01-01 02:43:08,moved
CT19,M 16,01010354.JPG,M 16\01010354.JPG,01010354.JPG,3525308,2017-01-01 02:43:18,moved
CT19,M 16,01010355.JPG,M 16\01010355.JPG,01010355.JPG,1708095,2017-01-01 02:43:18,moved
CT19,M 16,01010356.JPG,M 16\01010356.JPG,01010356.JPG,3583506,2017-01-01 01:00:00,moved
CT19,M 16,01010357.JPG,M 16\01010357.JPG,01010357.JPG,1751922,2017-01-01 01:00:00,moved
CT19,M 16,01010358.JPG,M 16\01010358.JPG,01010358.JPG,3169540,2017-01-01 01:00:00,moved
CT19,M 16,01010359.JPG,M 16\01010359.JPG,01010359.JPG,2932144,2017-01-01 01:00:00,moved
CT19,M 16,01010360.JPG,M 16\01010360.JPG,01010360.JPG,3307533,2017-01-01 12:31:18,moved
CT19,M 16,01010361.JPG,M 16\01010361.JPG,01010361.JPG,1775958,2017-01-01 12:31:20,moved
CT19,M 16,01010362.JPG,M 16\01010362.JPG,01010362.JPG,3499836,2017-01-01 01:00:00,moved
CT19,M 16,01010363.JPG,M 16\01010363.JPG,01010363.JPG,1778950,2017-01-01 01:00:00,moved
CT19,M 16,01010364.JPG,M 16\01010364.JPG,01010364.JPG,3604251,2017-01-01 01:43:56,moved
CT19,M 16,01010365.JPG,M 16\01010365.JPG,01010365.JPG,1761149,2017-01-01 01:43:56,moved
CT19,M 16,01010366.JPG,M 16\01010366.JPG,01010366.JPG,3576484,2017-01-01 02:07:38,moved
CT19,M 16,01010367.JPG,M 16\01010367.JPG,01010367.JPG,1763914,2017-01-01 02:07:38,moved
CT19,M 16,01010368.JPG,M 16\01010368.JPG,01010368.JPG,3420011,2017-01-01 02:07:46,moved
CT19,M 16,01010369.JPG,M 16\01010369.JPG,01010369.JPG,1684776,2017-01-01 02:07:46,moved
CT19,M 16,01010370.JPG,M 16\01010370.JPG,01010370.JPG,3201370,2017-01-01 02:07:52,moved
CT19,M 16,01010371.JPG,M 16\01010371.JPG,01010371.JPG,1504163,2017-01-01 02:07:54,moved
CT19,M 16,01010372.JPG,M 16\01010372.JPG,01010372.JPG,3359439,2017-01-01 02:11:38,moved
CT19,M 16,01010373.JPG,M 16\01010373.JPG,01010373.JPG,1570230,2017-01-01 02:11:40,moved
CT19,M 16,01010374.JPG,M 16\01010374.JPG,01010374.JPG,2939263,2017-01-01 02:11:46,moved
CT19,M 16,01010375.JPG,M 16\01010375.JPG,01010375.JPG,1398739,2017-01-01 02:11:48,moved
CT19,M 16,01010376.JPG,M 16\01010376.JPG,01010376.JPG,3204089,2017-01-01 02:14:52,moved
CT19,M 16,01010377.JPG,M 16\01010377.JPG,01010377.JPG,1484217,2017-01-01 02:14:52,moved
CT19,M 16,01010378.JPG,M 16\01010378.JPG,01010378.JPG,2461969,2017-01-01 02:15:00,moved
CT19,M 16,01010379.JPG,M 16\01010379.JPG,01010379.JPG,1155730,2017-01-01 02:15:02,moved
CT19,M 16,01010380.JPG,M 16\01010380.JPG,01010380.JPG,1156990,2017-01-01 02:15:02,moved
CT19,M 16,01010381.JPG,M 16\01010381.JPG,01010381.JPG,4047399,2017-01-01 01:00:00,moved
CT19,M 16,01010382.JPG,M 16\01010382.JPG,01010382.JPG,4069814,2017-01-01 01:00:00,moved
CT19,M 16,01010383.JPG,M 16\01010383.JPG,01010383.JPG,3930617,2017-01-01 01:00:06,moved
CT19,M 16,01010384.JPG,M 16\01010384.JPG,01010384.JPG,3953128,2017-01-01 01:00:08,moved
CT19,M 16,01010385.JPG,M 16\01010385.JPG,01010385.JPG,3569790,2017-01-01 05:20:12,moved
CT19,M 16,01010386.JPG,M 16\01010386.JPG,01010386.JPG,1779848,2017-01-01 05:20:14,moved
CT19,M 16,01010387.JPG,M 16\01010387.JPG,01010387.JPG,3598207,2017-01-01 06:57:36,moved
CT19,M 16,01010388.JPG,M 16\01010388.JPG,01010388.JPG,1818590,2017-01-01 06:57:38,moved
CT19,M 16,01010389.JPG,M 16\01010389.JPG,01010389.JPG,3557947,2017-01-01 06:57:44,moved
CT19,M 16,01010390.JPG,M 16\01010390.JPG,01010390.JPG,1810800,2017-01-01 06:57:44,moved
CT19,M 16,01010391.JPG,M 16\01010391.JPG,01010391.JPG,2967203,2017-01-01 06:57:52,moved
CT19,M 16,01010392.JPG,M 16\01010392.JPG,01010392.JPG,1411539,2017-01-01 06:57:54,moved
CT19,M 16,01010393.JPG,M 16\01010393.JPG,01010393.JPG,3534882,2017-01-01 01:00:00,moved
CT19,M 16,01010394.JPG,M 16\01010394.JPG,01010394.JPG,1790905,2017-01-01 01:00:00,moved
CT19,M 16,01010395.JPG,M 16\01010395.JPG,01010395.JPG,2699520,2017-01-01 01:00:00,moved
CT19,M 16,01010396.JPG,M 16\01010396.JPG,01010396.JPG,2784833,2017-01-01 01:00:00,moved
CT19,M 16,01010397.JPG,M 16\01010397.JPG,01010397.JPG,2779721,2017-01-01 01:00:02,moved
CT19,M 16,01010398.JPG,M 16\01010398.JPG,01010398.JPG,2818079,2017-01-01 01:00:00,moved
CT19,M 16,01010399.JPG,M 16\01010399.JPG,01010399.JPG,2942336,2017-01-01 01:00:00,moved
CT19,M 16,01010400.JPG,M 16\01010400.JPG,01010400.JPG,2939772,2017-01-01 01:00:02,moved
CT19,M 16,01010401.JPG,M 16\01010401.JPG,01010401.JPG,2726869,2017-01-01 01:00:00,moved
CT19,M 16,01010402.JPG,M 16\01010402.JPG,01010402.JPG,2887543,2017-01-01 01:00:00,moved
CT19,M 16,01010403.JPG,M 16\01010403.JPG,01010403.JPG,2884805,2017-01-01 01:00:02,moved
CT19,M 16,01010404.JPG,M 16\01010404.JPG,01010404.JPG,3544459,2017-01-01 01:24:40,moved
CT19,M 16,01010405.JPG,M 16\01010405.JPG,01010405.JPG,2310253,2017-01-01 01:24:40,moved
CT19,M 16,01010406.JPG,M 16\01010406.JPG,01010406.JPG,4525919,2017-01-01 01:00:00,moved
CT19,M 16,01010407.JPG,M 16\01010407.JPG,01010407.JPG,4566644,2017-01-01 01:00:00,moved
CT19,M 16,01010408.JPG,M 16\01010408.JPG,01010408.JPG,3226678,2017-01-01 13:41:54,moved
CT19,M 16,01010409.JPG,M 16\01010409.JPG,01010409.JPG,1758534,2017-01-01 13:41:54,moved
CT19,M 16,01010410.JPG,M 16\01010410.JPG,01010410.JPG,2893795,2017-01-01 01:00:00,moved
CT19,M 16,01010411.JPG,M 16\01010411.JPG,01010411.JPG,1708902,2017-01-01 01:00:00,moved
CT19,M 16,01010412.JPG,M 16\01010412.JPG,01010412.JPG,2722533,2017-01-01 01:00:06,moved
CT19,M 16,01010413.JPG,M 16\01010413.JPG,01010413.JPG,1595858,2017-01-01 01:00:08,moved
CT19,M 16,01010414.JPG,M 16\01010414.JPG,01010414.JPG,1622626,2017-01-01 01:00:08,moved
CT19,M 16,01010415.JPG,M 16\01010415.JPG,01010415.JPG,2901690,2017-01-01 01:00:00,moved
CT19,M 16,01010416.JPG,M 16\01010416.JPG,01010416.JPG,3052577,2017-01-01 01:00:00,moved
CT19,M 16,01010417.JPG,M 16\01010417.JPG,01010417.JPG,3130666,2017-01-01 01:00:00,moved
CT19,M 16,01010418.JPG,M 16\01010418.JPG,01010418.JPG,1725224,2017-01-01 01:00:00,moved
CT19,M 16,01010423.JPG,M 16\01010423.JPG,01010423.JPG,4109103,2017-01-01 01:00:00,moved
CT19,M 16,01010424.JPG,M 16\01010424.JPG,01010424.JPG,4056871,2017-01-01 01:00:00,moved
CT19,M 16,01010425.JPG,M 16\01010425.JPG,01010425.JPG,4164493,2017-01-01 01:00:00,moved
CT19,M 16,01010426.JPG,M 16\01010426.JPG,01010426.JPG,4160004,2017-01-01 01:00:00,moved
CT19,M 16,01010427.JPG,M 16\01010427.JPG,01010427.JPG,2784600,2017-01-01 01:00:00,moved
CT19,M 16,01010428.JPG,M 16\01010428.JPG,01010428.JPG,3047380,2017-01-01 01:00:00,moved
CT19,M 16,01010429.JPG,M 16\01010429.JPG,01010429.JPG,3046826,2017-01-01 01:00:02,moved
CT19,M 16,01010430.JPG,M 16\01010430.JPG,01010430.JPG,3056323,2017-01-01 01:00:00,moved
CT19,M 16,01010431.JPG,M 16\01010431.JPG,01010431.JPG,1697568,2017-01-01 01:00:00,moved
CT19,M 16,01010434.JPG,M 16\01010434.JPG,01010434.JPG,3091396,2017-01-01 01:00:00,moved
CT19,M 16,01010435.JPG,M 16\01010435.JPG,01010435.JPG,1725133,2017-01-01 01:00:00,moved
CT19,M 16,01010436.JPG,M 16\01010436.JPG,01010436.JPG,3361275,2017-01-01 01:00:00,moved
CT19,M 16,01010437.JPG,M 16\01010437.JPG,01010437.JPG,3355640,2017-01-01 01:00:00,moved
CT19,M 16,01010438.JPG,M 16\01010438.JPG,01010438.JPG,3258103,2017-01-01 01:00:00,moved
CT19,M 16,01010439.JPG,M 16\01010439.JPG,01010439.JPG,3271605,2017-01-01 01:00:00,moved
CT19,M 16,01010440.JPG,M 16\01010440.JPG,01010440.JPG,4326345,2017-01-01 01:00:00,moved
CT19,M 16,01010441.JPG,M 16\01010441.JPG,01010441.JPG,4349710,2017-01-01 01:00:00,moved
CT19,M 16,01010442.JPG,M 16\01010442.JPG,01010442.JPG,4227903,2017-01-01 01:00:06,moved
CT19,M 16,01010443.JPG,M 16\01010443.JPG,01010443.JPG,4242648,2017-01-01 01:00:08,moved
CT19,M 16,01010444.JPG,M 16\01010444.JPG,01010444.JPG,4455473,2017-01-01 01:00:00,moved
CT19,M 16,01010445.JPG,M 16\01010445.JPG,01010445.JPG,4480657,2017-01-01 01:00:00,moved
CT19,M 16,01010446.JPG,M 16\01010446.JPG,01010446.JPG,4400315,2017-01-01 01:00:06,moved
CT19,M 16,01010447.JPG,M 16\01010447.JPG,01010447.JPG,4421118,2017-01-01 01:00:08,moved
CT19,M 16,01010448.JPG,M 16\01010448.JPG,01010448.JPG,3389738,2017-01-01 15:07:12,moved
CT19,M 16,01010449.JPG,M 16\01010449.JPG,01010449.JPG,1684282,2017-01-01 15:07:12,moved
CT19,M 16,01010450.JPG,M 16\01010450.JPG,01010450.JPG,2952601,2017-01-01 01:00:00,moved
CT19,M 16,01010451.JPG,M 16\01010451.JPG,01010451.JPG,3182019,2017-01-01 01:00:00,moved
CT19,M 16,01010452.JPG,M 16\01010452.JPG,01010452.JPG,3171981,2017-01-01 01:00:00,moved
CT19,M 16,01010453.JPG,M 16\01010453.JPG,01010453.JPG,1675146,2017-01-01 01:00:00,moved
CT19,M 16,01010454.JPG,M 16\01010454.JPG,01010454.JPG,3004536,2017-01-01 01:00:10,moved
CT19,M 16,01010455.JPG,M 16\01010455.JPG,01010455.JPG,1610118,2017-01-01 01:00:10,moved
CT19,M 16,01010456.JPG,M 16\01010456.JPG,01010456.JPG,2669195,2017-01-01 01:00:46,moved
CT19,M 16,01010457.JPG,M 16\01010457.JPG,01010457.JPG,1383503,2017-01-01 01:00:46,moved
CT19,M 16,01010458.JPG,M 16\01010458.JPG,01010458.JPG,1384042,2017-01-01 01:00:48,moved
CT19,M 16,01020179.JPG,M 16\01020179.JPG,01020179.JPG,3461740,2017-01-02 11:23:54,moved
CT19,M 16,01020180.JPG,M 16\01020180.JPG,01020180.JPG,1766163,2017-01-02 11:23:54,moved
CT19,M 16,01020218.JPG,M 16\01020218.JPG,01020218.JPG,3652203,2017-01-02 11:12:58,moved
CT19,M 16,01020219.JPG,M 16\01020219.JPG,01020219.JPG,1788677,2017-01-02 11:12:58,moved
CT19,M 16,01020221.JPG,M 16\01020221.JPG,01020221.JPG,3578639,2017-01-02 11:13:20,moved
CT19,M 16,01020222.JPG,M 16\01020222.JPG,01020222.JPG,1720779,2017-01-02 11:13:22,moved
CT19,M 16,01020223.JPG,M 16\01020223.JPG,01020223.JPG,3703413,2017-01-02 13:48:56,moved
CT19,M 16,01020224.JPG,M 16\01020224.JPG,01020224.JPG,1800528,2017-01-02 13:48:56,moved
CT19,M 16,01020262.JPG,M 16\01020262.JPG,01020262.JPG,3577429,2017-01-02 04:05:12,moved
CT19,M 16,01020263.JPG,M 16\01020263.JPG,01020263.JPG,1781904,2017-01-02 04:05:12,moved
CT19,M 16,01020265.JPG,M 16\01020265.JPG,01020265.JPG,3661803,2017-01-02 04:06:32,moved
CT19,M 16,01020266.JPG,M 16\01020266.JPG,01020266.JPG,1849395,2017-01-02 04:06:34,moved
CT19,M 16,01020267.JPG,M 16\01020267.JPG,01020267.JPG,3552328,2017-01-02 04:07:06,moved
CT19,M 16,01020268.JPG,M 16\01020268.JPG,01020268.JPG,1746513,2017-01-02 04:07:06,moved
CT19,M 16,01020269.JPG,M 16\01020269.JPG,01020269.JPG,3559010,2017-01-02 04:08:12,moved
CT19,M 16,01020270.JPG,M 16\01020270.JPG,01020270.JPG,1673604,2017-01-02 04:08:14,moved
CT19,M 16,01020271.JPG,M 16\01020271.JPG,01020271.JPG,2722895,2017-01-02 22:14:26,moved
CT19,M 16,01020272.JPG,M 16\01020272.JPG,01020272.JPG,3078592,2017-01-02 22:14:26,moved
CT19,M 16,01020273.JPG,M 16\01020273.JPG,01020273.JPG,3072823,2017-01-02 22:14:28,moved
CT19,M 16,01030185.JPG,M 16\01030185.JPG,01030185.JPG,2195519,2017-01-03 22:33:56,moved
CT19,M 16,01030186.JPG,M 16\01030186.JPG,01030186.JPG,2779219,2017-01-03 22:33:58,moved
CT19,M 16,01030187.JPG,M 16\01030187.JPG,01030187.JPG,2775906,2017-01-03 22:33:58,moved
CT19,M 16,01030189.JPG,M 16\01030189.JPG,01030189.JPG,2375069,2017-01-03 22:46:08,moved
CT19,M 16,01030190.JPG,M 16\01030190.JPG,01030190.JPG,2464626,2017-01-03 22:46:08,moved
CT19,M 16,01030191.JPG,M 16\01030191.JPG,01030191.JPG,2462084,2017-01-03 22:46:10,moved
CT19,M 16,01030193.JPG,M 16\01030193.JPG,01030193.JPG,2443897,2017-01-03 22:47:56,moved
CT19,M 16,01030194.JPG,M 16\01030194.JPG,01030194.JPG,2529241,2017-01-03 22:47:56,moved
CT19,M 16,01030195.JPG,M 16\01030195.JPG,01030195.JPG,2525774,2017-01-03 22:47:58,moved
CT19,M 16,01030226.JPG,M 16\01030226.JPG,01030226.JPG,3616098,2017-01-03 05:29:54,moved
CT19,M 16,01030227.JPG,M 16\01030227.JPG,01030227.JPG,1744427,2017-01-03 05:29:56,moved
CT19,M 16,01030229.JPG,M 16\01030229.JPG,01030229.JPG,3636415,2017-01-03 06:24:26,moved
CT19,M 16,01030230.JPG,M 16\01030230.JPG,01030230.JPG,1804121,2017-01-03 06:24:28,moved
CT19,M 16,01030232.JPG,M 16\01030232.JPG,01030232.JPG,3616349,2017-01-03 06:25:06,moved
CT19,M 16,01030233.JPG,M 16\01030233.JPG,01030233.JPG,1847807,2017-01-03 06:25:06,moved
CT19,M 16,01030235.JPG,M 16\01030235.JPG,01030235.JPG,3680622,2017-01-03 07:05:00,moved
CT19,M 16,01030236.JPG,M 16\01030236.JPG,01030236.JPG,1765113,2017-01-03 07:05:00,moved
CT19,M 16,01030274.JPG,M 16\01030274.JPG,01030274.JPG,3537498,2017-01-03 09:49:50,moved
CT19,M 16,01030275.JPG,M 16\01030275.JPG,01030275.JPG,1785370,2017-01-03 09:49:50,moved
CT19,M 16,01030308.JPG,M 16\01030308.JPG,01030308.JPG,3291905,2017-01-03 09:13:12,moved
CT19,M 16,01030309.JPG,M 16\01030309.JPG,01030309.JPG,1772715,2017-01-03 09:13:14,moved
CT19,M 16,01030310.JPG,M 16\01030310.JPG,01030310.JPG,2952694,2017-01-03 09:13:22,moved
CT19,M 16,01030311.JPG,M 16\01030311.JPG,01030311.JPG,1504300,2017-01-03 09:13:24,moved
CT19,M 16,01040276.JPG,M 16\01040276.JPG,01040276.JPG,3638887,2017-01-04 09:15:14,moved
CT19,M 16,01040277.JPG,M 16\01040277.JPG,01040277.JPG,1757451,2017-01-04 09:15:16,moved
CT19,M 16,02140029.JPG,M 16\02140029.JPG,02140029.JPG,4061450,2017-01-05 21:48:22,moved
CT19,M 16,02140030.JPG,M 16\02140030.JPG,02140030.JPG,4093013,2017-01-05 21:48:24,moved
CT19,M 16,02140032.JPG,M 16\02140032.JPG,02140032.JPG,4197296,2017-01-06 01:28:36,moved
CT19,M 16,02140033.JPG,M 16\02140033.JPG,02140033.JPG,4210101,2017-01-06 01:28:36,moved
CT19,M 16,02140038.JPG,M 16\02140038.JPG,02140038.JPG,3999749,2017-01-01 20:08:00,moved
CT19,M 16,02140039.JPG,M 16\02140039.JPG,02140039.JPG,4030355,2017-01-01 20:08:00,moved
CT19,M 16,02140044.JPG,M 16\02140044.JPG,02140044.JPG,4030530,2017-01-02 18:26:54,moved
CT19,M 16,02140045.JPG,M 16\02140045.JPG,02140045.JPG,4062677,2017-01-02 18:26:54,moved
CT19,M 16,02140053.JPG,M 16\02140053.JPG,02140053.JPG,3905923,2017-01-01 18:23:40,moved
CT19,M 16,02140054.JPG,M 16\02140054.JPG,02140054.JPG,3901988,2017-01-01 18:23:42,moved
CT19,M 16,02140056.JPG,M 16\02140056.JPG,02140056.JPG,4510551,2017-01-03 01:04:56,moved
CT19,M 16,02140057.JPG,M 16\02140057.JPG,02140057.JPG,4556925,2017-01-03 01:04:58,moved
CT19,M 16,02140122.JPG,M 16\02140122.JPG,02140122.JPG,4164514,2017-01-01 18:56:12,moved
CT19,M 16,02140123.JPG,M 16\02140123.JPG,02140123.JPG,4223290,2017-01-01 18:56:12,moved
CT19,M 16,02140125.JPG,M 16\02140125.JPG,02140125.JPG,4169223,2017-01-01 19:48:08,moved
CT19,M 16,02140126.JPG,M 16\02140126.JPG,02140126.JPG,4233866,2017-01-01 19:48:08,moved
CT19,M 16,02140128.JPG,M 16\02140128.JPG,02140128.JPG,4001358,2017-01-01 20:19:44,moved
CT19,M 16,02140129.JPG,M 16\02140129.JPG,02140129.JPG,3996662,2017-01-01 20:19:46,moved
CT19,M 16,02140131.JPG,M 16\02140131.JPG,02140131.JPG,4246894,2017-01-01 20:35:56,moved
CT19,M 16,02140132.JPG,M 16\02140132.JPG,02140132.JPG,4312241,2017-01-01 20:35:58,moved
CT19,M 16,02140134.JPG,M 16\02140134.JPG,02140134.JPG,3994807,2017-01-01 21:37:38,moved
CT19,M 16,02140135.JPG,M 16\02140135.JPG,02140135.JPG,4028132,2017-01-01 21:37:38,moved
CT19,M 16,02140167.JPG,M 16\02140167.JPG,02140167.JPG,4285258,2017-01-01 21:00:36,moved
CT19,M 16,02140168.JPG,M 16\02140168.JPG,02140168.JPG,4326202,2017-01-01 21:00:38,moved
CT19,M 16,02140432.JPG,M 16\02140432.JPG,02140432.JPG,3158398,2017-01-01 01:08:08,moved
CT19,M 16,02140433.JPG,M 16\02140433.JPG,02140433.JPG,1735237,2017-01-01 01:08:08,moved
CT19,M 16,02160059.JPG,M 16\02160059.JPG,02160059.JPG,3578359,2017-01-05 09:24:08,moved
CT19,M 16,02160060.JPG,M 16\02160060.JPG,02160060.JPG,1814687,2017-01-05 09:24:10,moved
CT19,M 16,02170062.JPG,M 16\02170062.JPG,02170062.JPG,3150303,2017-01-05 23:48:20,moved
CT19,M 16,02170063.JPG,M 16\02170063.JPG,02170063.JPG,4260955,2017-01-05 23:48:22,moved
CT19,M 16,02170065.JPG,M 16\02170065.JPG,02170065.JPG,3734901,2017-01-05 23:48:44,moved
CT19,M 16,02170066.JPG,M 16\02170066.JPG,02170066.JPG,3802548,2017-01-05 23:48:44,moved
CT19,M 16,02170068.JPG,M 16\02170068.JPG,02170068.JPG,4359862,2017-01-05 23:49:04,moved
CT19,M 16,02170069.JPG,M 16\02170069.JPG,02170069.JPG,4385520,2017-01-05 23:49:06,moved
CT19,M 16,03100001.JPG,M 16\03100001.JPG,03100001.JPG,506013,2017-01-01 01:04:08,moved
CT19,M 16,03100002.JPG,M 16\03100002.JPG,03100002.JPG,505393,2017-01-01 01:04:10,moved
CT19,M 16,03100003.JPG,M 16\03100003.JPG,03100003.JPG,505076,2017-01-01 01:04:10,moved
CT19,M 16,03130005.JPG,M 16\03130005.JPG,03130005.JPG,4425362,2017-01-04 03:36:18,moved
CT19,M 16,03130006.JPG,M 16\03130006.JPG,03130006.JPG,4451974,2017-01-04 03:36:18,moved
CT19,M 16,03130008.JPG,M 16\03130008.JPG,03130008.JPG,4385435,2017-01-04 03:36:40,moved
CT19,M 16,03130009.JPG,M 16\03130009.JPG,03130009.JPG,4409917,2017-01-04 03:36:40,moved
CT19,M 16,03130011.JPG,M 16\03130011.JPG,03130011.JPG,4118330,2017-01-04 03:37:02,moved
CT19,M 16,03130012.JPG,M 16\03130012.JPG,03130012.JPG,4123139,2017-01-04 03:37:02,moved
CT19,M 16,03130014.JPG,M 16\03130014.JPG,03130014.JPG,3904111,2017-01-04 03:37:28,moved
CT19,M 16,03130015.JPG,M 16\03130015.JPG,03130015.JPG,3915622,2017-01-04 03:37:28,moved
CT19,M 16,03130017.JPG,M 16\03130017.JPG,03130017.JPG,3759124,2017-01-04 03:37:48,moved
CT19,M 16,03130018.JPG,M 16\03130018.JPG,03130018.JPG,3779434,2017-01-04 03:37:50,moved
CT19,M 16,03130020.JPG,M 16\03130020.JPG,03130020.JPG,3811177,2017-01-04 03:38:10,moved
CT19,M 16,03130021.JPG,M 16\03130021.JPG,03130021.JPG,3851610,2017-01-04 03:38:12,moved
CT19,M 16,03130023.JPG,M 16\03130023.JPG,03130023.JPG,3686162,2017-01-04 03:38:34,moved
CT19,M 16,03130024.JPG,M 16\03130024.JPG,03130024.JPG,3703080,2017-01-04 03:38:34,moved
CT19,M 16,03130026.JPG,M 16\03130026.JPG,03130026.JPG,3972058,2017-01-04 03:38:56,moved
CT19,M 16,03130027.JPG,M 16\03130027.JPG,03130027.JPG,3997772,2017-01-04 03:38:56,moved
CT19,M 16,05010421.JPG,M 16\05010421.JPG,05010421.JPG,3301148,2017-01-01 16:24:04,moved
CT19,M 16,05010422.JPG,M 16\05010422.JPG,05010422.JPG,3224430,2017-01-01 16:24:06,moved
CT19,M 16,13190119.JPG,M 16\13190119.JPG,13190119.JPG,3985080,2017-01-01 18:28:22,moved
CT19,M 16,13190120.JPG,M 16\13190120.JPG,13190120.JPG,3955394,2017-01-01 18:28:22,moved
CT19,M 16,16390071.JPG,M 16\16390071.JPG,16390071.JPG,4855189,2017-01-06 01:05:04,moved
CT19,M 16,16390072.JPG,M 16\16390072.JPG,16390072.JPG,4888226,2017-01-06 01:05:06,moved
CT19,M 16,16390419.JPG,M 16\16390419.JPG,16390419.JPG,3149915,2017-01-01 01:08:26,moved
CT19,M 16,16390420.JPG,M 16\16390420.JPG,16390420.JPG,1754948,2017-01-01 01:08:28,moved
CT20,M17/100EK113,01300001.JPG,M17\100EK113\01300001.JPG,01300001.JPG,4736743,2025-01-30 19:21:12,moved
CT20,M17/100EK113,01300002.JPG,M17\100EK113\01300002.JPG,01300002.JPG,5090134,2025-01-30 19:21:14,moved
CT20,M17/100EK113,01300004.JPG,M17\100EK113\01300004.JPG,01300004.JPG,4962498,2025-01-30 19:21:38,moved
CT20,M17/100EK113,01300005.JPG,M17\100EK113\01300005.JPG,01300005.JPG,5018218,2025-01-30 19:21:38,moved
CT20,M17/100EK113,01300007.JPG,M17\100EK113\01300007.JPG,01300007.JPG,5242481,2025-01-30 19:22:12,moved
CT20,M17/100EK113,01300008.JPG,M17\100EK113\01300008.JPG,01300008.JPG,5303995,2025-01-30 19:22:14,moved
CT20,M17/100EK113,01300010.JPG,M17\100EK113\01300010.JPG,01300010.JPG,5059575,2025-01-30 19:22:38,moved
CT20,M17/100EK113,01300011.JPG,M17\100EK113\01300011.JPG,01300011.JPG,5512100,2025-01-30 19:22:40,moved
CT20,M17/100EK113,01300013.JPG,M17\100EK113\01300013.JPG,01300013.JPG,5327582,2025-01-30 19:23:12,moved
CT20,M17/100EK113,01300014.JPG,M17\100EK113\01300014.JPG,01300014.JPG,5335304,2025-01-30 19:23:12,moved
CT20,M17/100EK113,01300016.JPG,M17\100EK113\01300016.JPG,01300016.JPG,5254288,2025-01-30 19:24:24,moved
CT20,M17/100EK113,01300017.JPG,M17\100EK113\01300017.JPG,01300017.JPG,5582176,2025-01-30 19:24:26,moved
CT20,M17/100EK113,01300019.JPG,M17\100EK113\01300019.JPG,01300019.JPG,5337213,2025-01-30 19:24:44,moved
CT20,M17/100EK113,01300020.JPG,M17\100EK113\01300020.JPG,01300020.JPG,5307548,2025-01-30 19:24:46,moved
CT20,M17/100EK113,01300022.JPG,M17\100EK113\01300022.JPG,01300022.JPG,4798510,2025-01-30 19:25:10,moved
CT20,M17/100EK113,01300023.JPG,M17\100EK113\01300023.JPG,01300023.JPG,4859000,2025-01-30 19:25:10,moved
CT20,M17/100EK113,01300025.JPG,M17\100EK113\01300025.JPG,01300025.JPG,5672696,2025-01-30 19:28:06,moved
CT20,M17/100EK113,01300026.JPG,M17\100EK113\01300026.JPG,01300026.JPG,5580628,2025-01-30 19:28:08,moved
CT20,M17/100EK113,01300028.JPG,M17\100EK113\01300028.JPG,01300028.JPG,5621277,2025-01-30 19:30:42,moved
CT20,M17/100EK113,01300029.JPG,M17\100EK113\01300029.JPG,01300029.JPG,5552160,2025-01-30 19:30:44,moved
CT20,M17/100EK113,01300031.JPG,M17\100EK113\01300031.JPG,01300031.JPG,5434161,2025-01-30 19:32:12,moved
CT20,M17/100EK113,01300032.JPG,M17\100EK113\01300032.JPG,01300032.JPG,5489046,2025-01-30 19:32:12,moved
CT20,M17/100EK113,01300034.JPG,M17\100EK113\01300034.JPG,01300034.JPG,5621489,2025-01-30 19:34:10,moved
CT20,M17/100EK113,01300035.JPG,M17\100EK113\01300035.JPG,01300035.JPG,5568485,2025-01-30 19:34:12,moved
CT20,M17/100EK113,01300037.JPG,M17\100EK113\01300037.JPG,01300037.JPG,5518113,2025-01-30 19:35:10,moved
CT20,M17/100EK113,01300038.JPG,M17\100EK113\01300038.JPG,01300038.JPG,5569216,2025-01-30 19:35:10,moved
CT20,M17/100EK113,01300040.JPG,M17\100EK113\01300040.JPG,01300040.JPG,5625271,2025-01-30 19:44:32,moved
CT20,M17/100EK113,01300041.JPG,M17\100EK113\01300041.JPG,01300041.JPG,5544116,2025-01-30 19:44:34,moved
CT20,M17/100EK113,01300043.JPG,M17\100EK113\01300043.JPG,01300043.JPG,5491196,2025-01-30 19:48:58,moved
CT20,M17/100EK113,01300044.JPG,M17\100EK113\01300044.JPG,01300044.JPG,5419903,2025-01-30 19:49:00,moved
CT20,M17/100EK113,01300046.JPG,M17\100EK113\01300046.JPG,01300046.JPG,5547478,2025-01-30 19:51:40,moved
CT20,M17/100EK113,01300047.JPG,M17\100EK113\01300047.JPG,01300047.JPG,5461252,2025-01-30 19:51:40,moved
CT20,M17/100EK113,01300049.JPG,M17\100EK113\01300049.JPG,01300049.JPG,5600758,2025-01-30 19:53:36,moved
CT20,M17/100EK113,01300050.JPG,M17\100EK113\01300050.JPG,01300050.JPG,5544390,2025-01-30 19:53:36,moved
CT20,M17/100EK113,01300052.JPG,M17\100EK113\01300052.JPG,01300052.JPG,5502293,2025-01-30 19:55:02,moved
CT20,M17/100EK113,01300053.JPG,M17\100EK113\01300053.JPG,01300053.JPG,5540853,2025-01-30 19:55:02,moved
CT20,M17/100EK113,01300055.JPG,M17\100EK113\01300055.JPG,01300055.JPG,5568004,2025-01-30 20:02:42,moved
CT20,M17/100EK113,01300056.JPG,M17\100EK113\01300056.JPG,01300056.JPG,5518756,2025-01-30 20:02:42,moved
CT20,M17/100EK113,01300058.JPG,M17\100EK113\01300058.JPG,01300058.JPG,5470886,2025-01-30 20:14:50,moved
CT20,M17/100EK113,01300059.JPG,M17\100EK113\01300059.JPG,01300059.JPG,5427716,2025-01-30 20:14:52,moved
CT20,M17/100EK113,01300061.JPG,M17\100EK113\01300061.JPG,01300061.JPG,5574385,2025-01-30 20:24:50,moved
CT20,M17/100EK113,01300062.JPG,M17\100EK113\01300062.JPG,01300062.JPG,5482964,2025-01-30 20:24:50,moved
CT20,M17/100EK113,01310064.JPG,M17\100EK113\01310064.JPG,01310064.JPG,4277817,2025-01-31 06:57:44,moved
CT20,M17/100EK113,01310065.JPG,M17\100EK113\01310065.JPG,01310065.JPG,1796579,2025-01-31 06:57:46,moved
CT20,M17/100EK113,01310067.JPG,M17\100EK113\01310067.JPG,01310067.JPG,5647254,2025-01-31 14:48:54,moved
CT20,M17/100EK113,01310068.JPG,M17\100EK113\01310068.JPG,01310068.JPG,5553464,2025-01-31 14:48:54,moved
CT20,M17/100EK113,01310070.JPG,M17\100EK113\01310070.JPG,01310070.JPG,5210796,2025-01-31 15:40:02,moved
CT20,M17/100EK113,01310071.JPG,M17\100EK113\01310071.JPG,01310071.JPG,5043834,2025-01-31 15:40:04,moved
CT20,M17/100EK113,01310073.JPG,M17\100EK113\01310073.JPG,01310073.JPG,5627442,2025-01-31 15:56:48,moved
CT20,M17/100EK113,01310074.JPG,M17\100EK113\01310074.JPG,01310074.JPG,5548463,2025-01-31 15:56:48,moved
CT20,M17/100EK113,01310076.JPG,M17\100EK113\01310076.JPG,01310076.JPG,5579968,2025-01-31 16:12:22,moved
CT20,M17/100EK113,01310077.JPG,M17\100EK113\01310077.JPG,01310077.JPG,5492453,2025-01-31 16:12:24,moved
CT20,M17/100EK113,01310079.JPG,M17\100EK113\01310079.JPG,01310079.JPG,5557483,2025-01-31 16:35:50,moved
CT20,M17/100EK113,01310080.JPG,M17\100EK113\01310080.JPG,01310080.JPG,5457019,2025-01-31 16:35:52,moved
CT20,M17/100EK113,01310082.JPG,M17\100EK113\01310082.JPG,01310082.JPG,5534064,2025-01-31 16:38:14,moved
CT20,M17/100EK113,01310083.JPG,M17\100EK113\01310083.JPG,01310083.JPG,5470375,2025-01-31 16:38:14,moved
CT20,M17/100EK113,01310085.JPG,M17\100EK113\01310085.JPG,01310085.JPG,5627441,2025-01-31 17:03:54,moved
CT20,M17/100EK113,01310086.JPG,M17\100EK113\01310086.JPG,01310086.JPG,5525730,2025-01-31 17:03:54,moved
CT20,M17/100EK113,01310088.JPG,M17\100EK113\01310088.JPG,01310088.JPG,5586500,2025-01-31 17:38:46,moved
CT20,M17/100EK113,01310089.JPG,M17\100EK113\01310089.JPG,01310089.JPG,5512477,2025-01-31 17:38:48,moved
CT20,M17/100EK113,01310091.JPG,M17\100EK113\01310091.JPG,01310091.JPG,5581070,2025-01-31 17:47:16,moved
CT20,M17/100EK113,01310092.JPG,M17\100EK113\01310092.JPG,01310092.JPG,5474449,2025-01-31 17:47:16,moved
CT20,M17/100EK113,01310094.JPG,M17\100EK113\01310094.JPG,01310094.JPG,5626366,2025-01-31 17:53:42,moved
CT20,M17/100EK113,01310095.JPG,M17\100EK113\01310095.JPG,01310095.JPG,5514572,2025-01-31 17:53:44,moved
CT20,M17/100EK113,01310097.JPG,M17\100EK113\01310097.JPG,01310097.JPG,5588736,2025-01-31 18:17:00,moved
CT20,M17/100EK113,01310098.JPG,M17\100EK113\01310098.JPG,01310098.JPG,5495017,2025-01-31 18:17:00,moved
CT20,M17/100EK113,01310100.JPG,M17\100EK113\01310100.JPG,01310100.JPG,5619696,2025-01-31 18:30:34,moved
CT20,M17/100EK113,01310101.JPG,M17\100EK113\01310101.JPG,01310101.JPG,5536731,2025-01-31 18:30:34,moved
CT20,M17/100EK113,01310103.JPG,M17\100EK113\01310103.JPG,01310103.JPG,5523271,2025-01-31 18:54:14,moved
CT20,M17/100EK113,01310104.JPG,M17\100EK113\01310104.JPG,01310104.JPG,5452639,2025-01-31 18:54:14,moved
CT20,M17/100EK113,01310106.JPG,M17\100EK113\01310106.JPG,01310106.JPG,5435483,2025-01-31 18:54:34,moved
CT20,M17/100EK113,01310107.JPG,M17\100EK113\01310107.JPG,01310107.JPG,5458954,2025-01-31 18:54:36,moved
CT20,M17/100EK113,01310109.JPG,M17\100EK113\01310109.JPG,01310109.JPG,5445975,2025-01-31 18:55:22,moved
CT20,M17/100EK113,01310110.JPG,M17\100EK113\01310110.JPG,01310110.JPG,5459630,2025-01-31 18:55:22,moved
CT20,M17/100EK113,01310112.JPG,M17\100EK113\01310112.JPG,01310112.JPG,5532423,2025-01-31 19:05:04,moved
CT20,M17/100EK113,01310113.JPG,M17\100EK113\01310113.JPG,01310113.JPG,5445903,2025-01-31 19:05:06,moved
CT20,M17/100EK113,01310115.JPG,M17\100EK113\01310115.JPG,01310115.JPG,5536113,2025-01-31 19:24:38,moved
CT20,M17/100EK113,01310116.JPG,M17\100EK113\01310116.JPG,01310116.JPG,5462750,2025-01-31 19:24:40,moved
CT20,M17/100EK113,02010118.JPG,M17\100EK113\02010118.JPG,02010118.JPG,3845900,2025-02-01 09:30:30,moved
CT20,M17/100EK113,02010119.JPG,M17\100EK113\02010119.JPG,02010119.JPG,4022965,2025-02-01 09:30:30,moved
CT20,M17/100EK113,02010121.JPG,M17\100EK113\02010121.JPG,02010121.JPG,5316097,2025-02-01 15:32:38,moved
CT20,M17/100EK113,02010122.JPG,M17\100EK113\02010122.JPG,02010122.JPG,5236388,2025-02-01 15:32:40,moved
CT20,M17/100EK113,02010124.JPG,M17\100EK113\02010124.JPG,02010124.JPG,5276461,2025-02-01 15:46:08,moved
CT20,M17/100EK113,02010125.JPG,M17\100EK113\02010125.JPG,02010125.JPG,5201965,2025-02-01 15:46:08,moved
CT20,M17/100EK113,02010127.JPG,M17\100EK113\02010127.JPG,02010127.JPG,5554947,2025-02-01 16:08:08,moved
CT20,M17/100EK113,02010128.JPG,M17\100EK113\02010128.JPG,02010128.JPG,5487865,2025-02-01 16:08:10,moved
CT20,M17/100EK113,02010130.JPG,M17\100EK113\02010130.JPG,02010130.JPG,5541509,2025-02-01 16:12:14,moved
CT20,M17/100EK113,02010131.JPG,M17\100EK113\02010131.JPG,02010131.JPG,5474333,2025-02-01 16:12:14,moved
CT20,M17/100EK113,02010133.JPG,M17\100EK113\02010133.JPG,02010133.JPG,5560023,2025-02-01 16:18:50,moved
CT20,M17/100EK113,02010134.JPG,M17\100EK113\02010134.JPG,02010134.JPG,5492300,2025-02-01 16:18:52,moved
CT20,M17/100EK113,02010136.JPG,M17\100EK113\02010136.JPG,02010136.JPG,5566422,2025-02-01 16:24:20,moved
CT20,M17/100EK113,02010137.JPG,M17\100EK113\02010137.JPG,02010137.JPG,5462709,2025-02-01 16:24:20,moved
CT20,M17/100EK113,02010139.JPG,M17\100EK113\02010139.JPG,02010139.JPG,5398928,2025-02-01 16:28:26,moved
CT20,M17/100EK113,02010140.JPG,M17\100EK113\02010140.JPG,02010140.JPG,5289757,2025-02-01 16:28:26,moved
CT20,M17/100EK113,02010142.JPG,M17\100EK113\02010142.JPG,02010142.JPG,5398089,2025-02-01 16:30:50,moved
CT20,M17/100EK113,02010143.JPG,M17\100EK113\02010143.JPG,02010143.JPG,5308554,2025-02-01 16:30:52,moved
CT20,M17/100EK113,02010145.JPG,M17\100EK113\02010145.JPG,02010145.JPG,5330471,2025-02-01 16:37:08,moved
CT20,M17/100EK113,02010146.JPG,M17\100EK113\02010146.JPG,02010146.JPG,5236376,2025-02-01 16:37:08,moved
CT20,M17/100EK113,02010148.JPG,M17\100EK113\02010148.JPG,02010148.JPG,5516693,2025-02-01 16:52:46,moved
CT20,M17/100EK113,02010149.JPG,M17\100EK113\02010149.JPG,02010149.JPG,5423651,2025-02-01 16:52:48,moved
CT20,M17/100EK113,02010151.JPG,M17\100EK113\02010151.JPG,02010151.JPG,5406909,2025-02-01 16:54:08,moved
CT20,M17/100EK113,02010152.JPG,M17\100EK113\02010152.JPG,02010152.JPG,5420510,2025-02-01 16:54:08,moved
CT20,M17/100EK113,02010154.JPG,M17\100EK113\02010154.JPG,02010154.JPG,5351951,2025-02-01 17:16:00,moved
CT20,M17/100EK113,02010155.JPG,M17\100EK113\02010155.JPG,02010155.JPG,5261859,2025-02-01 17:16:00,moved
CT20,M17/100EK113,02010157.JPG,M17\100EK113\02010157.JPG,02010157.JPG,5346801,2025-02-01 17:17:34,moved
CT20,M17/100EK113,02010158.JPG,M17\100EK113\02010158.JPG,02010158.JPG,5283726,2025-02-01 17:17:36,moved
CT20,M17/100EK113,02010160.JPG,M17\100EK113\02010160.JPG,02010160.JPG,5594471,2025-02-01 17:33:24,moved
CT20,M17/100EK113,02010161.JPG,M17\100EK113\02010161.JPG,02010161.JPG,5498241,2025-02-01 17:33:26,moved
CT20,M17/100EK113,02010163.JPG,M17\100EK113\02010163.JPG,02010163.JPG,5416735,2025-02-01 17:35:58,moved
CT20,M17/100EK113,02010164.JPG,M17\100EK113\02010164.JPG,02010164.JPG,5369977,2025-02-01 17:36:00,moved
CT20,M17/100EK113,02010166.JPG,M17\100EK113\02010166.JPG,02010166.JPG,5456606,2025-02-01 17:36:48,moved
CT20,M17/100EK113,02010167.JPG,M17\100EK113\02010167.JPG,02010167.JPG,5489852,2025-02-01 17:36:50,moved
CT20,M17/100EK113,02010169.JPG,M17\100EK113\02010169.JPG,02010169.JPG,5548363,2025-02-01 18:35:48,moved
CT20,M17/100EK113,02010170.JPG,M17\100EK113\02010170.JPG,02010170.JPG,5466606,2025-02-01 18:35:50,moved
CT20,M17/100EK113,02010172.JPG,M17\100EK113\02010172.JPG,02010172.JPG,5541859,2025-02-01 18:45:30,moved
CT20,M17/100EK113,02010173.JPG,M17\100EK113\02010173.JPG,02010173.JPG,5449731,2025-02-01 18:45:30,moved
CT20,M17/100EK113,02010175.JPG,M17\100EK113\02010175.JPG,02010175.JPG,5636453,2025-02-01 19:33:48,moved
CT20,M17/100EK113,02010176.JPG,M17\100EK113\02010176.JPG,02010176.JPG,5569008,2025-02-01 19:33:50,moved
CT20,M17/100EK113,02040178.JPG,M17\100EK113\02040178.JPG,02040178.JPG,5665956,2025-02-04 15:16:22,moved
CT20,M17/100EK113,02040179.JPG,M17\100EK113\02040179.JPG,02040179.JPG,5566378,2025-02-04 15:16:22,moved
CT20,M17/100EK113,02040181.JPG,M17\100EK113\02040181.JPG,02040181.JPG,5618772,2025-02-04 15:45:54,moved
CT20,M17/100EK113,02040182.JPG,M17\100EK113\02040182.JPG,02040182.JPG,5545525,2025-02-04 15:45:56,moved
CT20,M17/100EK113,02040184.JPG,M17\100EK113\02040184.JPG,02040184.JPG,5448093,2025-02-04 18:06:14,moved
CT20,M17/100EK113,02040185.JPG,M17\100EK113\02040185.JPG,02040185.JPG,5376411,2025-02-04 18:06:16,moved
CT20,M17/100EK113,02040187.JPG,M17\100EK113\02040187.JPG,02040187.JPG,5529483,2025-02-04 18:07:40,moved
CT20,M17/100EK113,02040188.JPG,M17\100EK113\02040188.JPG,02040188.JPG,5504891,2025-02-04 18:07:42,moved
CT20,M17/100EK113,02040190.JPG,M17\100EK113\02040190.JPG,02040190.JPG,5590243,2025-02-04 18:19:48,moved
CT20,M17/100EK113,02040191.JPG,M17\100EK113\02040191.JPG,02040191.JPG,5481672,2025-02-04 18:19:50,moved
CT20,M17/100EK113,02040193.JPG,M17\100EK113\02040193.JPG,02040193.JPG,5490729,2025-02-04 18:20:08,moved
CT20,M17/100EK113,02040194.JPG,M17\100EK113\02040194.JPG,02040194.JPG,5516491,2025-02-04 18:20:10,moved
CT20,M17/100EK113,02040196.JPG,M17\100EK113\02040196.JPG,02040196.JPG,5609455,2025-02-04 18:40:28,moved
CT20,M17/100EK113,02040197.JPG,M17\100EK113\02040197.JPG,02040197.JPG,5548636,2025-02-04 18:40:28,moved
CT20,M17/100EK113,02040199.JPG,M17\100EK113\02040199.JPG,02040199.JPG,5620139,2025-02-04 18:45:50,moved
CT20,M17/100EK113,02040200.JPG,M17\100EK113\02040200.JPG,02040200.JPG,5536688,2025-02-04 18:45:52,moved
CT20,M17/100EK113,02040202.JPG,M17\100EK113\02040202.JPG,02040202.JPG,5654458,2025-02-04 18:56:44,moved
CT20,M17/100EK113,02040203.JPG,M17\100EK113\02040203.JPG,02040203.JPG,5561074,2025-02-04 18:56:44,moved
CT20,M17/100EK113,02040205.JPG,M17\100EK113\02040205.JPG,02040205.JPG,5623588,2025-02-04 19:01:54,moved
CT20,M17/100EK113,02040206.JPG,M17\100EK113\02040206.JPG,02040206.JPG,5543663,2025-02-04 19:01:56,moved
CT20,M17/100EK113,02040208.JPG,M17\100EK113\02040208.JPG,02040208.JPG,5639557,2025-02-04 19:05:40,moved
CT20,M17/100EK113,02040209.JPG,M17\100EK113\02040209.JPG,02040209.JPG,5542909,2025-02-04 19:05:42,moved
CT20,M17/100EK113,02040211.JPG,M17\100EK113\02040211.JPG,02040211.JPG,5625223,2025-02-04 19:23:14,moved
CT20,M17/100EK113,02040212.JPG,M17\100EK113\02040212.JPG,02040212.JPG,5506071,2025-02-04 19:23:16,moved
CT20,M17/100EK113,02050214.JPG,M17\100EK113\02050214.JPG,02050214.JPG,5543790,2025-02-05 16:19:50,moved
CT20,M17/100EK113,02050215.JPG,M17\100EK113\02050215.JPG,02050215.JPG,5461696,2025-02-05 16:19:52,moved
CT20,M17/100EK113,02050217.JPG,M17\100EK113\02050217.JPG,02050217.JPG,5437098,2025-02-05 16:20:52,moved
CT20,M17/100EK113,02050218.JPG,M17\100EK113\02050218.JPG,02050218.JPG,5453570,2025-02-05 16:20:52,moved
CT20,M17/100EK113,02050220.JPG,M17\100EK113\02050220.JPG,02050220.JPG,5436456,2025-02-05 16:21:48,moved
CT20,M17/100EK113,02050221.JPG,M17\100EK113\02050221.JPG,02050221.JPG,5469787,2025-02-05 16:21:50,moved
CT20,M17/100EK113,02050223.JPG,M17\100EK113\02050223.JPG,02050223.JPG,5564545,2025-02-05 16:23:24,moved
CT20,M17/100EK113,02050224.JPG,M17\100EK113\02050224.JPG,02050224.JPG,5464290,2025-02-05 16:23:24,moved
CT20,M17/100EK113,02050226.JPG,M17\100EK113\02050226.JPG,02050226.JPG,5564437,2025-02-05 16:25:52,moved
CT20,M17/100EK113,02050227.JPG,M17\100EK113\02050227.JPG,02050227.JPG,5449840,2025-02-05 16:25:52,moved
CT20,M17/100EK113,02050229.JPG,M17\100EK113\02050229.JPG,02050229.JPG,5388280,2025-02-05 16:26:12,moved
CT20,M17/100EK113,02050230.JPG,M17\100EK113\02050230.JPG,02050230.JPG,5428963,2025-02-05 16:26:12,moved
CT20,M17/100EK113,02050232.JPG,M17\100EK113\02050232.JPG,02050232.JPG,5576856,2025-02-05 16:29:00,moved
CT20,M17/100EK113,02050233.JPG,M17\100EK113\02050233.JPG,02050233.JPG,5461686,2025-02-05 16:29:02,moved
CT20,M17/100EK113,02050235.JPG,M17\100EK113\02050235.JPG,02050235.JPG,5564640,2025-02-05 16:31:04,moved
CT20,M17/100EK113,02050236.JPG,M17\100EK113\02050236.JPG,02050236.JPG,5492759,2025-02-05 16:31:06,moved
CT20,M17/100EK113,02050238.JPG,M17\100EK113\02050238.JPG,02050238.JPG,5587344,2025-02-05 16:40:08,moved
CT20,M17/100EK113,02050239.JPG,M17\100EK113\02050239.JPG,02050239.JPG,5472969,2025-02-05 16:40:08,moved
CT20,M17/100EK113,02050241.JPG,M17\100EK113\02050241.JPG,02050241.JPG,5462845,2025-02-05 16:41:14,moved
CT20,M17/100EK113,02050242.JPG,M17\100EK113\02050242.JPG,02050242.JPG,5497188,2025-02-05 16:41:16,moved
CT20,M17/100EK113,02050244.JPG,M17\100EK113\02050244.JPG,02050244.JPG,5549736,2025-02-05 16:52:28,moved
CT20,M17/100EK113,02050245.JPG,M17\100EK113\02050245.JPG,02050245.JPG,5475076,2025-02-05 16:52:30,moved
CT20,M17/100EK113,02050247.JPG,M17\100EK113\02050247.JPG,02050247.JPG,5471850,2025-02-05 16:52:50,moved
CT20,M17/100EK113,02050248.JPG,M17\100EK113\02050248.JPG,02050248.JPG,5507978,2025-02-05 16:52:50,moved
CT20,M17/100EK113,02050250.JPG,M17\100EK113\02050250.JPG,02050250.JPG,5554270,2025-02-05 16:55:38,moved
CT20,M17/100EK113,02050251.JPG,M17\100EK113\02050251.JPG,02050251.JPG,5473967,2025-02-05 16:55:40,moved
CT20,M17/100EK113,02050253.JPG,M17\100EK113\02050253.JPG,02050253.JPG,5551940,2025-02-05 16:57:30,moved
CT20,M17/100EK113,02050254.JPG,M17\100EK113\02050254.JPG,02050254.JPG,5479082,2025-02-05 16:57:30,moved
CT20,M17/100EK113,02050256.JPG,M17\100EK113\02050256.JPG,02050256.JPG,5387399,2025-02-05 16:57:52,moved
CT20,M17/100EK113,02050257.JPG,M17\100EK113\02050257.JPG,02050257.JPG,5405715,2025-02-05 16:57:52,moved
CT20,M17/100EK113,02050259.JPG,M17\100EK113\02050259.JPG,02050259.JPG,5560074,2025-02-05 16:59:52,moved
CT20,M17/100EK113,02050260.JPG,M17\100EK113\02050260.JPG,02050260.JPG,5499093,2025-02-05 16:59:54,moved
CT20,M17/100EK113,02050262.JPG,M17\100EK113\02050262.JPG,02050262.JPG,5582314,2025-02-05 17:02:36,moved
CT20,M17/100EK113,02050263.JPG,M17\100EK113\02050263.JPG,02050263.JPG,5490065,2025-02-05 17:02:38,moved
CT20,M17/100EK113,02050265.JPG,M17\100EK113\02050265.JPG,02050265.JPG,5579678,2025-02-05 17:04:16,moved
CT20,M17/100EK113,02050266.JPG,M17\100EK113\02050266.JPG,02050266.JPG,5470517,2025-02-05 17:04:16,moved
CT20,M17/100EK113,02050268.JPG,M17\100EK113\02050268.JPG,02050268.JPG,5532440,2025-02-05 17:07:00,moved
CT20,M17/100EK113,02050269.JPG,M17\100EK113\02050269.JPG,02050269.JPG,5473626,2025-02-05 17:07:02,moved
CT20,M17/100EK113,02050271.JPG,M17\100EK113\02050271.JPG,02050271.JPG,5125962,2025-02-05 17:09:36,moved
CT20,M17/100EK113,02050272.JPG,M17\100EK113\02050272.JPG,02050272.JPG,4711315,2025-02-05 17:09:36,moved
CT20,M17/100EK113,02050274.JPG,M17\100EK113\02050274.JPG,02050274.JPG,5518995,2025-02-05 17:13:00,moved
CT20,M17/100EK113,02050275.JPG,M17\100EK113\02050275.JPG,02050275.JPG,5457147,2025-02-05 17:13:00,moved
CT20,M17/100EK113,02050277.JPG,M17\100EK113\02050277.JPG,02050277.JPG,5611257,2025-02-05 17:17:38,moved
CT20,M17/100EK113,02050278.JPG,M17\100EK113\02050278.JPG,02050278.JPG,5499105,2025-02-05 17:17:38,moved
CT20,M17/100EK113,02050280.JPG,M17\100EK113\02050280.JPG,02050280.JPG,5582118,2025-02-05 17:20:40,moved
CT20,M17/100EK113,02050281.JPG,M17\100EK113\02050281.JPG,02050281.JPG,5491221,2025-02-05 17:20:42,moved
CT20,M17/100EK113,02050283.JPG,M17\100EK113\02050283.JPG,02050283.JPG,5468905,2025-02-05 17:22:04,moved
CT20,M17/100EK113,02050284.JPG,M17\100EK113\02050284.JPG,02050284.JPG,5493636,2025-02-05 17:22:06,moved
CT20,M17/100EK113,02050286.JPG,M17\100EK113\02050286.JPG,02050286.JPG,5470252,2025-02-05 17:22:30,moved
CT20,M17/100EK113,02050287.JPG,M17\100EK113\02050287.JPG,02050287.JPG,5507092,2025-02-05 17:22:32,moved
CT20,M17/100EK113,02050289.JPG,M17\100EK113\02050289.JPG,02050289.JPG,5480900,2025-02-05 17:23:12,moved
CT20,M17/100EK113,02050290.JPG,M17\100EK113\02050290.JPG,02050290.JPG,5502609,2025-02-05 17:23:12,moved
CT20,M17/100EK113,02050292.JPG,M17\100EK113\02050292.JPG,02050292.JPG,5480847,2025-02-05 17:24:02,moved
CT20,M17/100EK113,02050293.JPG,M17\100EK113\02050293.JPG,02050293.JPG,5493882,2025-02-05 17:24:04,moved
CT20,M17/100EK113,02050295.JPG,M17\100EK113\02050295.JPG,02050295.JPG,5473053,2025-02-05 17:24:52,moved
CT20,M17/100EK113,02050296.JPG,M17\100EK113\02050296.JPG,02050296.JPG,5506219,2025-02-05 17:24:52,moved
CT20,M17/100EK113,02050298.JPG,M17\100EK113\02050298.JPG,02050298.JPG,5502678,2025-02-05 17:25:20,moved
CT20,M17/100EK113,02050299.JPG,M17\100EK113\02050299.JPG,02050299.JPG,5511099,2025-02-05 17:25:22,moved
CT20,M17/100EK113,02050301.JPG,M17\100EK113\02050301.JPG,02050301.JPG,5440192,2025-02-05 17:26:10,moved
CT20,M17/100EK113,02050302.JPG,M17\100EK113\02050302.JPG,02050302.JPG,5496019,2025-02-05 17:26:10,moved
CT20,M17/100EK113,02050304.JPG,M17\100EK113\02050304.JPG,02050304.JPG,5482629,2025-02-05 17:27:06,moved
CT20,M17/100EK113,02050305.JPG,M17\100EK113\02050305.JPG,02050305.JPG,5488178,2025-02-05 17:27:06,moved
CT20,M17/100EK113,02050307.JPG,M17\100EK113\02050307.JPG,02050307.JPG,5476250,2025-02-05 17:27:26,moved
CT20,M17/100EK113,02050308.JPG,M17\100EK113\02050308.JPG,02050308.JPG,5498767,2025-02-05 17:27:26,moved
CT20,M17/100EK113,02050310.JPG,M17\100EK113\02050310.JPG,02050310.JPG,5456178,2025-02-05 17:27:58,moved
CT20,M17/100EK113,02050311.JPG,M17\100EK113\02050311.JPG,02050311.JPG,5479920,2025-02-05 17:27:58,moved
CT20,M17/100EK113,02050313.JPG,M17\100EK113\02050313.JPG,02050313.JPG,5429002,2025-02-05 17:28:24,moved
CT20,M17/100EK113,02050314.JPG,M17\100EK113\02050314.JPG,02050314.JPG,5444681,2025-02-05 17:28:24,moved
CT20,M17/100EK113,02050316.JPG,M17\100EK113\02050316.JPG,02050316.JPG,5439066,2025-02-05 17:28:52,moved
CT20,M17/100EK113,02050317.JPG,M17\100EK113\02050317.JPG,02050317.JPG,5475780,2025-02-05 17:28:52,moved
CT20,M17/100EK113,02050319.JPG,M17\100EK113\02050319.JPG,02050319.JPG,4725550,2025-02-05 17:29:18,moved
CT20,M17/100EK113,02050320.JPG,M17\100EK113\02050320.JPG,02050320.JPG,4740730,2025-02-05 17:29:18,moved
CT20,M17/100EK113,02050322.JPG,M17\100EK113\02050322.JPG,02050322.JPG,5559964,2025-02-05 17:32:10,moved
CT20,M17/100EK113,02050323.JPG,M17\100EK113\02050323.JPG,02050323.JPG,5514725,2025-02-05 17:32:10,moved
CT20,M17/100EK113,02050325.JPG,M17\100EK113\02050325.JPG,02050325.JPG,5485186,2025-02-05 17:32:36,moved
CT20,M17/100EK113,02050326.JPG,M17\100EK113\02050326.JPG,02050326.JPG,5509015,2025-02-05 17:32:38,moved
CT20,M17/100EK113,02050328.JPG,M17\100EK113\02050328.JPG,02050328.JPG,5595172,2025-02-05 17:37:04,moved
CT20,M17/100EK113,02050329.JPG,M17\100EK113\02050329.JPG,02050329.JPG,5520722,2025-02-05 17:37:04,moved
CT20,M17/100EK113,02050331.JPG,M17\100EK113\02050331.JPG,02050331.JPG,5419558,2025-02-05 17:37:34,moved
CT20,M17/100EK113,02050332.JPG,M17\100EK113\02050332.JPG,02050332.JPG,5452067,2025-02-05 17:37:36,moved
CT20,M17/100EK113,02050334.JPG,M17\100EK113\02050334.JPG,02050334.JPG,5546225,2025-02-05 17:42:56,moved
CT20,M17/100EK113,02050335.JPG,M17\100EK113\02050335.JPG,02050335.JPG,5492037,2025-02-05 17:42:58,moved
CT20,M17/100EK113,02050337.JPG,M17\100EK113\02050337.JPG,02050337.JPG,5476111,2025-02-05 17:44:14,moved
CT20,M17/100EK113,02050338.JPG,M17\100EK113\02050338.JPG,02050338.JPG,5495063,2025-02-05 17:44:16,moved
CT20,M17/100EK113,02050340.JPG,M17\100EK113\02050340.JPG,02050340.JPG,4787219,2025-02-05 17:45:38,moved
CT20,M17/100EK113,02050341.JPG,M17\100EK113\02050341.JPG,02050341.JPG,4806402,2025-02-05 17:45:40,moved
CT20,M17/100EK113,02050343.JPG,M17\100EK113\02050343.JPG,02050343.JPG,5608616,2025-02-05 17:52:28,moved
CT20,M17/100EK113,02050344.JPG,M17\100EK113\02050344.JPG,02050344.JPG,5512251,2025-02-05 17:52:30,moved
CT20,M17/100EK113,02050346.JPG,M17\100EK113\02050346.JPG,02050346.JPG,5441495,2025-02-05 17:52:56,moved
CT20,M17/100EK113,02050347.JPG,M17\100EK113\02050347.JPG,02050347.JPG,5473379,2025-02-05 17:52:56,moved
CT20,M17/100EK113,02050349.JPG,M17\100EK113\02050349.JPG,02050349.JPG,5588657,2025-02-05 18:02:12,moved
CT20,M17/100EK113,02050350.JPG,M17\100EK113\02050350.JPG,02050350.JPG,5518415,2025-02-05 18:02:12,moved
CT20,M17/100EK113,02050352.JPG,M17\100EK113\02050352.JPG,02050352.JPG,5575267,2025-02-05 18:07:28,moved
CT20,M17/100EK113,02050353.JPG,M17\100EK113\02050353.JPG,02050353.JPG,5500243,2025-02-05 18:07:28,moved
CT20,M17/100EK113,02050355.JPG,M17\100EK113\02050355.JPG,02050355.JPG,4960503,2025-02-05 18:07:48,moved
CT20,M17/100EK113,02050356.JPG,M17\100EK113\02050356.JPG,02050356.JPG,5020704,2025-02-05 18:07:48,moved
CT20,M17/100EK113,02050358.JPG,M17\100EK113\02050358.JPG,02050358.JPG,5483902,2025-02-05 18:09:08,moved
CT20,M17/100EK113,02050359.JPG,M17\100EK113\02050359.JPG,02050359.JPG,5515111,2025-02-05 18:09:10,moved
CT20,M17/100EK113,02050361.JPG,M17\100EK113\02050361.JPG,02050361.JPG,5478244,2025-02-05 18:10:52,moved
CT20,M17/100EK113,02050362.JPG,M17\100EK113\02050362.JPG,02050362.JPG,5364966,2025-02-05 18:10:54,moved
CT20,M17/100EK113,02050364.JPG,M17\100EK113\02050364.JPG,02050364.JPG,5531312,2025-02-05 18:13:08,moved
CT20,M17/100EK113,02050365.JPG,M17\100EK113\02050365.JPG,02050365.JPG,5438532,2025-02-05 18:13:10,moved
CT20,M17/100EK113,02050367.JPG,M17\100EK113\02050367.JPG,02050367.JPG,5465283,2025-02-05 18:14:16,moved
CT20,M17/100EK113,02050368.JPG,M17\100EK113\02050368.JPG,02050368.JPG,5499905,2025-02-05 18:14:16,moved
CT20,M17/100EK113,02050370.JPG,M17\100EK113\02050370.JPG,02050370.JPG,5397915,2025-02-05 18:14:36,moved
CT20,M17/100EK113,02050371.JPG,M17\100EK113\02050371.JPG,02050371.JPG,5437404,2025-02-05 18:14:38,moved
CT20,M17/100EK113,02050373.JPG,M17\100EK113\02050373.JPG,02050373.JPG,5449870,2025-02-05 18:14:56,moved
CT20,M17/100EK113,02050374.JPG,M17\100EK113\02050374.JPG,02050374.JPG,5464539,2025-02-05 18:14:58,moved
CT20,M17/100EK113,02050376.JPG,M17\100EK113\02050376.JPG,02050376.JPG,5500658,2025-02-05 18:15:58,moved
CT20,M17/100EK113,02050377.JPG,M17\100EK113\02050377.JPG,02050377.JPG,5535903,2025-02-05 18:16:00,moved
CT20,M17/100EK113,02050379.JPG,M17\100EK113\02050379.JPG,02050379.JPG,5597538,2025-02-05 18:17:52,moved
CT20,M17/100EK113,02050380.JPG,M17\100EK113\02050380.JPG,02050380.JPG,5490201,2025-02-05 18:17:52,moved
CT20,M17/100EK113,02050382.JPG,M17\100EK113\02050382.JPG,02050382.JPG,5518384,2025-02-05 18:21:26,moved
CT20,M17/100EK113,02050383.JPG,M17\100EK113\02050383.JPG,02050383.JPG,5520054,2025-02-05 18:21:28,moved
CT20,M17/100EK113,02050385.JPG,M17\100EK113\02050385.JPG,02050385.JPG,5551970,2025-02-05 18:25:26,moved
CT20,M17/100EK113,02050386.JPG,M17\100EK113\02050386.JPG,02050386.JPG,5450498,2025-02-05 18:25:28,moved
CT20,M17/100EK113,02050388.JPG,M17\100EK113\02050388.JPG,02050388.JPG,5491698,2025-02-05 18:31:24,moved
CT20,M17/100EK113,02050389.JPG,M17\100EK113\02050389.JPG,02050389.JPG,5394199,2025-02-05 18:31:24,moved
CT20,M17/100EK113,02050391.JPG,M17\100EK113\02050391.JPG,02050391.JPG,5576782,2025-02-05 18:37:58,moved
CT20,M17/100EK113,02050392.JPG,M17\100EK113\02050392.JPG,02050392.JPG,5515772,2025-02-05 18:38:00,moved
CT20,M17/100EK113,02050394.JPG,M17\100EK113\02050394.JPG,02050394.JPG,5534302,2025-02-05 18:40:32,moved
CT20,M17/100EK113,02050395.JPG,M17\100EK113\02050395.JPG,02050395.JPG,5305114,2025-02-05 18:40:32,moved
CT20,M17/100EK113,02050397.JPG,M17\100EK113\02050397.JPG,02050397.JPG,5631111,2025-02-05 18:52:22,moved
CT20,M17/100EK113,02050398.JPG,M17\100EK113\02050398.JPG,02050398.JPG,5520122,2025-02-05 18:52:24,moved
CT20,M17/100EK113,02050400.JPG,M17\100EK113\02050400.JPG,02050400.JPG,5623910,2025-02-05 18:57:56,moved
CT20,M17/100EK113,02050401.JPG,M17\100EK113\02050401.JPG,02050401.JPG,5511032,2025-02-05 18:57:56,moved
CT20,M17/100EK113,02050403.JPG,M17\100EK113\02050403.JPG,02050403.JPG,5392968,2025-02-05 18:58:38,moved
CT20,M17/100EK113,02050404.JPG,M17\100EK113\02050404.JPG,02050404.JPG,5427173,2025-02-05 18:58:38,moved
CT20,M17/100EK113,02050406.JPG,M17\100EK113\02050406.JPG,02050406.JPG,5388901,2025-02-05 18:58:58,moved
CT20,M17/100EK113,02050407.JPG,M17\100EK113\02050407.JPG,02050407.JPG,5429175,2025-02-05 18:58:58,moved
CT20,M17/100EK113,02050409.JPG,M17\100EK113\02050409.JPG,02050409.JPG,5509581,2025-02-05 19:00:24,moved
CT20,M17/100EK113,02050410.JPG,M17\100EK113\02050410.JPG,02050410.JPG,5521300,2025-02-05 19:00:26,moved
CT20,M17/100EK113,02050412.JPG,M17\100EK113\02050412.JPG,02050412.JPG,5495433,2025-02-05 19:02:16,moved
CT20,M17/100EK113,02050413.JPG,M17\100EK113\02050413.JPG,02050413.JPG,5423858,2025-02-05 19:02:18,moved
CT20,M17/100EK113,02050415.JPG,M17\100EK113\02050415.JPG,02050415.JPG,5613731,2025-02-05 19:03:54,moved
CT20,M17/100EK113,02050416.JPG,M17\100EK113\02050416.JPG,02050416.JPG,5523496,2025-02-05 19:03:56,moved
CT20,M17/100EK113,02050418.JPG,M17\100EK113\02050418.JPG,02050418.JPG,5521499,2025-02-05 19:05:08,moved
CT20,M17/100EK113,02050419.JPG,M17\100EK113\02050419.JPG,02050419.JPG,5555537,2025-02-05 19:05:08,moved
CT20,M17/100EK113,02050421.JPG,M17\100EK113\02050421.JPG,02050421.JPG,5492767,2025-02-05 19:06:16,moved
CT20,M17/100EK113,02050422.JPG,M17\100EK113\02050422.JPG,02050422.JPG,5538622,2025-02-05 19:06:16,moved
CT20,M17/100EK113,02050424.JPG,M17\100EK113\02050424.JPG,02050424.JPG,5594301,2025-02-05 19:08:26,moved
CT20,M17/100EK113,02050425.JPG,M17\100EK113\02050425.JPG,02050425.JPG,5508471,2025-02-05 19:08:26,moved
CT20,M17/100EK113,02050427.JPG,M17\100EK113\02050427.JPG,02050427.JPG,5466138,2025-02-05 19:08:56,moved
CT20,M17/100EK113,02050428.JPG,M17\100EK113\02050428.JPG,02050428.JPG,5517942,2025-02-05 19:08:56,moved
CT20,M17/100EK113,02050430.JPG,M17\100EK113\02050430.JPG,02050430.JPG,5503653,2025-02-05 19:09:52,moved
CT20,M17/100EK113,02050431.JPG,M17\100EK113\02050431.JPG,02050431.JPG,5519086,2025-02-05 19:09:54,moved
CT20,M17/100EK113,02050433.JPG,M17\100EK113\02050433.JPG,02050433.JPG,5470848,2025-02-05 19:10:18,moved
CT20,M17/100EK113,02050434.JPG,M17\100EK113\02050434.JPG,02050434.JPG,5481003,2025-02-05 19:10:20,moved
CT20,M17/100EK113,02050436.JPG,M17\100EK113\02050436.JPG,02050436.JPG,5640403,2025-02-05 19:18:02,moved
CT20,M17/100EK113,02050437.JPG,M17\100EK113\02050437.JPG,02050437.JPG,5530013,2025-02-05 19:18:04,moved
CT20,M17/100EK113,02050439.JPG,M17\100EK113\02050439.JPG,02050439.JPG,5500392,2025-02-05 19:24:26,moved
CT20,M17/100EK113,02050440.JPG,M17\100EK113\02050440.JPG,02050440.JPG,5414108,2025-02-05 19:24:28,moved
CT20,M17/100EK113,02050442.JPG,M17\100EK113\02050442.JPG,02050442.JPG,5604856,2025-02-05 19:27:56,moved
CT20,M17/100EK113,02050443.JPG,M17\100EK113\02050443.JPG,02050443.JPG,5514977,2025-02-05 19:27:56,moved
CT20,M17/100EK113,02050445.JPG,M17\100EK113\02050445.JPG,02050445.JPG,5569054,2025-02-05 19:31:50,moved
CT20,M17/100EK113,02050446.JPG,M17\100EK113\02050446.JPG,02050446.JPG,5475657,2025-02-05 19:31:50,moved
CT20,M17/100EK113,02050448.JPG,M17\100EK113\02050448.JPG,02050448.JPG,5566023,2025-02-05 19:45:48,moved
CT20,M17/100EK113,02050449.JPG,M17\100EK113\02050449.JPG,02050449.JPG,5501903,2025-02-05 19:45:48,moved
CT20,M17/100EK113,02050451.JPG,M17\100EK113\02050451.JPG,02050451.JPG,5420127,2025-02-05 19:51:38,moved
CT20,M17/100EK113,02050452.JPG,M17\100EK113\02050452.JPG,02050452.JPG,5374409,2025-02-05 19:51:38,moved
CT20,M17/100EK113,02060454.JPG,M17\100EK113\02060454.JPG,02060454.JPG,4581267,2025-02-06 11:38:36,moved
CT20,M17/100EK113,02060455.JPG,M17\100EK113\02060455.JPG,02060455.JPG,4466860,2025-02-06 11:38:38,moved
CT20,M17/100EK113,02060457.JPG,M17\100EK113\02060457.JPG,02060457.JPG,5515093,2025-02-06 15:53:02,moved
CT20,M17/100EK113,02060458.JPG,M17\100EK113\02060458.JPG,02060458.JPG,5432349,2025-02-06 15:53:02,moved
CT20,M17/100EK113,02060460.JPG,M17\100EK113\02060460.JPG,02060460.JPG,5487548,2025-02-06 16:37:28,moved
CT20,M17/100EK113,02060461.JPG,M17\100EK113\02060461.JPG,02060461.JPG,5412262,2025-02-06 16:37:28,moved
CT20,M17/100EK113,02060463.JPG,M17\100EK113\02060463.JPG,02060463.JPG,5538094,2025-02-06 17:00:52,moved
CT20,M17/100EK113,02060464.JPG,M17\100EK113\02060464.JPG,02060464.JPG,5437470,2025-02-06 17:00:54,moved
CT20,M17/100EK113,02060466.JPG,M17\100EK113\02060466.JPG,02060466.JPG,5385948,2025-02-06 17:10:14,moved
CT20,M17/100EK113,02060467.JPG,M17\100EK113\02060467.JPG,02060467.JPG,5288695,2025-02-06 17:10:14,moved
CT20,M17/100EK113,02060469.JPG,M17\100EK113\02060469.JPG,02060469.JPG,5417154,2025-02-06 17:10:36,moved
CT20,M17/100EK113,02060470.JPG,M17\100EK113\02060470.JPG,02060470.JPG,5434202,2025-02-06 17:10:36,moved
CT20,M17/100EK113,02060472.JPG,M17\100EK113\02060472.JPG,02060472.JPG,5418499,2025-02-06 17:12:58,moved
CT20,M17/100EK113,02060473.JPG,M17\100EK113\02060473.JPG,02060473.JPG,5305480,2025-02-06 17:12:58,moved
CT20,M17/100EK113,02060475.JPG,M17\100EK113\02060475.JPG,02060475.JPG,5388107,2025-02-06 17:15:18,moved
CT20,M17/100EK113,02060476.JPG,M17\100EK113\02060476.JPG,02060476.JPG,5331747,2025-02-06 17:15:20,moved
CT20,M17/100EK113,02060478.JPG,M17\100EK113\02060478.JPG,02060478.JPG,5443798,2025-02-06 17:16:02,moved
CT20,M17/100EK113,02060479.JPG,M17\100EK113\02060479.JPG,02060479.JPG,5457794,2025-02-06 17:16:04,moved
CT20,M17/100EK113,02060481.JPG,M17\100EK113\02060481.JPG,02060481.JPG,5437247,2025-02-06 17:17:24,moved
CT20,M17/100EK113,02060482.JPG,M17\100EK113\02060482.JPG,02060482.JPG,5474369,2025-02-06 17:17:26,moved
CT20,M17/100EK113,02060484.JPG,M17\100EK113\02060484.JPG,02060484.JPG,5406371,2025-02-06 17:20:34,moved
CT20,M17/100EK113,02060485.JPG,M17\100EK113\02060485.JPG,02060485.JPG,5314924,2025-02-06 17:20:34,moved
CT20,M17/100EK113,02060487.JPG,M17\100EK113\02060487.JPG,02060487.JPG,5414626,2025-02-06 17:29:06,moved
CT20,M17/100EK113,02060488.JPG,M17\100EK113\02060488.JPG,02060488.JPG,5325376,2025-02-06 17:29:08,moved
CT20,M17/100EK113,02060490.JPG,M17\100EK113\02060490.JPG,02060490.JPG,5585714,2025-02-06 17:38:42,moved
CT20,M17/100EK113,02060491.JPG,M17\100EK113\02060491.JPG,02060491.JPG,5494625,2025-02-06 17:38:44,moved
CT20,M17/100EK113,02060493.JPG,M17\100EK113\02060493.JPG,02060493.JPG,5438585,2025-02-06 17:49:36,moved
CT20,M17/100EK113,02060494.JPG,M17\100EK113\02060494.JPG,02060494.JPG,5361073,2025-02-06 17:49:36,moved
CT20,M17/100EK113,02060496.JPG,M17\100EK113\02060496.JPG,02060496.JPG,5510244,2025-02-06 17:51:20,moved
CT20,M17/100EK113,02060497.JPG,M17\100EK113\02060497.JPG,02060497.JPG,5415131,2025-02-06 17:51:20,moved
CT20,M17/100EK113,02060499.JPG,M17\100EK113\02060499.JPG,02060499.JPG,5451135,2025-02-06 17:53:36,moved
CT20,M17/100EK113,02060500.JPG,M17\100EK113\02060500.JPG,02060500.JPG,5358641,2025-02-06 17:53:38,moved
CT20,M17/100EK113,02060502.JPG,M17\100EK113\02060502.JPG,02060502.JPG,5512478,2025-02-06 17:58:12,moved
CT20,M17/100EK113,02060503.JPG,M17\100EK113\02060503.JPG,02060503.JPG,5421685,2025-02-06 17:58:14,moved
CT20,M17/100EK113,02060505.JPG,M17\100EK113\02060505.JPG,02060505.JPG,5467392,2025-02-06 18:04:10,moved
CT20,M17/100EK113,02060506.JPG,M17\100EK113\02060506.JPG,02060506.JPG,5396405,2025-02-06 18:04:12,moved
CT20,M17/100EK113,02060508.JPG,M17\100EK113\02060508.JPG,02060508.JPG,5497089,2025-02-06 18:08:30,moved
CT20,M17/100EK113,02060509.JPG,M17\100EK113\02060509.JPG,02060509.JPG,5398616,2025-02-06 18:08:32,moved
CT20,M17/100EK113,02060511.JPG,M17\100EK113\02060511.JPG,02060511.JPG,5508743,2025-02-06 18:10:52,moved
CT20,M17/100EK113,02060512.JPG,M17\100EK113\02060512.JPG,02060512.JPG,5404798,2025-02-06 18:10:52,moved
CT20,M17/100EK113,02060514.JPG,M17\100EK113\02060514.JPG,02060514.JPG,5512221,2025-02-06 18:18:48,moved
CT20,M17/100EK113,02060515.JPG,M17\100EK113\02060515.JPG,02060515.JPG,5443415,2025-02-06 18:18:48,moved
CT20,M17/100EK113,02060517.JPG,M17\100EK113\02060517.JPG,02060517.JPG,5510427,2025-02-06 18:19:10,moved
CT20,M17/100EK113,02060518.JPG,M17\100EK113\02060518.JPG,02060518.JPG,5556303,2025-02-06 18:19:10,moved
CT20,M17/100EK113,02060520.JPG,M17\100EK113\02060520.JPG,02060520.JPG,5511399,2025-02-06 18:19:48,moved
CT20,M17/100EK113,02060521.JPG,M17\100EK113\02060521.JPG,02060521.JPG,5545112,2025-02-06 18:19:50,moved
CT20,M17/100EK113,02060523.JPG,M17\100EK113\02060523.JPG,02060523.JPG,5611087,2025-02-06 18:22:16,moved
CT20,M17/100EK113,02060524.JPG,M17\100EK113\02060524.JPG,02060524.JPG,5548146,2025-02-06 18:22:16,moved
CT20,M17/100EK113,02060526.JPG,M17\100EK113\02060526.JPG,02060526.JPG,5529522,2025-02-06 18:30:26,moved
CT20,M17/100EK113,02060527.JPG,M17\100EK113\02060527.JPG,02060527.JPG,5451176,2025-02-06 18:30:26,moved
CT20,M17/100EK113,02060529.JPG,M17\100EK113\02060529.JPG,02060529.JPG,5549007,2025-02-06 18:43:16,moved
CT20,M17/100EK113,02060530.JPG,M17\100EK113\02060530.JPG,02060530.JPG,5487101,2025-02-06 18:43:18,moved
CT20,M17/100EK113,02060532.JPG,M17\100EK113\02060532.JPG,02060532.JPG,5660468,2025-02-06 18:47:02,moved
CT20,M17/100EK113,02060533.JPG,M17\100EK113\02060533.JPG,02060533.JPG,5568396,2025-02-06 18:47:02,moved
CT20,M17/100EK113,02060535.JPG,M17\100EK113\02060535.JPG,02060535.JPG,5650332,2025-02-06 18:49:32,moved
CT20,M17/100EK113,02060536.JPG,M17\100EK113\02060536.JPG,02060536.JPG,5587963,2025-02-06 18:49:34,moved
CT20,M17/100EK113,02060538.JPG,M17\100EK113\02060538.JPG,02060538.JPG,5547912,2025-02-06 18:50:06,moved
CT20,M17/100EK113,02060539.JPG,M17\100EK113\02060539.JPG,02060539.JPG,5583656,2025-02-06 18:50:08,moved
CT20,M17/100EK113,02060541.JPG,M17\100EK113\02060541.JPG,02060541.JPG,5590290,2025-02-06 18:59:42,moved
CT20,M17/100EK113,02060542.JPG,M17\100EK113\02060542.JPG,02060542.JPG,5508881,2025-02-06 18:59:42,moved
CT20,M17/100EK113,02070544.JPG,M17\100EK113\02070544.JPG,02070544.JPG,5313346,2025-02-07 13:20:36,moved
CT20,M17/100EK113,02070545.JPG,M17\100EK113\02070545.JPG,02070545.JPG,5239249,2025-02-07 13:20:38,moved
CT20,M17/100EK113,02070547.JPG,M17\100EK113\02070547.JPG,02070547.JPG,5571164,2025-02-07 15:20:02,moved
CT20,M17/100EK113,02070548.JPG,M17\100EK113\02070548.JPG,02070548.JPG,5463326,2025-02-07 15:20:02,moved
CT20,M17/100EK113,02070550.JPG,M17\100EK113\02070550.JPG,02070550.JPG,5540518,2025-02-07 15:23:04,moved
CT20,M17/100EK113,02070551.JPG,M17\100EK113\02070551.JPG,02070551.JPG,5465729,2025-02-07 15:23:04,moved
CT20,M17/100EK113,02070553.JPG,M17\100EK113\02070553.JPG,02070553.JPG,5512378,2025-02-07 15:43:10,moved
CT20,M17/100EK113,02070554.JPG,M17\100EK113\02070554.JPG,02070554.JPG,5448445,2025-02-07 15:43:10,moved
CT20,M17/100EK113,02070556.JPG,M17\100EK113\02070556.JPG,02070556.JPG,5603184,2025-02-07 16:03:30,moved
CT20,M17/100EK113,02070557.JPG,M17\100EK113\02070557.JPG,02070557.JPG,5505498,2025-02-07 16:03:30,moved
CT20,M17/100EK113,02070559.JPG,M17\100EK113\02070559.JPG,02070559.JPG,5606875,2025-02-07 16:11:08,moved
CT20,M17/100EK113,02070560.JPG,M17\100EK113\02070560.JPG,02070560.JPG,5516254,2025-02-07 16:11:08,moved
CT20,M17/100EK113,02070562.JPG,M17\100EK113\02070562.JPG,02070562.JPG,5516799,2025-02-07 16:15:32,moved
CT20,M17/100EK113,02070563.JPG,M17\100EK113\02070563.JPG,02070563.JPG,5453985,2025-02-07 16:15:32,moved
CT20,M17/100EK113,02070565.JPG,M17\100EK113\02070565.JPG,02070565.JPG,5463279,2025-02-07 16:16:38,moved
CT20,M17/100EK113,02070566.JPG,M17\100EK113\02070566.JPG,02070566.JPG,5481387,2025-02-07 16:16:38,moved
CT20,M17/100EK113,02070568.JPG,M17\100EK113\02070568.JPG,02070568.JPG,5485594,2025-02-07 16:17:42,moved
CT20,M17/100EK113,02070569.JPG,M17\100EK113\02070569.JPG,02070569.JPG,5505402,2025-02-07 16:17:42,moved
CT20,M17/100EK113,02070571.JPG,M17\100EK113\02070571.JPG,02070571.JPG,5572934,2025-02-07 16:22:20,moved
CT20,M17/100EK113,02070572.JPG,M17\100EK113\02070572.JPG,02070572.JPG,5496056,2025-02-07 16:22:22,moved
CT20,M17/100EK113,02070574.JPG,M17\100EK113\02070574.JPG,02070574.JPG,5541149,2025-02-07 16:24:18,moved
CT20,M17/100EK113,02070575.JPG,M17\100EK113\02070575.JPG,02070575.JPG,5466138,2025-02-07 16:24:20,moved
CT20,M17/100EK113,02070577.JPG,M17\100EK113\02070577.JPG,02070577.JPG,5440842,2025-02-07 16:24:44,moved
CT20,M17/100EK113,02070578.JPG,M17\100EK113\02070578.JPG,02070578.JPG,5461846,2025-02-07 16:24:44,moved
CT20,M17/100EK113,02070580.JPG,M17\100EK113\02070580.JPG,02070580.JPG,5544795,2025-02-07 16:28:26,moved
CT20,M17/100EK113,02070581.JPG,M17\100EK113\02070581.JPG,02070581.JPG,5461221,2025-02-07 16:28:26,moved
CT20,M17/100EK113,02070583.JPG,M17\100EK113\02070583.JPG,02070583.JPG,5526212,2025-02-07 16:30:52,moved
CT20,M17/100EK113,02070584.JPG,M17\100EK113\02070584.JPG,02070584.JPG,5471635,2025-02-07 16:30:54,moved
CT20,M17/100EK113,02070586.JPG,M17\100EK113\02070586.JPG,02070586.JPG,5436129,2025-02-07 16:31:30,moved
CT20,M17/100EK113,02070587.JPG,M17\100EK113\02070587.JPG,02070587.JPG,5446362,2025-02-07 16:31:32,moved
CT20,M17/100EK113,02070589.JPG,M17\100EK113\02070589.JPG,02070589.JPG,5419337,2025-02-07 16:31:54,moved
CT20,M17/100EK113,02070590.JPG,M17\100EK113\02070590.JPG,02070590.JPG,5446079,2025-02-07 16:31:54,moved
CT20,M17/100EK113,02070592.JPG,M17\100EK113\02070592.JPG,02070592.JPG,5439852,2025-02-07 16:32:44,moved
CT20,M17/100EK113,02070593.JPG,M17\100EK113\02070593.JPG,02070593.JPG,5461095,2025-02-07 16:32:46,moved
CT20,M17/100EK113,02070595.JPG,M17\100EK113\02070595.JPG,02070595.JPG,5534823,2025-02-07 16:37:00,moved
CT20,M17/100EK113,02070596.JPG,M17\100EK113\02070596.JPG,02070596.JPG,5479890,2025-02-07 16:37:02,moved
CT20,M17/100EK113,02070598.JPG,M17\100EK113\02070598.JPG,02070598.JPG,5519146,2025-02-07 16:38:04,moved
CT20,M17/100EK113,02070599.JPG,M17\100EK113\02070599.JPG,02070599.JPG,5536915,2025-02-07 16:38:06,moved
CT20,M17/100EK113,02070601.JPG,M17\100EK113\02070601.JPG,02070601.JPG,5488131,2025-02-07 16:38:52,moved
CT20,M17/100EK113,02070602.JPG,M17\100EK113\02070602.JPG,02070602.JPG,5538264,2025-02-07 16:38:52,moved
CT20,M17/100EK113,02070604.JPG,M17\100EK113\02070604.JPG,02070604.JPG,5447302,2025-02-07 16:39:14,moved
CT20,M17/100EK113,02070605.JPG,M17\100EK113\02070605.JPG,02070605.JPG,5487046,2025-02-07 16:39:16,moved
CT20,M17/100EK113,02070607.JPG,M17\100EK113\02070607.JPG,02070607.JPG,5469343,2025-02-07 16:40:20,moved
CT20,M17/100EK113,02070608.JPG,M17\100EK113\02070608.JPG,02070608.JPG,5488573,2025-02-07 16:40:22,moved
CT20,M17/100EK113,02070610.JPG,M17\100EK113\02070610.JPG,02070610.JPG,5590845,2025-02-07 16:43:20,moved
CT20,M17/100EK113,02070611.JPG,M17\100EK113\02070611.JPG,02070611.JPG,5484259,2025-02-07 16:43:20,moved
CT20,M17/100EK113,02070613.JPG,M17\100EK113\02070613.JPG,02070613.JPG,5467679,2025-02-07 16:44:26,moved
CT20,M17/100EK113,02070614.JPG,M17\100EK113\02070614.JPG,02070614.JPG,5485073,2025-02-07 16:44:28,moved
CT20,M17/100EK113,02070616.JPG,M17\100EK113\02070616.JPG,02070616.JPG,5567433,2025-02-07 16:48:46,moved
CT20,M17/100EK113,02070617.JPG,M17\100EK113\02070617.JPG,02070617.JPG,5485379,2025-02-07 16:48:46,moved
CT20,M17/100EK113,02070619.JPG,M17\100EK113\02070619.JPG,02070619.JPG,5556134,2025-02-07 16:50:50,moved
CT20,M17/100EK113,02070620.JPG,M17\100EK113\02070620.JPG,02070620.JPG,5479239,2025-02-07 16:50:50,moved
CT20,M17/100EK113,02070622.JPG,M17\100EK113\02070622.JPG,02070622.JPG,5559651,2025-02-07 16:52:34,moved
CT20,M17/100EK113,02070623.JPG,M17\100EK113\02070623.JPG,02070623.JPG,5455027,2025-02-07 16:52:36,moved
CT20,M17/100EK113,02070625.JPG,M17\100EK113\02070625.JPG,02070625.JPG,5528359,2025-02-07 16:59:50,moved
CT20,M17/100EK113,02070626.JPG,M17\100EK113\02070626.JPG,02070626.JPG,5472000,2025-02-07 16:59:50,moved
CT20,M17/100EK113,02070628.JPG,M17\100EK113\02070628.JPG,02070628.JPG,5467180,2025-02-07 17:00:10,moved
CT20,M17/100EK113,02070629.JPG,M17\100EK113\02070629.JPG,02070629.JPG,5500308,2025-02-07 17:00:12,moved
CT20,M17/100EK113,02070631.JPG,M17\100EK113\02070631.JPG,02070631.JPG,5464363,2025-02-07 17:01:32,moved
CT20,M17/100EK113,02070632.JPG,M17\100EK113\02070632.JPG,02070632.JPG,5503533,2025-02-07 17:01:34,moved
CT20,M17/100EK113,02070634.JPG,M17\100EK113\02070634.JPG,02070634.JPG,5635934,2025-02-07 17:03:10,moved
CT20,M17/100EK113,02070635.JPG,M17\100EK113\02070635.JPG,02070635.JPG,5542433,2025-02-07 17:03:12,moved
CT20,M17/100EK113,02070637.JPG,M17\100EK113\02070637.JPG,02070637.JPG,5597480,2025-02-07 17:14:34,moved
CT20,M17/100EK113,02070638.JPG,M17\100EK113\02070638.JPG,02070638.JPG,5532259,2025-02-07 17:14:34,moved
CT20,M17/100EK113,02070640.JPG,M17\100EK113\02070640.JPG,02070640.JPG,5611360,2025-02-07 17:16:30,moved
CT20,M17/100EK113,02070641.JPG,M17\100EK113\02070641.JPG,02070641.JPG,5526015,2025-02-07 17:16:32,moved
CT20,M17/100EK113,02070643.JPG,M17\100EK113\02070643.JPG,02070643.JPG,5616905,2025-02-07 17:18:48,moved
CT20,M17/100EK113,02070644.JPG,M17\100EK113\02070644.JPG,02070644.JPG,5522176,2025-02-07 17:18:50,moved
CT20,M17/100EK113,02070646.JPG,M17\100EK113\02070646.JPG,02070646.JPG,5500609,2025-02-07 17:20:02,moved
CT20,M17/100EK113,02070647.JPG,M17\100EK113\02070647.JPG,02070647.JPG,5541903,2025-02-07 17:20:04,moved
CT20,M17/100EK113,02070649.JPG,M17\100EK113\02070649.JPG,02070649.JPG,5503739,2025-02-07 17:21:10,moved
CT20,M17/100EK113,02070650.JPG,M17\100EK113\02070650.JPG,02070650.JPG,5542086,2025-02-07 17:21:10,moved
CT20,M17/100EK113,02070652.JPG,M17\100EK113\02070652.JPG,02070652.JPG,5505847,2025-02-07 17:21:36,moved
CT20,M17/100EK113,02070653.JPG,M17\100EK113\02070653.JPG,02070653.JPG,5550645,2025-02-07 17:21:38,moved
CT20,M17/100EK113,02070655.JPG,M17\100EK113\02070655.JPG,02070655.JPG,5629749,2025-02-07 17:23:48,moved
CT20,M17/100EK113,02070656.JPG,M17\100EK113\02070656.JPG,02070656.JPG,5534738,2025-02-07 17:23:48,moved
CT20,M17/100EK113,02070658.JPG,M17\100EK113\02070658.JPG,02070658.JPG,5516401,2025-02-07 17:25:10,moved
CT20,M17/100EK113,02070659.JPG,M17\100EK113\02070659.JPG,02070659.JPG,5548241,2025-02-07 17:25:10,moved
CT20,M17/100EK113,02070661.JPG,M17\100EK113\02070661.JPG,02070661.JPG,5667670,2025-02-07 17:31:20,moved
CT20,M17/100EK113,02070662.JPG,M17\100EK113\02070662.JPG,02070662.JPG,5559939,2025-02-07 17:31:22,moved
CT20,M17/100EK113,02070664.JPG,M17\100EK113\02070664.JPG,02070664.JPG,5440655,2025-02-07 17:31:50,moved
CT20,M17/100EK113,02070665.JPG,M17\100EK113\02070665.JPG,02070665.JPG,5453682,2025-02-07 17:31:50,moved
CT20,M17/100EK113,02070667.JPG,M17\100EK113\02070667.JPG,02070667.JPG,5510713,2025-02-07 17:33:14,moved
CT20,M17/100EK113,02070668.JPG,M17\100EK113\02070668.JPG,02070668.JPG,5542708,2025-02-07 17:33:14,moved
CT20,M17/100EK113,02070670.JPG,M17\100EK113\02070670.JPG,02070670.JPG,5620179,2025-02-07 17:35:04,moved
CT20,M17/100EK113,02070671.JPG,M17\100EK113\02070671.JPG,02070671.JPG,5523312,2025-02-07 17:35:04,moved
CT20,M17/100EK113,02070673.JPG,M17\100EK113\02070673.JPG,02070673.JPG,5631905,2025-02-07 17:43:24,moved
CT20,M17/100EK113,02070674.JPG,M17\100EK113\02070674.JPG,02070674.JPG,5546964,2025-02-07 17:43:24,moved
CT20,M17/100EK113,02070676.JPG,M17\100EK113\02070676.JPG,02070676.JPG,5627133,2025-02-07 17:45:38,moved
CT20,M17/100EK113,02070677.JPG,M17\100EK113\02070677.JPG,02070677.JPG,5555108,2025-02-07 17:45:38,moved
CT20,M17/100EK113,02070679.JPG,M17\100EK113\02070679.JPG,02070679.JPG,5647440,2025-02-07 17:49:16,moved
CT20,M17/100EK113,02070680.JPG,M17\100EK113\02070680.JPG,02070680.JPG,5553474,2025-02-07 17:49:18,moved
CT20,M17/100EK113,02070682.JPG,M17\100EK113\02070682.JPG,02070682.JPG,5652085,2025-02-07 17:52:36,moved
CT20,M17/100EK113,02070683.JPG,M17\100EK113\02070683.JPG,02070683.JPG,5562688,2025-02-07 17:52:36,moved
CT20,M17/100EK113,02070685.JPG,M17\100EK113\02070685.JPG,02070685.JPG,5611892,2025-02-07 17:56:54,moved
CT20,M17/100EK113,02070686.JPG,M17\100EK113\02070686.JPG,02070686.JPG,5545192,2025-02-07 17:56:56,moved
CT20,M17/100EK113,02070688.JPG,M17\100EK113\02070688.JPG,02070688.JPG,5509070,2025-02-07 17:58:02,moved
CT20,M17/100EK113,02070689.JPG,M17\100EK113\02070689.JPG,02070689.JPG,5547474,2025-02-07 17:58:04,moved
CT20,M17/100EK113,02070691.JPG,M17\100EK113\02070691.JPG,02070691.JPG,5576556,2025-02-07 18:08:58,moved
CT20,M17/100EK113,02070692.JPG,M17\100EK113\02070692.JPG,02070692.JPG,5532949,2025-02-07 18:09:00,moved
CT20,M17/100EK113,02070694.JPG,M17\100EK113\02070694.JPG,02070694.JPG,5672737,2025-02-07 18:25:12,moved
CT20,M17/100EK113,02070695.JPG,M17\100EK113\02070695.JPG,02070695.JPG,5573460,2025-02-07 18:25:14,moved
CT20,M17/100EK113,02070697.JPG,M17\100EK113\02070697.JPG,02070697.JPG,5663550,2025-02-07 18:31:52,moved
CT20,M17/100EK113,02070698.JPG,M17\100EK113\02070698.JPG,02070698.JPG,5590919,2025-02-07 18:31:54,moved
CT20,M17/100EK113,02070700.JPG,M17\100EK113\02070700.JPG,02070700.JPG,5677200,2025-02-07 18:34:32,moved
CT20,M17/100EK113,02070701.JPG,M17\100EK113\02070701.JPG,02070701.JPG,5575747,2025-02-07 18:34:34,moved
CT20,M17/100EK113,02070703.JPG,M17\100EK113\02070703.JPG,02070703.JPG,5688456,2025-02-07 18:36:36,moved
CT20,M17/100EK113,02070704.JPG,M17\100EK113\02070704.JPG,02070704.JPG,5571323,2025-02-07 18:36:38,moved
CT20,M17/100EK113,02070706.JPG,M17\100EK113\02070706.JPG,02070706.JPG,5550002,2025-02-07 18:38:06,moved
CT20,M17/100EK113,02070707.JPG,M17\100EK113\02070707.JPG,02070707.JPG,5588188,2025-02-07 18:38:08,moved
CT20,M17/100EK113,02070709.JPG,M17\100EK113\02070709.JPG,02070709.JPG,5618760,2025-02-07 18:54:48,moved
CT20,M17/100EK113,02070710.JPG,M17\100EK113\02070710.JPG,02070710.JPG,5574465,2025-02-07 18:54:48,moved
CT20,M17/100EK113,02070712.JPG,M17\100EK113\02070712.JPG,02070712.JPG,5507716,2025-02-07 20:01:22,moved
CT20,M17/100EK113,02070713.JPG,M17\100EK113\02070713.JPG,02070713.JPG,5434116,2025-02-07 20:01:24,moved
CT20,M17/100EK113,02080715.JPG,M17\100EK113\02080715.JPG,02080715.JPG,5509426,2025-02-08 15:43:20,moved
CT20,M17/100EK113,02080716.JPG,M17\100EK113\02080716.JPG,02080716.JPG,5447591,2025-02-08 15:43:20,moved
CT20,M17/100EK113,02080718.JPG,M17\100EK113\02080718.JPG,02080718.JPG,5510981,2025-02-08 15:59:04,moved
CT20,M17/100EK113,02080719.JPG,M17\100EK113\02080719.JPG,02080719.JPG,5450759,2025-02-08 15:59:06,moved
CT20,M17/100EK113,02080721.JPG,M17\100EK113\02080721.JPG,02080721.JPG,5550789,2025-02-08 16:09:08,moved
CT20,M17/100EK113,02080722.JPG,M17\100EK113\02080722.JPG,02080722.JPG,5447091,2025-02-08 16:09:08,moved
CT20,M17/100EK113,02080724.JPG,M17\100EK113\02080724.JPG,02080724.JPG,5559510,2025-02-08 16:19:54,moved
CT20,M17/100EK113,02080725.JPG,M17\100EK113\02080725.JPG,02080725.JPG,5458130,2025-02-08 16:19:54,moved
CT20,M17/100EK113,02080727.JPG,M17\100EK113\02080727.JPG,02080727.JPG,5531334,2025-02-08 16:23:56,moved
CT20,M17/100EK113,02080728.JPG,M17\100EK113\02080728.JPG,02080728.JPG,5454413,2025-02-08 16:23:56,moved
CT20,M17/100EK113,02080730.JPG,M17\100EK113\02080730.JPG,02080730.JPG,5521840,2025-02-08 16:33:36,moved
CT20,M17/100EK113,02080731.JPG,M17\100EK113\02080731.JPG,02080731.JPG,5422240,2025-02-08 16:33:36,moved
CT20,M17/100EK113,02080733.JPG,M17\100EK113\02080733.JPG,02080733.JPG,5312693,2025-02-08 16:38:50,moved
CT20,M17/100EK113,02080734.JPG,M17\100EK113\02080734.JPG,02080734.JPG,5256447,2025-02-08 16:38:50,moved
CT20,M17/100EK113,02080736.JPG,M17\100EK113\02080736.JPG,02080736.JPG,5560716,2025-02-08 17:01:46,moved
CT20,M17/100EK113,02080737.JPG,M17\100EK113\02080737.JPG,02080737.JPG,5461321,2025-02-08 17:01:46,moved
CT20,M17/100EK113,02080739.JPG,M17\100EK113\02080739.JPG,02080739.JPG,5542211,2025-02-08 17:15:36,moved
CT20,M17/100EK113,02080740.JPG,M17\100EK113\02080740.JPG,02080740.JPG,5485013,2025-02-08 17:15:36,moved
CT20,M17/100EK113,02080742.JPG,M17\100EK113\02080742.JPG,02080742.JPG,5571157,2025-02-08 17:22:20,moved
CT20,M17/100EK113,02080743.JPG,M17\100EK113\02080743.JPG,02080743.JPG,5494292,2025-02-08 17:22:20,moved
CT20,M17/100EK113,02080745.JPG,M17\100EK113\02080745.JPG,02080745.JPG,5634806,2025-02-08 17:40:40,moved
CT20,M17/100EK113,02080746.JPG,M17\100EK113\02080746.JPG,02080746.JPG,5540409,2025-02-08 17:40:40,moved
CT20,M17/100EK113,02080748.JPG,M17\100EK113\02080748.JPG,02080748.JPG,5657567,2025-02-08 17:48:38,moved
CT20,M17/100EK113,02080749.JPG,M17\100EK113\02080749.JPG,02080749.JPG,5538486,2025-02-08 17:48:38,moved
CT20,M17/100EK113,02080751.JPG,M17\100EK113\02080751.JPG,02080751.JPG,5668092,2025-02-08 18:45:58,moved
CT20,M17/100EK113,02080752.JPG,M17\100EK113\02080752.JPG,02080752.JPG,5584343,2025-02-08 18:46:00,moved
CT20,M17/100EK113,02090754.JPG,M17\100EK113\02090754.JPG,02090754.JPG,5632316,2025-02-09 17:07:32,moved
CT20,M17/100EK113,02090755.JPG,M17\100EK113\02090755.JPG,02090755.JPG,5542543,2025-02-09 17:07:32,moved
CT20,M17/100EK113,02090757.JPG,M17\100EK113\02090757.JPG,02090757.JPG,5627420,2025-02-09 17:35:10,moved
CT20,M17/100EK113,02090758.JPG,M17\100EK113\02090758.JPG,02090758.JPG,5573127,2025-02-09 17:35:12,moved
CT20,M17/100EK113,02090760.JPG,M17\100EK113\02090760.JPG,02090760.JPG,5626218,2025-02-09 17:39:56,moved
CT20,M17/100EK113,02090761.JPG,M17\100EK113\02090761.JPG,02090761.JPG,5573133,2025-02-09 17:39:56,moved
CT20,M17/100EK113,02090763.JPG,M17\100EK113\02090763.JPG,02090763.JPG,5543826,2025-02-09 17:40:16,moved
CT20,M17/100EK113,02090764.JPG,M17\100EK113\02090764.JPG,02090764.JPG,5582837,2025-02-09 17:40:18,moved
CT20,M17/100EK113,02090766.JPG,M17\100EK113\02090766.JPG,02090766.JPG,5544213,2025-02-09 17:41:20,moved
CT20,M17/100EK113,02090767.JPG,M17\100EK113\02090767.JPG,02090767.JPG,5579284,2025-02-09 17:41:20,moved
CT20,M17/100EK113,02090769.JPG,M17\100EK113\02090769.JPG,02090769.JPG,5668990,2025-02-09 17:58:48,moved
CT20,M17/100EK113,02090770.JPG,M17\100EK113\02090770.JPG,02090770.JPG,5575809,2025-02-09 17:58:48,moved
CT20,M17/100EK113,02090772.JPG,M17\100EK113\02090772.JPG,02090772.JPG,5650227,2025-02-09 18:16:36,moved
CT20,M17/100EK113,02090773.JPG,M17\100EK113\02090773.JPG,02090773.JPG,5578268,2025-02-09 18:16:38,moved
CT20,M17/100EK113,02090775.JPG,M17\100EK113\02090775.JPG,02090775.JPG,5541424,2025-02-09 18:17:04,moved
CT20,M17/100EK113,02090776.JPG,M17\100EK113\02090776.JPG,02090776.JPG,5582970,2025-02-09 18:17:06,moved
CT20,M17/100EK113,02090778.JPG,M17\100EK113\02090778.JPG,02090778.JPG,5664622,2025-02-09 18:24:40,moved
CT20,M17/100EK113,02090779.JPG,M17\100EK113\02090779.JPG,02090779.JPG,5594036,2025-02-09 18:24:42,moved
CT20,M17/100EK113,02090781.JPG,M17\100EK113\02090781.JPG,02090781.JPG,5670223,2025-02-09 18:26:40,moved
CT20,M17/100EK113,02090782.JPG,M17\100EK113\02090782.JPG,02090782.JPG,5602277,2025-02-09 18:26:40,moved
CT20,M17/100EK113,02090784.JPG,M17\100EK113\02090784.JPG,02090784.JPG,5565667,2025-02-09 18:28:02,moved
CT20,M17/100EK113,02090785.JPG,M17\100EK113\02090785.JPG,02090785.JPG,5601555,2025-02-09 18:28:04,moved
CT20,M17/100EK113,02090787.JPG,M17\100EK113\02090787.JPG,02090787.JPG,5693892,2025-02-09 18:47:10,moved
CT20,M17/100EK113,02090788.JPG,M17\100EK113\02090788.JPG,02090788.JPG,5609733,2025-02-09 18:47:10,moved
CT20,M17/100EK113,02090790.JPG,M17\100EK113\02090790.JPG,02090790.JPG,5576029,2025-02-09 18:48:14,moved
CT20,M17/100EK113,02090791.JPG,M17\100EK113\02090791.JPG,02090791.JPG,5613387,2025-02-09 18:48:14,moved
CT20,M17/100EK113,02090793.JPG,M17\100EK113\02090793.JPG,02090793.JPG,5674105,2025-02-09 19:07:06,moved
CT20,M17/100EK113,02090794.JPG,M17\100EK113\02090794.JPG,02090794.JPG,5604593,2025-02-09 19:07:08,moved
CT20,M17/100EK113,02090796.JPG,M17\100EK113\02090796.JPG,02090796.JPG,5677214,2025-02-09 19:10:22,moved
CT20,M17/100EK113,02090797.JPG,M17\100EK113\02090797.JPG,02090797.JPG,5605844,2025-02-09 19:10:24,moved
CT20,M17/100EK113,02100799.JPG,M17\100EK113\02100799.JPG,02100799.JPG,5245922,2025-02-10 14:42:40,moved
CT20,M17/100EK113,02100800.JPG,M17\100EK113\02100800.JPG,02100800.JPG,5116904,2025-02-10 14:42:40,moved
CT20,M17/100EK113,02100802.JPG,M17\100EK113\02100802.JPG,02100802.JPG,5142830,2025-02-10 14:50:30,moved
CT20,M17/100EK113,02100803.JPG,M17\100EK113\02100803.JPG,02100803.JPG,5106159,2025-02-10 14:50:32,moved
CT20,M17/100EK113,02100805.JPG,M17\100EK113\02100805.JPG,02100805.JPG,5139315,2025-02-10 14:52:48,moved
CT20,M17/100EK113,02100806.JPG,M17\100EK113\02100806.JPG,02100806.JPG,5117154,2025-02-10 14:52:48,moved
CT20,M17/100EK113,02100808.JPG,M17\100EK113\02100808.JPG,02100808.JPG,5279263,2025-02-10 14:57:48,moved
CT20,M17/100EK113,02100809.JPG,M17\100EK113\02100809.JPG,02100809.JPG,5184557,2025-02-10 14:57:50,moved
CT20,M17/100EK113,02100811.JPG,M17\100EK113\02100811.JPG,02100811.JPG,5153567,2025-02-10 14:59:04,moved
CT20,M17/100EK113,02100812.JPG,M17\100EK113\02100812.JPG,02100812.JPG,5176733,2025-02-10 14:59:06,moved
CT20,M17/100EK113,02100814.JPG,M17\100EK113\02100814.JPG,02100814.JPG,5242585,2025-02-10 15:02:56,moved
CT20,M17/100EK113,02100815.JPG,M17\100EK113\02100815.JPG,02100815.JPG,5175857,2025-02-10 15:02:56,moved
CT20,M17/100EK113,02100817.JPG,M17\100EK113\02100817.JPG,02100817.JPG,5408884,2025-02-10 15:04:34,moved
CT20,M17/100EK113,02100818.JPG,M17\100EK113\02100818.JPG,02100818.JPG,5365341,2025-02-10 15:04:34,moved
CT20,M17/100EK113,02100820.JPG,M17\100EK113\02100820.JPG,02100820.JPG,5233966,2025-02-10 15:13:14,moved
CT20,M17/100EK113,02100821.JPG,M17\100EK113\02100821.JPG,02100821.JPG,5141989,2025-02-10 15:13:16,moved
CT20,M17/100EK113,02100823.JPG,M17\100EK113\02100823.JPG,02100823.JPG,5188982,2025-02-10 15:25:08,moved
CT20,M17/100EK113,02100824.JPG,M17\100EK113\02100824.JPG,02100824.JPG,5118016,2025-02-10 15:25:08,moved
CT20,M17/100EK113,02100826.JPG,M17\100EK113\02100826.JPG,02100826.JPG,5219471,2025-02-10 15:39:44,moved
CT20,M17/100EK113,02100827.JPG,M17\100EK113\02100827.JPG,02100827.JPG,5168044,2025-02-10 15:39:44,moved
CT20,M17/100EK113,02100829.JPG,M17\100EK113\02100829.JPG,02100829.JPG,5091334,2025-02-10 15:40:16,moved
CT20,M17/100EK113,02100830.JPG,M17\100EK113\02100830.JPG,02100830.JPG,5138986,2025-02-10 15:40:18,moved
CT20,M17/100EK113,02100832.JPG,M17\100EK113\02100832.JPG,02100832.JPG,5431435,2025-02-10 15:48:48,moved
CT20,M17/100EK113,02100833.JPG,M17\100EK113\02100833.JPG,02100833.JPG,5388634,2025-02-10 15:48:48,moved
CT20,M17/100EK113,02100835.JPG,M17\100EK113\02100835.JPG,02100835.JPG,5364173,2025-02-10 15:49:22,moved
CT20,M17/100EK113,02100836.JPG,M17\100EK113\02100836.JPG,02100836.JPG,5373807,2025-02-10 15:49:22,moved
CT20,M17/100EK113,02100838.JPG,M17\100EK113\02100838.JPG,02100838.JPG,5349393,2025-02-10 15:49:54,moved
CT20,M17/100EK113,02100839.JPG,M17\100EK113\02100839.JPG,02100839.JPG,5378868,2025-02-10 15:49:54,moved
CT20,M17/100EK113,02100841.JPG,M17\100EK113\02100841.JPG,02100841.JPG,5227404,2025-02-10 15:52:24,moved
CT20,M17/100EK113,02100842.JPG,M17\100EK113\02100842.JPG,02100842.JPG,5135864,2025-02-10 15:52:24,moved
CT20,M17/100EK113,02100844.JPG,M17\100EK113\02100844.JPG,02100844.JPG,5129820,2025-02-10 15:53:10,moved
CT20,M17/100EK113,02100845.JPG,M17\100EK113\02100845.JPG,02100845.JPG,5166896,2025-02-10 15:53:12,moved
CT20,M17/100EK113,02100847.JPG,M17\100EK113\02100847.JPG,02100847.JPG,5446890,2025-02-10 15:54:58,moved
CT20,M17/100EK113,02100848.JPG,M17\100EK113\02100848.JPG,02100848.JPG,5370720,2025-02-10 15:54:58,moved
CT20,M17/100EK113,02100850.JPG,M17\100EK113\02100850.JPG,02100850.JPG,5482821,2025-02-10 15:58:58,moved
CT20,M17/100EK113,02100851.JPG,M17\100EK113\02100851.JPG,02100851.JPG,5405135,2025-02-10 15:58:58,moved
CT20,M17/100EK113,02100853.JPG,M17\100EK113\02100853.JPG,02100853.JPG,5133245,2025-02-10 16:00:12,moved
CT20,M17/100EK113,02100854.JPG,M17\100EK113\02100854.JPG,02100854.JPG,5190737,2025-02-10 16:00:14,moved
CT20,M17/100EK113,02100856.JPG,M17\100EK113\02100856.JPG,02100856.JPG,5396945,2025-02-10 16:00:38,moved
CT20,M17/100EK113,02100857.JPG,M17\100EK113\02100857.JPG,02100857.JPG,5414781,2025-02-10 16:00:40,moved
CT20,M17/100EK113,02100859.JPG,M17\100EK113\02100859.JPG,02100859.JPG,5286436,2025-02-10 16:06:34,moved
CT20,M17/100EK113,02100860.JPG,M17\100EK113\02100860.JPG,02100860.JPG,5231691,2025-02-10 16:06:36,moved
CT20,M17/100EK113,02100862.JPG,M17\100EK113\02100862.JPG,02100862.JPG,5390717,2025-02-10 16:07:24,moved
CT20,M17/100EK113,02100863.JPG,M17\100EK113\02100863.JPG,02100863.JPG,5398689,2025-02-10 16:07:24,moved
CT20,M17/100EK113,02100865.JPG,M17\100EK113\02100865.JPG,02100865.JPG,5397725,2025-02-10 16:07:52,moved
CT20,M17/100EK113,02100866.JPG,M17\100EK113\02100866.JPG,02100866.JPG,5420880,2025-02-10 16:07:54,moved
CT20,M17/100EK113,02100868.JPG,M17\100EK113\02100868.JPG,02100868.JPG,5375508,2025-02-10 16:08:38,moved
CT20,M17/100EK113,02100869.JPG,M17\100EK113\02100869.JPG,02100869.JPG,5408777,2025-02-10 16:08:40,moved
CT20,M17/100EK113,02100871.JPG,M17\100EK113\02100871.JPG,02100871.JPG,5325322,2025-02-10 16:13:56,moved
CT20,M17/100EK113,02100872.JPG,M17\100EK113\02100872.JPG,02100872.JPG,5218468,2025-02-10 16:13:58,moved
CT20,M17/100EK113,02100874.JPG,M17\100EK113\02100874.JPG,02100874.JPG,5393734,2025-02-10 16:14:26,moved
CT20,M17/100EK113,02100875.JPG,M17\100EK113\02100875.JPG,02100875.JPG,5407976,2025-02-10 16:14:28,moved
CT20,M17/100EK113,02100877.JPG,M17\100EK113\02100877.JPG,02100877.JPG,5332656,2025-02-10 16:18:40,moved
CT20,M17/100EK113,02100878.JPG,M17\100EK113\02100878.JPG,02100878.JPG,5232822,2025-02-10 16:18:42,moved
CT20,M17/100EK113,02100880.JPG,M17\100EK113\02100880.JPG,02100880.JPG,5389902,2025-02-10 16:19:10,moved
CT20,M17/100EK113,02100881.JPG,M17\100EK113\02100881.JPG,02100881.JPG,5414021,2025-02-10 16:19:10,moved
CT20,M17/100EK113,02100883.JPG,M17\100EK113\02100883.JPG,02100883.JPG,5262405,2025-02-10 16:23:30,moved
CT20,M17/100EK113,02100884.JPG,M17\100EK113\02100884.JPG,02100884.JPG,5194916,2025-02-10 16:23:32,moved
CT20,M17/100EK113,02100886.JPG,M17\100EK113\02100886.JPG,02100886.JPG,5185505,2025-02-10 16:24:24,moved
CT20,M17/100EK113,02100887.JPG,M17\100EK113\02100887.JPG,02100887.JPG,5231068,2025-02-10 16:24:24,moved
CT20,M17/100EK113,02100889.JPG,M17\100EK113\02100889.JPG,02100889.JPG,5498806,2025-02-10 16:28:00,moved
CT20,M17/100EK113,02100890.JPG,M17\100EK113\02100890.JPG,02100890.JPG,5415950,2025-02-10 16:28:02,moved
CT20,M17/100EK113,02100892.JPG,M17\100EK113\02100892.JPG,02100892.JPG,5427779,2025-02-10 16:28:24,moved
CT20,M17/100EK113,02100893.JPG,M17\100EK113\02100893.JPG,02100893.JPG,5425081,2025-02-10 16:28:26,moved
CT20,M17/100EK113,02100895.JPG,M17\100EK113\02100895.JPG,02100895.JPG,5280530,2025-02-10 16:30:58,moved
CT20,M17/100EK113,02100896.JPG,M17\100EK113\02100896.JPG,02100896.JPG,5207699,2025-02-10 16:31:00,moved
CT20,M17/100EK113,02100898.JPG,M17\100EK113\02100898.JPG,02100898.JPG,5189123,2025-02-10 16:32:16,moved
CT20,M17/100EK113,02100899.JPG,M17\100EK113\02100899.JPG,02100899.JPG,5234010,2025-02-10 16:32:18,moved
CT20,M17/100EK113,02100901.JPG,M17\100EK113\02100901.JPG,02100901.JPG,5325980,2025-02-10 16:37:04,moved
CT20,M17/100EK113,02100902.JPG,M17\100EK113\02100902.JPG,02100902.JPG,5235486,2025-02-10 16:37:04,moved
CT20,M17/100EK113,02100904.JPG,M17\100EK113\02100904.JPG,02100904.JPG,5315876,2025-02-10 16:39:20,moved
CT20,M17/100EK113,02100905.JPG,M17\100EK113\02100905.JPG,02100905.JPG,5233246,2025-02-10 16:39:20,moved
CT20,M17/100EK113,02100907.JPG,M17\100EK113\02100907.JPG,02100907.JPG,5473439,2025-02-10 16:42:16,moved
CT20,M17/100EK113,02100908.JPG,M17\100EK113\02100908.JPG,02100908.JPG,5407143,2025-02-10 16:42:18,moved
CT20,M17/100EK113,02100910.JPG,M17\100EK113\02100910.JPG,02100910.JPG,5187924,2025-02-10 16:43:16,moved
CT20,M17/100EK113,02100911.JPG,M17\100EK113\02100911.JPG,02100911.JPG,5230518,2025-02-10 16:43:18,moved
CT20,M17/100EK113,02100913.JPG,M17\100EK113\02100913.JPG,02100913.JPG,5535263,2025-02-10 16:47:58,moved
CT20,M17/100EK113,02100914.JPG,M17\100EK113\02100914.JPG,02100914.JPG,5420856,2025-02-10 16:47:58,moved
CT20,M17/100EK113,02100916.JPG,M17\100EK113\02100916.JPG,02100916.JPG,5420308,2025-02-10 16:48:28,moved
CT20,M17/100EK113,02100917.JPG,M17\100EK113\02100917.JPG,02100917.JPG,5426668,2025-02-10 16:48:30,moved
CT20,M17/100EK113,02100919.JPG,M17\100EK113\02100919.JPG,02100919.JPG,5311257,2025-02-10 17:01:32,moved
CT20,M17/100EK113,02100920.JPG,M17\100EK113\02100920.JPG,02100920.JPG,5260947,2025-02-10 17:01:34,moved
CT20,M17/100EK113,02100922.JPG,M17\100EK113\02100922.JPG,02100922.JPG,5256480,2025-02-10 17:02:26,moved
CT20,M17/100EK113,02100923.JPG,M17\100EK113\02100923.JPG,02100923.JPG,5274981,2025-02-10 17:02:26,moved
CT20,M17/100EK113,02100925.JPG,M17\100EK113\02100925.JPG,02100925.JPG,5408322,2025-02-10 17:02:56,moved
CT20,M17/100EK113,02100926.JPG,M17\100EK113\02100926.JPG,02100926.JPG,5420434,2025-02-10 17:02:56,moved
CT20,M17/100EK113,02100928.JPG,M17\100EK113\02100928.JPG,02100928.JPG,5518061,2025-02-10 17:05:00,moved
CT20,M17/100EK113,02100929.JPG,M17\100EK113\02100929.JPG,02100929.JPG,5450843,2025-02-10 17:05:02,moved
CT20,M17/100EK113,02100931.JPG,M17\100EK113\02100931.JPG,02100931.JPG,5543323,2025-02-10 17:08:40,moved
CT20,M17/100EK113,02100932.JPG,M17\100EK113\02100932.JPG,02100932.JPG,5433639,2025-02-10 17:08:40,moved
CT20,M17/100EK113,02100934.JPG,M17\100EK113\02100934.JPG,02100934.JPG,5507930,2025-02-10 17:10:54,moved
CT20,M17/100EK113,02100935.JPG,M17\100EK113\02100935.JPG,02100935.JPG,5440542,2025-02-10 17:10:54,moved
CT20,M17/100EK113,02100937.JPG,M17\100EK113\02100937.JPG,02100937.JPG,5404597,2025-02-10 17:11:24,moved
CT20,M17/100EK113,02100938.JPG,M17\100EK113\02100938.JPG,02100938.JPG,5422842,2025-02-10 17:11:26,moved
CT20,M17/100EK113,02100940.JPG,M17\100EK113\02100940.JPG,02100940.JPG,5564808,2025-02-10 17:16:06,moved
CT20,M17/100EK113,02100941.JPG,M17\100EK113\02100941.JPG,02100941.JPG,5464847,2025-02-10 17:16:06,moved
CT20,M17/100EK113,02100943.JPG,M17\100EK113\02100943.JPG,02100943.JPG,5269613,2025-02-10 17:17:10,moved
CT20,M17/100EK113,02100944.JPG,M17\100EK113\02100944.JPG,02100944.JPG,5312606,2025-02-10 17:17:10,moved
CT20,M17/100EK113,02100946.JPG,M17\100EK113\02100946.JPG,02100946.JPG,5277255,2025-02-10 17:17:56,moved
CT20,M17/100EK113,02100947.JPG,M17\100EK113\02100947.JPG,02100947.JPG,5317854,2025-02-10 17:17:58,moved
CT20,M17/100EK113,02100949.JPG,M17\100EK113\02100949.JPG,02100949.JPG,5374174,2025-02-10 17:33:12,moved
CT20,M17/100EK113,02100950.JPG,M17\100EK113\02100950.JPG,02100950.JPG,5320768,2025-02-10 17:33:14,moved
CT20,M17/100EK113,02100952.JPG,M17\100EK113\02100952.JPG,02100952.JPG,5473914,2025-02-10 17:34:36,moved
CT20,M17/100EK113,02100953.JPG,M17\100EK113\02100953.JPG,02100953.JPG,5501980,2025-02-10 17:34:38,moved
CT20,M17/100EK113,02100955.JPG,M17\100EK113\02100955.JPG,02100955.JPG,5462137,2025-02-10 17:35:04,moved
CT20,M17/100EK113,02100956.JPG,M17\100EK113\02100956.JPG,02100956.JPG,5523438,2025-02-10 17:35:04,moved
CT20,M17/100EK113,02100958.JPG,M17\100EK113\02100958.JPG,02100958.JPG,5445111,2025-02-10 17:35:38,moved
CT20,M17/100EK113,02100959.JPG,M17\100EK113\02100959.JPG,02100959.JPG,5492477,2025-02-10 17:35:38,moved
CT20,M17/100EK113,02100961.JPG,M17\100EK113\02100961.JPG,02100961.JPG,5390603,2025-02-10 17:38:50,moved
CT20,M17/100EK113,02100962.JPG,M17\100EK113\02100962.JPG,02100962.JPG,5330151,2025-02-10 17:38:50,moved
CT20,M17/100EK113,02100964.JPG,M17\100EK113\02100964.JPG,02100964.JPG,5455319,2025-02-10 17:39:32,moved
CT20,M17/100EK113,02100965.JPG,M17\100EK113\02100965.JPG,02100965.JPG,5500263,2025-02-10 17:39:32,moved
CT20,M17/100EK113,02100967.JPG,M17\100EK113\02100967.JPG,02100967.JPG,5484330,2025-02-10 17:40:32,moved
CT20,M17/100EK113,02100968.JPG,M17\100EK113\02100968.JPG,02100968.JPG,5524450,2025-02-10 17:40:32,moved
CT20,M17/100EK113,02100970.JPG,M17\100EK113\02100970.JPG,02100970.JPG,5428003,2025-02-10 17:45:18,moved
CT20,M17/100EK113,02100971.JPG,M17\100EK113\02100971.JPG,02100971.JPG,5354067,2025-02-10 17:45:18,moved
CT20,M17/100EK113,02100973.JPG,M17\100EK113\02100973.JPG,02100973.JPG,5609275,2025-02-10 17:47:34,moved
CT20,M17/100EK113,02100974.JPG,M17\100EK113\02100974.JPG,02100974.JPG,5498445,2025-02-10 17:47:36,moved
CT20,M17/100EK113,02100976.JPG,M17\100EK113\02100976.JPG,02100976.JPG,5459459,2025-02-10 17:47:56,moved
CT20,M17/100EK113,02100977.JPG,M17\100EK113\02100977.JPG,02100977.JPG,5500155,2025-02-10 17:47:58,moved
CT20,M17/100EK113,02100979.JPG,M17\100EK113\02100979.JPG,02100979.JPG,5467291,2025-02-10 17:48:28,moved
CT20,M17/100EK113,02100980.JPG,M17\100EK113\02100980.JPG,02100980.JPG,5503964,2025-02-10 17:48:28,moved
CT20,M17/100EK113,02100982.JPG,M17\100EK113\02100982.JPG,02100982.JPG,5460455,2025-02-10 17:49:16,moved
CT20,M17/100EK113,02100983.JPG,M17\100EK113\02100983.JPG,02100983.JPG,5502348,2025-02-10 17:49:16,moved
CT20,M17/100EK113,02100985.JPG,M17\100EK113\02100985.JPG,02100985.JPG,5466310,2025-02-10 17:49:40,moved
CT20,M17/100EK113,02100986.JPG,M17\100EK113\02100986.JPG,02100986.JPG,5506041,2025-02-10 17:49:40,moved
CT20,M17/100EK113,02100988.JPG,M17\100EK113\02100988.JPG,02100988.JPG,5472313,2025-02-10 17:50:16,moved
CT20,M17/100EK113,02100989.JPG,M17\100EK113\02100989.JPG,02100989.JPG,5504395,2025-02-10 17:50:16,moved
CT20,M17/100EK113,02100991.JPG,M17\100EK113\02100991.JPG,02100991.JPG,5602375,2025-02-10 17:52:30,moved
CT20,M17/100EK113,02100992.JPG,M17\100EK113\02100992.JPG,02100992.JPG,5509859,2025-02-10 17:52:30,moved
CT20,M17/100EK113,02100994.JPG,M17\100EK113\02100994.JPG,02100994.JPG,5590199,2025-02-10 17:54:10,moved
CT20,M17/100EK113,02100995.JPG,M17\100EK113\02100995.JPG,02100995.JPG,5514463,2025-02-10 17:54:10,moved
CT20,M17/100EK113,02100997.JPG,M17\100EK113\02100997.JPG,02100997.JPG,5466716,2025-02-10 17:54:52,moved
CT20,M17/100EK113,02100998.JPG,M17\100EK113\02100998.JPG,02100998.JPG,5483449,2025-02-10 17:54:52,moved
CT20,M17/101EK113,02100001.JPG,M17\101EK113\02100001.JPG,02100001.JPG,5464976,2025-02-10 17:55:48,moved
CT20,M17/101EK113,02100002.JPG,M17\101EK113\02100002.JPG,02100002.JPG,5503277,2025-02-10 17:55:50,moved
CT20,M17/101EK113,02100004.JPG,M17\101EK113\02100004.JPG,02100004.JPG,5470730,2025-02-10 17:56:12,moved
CT20,M17/101EK113,02100005.JPG,M17\101EK113\02100005.JPG,02100005.JPG,5507172,2025-02-10 17:56:12,moved
CT20,M17/101EK113,02100007.JPG,M17\101EK113\02100007.JPG,02100007.JPG,5464750,2025-02-10 17:56:38,moved
CT20,M17/101EK113,02100008.JPG,M17\101EK113\02100008.JPG,02100008.JPG,5504603,2025-02-10 17:56:38,moved
CT20,M17/101EK113,02100010.JPG,M17\101EK113\02100010.JPG,02100010.JPG,5479827,2025-02-10 17:56:58,moved
CT20,M17/101EK113,02100011.JPG,M17\101EK113\02100011.JPG,02100011.JPG,5512367,2025-02-10 17:56:58,moved
CT20,M17/101EK113,02100013.JPG,M17\101EK113\02100013.JPG,02100013.JPG,5561169,2025-02-10 17:59:20,moved
CT20,M17/101EK113,02100014.JPG,M17\101EK113\02100014.JPG,02100014.JPG,5466851,2025-02-10 17:59:20,moved
CT20,M17/101EK113,02100016.JPG,M17\101EK113\02100016.JPG,02100016.JPG,5474707,2025-02-10 18:00:06,moved
CT20,M17/101EK113,02100017.JPG,M17\101EK113\02100017.JPG,02100017.JPG,5510349,2025-02-10 18:00:08,moved
CT20,M17/101EK113,02100019.JPG,M17\101EK113\02100019.JPG,02100019.JPG,5479822,2025-02-10 18:00:38,moved
CT20,M17/101EK113,02100020.JPG,M17\101EK113\02100020.JPG,02100020.JPG,5503023,2025-02-10 18:00:38,moved
CT20,M17/101EK113,02100022.JPG,M17\101EK113\02100022.JPG,02100022.JPG,5466160,2025-02-10 18:04:04,moved
CT20,M17/101EK113,02100023.JPG,M17\101EK113\02100023.JPG,02100023.JPG,5402853,2025-02-10 18:04:04,moved
CT20,M17/101EK113,02100025.JPG,M17\101EK113\02100025.JPG,02100025.JPG,5480446,2025-02-10 18:04:30,moved
CT20,M17/101EK113,02100026.JPG,M17\101EK113\02100026.JPG,02100026.JPG,5518429,2025-02-10 18:04:30,moved
CT20,M17/101EK113,02100028.JPG,M17\101EK113\02100028.JPG,02100028.JPG,5482590,2025-02-10 18:05:24,moved
CT20,M17/101EK113,02100029.JPG,M17\101EK113\02100029.JPG,02100029.JPG,5519229,2025-02-10 18:05:24,moved
CT20,M17/101EK113,02100031.JPG,M17\101EK113\02100031.JPG,02100031.JPG,5439805,2025-02-10 18:08:20,moved
CT20,M17/101EK113,02100032.JPG,M17\101EK113\02100032.JPG,02100032.JPG,5394823,2025-02-10 18:08:20,moved
CT20,M17/101EK113,02100034.JPG,M17\101EK113\02100034.JPG,02100034.JPG,5383054,2025-02-10 18:09:36,moved
CT20,M17/101EK113,02100035.JPG,M17\101EK113\02100035.JPG,02100035.JPG,5398703,2025-02-10 18:09:38,moved
CT20,M17/101EK113,02100037.JPG,M17\101EK113\02100037.JPG,02100037.JPG,5487251,2025-02-10 18:10:10,moved
CT20,M17/101EK113,02100038.JPG,M17\101EK113\02100038.JPG,02100038.JPG,5516277,2025-02-10 18:10:12,moved
CT20,M17/101EK113,02100040.JPG,M17\101EK113\02100040.JPG,02100040.JPG,5480873,2025-02-10 18:10:32,moved
CT20,M17/101EK113,02100041.JPG,M17\101EK113\02100041.JPG,02100041.JPG,5522921,2025-02-10 18:10:32,moved
CT20,M17/101EK113,02100043.JPG,M17\101EK113\02100043.JPG,02100043.JPG,5445171,2025-02-10 18:15:34,moved
CT20,M17/101EK113,02100044.JPG,M17\101EK113\02100044.JPG,02100044.JPG,5386624,2025-02-10 18:15:36,moved
CT20,M17/101EK113,02100046.JPG,M17\101EK113\02100046.JPG,02100046.JPG,5491197,2025-02-10 18:17:02,moved
CT20,M17/101EK113,02100047.JPG,M17\101EK113\02100047.JPG,02100047.JPG,5518768,2025-02-10 18:17:02,moved
CT20,M17/101EK113,02100049.JPG,M17\101EK113\02100049.JPG,02100049.JPG,5382800,2025-02-10 18:17:54,moved
CT20,M17/101EK113,02100050.JPG,M17\101EK113\02100050.JPG,02100050.JPG,5415138,2025-02-10 18:17:54,moved
CT20,M17/101EK113,02100052.JPG,M17\101EK113\02100052.JPG,02100052.JPG,5494997,2025-02-10 18:21:18,moved
CT20,M17/101EK113,02100053.JPG,M17\101EK113\02100053.JPG,02100053.JPG,5415793,2025-02-10 18:21:18,moved
CT20,M17/101EK113,02100055.JPG,M17\101EK113\02100055.JPG,02100055.JPG,5597348,2025-02-10 18:27:32,moved
CT20,M17/101EK113,02100056.JPG,M17\101EK113\02100056.JPG,02100056.JPG,5506945,2025-02-10 18:27:34,moved
CT20,M17/101EK113,02100058.JPG,M17\101EK113\02100058.JPG,02100058.JPG,5496338,2025-02-10 18:28:02,moved
CT20,M17/101EK113,02100059.JPG,M17\101EK113\02100059.JPG,02100059.JPG,5537844,2025-02-10 18:28:02,moved
CT20,M17/101EK113,02100061.JPG,M17\101EK113\02100061.JPG,02100061.JPG,5433283,2025-02-10 18:29:04,moved
CT20,M17/101EK113,02100062.JPG,M17\101EK113\02100062.JPG,02100062.JPG,5447356,2025-02-10 18:29:04,moved
CT20,M17/101EK113,02100064.JPG,M17\101EK113\02100064.JPG,02100064.JPG,5454840,2025-02-10 18:29:30,moved
CT20,M17/101EK113,02100065.JPG,M17\101EK113\02100065.JPG,02100065.JPG,5523081,2025-02-10 18:29:30,moved
CT20,M17/101EK113,02100067.JPG,M17\101EK113\02100067.JPG,02100067.JPG,5499129,2025-02-10 18:30:00,moved
CT20,M17/101EK113,02100068.JPG,M17\101EK113\02100068.JPG,02100068.JPG,5536877,2025-02-10 18:30:00,moved
CT20,M17/101EK113,02100070.JPG,M17\101EK113\02100070.JPG,02100070.JPG,5499935,2025-02-10 18:30:40,moved
CT20,M17/101EK113,02100071.JPG,M17\101EK113\02100071.JPG,02100071.JPG,5544246,2025-02-10 18:30:40,moved
CT20,M17/101EK113,02100073.JPG,M17\101EK113\02100073.JPG,02100073.JPG,5653556,2025-02-10 18:32:56,moved
CT20,M17/101EK113,02100074.JPG,M17\101EK113\02100074.JPG,02100074.JPG,5553574,2025-02-10 18:32:56,moved
CT20,M17/101EK113,02100076.JPG,M17\101EK113\02100076.JPG,02100076.JPG,5504316,2025-02-10 18:34:04,moved
CT20,M17/101EK113,02100077.JPG,M17\101EK113\02100077.JPG,02100077.JPG,5534641,2025-02-10 18:34:04,moved
CT20,M17/101EK113,02100079.JPG,M17\101EK113\02100079.JPG,02100079.JPG,5510195,2025-02-10 18:34:58,moved
CT20,M17/101EK113,02100080.JPG,M17\101EK113\02100080.JPG,02100080.JPG,5539846,2025-02-10 18:34:58,moved
CT20,M17/101EK113,02100082.JPG,M17\101EK113\02100082.JPG,02100082.JPG,5509351,2025-02-10 18:36:32,moved
CT20,M17/101EK113,02100083.JPG,M17\101EK113\02100083.JPG,02100083.JPG,5540573,2025-02-10 18:36:34,moved
CT20,M17/101EK113,02100085.JPG,M17\101EK113\02100085.JPG,02100085.JPG,5515886,2025-02-10 18:38:26,moved
CT20,M17/101EK113,02100086.JPG,M17\101EK113\02100086.JPG,02100086.JPG,5447700,2025-02-10 18:38:28,moved
CT20,M17/101EK113,02100088.JPG,M17\101EK113\02100088.JPG,02100088.JPG,5594971,2025-02-10 18:41:30,moved
CT20,M17/101EK113,02100089.JPG,M17\101EK113\02100089.JPG,02100089.JPG,5473191,2025-02-10 18:41:32,moved
CT20,M17/101EK113,02100091.JPG,M17\101EK113\02100091.JPG,02100091.JPG,5518627,2025-02-10 18:41:52,moved
CT20,M17/101EK113,02100092.JPG,M17\101EK113\02100092.JPG,02100092.JPG,5551587,2025-02-10 18:41:52,moved
CT20,M17/101EK113,02100094.JPG,M17\101EK113\02100094.JPG,02100094.JPG,5577442,2025-02-10 18:44:28,moved
CT20,M17/101EK113,02100095.JPG,M17\101EK113\02100095.JPG,02100095.JPG,5469660,2025-02-10 18:44:30,moved
CT20,M17/101EK113,02100097.JPG,M17\101EK113\02100097.JPG,02100097.JPG,5441461,2025-02-10 18:45:40,moved
CT20,M17/101EK113,02100098.JPG,M17\101EK113\02100098.JPG,02100098.JPG,5477816,2025-02-10 18:45:42,moved
CT20,M17/101EK113,02100100.JPG,M17\101EK113\02100100.JPG,02100100.JPG,5385043,2025-02-10 18:46:44,moved
CT20,M17/101EK113,02100101.JPG,M17\101EK113\02100101.JPG,02100101.JPG,5406522,2025-02-10 18:46:44,moved
CT20,M17/101EK113,02100103.JPG,M17\101EK113\02100103.JPG,02100103.JPG,5526858,2025-02-10 18:47:08,moved
CT20,M17/101EK113,02100104.JPG,M17\101EK113\02100104.JPG,02100104.JPG,5562475,2025-02-10 18:47:08,moved
CT20,M17/101EK113,02100106.JPG,M17\101EK113\02100106.JPG,02100106.JPG,5537856,2025-02-10 18:55:40,moved
CT20,M17/101EK113,02100107.JPG,M17\101EK113\02100107.JPG,02100107.JPG,5484329,2025-02-10 18:55:40,moved
CT20,M17/101EK113,02100109.JPG,M17\101EK113\02100109.JPG,02100109.JPG,5549643,2025-02-10 18:57:38,moved
CT20,M17/101EK113,02100110.JPG,M17\101EK113\02100110.JPG,02100110.JPG,5456195,2025-02-10 18:57:38,moved
CT20,M17/101EK113,02100112.JPG,M17\101EK113\02100112.JPG,02100112.JPG,5559535,2025-02-10 19:03:46,moved
CT20,M17/101EK113,02100113.JPG,M17\101EK113\02100113.JPG,02100113.JPG,5484049,2025-02-10 19:03:48,moved
CT20,M17/101EK113,02100115.JPG,M17\101EK113\02100115.JPG,02100115.JPG,5502341,2025-02-10 19:04:18,moved
CT20,M17/101EK113,02100116.JPG,M17\101EK113\02100116.JPG,02100116.JPG,5516536,2025-02-10 19:04:18,moved
CT20,M17/101EK113,02100118.JPG,M17\101EK113\02100118.JPG,02100118.JPG,5498042,2025-02-10 19:05:20,moved
CT20,M17/101EK113,02100119.JPG,M17\101EK113\02100119.JPG,02100119.JPG,5551181,2025-02-10 19:05:22,moved
CT20,M17/101EK113,02100121.JPG,M17\101EK113\02100121.JPG,02100121.JPG,5634634,2025-02-10 19:08:02,moved
CT20,M17/101EK113,02100122.JPG,M17\101EK113\02100122.JPG,02100122.JPG,5539245,2025-02-10 19:08:04,moved
CT20,M17/101EK113,02100124.JPG,M17\101EK113\02100124.JPG,02100124.JPG,5509615,2025-02-10 19:10:04,moved
CT20,M17/101EK113,02100125.JPG,M17\101EK113\02100125.JPG,02100125.JPG,5414112,2025-02-10 19:10:04,moved
CT20,M17/101EK113,02100127.JPG,M17\101EK113\02100127.JPG,02100127.JPG,5424146,2025-02-10 19:11:42,moved
CT20,M17/101EK113,02100128.JPG,M17\101EK113\02100128.JPG,02100128.JPG,5439134,2025-02-10 19:11:44,moved
CT20,M17/101EK113,02100130.JPG,M17\101EK113\02100130.JPG,02100130.JPG,5529319,2025-02-10 19:14:26,moved
CT20,M17/101EK113,02100131.JPG,M17\101EK113\02100131.JPG,02100131.JPG,5455938,2025-02-10 19:14:26,moved
CT20,M17/101EK113,02100133.JPG,M17\101EK113\02100133.JPG,02100133.JPG,5644826,2025-02-10 19:16:52,moved
CT20,M17/101EK113,02100134.JPG,M17\101EK113\02100134.JPG,02100134.JPG,5550642,2025-02-10 19:16:52,moved
CT20,M17/101EK113,02100136.JPG,M17\101EK113\02100136.JPG,02100136.JPG,5534834,2025-02-10 19:19:16,moved
CT20,M17/101EK113,02100137.JPG,M17\101EK113\02100137.JPG,02100137.JPG,5440176,2025-02-10 19:19:16,moved
CT20,M17/101EK113,02100139.JPG,M17\101EK113\02100139.JPG,02100139.JPG,5513153,2025-02-10 19:19:36,moved
CT20,M17/101EK113,02100140.JPG,M17\101EK113\02100140.JPG,02100140.JPG,5549339,2025-02-10 19:19:38,moved
CT20,M17/101EK113,02100142.JPG,M17\101EK113\02100142.JPG,02100142.JPG,5620910,2025-02-10 19:28:32,moved
CT20,M17/101EK113,02100143.JPG,M17\101EK113\02100143.JPG,02100143.JPG,5544459,2025-02-10 19:28:34,moved
CT20,M17/101EK113,02100145.JPG,M17\101EK113\02100145.JPG,02100145.JPG,5460803,2025-02-10 19:29:08,moved
CT20,M17/101EK113,02100146.JPG,M17\101EK113\02100146.JPG,02100146.JPG,5494566,2025-02-10 19:29:10,moved
CT20,M17/101EK113,02100148.JPG,M17\101EK113\02100148.JPG,02100148.JPG,5599949,2025-02-10 19:37:30,moved
CT20,M17/101EK113,02100149.JPG,M17\101EK113\02100149.JPG,02100149.JPG,5527510,2025-02-10 19:37:32,moved
CT20,M17/101EK113,02100151.JPG,M17\101EK113\02100151.JPG,02100151.JPG,5553754,2025-02-10 19:40:58,moved
CT20,M17/101EK113,02100152.JPG,M17\101EK113\02100152.JPG,02100152.JPG,5448291,2025-02-10 19:41:00,moved
CT20,M17/101EK113,02100154.JPG,M17\101EK113\02100154.JPG,02100154.JPG,5575916,2025-02-10 20:10:30,moved
CT20,M17/101EK113,02100155.JPG,M17\101EK113\02100155.JPG,02100155.JPG,5483767,2025-02-10 20:10:30,moved
CT20,M17/101EK113,02100157.JPG,M17\101EK113\02100157.JPG,02100157.JPG,5576425,2025-02-10 20:35:56,moved
CT20,M17/101EK113,02100158.JPG,M17\101EK113\02100158.JPG,02100158.JPG,5453519,2025-02-10 20:35:56,moved
CT20,M17/101EK113,02110160.JPG,M17\101EK113\02110160.JPG,02110160.JPG,5441050,2025-02-11 15:08:02,moved
CT20,M17/101EK113,02110161.JPG,M17\101EK113\02110161.JPG,02110161.JPG,5375116,2025-02-11 15:08:02,moved
CT20,M17/101EK113,02110163.JPG,M17\101EK113\02110163.JPG,02110163.JPG,5455345,2025-02-11 15:14:38,moved
CT20,M17/101EK113,02110164.JPG,M17\101EK113\02110164.JPG,02110164.JPG,5388683,2025-02-11 15:14:38,moved
CT20,M17/101EK113,02110166.JPG,M17\101EK113\02110166.JPG,02110166.JPG,5179029,2025-02-11 15:16:20,moved
CT20,M17/101EK113,02110167.JPG,M17\101EK113\02110167.JPG,02110167.JPG,5133408,2025-02-11 15:16:20,moved
CT20,M17/101EK113,02110169.JPG,M17\101EK113\02110169.JPG,02110169.JPG,5063031,2025-02-11 15:16:54,moved
CT20,M17/101EK113,02110170.JPG,M17\101EK113\02110170.JPG,02110170.JPG,5087235,2025-02-11 15:16:54,moved
CT20,M17/101EK113,02110172.JPG,M17\101EK113\02110172.JPG,02110172.JPG,5139126,2025-02-11 15:26:10,moved
CT20,M17/101EK113,02110173.JPG,M17\101EK113\02110173.JPG,02110173.JPG,5091671,2025-02-11 15:26:12,moved
CT20,M17/101EK113,02110175.JPG,M17\101EK113\02110175.JPG,02110175.JPG,5242039,2025-02-11 15:29:50,moved
CT20,M17/101EK113,02110176.JPG,M17\101EK113\02110176.JPG,02110176.JPG,5151729,2025-02-11 15:29:50,moved
CT20,M17/101EK113,02110178.JPG,M17\101EK113\02110178.JPG,02110178.JPG,5254496,2025-02-11 15:44:22,moved
CT20,M17/101EK113,02110179.JPG,M17\101EK113\02110179.JPG,02110179.JPG,5186202,2025-02-11 15:44:22,moved
CT20,M17/101EK113,02110181.JPG,M17\101EK113\02110181.JPG,02110181.JPG,5494834,2025-02-11 15:53:58,moved
CT20,M17/101EK113,02110182.JPG,M17\101EK113\02110182.JPG,02110182.JPG,5421743,2025-02-11 15:54:00,moved
CT20,M17/101EK113,02110184.JPG,M17\101EK113\02110184.JPG,02110184.JPG,5288739,2025-02-11 16:03:44,moved
CT20,M17/101EK113,02110185.JPG,M17\101EK113\02110185.JPG,02110185.JPG,5197918,2025-02-11 16:03:46,moved
CT20,M17/101EK113,02110187.JPG,M17\101EK113\02110187.JPG,02110187.JPG,5250513,2025-02-11 16:16:00,moved
CT20,M17/101EK113,02110188.JPG,M17\101EK113\02110188.JPG,02110188.JPG,5209022,2025-02-11 16:16:00,moved
CT20,M17/101EK113,02110190.JPG,M17\101EK113\02110190.JPG,02110190.JPG,5336734,2025-02-11 16:25:02,moved
CT20,M17/101EK113,02110191.JPG,M17\101EK113\02110191.JPG,02110191.JPG,5281974,2025-02-11 16:25:04,moved
CT20,M17/101EK113,02110193.JPG,M17\101EK113\02110193.JPG,02110193.JPG,5524956,2025-02-11 16:28:22,moved
CT20,M17/101EK113,02110194.JPG,M17\101EK113\02110194.JPG,02110194.JPG,5437634,2025-02-11 16:28:24,moved
CT20,M17/101EK113,02110196.JPG,M17\101EK113\02110196.JPG,02110196.JPG,5244484,2025-02-11 16:29:50,moved
CT20,M17/101EK113,02110197.JPG,M17\101EK113\02110197.JPG,02110197.JPG,5202602,2025-02-11 16:29:50,moved
CT20,M17/101EK113,02110199.JPG,M17\101EK113\02110199.JPG,02110199.JPG,5371518,2025-02-11 16:30:46,moved
CT20,M17/101EK113,02110200.JPG,M17\101EK113\02110200.JPG,02110200.JPG,5409285,2025-02-11 16:30:48,moved
CT20,M17/101EK113,02110202.JPG,M17\101EK113\02110202.JPG,02110202.JPG,5290212,2025-02-11 16:38:58,moved
CT20,M17/101EK113,02110203.JPG,M17\101EK113\02110203.JPG,02110203.JPG,5202361,2025-02-11 16:39:00,moved
CT20,M17/101EK113,02110205.JPG,M17\101EK113\02110205.JPG,02110205.JPG,5508472,2025-02-11 16:46:58,moved
CT20,M17/101EK113,02110206.JPG,M17\101EK113\02110206.JPG,02110206.JPG,5403490,2025-02-11 16:47:00,moved
CT20,M17/101EK113,02110208.JPG,M17\101EK113\02110208.JPG,02110208.JPG,5177257,2025-02-11 16:47:54,moved
CT20,M17/101EK113,02110209.JPG,M17\101EK113\02110209.JPG,02110209.JPG,5210686,2025-02-11 16:47:54,moved
CT20,M17/101EK113,02110211.JPG,M17\101EK113\02110211.JPG,02110211.JPG,5530917,2025-02-11 16:54:26,moved
CT20,M17/101EK113,02110212.JPG,M17\101EK113\02110212.JPG,02110212.JPG,5445643,2025-02-11 16:54:26,moved
CT20,M17/101EK113,02110214.JPG,M17\101EK113\02110214.JPG,02110214.JPG,5454650,2025-02-11 16:57:10,moved
CT20,M17/101EK113,02110215.JPG,M17\101EK113\02110215.JPG,02110215.JPG,5413026,2025-02-11 16:57:10,moved
CT20,M17/101EK113,02110217.JPG,M17\101EK113\02110217.JPG,02110217.JPG,5423260,2025-02-11 17:01:02,moved
CT20,M17/101EK113,02110218.JPG,M17\101EK113\02110218.JPG,02110218.JPG,5346856,2025-02-11 17:01:04,moved
CT20,M17/101EK113,02110220.JPG,M17\101EK113\02110220.JPG,02110220.JPG,5601296,2025-02-11 17:20:36,moved
CT20,M17/101EK113,02110221.JPG,M17\101EK113\02110221.JPG,02110221.JPG,5504525,2025-02-11 17:20:36,moved
CT20,M17/101EK113,02110223.JPG,M17\101EK113\02110223.JPG,02110223.JPG,5443921,2025-02-11 17:37:28,moved
CT20,M17/101EK113,02110224.JPG,M17\101EK113\02110224.JPG,02110224.JPG,5368447,2025-02-11 17:37:30,moved
CT20,M17/101EK113,02110226.JPG,M17\101EK113\02110226.JPG,02110226.JPG,5490495,2025-02-11 17:42:00,moved
CT20,M17/101EK113,02110227.JPG,M17\101EK113\02110227.JPG,02110227.JPG,5416891,2025-02-11 17:42:02,moved
CT20,M17/101EK113,02110229.JPG,M17\101EK113\02110229.JPG,02110229.JPG,5381470,2025-02-11 17:43:50,moved
CT20,M17/101EK113,02110230.JPG,M17\101EK113\02110230.JPG,02110230.JPG,5291164,2025-02-11 17:43:50,moved
CT20,M17/101EK113,02110232.JPG,M17\101EK113\02110232.JPG,02110232.JPG,5453260,2025-02-11 17:46:38,moved
CT20,M17/101EK113,02110233.JPG,M17\101EK113\02110233.JPG,02110233.JPG,5366560,2025-02-11 17:46:38,moved
CT20,M17/101EK113,02110235.JPG,M17\101EK113\02110235.JPG,02110235.JPG,5476233,2025-02-11 17:48:40,moved
CT20,M17/101EK113,02110236.JPG,M17\101EK113\02110236.JPG,02110236.JPG,5414896,2025-02-11 17:48:40,moved
CT20,M17/101EK113,02110238.JPG,M17\101EK113\02110238.JPG,02110238.JPG,5592301,2025-02-11 17:50:56,moved
CT20,M17/101EK113,02110239.JPG,M17\101EK113\02110239.JPG,02110239.JPG,5490275,2025-02-11 17:50:56,moved
CT20,M17/101EK113,02110241.JPG,M17\101EK113\02110241.JPG,02110241.JPG,5479350,2025-02-11 17:53:16,moved
CT20,M17/101EK113,02110242.JPG,M17\101EK113\02110242.JPG,02110242.JPG,5407157,2025-02-11 17:53:18,moved
CT20,M17/101EK113,02110244.JPG,M17\101EK113\02110244.JPG,02110244.JPG,5621620,2025-02-11 18:01:22,moved
CT20,M17/101EK113,02110245.JPG,M17\101EK113\02110245.JPG,02110245.JPG,5515217,2025-02-11 18:01:22,moved
CT20,M17/101EK113,02110247.JPG,M17\101EK113\02110247.JPG,02110247.JPG,5476897,2025-02-11 18:25:28,moved
CT20,M17/101EK113,02110248.JPG,M17\101EK113\02110248.JPG,02110248.JPG,5410199,2025-02-11 18:25:28,moved
CT20,M17/101EK113,02110250.JPG,M17\101EK113\02110250.JPG,02110250.JPG,5409148,2025-02-11 18:26:52,moved
CT20,M17/101EK113,02110251.JPG,M17\101EK113\02110251.JPG,02110251.JPG,5429609,2025-02-11 18:26:54,moved
CT20,M17/101EK113,02110253.JPG,M17\101EK113\02110253.JPG,02110253.JPG,5498867,2025-02-11 18:27:16,moved
CT20,M17/101EK113,02110254.JPG,M17\101EK113\02110254.JPG,02110254.JPG,5519305,2025-02-11 18:27:18,moved
CT20,M17/101EK113,02110256.JPG,M17\101EK113\02110256.JPG,02110256.JPG,5514977,2025-02-11 18:29:26,moved
CT20,M17/101EK113,02110257.JPG,M17\101EK113\02110257.JPG,02110257.JPG,5434031,2025-02-11 18:29:28,moved
CT20,M17/101EK113,02110259.JPG,M17\101EK113\02110259.JPG,02110259.JPG,5530730,2025-02-11 18:41:12,moved
CT20,M17/101EK113,02110260.JPG,M17\101EK113\02110260.JPG,02110260.JPG,5459501,2025-02-11 18:41:12,moved
CT20,M17/101EK113,02110262.JPG,M17\101EK113\02110262.JPG,02110262.JPG,5604138,2025-02-11 18:47:46,moved
CT20,M17/101EK113,02110263.JPG,M17\101EK113\02110263.JPG,02110263.JPG,5519204,2025-02-11 18:47:46,moved
CT20,M17/101EK113,02110265.JPG,M17\101EK113\02110265.JPG,02110265.JPG,5658248,2025-02-11 19:02:58,moved
CT20,M17/101EK113,02110266.JPG,M17\101EK113\02110266.JPG,02110266.JPG,5554652,2025-02-11 19:03:00,moved
CT20,M17/101EK113,02110268.JPG,M17\101EK113\02110268.JPG,02110268.JPG,5589107,2025-02-11 19:05:12,moved
CT20,M17/101EK113,02110269.JPG,M17\101EK113\02110269.JPG,02110269.JPG,5479894,2025-02-11 19:05:14,moved
CT20,M17/101EK113,02110271.JPG,M17\101EK113\02110271.JPG,02110271.JPG,5619872,2025-02-11 19:11:00,moved
CT20,M17/101EK113,02110272.JPG,M17\101EK113\02110272.JPG,02110272.JPG,5545246,2025-02-11 19:11:00,moved
CT20,M17/101EK113,02110274.JPG,M17\101EK113\02110274.JPG,02110274.JPG,5558351,2025-02-11 19:12:52,moved
CT20,M17/101EK113,02110275.JPG,M17\101EK113\02110275.JPG,02110275.JPG,5459558,2025-02-11 19:12:52,moved
CT20,M17/101EK113,02110277.JPG,M17\101EK113\02110277.JPG,02110277.JPG,5509705,2025-02-11 19:13:28,moved
CT20,M17/101EK113,02110278.JPG,M17\101EK113\02110278.JPG,02110278.JPG,5540060,2025-02-11 19:13:28,moved
CT20,M17/101EK113,02110280.JPG,M17\101EK113\02110280.JPG,02110280.JPG,5557277,2025-02-11 19:29:50,moved
CT20,M17/101EK113,02110281.JPG,M17\101EK113\02110281.JPG,02110281.JPG,5462875,2025-02-11 19:29:52,moved
CT20,M17/101EK113,02110283.JPG,M17\101EK113\02110283.JPG,02110283.JPG,5530541,2025-02-11 19:37:22,moved
CT20,M17/101EK113,02110284.JPG,M17\101EK113\02110284.JPG,02110284.JPG,5430180,2025-02-11 19:37:24,moved
CT20,M17/101EK113,02110286.JPG,M17\101EK113\02110286.JPG,02110286.JPG,5532477,2025-02-11 19:39:58,moved
CT20,M17/101EK113,02110287.JPG,M17\101EK113\02110287.JPG,02110287.JPG,5439795,2025-02-11 19:40:00,moved
CT20,M17/101EK113,02110289.JPG,M17\101EK113\02110289.JPG,02110289.JPG,5514469,2025-02-11 20:04:50,moved
CT20,M17/101EK113,02110290.JPG,M17\101EK113\02110290.JPG,02110290.JPG,5466286,2025-02-11 20:04:52,moved
CT20,M17/101EK113,02110292.JPG,M17\101EK113\02110292.JPG,02110292.JPG,5547247,2025-02-11 20:09:44,moved
CT20,M17/101EK113,02110293.JPG,M17\101EK113\02110293.JPG,02110293.JPG,5471862,2025-02-11 20:09:46,moved
CT20,M17/101EK113,02110295.JPG,M17\101EK113\02110295.JPG,02110295.JPG,5576399,2025-02-11 20:13:28,moved
CT20,M17/101EK113,02110296.JPG,M17\101EK113\02110296.JPG,02110296.JPG,5484147,2025-02-11 20:13:28,moved
CT20,M17/101EK113,02120298.JPG,M17\101EK113\02120298.JPG,02120298.JPG,5516026,2025-02-12 15:50:56,moved
CT20,M17/101EK113,02120299.JPG,M17\101EK113\02120299.JPG,02120299.JPG,5437536,2025-02-12 15:50:56,moved
CT20,M17/101EK113,02120301.JPG,M17\101EK113\02120301.JPG,02120301.JPG,5549751,2025-02-12 15:57:44,moved
CT20,M17/101EK113,02120302.JPG,M17\101EK113\02120302.JPG,02120302.JPG,5454815,2025-02-12 15:57:44,moved
CT20,M17/101EK113,02120304.JPG,M17\101EK113\02120304.JPG,02120304.JPG,5374474,2025-02-12 16:36:02,moved
CT20,M17/101EK113,02120305.JPG,M17\101EK113\02120305.JPG,02120305.JPG,5292410,2025-02-12 16:36:04,moved
CT20,M17/101EK113,02120307.JPG,M17\101EK113\02120307.JPG,02120307.JPG,5387167,2025-02-12 16:45:00,moved
CT20,M17/101EK113,02120308.JPG,M17\101EK113\02120308.JPG,02120308.JPG,5295488,2025-02-12 16:45:00,moved
CT20,M17/101EK113,02120310.JPG,M17\101EK113\02120310.JPG,02120310.JPG,5393373,2025-02-12 16:56:48,moved
CT20,M17/101EK113,02120311.JPG,M17\101EK113\02120311.JPG,02120311.JPG,5330441,2025-02-12 16:56:48,moved
CT20,M17/101EK113,02120313.JPG,M17\101EK113\02120313.JPG,02120313.JPG,5500152,2025-02-12 17:47:56,moved
CT20,M17/101EK113,02120314.JPG,M17\101EK113\02120314.JPG,02120314.JPG,5416321,2025-02-12 17:47:58,moved
CT20,M17/101EK113,02120316.JPG,M17\101EK113\02120316.JPG,02120316.JPG,5552190,2025-02-12 18:14:44,moved
CT20,M17/101EK113,02120317.JPG,M17\101EK113\02120317.JPG,02120317.JPG,5430553,2025-02-12 18:14:46,moved
CT20,M17/101EK113,02120319.JPG,M17\101EK113\02120319.JPG,02120319.JPG,5550221,2025-02-12 18:38:54,moved
CT20,M17/101EK113,02120320.JPG,M17\101EK113\02120320.JPG,02120320.JPG,5474028,2025-02-12 18:38:54,moved
CT20,M17/101EK113,02120322.JPG,M17\101EK113\02120322.JPG,02120322.JPG,5639791,2025-02-12 18:43:24,moved
CT20,M17/101EK113,02120323.JPG,M17\101EK113\02120323.JPG,02120323.JPG,5562712,2025-02-12 18:43:24,moved
CT20,M17/101EK113,02120325.JPG,M17\101EK113\02120325.JPG,02120325.JPG,5523447,2025-02-12 19:39:52,moved
CT20,M17/101EK113,02120326.JPG,M17\101EK113\02120326.JPG,02120326.JPG,5474798,2025-02-12 19:39:52,moved
CT20,M17/101EK113,02130328.JPG,M17\101EK113\02130328.JPG,02130328.JPG,5505692,2025-02-13 15:52:24,moved
CT20,M17/101EK113,02130329.JPG,M17\101EK113\02130329.JPG,02130329.JPG,5454176,2025-02-13 15:52:24,moved
CT20,M17/101EK113,02130331.JPG,M17\101EK113\02130331.JPG,02130331.JPG,5472491,2025-02-13 15:54:52,moved
CT20,M17/101EK113,02130332.JPG,M17\101EK113\02130332.JPG,02130332.JPG,5437977,2025-02-13 15:54:52,moved
CT20,M17/101EK113,02130334.JPG,M17\101EK113\02130334.JPG,02130334.JPG,5508396,2025-02-13 15:57:42,moved
CT20,M17/101EK113,02130335.JPG,M17\101EK113\02130335.JPG,02130335.JPG,5436852,2025-02-13 15:57:44,moved
CT20,M17/101EK113,02130337.JPG,M17\101EK113\02130337.JPG,02130337.JPG,5497110,2025-02-13 16:07:14,moved
CT20,M17/101EK113,02130338.JPG,M17\101EK113\02130338.JPG,02130338.JPG,5432702,2025-02-13 16:07:16,moved
CT20,M17/101EK113,02130340.JPG,M17\101EK113\02130340.JPG,02130340.JPG,5521594,2025-02-13 16:08:52,moved
CT20,M17/101EK113,02130341.JPG,M17\101EK113\02130341.JPG,02130341.JPG,5442075,2025-02-13 16:08:52,moved
CT20,M17/101EK113,02130343.JPG,M17\101EK113\02130343.JPG,02130343.JPG,5390006,2025-02-13 16:09:58,moved
CT20,M17/101EK113,02130344.JPG,M17\101EK113\02130344.JPG,02130344.JPG,5435157,2025-02-13 16:10:00,moved
CT20,M17/101EK113,02130346.JPG,M17\101EK113\02130346.JPG,02130346.JPG,5582569,2025-02-13 16:15:44,moved
CT20,M17/101EK113,02130347.JPG,M17\101EK113\02130347.JPG,02130347.JPG,5481774,2025-02-13 16:15:44,moved
CT20,M17/101EK113,02130349.JPG,M17\101EK113\02130349.JPG,02130349.JPG,5547329,2025-02-13 16:26:12,moved
CT20,M17/101EK113,02130350.JPG,M17\101EK113\02130350.JPG,02130350.JPG,5442171,2025-02-13 16:26:12,moved
CT20,M17/101EK113,02130352.JPG,M17\101EK113\02130352.JPG,02130352.JPG,5507735,2025-02-13 16:29:28,moved
CT20,M17/101EK113,02130353.JPG,M17\101EK113\02130353.JPG,02130353.JPG,5440923,2025-02-13 16:29:28,moved
CT20,M17/101EK113,02130355.JPG,M17\101EK113\02130355.JPG,02130355.JPG,5509174,2025-02-13 16:30:56,moved
CT20,M17/101EK113,02130356.JPG,M17\101EK113\02130356.JPG,02130356.JPG,5430744,2025-02-13 16:30:58,moved
CT20,M17/101EK113,02130358.JPG,M17\101EK113\02130358.JPG,02130358.JPG,5306743,2025-02-13 16:39:54,moved
CT20,M17/101EK113,02130359.JPG,M17\101EK113\02130359.JPG,02130359.JPG,5226814,2025-02-13 16:39:54,moved
CT20,M17/101EK113,02130361.JPG,M17\101EK113\02130361.JPG,02130361.JPG,5516486,2025-02-13 16:50:58,moved
CT20,M17/101EK113,02130362.JPG,M17\101EK113\02130362.JPG,02130362.JPG,5431365,2025-02-13 16:51:00,moved
CT20,M17/101EK113,02130364.JPG,M17\101EK113\02130364.JPG,02130364.JPG,5295479,2025-02-13 16:54:00,moved
CT20,M17/101EK113,02130365.JPG,M17\101EK113\02130365.JPG,02130365.JPG,5238178,2025-02-13 16:54:00,moved
CT20,M17/101EK113,02130367.JPG,M17\101EK113\02130367.JPG,02130367.JPG,5510686,2025-02-13 16:55:50,moved
CT20,M17/101EK113,02130368.JPG,M17\101EK113\02130368.JPG,02130368.JPG,5428777,2025-02-13 16:55:52,moved
CT20,M17/101EK113,02130370.JPG,M17\101EK113\02130370.JPG,02130370.JPG,5509754,2025-02-13 17:02:14,moved
CT20,M17/101EK113,02130371.JPG,M17\101EK113\02130371.JPG,02130371.JPG,5436303,2025-02-13 17:02:16,moved
CT20,M17/101EK113,02130373.JPG,M17\101EK113\02130373.JPG,02130373.JPG,5522107,2025-02-13 17:05:24,moved
CT20,M17/101EK113,02130374.JPG,M17\101EK113\02130374.JPG,02130374.JPG,5428238,2025-02-13 17:05:24,moved
CT20,M17/101EK113,02130376.JPG,M17\101EK113\02130376.JPG,02130376.JPG,5439257,2025-02-13 17:06:08,moved
CT20,M17/101EK113,02130377.JPG,M17\101EK113\02130377.JPG,02130377.JPG,5447867,2025-02-13 17:06:08,moved
CT20,M17/101EK113,02130379.JPG,M17\101EK113\02130379.JPG,02130379.JPG,5550561,2025-02-13 17:08:26,moved
CT20,M17/101EK113,02130380.JPG,M17\101EK113\02130380.JPG,02130380.JPG,5458665,2025-02-13 17:08:28,moved
CT20,M17/101EK113,02130382.JPG,M17\101EK113\02130382.JPG,02130382.JPG,5583208,2025-02-13 17:15:22,moved
CT20,M17/101EK113,02130383.JPG,M17\101EK113\02130383.JPG,02130383.JPG,5504262,2025-02-13 17:15:22,moved
CT20,M17/101EK113,02130385.JPG,M17\101EK113\02130385.JPG,02130385.JPG,5441496,2025-02-13 17:16:26,moved
CT20,M17/101EK113,02130386.JPG,M17\101EK113\02130386.JPG,02130386.JPG,5452572,2025-02-13 17:16:26,moved
CT20,M17/101EK113,02130388.JPG,M17\101EK113\02130388.JPG,02130388.JPG,5604204,2025-02-13 17:18:46,moved
CT20,M17/101EK113,02130389.JPG,M17\101EK113\02130389.JPG,02130389.JPG,5502667,2025-02-13 17:18:48,moved
CT20,M17/101EK113,02130391.JPG,M17\101EK113\02130391.JPG,02130391.JPG,5472377,2025-02-13 17:19:16,moved
CT20,M17/101EK113,02130392.JPG,M17\101EK113\02130392.JPG,02130392.JPG,5507207,2025-02-13 17:19:18,moved
CT20,M17/101EK113,02130394.JPG,M17\101EK113\02130394.JPG,02130394.JPG,5575385,2025-02-13 17:25:58,moved
CT20,M17/101EK113,02130395.JPG,M17\101EK113\02130395.JPG,02130395.JPG,5511419,2025-02-13 17:26:00,moved
CT20,M17/101EK113,02130397.JPG,M17\101EK113\02130397.JPG,02130397.JPG,5575422,2025-02-13 17:28:18,moved
CT20,M17/101EK113,02130398.JPG,M17\101EK113\02130398.JPG,02130398.JPG,5526130,2025-02-13 17:28:20,moved
CT20,M17/101EK113,02130400.JPG,M17\101EK113\02130400.JPG,02130400.JPG,5583468,2025-02-13 17:33:12,moved
CT20,M17/101EK113,02130401.JPG,M17\101EK113\02130401.JPG,02130401.JPG,5509012,2025-02-13 17:33:14,moved
CT20,M17/101EK113,02130403.JPG,M17\101EK113\02130403.JPG,02130403.JPG,5623785,2025-02-13 17:35:32,moved
CT20,M17/101EK113,02130404.JPG,M17\101EK113\02130404.JPG,02130404.JPG,5524030,2025-02-13 17:35:34,moved
CT20,M17/101EK113,02130406.JPG,M17\101EK113\02130406.JPG,02130406.JPG,5479414,2025-02-13 17:35:54,moved
CT20,M17/101EK113,02130407.JPG,M17\101EK113\02130407.JPG,02130407.JPG,5511716,2025-02-13 17:35:54,moved
CT20,M17/101EK113,02130409.JPG,M17\101EK113\02130409.JPG,02130409.JPG,5485747,2025-02-13 17:36:36,moved
CT20,M17/101EK113,02130410.JPG,M17\101EK113\02130410.JPG,02130410.JPG,5524943,2025-02-13 17:36:38,moved
CT20,M17/101EK113,02130412.JPG,M17\101EK113\02130412.JPG,02130412.JPG,5611156,2025-02-13 17:45:14,moved
CT20,M17/101EK113,02130413.JPG,M17\101EK113\02130413.JPG,02130413.JPG,5523312,2025-02-13 17:45:14,moved
CT20,M17/101EK113,02130415.JPG,M17\101EK113\02130415.JPG,02130415.JPG,5476417,2025-02-13 17:46:14,moved
CT20,M17/101EK113,02130416.JPG,M17\101EK113\02130416.JPG,02130416.JPG,5510994,2025-02-13 17:46:14,moved
CT20,M17/101EK113,02130418.JPG,M17\101EK113\02130418.JPG,02130418.JPG,5474465,2025-02-13 17:47:34,moved
CT20,M17/101EK113,02130419.JPG,M17\101EK113\02130419.JPG,02130419.JPG,5507264,2025-02-13 17:47:36,moved
CT20,M17/101EK113,02130421.JPG,M17\101EK113\02130421.JPG,02130421.JPG,5619235,2025-02-13 17:52:00,moved
CT20,M17/101EK113,02130422.JPG,M17\101EK113\02130422.JPG,02130422.JPG,5515090,2025-02-13 17:52:02,moved
CT20,M17/101EK113,02130424.JPG,M17\101EK113\02130424.JPG,02130424.JPG,5601039,2025-02-13 17:56:40,moved
CT20,M17/101EK113,02130425.JPG,M17\101EK113\02130425.JPG,02130425.JPG,5513603,2025-02-13 17:56:42,moved
CT20,M17/101EK113,02130427.JPG,M17\101EK113\02130427.JPG,02130427.JPG,5493674,2025-02-13 18:03:18,moved
CT20,M17/101EK113,02130428.JPG,M17\101EK113\02130428.JPG,02130428.JPG,5420314,2025-02-13 18:03:20,moved
CT20,M17/101EK113,02130430.JPG,M17\101EK113\02130430.JPG,02130430.JPG,5605703,2025-02-13 18:12:54,moved
CT20,M17/101EK113,02130431.JPG,M17\101EK113\02130431.JPG,02130431.JPG,5522552,2025-02-13 18:12:54,moved
CT20,M17/101EK113,02130433.JPG,M17\101EK113\02130433.JPG,02130433.JPG,5603907,2025-02-13 18:19:18,moved
CT20,M17/101EK113,02130434.JPG,M17\101EK113\02130434.JPG,02130434.JPG,5522026,2025-02-13 18:19:18,moved
CT20,M17/101EK113,02130436.JPG,M17\101EK113\02130436.JPG,02130436.JPG,5535152,2025-02-13 18:26:10,moved
CT20,M17/101EK113,02130437.JPG,M17\101EK113\02130437.JPG,02130437.JPG,5419144,2025-02-13 18:26:10,moved
CT20,M17/101EK113,02130439.JPG,M17\101EK113\02130439.JPG,02130439.JPG,5598079,2025-02-13 18:29:06,moved
CT20,M17/101EK113,02130440.JPG,M17\101EK113\02130440.JPG,02130440.JPG,5536402,2025-02-13 18:29:08,moved
CT20,M17/101EK113,02130442.JPG,M17\101EK113\02130442.JPG,02130442.JPG,5499492,2025-02-13 18:30:10,moved
CT20,M17/101EK113,02130443.JPG,M17\101EK113\02130443.JPG,02130443.JPG,5534413,2025-02-13 18:30:10,moved
CT20,M17/101EK113,02130445.JPG,M17\101EK113\02130445.JPG,02130445.JPG,5655126,2025-02-13 18:35:54,moved
CT20,M17/101EK113,02130446.JPG,M17\101EK113\02130446.JPG,02130446.JPG,5555433,2025-02-13 18:35:56,moved
CT20,M17/101EK113,02130448.JPG,M17\101EK113\02130448.JPG,02130448.JPG,5567683,2025-02-13 18:50:40,moved
CT20,M17/101EK113,02130449.JPG,M17\101EK113\02130449.JPG,02130449.JPG,5472937,2025-02-13 18:50:40,moved
CT20,M17/101EK113,02130451.JPG,M17\101EK113\02130451.JPG,02130451.JPG,5584033,2025-02-13 19:06:14,moved
CT20,M17/101EK113,02130452.JPG,M17\101EK113\02130452.JPG,02130452.JPG,5499925,2025-02-13 19:06:14,moved
CT20,M17/101EK113,02130454.JPG,M17\101EK113\02130454.JPG,02130454.JPG,5651302,2025-02-13 19:22:28,moved
CT20,M17/101EK113,02130455.JPG,M17\101EK113\02130455.JPG,02130455.JPG,5554835,2025-02-13 19:22:28,moved
CT20,M17/101EK113,02130457.JPG,M17\101EK113\02130457.JPG,02130457.JPG,5557336,2025-02-13 19:42:36,moved
CT20,M17/101EK113,02130458.JPG,M17\101EK113\02130458.JPG,02130458.JPG,5473993,2025-02-13 19:42:38,moved
CT20,M17/101EK113,02130460.JPG,M17\101EK113\02130460.JPG,02130460.JPG,5554331,2025-02-13 19:54:10,moved
CT20,M17/101EK113,02130461.JPG,M17\101EK113\02130461.JPG,02130461.JPG,5491155,2025-02-13 19:54:12,moved
CT20,M17/101EK113,02140463.JPG,M17\101EK113\02140463.JPG,02140463.JPG,5246072,2025-02-14 16:11:08,moved
CT20,M17/101EK113,02140464.JPG,M17\101EK113\02140464.JPG,02140464.JPG,5212823,2025-02-14 16:11:08,moved
CT20,M17/101EK113,02140466.JPG,M17\101EK113\02140466.JPG,02140466.JPG,5495786,2025-02-14 16:15:08,moved
CT20,M17/101EK113,02140467.JPG,M17\101EK113\02140467.JPG,02140467.JPG,5443854,2025-02-14 16:15:08,moved
CT20,M17/101EK113,02140469.JPG,M17\101EK113\02140469.JPG,02140469.JPG,5325267,2025-02-14 16:57:54,moved
CT20,M17/101EK113,02140470.JPG,M17\101EK113\02140470.JPG,02140470.JPG,5226133,2025-02-14 16:57:56,moved
CT20,M17/101EK113,02140472.JPG,M17\101EK113\02140472.JPG,02140472.JPG,5406672,2025-02-14 16:58:18,moved
CT20,M17/101EK113,02140473.JPG,M17\101EK113\02140473.JPG,02140473.JPG,5417308,2025-02-14 16:58:20,moved
CT20,M17/101EK113,02140475.JPG,M17\101EK113\02140475.JPG,02140475.JPG,5401025,2025-02-14 17:18:58,moved
CT20,M17/101EK113,02140476.JPG,M17\101EK113\02140476.JPG,02140476.JPG,5295305,2025-02-14 17:18:58,moved
CT20,M17/101EK113,02140478.JPG,M17\101EK113\02140478.JPG,02140478.JPG,5345303,2025-02-14 17:23:06,moved
CT20,M17/101EK113,02140479.JPG,M17\101EK113\02140479.JPG,02140479.JPG,5282522,2025-02-14 17:23:06,moved
CT20,M17/101EK113,02140481.JPG,M17\101EK113\02140481.JPG,02140481.JPG,5266192,2025-02-14 17:24:32,moved
CT20,M17/101EK113,02140482.JPG,M17\101EK113\02140482.JPG,02140482.JPG,5283521,2025-02-14 17:24:34,moved
CT20,M17/101EK113,02140484.JPG,M17\101EK113\02140484.JPG,02140484.JPG,5334258,2025-02-14 17:26:44,moved
CT20,M17/101EK113,02140485.JPG,M17\101EK113\02140485.JPG,02140485.JPG,5295478,2025-02-14 17:26:44,moved
CT20,M17/101EK113,02140486.JPG,M17\101EK113\02140486.JPG,02140486.JPG,5376202,2025-02-14 17:35:08,moved
CT20,M17/101EK113,02140487.JPG,M17\101EK113\02140487.JPG,02140487.JPG,5311907,2025-02-14 17:35:10,moved
CT20,M17/101EK113,02140489.JPG,M17\101EK113\02140489.JPG,02140489.JPG,5474723,2025-02-14 17:56:12,moved
CT20,M17/101EK113,02140490.JPG,M17\101EK113\02140490.JPG,02140490.JPG,5393329,2025-02-14 17:56:12,moved
CT20,M17/101EK113,02140492.JPG,M17\101EK113\02140492.JPG,02140492.JPG,5482850,2025-02-14 18:05:58,moved
CT20,M17/101EK113,02140493.JPG,M17\101EK113\02140493.JPG,02140493.JPG,5403783,2025-02-14 18:05:58,moved
CT20,M17/101EK113,02140495.JPG,M17\101EK113\02140495.JPG,02140495.JPG,5490308,2025-02-14 18:30:00,moved
CT20,M17/101EK113,02140496.JPG,M17\101EK113\02140496.JPG,02140496.JPG,5417558,2025-02-14 18:30:00,moved
CT20,M17/101EK113,02140498.JPG,M17\101EK113\02140498.JPG,02140498.JPG,5558514,2025-02-14 18:47:22,moved
CT20,M17/101EK113,02140499.JPG,M17\101EK113\02140499.JPG,02140499.JPG,5447339,2025-02-14 18:47:22,moved
CT20,M17/101EK113,02150501.JPG,M17\101EK113\02150501.JPG,02150501.JPG,5255786,2025-02-15 15:10:48,moved
CT20,M17/101EK113,02150502.JPG,M17\101EK113\02150502.JPG,02150502.JPG,5165768,2025-02-15 15:10:50,moved
CT20,M17/101EK113,02150504.JPG,M17\101EK113\02150504.JPG,02150504.JPG,5253135,2025-02-15 15:18:36,moved
CT20,M17/101EK113,02150505.JPG,M17\101EK113\02150505.JPG,02150505.JPG,5154600,2025-02-15 15:18:38,moved
CT20,M17/101EK113,02150507.JPG,M17\101EK113\02150507.JPG,02150507.JPG,5248286,2025-02-15 15:32:00,moved
CT20,M17/101EK113,02150508.JPG,M17\101EK113\02150508.JPG,02150508.JPG,5161523,2025-02-15 15:32:02,moved
CT20,M17/101EK113,02150510.JPG,M17\101EK113\02150510.JPG,02150510.JPG,5488671,2025-02-15 15:33:42,moved
CT20,M17/101EK113,02150511.JPG,M17\101EK113\02150511.JPG,02150511.JPG,5407445,2025-02-15 15:33:44,moved
CT20,M17/101EK113,02150512.JPG,M17\101EK113\02150512.JPG,02150512.JPG,5270157,2025-02-15 15:35:56,moved
CT20,M17/101EK113,02150513.JPG,M17\101EK113\02150513.JPG,02150513.JPG,5170153,2025-02-15 15:35:58,moved
CT20,M17/101EK113,02150514.JPG,M17\101EK113\02150514.JPG,02150514.JPG,5363313,2025-02-15 15:59:28,moved
CT20,M17/101EK113,02150515.JPG,M17\101EK113\02150515.JPG,02150515.JPG,5269870,2025-02-15 15:59:30,moved
CT20,M17/101EK113,02150517.JPG,M17\101EK113\02150517.JPG,02150517.JPG,5550239,2025-02-15 16:16:08,moved
CT20,M17/101EK113,02150518.JPG,M17\101EK113\02150518.JPG,02150518.JPG,5483618,2025-02-15 16:16:08,moved
CT20,M17/101EK113,02150520.JPG,M17\101EK113\02150520.JPG,02150520.JPG,5457301,2025-02-15 16:22:24,moved
CT20,M17/101EK113,02150521.JPG,M17\101EK113\02150521.JPG,02150521.JPG,5315910,2025-02-15 16:22:26,moved
CT20,M17/101EK113,02150522.JPG,M17\101EK113\02150522.JPG,02150522.JPG,5380158,2025-02-15 16:36:56,moved
CT20,M17/101EK113,02150523.JPG,M17\101EK113\02150523.JPG,02150523.JPG,5322126,2025-02-15 16:36:58,moved
CT20,M17/101EK113,02150524.JPG,M17\101EK113\02150524.JPG,02150524.JPG,5462831,2025-02-15 16:54:04,moved
CT20,M17/101EK113,02150525.JPG,M17\101EK113\02150525.JPG,02150525.JPG,5379678,2025-02-15 16:54:06,moved
CT20,M17/101EK113,02150526.JPG,M17\101EK113\02150526.JPG,02150526.JPG,5470423,2025-02-15 17:03:42,moved
CT20,M17/101EK113,02150527.JPG,M17\101EK113\02150527.JPG,02150527.JPG,5398881,2025-02-15 17:03:42,moved
CT20,M17/101EK113,02150528.JPG,M17\101EK113\02150528.JPG,02150528.JPG,5481231,2025-02-15 17:12:18,moved
CT20,M17/101EK113,02150529.JPG,M17\101EK113\02150529.JPG,02150529.JPG,5425320,2025-02-15 17:12:20,moved
CT20,M17/101EK113,02150530.JPG,M17\101EK113\02150530.JPG,02150530.JPG,5492100,2025-02-15 17:15:24,moved
CT20,M17/101EK113,02150531.JPG,M17\101EK113\02150531.JPG,02150531.JPG,5410578,2025-02-15 17:15:26,moved
CT20,M17/101EK113,02150532.JPG,M17\101EK113\02150532.JPG,02150532.JPG,5489469,2025-02-15 17:18:36,moved
CT20,M17/101EK113,02150533.JPG,M17\101EK113\02150533.JPG,02150533.JPG,5455755,2025-02-15 17:18:36,moved
CT20,M17/101EK113,02150534.JPG,M17\101EK113\02150534.JPG,02150534.JPG,5440824,2025-02-15 17:19:18,moved
CT20,M17/101EK113,02150535.JPG,M17\101EK113\02150535.JPG,02150535.JPG,5455302,2025-02-15 17:19:20,moved
CT20,M17/101EK113,02150536.JPG,M17\101EK113\02150536.JPG,02150536.JPG,5449744,2025-02-15 17:19:48,moved
CT20,M17/101EK113,02150537.JPG,M17\101EK113\02150537.JPG,02150537.JPG,5464803,2025-02-15 17:19:50,moved
CT20,M17/101EK113,02150538.JPG,M17\101EK113\02150538.JPG,02150538.JPG,5581343,2025-02-15 17:24:34,moved
CT20,M17/101EK113,02150539.JPG,M17\101EK113\02150539.JPG,02150539.JPG,5482808,2025-02-15 17:24:34,moved
CT20,M17/101EK113,02150540.JPG,M17\101EK113\02150540.JPG,02150540.JPG,5585142,2025-02-15 17:29:34,moved
CT20,M17/101EK113,02150541.JPG,M17\101EK113\02150541.JPG,02150541.JPG,5462718,2025-02-15 17:29:34,moved
CT20,M17/101EK113,02150542.JPG,M17\101EK113\02150542.JPG,02150542.JPG,5529623,2025-02-15 17:31:48,moved
CT20,M17/101EK113,02150543.JPG,M17\101EK113\02150543.JPG,02150543.JPG,5476624,2025-02-15 17:31:50,moved
CT20,M17/101EK113,02150544.JPG,M17\101EK113\02150544.JPG,02150544.JPG,5609643,2025-02-15 17:33:34,moved
CT20,M17/101EK113,02150545.JPG,M17\101EK113\02150545.JPG,02150545.JPG,5499564,2025-02-15 17:33:34,moved
CT20,M17/101EK113,02150546.JPG,M17\101EK113\02150546.JPG,02150546.JPG,5484180,2025-02-15 17:33:42,moved
CT20,M17/101EK113,02150547.JPG,M17\101EK113\02150547.JPG,02150547.JPG,5501175,2025-02-15 17:33:42,moved
CT20,M17/101EK113,02150548.JPG,M17\101EK113\02150548.JPG,02150548.JPG,5601503,2025-02-15 17:36:00,moved
CT20,M17/101EK113,02150549.JPG,M17\101EK113\02150549.JPG,02150549.JPG,5516089,2025-02-15 17:36:00,moved
CT20,M17/101EK113,02150550.JPG,M17\101EK113\02150550.JPG,02150550.JPG,5472095,2025-02-15 17:36:32,moved
CT20,M17/101EK113,02150551.JPG,M17\101EK113\02150551.JPG,02150551.JPG,5495130,2025-02-15 17:36:32,moved
CT20,M17/101EK113,02150552.JPG,M17\101EK113\02150552.JPG,02150552.JPG,5496091,2025-02-15 17:36:38,moved
CT20,M17/101EK113,02150553.JPG,M17\101EK113\02150553.JPG,02150553.JPG,5518268,2025-02-15 17:36:40,moved
CT20,M17/101EK113,02150554.JPG,M17\101EK113\02150554.JPG,02150554.JPG,5466093,2025-02-15 17:37:16,moved
CT20,M17/101EK113,02150555.JPG,M17\101EK113\02150555.JPG,02150555.JPG,5481416,2025-02-15 17:37:18,moved
CT20,M17/101EK113,02150556.JPG,M17\101EK113\02150556.JPG,02150556.JPG,5576981,2025-02-15 17:45:36,moved
CT20,M17/101EK113,02150557.JPG,M17\101EK113\02150557.JPG,02150557.JPG,5489286,2025-02-15 17:45:36,moved
CT20,M17/101EK113,02150558.JPG,M17\101EK113\02150558.JPG,02150558.JPG,5559832,2025-02-15 17:47:34,moved
CT20,M17/101EK113,02150559.JPG,M17\101EK113\02150559.JPG,02150559.JPG,5491704,2025-02-15 17:47:34,moved
CT20,M17/101EK113,02150560.JPG,M17\101EK113\02150560.JPG,02150560.JPG,5578616,2025-02-15 17:54:32,moved
CT20,M17/101EK113,02150561.JPG,M17\101EK113\02150561.JPG,02150561.JPG,5489277,2025-02-15 17:54:34,moved
CT20,M17/101EK113,02150562.JPG,M17\101EK113\02150562.JPG,02150562.JPG,5525069,2025-02-15 18:01:56,moved
CT20,M17/101EK113,02150563.JPG,M17\101EK113\02150563.JPG,02150563.JPG,5391070,2025-02-15 18:01:56,moved
CT20,M17/101EK113,02150564.JPG,M17\101EK113\02150564.JPG,02150564.JPG,5310790,2025-02-15 18:09:06,moved
CT20,M17/101EK113,02150565.JPG,M17\101EK113\02150565.JPG,02150565.JPG,5185202,2025-02-15 18:09:06,moved
CT20,M17/101EK113,02150566.JPG,M17\101EK113\02150566.JPG,02150566.JPG,5590737,2025-02-15 18:16:44,moved
CT20,M17/101EK113,02150567.JPG,M17\101EK113\02150567.JPG,02150567.JPG,5505010,2025-02-15 18:16:44,moved
CT20,M17/101EK113,02150568.JPG,M17\101EK113\02150568.JPG,02150568.JPG,5590406,2025-02-15 18:21:08,moved
CT20,M17/101EK113,02150569.JPG,M17\101EK113\02150569.JPG,02150569.JPG,5481150,2025-02-15 18:21:08,moved
CT20,M17/101EK113,02150570.JPG,M17\101EK113\02150570.JPG,02150570.JPG,5476872,2025-02-15 18:21:14,moved
CT20,M17/101EK113,02150571.JPG,M17\101EK113\02150571.JPG,02150571.JPG,5493928,2025-02-15 18:21:16,moved
CT20,M17/101EK113,02150572.JPG,M17\101EK113\02150572.JPG,02150572.JPG,5589360,2025-02-15 18:22:42,moved
CT20,M17/101EK113,02150573.JPG,M17\101EK113\02150573.JPG,02150573.JPG,5496965,2025-02-15 18:22:44,moved
CT20,M17/101EK113,02150574.JPG,M17\101EK113\02150574.JPG,02150574.JPG,5486647,2025-02-15 18:22:52,moved
CT20,M17/101EK113,02150575.JPG,M17\101EK113\02150575.JPG,02150575.JPG,5499918,2025-02-15 18:22:54,moved
CT20,M17/101EK113,02150576.JPG,M17\101EK113\02150576.JPG,02150576.JPG,5605391,2025-02-15 18:30:44,moved
CT20,M17/101EK113,02150577.JPG,M17\101EK113\02150577.JPG,02150577.JPG,5522327,2025-02-15 18:30:44,moved
CT20,M17/101EK113,02150578.JPG,M17\101EK113\02150578.JPG,02150578.JPG,5511795,2025-02-15 18:31:12,moved
CT20,M17/101EK113,02150579.JPG,M17\101EK113\02150579.JPG,02150579.JPG,5524524,2025-02-15 18:31:12,moved
CT20,M17/101EK113,02150580.JPG,M17\101EK113\02150580.JPG,02150580.JPG,5575618,2025-02-15 18:33:18,moved
CT20,M17/101EK113,02150581.JPG,M17\101EK113\02150581.JPG,02150581.JPG,5501255,2025-02-15 18:33:18,moved
CT20,M17/101EK113,02150582.JPG,M17\101EK113\02150582.JPG,02150582.JPG,5628531,2025-02-15 18:35:00,moved
CT20,M17/101EK113,02150583.JPG,M17\101EK113\02150583.JPG,02150583.JPG,5512930,2025-02-15 18:35:02,moved
CT20,M17/101EK113,02150584.JPG,M17\101EK113\02150584.JPG,02150584.JPG,5513853,2025-02-15 18:39:46,moved
CT20,M17/101EK113,02150585.JPG,M17\101EK113\02150585.JPG,02150585.JPG,5421652,2025-02-15 18:39:46,moved
CT20,M17/101EK113,02150586.JPG,M17\101EK113\02150586.JPG,02150586.JPG,5416962,2025-02-15 18:39:54,moved
CT20,M17/101EK113,02150587.JPG,M17\101EK113\02150587.JPG,02150587.JPG,5442135,2025-02-15 18:39:54,moved
CT20,M17/101EK113,02150588.JPG,M17\101EK113\02150588.JPG,02150588.JPG,5510241,2025-02-15 18:40:46,moved
CT20,M17/101EK113,02150589.JPG,M17\101EK113\02150589.JPG,02150589.JPG,5507081,2025-02-15 18:40:46,moved
CT20,M17/101EK113,02150590.JPG,M17\101EK113\02150590.JPG,02150590.JPG,5581479,2025-02-15 19:51:10,moved
CT20,M17/101EK113,02150591.JPG,M17\101EK113\02150591.JPG,02150591.JPG,5467765,2025-02-15 19:51:12,moved
CT20,M17/101EK113,02160592.JPG,M17\101EK113\02160592.JPG,02160592.JPG,5184904,2025-02-16 15:14:24,moved
CT20,M17/101EK113,02160593.JPG,M17\101EK113\02160593.JPG,02160593.JPG,5114903,2025-02-16 15:14:24,moved
CT20,M17/101EK113,02160594.JPG,M17\101EK113\02160594.JPG,02160594.JPG,5509285,2025-02-16 15:17:32,moved
CT20,M17/101EK113,02160595.JPG,M17\101EK113\02160595.JPG,02160595.JPG,5455459,2025-02-16 15:17:34,moved
CT20,M17/101EK113,02160596.JPG,M17\101EK113\02160596.JPG,02160596.JPG,5328398,2025-02-16 15:27:14,moved
CT20,M17/101EK113,02160597.JPG,M17\101EK113\02160597.JPG,02160597.JPG,5375739,2025-02-16 15:27:14,moved
CT20,M17/101EK113,02160598.JPG,M17\101EK113\02160598.JPG,02160598.JPG,5052612,2025-02-16 15:28:20,moved
CT20,M17/101EK113,02160599.JPG,M17\101EK113\02160599.JPG,02160599.JPG,5085105,2025-02-16 15:28:20,moved
CT20,M17/101EK113,02160600.JPG,M17\101EK113\02160600.JPG,02160600.JPG,5168377,2025-02-16 15:30:16,moved
CT20,M17/101EK113,02160601.JPG,M17\101EK113\02160601.JPG,02160601.JPG,5086738,2025-02-16 15:30:18,moved
CT20,M17/101EK113,02160602.JPG,M17\101EK113\02160602.JPG,02160602.JPG,5065929,2025-02-16 15:30:46,moved
CT20,M17/101EK113,02160603.JPG,M17\101EK113\02160603.JPG,02160603.JPG,5080195,2025-02-16 15:30:48,moved
CT20,M17/101EK113,02160604.JPG,M17\101EK113\02160604.JPG,02160604.JPG,5315043,2025-02-16 15:31:00,moved
CT20,M17/101EK113,02160605.JPG,M17\101EK113\02160605.JPG,02160605.JPG,5361787,2025-02-16 15:31:02,moved
CT20,M17/101EK113,02160606.JPG,M17\101EK113\02160606.JPG,02160606.JPG,5084421,2025-02-16 15:32:06,moved
CT20,M17/101EK113,02160607.JPG,M17\101EK113\02160607.JPG,02160607.JPG,5107043,2025-02-16 15:32:06,moved
CT20,M17/101EK113,02160608.JPG,M17\101EK113\02160608.JPG,02160608.JPG,5208128,2025-02-16 15:33:28,moved
CT20,M17/101EK113,02160609.JPG,M17\101EK113\02160609.JPG,02160609.JPG,5142862,2025-02-16 15:33:30,moved
CT20,M17/101EK113,02160610.JPG,M17\101EK113\02160610.JPG,02160610.JPG,5321923,2025-02-16 15:36:48,moved
CT20,M17/101EK113,02160611.JPG,M17\101EK113\02160611.JPG,02160611.JPG,5239637,2025-02-16 15:36:50,moved
CT20,M17/101EK113,02160612.JPG,M17\101EK113\02160612.JPG,02160612.JPG,5251704,2025-02-16 15:37:54,moved
CT20,M17/101EK113,02160613.JPG,M17\101EK113\02160613.JPG,02160613.JPG,5238595,2025-02-16 15:37:54,moved
CT20,M17/101EK113,02160614.JPG,M17\101EK113\02160614.JPG,02160614.JPG,5243047,2025-02-16 15:46:32,moved
CT20,M17/101EK113,02160615.JPG,M17\101EK113\02160615.JPG,02160615.JPG,5172867,2025-02-16 15:46:32,moved
CT20,M17/101EK113,02160616.JPG,M17\101EK113\02160616.JPG,02160616.JPG,5287182,2025-02-16 15:51:00,moved
CT20,M17/101EK113,02160617.JPG,M17\101EK113\02160617.JPG,02160617.JPG,5234577,2025-02-16 15:51:02,moved
CT20,M17/101EK113,02160618.JPG,M17\101EK113\02160618.JPG,02160618.JPG,5208131,2025-02-16 15:51:46,moved
CT20,M17/101EK113,02160619.JPG,M17\101EK113\02160619.JPG,02160619.JPG,5245727,2025-02-16 15:51:48,moved
CT20,M17/101EK113,02160620.JPG,M17\101EK113\02160620.JPG,02160620.JPG,5257334,2025-02-16 15:55:58,moved
CT20,M17/101EK113,02160621.JPG,M17\101EK113\02160621.JPG,02160621.JPG,5169244,2025-02-16 15:56:00,moved
CT20,M17/101EK113,02160622.JPG,M17\101EK113\02160622.JPG,02160622.JPG,5222042,2025-02-16 15:59:42,moved
CT20,M17/101EK113,02160623.JPG,M17\101EK113\02160623.JPG,02160623.JPG,5146921,2025-02-16 15:59:42,moved
CT20,M17/101EK113,02160624.JPG,M17\101EK113\02160624.JPG,02160624.JPG,5114177,2025-02-16 16:00:42,moved
CT20,M17/101EK113,02160625.JPG,M17\101EK113\02160625.JPG,02160625.JPG,5134527,2025-02-16 16:00:44,moved
CT20,M17/101EK113,02160626.JPG,M17\101EK113\02160626.JPG,02160626.JPG,5150934,2025-02-16 16:00:58,moved
CT20,M17/101EK113,02160627.JPG,M17\101EK113\02160627.JPG,02160627.JPG,5204041,2025-02-16 16:00:58,moved
CT20,M17/101EK113,02160628.JPG,M17\101EK113\02160628.JPG,02160628.JPG,5301532,2025-02-16 16:05:38,moved
CT20,M17/101EK113,02160629.JPG,M17\101EK113\02160629.JPG,02160629.JPG,5174792,2025-02-16 16:05:40,moved
CT20,M17/101EK113,02160630.JPG,M17\101EK113\02160630.JPG,02160630.JPG,5116533,2025-02-16 16:05:48,moved
CT20,M17/101EK113,02160631.JPG,M17\101EK113\02160631.JPG,02160631.JPG,5153006,2025-02-16 16:05:48,moved
CT20,M17/101EK113,02160632.JPG,M17\101EK113\02160632.JPG,02160632.JPG,5152836,2025-02-16 16:06:20,moved
CT20,M17/101EK113,02160633.JPG,M17\101EK113\02160633.JPG,02160633.JPG,5176406,2025-02-16 16:06:20,moved
CT20,M17/101EK113,02160634.JPG,M17\101EK113\02160634.JPG,02160634.JPG,5150603,2025-02-16 16:07:18,moved
CT20,M17/101EK113,02160635.JPG,M17\101EK113\02160635.JPG,02160635.JPG,5197180,2025-02-16 16:07:18,moved
CT20,M17/101EK113,02160636.JPG,M17\101EK113\02160636.JPG,02160636.JPG,5230706,2025-02-16 16:10:40,moved
CT20,M17/101EK113,02160637.JPG,M17\101EK113\02160637.JPG,02160637.JPG,5158176,2025-02-16 16:10:40,moved
CT20,M17/101EK113,02160638.JPG,M17\101EK113\02160638.JPG,02160638.JPG,5238939,2025-02-16 16:12:44,moved
CT20,M17/101EK113,02160639.JPG,M17\101EK113\02160639.JPG,02160639.JPG,5167473,2025-02-16 16:12:44,moved
CT20,M17/101EK113,02160640.JPG,M17\101EK113\02160640.JPG,02160640.JPG,5143863,2025-02-16 16:13:34,moved
CT20,M17/101EK113,02160641.JPG,M17\101EK113\02160641.JPG,02160641.JPG,5176248,2025-02-16 16:13:34,moved
CT20,M17/101EK113,02160642.JPG,M17\101EK113\02160642.JPG,02160642.JPG,5354798,2025-02-16 16:13:56,moved
CT20,M17/101EK113,02160643.JPG,M17\101EK113\02160643.JPG,02160643.JPG,5398807,2025-02-16 16:13:58,moved
CT20,M17/101EK113,02160644.JPG,M17\101EK113\02160644.JPG,02160644.JPG,5125904,2025-02-16 16:14:12,moved
CT20,M17/101EK113,02160645.JPG,M17\101EK113\02160645.JPG,02160645.JPG,5160160,2025-02-16 16:14:14,moved
CT20,M17/101EK113,02160646.JPG,M17\101EK113\02160646.JPG,02160646.JPG,5133164,2025-02-16 16:15:08,moved
CT20,M17/101EK113,02160647.JPG,M17\101EK113\02160647.JPG,02160647.JPG,5169994,2025-02-16 16:15:10,moved
CT20,M17/101EK113,02160648.JPG,M17\101EK113\02160648.JPG,02160648.JPG,5246277,2025-02-16 16:16:36,moved
CT20,M17/101EK113,02160649.JPG,M17\101EK113\02160649.JPG,02160649.JPG,5155532,2025-02-16 16:16:38,moved
CT20,M17/101EK113,02160650.JPG,M17\101EK113\02160650.JPG,02160650.JPG,5156127,2025-02-16 16:17:22,moved
CT20,M17/101EK113,02160651.JPG,M17\101EK113\02160651.JPG,02160651.JPG,5175401,2025-02-16 16:17:24,moved
CT20,M17/101EK113,02160652.JPG,M17\101EK113\02160652.JPG,02160652.JPG,5240467,2025-02-16 16:23:32,moved
CT20,M17/101EK113,02160653.JPG,M17\101EK113\02160653.JPG,02160653.JPG,5168857,2025-02-16 16:23:32,moved
CT20,M17/101EK113,02160654.JPG,M17\101EK113\02160654.JPG,02160654.JPG,5123636,2025-02-16 16:24:30,moved
CT20,M17/101EK113,02160655.JPG,M17\101EK113\02160655.JPG,02160655.JPG,5161961,2025-02-16 16:24:30,moved
CT20,M17/101EK113,02160656.JPG,M17\101EK113\02160656.JPG,02160656.JPG,5466104,2025-02-16 16:25:44,moved
CT20,M17/101EK113,02160657.JPG,M17\101EK113\02160657.JPG,02160657.JPG,5380672,2025-02-16 16:25:44,moved
CT20,M17/101EK113,02160658.JPG,M17\101EK113\02160658.JPG,02160658.JPG,5141639,2025-02-16 16:25:56,moved
CT20,M17/101EK113,02160659.JPG,M17\101EK113\02160659.JPG,02160659.JPG,5144876,2025-02-16 16:25:56,moved
CT20,M17/101EK113,02160660.JPG,M17\101EK113\02160660.JPG,02160660.JPG,5359939,2025-02-16 16:26:04,moved
CT20,M17/101EK113,02160661.JPG,M17\101EK113\02160661.JPG,02160661.JPG,5387124,2025-02-16 16:26:06,moved
CT20,M17/101EK113,02160662.JPG,M17\101EK113\02160662.JPG,02160662.JPG,5151440,2025-02-16 16:26:34,moved
CT20,M17/101EK113,02160663.JPG,M17\101EK113\02160663.JPG,02160663.JPG,5193149,2025-02-16 16:26:36,moved
CT20,M17/101EK113,02160664.JPG,M17\101EK113\02160664.JPG,02160664.JPG,5259290,2025-02-16 16:28:52,moved
CT20,M17/101EK113,02160665.JPG,M17\101EK113\02160665.JPG,02160665.JPG,5161237,2025-02-16 16:28:54,moved
CT20,M17/101EK113,02160666.JPG,M17\101EK113\02160666.JPG,02160666.JPG,5228597,2025-02-16 16:32:08,moved
CT20,M17/101EK113,02160667.JPG,M17\101EK113\02160667.JPG,02160667.JPG,5163081,2025-02-16 16:32:08,moved
CT20,M17/101EK113,02160668.JPG,M17\101EK113\02160668.JPG,02160668.JPG,5236519,2025-02-16 16:33:42,moved
CT20,M17/101EK113,02160669.JPG,M17\101EK113\02160669.JPG,02160669.JPG,5159733,2025-02-16 16:33:44,moved
CT20,M17/101EK113,02160670.JPG,M17\101EK113\02160670.JPG,02160670.JPG,5238766,2025-02-16 16:35:56,moved
CT20,M17/101EK113,02160671.JPG,M17\101EK113\02160671.JPG,02160671.JPG,5170182,2025-02-16 16:35:56,moved
CT20,M17/101EK113,02160672.JPG,M17\101EK113\02160672.JPG,02160672.JPG,5137927,2025-02-16 16:36:04,moved
CT20,M17/101EK113,02160673.JPG,M17\101EK113\02160673.JPG,02160673.JPG,5157155,2025-02-16 16:36:04,moved
CT20,M17/101EK113,02160674.JPG,M17\101EK113\02160674.JPG,02160674.JPG,5157206,2025-02-16 16:36:32,moved
CT20,M17/101EK113,02160675.JPG,M17\101EK113\02160675.JPG,02160675.JPG,5184259,2025-02-16 16:36:32,moved
CT20,M17/101EK113,02160676.JPG,M17\101EK113\02160676.JPG,02160676.JPG,5134647,2025-02-16 16:37:10,moved
CT20,M17/101EK113,02160677.JPG,M17\101EK113\02160677.JPG,02160677.JPG,5178272,2025-02-16 16:37:12,moved
CT20,M17/101EK113,02160678.JPG,M17\101EK113\02160678.JPG,02160678.JPG,5098394,2025-02-16 16:37:24,moved
CT20,M17/101EK113,02160679.JPG,M17\101EK113\02160679.JPG,02160679.JPG,5145980,2025-02-16 16:37:24,moved
CT20,M17/101EK113,02160680.JPG,M17\101EK113\02160680.JPG,02160680.JPG,5322144,2025-02-16 16:37:32,moved
CT20,M17/101EK113,02160681.JPG,M17\101EK113\02160681.JPG,02160681.JPG,5363380,2025-02-16 16:37:32,moved
CT20,M17/101EK113,02160682.JPG,M17\101EK113\02160682.JPG,02160682.JPG,5190796,2025-02-16 16:39:18,moved
CT20,M17/101EK113,02160683.JPG,M17\101EK113\02160683.JPG,02160683.JPG,5161764,2025-02-16 16:39:18,moved
CT20,M17/101EK113,02160684.JPG,M17\101EK113\02160684.JPG,02160684.JPG,5253233,2025-02-16 16:40:44,moved
CT20,M17/101EK113,02160685.JPG,M17\101EK113\02160685.JPG,02160685.JPG,5162716,2025-02-16 16:40:46,moved
CT20,M17/101EK113,02160686.JPG,M17\101EK113\02160686.JPG,02160686.JPG,5125623,2025-02-16 16:41:26,moved
CT20,M17/101EK113,02160687.JPG,M17\101EK113\02160687.JPG,02160687.JPG,5161026,2025-02-16 16:41:28,moved
CT20,M17/101EK113,02160688.JPG,M17\101EK113\02160688.JPG,02160688.JPG,5120907,2025-02-16 16:41:40,moved
CT20,M17/101EK113,02160689.JPG,M17\101EK113\02160689.JPG,02160689.JPG,5153370,2025-02-16 16:41:40,moved
CT20,M17/101EK113,02160690.JPG,M17\101EK113\02160690.JPG,02160690.JPG,5106968,2025-02-16 16:42:42,moved
CT20,M17/101EK113,02160691.JPG,M17\101EK113\02160691.JPG,02160691.JPG,5147328,2025-02-16 16:42:44,moved
CT20,M17/101EK113,02160692.JPG,M17\101EK113\02160692.JPG,02160692.JPG,5210249,2025-02-16 16:44:42,moved
CT20,M17/101EK113,02160693.JPG,M17\101EK113\02160693.JPG,02160693.JPG,5160840,2025-02-16 16:44:42,moved
CT20,M17/101EK113,02160694.JPG,M17\101EK113\02160694.JPG,02160694.JPG,5133055,2025-02-16 16:45:34,moved
CT20,M17/101EK113,02160695.JPG,M17\101EK113\02160695.JPG,02160695.JPG,5154577,2025-02-16 16:45:34,moved
CT20,M17/101EK113,02160696.JPG,M17\101EK113\02160696.JPG,02160696.JPG,5362012,2025-02-16 16:46:42,moved
CT20,M17/101EK113,02160697.JPG,M17\101EK113\02160697.JPG,02160697.JPG,5393330,2025-02-16 16:46:44,moved
CT20,M17/101EK113,02160698.JPG,M17\101EK113\02160698.JPG,02160698.JPG,5104252,2025-02-16 16:47:52,moved
CT20,M17/101EK113,02160699.JPG,M17\101EK113\02160699.JPG,02160699.JPG,5142059,2025-02-16 16:47:52,moved
CT20,M17/101EK113,02160700.JPG,M17\101EK113\02160700.JPG,02160700.JPG,5178943,2025-02-16 16:48:34,moved
CT20,M17/101EK113,02160701.JPG,M17\101EK113\02160701.JPG,02160701.JPG,5202040,2025-02-16 16:48:36,moved
CT20,M17/101EK113,02160702.JPG,M17\101EK113\02160702.JPG,02160702.JPG,5083699,2025-02-16 16:48:42,moved
CT20,M17/101EK113,02160703.JPG,M17\101EK113\02160703.JPG,02160703.JPG,5137463,2025-02-16 16:48:44,moved
CT20,M17/101EK113,02160704.JPG,M17\101EK113\02160704.JPG,02160704.JPG,5218274,2025-02-16 16:50:02,moved
CT20,M17/101EK113,02160705.JPG,M17\101EK113\02160705.JPG,02160705.JPG,5189171,2025-02-16 16:50:04,moved
CT20,M17/101EK113,02160706.JPG,M17\101EK113\02160706.JPG,02160706.JPG,5365760,2025-02-16 16:50:26,moved
CT20,M17/101EK113,02160707.JPG,M17\101EK113\02160707.JPG,02160707.JPG,5404060,2025-02-16 16:50:26,moved
CT20,M17/101EK113,02160708.JPG,M17\101EK113\02160708.JPG,02160708.JPG,5157934,2025-02-16 16:50:40,moved
CT20,M17/101EK113,02160709.JPG,M17\101EK113\02160709.JPG,02160709.JPG,5197657,2025-02-16 16:50:40,moved
CT20,M17/101EK113,02160710.JPG,M17\101EK113\02160710.JPG,02160710.JPG,5425547,2025-02-16 16:50:48,moved
CT20,M17/101EK113,02160711.JPG,M17\101EK113\02160711.JPG,02160711.JPG,5439257,2025-02-16 16:50:50,moved
CT20,M17/101EK113,02160712.JPG,M17\101EK113\02160712.JPG,02160712.JPG,5132140,2025-02-16 16:51:08,moved
CT20,M17/101EK113,02160713.JPG,M17\101EK113\02160713.JPG,02160713.JPG,5149568,2025-02-16 16:51:08,moved
CT20,M17/101EK113,02160714.JPG,M17\101EK113\02160714.JPG,02160714.JPG,5371184,2025-02-16 16:51:16,moved
CT20,M17/101EK113,02160715.JPG,M17\101EK113\02160715.JPG,02160715.JPG,5378403,2025-02-16 16:51:16,moved
CT20,M17/101EK113,02160716.JPG,M17\101EK113\02160716.JPG,02160716.JPG,5360348,2025-02-16 16:51:24,moved
CT20,M17/101EK113,02160717.JPG,M17\101EK113\02160717.JPG,02160717.JPG,5402521,2025-02-16 16:51:24,moved
CT20,M17/101EK113,02160718.JPG,M17\101EK113\02160718.JPG,02160718.JPG,5344622,2025-02-16 16:51:32,moved
CT20,M17/101EK113,02160719.JPG,M17\101EK113\02160719.JPG,02160719.JPG,5399967,2025-02-16 16:51:32,moved
CT20,M17/101EK113,02160720.JPG,M17\101EK113\02160720.JPG,02160720.JPG,5373489,2025-02-16 16:51:52,moved
CT20,M17/101EK113,02160721.JPG,M17\101EK113\02160721.JPG,02160721.JPG,5395795,2025-02-16 16:51:54,moved
CT20,M17/101EK113,02160722.JPG,M17\101EK113\02160722.JPG,02160722.JPG,5371007,2025-02-16 16:52:14,moved
CT20,M17/101EK113,02160723.JPG,M17\101EK113\02160723.JPG,02160723.JPG,5402182,2025-02-16 16:52:14,moved
CT20,M17/101EK113,02160724.JPG,M17\101EK113\02160724.JPG,02160724.JPG,5388746,2025-02-16 16:52:28,moved
CT20,M17/101EK113,02160725.JPG,M17\101EK113\02160725.JPG,02160725.JPG,5417867,2025-02-16 16:52:28,moved
CT20,M17/101EK113,02160726.JPG,M17\101EK113\02160726.JPG,02160726.JPG,5389538,2025-02-16 16:52:36,moved
CT20,M17/101EK113,02160727.JPG,M17\101EK113\02160727.JPG,02160727.JPG,5425482,2025-02-16 16:52:36,moved
CT20,M17/101EK113,02160728.JPG,M17\101EK113\02160728.JPG,02160728.JPG,5370709,2025-02-16 16:52:48,moved
CT20,M17/101EK113,02160729.JPG,M17\101EK113\02160729.JPG,02160729.JPG,5425556,2025-02-16 16:52:48,moved
CT20,M17/101EK113,02160730.JPG,M17\101EK113\02160730.JPG,02160730.JPG,5145322,2025-02-16 16:52:58,moved
CT20,M17/101EK113,02160731.JPG,M17\101EK113\02160731.JPG,02160731.JPG,5184218,2025-02-16 16:53:00,moved
CT20,M17/101EK113,02160732.JPG,M17\101EK113\02160732.JPG,02160732.JPG,5385108,2025-02-16 16:53:36,moved
CT20,M17/101EK113,02160733.JPG,M17\101EK113\02160733.JPG,02160733.JPG,5431378,2025-02-16 16:53:36,moved
CT20,M17/101EK113,02160734.JPG,M17\101EK113\02160734.JPG,02160734.JPG,5118867,2025-02-16 16:54:26,moved
CT20,M17/101EK113,02160735.JPG,M17\101EK113\02160735.JPG,02160735.JPG,5163600,2025-02-16 16:54:26,moved
CT20,M17/101EK113,02160736.JPG,M17\101EK113\02160736.JPG,02160736.JPG,5395896,2025-02-16 16:54:42,moved
CT20,M17/101EK113,02160737.JPG,M17\101EK113\02160737.JPG,02160737.JPG,5425550,2025-02-16 16:54:42,moved
CT20,M17/101EK113,02160738.JPG,M17\101EK113\02160738.JPG,02160738.JPG,5414048,2025-02-16 16:54:56,moved
CT20,M17/101EK113,02160739.JPG,M17\101EK113\02160739.JPG,02160739.JPG,5413951,2025-02-16 16:54:58,moved
CT20,M17/101EK113,02160740.JPG,M17\101EK113\02160740.JPG,02160740.JPG,5165831,2025-02-16 16:55:32,moved
CT20,M17/101EK113,02160741.JPG,M17\101EK113\02160741.JPG,02160741.JPG,5191570,2025-02-16 16:55:32,moved
CT20,M17/101EK113,02160742.JPG,M17\101EK113\02160742.JPG,02160742.JPG,5374584,2025-02-16 16:55:40,moved
CT20,M17/101EK113,02160743.JPG,M17\101EK113\02160743.JPG,02160743.JPG,5414626,2025-02-16 16:55:42,moved
CT20,M17/101EK113,02160744.JPG,M17\101EK113\02160744.JPG,02160744.JPG,5300277,2025-02-16 16:56:56,moved
CT20,M17/101EK113,02160745.JPG,M17\101EK113\02160745.JPG,02160745.JPG,5266424,2025-02-16 16:56:58,moved
CT20,M17/101EK113,02160746.JPG,M17\101EK113\02160746.JPG,02160746.JPG,5409545,2025-02-16 16:57:06,moved
CT20,M17/101EK113,02160747.JPG,M17\101EK113\02160747.JPG,02160747.JPG,5449745,2025-02-16 16:57:06,moved
CT20,M17/101EK113,02160748.JPG,M17\101EK113\02160748.JPG,02160748.JPG,5403761,2025-02-16 16:57:14,moved
CT20,M17/101EK113,02160749.JPG,M17\101EK113\02160749.JPG,02160749.JPG,5429047,2025-02-16 16:57:14,moved
CT20,M17/101EK113,02160750.JPG,M17\101EK113\02160750.JPG,02160750.JPG,5383835,2025-02-16 16:57:24,moved
CT20,M17/101EK113,02160751.JPG,M17\101EK113\02160751.JPG,02160751.JPG,5428223,2025-02-16 16:57:24,moved
CT20,M17/101EK113,02160752.JPG,M17\101EK113\02160752.JPG,02160752.JPG,5468993,2025-02-16 16:57:40,moved
CT20,M17/101EK113,02160753.JPG,M17\101EK113\02160753.JPG,02160753.JPG,5470795,2025-02-16 16:57:40,moved
CT20,M17/101EK113,02160754.JPG,M17\101EK113\02160754.JPG,02160754.JPG,5379892,2025-02-16 16:57:48,moved
CT20,M17/101EK113,02160755.JPG,M17\101EK113\02160755.JPG,02160755.JPG,5395028,2025-02-16 16:57:50,moved
CT20,M17/101EK113,02160756.JPG,M17\101EK113\02160756.JPG,02160756.JPG,5204542,2025-02-16 16:58:58,moved
CT20,M17/101EK113,02160757.JPG,M17\101EK113\02160757.JPG,02160757.JPG,5225031,2025-02-16 16:58:58,moved
CT20,M17/101EK113,02160758.JPG,M17\101EK113\02160758.JPG,02160758.JPG,5519639,2025-02-16 17:02:08,moved
CT20,M17/101EK113,02160759.JPG,M17\101EK113\02160759.JPG,02160759.JPG,5425318,2025-02-16 17:02:08,moved
CT20,M17/101EK113,02160760.JPG,M17\101EK113\02160760.JPG,02160760.JPG,5198690,2025-02-16 17:02:28,moved
CT20,M17/101EK113,02160761.JPG,M17\101EK113\02160761.JPG,02160761.JPG,5223956,2025-02-16 17:02:28,moved
CT20,M17/101EK113,02160762.JPG,M17\101EK113\02160762.JPG,02160762.JPG,5195238,2025-02-16 17:02:52,moved
CT20,M17/101EK113,02160763.JPG,M17\101EK113\02160763.JPG,02160763.JPG,5229104,2025-02-16 17:02:54,moved
CT20,M17/101EK113,02160764.JPG,M17\101EK113\02160764.JPG,02160764.JPG,5387707,2025-02-16 17:03:26,moved
CT20,M17/101EK113,02160765.JPG,M17\101EK113\02160765.JPG,02160765.JPG,5412730,2025-02-16 17:03:26,moved
CT20,M17/101EK113,02160766.JPG,M17\101EK113\02160766.JPG,02160766.JPG,5256923,2025-02-16 17:04:26,moved
CT20,M17/101EK113,02160767.JPG,M17\101EK113\02160767.JPG,02160767.JPG,5281167,2025-02-16 17:04:28,moved
CT20,M17/101EK113,02160768.JPG,M17\101EK113\02160768.JPG,02160768.JPG,5201241,2025-02-16 17:04:50,moved
CT20,M17/101EK113,02160769.JPG,M17\101EK113\02160769.JPG,02160769.JPG,5217560,2025-02-16 17:04:50,moved
CT20,M17/101EK113,02160770.JPG,M17\101EK113\02160770.JPG,02160770.JPG,5226256,2025-02-16 17:05:30,moved
CT20,M17/101EK113,02160771.JPG,M17\101EK113\02160771.JPG,02160771.JPG,5261605,2025-02-16 17:05:32,moved
CT20,M17/101EK113,02160772.JPG,M17\101EK113\02160772.JPG,02160772.JPG,5355715,2025-02-16 17:07:42,moved
CT20,M17/101EK113,02160773.JPG,M17\101EK113\02160773.JPG,02160773.JPG,5247232,2025-02-16 17:07:44,moved
CT20,M17/101EK113,02160774.JPG,M17\101EK113\02160774.JPG,02160774.JPG,5201986,2025-02-16 17:08:24,moved
CT20,M17/101EK113,02160775.JPG,M17\101EK113\02160775.JPG,02160775.JPG,5234171,2025-02-16 17:08:26,moved
CT20,M17/101EK113,02160776.JPG,M17\101EK113\02160776.JPG,02160776.JPG,5224033,2025-02-16 17:09:16,moved
CT20,M17/101EK113,02160777.JPG,M17\101EK113\02160777.JPG,02160777.JPG,5249956,2025-02-16 17:09:18,moved
CT20,M17/101EK113,02160778.JPG,M17\101EK113\02160778.JPG,02160778.JPG,5279251,2025-02-16 17:10:00,moved
CT20,M17/101EK113,02160779.JPG,M17\101EK113\02160779.JPG,02160779.JPG,5323507,2025-02-16 17:10:00,moved
CT20,M17/101EK113,02160780.JPG,M17\101EK113\02160780.JPG,02160780.JPG,5258830,2025-02-16 17:10:48,moved
CT20,M17/101EK113,02160781.JPG,M17\101EK113\02160781.JPG,02160781.JPG,5277283,2025-02-16 17:10:48,moved
CT20,M17/101EK113,02160782.JPG,M17\101EK113\02160782.JPG,02160782.JPG,5208086,2025-02-16 17:10:58,moved
CT20,M17/101EK113,02160783.JPG,M17\101EK113\02160783.JPG,02160783.JPG,5283144,2025-02-16 17:11:00,moved
CT20,M17/101EK113,02160784.JPG,M17\101EK113\02160784.JPG,02160784.JPG,5402580,2025-02-16 17:11:12,moved
CT20,M17/101EK113,02160785.JPG,M17\101EK113\02160785.JPG,02160785.JPG,5431708,2025-02-16 17:11:12,moved
CT20,M17/101EK113,02160786.JPG,M17\101EK113\02160786.JPG,02160786.JPG,5416430,2025-02-16 17:12:40,moved
CT20,M17/101EK113,02160787.JPG,M17\101EK113\02160787.JPG,02160787.JPG,5346030,2025-02-16 17:12:42,moved
CT20,M17/101EK113,02160788.JPG,M17\101EK113\02160788.JPG,02160788.JPG,5414378,2025-02-16 17:12:52,moved
CT20,M17/101EK113,02160789.JPG,M17\101EK113\02160789.JPG,02160789.JPG,5425379,2025-02-16 17:12:54,moved
CT20,M17/101EK113,02160790.JPG,M17\101EK113\02160790.JPG,02160790.JPG,5234365,2025-02-16 17:13:54,moved
CT20,M17/101EK113,02160791.JPG,M17\101EK113\02160791.JPG,02160791.JPG,5267530,2025-02-16 17:13:54,moved
CT20,M17/101EK113,02160792.JPG,M17\101EK113\02160792.JPG,02160792.JPG,5235721,2025-02-16 17:14:14,moved
CT20,M17/101EK113,02160793.JPG,M17\101EK113\02160793.JPG,02160793.JPG,5274258,2025-02-16 17:14:16,moved
CT20,M17/101EK113,02160794.JPG,M17\101EK113\02160794.JPG,02160794.JPG,5322034,2025-02-16 17:15:42,moved
CT20,M17/101EK113,02160795.JPG,M17\101EK113\02160795.JPG,02160795.JPG,5265829,2025-02-16 17:15:44,moved
CT20,M17/101EK113,02160796.JPG,M17\101EK113\02160796.JPG,02160796.JPG,5327187,2025-02-16 17:17:16,moved
CT20,M17/101EK113,02160797.JPG,M17\101EK113\02160797.JPG,02160797.JPG,5277240,2025-02-16 17:17:16,moved
CT20,M17/101EK113,02160798.JPG,M17\101EK113\02160798.JPG,02160798.JPG,5352714,2025-02-16 17:18:48,moved
CT20,M17/101EK113,02160799.JPG,M17\101EK113\02160799.JPG,02160799.JPG,5271541,2025-02-16 17:18:48,moved
CT20,M17/101EK113,02160800.JPG,M17\101EK113\02160800.JPG,02160800.JPG,5268870,2025-02-16 17:19:12,moved
CT20,M17/101EK113,02160801.JPG,M17\101EK113\02160801.JPG,02160801.JPG,5334485,2025-02-16 17:19:14,moved
CT20,M17/101EK113,02160802.JPG,M17\101EK113\02160802.JPG,02160802.JPG,5328776,2025-02-16 17:19:28,moved
CT20,M17/101EK113,02160803.JPG,M17\101EK113\02160803.JPG,02160803.JPG,5363405,2025-02-16 17:19:30,moved
CT20,M17/101EK113,02160804.JPG,M17\101EK113\02160804.JPG,02160804.JPG,5501786,2025-02-16 17:21:18,moved
CT20,M17/101EK113,02160805.JPG,M17\101EK113\02160805.JPG,02160805.JPG,5445463,2025-02-16 17:21:20,moved
CT20,M17/101EK113,02160806.JPG,M17\101EK113\02160806.JPG,02160806.JPG,5515317,2025-02-16 17:23:38,moved
CT20,M17/101EK113,02160807.JPG,M17\101EK113\02160807.JPG,02160807.JPG,5463100,2025-02-16 17:23:40,moved
CT20,M17/101EK113,02160808.JPG,M17\101EK113\02160808.JPG,02160808.JPG,5330186,2025-02-16 17:24:46,moved
CT20,M17/101EK113,02160809.JPG,M17\101EK113\02160809.JPG,02160809.JPG,5368314,2025-02-16 17:24:46,moved
CT20,M17/101EK113,02160810.JPG,M17\101EK113\02160810.JPG,02160810.JPG,5313523,2025-02-16 17:25:04,moved
CT20,M17/101EK113,02160811.JPG,M17\101EK113\02160811.JPG,02160811.JPG,5344542,2025-02-16 17:25:06,moved
CT20,M17/101EK113,02160812.JPG,M17\101EK113\02160812.JPG,02160812.JPG,5343516,2025-02-16 17:25:38,moved
CT20,M17/101EK113,02160813.JPG,M17\101EK113\02160813.JPG,02160813.JPG,5358842,2025-02-16 17:25:38,moved
CT20,M17/101EK113,02160814.JPG,M17\101EK113\02160814.JPG,02160814.JPG,5303796,2025-02-16 17:26:14,moved
CT20,M17/101EK113,02160815.JPG,M17\101EK113\02160815.JPG,02160815.JPG,5338489,2025-02-16 17:26:16,moved
CT20,M17/101EK113,02160816.JPG,M17\101EK113\02160816.JPG,02160816.JPG,5290009,2025-02-16 17:26:28,moved
CT20,M17/101EK113,02160817.JPG,M17\101EK113\02160817.JPG,02160817.JPG,5327811,2025-02-16 17:26:28,moved
CT20,M17/101EK113,02160818.JPG,M17\101EK113\02160818.JPG,02160818.JPG,5297323,2025-02-16 17:27:10,moved
CT20,M17/101EK113,02160819.JPG,M17\101EK113\02160819.JPG,02160819.JPG,5340415,2025-02-16 17:27:10,moved
CT20,M17/101EK113,02160820.JPG,M17\101EK113\02160820.JPG,02160820.JPG,5330011,2025-02-16 17:27:28,moved
CT20,M17/101EK113,02160821.JPG,M17\101EK113\02160821.JPG,02160821.JPG,5362449,2025-02-16 17:27:30,moved
CT20,M17/101EK113,02160822.JPG,M17\101EK113\02160822.JPG,02160822.JPG,5301865,2025-02-16 17:28:06,moved
CT20,M17/101EK113,02160823.JPG,M17\101EK113\02160823.JPG,02160823.JPG,5329531,2025-02-16 17:28:06,moved
CT20,M17/101EK113,02160824.JPG,M17\101EK113\02160824.JPG,02160824.JPG,5318810,2025-02-16 17:28:24,moved
CT20,M17/101EK113,02160825.JPG,M17\101EK113\02160825.JPG,02160825.JPG,5352249,2025-02-16 17:28:26,moved
CT20,M17/101EK113,02160826.JPG,M17\101EK113\02160826.JPG,02160826.JPG,5343486,2025-02-16 17:28:48,moved
CT20,M17/101EK113,02160827.JPG,M17\101EK113\02160827.JPG,02160827.JPG,5369916,2025-02-16 17:28:50,moved
CT20,M17/101EK113,02160828.JPG,M17\101EK113\02160828.JPG,02160828.JPG,5330755,2025-02-16 17:29:58,moved
CT20,M17/101EK113,02160829.JPG,M17\101EK113\02160829.JPG,02160829.JPG,5356807,2025-02-16 17:30:00,moved
CT20,M17/101EK113,02160830.JPG,M17\101EK113\02160830.JPG,02160830.JPG,5305761,2025-02-16 17:30:38,moved
CT20,M17/101EK113,02160831.JPG,M17\101EK113\02160831.JPG,02160831.JPG,5336293,2025-02-16 17:30:40,moved
CT20,M17/101EK113,02160832.JPG,M17\101EK113\02160832.JPG,02160832.JPG,5305017,2025-02-16 17:31:02,moved
CT20,M17/101EK113,02160833.JPG,M17\101EK113\02160833.JPG,02160833.JPG,5345688,2025-02-16 17:31:02,moved
CT20,M17/101EK113,02160834.JPG,M17\101EK113\02160834.JPG,02160834.JPG,5454860,2025-02-16 17:32:06,moved
CT20,M17/101EK113,02160835.JPG,M17\101EK113\02160835.JPG,02160835.JPG,5468567,2025-02-16 17:32:06,moved
CT20,M17/101EK113,02160836.JPG,M17\101EK113\02160836.JPG,02160836.JPG,5310314,2025-02-16 17:32:34,moved
CT20,M17/101EK113,02160837.JPG,M17\101EK113\02160837.JPG,02160837.JPG,5358928,2025-02-16 17:32:36,moved
CT20,M17/101EK113,02160838.JPG,M17\101EK113\02160838.JPG,02160838.JPG,5419857,2025-02-16 17:34:36,moved
CT20,M17/101EK113,02160839.JPG,M17\101EK113\02160839.JPG,02160839.JPG,5322434,2025-02-16 17:34:38,moved
CT20,M17/101EK113,02160840.JPG,M17\101EK113\02160840.JPG,02160840.JPG,5469082,2025-02-16 17:36:14,moved
CT20,M17/101EK113,02160841.JPG,M17\101EK113\02160841.JPG,02160841.JPG,5387306,2025-02-16 17:36:14,moved
CT20,M17/101EK113,02160842.JPG,M17\101EK113\02160842.JPG,02160842.JPG,5321404,2025-02-16 17:36:40,moved
CT20,M17/101EK113,02160843.JPG,M17\101EK113\02160843.JPG,02160843.JPG,5357531,2025-02-16 17:36:42,moved
CT20,M17/101EK113,02160844.JPG,M17\101EK113\02160844.JPG,02160844.JPG,5352585,2025-02-16 17:37:22,moved
CT20,M17/101EK113,02160845.JPG,M17\101EK113\02160845.JPG,02160845.JPG,5390468,2025-02-16 17:37:24,moved
CT20,M17/101EK113,02160846.JPG,M17\101EK113\02160846.JPG,02160846.JPG,5352738,2025-02-16 17:38:16,moved
CT20,M17/101EK113,02160847.JPG,M17\101EK113\02160847.JPG,02160847.JPG,5374560,2025-02-16 17:38:16,moved
CT20,M17/101EK113,02160848.JPG,M17\101EK113\02160848.JPG,02160848.JPG,5368224,2025-02-16 17:39:18,moved
CT20,M17/101EK113,02160849.JPG,M17\101EK113\02160849.JPG,02160849.JPG,5397998,2025-02-16 17:39:18,moved
CT20,M17/101EK113,02160850.JPG,M17\101EK113\02160850.JPG,02160850.JPG,5352346,2025-02-16 17:39:42,moved
CT20,M17/101EK113,02160851.JPG,M17\101EK113\02160851.JPG,02160851.JPG,5394329,2025-02-16 17:39:44,moved
CT20,M17/101EK113,02160852.JPG,M17\101EK113\02160852.JPG,02160852.JPG,5495139,2025-02-16 17:41:22,moved
CT20,M17/101EK113,02160853.JPG,M17\101EK113\02160853.JPG,02160853.JPG,5391451,2025-02-16 17:41:24,moved
CT20,M17/101EK113,02160854.JPG,M17\101EK113\02160854.JPG,02160854.JPG,5359339,2025-02-16 17:41:58,moved
CT20,M17/101EK113,02160855.JPG,M17\101EK113\02160855.JPG,02160855.JPG,5388984,2025-02-16 17:41:58,moved
CT20,M17/101EK113,02160856.JPG,M17\101EK113\02160856.JPG,02160856.JPG,5341213,2025-02-16 17:42:26,moved
CT20,M17/101EK113,02160857.JPG,M17\101EK113\02160857.JPG,02160857.JPG,5388847,2025-02-16 17:42:28,moved
CT20,M17/101EK113,02160858.JPG,M17\101EK113\02160858.JPG,02160858.JPG,5407858,2025-02-16 17:43:38,moved
CT20,M17/101EK113,02160859.JPG,M17\101EK113\02160859.JPG,02160859.JPG,5392240,2025-02-16 17:43:40,moved
CT20,M17/101EK113,02160860.JPG,M17\101EK113\02160860.JPG,02160860.JPG,5403639,2025-02-16 17:44:10,moved
CT20,M17/101EK113,02160861.JPG,M17\101EK113\02160861.JPG,02160861.JPG,5446537,2025-02-16 17:44:10,moved
CT20,M17/101EK113,02160862.JPG,M17\101EK113\02160862.JPG,02160862.JPG,5510920,2025-02-16 17:46:30,moved
CT20,M17/101EK113,02160863.JPG,M17\101EK113\02160863.JPG,02160863.JPG,5428936,2025-02-16 17:46:30,moved
CT20,M17/101EK113,02160864.JPG,M17\101EK113\02160864.JPG,02160864.JPG,5374906,2025-02-16 17:47:16,moved
CT20,M17/101EK113,02160865.JPG,M17\101EK113\02160865.JPG,02160865.JPG,5419949,2025-02-16 17:47:16,moved
CT20,M17/101EK113,02160866.JPG,M17\101EK113\02160866.JPG,02160866.JPG,5388034,2025-02-16 17:47:56,moved
CT20,M17/101EK113,02160867.JPG,M17\101EK113\02160867.JPG,02160867.JPG,5406841,2025-02-16 17:47:56,moved
CT20,M17/101EK113,02160868.JPG,M17\101EK113\02160868.JPG,02160868.JPG,5395471,2025-02-16 17:48:52,moved
CT20,M17/101EK113,02160869.JPG,M17\101EK113\02160869.JPG,02160869.JPG,5423884,2025-02-16 17:48:54,moved
CT20,M17/101EK113,02160870.JPG,M17\101EK113\02160870.JPG,02160870.JPG,5406079,2025-02-16 17:49:36,moved
CT20,M17/101EK113,02160871.JPG,M17\101EK113\02160871.JPG,02160871.JPG,5413427,2025-02-16 17:49:38,moved
CT20,M17/101EK113,02160872.JPG,M17\101EK113\02160872.JPG,02160872.JPG,5498165,2025-02-16 17:51:02,moved
CT20,M17/101EK113,02160873.JPG,M17\101EK113\02160873.JPG,02160873.JPG,5441751,2025-02-16 17:51:02,moved
CT20,M17/101EK113,02160874.JPG,M17\101EK113\02160874.JPG,02160874.JPG,5436845,2025-02-16 17:51:52,moved
CT20,M17/101EK113,02160875.JPG,M17\101EK113\02160875.JPG,02160875.JPG,5458517,2025-02-16 17:51:52,moved
CT20,M17/101EK113,02160876.JPG,M17\101EK113\02160876.JPG,02160876.JPG,5444067,2025-02-16 17:52:32,moved
CT20,M17/101EK113,02160877.JPG,M17\101EK113\02160877.JPG,02160877.JPG,5461620,2025-02-16 17:52:34,moved
CT20,M17/101EK113,02160878.JPG,M17\101EK113\02160878.JPG,02160878.JPG,5526009,2025-02-16 17:55:02,moved
CT20,M17/101EK113,02160879.JPG,M17\101EK113\02160879.JPG,02160879.JPG,5466168,2025-02-16 17:55:04,moved
CT20,M17/101EK113,02160880.JPG,M17\101EK113\02160880.JPG,02160880.JPG,5579915,2025-02-16 17:56:30,moved
CT20,M17/101EK113,02160881.JPG,M17\101EK113\02160881.JPG,02160881.JPG,5476384,2025-02-16 17:56:30,moved
CT20,M17/101EK113,02160882.JPG,M17\101EK113\02160882.JPG,02160882.JPG,5471016,2025-02-16 17:57:16,moved
CT20,M17/101EK113,02160883.JPG,M17\101EK113\02160883.JPG,02160883.JPG,5481736,2025-02-16 17:57:18,moved
CT20,M17/101EK113,02160884.JPG,M17\101EK113\02160884.JPG,02160884.JPG,5551714,2025-02-16 18:00:02,moved
CT20,M17/101EK113,02160885.JPG,M17\101EK113\02160885.JPG,02160885.JPG,5479551,2025-02-16 18:00:04,moved
CT20,M17/101EK113,02160886.JPG,M17\101EK113\02160886.JPG,02160886.JPG,5558151,2025-02-16 18:02:04,moved
CT20,M17/101EK113,02160887.JPG,M17\101EK113\02160887.JPG,02160887.JPG,5501862,2025-02-16 18:02:06,moved
CT20,M17/101EK113,02160888.JPG,M17\101EK113\02160888.JPG,02160888.JPG,5488510,2025-02-16 18:03:04,moved
CT20,M17/101EK113,02160889.JPG,M17\101EK113\02160889.JPG,02160889.JPG,5508481,2025-02-16 18:03:06,moved
CT20,M17/101EK113,02160890.JPG,M17\101EK113\02160890.JPG,02160890.JPG,5602747,2025-02-16 18:04:38,moved
CT20,M17/101EK113,02160891.JPG,M17\101EK113\02160891.JPG,02160891.JPG,5494061,2025-02-16 18:04:38,moved
CT20,M17/101EK113,02160892.JPG,M17\101EK113\02160892.JPG,02160892.JPG,5489695,2025-02-16 18:05:22,moved
CT20,M17/101EK113,02160893.JPG,M17\101EK113\02160893.JPG,02160893.JPG,5503877,2025-02-16 18:05:22,moved
CT20,M17/101EK113,02160894.JPG,M17\101EK113\02160894.JPG,02160894.JPG,5575767,2025-02-16 18:07:18,moved
CT20,M17/101EK113,02160895.JPG,M17\101EK113\02160895.JPG,02160895.JPG,5508716,2025-02-16 18:07:18,moved
CT20,M17/101EK113,02160896.JPG,M17\101EK113\02160896.JPG,02160896.JPG,5497614,2025-02-16 18:08:10,moved
CT20,M17/101EK113,02160897.JPG,M17\101EK113\02160897.JPG,02160897.JPG,5510911,2025-02-16 18:08:12,moved
CT20,M17/101EK113,02160898.JPG,M17\101EK113\02160898.JPG,02160898.JPG,5491780,2025-02-16 18:09:24,moved
CT20,M17/101EK113,02160899.JPG,M17\101EK113\02160899.JPG,02160899.JPG,5509584,2025-02-16 18:09:26,moved
CT20,M17/101EK113,02160900.JPG,M17\101EK113\02160900.JPG,02160900.JPG,5515776,2025-02-16 18:10:38,moved
CT20,M17/101EK113,02160901.JPG,M17\101EK113\02160901.JPG,02160901.JPG,5521800,2025-02-16 18:10:40,moved
CT20,M17/101EK113,02160902.JPG,M17\101EK113\02160902.JPG,02160902.JPG,5611871,2025-02-16 18:13:24,moved
CT20,M17/101EK113,02160903.JPG,M17\101EK113\02160903.JPG,02160903.JPG,5519606,2025-02-16 18:13:24,moved
CT20,M17/101EK113,02160904.JPG,M17\101EK113\02160904.JPG,02160904.JPG,5506568,2025-02-16 18:14:36,moved
CT20,M17/101EK113,02160905.JPG,M17\101EK113\02160905.JPG,02160905.JPG,5514918,2025-02-16 18:14:36,moved
CT20,M17/101EK113,02160906.JPG,M17\101EK113\02160906.JPG,02160906.JPG,5592743,2025-02-16 18:16:06,moved
CT20,M17/101EK113,02160907.JPG,M17\101EK113\02160907.JPG,02160907.JPG,5514074,2025-02-16 18:16:06,moved
CT20,M17/101EK113,02160908.JPG,M17\101EK113\02160908.JPG,02160908.JPG,5496544,2025-02-16 18:17:14,moved
CT20,M17/101EK113,02160909.JPG,M17\101EK113\02160909.JPG,02160909.JPG,5506294,2025-02-16 18:17:14,moved
CT20,M17/101EK113,02160910.JPG,M17\101EK113\02160910.JPG,02160910.JPG,5591386,2025-02-16 18:20:12,moved
CT20,M17/101EK113,02160911.JPG,M17\101EK113\02160911.JPG,02160911.JPG,5493974,2025-02-16 18:20:14,moved
CT20,M17/101EK113,02160912.JPG,M17\101EK113\02160912.JPG,02160912.JPG,5468457,2025-02-16 18:21:36,moved
CT20,M17/101EK113,02160913.JPG,M17\101EK113\02160913.JPG,02160913.JPG,5497791,2025-02-16 18:21:36,moved
CT20,M17/101EK113,02160914.JPG,M17\101EK113\02160914.JPG,02160914.JPG,5542572,2025-02-16 18:22:54,moved
CT20,M17/101EK113,02160915.JPG,M17\101EK113\02160915.JPG,02160915.JPG,5488407,2025-02-16 18:22:54,moved
CT20,M17/101EK113,02160916.JPG,M17\101EK113\02160916.JPG,02160916.JPG,5564893,2025-02-16 18:25:10,moved
CT20,M17/101EK113,02160917.JPG,M17\101EK113\02160917.JPG,02160917.JPG,5508766,2025-02-16 18:25:10,moved
CT20,M17/101EK113,02160918.JPG,M17\101EK113\02160918.JPG,02160918.JPG,5493236,2025-02-16 18:34:40,moved
CT20,M17/101EK113,02160919.JPG,M17\101EK113\02160919.JPG,02160919.JPG,5402047,2025-02-16 18:34:40,moved
CT20,M17/101EK113,02160920.JPG,M17\101EK113\02160920.JPG,02160920.JPG,5361008,2025-02-16 18:35:38,moved
CT20,M17/101EK113,02160921.JPG,M17\101EK113\02160921.JPG,02160921.JPG,5405593,2025-02-16 18:35:40,moved
CT20,M17/101EK113,02160922.JPG,M17\101EK113\02160922.JPG,02160922.JPG,5569010,2025-02-16 18:40:28,moved
CT20,M17/101EK113,02160923.JPG,M17\101EK113\02160923.JPG,02160923.JPG,5478280,2025-02-16 18:40:28,moved
CT20,M17/101EK113,02160924.JPG,M17\101EK113\02160924.JPG,02160924.JPG,5426698,2025-02-16 18:42:10,moved
CT20,M17/101EK113,02160925.JPG,M17\101EK113\02160925.JPG,02160925.JPG,5377215,2025-02-16 18:42:12,moved
CT20,M17/101EK113,02160926.JPG,M17\101EK113\02160926.JPG,02160926.JPG,5316373,2025-02-16 18:43:28,moved
CT20,M17/101EK113,02160927.JPG,M17\101EK113\02160927.JPG,02160927.JPG,5359442,2025-02-16 18:43:28,moved
CT20,M17/101EK113,02160928.JPG,M17\101EK113\02160928.JPG,02160928.JPG,5580009,2025-02-16 18:47:18,moved
CT20,M17/101EK113,02160929.JPG,M17\101EK113\02160929.JPG,02160929.JPG,5494815,2025-02-16 18:47:20,moved
CT20,M17/101EK113,02160930.JPG,M17\101EK113\02160930.JPG,02160930.JPG,5441068,2025-02-16 18:49:08,moved
CT20,M17/101EK113,02160931.JPG,M17\101EK113\02160931.JPG,02160931.JPG,5352971,2025-02-16 18:49:10,moved
CT20,M17/101EK113,02160932.JPG,M17\101EK113\02160932.JPG,02160932.JPG,5511460,2025-02-16 18:51:40,moved
CT20,M17/101EK113,02160933.JPG,M17\101EK113\02160933.JPG,02160933.JPG,5436837,2025-02-16 18:51:42,moved
CT20,M17/101EK113,02160934.JPG,M17\101EK113\02160934.JPG,02160934.JPG,5527218,2025-02-16 18:54:56,moved
CT20,M17/101EK113,02160935.JPG,M17\101EK113\02160935.JPG,02160935.JPG,5434684,2025-02-16 18:54:56,moved
CT20,M17/101EK113,02160936.JPG,M17\101EK113\02160936.JPG,02160936.JPG,5402465,2025-02-16 18:56:04,moved
CT20,M17/101EK113,02160937.JPG,M17\101EK113\02160937.JPG,02160937.JPG,5410472,2025-02-16 18:56:04,moved
CT20,M17/101EK113,02160938.JPG,M17\101EK113\02160938.JPG,02160938.JPG,5481267,2025-02-16 18:57:48,moved
CT20,M17/101EK113,02160939.JPG,M17\101EK113\02160939.JPG,02160939.JPG,5414336,2025-02-16 18:57:50,moved
CT20,M17/101EK113,02160940.JPG,M17\101EK113\02160940.JPG,02160940.JPG,5521835,2025-02-16 18:59:30,moved
CT20,M17/101EK113,02160941.JPG,M17\101EK113\02160941.JPG,02160941.JPG,5460654,2025-02-16 18:59:30,moved
CT20,M17/101EK113,02160942.JPG,M17\101EK113\02160942.JPG,02160942.JPG,5520016,2025-02-16 19:01:20,moved
CT20,M17/101EK113,02160943.JPG,M17\101EK113\02160943.JPG,02160943.JPG,5445698,2025-02-16 19:01:22,moved
CT20,M17/101EK113,02160944.JPG,M17\101EK113\02160944.JPG,02160944.JPG,5557589,2025-02-16 19:03:14,moved
CT20,M17/101EK113,02160945.JPG,M17\101EK113\02160945.JPG,02160945.JPG,5496661,2025-02-16 19:03:14,moved
CT20,M17/101EK113,02160946.JPG,M17\101EK113\02160946.JPG,02160946.JPG,5515343,2025-02-16 19:05:16,moved
CT20,M17/101EK113,02160947.JPG,M17\101EK113\02160947.JPG,02160947.JPG,5447347,2025-02-16 19:05:18,moved
CT20,M17/101EK113,02160948.JPG,M17\101EK113\02160948.JPG,02160948.JPG,5553461,2025-02-16 19:15:40,moved
CT20,M17/101EK113,02160949.JPG,M17\101EK113\02160949.JPG,02160949.JPG,5513693,2025-02-16 19:15:42,moved
CT20,M17/101EK113,02160950.JPG,M17\101EK113\02160950.JPG,02160950.JPG,5548410,2025-02-16 19:17:16,moved
CT20,M17/101EK113,02160951.JPG,M17\101EK113\02160951.JPG,02160951.JPG,5490844,2025-02-16 19:17:18,moved
CT20,M17/101EK113,02160952.JPG,M17\101EK113\02160952.JPG,02160952.JPG,5469910,2025-02-16 19:18:42,moved
CT20,M17/101EK113,02160953.JPG,M17\101EK113\02160953.JPG,02160953.JPG,5493232,2025-02-16 19:18:42,moved
CT20,M17/101EK113,02160954.JPG,M17\101EK113\02160954.JPG,02160954.JPG,5482577,2025-02-16 19:20:06,moved
CT20,M17/101EK113,02160955.JPG,M17\101EK113\02160955.JPG,02160955.JPG,5504269,2025-02-16 19:20:08,moved
CT20,M17/101EK113,02160956.JPG,M17\101EK113\02160956.JPG,02160956.JPG,5560427,2025-02-16 19:22:22,moved
CT20,M17/101EK113,02160957.JPG,M17\101EK113\02160957.JPG,02160957.JPG,5506752,2025-02-16 19:22:22,moved
CT20,M17/101EK113,02160958.JPG,M17\101EK113\02160958.JPG,02160958.JPG,5624070,2025-02-16 19:26:24,moved
CT20,M17/101EK113,02160959.JPG,M17\101EK113\02160959.JPG,02160959.JPG,5534122,2025-02-16 19:26:24,moved
CT20,M17/101EK113,02160960.JPG,M17\101EK113\02160960.JPG,02160960.JPG,5592066,2025-02-16 19:28:12,moved
CT20,M17/101EK113,02160961.JPG,M17\101EK113\02160961.JPG,02160961.JPG,5509619,2025-02-16 19:28:12,moved
CT20,M17/101EK113,02160962.JPG,M17\101EK113\02160962.JPG,02160962.JPG,5544230,2025-02-16 19:42:28,moved
CT20,M17/101EK113,02160963.JPG,M17\101EK113\02160963.JPG,02160963.JPG,5478020,2025-02-16 19:42:30,moved
CT20,M17/101EK113,02160964.JPG,M17\101EK113\02160964.JPG,02160964.JPG,5474453,2025-02-16 19:49:16,moved
CT20,M17/101EK113,02160965.JPG,M17\101EK113\02160965.JPG,02160965.JPG,5435883,2025-02-16 19:49:16,moved
CT20,M17/101EK113,02160966.JPG,M17\101EK113\02160966.JPG,02160966.JPG,5455885,2025-02-16 19:53:38,moved
CT20,M17/101EK113,02160967.JPG,M17\101EK113\02160967.JPG,02160967.JPG,5407266,2025-02-16 19:53:40,moved
CT20,M17/101EK113,02160968.JPG,M17\101EK113\02160968.JPG,02160968.JPG,5372974,2025-02-16 19:54:46,moved
CT20,M17/101EK113,02160969.JPG,M17\101EK113\02160969.JPG,02160969.JPG,5417732,2025-02-16 19:54:48,moved
CT20,M17/101EK113,02160970.JPG,M17\101EK113\02160970.JPG,02160970.JPG,5515386,2025-02-16 19:59:10,moved
CT20,M17/101EK113,02160971.JPG,M17\101EK113\02160971.JPG,02160971.JPG,5413788,2025-02-16 19:59:10,moved
CT20,M17/101EK113,02160972.JPG,M17\101EK113\02160972.JPG,02160972.JPG,5587036,2025-02-16 20:09:58,moved
CT20,M17/101EK113,02160973.JPG,M17\101EK113\02160973.JPG,02160973.JPG,5458852,2025-02-16 20:10:00,moved
CT20,M17/101EK113,02170974.JPG,M17\101EK113\02170974.JPG,02170974.JPG,5619794,2025-02-17 16:46:58,moved
CT20,M17/101EK113,02170975.JPG,M17\101EK113\02170975.JPG,02170975.JPG,5533849,2025-02-17 16:46:58,moved
CT20,M17/101EK113,02170976.JPG,M17\101EK113\02170976.JPG,02170976.JPG,5589392,2025-02-17 16:48:44,moved
CT20,M17/101EK113,02170977.JPG,M17\101EK113\02170977.JPG,02170977.JPG,5526058,2025-02-17 16:48:44,moved
CT20,M17/101EK113,02180978.JPG,M17\101EK113\02180978.JPG,02180978.JPG,5586863,2025-02-18 15:49:50,moved
CT20,M17/101EK113,02180979.JPG,M17\101EK113\02180979.JPG,02180979.JPG,5521908,2025-02-18 15:49:52,moved
CT20,M17/101EK113,02180980.JPG,M17\101EK113\02180980.JPG,02180980.JPG,5603860,2025-02-18 16:02:48,moved
CT20,M17/101EK113,02180981.JPG,M17\101EK113\02180981.JPG,02180981.JPG,5523919,2025-02-18 16:02:48,moved
CT20,M17/101EK113,02180982.JPG,M17\101EK113\02180982.JPG,02180982.JPG,5576478,2025-02-18 16:04:10,moved
CT20,M17/101EK113,02180983.JPG,M17\101EK113\02180983.JPG,02180983.JPG,5522849,2025-02-18 16:04:12,moved
CT20,M17/101EK113,02180984.JPG,M17\101EK113\02180984.JPG,02180984.JPG,5561196,2025-02-18 16:07:32,moved
CT20,M17/101EK113,02180985.JPG,M17\101EK113\02180985.JPG,02180985.JPG,5516186,2025-02-18 16:07:32,moved
CT20,M17/101EK113,02180986.JPG,M17\101EK113\02180986.JPG,02180986.JPG,5590200,2025-02-18 16:09:18,moved
CT20,M17/101EK113,02180987.JPG,M17\101EK113\02180987.JPG,02180987.JPG,5489335,2025-02-18 16:09:18,moved
CT20,M17/101EK113,02180988.JPG,M17\101EK113\02180988.JPG,02180988.JPG,5596071,2025-02-18 16:10:48,moved
CT20,M17/101EK113,02180989.JPG,M17\101EK113\02180989.JPG,02180989.JPG,5520900,2025-02-18 16:10:50,moved
CT20,M17/101EK113,02180990.JPG,M17\101EK113\02180990.JPG,02180990.JPG,5580821,2025-02-18 16:13:24,moved
CT20,M17/101EK113,02180991.JPG,M17\101EK113\02180991.JPG,02180991.JPG,5509018,2025-02-18 16:13:24,moved
CT20,M17/101EK113,02180992.JPG,M17\101EK113\02180992.JPG,02180992.JPG,5586447,2025-02-18 16:15:42,moved
CT20,M17/101EK113,02180993.JPG,M17\101EK113\02180993.JPG,02180993.JPG,5510455,2025-02-18 16:15:44,moved
CT20,M17/101EK113,02180994.JPG,M17\101EK113\02180994.JPG,02180994.JPG,5593416,2025-02-18 16:17:02,moved
CT20,M17/101EK113,02180995.JPG,M17\101EK113\02180995.JPG,02180995.JPG,5534252,2025-02-18 16:17:02,moved
CT20,M17/101EK113,02180996.JPG,M17\101EK113\02180996.JPG,02180996.JPG,5559944,2025-02-18 16:18:42,moved
CT20,M17/101EK113,02180997.JPG,M17\101EK113\02180997.JPG,02180997.JPG,5515497,2025-02-18 16:18:44,moved
CT20,M17/101EK113,02180998.JPG,M17\101EK113\02180998.JPG,02180998.JPG,5599843,2025-02-18 16:19:52,moved
CT20,M17/101EK113,02180999.JPG,M17\101EK113\02180999.JPG,02180999.JPG,5522123,2025-02-18 16:19:54,moved
CT20,M17/102EK113,02180001.JPG,M17\102EK113\02180001.JPG,02180001.JPG,5584665,2025-02-18 16:21:08,moved
CT20,M17/102EK113,02180002.JPG,M17\102EK113\02180002.JPG,02180002.JPG,5504128,2025-02-18 16:21:10,moved
CT20,M17/102EK113,02180003.JPG,M17\102EK113\02180003.JPG,02180003.JPG,5580779,2025-02-18 16:22:20,moved
CT20,M17/102EK113,02180004.JPG,M17\102EK113\02180004.JPG,02180004.JPG,5520653,2025-02-18 16:22:20,moved
CT20,M17/102EK113,02180005.JPG,M17\102EK113\02180005.JPG,02180005.JPG,5592123,2025-02-18 16:23:36,moved
CT20,M17/102EK113,02180006.JPG,M17\102EK113\02180006.JPG,02180006.JPG,5523354,2025-02-18 16:23:38,moved
CT20,M17/102EK113,02180007.JPG,M17\102EK113\02180007.JPG,02180007.JPG,5631466,2025-02-18 16:25:08,moved
CT20,M17/102EK113,02180008.JPG,M17\102EK113\02180008.JPG,02180008.JPG,5507991,2025-02-18 16:25:10,moved
CT20,M17/102EK113,02180009.JPG,M17\102EK113\02180009.JPG,02180009.JPG,5611529,2025-02-18 16:26:54,moved
CT20,M17/102EK113,02180010.JPG,M17\102EK113\02180010.JPG,02180010.JPG,5526647,2025-02-18 16:26:54,moved
CT20,M17/102EK113,02180011.JPG,M17\102EK113\02180011.JPG,02180011.JPG,5565878,2025-02-18 16:28:10,moved
CT20,M17/102EK113,02180012.JPG,M17\102EK113\02180012.JPG,02180012.JPG,5520795,2025-02-18 16:28:10,moved
CT20,M17/102EK113,02180013.JPG,M17\102EK113\02180013.JPG,02180013.JPG,5603322,2025-02-18 16:29:34,moved
CT20,M17/102EK113,02180014.JPG,M17\102EK113\02180014.JPG,02180014.JPG,5499226,2025-02-18 16:29:36,moved
CT20,M17/102EK113,02180015.JPG,M17\102EK113\02180015.JPG,02180015.JPG,5592599,2025-02-18 16:31:56,moved
CT20,M17/102EK113,02180016.JPG,M17\102EK113\02180016.JPG,02180016.JPG,5513719,2025-02-18 16:31:58,moved
CT20,M17/102EK113,02180017.JPG,M17\102EK113\02180017.JPG,02180017.JPG,5593222,2025-02-18 16:33:18,moved
CT20,M17/102EK113,02180018.JPG,M17\102EK113\02180018.JPG,02180018.JPG,5525809,2025-02-18 16:33:18,moved
CT20,M17/102EK113,02180019.JPG,M17\102EK113\02180019.JPG,02180019.JPG,5596722,2025-02-18 16:34:50,moved
CT20,M17/102EK113,02180020.JPG,M17\102EK113\02180020.JPG,02180020.JPG,5522590,2025-02-18 16:34:52,moved
CT20,M17/102EK113,02180021.JPG,M17\102EK113\02180021.JPG,02180021.JPG,5580477,2025-02-18 16:37:12,moved
CT20,M17/102EK113,02180022.JPG,M17\102EK113\02180022.JPG,02180022.JPG,5494076,2025-02-18 16:37:12,moved
CT20,M17/102EK113,02180023.JPG,M17\102EK113\02180023.JPG,02180023.JPG,5603143,2025-02-18 16:39:54,moved
CT20,M17/102EK113,02180024.JPG,M17\102EK113\02180024.JPG,02180024.JPG,5508008,2025-02-18 16:39:56,moved
CT20,M17/102EK113,02180025.JPG,M17\102EK113\02180025.JPG,02180025.JPG,5547701,2025-02-18 16:41:44,moved
CT20,M17/102EK113,02180026.JPG,M17\102EK113\02180026.JPG,02180026.JPG,5492858,2025-02-18 16:41:44,moved
CT20,M17/102EK113,02180027.JPG,M17\102EK113\02180027.JPG,02180027.JPG,5609514,2025-02-18 16:43:56,moved
CT20,M17/102EK113,02180028.JPG,M17\102EK113\02180028.JPG,02180028.JPG,5499678,2025-02-18 16:43:56,moved
CT20,M17/102EK113,02180029.JPG,M17\102EK113\02180029.JPG,02180029.JPG,5562971,2025-02-18 16:46:34,moved
CT20,M17/102EK113,02180030.JPG,M17\102EK113\02180030.JPG,02180030.JPG,5476979,2025-02-18 16:46:34,moved
CT20,M17/102EK113,02180031.JPG,M17\102EK113\02180031.JPG,02180031.JPG,5592536,2025-02-18 16:50:04,moved
CT20,M17/102EK113,02180032.JPG,M17\102EK113\02180032.JPG,02180032.JPG,5495894,2025-02-18 16:50:06,moved
CT20,M17/102EK113,02180033.JPG,M17\102EK113\02180033.JPG,02180033.JPG,5604785,2025-02-18 16:52:00,moved
CT20,M17/102EK113,02180034.JPG,M17\102EK113\02180034.JPG,02180034.JPG,5494844,2025-02-18 16:52:00,moved
CT20,M17/102EK113,02180035.JPG,M17\102EK113\02180035.JPG,02180035.JPG,5571232,2025-02-18 16:53:50,moved
CT20,M17/102EK113,02180036.JPG,M17\102EK113\02180036.JPG,02180036.JPG,5505989,2025-02-18 16:53:50,moved
CT20,M17/102EK113,02180037.JPG,M17\102EK113\02180037.JPG,02180037.JPG,5555935,2025-02-18 16:55:40,moved
CT20,M17/102EK113,02180038.JPG,M17\102EK113\02180038.JPG,02180038.JPG,5483882,2025-02-18 16:55:40,moved
CT20,M17/102EK113,02180039.JPG,M17\102EK113\02180039.JPG,02180039.JPG,5596461,2025-02-18 16:57:22,moved
CT20,M17/102EK113,02180040.JPG,M17\102EK113\02180040.JPG,02180040.JPG,5482975,2025-02-18 16:57:22,moved
CT20,M17/102EK113,02180041.JPG,M17\102EK113\02180041.JPG,02180041.JPG,5580893,2025-02-18 16:59:08,moved
CT20,M17/102EK113,02180042.JPG,M17\102EK113\02180042.JPG,02180042.JPG,5507801,2025-02-18 16:59:08,moved
CT20,M17/102EK113,02180043.JPG,M17\102EK113\02180043.JPG,02180043.JPG,5572164,2025-02-18 17:01:16,moved
CT20,M17/102EK113,02180044.JPG,M17\102EK113\02180044.JPG,02180044.JPG,5501775,2025-02-18 17:01:16,moved
CT20,M17/102EK113,02180045.JPG,M17\102EK113\02180045.JPG,02180045.JPG,5579966,2025-02-18 17:03:08,moved
CT20,M17/102EK113,02180046.JPG,M17\102EK113\02180046.JPG,02180046.JPG,5491068,2025-02-18 17:03:08,moved
CT20,M17/102EK113,02180047.JPG,M17\102EK113\02180047.JPG,02180047.JPG,5565115,2025-02-18 17:05:12,moved
CT20,M17/102EK113,02180048.JPG,M17\102EK113\02180048.JPG,02180048.JPG,5489944,2025-02-18 17:05:14,moved
CT20,M17/102EK113,02180049.JPG,M17\102EK113\02180049.JPG,02180049.JPG,5556014,2025-02-18 17:07:08,moved
CT20,M17/102EK113,02180050.JPG,M17\102EK113\02180050.JPG,02180050.JPG,5471680,2025-02-18 17:07:10,moved
CT20,M17/102EK113,02180051.JPG,M17\102EK113\02180051.JPG,02180051.JPG,5596024,2025-02-18 17:09:04,moved
CT20,M17/102EK113,02180052.JPG,M17\102EK113\02180052.JPG,02180052.JPG,5513440,2025-02-18 17:09:04,moved
CT20,M17/102EK113,02180053.JPG,M17\102EK113\02180053.JPG,02180053.JPG,5614478,2025-02-18 17:11:00,moved
CT20,M17/102EK113,02180054.JPG,M17\102EK113\02180054.JPG,02180054.JPG,5529882,2025-02-18 17:11:00,moved
CT20,M17/102EK113,02180055.JPG,M17\102EK113\02180055.JPG,02180055.JPG,5563045,2025-02-18 17:13:02,moved
CT20,M17/102EK113,02180056.JPG,M17\102EK113\02180056.JPG,02180056.JPG,5520563,2025-02-18 17:13:04,moved
CT20,M17/102EK113,02180057.JPG,M17\102EK113\02180057.JPG,02180057.JPG,5459774,2025-02-18 17:15:12,moved
CT20,M17/102EK113,02180058.JPG,M17\102EK113\02180058.JPG,02180058.JPG,5394498,2025-02-18 17:15:14,moved
CT20,M17/102EK113,02180059.JPG,M17\102EK113\02180059.JPG,02180059.JPG,5613435,2025-02-18 17:17:20,moved
CT20,M17/102EK113,02180060.JPG,M17\102EK113\02180060.JPG,02180060.JPG,5501923,2025-02-18 17:17:20,moved
CT20,M17/102EK113,02180061.JPG,M17\102EK113\02180061.JPG,02180061.JPG,5572290,2025-02-18 17:19:18,moved
CT20,M17/102EK113,02180062.JPG,M17\102EK113\02180062.JPG,02180062.JPG,5500954,2025-02-18 17:19:20,moved
CT20,M17/102EK113,02180063.JPG,M17\102EK113\02180063.JPG,02180063.JPG,5563346,2025-02-18 17:21:32,moved
CT20,M17/102EK113,02180064.JPG,M17\102EK113\02180064.JPG,02180064.JPG,5506473,2025-02-18 17:21:34,moved
CT20,M17/102EK113,02180065.JPG,M17\102EK113\02180065.JPG,02180065.JPG,5555777,2025-02-18 17:23:40,moved
CT20,M17/102EK113,02180066.JPG,M17\102EK113\02180066.JPG,02180066.JPG,5483089,2025-02-18 17:23:40,moved
CT20,M17/102EK113,02180067.JPG,M17\102EK113\02180067.JPG,02180067.JPG,5573408,2025-02-18 17:25:56,moved
CT20,M17/102EK113,02180068.JPG,M17\102EK113\02180068.JPG,02180068.JPG,5500314,2025-02-18 17:25:56,moved
CT20,M17/102EK113,02180069.JPG,M17\102EK113\02180069.JPG,02180069.JPG,5606650,2025-02-18 17:28:14,moved
CT20,M17/102EK113,02180070.JPG,M17\102EK113\02180070.JPG,02180070.JPG,5502056,2025-02-18 17:28:14,moved
CT20,M17/102EK113,02180071.JPG,M17\102EK113\02180071.JPG,02180071.JPG,5421036,2025-02-18 17:30:22,moved
CT20,M17/102EK113,02180072.JPG,M17\102EK113\02180072.JPG,02180072.JPG,5350237,2025-02-18 17:30:22,moved
CT20,M17/102EK113,02180073.JPG,M17\102EK113\02180073.JPG,02180073.JPG,5592960,2025-02-18 17:32:30,moved
CT20,M17/102EK113,02180074.JPG,M17\102EK113\02180074.JPG,02180074.JPG,5512531,2025-02-18 17:32:32,moved
CT20,M17/102EK113,02180075.JPG,M17\102EK113\02180075.JPG,02180075.JPG,5614289,2025-02-18 17:34:56,moved
CT20,M17/102EK113,02180076.JPG,M17\102EK113\02180076.JPG,02180076.JPG,5536718,2025-02-18 17:34:56,moved
CT20,M17/102EK113,02180077.JPG,M17\102EK113\02180077.JPG,02180077.JPG,5428546,2025-02-18 17:37:12,moved
CT20,M17/102EK113,02180078.JPG,M17\102EK113\02180078.JPG,02180078.JPG,5383979,2025-02-18 17:37:14,moved
CT20,M17/102EK113,02180079.JPG,M17\102EK113\02180079.JPG,02180079.JPG,5610509,2025-02-18 17:39:32,moved
CT20,M17/102EK113,02180080.JPG,M17\102EK113\02180080.JPG,02180080.JPG,5521889,2025-02-18 17:39:34,moved
CT20,M17/102EK113,02180081.JPG,M17\102EK113\02180081.JPG,02180081.JPG,5612629,2025-02-18 17:41:48,moved
CT20,M17/102EK113,02180082.JPG,M17\102EK113\02180082.JPG,02180082.JPG,5510589,2025-02-18 17:41:50,moved
CT20,M17/102EK113,02180083.JPG,M17\102EK113\02180083.JPG,02180083.JPG,5567875,2025-02-18 17:44:16,moved
CT20,M17/102EK113,02180084.JPG,M17\102EK113\02180084.JPG,02180084.JPG,5528371,2025-02-18 17:44:18,moved
CT20,M17/102EK113,02180085.JPG,M17\102EK113\02180085.JPG,02180085.JPG,5635520,2025-02-18 17:46:56,moved
CT20,M17/102EK113,02180086.JPG,M17\102EK113\02180086.JPG,02180086.JPG,5523779,2025-02-18 17:46:58,moved
CT20,M17/102EK113,02180087.JPG,M17\102EK113\02180087.JPG,02180087.JPG,5643240,2025-02-18 17:49:32,moved
CT20,M17/102EK113,02180088.JPG,M17\102EK113\02180088.JPG,02180088.JPG,5508350,2025-02-18 17:49:34,moved
CT20,M17/102EK113,02180089.JPG,M17\102EK113\02180089.JPG,02180089.JPG,5615763,2025-02-18 17:52:18,moved
CT20,M17/102EK113,02180090.JPG,M17\102EK113\02180090.JPG,02180090.JPG,5532635,2025-02-18 17:52:18,moved
CT20,M17/102EK113,02180091.JPG,M17\102EK113\02180091.JPG,02180091.JPG,5618444,2025-02-18 17:55:00,moved
CT20,M17/102EK113,02180092.JPG,M17\102EK113\02180092.JPG,02180092.JPG,5544728,2025-02-18 17:55:00,moved
CT20,M17/102EK113,02180093.JPG,M17\102EK113\02180093.JPG,02180093.JPG,5613240,2025-02-18 17:57:42,moved
CT20,M17/102EK113,02180094.JPG,M17\102EK113\02180094.JPG,02180094.JPG,5536182,2025-02-18 17:57:42,moved
CT20,M17/102EK113,02180095.JPG,M17\102EK113\02180095.JPG,02180095.JPG,5591976,2025-02-18 18:00:22,moved
CT20,M17/102EK113,02180096.JPG,M17\102EK113\02180096.JPG,02180096.JPG,5515594,2025-02-18 18:00:22,moved
CT20,M17/102EK113,02180097.JPG,M17\102EK113\02180097.JPG,02180097.JPG,5639174,2025-02-18 18:03:28,moved
CT20,M17/102EK113,02180098.JPG,M17\102EK113\02180098.JPG,02180098.JPG,5541551,2025-02-18 18:03:30,moved
CT20,M17/102EK113,02180099.JPG,M17\102EK113\02180099.JPG,02180099.JPG,5599580,2025-02-18 18:06:06,moved
CT20,M17/102EK113,02180100.JPG,M17\102EK113\02180100.JPG,02180100.JPG,5561290,2025-02-18 18:06:08,moved
CT20,M17/102EK113,02180101.JPG,M17\102EK113\02180101.JPG,02180101.JPG,5637105,2025-02-18 18:09:20,moved
CT20,M17/102EK113,02180102.JPG,M17\102EK113\02180102.JPG,02180102.JPG,5527622,2025-02-18 18:09:22,moved
CT20,M17/102EK113,02180103.JPG,M17\102EK113\02180103.JPG,02180103.JPG,5625636,2025-02-18 18:13:40,moved
CT20,M17/102EK113,02180104.JPG,M17\102EK113\02180104.JPG,02180104.JPG,5547434,2025-02-18 18:13:42,moved
CT20,M17/102EK113,02180105.JPG,M17\102EK113\02180105.JPG,02180105.JPG,5629254,2025-02-18 18:16:42,moved
CT20,M17/102EK113,02180106.JPG,M17\102EK113\02180106.JPG,02180106.JPG,5536133,2025-02-18 18:16:44,moved
CT20,M17/102EK113,02180107.JPG,M17\102EK113\02180107.JPG,02180107.JPG,5622046,2025-02-18 18:21:24,moved
CT20,M17/102EK113,02180108.JPG,M17\102EK113\02180108.JPG,02180108.JPG,5548333,2025-02-18 18:21:24,moved
CT20,M17/102EK113,02180109.JPG,M17\102EK113\02180109.JPG,02180109.JPG,5645471,2025-02-18 18:25:22,moved
CT20,M17/102EK113,02180110.JPG,M17\102EK113\02180110.JPG,02180110.JPG,5550598,2025-02-18 18:25:22,moved
CT20,M17/102EK113,02180111.JPG,M17\102EK113\02180111.JPG,02180111.JPG,5636068,2025-02-18 18:28:48,moved
CT20,M17/102EK113,02180112.JPG,M17\102EK113\02180112.JPG,02180112.JPG,5547975,2025-02-18 18:28:48,moved
CT20,M17/102EK113,02180113.JPG,M17\102EK113\02180113.JPG,02180113.JPG,5626006,2025-02-18 18:32:42,moved
CT20,M17/102EK113,02180114.JPG,M17\102EK113\02180114.JPG,02180114.JPG,5537380,2025-02-18 18:32:42,moved
CT20,M17/102EK113,02180115.JPG,M17\102EK113\02180115.JPG,02180115.JPG,5647052,2025-02-18 18:38:14,moved
CT20,M17/102EK113,02180116.JPG,M17\102EK113\02180116.JPG,02180116.JPG,5561634,2025-02-18 18:38:14,moved
CT20,M17/102EK113,02180117.JPG,M17\102EK113\02180117.JPG,02180117.JPG,5653778,2025-02-18 18:41:52,moved
CT20,M17/102EK113,02180118.JPG,M17\102EK113\02180118.JPG,02180118.JPG,5568718,2025-02-18 18:41:52,moved
CT20,M17/102EK113,02180119.JPG,M17\102EK113\02180119.JPG,02180119.JPG,5616593,2025-02-18 18:46:10,moved
CT20,M17/102EK113,02180120.JPG,M17\102EK113\02180120.JPG,02180120.JPG,5570002,2025-02-18 18:46:12,moved
CT20,M17/102EK113,02180121.JPG,M17\102EK113\02180121.JPG,02180121.JPG,5648665,2025-02-18 18:50:32,moved
CT20,M17/102EK113,02180122.JPG,M17\102EK113\02180122.JPG,02180122.JPG,5560747,2025-02-18 18:50:34,moved
CT20,M17/102EK113,02180123.JPG,M17\102EK113\02180123.JPG,02180123.JPG,5649698,2025-02-18 18:54:56,moved
CT20,M17/102EK113,02180124.JPG,M17\102EK113\02180124.JPG,02180124.JPG,5566343,2025-02-18 18:54:56,moved
CT20,M17/102EK113,02180125.JPG,M17\102EK113\02180125.JPG,02180125.JPG,5558514,2025-02-18 18:58:16,moved
CT20,M17/102EK113,02180126.JPG,M17\102EK113\02180126.JPG,02180126.JPG,5468577,2025-02-18 18:58:16,moved
CT20,M17/102EK113,02180127.JPG,M17\102EK113\02180127.JPG,02180127.JPG,5576069,2025-02-18 19:01:38,moved
CT20,M17/102EK113,02180128.JPG,M17\102EK113\02180128.JPG,02180128.JPG,5553695,2025-02-18 19:01:40,moved
CT20,M17/102EK113,02180129.JPG,M17\102EK113\02180129.JPG,02180129.JPG,5627782,2025-02-18 19:04:54,moved
CT20,M17/102EK113,02180130.JPG,M17\102EK113\02180130.JPG,02180130.JPG,5534346,2025-02-18 19:04:56,moved
CT20,M17/102EK113,02180131.JPG,M17\102EK113\02180131.JPG,02180131.JPG,5633054,2025-02-18 19:08:18,moved
CT20,M17/102EK113,02180132.JPG,M17\102EK113\02180132.JPG,02180132.JPG,5544795,2025-02-18 19:08:20,moved
CT20,M17/102EK113,02180133.JPG,M17\102EK113\02180133.JPG,02180133.JPG,5623599,2025-02-18 19:12:36,moved
CT20,M17/102EK113,02180134.JPG,M17\102EK113\02180134.JPG,02180134.JPG,5561167,2025-02-18 19:12:38,moved
CT20,M17/102EK113,02180135.JPG,M17\102EK113\02180135.JPG,02180135.JPG,5603921,2025-02-18 19:16:02,moved
CT20,M17/102EK113,02180136.JPG,M17\102EK113\02180136.JPG,02180136.JPG,5538526,2025-02-18 19:16:04,moved
CT20,M17/102EK113,02180137.JPG,M17\102EK113\02180137.JPG,02180137.JPG,5650877,2025-02-18 19:19:54,moved
CT20,M17/102EK113,02180138.JPG,M17\102EK113\02180138.JPG,02180138.JPG,5566781,2025-02-18 19:19:56,moved
CT20,M17/102EK113,02180139.JPG,M17\102EK113\02180139.JPG,02180139.JPG,5591815,2025-02-18 19:28:06,moved
CT20,M17/102EK113,02180140.JPG,M17\102EK113\02180140.JPG,02180140.JPG,5530003,2025-02-18 19:28:08,moved
CT20,M17/102EK113,02180141.JPG,M17\102EK113\02180141.JPG,02180141.JPG,5627042,2025-02-18 19:32:50,moved
CT20,M17/102EK113,02180142.JPG,M17\102EK113\02180142.JPG,02180142.JPG,5541899,2025-02-18 19:32:52,moved
CT20,M17/102EK113,02180143.JPG,M17\102EK113\02180143.JPG,02180143.JPG,5643215,2025-02-18 19:37:10,moved
CT20,M17/102EK113,02180144.JPG,M17\102EK113\02180144.JPG,02180144.JPG,5538816,2025-02-18 19:37:12,moved
CT20,M17/102EK113,02180145.JPG,M17\102EK113\02180145.JPG,02180145.JPG,5633773,2025-02-18 19:40:40,moved
CT20,M17/102EK113,02180146.JPG,M17\102EK113\02180146.JPG,02180146.JPG,5527505,2025-02-18 19:40:42,moved
CT20,M17/102EK113,02180147.JPG,M17\102EK113\02180147.JPG,02180147.JPG,5626945,2025-02-18 19:44:18,moved
CT20,M17/102EK113,02180148.JPG,M17\102EK113\02180148.JPG,02180148.JPG,5536215,2025-02-18 19:44:20,moved
CT20,M17/102EK113,02180149.JPG,M17\102EK113\02180149.JPG,02180149.JPG,5580100,2025-02-18 19:48:20,moved
CT20,M17/102EK113,02180150.JPG,M17\102EK113\02180150.JPG,02180150.JPG,5529419,2025-02-18 19:48:20,moved
CT20,M17/102EK113,02180151.JPG,M17\102EK113\02180151.JPG,02180151.JPG,5599254,2025-02-18 19:52:26,moved
CT20,M17/102EK113,02180152.JPG,M17\102EK113\02180152.JPG,02180152.JPG,5531174,2025-02-18 19:52:26,moved
CT20,M17/102EK113,02180153.JPG,M17\102EK113\02180153.JPG,02180153.JPG,5582380,2025-02-18 19:56:58,moved
CT20,M17/102EK113,02180154.JPG,M17\102EK113\02180154.JPG,02180154.JPG,5518445,2025-02-18 19:56:58,moved
CT20,M17/102EK113,02180155.JPG,M17\102EK113\02180155.JPG,02180155.JPG,5540824,2025-02-18 20:00:56,moved
CT20,M17/102EK113,02180156.JPG,M17\102EK113\02180156.JPG,02180156.JPG,5517132,2025-02-18 20:00:56,moved
CT20,M17/102EK113,02180157.JPG,M17\102EK113\02180157.JPG,02180157.JPG,5580817,2025-02-18 20:05:04,moved
CT20,M17/102EK113,02180158.JPG,M17\102EK113\02180158.JPG,02180158.JPG,5502905,2025-02-18 20:05:04,moved
CT20,M17/102EK113,02180159.JPG,M17\102EK113\02180159.JPG,02180159.JPG,5553628,2025-02-18 20:09:00,moved
CT20,M17/102EK113,02180160.JPG,M17\102EK113\02180160.JPG,02180160.JPG,5494514,2025-02-18 20:09:00,moved
CT20,M17/102EK113,02190161.JPG,M17\102EK113\02190161.JPG,02190161.JPG,5559421,2025-02-19 14:51:38,moved
CT20,M17/102EK113,02190162.JPG,M17\102EK113\02190162.JPG,02190162.JPG,5458133,2025-02-19 14:51:38,moved
CT20,M17/102EK113,02190163.JPG,M17\102EK113\02190163.JPG,02190163.JPG,5481490,2025-02-19 15:35:40,moved
CT20,M17/102EK113,02190164.JPG,M17\102EK113\02190164.JPG,02190164.JPG,5426675,2025-02-19 15:35:40,moved
CT20,M17/102EK113,02190165.JPG,M17\102EK113\02190165.JPG,02190165.JPG,5483078,2025-02-19 15:39:34,moved
CT20,M17/102EK113,02190166.JPG,M17\102EK113\02190166.JPG,02190166.JPG,5425638,2025-02-19 15:39:34,moved
CT20,M17/102EK113,02190167.JPG,M17\102EK113\02190167.JPG,02190167.JPG,5525494,2025-02-19 15:50:46,moved
CT20,M17/102EK113,02190168.JPG,M17\102EK113\02190168.JPG,02190168.JPG,5461208,2025-02-19 15:50:48,moved
CT20,M17/102EK113,02190169.JPG,M17\102EK113\02190169.JPG,02190169.JPG,5522021,2025-02-19 16:02:32,moved
CT20,M17/102EK113,02190170.JPG,M17\102EK113\02190170.JPG,02190170.JPG,5459291,2025-02-19 16:02:32,moved
CT20,M17/102EK113,02190171.JPG,M17\102EK113\02190171.JPG,02190171.JPG,5546842,2025-02-19 16:04:58,moved
CT20,M17/102EK113,02190172.JPG,M17\102EK113\02190172.JPG,02190172.JPG,5464791,2025-02-19 16:04:58,moved
CT20,M17/102EK113,02190173.JPG,M17\102EK113\02190173.JPG,02190173.JPG,5553475,2025-02-19 16:30:36,moved
CT20,M17/102EK113,02190174.JPG,M17\102EK113\02190174.JPG,02190174.JPG,5468021,2025-02-19 16:30:36,moved
CT20,M17/102EK113,02190175.JPG,M17\102EK113\02190175.JPG,02190175.JPG,5509697,2025-02-19 16:33:56,moved
CT20,M17/102EK113,02190176.JPG,M17\102EK113\02190176.JPG,02190176.JPG,5454713,2025-02-19 16:33:58,moved
CT20,M17/102EK113,02190177.JPG,M17\102EK113\02190177.JPG,02190177.JPG,5528354,2025-02-19 16:43:52,moved
CT20,M17/102EK113,02190178.JPG,M17\102EK113\02190178.JPG,02190178.JPG,5483535,2025-02-19 16:43:52,moved
CT20,M17/102EK113,02190179.JPG,M17\102EK113\02190179.JPG,02190179.JPG,5468394,2025-02-19 16:48:34,moved
CT20,M17/102EK113,02190180.JPG,M17\102EK113\02190180.JPG,02190180.JPG,5373224,2025-02-19 16:48:34,moved
CT20,M17/102EK113,02190181.JPG,M17\102EK113\02190181.JPG,02190181.JPG,5424576,2025-02-19 16:52:24,moved
CT20,M17/102EK113,02190182.JPG,M17\102EK113\02190182.JPG,02190182.JPG,5343426,2025-02-19 16:52:26,moved
CT20,M17/102EK113,02190183.JPG,M17\102EK113\02190183.JPG,02190183.JPG,5536496,2025-02-19 16:54:56,moved
CT20,M17/102EK113,02190184.JPG,M17\102EK113\02190184.JPG,02190184.JPG,5497998,2025-02-19 16:54:58,moved
CT20,M17/102EK113,02190185.JPG,M17\102EK113\02190185.JPG,02190185.JPG,5465935,2025-02-19 16:58:10,moved
CT20,M17/102EK113,02190186.JPG,M17\102EK113\02190186.JPG,02190186.JPG,5373945,2025-02-19 16:58:10,moved
CT20,M17/102EK113,02190187.JPG,M17\102EK113\02190187.JPG,02190187.JPG,5604937,2025-02-19 17:04:40,moved
CT20,M17/102EK113,02190188.JPG,M17\102EK113\02190188.JPG,02190188.JPG,5516251,2025-02-19 17:04:40,moved
CT20,M17/102EK113,02190189.JPG,M17\102EK113\02190189.JPG,02190189.JPG,5607042,2025-02-19 17:08:10,moved
CT20,M17/102EK113,02190190.JPG,M17\102EK113\02190190.JPG,02190190.JPG,5513543,2025-02-19 17:08:12,moved
CT20,M17/102EK113,02190191.JPG,M17\102EK113\02190191.JPG,02190191.JPG,5565931,2025-02-19 17:11:08,moved
CT20,M17/102EK113,02190192.JPG,M17\102EK113\02190192.JPG,02190192.JPG,5489115,2025-02-19 17:11:08,moved
CT20,M17/102EK113,02190193.JPG,M17\102EK113\02190193.JPG,02190193.JPG,5608739,2025-02-19 17:15:50,moved
CT20,M17/102EK113,02190194.JPG,M17\102EK113\02190194.JPG,02190194.JPG,5514055,2025-02-19 17:15:52,moved
CT20,M17/102EK113,02190195.JPG,M17\102EK113\02190195.JPG,02190195.JPG,5563932,2025-02-19 17:20:02,moved
CT20,M17/102EK113,02190196.JPG,M17\102EK113\02190196.JPG,02190196.JPG,5505810,2025-02-19 17:20:04,moved
CT20,M17/102EK113,02190197.JPG,M17\102EK113\02190197.JPG,02190197.JPG,5623890,2025-02-19 17:23:46,moved
CT20,M17/102EK113,02190198.JPG,M17\102EK113\02190198.JPG,02190198.JPG,5522826,2025-02-19 17:23:48,moved
CT20,M17/102EK113,02190199.JPG,M17\102EK113\02190199.JPG,02190199.JPG,5581288,2025-02-19 17:27:12,moved
CT20,M17/102EK113,02190200.JPG,M17\102EK113\02190200.JPG,02190200.JPG,5510913,2025-02-19 17:27:12,moved
CT20,M17/102EK113,02190201.JPG,M17\102EK113\02190201.JPG,02190201.JPG,5531460,2025-02-19 17:30:26,moved
CT20,M17/102EK113,02190202.JPG,M17\102EK113\02190202.JPG,02190202.JPG,5454510,2025-02-19 17:30:26,moved
CT20,M17/102EK113,02190203.JPG,M17\102EK113\02190203.JPG,02190203.JPG,5578413,2025-02-19 17:34:08,moved
CT20,M17/102EK113,02190204.JPG,M17\102EK113\02190204.JPG,02190204.JPG,5519743,2025-02-19 17:34:10,moved
CT20,M17/102EK113,02190205.JPG,M17\102EK113\02190205.JPG,02190205.JPG,5582838,2025-02-19 17:37:58,moved
CT20,M17/102EK113,02190206.JPG,M17\102EK113\02190206.JPG,02190206.JPG,5512056,2025-02-19 17:38:00,moved
CT20,M17/102EK113,02190207.JPG,M17\102EK113\02190207.JPG,02190207.JPG,5556804,2025-02-19 17:46:30,moved
CT20,M17/102EK113,02190208.JPG,M17\102EK113\02190208.JPG,02190208.JPG,5484948,2025-02-19 17:46:30,moved
CT20,M17/102EK113,02190209.JPG,M17\102EK113\02190209.JPG,02190209.JPG,5572822,2025-02-19 17:49:50,moved
CT20,M17/102EK113,02190210.JPG,M17\102EK113\02190210.JPG,02190210.JPG,5519271,2025-02-19 17:49:50,moved
CT20,M17/102EK113,02190211.JPG,M17\102EK113\02190211.JPG,02190211.JPG,5618103,2025-02-19 17:55:52,moved
CT20,M17/102EK113,02190212.JPG,M17\102EK113\02190212.JPG,02190212.JPG,5503932,2025-02-19 17:55:54,moved
CT20,M17/102EK113,02190213.JPG,M17\102EK113\02190213.JPG,02190213.JPG,5483679,2025-02-19 18:01:06,moved
CT20,M17/102EK113,02190214.JPG,M17\102EK113\02190214.JPG,02190214.JPG,5395655,2025-02-19 18:01:08,moved
CT20,M17/102EK113,02190215.JPG,M17\102EK113\02190215.JPG,02190215.JPG,5452674,2025-02-19 18:57:42,moved
CT20,M17/102EK113,02190216.JPG,M17\102EK113\02190216.JPG,02190216.JPG,5391172,2025-02-19 18:57:44,moved
CT20,M17/102EK113,02200217.JPG,M17\102EK113\02200217.JPG,02200217.JPG,5297950,2025-02-20 15:12:34,moved
CT20,M17/102EK113,02200218.JPG,M17\102EK113\02200218.JPG,02200218.JPG,5189467,2025-02-20 15:12:36,moved
CT20,M17/102EK113,02200219.JPG,M17\102EK113\02200219.JPG,02200219.JPG,5248404,2025-02-20 15:33:36,moved
CT20,M17/102EK113,02200220.JPG,M17\102EK113\02200220.JPG,02200220.JPG,5168437,2025-02-20 15:33:38,moved
CT20,M17/102EK113,02200221.JPG,M17\102EK113\02200221.JPG,02200221.JPG,5466528,2025-02-20 15:49:04,moved
CT20,M17/102EK113,02200222.JPG,M17\102EK113\02200222.JPG,02200222.JPG,5395559,2025-02-20 15:49:06,moved
CT20,M17/102EK113,02200223.JPG,M17\102EK113\02200223.JPG,02200223.JPG,5200997,2025-02-20 15:58:54,moved
CT20,M17/102EK113,02200224.JPG,M17\102EK113\02200224.JPG,02200224.JPG,5123073,2025-02-20 15:58:54,moved
CT20,M17/102EK113,02200225.JPG,M17\102EK113\02200225.JPG,02200225.JPG,5369628,2025-02-20 16:04:16,moved
CT20,M17/102EK113,02200226.JPG,M17\102EK113\02200226.JPG,02200226.JPG,5254531,2025-02-20 16:04:16,moved
CT20,M17/102EK113,02200227.JPG,M17\102EK113\02200227.JPG,02200227.JPG,5508010,2025-02-20 16:07:48,moved
CT20,M17/102EK113,02200228.JPG,M17\102EK113\02200228.JPG,02200228.JPG,5416427,2025-02-20 16:07:48,moved
CT20,M17/102EK113,02200229.JPG,M17\102EK113\02200229.JPG,02200229.JPG,5260561,2025-02-20 16:11:24,moved
CT20,M17/102EK113,02200230.JPG,M17\102EK113\02200230.JPG,02200230.JPG,5156863,2025-02-20 16:11:24,moved
CT20,M17/102EK113,02200231.JPG,M17\102EK113\02200231.JPG,02200231.JPG,5308374,2025-02-20 16:16:32,moved
CT20,M17/102EK113,02200232.JPG,M17\102EK113\02200232.JPG,02200232.JPG,5255923,2025-02-20 16:16:32,moved
CT20,M17/102EK113,02200233.JPG,M17\102EK113\02200233.JPG,02200233.JPG,5277802,2025-02-20 16:37:14,moved
CT20,M17/102EK113,02200234.JPG,M17\102EK113\02200234.JPG,02200234.JPG,5187198,2025-02-20 16:37:16,moved
CT20,M17/102EK113,02200235.JPG,M17\102EK113\02200235.JPG,02200235.JPG,5306831,2025-02-20 16:52:20,moved
CT20,M17/102EK113,02200236.JPG,M17\102EK113\02200236.JPG,02200236.JPG,5217616,2025-02-20 16:52:22,moved
CT20,M17/102EK113,02200237.JPG,M17\102EK113\02200237.JPG,02200237.JPG,5282095,2025-02-20 16:56:22,moved
CT20,M17/102EK113,02200238.JPG,M17\102EK113\02200238.JPG,02200238.JPG,5212734,2025-02-20 16:56:24,moved
CT20,M17/102EK113,02200239.JPG,M17\102EK113\02200239.JPG,02200239.JPG,5334237,2025-02-20 16:59:12,moved
CT20,M17/102EK113,02200240.JPG,M17\102EK113\02200240.JPG,02200240.JPG,5262621,2025-02-20 16:59:12,moved
CT20,M17/102EK113,02200241.JPG,M17\102EK113\02200241.JPG,02200241.JPG,5295732,2025-02-20 17:02:40,moved
CT20,M17/102EK113,02200242.JPG,M17\102EK113\02200242.JPG,02200242.JPG,5223968,2025-02-20 17:02:42,moved
CT20,M17/102EK113,02200243.JPG,M17\102EK113\02200243.JPG,02200243.JPG,5350840,2025-02-20 17:08:02,moved
CT20,M17/102EK113,02200244.JPG,M17\102EK113\02200244.JPG,02200244.JPG,5246307,2025-02-20 17:08:04,moved
CT20,M17/102EK113,02200245.JPG,M17\102EK113\02200245.JPG,02200245.JPG,5349728,2025-02-20 17:11:22,moved
CT20,M17/102EK113,02200246.JPG,M17\102EK113\02200246.JPG,02200246.JPG,5253310,2025-02-20 17:11:24,moved
CT20,M17/102EK113,02200247.JPG,M17\102EK113\02200247.JPG,02200247.JPG,5538092,2025-02-20 17:15:10,moved
CT20,M17/102EK113,02200248.JPG,M17\102EK113\02200248.JPG,02200248.JPG,5441541,2025-02-20 17:15:10,moved
CT20,M17/102EK113,02200249.JPG,M17\102EK113\02200249.JPG,02200249.JPG,5334085,2025-02-20 17:23:30,moved
CT20,M17/102EK113,02200250.JPG,M17\102EK113\02200250.JPG,02200250.JPG,5254315,2025-02-20 17:23:30,moved
CT20,M17/102EK113,02200251.JPG,M17\102EK113\02200251.JPG,02200251.JPG,5354205,2025-02-20 17:28:12,moved
CT20,M17/102EK113,02200252.JPG,M17\102EK113\02200252.JPG,02200252.JPG,5279754,2025-02-20 17:28:14,moved
CT20,M17/102EK113,02200253.JPG,M17\102EK113\02200253.JPG,02200253.JPG,5339956,2025-02-20 17:43:36,moved
CT20,M17/102EK113,02200254.JPG,M17\102EK113\02200254.JPG,02200254.JPG,5247248,2025-02-20 17:43:36,moved
CT20,M17/102EK113,02200255.JPG,M17\102EK113\02200255.JPG,02200255.JPG,5338896,2025-02-20 17:47:50,moved
CT20,M17/102EK113,02200256.JPG,M17\102EK113\02200256.JPG,02200256.JPG,5245555,2025-02-20 17:47:50,moved
CT20,M17/102EK113,02200257.JPG,M17\102EK113\02200257.JPG,02200257.JPG,5378408,2025-02-20 17:54:04,moved
CT20,M17/102EK113,02200258.JPG,M17\102EK113\02200258.JPG,02200258.JPG,5311939,2025-02-20 17:54:06,moved
CT20,M17/102EK113,02200259.JPG,M17\102EK113\02200259.JPG,02200259.JPG,5389152,2025-02-20 18:01:26,moved
CT20,M17/102EK113,02200260.JPG,M17\102EK113\02200260.JPG,02200260.JPG,5316307,2025-02-20 18:01:28,moved
CT20,M17/102EK113,02200261.JPG,M17\102EK113\02200261.JPG,02200261.JPG,5427594,2025-02-20 18:15:18,moved
CT20,M17/102EK113,02200262.JPG,M17\102EK113\02200262.JPG,02200262.JPG,5352569,2025-02-20 18:15:20,moved
CT20,M17/102EK113,02200263.JPG,M17\102EK113\02200263.JPG,02200263.JPG,5423323,2025-02-20 18:19:40,moved
CT20,M17/102EK113,02200264.JPG,M17\102EK113\02200264.JPG,02200264.JPG,5367055,2025-02-20 18:19:42,moved
CT20,M17/102EK113,02200265.JPG,M17\102EK113\02200265.JPG,02200265.JPG,5492251,2025-02-20 18:51:30,moved
CT20,M17/102EK113,02200266.JPG,M17\102EK113\02200266.JPG,02200266.JPG,5410720,2025-02-20 18:51:32,moved
CT20,M17/102EK113,02200267.JPG,M17\102EK113\02200267.JPG,02200267.JPG,5476657,2025-02-20 18:54:56,moved
CT20,M17/102EK113,02200268.JPG,M17\102EK113\02200268.JPG,02200268.JPG,5389679,2025-02-20 18:54:58,moved
CT20,M17/102EK113,02200269.JPG,M17\102EK113\02200269.JPG,02200269.JPG,5491876,2025-02-20 18:59:34,moved
CT20,M17/102EK113,02200270.JPG,M17\102EK113\02200270.JPG,02200270.JPG,5423509,2025-02-20 18:59:36,moved
CT20,M17/102EK113,02200271.JPG,M17\102EK113\02200271.JPG,02200271.JPG,5526202,2025-02-20 19:30:54,moved
CT20,M17/102EK113,02200272.JPG,M17\102EK113\02200272.JPG,02200272.JPG,5442524,2025-02-20 19:30:56,moved
CT20,M17/102EK113,02200273.JPG,M17\102EK113\02200273.JPG,02200273.JPG,5543161,2025-02-20 20:01:52,moved
CT20,M17/102EK113,02200274.JPG,M17\102EK113\02200274.JPG,02200274.JPG,5458795,2025-02-20 20:01:54,moved
CT20,M17/102EK113,02200275.JPG,M17\102EK113\02200275.JPG,02200275.JPG,5516737,2025-02-20 20:04:44,moved
CT20,M17/102EK113,02200276.JPG,M17\102EK113\02200276.JPG,02200276.JPG,5439515,2025-02-20 20:04:46,moved
CT20,M17/102EK113,02210277.JPG,M17\102EK113\02210277.JPG,02210277.JPG,5269418,2025-02-21 15:04:50,moved
CT20,M17/102EK113,02210278.JPG,M17\102EK113\02210278.JPG,02210278.JPG,5190540,2025-02-21 15:04:52,moved
CT20,M17/102EK113,02210279.JPG,M17\102EK113\02210279.JPG,02210279.JPG,5446346,2025-02-21 15:17:38,moved
CT20,M17/102EK113,02210280.JPG,M17\102EK113\02210280.JPG,02210280.JPG,5414838,2025-02-21 15:17:38,moved
CT20,M17/102EK113,02210281.JPG,M17\102EK113\02210281.JPG,02210281.JPG,5506889,2025-02-21 15:22:30,moved
CT20,M17/102EK113,02210282.JPG,M17\102EK113\02210282.JPG,02210282.JPG,5404072,2025-02-21 15:22:32,moved
CT20,M17/102EK113,02210283.JPG,M17\102EK113\02210283.JPG,02210283.JPG,5467586,2025-02-21 15:34:10,moved
CT20,M17/102EK113,02210284.JPG,M17\102EK113\02210284.JPG,02210284.JPG,5382347,2025-02-21 15:34:12,moved
CT20,M17/102EK113,02210285.JPG,M17\102EK113\02210285.JPG,02210285.JPG,5513801,2025-02-21 15:38:26,moved
CT20,M17/102EK113,02210286.JPG,M17\102EK113\02210286.JPG,02210286.JPG,5433629,2025-02-21 15:38:28,moved
CT20,M17/102EK113,02210287.JPG,M17\102EK113\02210287.JPG,02210287.JPG,5476890,2025-02-21 15:44:58,moved
CT20,M17/102EK113,02210288.JPG,M17\102EK113\02210288.JPG,02210288.JPG,5421206,2025-02-21 15:44:58,moved
CT20,M17/102EK113,02210289.JPG,M17\102EK113\02210289.JPG,02210289.JPG,5481173,2025-02-21 15:54:18,moved
CT20,M17/102EK113,02210290.JPG,M17\102EK113\02210290.JPG,02210290.JPG,5420105,2025-02-21 15:54:18,moved
CT20,M17/102EK113,02210291.JPG,M17\102EK113\02210291.JPG,02210291.JPG,5467298,2025-02-21 16:01:56,moved
CT20,M17/102EK113,02210292.JPG,M17\102EK113\02210292.JPG,02210292.JPG,5407191,2025-02-21 16:01:58,moved
CT20,M17/102EK113,02210293.JPG,M17\102EK113\02210293.JPG,02210293.JPG,5480214,2025-02-21 16:06:36,moved
CT20,M17/102EK113,02210294.JPG,M17\102EK113\02210294.JPG,02210294.JPG,5418008,2025-02-21 16:06:36,moved
CT20,M17/102EK113,02210295.JPG,M17\102EK113\02210295.JPG,02210295.JPG,5502731,2025-02-21 16:13:04,moved
CT20,M17/102EK113,02210296.JPG,M17\102EK113\02210296.JPG,02210296.JPG,5418857,2025-02-21 16:13:04,moved
CT20,M17/102EK113,02210297.JPG,M17\102EK113\02210297.JPG,02210297.JPG,5246061,2025-02-21 16:18:04,moved
CT20,M17/102EK113,02210298.JPG,M17\102EK113\02210298.JPG,02210298.JPG,5186714,2025-02-21 16:18:06,moved
CT20,M17/102EK113,02210299.JPG,M17\102EK113\02210299.JPG,02210299.JPG,5481363,2025-02-21 16:22:32,moved
CT20,M17/102EK113,02210300.JPG,M17\102EK113\02210300.JPG,02210300.JPG,5421261,2025-02-21 16:22:34,moved
CT20,M17/102EK113,02210301.JPG,M17\102EK113\02210301.JPG,02210301.JPG,5492327,2025-02-21 16:31:24,moved
CT20,M17/102EK113,02210302.JPG,M17\102EK113\02210302.JPG,02210302.JPG,5409126,2025-02-21 16:31:26,moved
CT20,M17/102EK113,02210303.JPG,M17\102EK113\02210303.JPG,02210303.JPG,5490139,2025-02-21 16:35:16,moved
CT20,M17/102EK113,02210304.JPG,M17\102EK113\02210304.JPG,02210304.JPG,5430376,2025-02-21 16:35:16,moved
CT20,M17/102EK113,02210305.JPG,M17\102EK113\02210305.JPG,02210305.JPG,5327759,2025-02-21 16:42:02,moved
CT20,M17/102EK113,02210306.JPG,M17\102EK113\02210306.JPG,02210306.JPG,5248430,2025-02-21 16:42:04,moved
CT20,M17/102EK113,02210307.JPG,M17\102EK113\02210307.JPG,02210307.JPG,5311612,2025-02-21 16:45:32,moved
CT20,M17/102EK113,02210308.JPG,M17\102EK113\02210308.JPG,02210308.JPG,5229622,2025-02-21 16:45:32,moved
CT20,M17/102EK113,02210309.JPG,M17\102EK113\02210309.JPG,02210309.JPG,5357725,2025-02-21 16:50:02,moved
CT20,M17/102EK113,02210310.JPG,M17\102EK113\02210310.JPG,02210310.JPG,5248344,2025-02-21 16:50:02,moved
CT20,M17/102EK113,02210311.JPG,M17\102EK113\02210311.JPG,02210311.JPG,5343558,2025-02-21 16:53:42,moved
CT20,M17/102EK113,02210312.JPG,M17\102EK113\02210312.JPG,02210312.JPG,5266740,2025-02-21 16:53:44,moved
CT20,M17/102EK113,02210313.JPG,M17\102EK113\02210313.JPG,02210313.JPG,5300462,2025-02-21 16:58:40,moved
CT20,M17/102EK113,02210314.JPG,M17\102EK113\02210314.JPG,02210314.JPG,5240557,2025-02-21 16:58:40,moved
CT20,M17/102EK113,02210315.JPG,M17\102EK113\02210315.JPG,02210315.JPG,5348226,2025-02-21 17:09:34,moved
CT20,M17/102EK113,02210316.JPG,M17\102EK113\02210316.JPG,02210316.JPG,5258299,2025-02-21 17:09:36,moved
CT20,M17/102EK113,02210317.JPG,M17\102EK113\02210317.JPG,02210317.JPG,5361539,2025-02-21 17:14:12,moved
CT20,M17/102EK113,02210318.JPG,M17\102EK113\02210318.JPG,02210318.JPG,5275920,2025-02-21 17:14:14,moved
CT20,M17/102EK113,02210319.JPG,M17\102EK113\02210319.JPG,02210319.JPG,5374758,2025-02-21 17:20:12,moved
CT20,M17/102EK113,02210320.JPG,M17\102EK113\02210320.JPG,02210320.JPG,5277681,2025-02-21 17:20:12,moved
CT20,M17/102EK113,02210321.JPG,M17\102EK113\02210321.JPG,02210321.JPG,5393900,2025-02-21 17:26:00,moved
CT20,M17/102EK113,02210322.JPG,M17\102EK113\02210322.JPG,02210322.JPG,5298849,2025-02-21 17:26:02,moved
CT20,M17/102EK113,02210323.JPG,M17\102EK113\02210323.JPG,02210323.JPG,5397685,2025-02-21 17:30:40,moved
CT20,M17/102EK113,02210324.JPG,M17\102EK113\02210324.JPG,02210324.JPG,5304200,2025-02-21 17:30:40,moved
CT20,M17/102EK113,02210325.JPG,M17\102EK113\02210325.JPG,02210325.JPG,5393411,2025-02-21 17:36:34,moved
CT20,M17/102EK113,02210326.JPG,M17\102EK113\02210326.JPG,02210326.JPG,5309546,2025-02-21 17:36:34,moved
CT20,M17/102EK113,02210327.JPG,M17\102EK113\02210327.JPG,02210327.JPG,5506605,2025-02-21 17:47:56,moved
CT20,M17/102EK113,02210328.JPG,M17\102EK113\02210328.JPG,02210328.JPG,5450794,2025-02-21 17:47:56,moved
CT20,M17/102EK113,02210329.JPG,M17\102EK113\02210329.JPG,02210329.JPG,5347546,2025-02-21 17:52:16,moved
CT20,M17/102EK113,02210330.JPG,M17\102EK113\02210330.JPG,02210330.JPG,5263900,2025-02-21 17:52:16,moved
CT20,M17/102EK113,02210331.JPG,M17\102EK113\02210331.JPG,02210331.JPG,5413203,2025-02-21 18:04:14,moved
CT20,M17/102EK113,02210332.JPG,M17\102EK113\02210332.JPG,02210332.JPG,5358980,2025-02-21 18:04:16,moved
CT20,M17/102EK113,02210333.JPG,M17\102EK113\02210333.JPG,02210333.JPG,5438413,2025-02-21 18:09:28,moved
CT20,M17/102EK113,02210334.JPG,M17\102EK113\02210334.JPG,02210334.JPG,5391521,2025-02-21 18:09:28,moved
CT20,M17/102EK113,02210335.JPG,M17\102EK113\02210335.JPG,02210335.JPG,5476134,2025-02-21 18:14:34,moved
CT20,M17/102EK113,02210336.JPG,M17\102EK113\02210336.JPG,02210336.JPG,5402104,2025-02-21 18:14:36,moved
CT20,M17/102EK113,02210337.JPG,M17\102EK113\02210337.JPG,02210337.JPG,5606402,2025-02-21 18:19:38,moved
CT20,M17/102EK113,02210338.JPG,M17\102EK113\02210338.JPG,02210338.JPG,5509762,2025-02-21 18:19:38,moved
CT20,M17/102EK113,02210339.JPG,M17\102EK113\02210339.JPG,02210339.JPG,5618315,2025-02-21 18:28:58,moved
CT20,M17/102EK113,02210340.JPG,M17\102EK113\02210340.JPG,02210340.JPG,5522147,2025-02-21 18:29:00,moved
CT20,M17/102EK113,02210341.JPG,M17\102EK113\02210341.JPG,02210341.JPG,5467466,2025-02-21 18:34:12,moved
CT20,M17/102EK113,02210342.JPG,M17\102EK113\02210342.JPG,02210342.JPG,5394905,2025-02-21 18:34:12,moved
CT20,M17/102EK113,02210343.JPG,M17\102EK113\02210343.JPG,02210343.JPG,5483903,2025-02-21 18:48:02,moved
CT20,M17/102EK113,02210344.JPG,M17\102EK113\02210344.JPG,02210344.JPG,5429986,2025-02-21 18:48:02,moved
CT20,M17/102EK113,02210345.JPG,M17\102EK113\02210345.JPG,02210345.JPG,5510123,2025-02-21 18:58:04,moved
CT20,M17/102EK113,02210346.JPG,M17\102EK113\02210346.JPG,02210346.JPG,5418624,2025-02-21 18:58:06,moved
CT20,M17/102EK113,02210347.JPG,M17\102EK113\02210347.JPG,02210347.JPG,5532548,2025-02-21 19:02:48,moved
CT20,M17/102EK113,02210348.JPG,M17\102EK113\02210348.JPG,02210348.JPG,5434968,2025-02-21 19:02:50,moved
CT20,M17/102EK113,02210349.JPG,M17\102EK113\02210349.JPG,02210349.JPG,5616227,2025-02-21 19:13:00,moved
CT20,M17/102EK113,02210350.JPG,M17\102EK113\02210350.JPG,02210350.JPG,5537121,2025-02-21 19:13:02,moved
CT20,M17/102EK113,02210351.JPG,M17\102EK113\02210351.JPG,02210351.JPG,5548804,2025-02-21 19:20:44,moved
CT20,M17/102EK113,02210352.JPG,M17\102EK113\02210352.JPG,02210352.JPG,5438455,2025-02-21 19:20:44,moved
CT20,M17/102EK113,02210353.JPG,M17\102EK113\02210353.JPG,02210353.JPG,5641183,2025-02-21 19:26:10,moved
CT20,M17/102EK113,02210354.JPG,M17\102EK113\02210354.JPG,02210354.JPG,5529946,2025-02-21 19:26:10,moved
CT20,M17/102EK113,02210355.JPG,M17\102EK113\02210355.JPG,02210355.JPG,5596805,2025-02-21 19:38:36,moved
CT20,M17/102EK113,02210356.JPG,M17\102EK113\02210356.JPG,02210356.JPG,5516630,2025-02-21 19:38:38,moved
CT20,M17/102EK113,02210357.JPG,M17\102EK113\02210357.JPG,02210357.JPG,5473785,2025-02-21 19:46:20,moved
CT20,M17/102EK113,02210358.JPG,M17\102EK113\02210358.JPG,02210358.JPG,5418430,2025-02-21 19:46:20,moved
CT20,M17/102EK113,02220359.JPG,M17\102EK113\02220359.JPG,02220359.JPG,5599717,2025-02-22 15:15:04,moved
CT20,M17/102EK113,02220360.JPG,M17\102EK113\02220360.JPG,02220360.JPG,5505492,2025-02-22 15:15:06,moved
CT20,M17/102EK113,02220361.JPG,M17\102EK113\02220361.JPG,02220361.JPG,5490541,2025-02-22 15:25:24,moved
CT20,M17/102EK113,02220362.JPG,M17\102EK113\02220362.JPG,02220362.JPG,5390200,2025-02-22 15:25:26,moved
CT20,M17/102EK113,02220363.JPG,M17\102EK113\02220363.JPG,02220363.JPG,5567082,2025-02-22 15:40:42,moved
CT20,M17/102EK113,02220364.JPG,M17\102EK113\02220364.JPG,02220364.JPG,5486683,2025-02-22 15:40:44,moved
CT20,M17/102EK113,02220365.JPG,M17\102EK113\02220365.JPG,02220365.JPG,5591477,2025-02-22 15:46:58,moved
CT20,M17/102EK113,02220366.JPG,M17\102EK113\02220366.JPG,02220366.JPG,5490211,2025-02-22 15:47:00,moved
CT20,M17/102EK113,02220367.JPG,M17\102EK113\02220367.JPG,02220367.JPG,5597087,2025-02-22 15:55:20,moved
CT20,M17/102EK113,02220368.JPG,M17\102EK113\02220368.JPG,02220368.JPG,5504859,2025-02-22 15:55:20,moved
CT20,M17/102EK113,02220369.JPG,M17\102EK113\02220369.JPG,02220369.JPG,5625750,2025-02-22 16:00:50,moved
CT20,M17/102EK113,02220370.JPG,M17\102EK113\02220370.JPG,02220370.JPG,5508910,2025-02-22 16:00:52,moved
CT20,M17/102EK113,02220371.JPG,M17\102EK113\02220371.JPG,02220371.JPG,5579322,2025-02-22 16:05:50,moved
CT20,M17/102EK113,02220372.JPG,M17\102EK113\02220372.JPG,02220372.JPG,5504629,2025-02-22 16:05:52,moved
CT20,M17/102EK113,02220373.JPG,M17\102EK113\02220373.JPG,02220373.JPG,5607069,2025-02-22 16:11:06,moved
CT20,M17/102EK113,02220374.JPG,M17\102EK113\02220374.JPG,02220374.JPG,5500680,2025-02-22 16:11:06,moved
CT20,M17/102EK113,02220375.JPG,M17\102EK113\02220375.JPG,02220375.JPG,5585397,2025-02-22 16:21:40,moved
CT20,M17/102EK113,02220376.JPG,M17\102EK113\02220376.JPG,02220376.JPG,5487115,2025-02-22 16:21:40,moved
CT20,M17/102EK113,02220377.JPG,M17\102EK113\02220377.JPG,02220377.JPG,5566399,2025-02-22 16:25:46,moved
CT20,M17/102EK113,02220378.JPG,M17\102EK113\02220378.JPG,02220378.JPG,5489235,2025-02-22 16:25:48,moved
CT20,M17/102EK113,02220379.JPG,M17\102EK113\02220379.JPG,02220379.JPG,5640386,2025-02-22 16:31:36,moved
CT20,M17/102EK113,02220380.JPG,M17\102EK113\02220380.JPG,02220380.JPG,5503128,2025-02-22 16:31:38,moved
CT20,M17/102EK113,02240381.JPG,M17\102EK113\02240381.JPG,02240381.JPG,5206573,2025-02-24 16:20:26,moved
CT20,M17/102EK113,02240382.JPG,M17\102EK113\02240382.JPG,02240382.JPG,5122537,2025-02-24 16:20:26,moved
CT20,M17/102EK113,02240383.JPG,M17\102EK113\02240383.JPG,02240383.JPG,5147880,2025-02-24 16:30:52,moved
CT20,M17/102EK113,02240384.JPG,M17\102EK113\02240384.JPG,02240384.JPG,5088387,2025-02-24 16:30:54,moved
CT20,M17/102EK113,02240385.JPG,M17\102EK113\02240385.JPG,02240385.JPG,5402162,2025-02-24 18:00:00,moved
CT20,M17/102EK113,02240386.JPG,M17\102EK113\02240386.JPG,02240386.JPG,5311504,2025-02-24 18:00:02,moved
CT20,M17/102EK113,02240387.JPG,M17\102EK113\02240387.JPG,02240387.JPG,5451457,2025-02-24 19:02:16,moved
CT20,M17/102EK113,02240388.JPG,M17\102EK113\02240388.JPG,02240388.JPG,5395998,2025-02-24 19:02:18,moved
CT20,M17/102EK113,02250389.JPG,M17\102EK113\02250389.JPG,02250389.JPG,5493808,2025-02-25 15:08:44,moved
CT20,M17/102EK113,02250390.JPG,M17\102EK113\02250390.JPG,02250390.JPG,5426310,2025-02-25 15:08:44,moved
CT20,M17/102EK113,02250391.JPG,M17\102EK113\02250391.JPG,02250391.JPG,5475037,2025-02-25 15:10:56,moved
CT20,M17/102EK113,02250392.JPG,M17\102EK113\02250392.JPG,02250392.JPG,5379359,2025-02-25 15:10:56,moved
CT20,M17/102EK113,02250393.JPG,M17\102EK113\02250393.JPG,02250393.JPG,5516014,2025-02-25 15:49:08,moved
CT20,M17/102EK113,02250394.JPG,M17\102EK113\02250394.JPG,02250394.JPG,5440661,2025-02-25 15:49:10,moved
CT20,M17/102EK113,02250395.JPG,M17\102EK113\02250395.JPG,02250395.JPG,5482998,2025-02-25 16:02:10,moved
CT20,M17/102EK113,02250396.JPG,M17\102EK113\02250396.JPG,02250396.JPG,5425560,2025-02-25 16:02:10,moved
CT20,M17/102EK113,02250397.JPG,M17\102EK113\02250397.JPG,02250397.JPG,5504349,2025-02-25 16:36:46,moved
CT20,M17/102EK113,02250398.JPG,M17\102EK113\02250398.JPG,02250398.JPG,5425183,2025-02-25 16:36:48,moved
CT20,M17/102EK113,02250399.JPG,M17\102EK113\02250399.JPG,02250399.JPG,5506129,2025-02-25 16:59:40,moved
CT20,M17/102EK113,02250400.JPG,M17\102EK113\02250400.JPG,02250400.JPG,5431441,2025-02-25 16:59:40,moved
CT20,M17/102EK113,02250401.JPG,M17\102EK113\02250401.JPG,02250401.JPG,5302885,2025-02-25 17:02:12,moved
CT20,M17/102EK113,02250402.JPG,M17\102EK113\02250402.JPG,02250402.JPG,5236541,2025-02-25 17:02:14,moved
CT20,M17/102EK113,02250403.JPG,M17\102EK113\02250403.JPG,02250403.JPG,5569791,2025-02-25 17:07:26,moved
CT20,M17/102EK113,02250404.JPG,M17\102EK113\02250404.JPG,02250404.JPG,5474745,2025-02-25 17:07:28,moved
CT20,M17/102EK113,02250405.JPG,M17\102EK113\02250405.JPG,02250405.JPG,5543127,2025-02-25 17:14:44,moved
CT20,M17/102EK113,02250406.JPG,M17\102EK113\02250406.JPG,02250406.JPG,5456231,2025-02-25 17:14:44,moved
CT20,M17/102EK113,02250407.JPG,M17\102EK113\02250407.JPG,02250407.JPG,5371820,2025-02-25 17:18:38,moved
CT20,M17/102EK113,02250408.JPG,M17\102EK113\02250408.JPG,02250408.JPG,5286196,2025-02-25 17:18:40,moved
CT20,M17/102EK113,02250409.JPG,M17\102EK113\02250409.JPG,02250409.JPG,5327098,2025-02-25 17:24:46,moved
CT20,M17/102EK113,02250410.JPG,M17\102EK113\02250410.JPG,02250410.JPG,5230441,2025-02-25 17:24:46,moved
CT20,M17/102EK113,02250411.JPG,M17\102EK113\02250411.JPG,02250411.JPG,5362414,2025-02-25 17:32:18,moved
CT20,M17/102EK113,02250412.JPG,M17\102EK113\02250412.JPG,02250412.JPG,5287995,2025-02-25 17:32:20,moved
CT20,M17/102EK113,02250413.JPG,M17\102EK113\02250413.JPG,02250413.JPG,5349705,2025-02-25 17:40:34,moved
CT20,M17/102EK113,02250414.JPG,M17\102EK113\02250414.JPG,02250414.JPG,5289229,2025-02-25 17:40:36,moved
CT20,M17/102EK113,02250415.JPG,M17\102EK113\02250415.JPG,02250415.JPG,5356591,2025-02-25 17:47:40,moved
CT20,M17/102EK113,02250416.JPG,M17\102EK113\02250416.JPG,02250416.JPG,5287409,2025-02-25 17:47:40,moved
CT20,M17/102EK113,02250417.JPG,M17\102EK113\02250417.JPG,02250417.JPG,5444874,2025-02-25 17:58:36,moved
CT20,M17/102EK113,02250418.JPG,M17\102EK113\02250418.JPG,02250418.JPG,5358622,2025-02-25 17:58:38,moved
CT20,M17/102EK113,02250419.JPG,M17\102EK113\02250419.JPG,02250419.JPG,5464239,2025-02-25 18:08:42,moved
CT20,M17/102EK113,02250420.JPG,M17\102EK113\02250420.JPG,02250420.JPG,5372718,2025-02-25 18:08:44,moved
CT20,M17/102EK113,02250421.JPG,M17\102EK113\02250421.JPG,02250421.JPG,5592354,2025-02-25 18:16:04,moved
CT20,M17/102EK113,02250422.JPG,M17\102EK113\02250422.JPG,02250422.JPG,5521593,2025-02-25 18:16:04,moved
CT20,M17/102EK113,02250423.JPG,M17\102EK113\02250423.JPG,02250423.JPG,5481812,2025-02-25 18:28:48,moved
CT20,M17/102EK113,02250424.JPG,M17\102EK113\02250424.JPG,02250424.JPG,5410549,2025-02-25 18:28:48,moved
CT20,M17/102EK113,02250425.JPG,M17\102EK113\02250425.JPG,02250425.JPG,5546570,2025-02-25 18:40:56,moved
CT20,M17/102EK113,02250426.JPG,M17\102EK113\02250426.JPG,02250426.JPG,5476921,2025-02-25 18:40:56,moved
CT20,M17/102EK113,02250427.JPG,M17\102EK113\02250427.JPG,02250427.JPG,5544480,2025-02-25 18:55:26,moved
CT20,M17/102EK113,02250428.JPG,M17\102EK113\02250428.JPG,02250428.JPG,5480396,2025-02-25 18:55:28,moved
CT20,M17/102EK113,02250429.JPG,M17\102EK113\02250429.JPG,02250429.JPG,5540620,2025-02-25 19:15:34,moved
CT20,M17/102EK113,02250430.JPG,M17\102EK113\02250430.JPG,02250430.JPG,5490230,2025-02-25 19:15:36,moved
CT20,M17/102EK113,02250431.JPG,M17\102EK113\02250431.JPG,02250431.JPG,5581781,2025-02-25 19:28:26,moved
CT20,M17/102EK113,02250432.JPG,M17\102EK113\02250432.JPG,02250432.JPG,5504386,2025-02-25 19:28:28,moved
CT20,M17/102EK113,02250433.JPG,M17\102EK113\02250433.JPG,02250433.JPG,5561937,2025-02-25 19:46:36,moved
CT20,M17/102EK113,02250434.JPG,M17\102EK113\02250434.JPG,02250434.JPG,5483526,2025-02-25 19:46:38,moved
CT20,M17/102EK113,02260435.JPG,M17\102EK113\02260435.JPG,02260435.JPG,5607868,2025-02-26 15:16:32,moved
CT20,M17/102EK113,02260436.JPG,M17\102EK113\02260436.JPG,02260436.JPG,5530454,2025-02-26 15:16:32,moved
CT20,M17/102EK113,02260437.JPG,M17\102EK113\02260437.JPG,02260437.JPG,5566510,2025-02-26 15:20:12,moved
CT20,M17/102EK113,02260438.JPG,M17\102EK113\02260438.JPG,02260438.JPG,5521979,2025-02-26 15:20:14,moved
CT20,M17/102EK113,02260439.JPG,M17\102EK113\02260439.JPG,02260439.JPG,5516026,2025-02-26 15:55:58,moved
CT20,M17/102EK113,02260440.JPG,M17\102EK113\02260440.JPG,02260440.JPG,5479529,2025-02-26 15:55:58,moved
CT20,M17/102EK113,02260441.JPG,M17\102EK113\02260441.JPG,02260441.JPG,5553971,2025-02-26 16:12:24,moved
CT20,M17/102EK113,02260442.JPG,M17\102EK113\02260442.JPG,02260442.JPG,5505361,2025-02-26 16:12:26,moved
CT20,M17/102EK113,02260443.JPG,M17\102EK113\02260443.JPG,02260443.JPG,5543119,2025-02-26 16:30:32,moved
CT20,M17/102EK113,02260444.JPG,M17\102EK113\02260444.JPG,02260444.JPG,5478916,2025-02-26 16:30:34,moved
CT20,M17/102EK113,02260445.JPG,M17\102EK113\02260445.JPG,02260445.JPG,5569533,2025-02-26 17:48:04,moved
CT20,M17/102EK113,02260446.JPG,M17\102EK113\02260446.JPG,02260446.JPG,5493120,2025-02-26 17:48:06,moved
CT20,M17/102EK113,02270447.JPG,M17\102EK113\02270447.JPG,02270447.JPG,3717660,2025-02-27 08:57:36,moved
CT20,M17/102EK113,02270448.JPG,M17\102EK113\02270448.JPG,02270448.JPG,3913191,2025-02-27 08:57:38,moved
CT20,M17/102EK113,02270449.JPG,M17\102EK113\02270449.JPG,02270449.JPG,5664522,2025-02-27 15:46:14,moved
CT20,M17/102EK113,02270450.JPG,M17\102EK113\02270450.JPG,02270450.JPG,5550341,2025-02-27 15:46:14,moved
CT20,M17/102EK113,02270451.JPG,M17\102EK113\02270451.JPG,02270451.JPG,5615272,2025-02-27 15:50:38,moved
CT20,M17/102EK113,02270452.JPG,M17\102EK113\02270452.JPG,02270452.JPG,5525199,2025-02-27 15:50:38,moved
CT23,M 20,02050001.JPG,M 20\02050001.JPG,02050001.JPG,4174515,2025-02-05 16:15:54,moved
CT23,M 20,02050002.JPG,M 20\02050002.JPG,02050002.JPG,4284623,2025-02-05 16:15:56,moved
CT23,M 20,04140004.JPG,M 20\04140004.JPG,04140004.JPG,4099444,2025-04-14 01:00:50,moved
CT23,M 20,04140005.JPG,M 20\04140005.JPG,04140005.JPG,1818196,2025-04-14 01:00:50,moved
CT23,M 20,06100007.JPG,M 20\06100007.JPG,06100007.JPG,4225187,2025-06-10 13:12:00,moved
CT23,M 20,06100008.JPG,M 20\06100008.JPG,06100008.JPG,4199089,2025-06-10 13:12:02,moved
