DataPackage,Deployments,RootFolder,File,RelativePath,DateTime,mediaID,deploymentID,captureMethod,timestamp,filePath,filePublic,fileName,fileMediatype,exifData,favorite,mediaComments,observationID,eventID,eventStart,eventEnd,observationLevel,observationType,cameraSetupType,scientificName,count,lifeStage,sex,behavior,individualID,individualPositionRadius,individualPositionAngle,individualSpeed,bboxX,bboxY,bboxWidth,bboxHeight,classificationMethod,classifiedBy,classificationTimestamp,classificationProbability,observationTags,observationComments
,CT01,SynologyDrive,01290005.JPG,CT01, 2025-01-29 18:48:38,ed8c102d-df2e-46bc-a80b-74551a116db9,,,,,false,,image/jpeg,,false,,9993a8fd-4ef7-4458-9ec0-bed5e90efa74,,,,,animal,,,,,,,,,,,,,,,,,,,,
,CT01,SynologyDrive,02170009.JPG,CT01, 2025-02-17 19:21:01,3de70aff-c74c-444d-9c8d-7b1d4a38c413,,,,,false,,image/jpeg,,false,,0c3cc211-7202-4d6e-91f9-d5f985061aef,,,,,animal,,,,,,,,,,,,,,,,,,,,
,CT01,SynologyDrive,02170010.JPG,CT01, 2025-02-17 19:21:02,77ca4fc6-9bd3-4da2-92bb-8c272eefba4f,,,,,false,,image/jpeg,,false,,3ef5e17d-7234-4ef7-b12a-34dad8a3b0db,,,,,animal,,,,,,,,,,,,,,,,,,,,
,CT01,SynologyDrive,02260014.JPG,CT01, 2025-02-26 08:28:09,00a45acc-8cfd-4977-8931-ab9aabde7c28,,,,,false,,image/jpeg,,false,,5302cb93-100f-4f2a-b81d-702ef5bee249,,,,,animal,,,,,,,,,,,,,,,,,,,,
,CT01,SynologyDrive,03260029.JPG,CT01, 2025-03-26 11:37:46,9034f6e4-c37c-47ce-ad2f-cadb19533be0,,,,,false,,image/jpeg,,false,,4bb2519d-133b-4089-8786-eb16d373069a,,,,,animal,,,,,,,,,,,,,,,,,,,,
,CT01,SynologyDrive,03260030.JPG,CT01, 2025-03-26 11:37:47,80b7ab9d-fc49-4572-b210-0bf80f3970ee,,,,,false,,image/jpeg,,false,,5acd82e3-ca04-47d5-8de1-7d3c194e0030,,,,,animal,,,,,,,,,,,,,,,,,,,,
,CT01,SynologyDrive,03260031.JPG,CT01, 2025-03-26 11:37:47,e45d73c8-c295-4fb4-8286-d667a4d5727a,,,,,false,,image/jpeg,,false,,373a80c2-d363-44f7-92c0-66cc5446b6f9,,,,,animal,,,,,,,,,,,,,,,,,,,,
,CT02,SynologyDrive,02280025.JPG,CT02, 2025-02-28 01:07:18,4091ab05-12a6-46f1-9ca8-4bec24217378,,,,,false,,image/jpeg,,false,,2f8c935c-6c5e-44e3-99e7-6c332cb82e00,,,,,animal,,,,,,,,,,,,,,,,,,,,
,CT02,SynologyDrive,02280034.JPG,CT02, 2025-02-28 13:53:53,97377cb4-9465-4aa5-afec-8698c635b345,,,,,false,,image/jpeg,,false,,cbe061f8-d7c3-4f59-a43d-5a2957672489,,,,,animal,,,,,,,,,,,,,,,,,,,,
,CT03,SynologyDrive,10100001.JPG,CT03, 2024-10-10 01:39:13,d3b641e9-a5b7-4377-a7be-0a3650cd8cba,,,,,false,,image/jpeg,,false,,a10b2162-eaad-4783-ba89-0289af8f97fb,,,,,animal,,,,,,,,,,,,,,,,,,,,
,CT03,SynologyDrive,10180013.JPG,CT03, 2024-10-18 12:22:20,ec583034-9d48-4bd7-98e7-e62f27ce31df,,,,,false,,image/jpeg,,false,,721a7af9-2983-444d-b500-77b3c84f4399,,,,,animal,,,,,,,,,,,,,,,,,,,,
,CT03,SynologyDrive,10180014.JPG,CT03, 2024-10-18 12:22:21,9392d2eb-527d-49ad-873f-ddee68a7fb44,,,,,false,,image/jpeg,,false,,dd087c6e-e9c8-4e5a-a5bc-0070d64c5a7a,,,,,animal,,,,,,,,,,,,,,,,,,,,
,CT03,SynologyDrive,10200017.JPG,CT03, 2024-10-20 01:17:12,86fddee8-b7f3-4ffb-af9b-9759f609b6fa,,,,,false,,image/jpeg,,false,,4671a331-c9fd-4bf7-ad5a-71e210cd136a,,,,,animal,,,,,,,,,,,,,,,,,,,,
,CT03,SynologyDrive,10250021.JPG,CT03, 2024-10-25 22:21:58,4697e43f-f826-4168-95af-fee744a8f188,,,,,false,,image/jpeg,,false,,a8c25ce0-a98d-40d5-8cdc-8e06bbefc70d,,,,,animal,,,,,,,,,,,,,,,,,,,,
,CT03,SynologyDrive,10260025.JPG,CT03, 2024-10-26 12:41:14,0a4460d1-8808-4621-87b6-437d45c501c8,,,,,false,,image/jpeg,,false,,27d9a626-b702-4ac6-a5f7-da1b87ef3be2,,,,,animal,,,,,,,,,,,,,,,,,,,,
,CT03,SynologyDrive,10260026.JPG,CT03, 2024-10-26 12:41:15,35ace06f-3951-483e-ad40-3551b62ba7f5,,,,,false,,image/jpeg,,false,,239a1f91-dfdf-483e-ad3f-6d57091b5ee9,,,,,animal,,,,,,,,,,,,,,,,,,,,
,CT03,SynologyDrive,10280029.JPG,CT03, 2024-10-28 02:30:17,6bf06d94-4d6a-4d53-b410-d06c66f166ed,,,,,false,,image/jpeg,,false,,e5378ed8-7ee3-4dc3-a1e6-4ced7db9e91f,,,,,animal,,,,,,,,,,,,,,,,,,,,
,CT03,SynologyDrive,11010033.JPG,CT03, 2024-11-01 03:25:50,4e469cdd-027a-453d-bca5-524d6e3ba0e3,,,,,false,,image/jpeg,,false,,72ed234a-72f2-4c8e-9ec4-0e1dbc974d58,,,,,animal,,,,,,,,,,,,,,,,,,,,
,CT03,SynologyDrive,11070037.JPG,CT03, 2024-11-07 14:12:36,3fc1ac52-38ff-47f9-979d-3601eb91e1c1,,,,,false,,image/jpeg,,false,,e44f69f5-653c-4616-af5a-695504f7d9f5,,,,,animal,,,,,,,,,,,,,,,,,,,,
,CT03,SynologyDrive,11070038.JPG,CT03, 2024-11-07 14:12:37,38f53b9e-85d4-46b5-a79a-f2024a6fc035,,,,,false,,image/jpeg,,false,,30f48ed4-d73a-4c0c-883d-b63581a110ce,,,,,animal,,,,,,,,,,,,,,,,,,,,
,CT03,SynologyDrive,11070039.JPG,CT03, 2024-11-07 14:12:38,fb48a70e-bd4c-43cf-bc80-32bb6e7115b9,,,,,false,,image/jpeg,,false,,87bb5b6f-3c08-4aff-8d8a-46bf4e2ede5c,,,,,animal,,,,,,,,,,,,,,,,,,,,
,CT03,SynologyDrive,11220041.JPG,CT03, 2024-11-22 01:17:53,4903fced-7da9-4719-85ce-c0a5b444d393,,,,,false,,image/jpeg,,false,,e5acbd0e-bb30-4370-a15c-90bbbb45db94,,,,,animal,,,,,,,,,,,,,,,,,,,,
,CT03,SynologyDrive,11270045.JPG,CT03, 2024-11-27 00:25:26,5779053d-3d32-4e1c-ac05-c1cf9da688a2,,,,,false,,image/jpeg,,false,,0973a9a9-21fd-4d63-b159-d84ad3a13f48,,,,,animal,,,,,,,,,,,,,,,,,,,,
,CT03,SynologyDrive,11280049.JPG,CT03, 2024-11-28 00:28:59,d2d8c586-ae17-467a-a426-a1b836049a92,,,,,false,,image/jpeg,,false,,7007aaf7-981c-4918-b207-e2feb01e20bc,,,,,animal,,,,,,,,,,,,,,,,,,,,
,CT03,SynologyDrive,11300053.JPG,CT03, 2024-11-30 03:48:38,db3a8efa-4434-4e90-9d0d-fc07c467ea05,,,,,false,,image/jpeg,,false,,94652557-bb0e-40af-bfda-cc801681462d,,,,,animal,,,,,,,,,,,,,,,,,,,,
,CT03,SynologyDrive,12080057.JPG,CT03, 2024-12-08 03:18:33,63f7383e-5eb7-4174-9627-38f8725bb36b,,,,,false,,image/jpeg,,false,,32f62e20-296c-4cb8-a1da-835725ae0912,,,,,animal,,,,,,,,,,,,,,,,,,,,
,CT03,SynologyDrive,12130061.JPG,CT03, 2024-12-13 23:18:05,afafa369-9642-4f44-a678-033207ee9266,,,,,false,,image/jpeg,,false,,7531fdab-d922-47ab-807e-ead6af11d8ba,,,,,animal,,,,,,,,,,,,,,,,,,,,
,CT03,SynologyDrive,12150065.JPG,CT03, 2024-12-15 01:43:58,0bff6d20-599e-4337-86a0-adc528f8ddd0,,,,,false,,image/jpeg,,false,,b7967232-df32-4d8b-aef5-b64795095d03,,,,,animal,,,,,,,,,,,,,,,,,,,,
,CT03,SynologyDrive,12210069.JPG,CT03, 2024-12-21 23:03:30,a8950884-b554-4275-948a-11673f4afaab,,,,,false,,image/jpeg,,false,,8d8bf69d-9fdc-404c-8c44-67d432027c9b,,,,,animal,,,,,,,,,,,,,,,,,,,,
,CT03,SynologyDrive,12250073.JPG,CT03, 2024-12-25 07:47:25,8e5ffbd9-aea5-4480-b4ef-28e60f0a2ee2,,,,,false,,image/jpeg,,false,,81c59c64-f2fe-4194-9f10-857009e9280a,,,,,animal,,,,,,,,,,,,,,,,,,,,
,CT03,SynologyDrive,01010081.JPG,CT03, 2025-01-01 00:16:08,360fbc2e-ad5d-4b6b-90f6-24af93c4d0a0,,,,,false,,image/jpeg,,false,,379cd14d-6719-4908-936d-6b1128260896,,,,,animal,,,,,,,,,,,,,,,,,,,,
,CT03,SynologyDrive,01040085.JPG,CT03, 2025-01-04 11:07:19,878f17bf-d9c9-4ee7-9bbb-4cca537de63c,,,,,false,,image/jpeg,,false,,3a0d2bfc-b467-493d-b669-54349a57d006,,,,,animal,,,,,,,,,,,,,,,,,,,,
,CT03,SynologyDrive,01040086.JPG,CT03, 2025-01-04 11:07:20,7c98ee10-0875-41e4-b4ce-167844f63534,,,,,false,,image/jpeg,,false,,99aee72c-8cf7-4f8f-9edb-e45de8f0cc3f,,,,,animal,,,,,,,,,,,,,,,,,,,,
,CT03,SynologyDrive,01040089.JPG,CT03, 2025-01-04 11:16:05,74d1a0d5-2dfe-414f-b8ae-0facbbe23fd8,,,,,false,,image/jpeg,,false,,1b98e475-cc2c-40fa-95e1-30508eb66f17,,,,,animal,,,,,,,,,,,,,,,,,,,,
,CT03,SynologyDrive,01060093.JPG,CT03, 2025-01-06 06:01:15,70a547b3-a3dc-4cf0-ae76-51ce4dbe804c,,,,,false,,image/jpeg,,false,,009ee262-09d7-4a49-a483-1a515417f785,,,,,animal,,,,,,,,,,,,,,,,,,,,
,CT03,SynologyDrive,01110097.JPG,CT03, 2025-01-11 00:41:04,2ffe36ed-7884-407b-a3ca-a3d5f2d33d59,,,,,false,,image/jpeg,,false,,e6c5297c-bebc-4163-b821-1f37f23176c4,,,,,animal,,,,,,,,,,,,,,,,,,,,
,CT03,SynologyDrive,01140101.JPG,CT03, 2025-01-14 04:58:05,37a54daf-0db9-40c0-8c59-e0eb6edda0d2,,,,,false,,image/jpeg,,false,,40825291-e827-4402-99da-644e832ed59e,,,,,animal,,,,,,,,,,,,,,,,,,,,
,CT03,SynologyDrive,01180125.JPG,CT03, 2025-01-18 22:57:46,d9ad1b75-11b1-4575-9617-98fbdeecae48,,,,,false,,image/jpeg,,false,,4d4822c7-71ca-49e3-a289-99192e4a3502,,,,,animal,,,,,,,,,,,,,,,,,,,,
,CT03,SynologyDrive,01190129.JPG,CT03, 2025-01-19 01:50:42,35ca60b4-f623-4f8a-a852-12916468af8d,,,,,false,,image/jpeg,,false,,5708459d-868a-4745-8c5d-9fcdf2bdb243,,,,,animal,,,,,,,,,,,,,,,,,,,,
,CT03,SynologyDrive,01240133.JPG,CT03, 2025-01-24 21:45:09,1c2cbabd-bd43-4224-aaeb-241d630c18d6,,,,,false,,image/jpeg,,false,,495dc14c-41ee-427f-b349-3a5d1d88a02b,,,,,animal,,,,,,,,,,,,,,,,,,,,
,CT03,SynologyDrive,02030137.JPG,CT03, 2025-02-03 06:07:57,2dffaaea-dda0-485c-be32-8d6e815aca17,,,,,false,,image/jpeg,,false,,4bea6466-8fcd-4243-98c2-8da71d8b0867,,,,,animal,,,,,,,,,,,,,,,,,,,,
,CT03,SynologyDrive,02060141.JPG,CT03, 2025-02-06 05:44:12,32c0f63d-6111-49a0-89dd-8154f750c1ed,,,,,false,,image/jpeg,,false,,0545918c-4acc-431e-95ad-7f899eb44d22,,,,,animal,,,,,,,,,,,,,,,,,,,,
,CT03,SynologyDrive,02060145.JPG,CT03, 2025-02-06 23:32:55,1ef6c631-895a-4d83-a6ed-2616d667e554,,,,,false,,image/jpeg,,false,,a75f65cc-411a-42db-a7da-b6c84e430296,,,,,animal,,,,,,,,,,,,,,,,,,,,
,CT03,SynologyDrive,02150149.JPG,CT03, 2025-02-15 20:40:34,9e662f01-980e-4184-89a6-66ec06d4286b,,,,,false,,image/jpeg,,false,,8e9fdeb6-6c25-4958-acb2-6a6e278d6346,,,,,animal,,,,,,,,,,,,,,,,,,,,
,CT03,SynologyDrive,02150150.JPG,CT03, 2025-02-15 20:40:34,bd5c3183-f518-4ce7-b5f5-77fac41cc264,,,,,false,,image/jpeg,,false,,b5fe0a94-a35f-40b5-ab24-3b460d617615,,,,,animal,,,,,,,,,,,,,,,,,,,,
,CT03,SynologyDrive,02150151.JPG,CT03, 2025-02-15 20:40:35,608f9eb9-b08a-4a63-b695-15265eb891b6,,,,,false,,image/jpeg,,false,,4a247ea6-54d8-4d13-84d5-84cbbf6673e7,,,,,animal,,,,,,,,,,,,,,,,,,,,
,CT03,SynologyDrive,02160153.JPG,CT03, 2025-02-16 17:44:53,d6a70374-25d5-4885-97ae-94c700fb090f,,,,,false,,image/jpeg,,false,,1a963c15-754f-4043-85aa-425c469a43ae,,,,,animal,,,,,,,,,,,,,,,,,,,,
,CT03,SynologyDrive,02160154.JPG,CT03, 2025-02-16 17:44:54,d5f7ea89-da0b-4228-81b5-b1de9bb41f68,,,,,false,,image/jpeg,,false,,3acbfff1-efe6-42f4-9dd3-3671dcb4013b,,,,,animal,,,,,,,,,,,,,,,,,,,,
,CT03,SynologyDrive,02160155.JPG,CT03, 2025-02-16 17:44:55,215ffa7c-5803-4f13-aefa-3d5cbcdc76a7,,,,,false,,image/jpeg,,false,,b2651618-7213-46bf-9cd3-f61e4c006f59,,,,,animal,,,,,,,,,,,,,,,,,,,,
,CT03,SynologyDrive,02170157.JPG,CT03, 2025-02-17 04:35:24,ffd64d9a-2101-4ef8-a31b-a656694fe471,,,,,false,,image/jpeg,,false,,39e0f623-4214-4d81-8e84-7ef9cfee75e4,,,,,animal,,,,,,,,,,,,,,,,,,,,
,CT03,SynologyDrive,02190161.JPG,CT03, 2025-02-19 23:33:21,3a4c1718-e8ef-4e7f-90dc-26213fc8c4d0,,,,,false,,image/jpeg,,false,,43f884b1-6ce4-45d3-8f53-f89782495831,,,,,animal,,,,,,,,,,,,,,,,,,,,
,CT03,SynologyDrive,02200165.JPG,CT03, 2025-02-20 16:00:22,2c1d04e9-661b-4164-b302-22b3eb3f85d5,,,,,false,,image/jpeg,,false,,95e65729-1ddb-46e5-b3c4-b0a4a5884dbc,,,,,animal,,,,,,,,,,,,,,,,,,,,
,CT03,SynologyDrive,02200166.JPG,CT03, 2025-02-20 16:00:23,283e4a5b-ae75-42ef-8daf-895b78e37170,,,,,false,,image/jpeg,,false,,76d3c335-c113-4c4a-b9e0-66240034dffa,,,,,animal,,,,,,,,,,,,,,,,,,,,
,CT03,SynologyDrive,02200167.JPG,CT03, 2025-02-20 16:00:24,c57b0d4d-2675-44c4-a87f-a06734f6b7e6,,,,,false,,image/jpeg,,false,,f363f244-d96a-4bb8-9252-10917753f16d,,,,,animal,,,,,,,,,,,,,,,,,,,,
,CT03,SynologyDrive,02200169.JPG,CT03, 2025-02-20 16:34:05,680a335e-9923-4339-811d-787fc7889364,,,,,false,,image/jpeg,,false,,e009542e-e921-4873-8bb3-5c38361de586,,,,,animal,,,,,,,,,,,,,,,,,,,,
,CT03,SynologyDrive,02200170.JPG,CT03, 2025-02-20 16:34:06,0f3556bc-ac86-4fbe-bb47-5cd89f836d62,,,,,false,,image/jpeg,,false,,0b6b77f8-8332-46dc-a453-a82b6c0df077,,,,,animal,,,,,,,,,,,,,,,,,,,,
,CT03,SynologyDrive,02200173.JPG,CT03, 2025-02-20 16:39:47,24bf0201-10bc-4ac5-97a2-c2a03818327c,,,,,false,,image/jpeg,,false,,cf4b178a-5c8c-493a-816e-c1a8227a4a26,,,,,animal,,,,,,,,,,,,,,,,,,,,
,CT03,SynologyDrive,02210177.JPG,CT03, 2025-02-21 06:20:15,d461d1c0-facf-4820-8dd6-29ff3a5e95a9,,,,,false,,image/jpeg,,false,,022ac95a-a90c-4121-8a7f-c2b15f2e265f,,,,,animal,,,,,,,,,,,,,,,,,,,,
,CT03,SynologyDrive,02250181.JPG,CT03, 2025-02-25 01:02:19,12058efa-059b-491f-b117-3eb12fbc7c4e,,,,,false,,image/jpeg,,false,,6aa02bc3-97c9-446c-a301-d5472dbfb1f5,,,,,animal,,,,,,,,,,,,,,,,,,,,
,CT03,SynologyDrive,02280217.JPG,CT03, 2025-02-28 04:53:24,9b4ebcaa-bf29-4a29-a112-b775368d810e,,,,,false,,image/jpeg,,false,,2a7c475d-ca8f-4a8d-a8c6-5d8681f300d2,,,,,animal,,,,,,,,,,,,,,,,,,,,
,CT03,SynologyDrive,03020221.JPG,CT03, 2025-03-02 22:18:16,d1ed10b1-1929-4147-be85-ddea70d65ab6,,,,,false,,image/jpeg,,false,,cc7cec1e-9550-4dbb-825a-28499bf6046b,,,,,animal,,,,,,,,,,,,,,,,,,,,
,CT03,SynologyDrive,03050225.JPG,CT03, 2025-03-05 03:07:52,f975d4f1-9781-4425-abb1-ac4bc97ff853,,,,,false,,image/jpeg,,false,,8622884d-058e-4222-9891-7dc0c2fcd821,,,,,animal,,,,,,,,,,,,,,,,,,,,
,CT03,SynologyDrive,03060237.JPG,CT03, 2025-03-06 03:54:57,62da70a5-5abf-4baf-91e9-a8d206c78abc,,,,,false,,image/jpeg,,false,,994cf93a-725e-46d6-955a-70550e954ae2,,,,,animal,,,,,,,,,,,,,,,,,,,,
,CT03,SynologyDrive,03070241.JPG,CT03, 2025-03-07 22:04:51,04e194cd-a424-42fb-9f92-bd8b2f883e06,,,,,false,,image/jpeg,,false,,6bb766e2-2d95-44d7-a436-51c15137e03a,,,,,animal,,,,,,,,,,,,,,,,,,,,
,CT03,SynologyDrive,03100245.JPG,CT03, 2025-03-10 01:52:04,4586c024-4b4d-4e4d-ad34-e6cca4b88339,,,,,false,,image/jpeg,,false,,35253447-a42b-4b60-a6d5-82fdd3623a73,,,,,animal,,,,,,,,,,,,,,,,,,,,
,CT03,SynologyDrive,03190273.JPG,CT03, 2025-03-18 23:59:28,36eb37db-fee3-4586-9468-5b39afd3aecc,,,,,false,,image/jpeg,,false,,1033721d-050f-4452-a0ae-3ee5114f3469,,,,,animal,,,,,,,,,,,,,,,,,,,,
,CT03,SynologyDrive,03200277.JPG,CT03, 2025-03-20 21:56:15,f4757bf8-a1f9-403c-b316-27304213aec1,,,,,false,,image/jpeg,,false,,66eb5710-301a-481e-b175-e33318631245,,,,,animal,,,,,,,,,,,,,,,,,,,,
,CT03,SynologyDrive,03210289.JPG,CT03, 2025-03-21 23:15:54,61a6a1bf-17d1-4152-ba9d-23dc071ff3ae,,,,,false,,image/jpeg,,false,,a9fa480b-5f7a-449c-9af8-1c6d6ffa4bd5,,,,,animal,,,,,,,,,,,,,,,,,,,,
,CT03,SynologyDrive,03300305.JPG,CT03, 2025-03-30 04:32:44,bd729323-aab5-4077-be6c-ea595ff71df6,,,,,false,,image/jpeg,,false,,b651532c-e685-484c-8556-f3958d2b59e7,,,,,animal,,,,,,,,,,,,,,,,,,,,
,CT03,SynologyDrive,04050309.JPG,CT03, 2025-04-05 23:20:57,fdc849fa-6639-488f-b929-fa95da2c80ef,,,,,false,,image/jpeg,,false,,7d6b9274-cbff-411e-b905-8ad51ed30c6f,,,,,animal,,,,,,,,,,,,,,,,,,,,
,CT03,SynologyDrive,04080313.JPG,CT03, 2025-04-08 00:02:17,9d2403bd-3615-4690-8f9e-6c3f11b3f515,,,,,false,,image/jpeg,,false,,b011a1c4-f480-4f58-9529-387e45e8427c,,,,,animal,,,,,,,,,,,,,,,,,,,,
,CT03,SynologyDrive,04150316.JPG,CT03, 2025-04-15 21:00:49,3463244e-abe1-4ac8-99af-4c0e20a39e98,,,,,false,,image/jpeg,,false,,7b00de21-78b8-40f7-a4df-9663fbda3544,,,,,animal,,,,,,,,,,,,,,,,,,,,
,CT03,SynologyDrive,04160319.JPG,CT03, 2025-04-16 03:50:54,16ca2e71-8c57-400c-a7e1-359e30a816cc,,,,,false,,image/jpeg,,false,,0267362d-2b6c-4586-ba8b-cbf091ddf1a1,,,,,animal,,,,,,,,,,,,,,,,,,,,
,CT03,SynologyDrive,04190322.JPG,CT03, 2025-04-19 21:56:55,da35d09c-4bb6-4a5a-8ecd-37970b579862,,,,,false,,image/jpeg,,false,,6ca426d4-bdda-4a47-bcfc-76581fc0dfa3,,,,,animal,,,,,,,,,,,,,,,,,,,,
,CT03,SynologyDrive,04250325.JPG,CT03, 2025-04-25 21:30:54,53e2c124-70cc-4df8-b666-e82b97c16ba9,,,,,false,,image/jpeg,,false,,6e91698f-dd98-4a9e-825c-45e69468accc,,,,,animal,,,,,,,,,,,,,,,,,,,,
,CT03,SynologyDrive,04280334.JPG,CT03, 2025-04-28 22:38:33,a199a6d5-1682-4777-9e8b-7bfa2efb71e8,,,,,false,,image/jpeg,,false,,30abe43f-6547-422f-9110-80e8aad2269e,,,,,animal,,,,,,,,,,,,,,,,,,,,
,CT03,SynologyDrive,05030337.JPG,CT03, 2025-05-03 20:15:06,c020ebc3-f238-46ae-955a-57818a789079,,,,,false,,image/jpeg,,false,,ed0501d6-103a-4c92-a4eb-d78b78894bd8,,,,,animal,,,,,,,,,,,,,,,,,,,,
,CT03,SynologyDrive,05030340.JPG,CT03, 2025-05-03 23:49:28,4966b38e-6d98-4330-bca6-1b9dae27509f,,,,,false,,image/jpeg,,false,,dcadb014-3221-4aec-9c04-41ed7cd6d3eb,,,,,animal,,,,,,,,,,,,,,,,,,,,
,CT03,SynologyDrive,05030343.JPG,CT03, 2025-05-03 23:57:22,3a87343c-1838-449a-b2a6-919ceaf6b3ba,,,,,false,,image/jpeg,,false,,1a164826-929c-4ae4-988f-da43b68741c7,,,,,animal,,,,,,,,,,,,,,,,,,,,
,CT03,SynologyDrive,05060346.JPG,CT03, 2025-05-06 05:39:47,f0cce4b3-1836-4a48-84ef-d94eaeabcdd1,,,,,false,,image/jpeg,,false,,788ffc40-0449-4f10-a130-391add1c1a0a,,,,,animal,,,,,,,,,,,,,,,,,,,,
,CT03,SynologyDrive,05090349.JPG,CT03, 2025-05-09 20:21:18,33a79d4d-5b19-45fc-9a1d-2c9c0005a815,,,,,false,,image/jpeg,,false,,ea6af8cf-7133-4c4f-9368-dd1f46d2391b,,,,,animal,,,,,,,,,,,,,,,,,,,,
,CT03,SynologyDrive,05210355.JPG,CT03, 2025-05-21 20:02:38,09da3cb5-567c-4bd8-aac9-9b2e761767ea,,,,,false,,image/jpeg,,false,,3fd77368-1587-49c1-b687-8aa0cecc1ce1,,,,,animal,,,,,,,,,,,,,,,,,,,,
,CT03,SynologyDrive,05210358.JPG,CT03, 2025-05-21 20:08:02,b2c767d1-3fa8-4fea-9589-af7232285dcc,,,,,false,,image/jpeg,,false,,9ee46f75-1691-49cc-b907-80a3ed66fe4d,,,,,animal,,,,,,,,,,,,,,,,,,,,
,CT03,SynologyDrive,05240361.JPG,CT03, 2025-05-24 03:48:17,33197afe-bb69-476f-835c-a28b7cbf471c,,,,,false,,image/jpeg,,false,,98192c13-3c35-4d1b-9fa4-1e7d10a2ba26,,,,,animal,,,,,,,,,,,,,,,,,,,,
,CT03,SynologyDrive,06050370.JPG,CT03, 2025-06-05 07:13:47,b3a83906-b7f0-428f-bc3c-70af92de9655,,,,,false,,image/jpeg,,false,,b869d76a-200d-4185-a4fc-f2a494f0db53,,,,,animal,,,,,,,,,,,,,,,,,,,,
,CT04,SynologyDrive,10170054.JPG,CT04, 2024-10-17 16:10:55,d480fc77-ea0d-481d-847b-92a500cf48be,,,,,false,,image/jpeg,,false,,003dd93b-2214-44dc-bcee-a83c7fa67b06,,,,,animal,,,,,,,,,,,,,,,,,,,,
,CT04,SynologyDrive,10170055.JPG,CT04, 2024-10-17 16:10:55,d996d9c6-3cb6-4d7a-b43d-2765598bacc6,,,,,false,,image/jpeg,,false,,e31069c8-9bb3-4975-8253-7039e1e556c0,,,,,animal,,,,,,,,,,,,,,,,,,,,
,CT04,SynologyDrive,10260081.JPG,CT04, 2024-10-26 08:07:57,a4697062-1036-4ad5-8eea-d34a525113f5,,,,,false,,image/jpeg,,false,,75d378aa-5ded-474e-9262-6c68ddd4818d,,,,,animal,,,,,,,,,,,,,,,,,,,,
,CT04,SynologyDrive,10260082.JPG,CT04, 2024-10-26 08:07:58,51701e40-931c-493a-8859-eb347d4ca9b7,,,,,false,,image/jpeg,,false,,f777849e-405c-4d22-b0bf-865725afbab2,,,,,animal,,,,,,,,,,,,,,,,,,,,
,CT04,SynologyDrive,10260083.JPG,CT04, 2024-10-26 08:07:59,f98315f0-3753-47a7-82e0-c25c09a93693,,,,,false,,image/jpeg,,false,,3d13fbaf-3db9-434d-82ae-23bbe05a82fb,,,,,animal,,,,,,,,,,,,,,,,,,,,
,CT04,SynologyDrive,10290114.JPG,CT04, 2024-10-29 09:07:27,19ac1ade-2c74-408f-b7ff-cc63de9066a4,,,,,false,,image/jpeg,,false,,b365c927-fa42-4518-8949-eb9d6bc90a0b,,,,,animal,,,,,,,,,,,,,,,,,,,,
,CT04,SynologyDrive,10290117.JPG,CT04, 2024-10-29 14:14:32,45ea20a4-c1d6-4329-afa0-3f6adefa9f6a,,,,,false,,image/jpeg,,false,,2b10dcaa-3f2e-4425-98a2-200b29137355,,,,,animal,,,,,,,,,,,,,,,,,,,,
,CT04,SynologyDrive,10290121.JPG,CT04, 2024-10-29 14:15:55,ff2ef80e-0b3c-4af8-b24d-68182a4dfec0,,,,,false,,image/jpeg,,false,,948a281b-18d0-41bc-b948-39d0a78c6d91,,,,,animal,,,,,,,,,,,,,,,,,,,,
,CT04,SynologyDrive,10310173.JPG,CT04, 2024-10-31 14:13:41,fc7d64b6-6bde-4493-991a-a42b2cb904a8,,,,,false,,image/jpeg,,false,,d19a4827-b899-4fda-8fb3-e04e9b583e99,,,,,animal,,,,,,,,,,,,,,,,,,,,
,CT04,SynologyDrive,11160473.JPG,CT04, 2024-11-16 09:43:51,1713d9f9-5d40-4e69-9426-e2b0591d7425,,,,,false,,image/jpeg,,false,,0f00b1d2-c589-4fa4-afce-c76597ee0c85,,,,,animal,,,,,,,,,,,,,,,,,,,,
,CT04,SynologyDrive,11170499.JPG,CT04, 2024-11-17 10:16:48,ce254d78-1918-49a1-a329-9c2537eb4fa1,,,,,false,,image/jpeg,,false,,b570047f-0a50-44ed-8a44-4a5b2d0c18ce,,,,,animal,,,,,,,,,,,,,,,,,,,,
,CT04,SynologyDrive,11170541.JPG,CT04, 2024-11-17 19:56:31,ff1f1008-0a08-4187-903b-cc336c9a5958,,,,,false,,image/jpeg,,false,,317e2fcb-8424-465a-807a-efcafaac6a67,,,,,animal,,,,,,,,,,,,,,,,,,,,
,CT04,SynologyDrive,11170542.JPG,CT04, 2024-11-17 19:56:32,fc262b9a-1403-4b5a-966a-1624329db1e7,,,,,false,,image/jpeg,,false,,ac78cebe-b92b-4e25-a2e1-49b440e9ec9f,,,,,animal,,,,,,,,,,,,,,,,,,,,
,CT04,SynologyDrive,11170543.JPG,CT04, 2024-11-17 19:56:33,a3f44175-f99e-41a9-ab27-f3b34d8d5cf1,,,,,false,,image/jpeg,,false,,3da28443-4354-4e9f-8fe4-abbf145c98a1,,,,,animal,,,,,,,,,,,,,,,,,,,,
,CT04,SynologyDrive,11170545.JPG,CT04, 2024-11-17 20:11:17,7212ff8a-b0a7-4d71-aa82-31102e4abb8d,,,,,false,,image/jpeg,,false,,50c6c975-d5a4-4506-a3cb-306b2d847c63,,,,,animal,,,,,,,,,,,,,,,,,,,,
,CT04,SynologyDrive,11170546.JPG,CT04, 2024-11-17 20:11:18,9fd1e6e2-6012-423a-975c-510cce56ea80,,,,,false,,image/jpeg,,false,,39b8483b-035c-4bce-9acb-7081e38e5824,,,,,animal,,,,,,,,,,,,,,,,,,,,
,CT04,SynologyDrive,11170547.JPG,CT04, 2024-11-17 20:11:19,f166bc31-f78d-4ae2-bac9-110ff54eaeb9,,,,,false,,image/jpeg,,false,,7848f139-af95-46c7-9b55-1921594e1695,,,,,animal,,,,,,,,,,,,,,,,,,,,
,CT04,SynologyDrive,11200681.JPG,CT04, 2024-11-20 11:55:45,f8f2b717-8bd1-4ba0-a404-65abfd97b746,,,,,false,,image/jpeg,,false,,36df4006-b81d-4716-914a-3da6b8caa052,,,,,animal,,,,,,,,,,,,,,,,,,,,
,CT04,SynologyDrive,11200689.JPG,CT04, 2024-11-20 13:09:28,6793dbfc-a4c7-4b75-bea8-a8aadd5e9d41,,,,,false,,image/jpeg,,false,,7fbd5142-a37e-4e2e-a93c-8c64fea8aa8e,,,,,animal,,,,,,,,,,,,,,,,,,,,
,CT04,SynologyDrive,11200690.JPG,CT04, 2024-11-20 13:09:29,30c1fbc3-e2b7-4645-8f98-5b62f13030c0,,,,,false,,image/jpeg,,false,,997bca16-f03f-438b-ab12-8d7b9db342d3,,,,,animal,,,,,,,,,,,,,,,,,,,,
,CT04,SynologyDrive,11200691.JPG,CT04, 2024-11-20 13:09:29,a9e1e655-fe16-48b3-8104-9bb030a408e7,,,,,false,,image/jpeg,,false,,94cf5280-a1e3-4599-9d62-7ef0ed2649e8,,,,,animal,,,,,,,,,,,,,,,,,,,,
,CT04,SynologyDrive,11220849.JPG,CT04, 2024-11-22 01:33:59,8cc61844-5352-4c52-9ca1-f6f6e98164e9,,,,,false,,image/jpeg,,false,,0acb1793-85a0-4f01-a7fe-b425a89fdc8b,,,,,animal,,,,,,,,,,,,,,,,,,,,
,CT04,SynologyDrive,11220850.JPG,CT04, 2024-11-22 01:34:01,28e4df05-83a3-4365-8b2d-72f992d89ab5,,,,,false,,image/jpeg,,false,,bef72efc-93d6-4ddb-b422-b37a66db4202,,,,,animal,,,,,,,,,,,,,,,,,,,,
,CT04,SynologyDrive,11220851.JPG,CT04, 2024-11-22 01:34:02,f94e9233-deef-47be-a0d1-c52b575adafc,,,,,false,,image/jpeg,,false,,7e57af2b-d1f5-45d4-a7a6-57d7d38a71ef,,,,,animal,,,,,,,,,,,,,,,,,,,,
,CT04,SynologyDrive,11290933.JPG,CT04, 2024-11-29 14:29:21,548a93d0-a2ee-43e4-9a1e-524c01fefcc7,,,,,false,,image/jpeg,,false,,28463ce5-e2f1-4bdd-ae2a-d025b22d373b,,,,,animal,,,,,,,,,,,,,,,,,,,,
,CT04,SynologyDrive,11290934.JPG,CT04, 2024-11-29 14:29:21,7d4130eb-1c11-419a-b08b-566c2d89d1ee,,,,,false,,image/jpeg,,false,,f9456014-21b2-4dad-bb5e-e582bf747125,,,,,animal,,,,,,,,,,,,,,,,,,,,
,CT04,SynologyDrive,11290935.JPG,CT04, 2024-11-29 14:29:22,663e97b4-0d9f-4550-b6cf-3940a10e03a0,,,,,false,,image/jpeg,,false,,b25a460f-66c4-434f-8452-0740d61de7a6,,,,,animal,,,,,,,,,,,,,,,,,,,,
,CT04,SynologyDrive,11300953.JPG,CT04, 2024-11-30 06:46:46,3580a724-900a-41f0-b822-bb3d40c7c8c0,,,,,false,,image/jpeg,,false,,1a30a6f4-40f0-4311-91bf-d5dd2e754f5f,,,,,animal,,,,,,,,,,,,,,,,,,,,
,CT04,SynologyDrive,11300954.JPG,CT04, 2024-11-30 06:46:47,8152dded-d4dd-46a9-bfec-d0d78addbb9e,,,,,false,,image/jpeg,,false,,455a4646-7471-43d1-b5e2-d046c7b9d3af,,,,,animal,,,,,,,,,,,,,,,,,,,,
,CT04,SynologyDrive,11300955.JPG,CT04, 2024-11-30 06:46:47,78ed3cf7-3df4-49c7-a963-2057109a8bd8,,,,,false,,image/jpeg,,false,,c1047007-54cb-4558-8cec-323560fd15e8,,,,,animal,,,,,,,,,,,,,,,,,,,,
,CT04,SynologyDrive,12040151.JPG,CT04, 2024-12-04 09:20:52,f618f090-3bc8-4542-9e2d-a9dd05d35eeb,,,,,false,,image/jpeg,,false,,9c41874e-0d4d-4717-b729-d38360c19a97,,,,,animal,,,,,,,,,,,,,,,,,,,,
,CT04,SynologyDrive,12040182.JPG,CT04, 2024-12-04 20:54:07,c9ce59a6-9f51-4eb4-9069-00ec9513ea23,,,,,false,,image/jpeg,,false,,6b9135b8-0a35-47c0-8760-39d6b0f1ff21,,,,,animal,,,,,,,,,,,,,,,,,,,,
,CT04,SynologyDrive,12040183.JPG,CT04, 2024-12-04 20:54:07,442a3bb1-01fc-4401-a5e8-e7b8297f30b6,,,,,false,,image/jpeg,,false,,90244922-5c82-482e-8189-744592c2f3dc,,,,,animal,,,,,,,,,,,,,,,,,,,,
,CT04,SynologyDrive,12040184.JPG,CT04, 2024-12-04 20:54:08,cf2554ca-f13b-4976-b842-2fca0cabbfce,,,,,false,,image/jpeg,,false,,9fc22c8e-5a70-443f-8857-07a88956428c,,,,,animal,,,,,,,,,,,,,,,,,,,,
,CT04,SynologyDrive,12080568.JPG,CT04, 2024-12-08 16:29:22,86852e96-88f3-4f1e-83b6-db8d9ffa397f,,,,,false,,image/jpeg,,false,,2a4f47cc-970d-4a28-a200-bf797fb485a3,,,,,animal,,,,,,,,,,,,,,,,,,,,
,CT04,SynologyDrive,01130013.JPG,CT04, 2025-01-13 16:19:43,eaed45a5-9be0-4621-aad3-c48adc60c874,,,,,false,,image/jpeg,,false,,0adabeea-b36e-4e0d-91d7-4337c30a3c07,,,,,animal,,,,,,,,,,,,,,,,,,,,
,CT04,SynologyDrive,01130014.JPG,CT04, 2025-01-13 16:19:44,86a58d14-57bb-43e3-992d-ac8df363a7d1,,,,,false,,image/jpeg,,false,,4805ea6c-025c-43ea-ab5e-c3152fb98d74,,,,,animal,,,,,,,,,,,,,,,,,,,,
,CT04,SynologyDrive,01130015.JPG,CT04, 2025-01-13 16:19:45,f4ec66b6-d8ab-493a-8225-f5b0c3b85c4b,,,,,false,,image/jpeg,,false,,b897dff9-6f0d-45c7-a90e-6c19fe617d1f,,,,,animal,,,,,,,,,,,,,,,,,,,,
,CT04,SynologyDrive,01140021.JPG,CT04, 2025-01-14 18:24:19,725a07b8-fff6-4f2a-bf37-acc50b670cbd,,,,,false,,image/jpeg,,false,,efb8bba5-4c61-485a-8b01-4f210e7f5c20,,,,,animal,,,,,,,,,,,,,,,,,,,,
,CT04,SynologyDrive,01140022.JPG,CT04, 2025-01-14 18:24:19,4bf7839a-56ba-4d42-94df-0687044d401d,,,,,false,,image/jpeg,,false,,37bbd8ad-e2a6-4e81-8e56-78a23ccd9c08,,,,,animal,,,,,,,,,,,,,,,,,,,,
,CT04,SynologyDrive,01140023.JPG,CT04, 2025-01-14 18:24:20,fb41d704-5417-40f9-baef-2784f54c1380,,,,,false,,image/jpeg,,false,,092f6dcb-acb5-4648-a841-3b79fd4fe79c,,,,,animal,,,,,,,,,,,,,,,,,,,,
,CT04,SynologyDrive,01140025.JPG,CT04, 2025-01-14 18:29:28,25e57f05-6b22-47e8-9022-bef2a7b62997,,,,,false,,image/jpeg,,false,,4ef7c2d5-02ff-45c8-92f7-7e0aabaeee28,,,,,animal,,,,,,,,,,,,,,,,,,,,
,CT04,SynologyDrive,01140026.JPG,CT04, 2025-01-14 18:29:29,1823efd7-72a2-489a-bd72-583bc84d48a4,,,,,false,,image/jpeg,,false,,220bde26-0395-4aa4-8fc7-999981a225f2,,,,,animal,,,,,,,,,,,,,,,,,,,,
,CT04,SynologyDrive,01140027.JPG,CT04, 2025-01-14 18:29:29,5be81fd4-1611-43b3-b4ba-df105caa510d,,,,,false,,image/jpeg,,false,,d8c0ae1a-1675-4c93-9ee1-179f1030a86f,,,,,animal,,,,,,,,,,,,,,,,,,,,
,CT04,SynologyDrive,01150029.JPG,CT04, 2025-01-15 15:03:15,0b07480c-62fc-47eb-ac3d-9357da6181bb,,,,,false,,image/jpeg,,false,,d1c68794-4ec1-44e4-bce6-7831bf7d7959,,,,,animal,,,,,,,,,,,,,,,,,,,,
,CT04,SynologyDrive,01150030.JPG,CT04, 2025-01-15 15:03:16,f07c1862-8421-46fb-a954-f4be11f6f627,,,,,false,,image/jpeg,,false,,4147eb46-856c-4de2-8828-fd9dcf76d3dd,,,,,animal,,,,,,,,,,,,,,,,,,,,
,CT04,SynologyDrive,01150031.JPG,CT04, 2025-01-15 15:03:17,dbaa0127-4f69-46cd-a42c-bf231f8351ef,,,,,false,,image/jpeg,,false,,068eef0a-124b-459b-9da5-97066baa0636,,,,,animal,,,,,,,,,,,,,,,,,,,,
,CT04,SynologyDrive,01150033.JPG,CT04, 2025-01-15 15:03:41,79d5cd71-e200-4210-a64d-f016e03d15cf,,,,,false,,image/jpeg,,false,,28b5528c-73db-424e-8576-1dbe60716cf4,,,,,animal,,,,,,,,,,,,,,,,,,,,
,CT04,SynologyDrive,01150034.JPG,CT04, 2025-01-15 15:03:42,b9eb36f9-a9e1-46b8-8c5f-612b4e59fbf0,,,,,false,,image/jpeg,,false,,c4c4ee3d-5c1b-4f64-ab5a-7b03f70b655f,,,,,animal,,,,,,,,,,,,,,,,,,,,
,CT04,SynologyDrive,01150035.JPG,CT04, 2025-01-15 15:03:43,0883451d-b2f7-41c2-88d3-bdc4f6c356a4,,,,,false,,image/jpeg,,false,,33c99221-763a-4d8e-89f4-bf19318b3aa6,,,,,animal,,,,,,,,,,,,,,,,,,,,
,CT04,SynologyDrive,01160049.JPG,CT04, 2025-01-16 08:11:08,4d445452-a56f-4e0b-a5c0-39c3d3f50210,,,,,false,,image/jpeg,,false,,3661809a-4801-458b-a39f-efdcec92efd0,,,,,animal,,,,,,,,,,,,,,,,,,,,
,CT04,SynologyDrive,01160050.JPG,CT04, 2025-01-16 08:11:09,5cccd728-57e7-4e46-a315-98e5f4155f92,,,,,false,,image/jpeg,,false,,4a82198c-1d82-48e9-b432-1932b118ee6d,,,,,animal,,,,,,,,,,,,,,,,,,,,
,CT04,SynologyDrive,01160051.JPG,CT04, 2025-01-16 08:11:09,20f00638-aa1b-4e39-9ded-8181cea6db25,,,,,false,,image/jpeg,,false,,92cb61b4-6b81-4a28-bfb5-c14d7d6cc60b,,,,,animal,,,,,,,,,,,,,,,,,,,,
,CT04,SynologyDrive,01180081.JPG,CT04, 2025-01-18 17:18:34,0c395d11-dc25-4ff1-907c-5d5dc9c33120,,,,,false,,image/jpeg,,false,,4d47e79e-f49d-493a-925d-771849393bc1,,,,,animal,,,,,,,,,,,,,,,,,,,,
,CT04,SynologyDrive,01180082.JPG,CT04, 2025-01-18 17:18:35,f9bf7552-b2a8-4196-a950-f075cdcbb8ee,,,,,false,,image/jpeg,,false,,99c593f8-2505-48cb-a94f-6955c7e5517b,,,,,animal,,,,,,,,,,,,,,,,,,,,
,CT04,SynologyDrive,01180083.JPG,CT04, 2025-01-18 17:18:36,27ea3691-4499-4bac-9956-40fdf84dd073,,,,,false,,image/jpeg,,false,,8c561747-2b66-4727-afba-fd11aa9f52ba,,,,,animal,,,,,,,,,,,,,,,,,,,,
,CT04,SynologyDrive,01220117.JPG,CT04, 2025-01-22 11:36:08,6e74b603-91e4-4fae-ba43-699d29f8a034,,,,,false,,image/jpeg,,false,,f2230ab7-41a5-4038-88f6-29565808efbc,,,,,animal,,,,,,,,,,,,,,,,,,,,
,CT04,SynologyDrive,01230121.JPG,CT04, 2025-01-23 18:20:53,992f109f-bd90-41eb-8817-f3f0943c93e0,,,,,false,,image/jpeg,,false,,147ab889-f4c0-46ef-9fdf-59fe51efcc88,,,,,animal,,,,,,,,,,,,,,,,,,,,
,CT04,SynologyDrive,01310879.JPG,CT04, 2025-01-31 13:34:31,a32fb55e-0653-4f2f-b078-7a848056fc02,,,,,false,,image/jpeg,,false,,f91bffcc-bfa0-414c-897c-37e9a47dd7a9,,,,,animal,,,,,,,,,,,,,,,,,,,,
,CT05,SynologyDrive,03010070.JPG,CT05, 2025-03-01 07:03:02,3069cc78-26e5-4c62-a93a-cd09dd245aff,,,,,false,,image/jpeg,,false,,c896897c-c6db-4c33-b06c-a9a068245355,,,,,animal,,,,,,,,,,,,,,,,,,,,
,CT05,SynologyDrive,03010071.JPG,CT05, 2025-03-01 07:03:03,c61b6b6e-4e8c-4f71-aabb-40f5a4737a9f,,,,,false,,image/jpeg,,false,,b17c6f3f-5bf3-4663-ac4c-7b27aaddea17,,,,,animal,,,,,,,,,,,,,,,,,,,,
,CT05,SynologyDrive,03010073.JPG,CT05, 2025-03-01 22:02:29,161a87f4-e0ca-42e5-9b48-abe66fd666a6,,,,,false,,image/jpeg,,false,,2208069a-efdf-448e-b639-a7e606b83730,,,,,animal,,,,,,,,,,,,,,,,,,,,
,CT05,SynologyDrive,03010074.JPG,CT05, 2025-03-01 22:02:30,230bda73-4929-4f97-ba93-cbe1f333d81d,,,,,false,,image/jpeg,,false,,fbb408b6-1925-42a5-b19f-8748cb48c7b2,,,,,animal,,,,,,,,,,,,,,,,,,,,
,CT05,SynologyDrive,03010075.JPG,CT05, 2025-03-01 22:02:30,a937afe5-cc6e-44bf-8bcf-7327b50c9fe2,,,,,false,,image/jpeg,,false,,29e34bbb-c05a-4d85-a0f9-7ea3e12b59a9,,,,,animal,,,,,,,,,,,,,,,,,,,,
,CT05,SynologyDrive,03300082.JPG,CT05, 2025-03-30 06:13:37,7ba9ac77-9c74-4fdb-b16f-1a2c058cbc0e,,,,,false,,image/jpeg,,false,,050af28a-4a23-4604-9484-f0b2306c3ae0,,,,,animal,,,,,,,,,,,,,,,,,,,,
,CT05,SynologyDrive,03300083.JPG,CT05, 2025-03-30 06:13:38,ea351c89-ebf1-4752-b8b1-99d888578310,,,,,false,,image/jpeg,,false,,15d3b8dc-5786-470a-b0ed-85b5cd1b3bc0,,,,,animal,,,,,,,,,,,,,,,,,,,,
,CT06,SynologyDrive,12110005.JPG,CT06, 2024-12-11 01:43:09,0eacfbd9-fe12-437d-a75a-b70f4d403419,,,,,false,,image/jpeg,,false,,ca146440-18d8-4f1a-b2b5-41f4ee767fbe,,,,,animal,,,,,,,,,,,,,,,,,,,,
,CT06,SynologyDrive,12110006.JPG,CT06, 2024-12-11 01:43:10,8a153dc2-6c06-4144-802a-36c82a9aff3d,,,,,false,,image/jpeg,,false,,d0cce974-b12a-4275-a35f-bab0d17dc33b,,,,,animal,,,,,,,,,,,,,,,,,,,,
,CT06,SynologyDrive,12110007.JPG,CT06, 2024-12-11 01:43:12,4b5429bb-a459-419f-92aa-1420bdfb483c,,,,,false,,image/jpeg,,false,,6d2ca0fc-9799-4b29-991a-83b1e1dba76e,,,,,animal,,,,,,,,,,,,,,,,,,,,
,CT06,SynologyDrive,12140009.JPG,CT06, 2024-12-14 01:20:46,dc90ae45-011f-405e-85a1-56fcd0a12464,,,,,false,,image/jpeg,,false,,df91cb19-2c9e-4fb4-8fa9-dc64687214c9,,,,,animal,,,,,,,,,,,,,,,,,,,,
,CT06,SynologyDrive,12140010.JPG,CT06, 2024-12-14 01:20:47,a7b2ee6f-61b1-44e4-85b8-3bde0183b5f3,,,,,false,,image/jpeg,,false,,da8cfb2b-a5ac-4ab8-bcb0-c91d6b41c8b8,,,,,animal,,,,,,,,,,,,,,,,,,,,
,CT06,SynologyDrive,12140011.JPG,CT06, 2024-12-14 01:20:48,da302569-6b5f-403b-b4f0-6ab0a4a7188b,,,,,false,,image/jpeg,,false,,12809d31-e24c-4744-ba2c-45596c7e18c7,,,,,animal,,,,,,,,,,,,,,,,,,,,
,CT06,SynologyDrive,12180013.JPG,CT06, 2024-12-18 04:59:54,87d4882f-8c00-4c54-abdb-a87d78e18c09,,,,,false,,image/jpeg,,false,,423bb316-5d00-48ca-bdbd-e130004b5567,,,,,animal,,,,,,,,,,,,,,,,,,,,
,CT06,SynologyDrive,12180014.JPG,CT06, 2024-12-18 04:59:56,00e68540-0651-4369-ae24-ec78bbd191f8,,,,,false,,image/jpeg,,false,,244d8144-031f-409c-b801-40f992c33032,,,,,animal,,,,,,,,,,,,,,,,,,,,
,CT06,SynologyDrive,12180015.JPG,CT06, 2024-12-18 04:59:58,b7559877-6df2-4b02-918a-50daefd1222c,,,,,false,,image/jpeg,,false,,43e556f3-f376-41fd-b202-46af32fee5ad,,,,,animal,,,,,,,,,,,,,,,,,,,,
,CT06,SynologyDrive,01300037.JPG,CT06, 2025-01-30 23:15:56,bf95578e-1aeb-4791-8a82-a3c9be3ccbd2,,,,,false,,image/jpeg,,false,,ccb78f95-a21c-4a45-bfe8-c3ddab7fb48b,,,,,animal,,,,,,,,,,,,,,,,,,,,
,CT06,SynologyDrive,01300038.JPG,CT06, 2025-01-30 23:15:57,6ef1376e-c06f-497e-b9e5-48218fae0b69,,,,,false,,image/jpeg,,false,,94e997f2-b506-4e60-b147-e0bc34d94aaf,,,,,animal,,,,,,,,,,,,,,,,,,,,
,CT06,SynologyDrive,04040041.JPG,CT06, 2025-04-04 23:37:29,d1349a9a-b73d-40e7-98dd-4ea64feea0fc,,,,,false,,image/jpeg,,false,,59aa04c2-32a3-4bc6-865d-6c12185154ba,,,,,animal,,,,,,,,,,,,,,,,,,,,
,CT06,SynologyDrive,04040042.JPG,CT06, 2025-04-04 23:37:30,00e64e71-7817-47cd-85ed-c8fca607103a,,,,,false,,image/jpeg,,false,,678f8ebf-280b-4c49-a601-8f09e99c24b9,,,,,animal,,,,,,,,,,,,,,,,,,,,
,CT06,SynologyDrive,05100049.JPG,CT06, 2025-05-10 07:51:29,ee349a30-1e1b-40ff-8292-20a635b04579,,,,,false,,image/jpeg,,false,,4ebc65fc-a650-4dec-a264-e893b01901d6,,,,,animal,,,,,,,,,,,,,,,,,,,,
,CT07,SynologyDrive,01240014.JPG,CT07, 2025-01-24 17:28:41,270e5fd3-8966-468f-b65d-867fb31061ab,,,,,false,,image/jpeg,,false,,06dc31b2-59d9-4255-8fd1-94918218c1a1,,,,,animal,,,,,,,,,,,,,,,,,,,,
,CT07,SynologyDrive,01240015.JPG,CT07, 2025-01-24 17:28:42,1e4731d8-0210-4e5a-8b2e-f3a5fa100236,,,,,false,,image/jpeg,,false,,be976c27-025d-49b4-802f-4557c2fda1e3,,,,,animal,,,,,,,,,,,,,,,,,,,,
,CT07,SynologyDrive,02110020.JPG,CT07, 2025-02-11 11:14:19,4b6a15a3-1fb2-4929-9ac5-d2eb318bc4fb,,,,,false,,image/jpeg,,false,,1da9e7e5-d950-40f4-8764-ae52d46ea120,,,,,animal,,,,,,,,,,,,,,,,,,,,
,CT07,SynologyDrive,02110021.JPG,CT07, 2025-02-11 11:14:20,c11022b7-b20c-448c-b163-bd47f91269b4,,,,,false,,image/jpeg,,false,,e958c765-9d7d-4c26-bc0a-8f6e59039f17,,,,,animal,,,,,,,,,,,,,,,,,,,,
,CT07,SynologyDrive,04120030.JPG,CT07, 2025-04-12 22:15:45,2eb21673-387f-42d4-ab06-dd58a9186235,,,,,false,,image/jpeg,,false,,93cee54f-8791-4d72-afe7-73c2731118dc,,,,,animal,,,,,,,,,,,,,,,,,,,,
,CT07,SynologyDrive,05150033.JPG,CT07, 2025-05-15 19:06:22,d3c596be-890c-4f4b-9786-8d832c0c8fd7,,,,,false,,image/jpeg,,false,,dbc954f7-c94d-48ff-b7a6-c3a2b822d3ce,,,,,animal,,,,,,,,,,,,,,,,,,,,
,CT07,SynologyDrive,05150034.JPG,CT07, 2025-05-15 19:06:23,bafdad74-4685-4b42-b21b-9d5ce61baa01,,,,,false,,image/jpeg,,false,,869bee79-21de-40c1-8d0b-1549286ee7f5,,,,,animal,,,,,,,,,,,,,,,,,,,,
,CT07,SynologyDrive,05290036.JPG,CT07, 2025-05-29 00:24:04,c35cdf3a-f82d-4a0c-b243-c939d3e99115,,,,,false,,image/jpeg,,false,,adf4ca4d-abc4-4e79-af5f-2437c42a9044,,,,,animal,,,,,,,,,,,,,,,,,,,,
,CT07,SynologyDrive,06010039.JPG,CT07, 2025-06-01 16:14:22,1606300a-f8ae-469e-9c5d-21dfc4662e02,,,,,false,,image/jpeg,,false,,154a0791-fde5-40b9-9f00-5cd2f611b474,,,,,animal,,,,,,,,,,,,,,,,,,,,
,CT07,SynologyDrive,06010040.JPG,CT07, 2025-06-01 16:14:23,7753890b-d032-4ffc-ae00-97743155376b,,,,,false,,image/jpeg,,false,,760df8a7-fbf5-425d-8222-b7add573dff3,,,,,animal,,,,,,,,,,,,,,,,,,,,
,CT07,SynologyDrive,06020042.JPG,CT07, 2025-06-02 19:35:14,63f86d74-d779-4758-81d4-fba2636f2d2b,,,,,false,,image/jpeg,,false,,f930e29e-8b36-427e-82b0-6205fafc11da,,,,,animal,,,,,,,,,,,,,,,,,,,,
,CT08,SynologyDrive,09090011.JPG,CT08, 2024-09-09 15:54:29,0e595e0a-1045-49bc-a342-ed9b2083ac3a,,,,,false,,image/jpeg,,false,,24a7dd60-cc12-4b22-a9a3-597b42f36593,,,,,animal,,,,,,,,,,,,,,,,,,,,
,CT08,SynologyDrive,09230020.JPG,CT08, 2024-09-23 02:43:41,dc2754d6-8023-47c6-b222-9ced1e2edd7f,,,,,false,,image/jpeg,,false,,8628c703-85f7-4e1e-a4bd-64d3b6c68872,,,,,animal,,,,,,,,,,,,,,,,,,,,
,CT08,SynologyDrive,09260026.JPG,CT08, 2024-09-26 05:30:04,62b5fe4b-f6a9-4c7d-88f4-b63e1c48d98a,,,,,false,,image/jpeg,,false,,07f1d449-0d28-48df-bcd6-f84d10b0dcc6,,,,,animal,,,,,,,,,,,,,,,,,,,,
,CT08,SynologyDrive,10040037.JPG,CT08, 2024-10-04 04:02:16,c4096264-5c88-43d6-bb88-102e4aa35aa6,,,,,false,,image/jpeg,,false,,24dea2ba-a144-404a-8355-19cccfc1965b,,,,,animal,,,,,,,,,,,,,,,,,,,,
,CT08,SynologyDrive,10180054.JPG,CT08, 2024-10-18 08:39:22,9f9dd598-9955-4cff-96d5-9c56c3070e41,,,,,false,,image/jpeg,,false,,26e0f1a2-d4b0-4b40-9654-dcf480fcf06c,,,,,animal,,,,,,,,,,,,,,,,,,,,
,CT08,SynologyDrive,10180055.JPG,CT08, 2024-10-18 08:39:23,6d85349d-c0cc-4b64-bc4d-610d51b4e3a3,,,,,false,,image/jpeg,,false,,6aa73824-157b-42d2-b1af-ff289039bafb,,,,,animal,,,,,,,,,,,,,,,,,,,,
,CT08,SynologyDrive,10250066.JPG,CT08, 2024-10-25 23:11:39,cea384bb-c51e-4fdc-ad1a-cd907da462db,,,,,false,,image/jpeg,,false,,b9230556-859b-4893-aac6-4c0869316e25,,,,,animal,,,,,,,,,,,,,,,,,,,,
,CT08,SynologyDrive,10280073.JPG,CT08, 2024-10-28 00:34:48,cd011695-381f-4854-839f-3f4c9211f02e,,,,,false,,image/jpeg,,false,,1b6a408a-9bc5-4611-91df-92edab6c7210,,,,,animal,,,,,,,,,,,,,,,,,,,,
,CT08,SynologyDrive,11070080.JPG,CT08, 2024-11-07 01:53:40,4c7f191d-48b1-4bea-89b1-f9342b973905,,,,,false,,image/jpeg,,false,,7ede9bcb-65dd-490a-bf18-86eb264f390c,,,,,animal,,,,,,,,,,,,,,,,,,,,
,CT08,SynologyDrive,11210086.JPG,CT08, 2024-11-21 23:39:14,ea6ecbbe-b92a-4d5c-82cd-664d405804fc,,,,,false,,image/jpeg,,false,,111bd0be-6daa-4e87-9fed-fc012143dfe2,,,,,animal,,,,,,,,,,,,,,,,,,,,
,CT08,SynologyDrive,11230093.JPG,CT08, 2024-11-23 23:53:27,0a27edb3-5c1d-4cc9-aa08-57edebfbd867,,,,,false,,image/jpeg,,false,,4a03406f-d0af-4aca-b37d-e138c675a0ec,,,,,animal,,,,,,,,,,,,,,,,,,,,
,CT08,SynologyDrive,11260099.JPG,CT08, 2024-11-26 22:13:06,decf547c-8f3b-4773-90dd-cd70571debc4,,,,,false,,image/jpeg,,false,,44f26bb4-dd21-4e3e-9eba-baacf5e42bcb,,,,,animal,,,,,,,,,,,,,,,,,,,,
,CT08,SynologyDrive,12010113.JPG,CT08, 2024-12-01 14:45:29,315190a3-11fa-4be4-ac32-fda663e0cf01,,,,,false,,image/jpeg,,false,,a846bc13-1d97-4675-acef-c33bedb562b4,,,,,animal,,,,,,,,,,,,,,,,,,,,
,CT08,SynologyDrive,12010120.JPG,CT08, 2024-12-01 14:45:37,aff2da2c-4d57-4159-a438-5729549503de,,,,,false,,image/jpeg,,false,,ce484e81-1da2-4d1d-be41-7a851ad4db6c,,,,,animal,,,,,,,,,,,,,,,,,,,,
,CT08,SynologyDrive,12010121.JPG,CT08, 2024-12-01 14:45:37,3a0837ae-da38-426b-8dd2-30fd1621668d,,,,,false,,image/jpeg,,false,,fde7d11f-94c3-41f5-b124-34966ea89b25,,,,,animal,,,,,,,,,,,,,,,,,,,,
,CT08,SynologyDrive,12010122.JPG,CT08, 2024-12-01 14:45:38,ebfc75d1-8f6a-46ea-b6ff-f9418d318648,,,,,false,,image/jpeg,,false,,e175db11-c7aa-4b66-b5c3-0dad8e3508bd,,,,,animal,,,,,,,,,,,,,,,,,,,,
,CT08,SynologyDrive,12010123.JPG,CT08, 2024-12-01 14:45:41,c7fa2d07-f619-47f1-aea8-f308c381edcf,,,,,false,,image/jpeg,,false,,e17f916f-4284-4286-a0e4-c20a19b213ca,,,,,animal,,,,,,,,,,,,,,,,,,,,
,CT08,SynologyDrive,12010124.JPG,CT08, 2024-12-01 14:45:41,c27e1d58-f5ac-4cd7-bd93-c72b6b5485e4,,,,,false,,image/jpeg,,false,,9a451011-cd5a-408a-915f-52ebe5d7f3af,,,,,animal,,,,,,,,,,,,,,,,,,,,
,CT08,SynologyDrive,12010125.JPG,CT08, 2024-12-01 14:45:41,085f37e8-f203-4860-a5e9-58fb9fd0d1b3,,,,,false,,image/jpeg,,false,,23133ca1-1c08-4897-a0d8-9fe1bb3fe2b2,,,,,animal,,,,,,,,,,,,,,,,,,,,
,CT08,SynologyDrive,12010126.JPG,CT08, 2024-12-01 14:45:42,12073031-26f8-4898-b936-f09afabaff13,,,,,false,,image/jpeg,,false,,d62982d0-3da2-47c0-afed-e7f34d48c7f1,,,,,animal,,,,,,,,,,,,,,,,,,,,
,CT08,SynologyDrive,12010127.JPG,CT08, 2024-12-01 14:45:42,edccb11c-99db-4e68-990a-81f6e6899724,,,,,false,,image/jpeg,,false,,6db3de9a-7c26-4821-8a6c-b53770d168e8,,,,,animal,,,,,,,,,,,,,,,,,,,,
,CT08,SynologyDrive,12220128.JPG,CT08, 2024-12-22 05:47:35,55656bcc-6d8f-4b04-8eaa-48403a864082,,,,,false,,image/jpeg,,false,,ba7f13f3-39f0-42b8-a80b-9b349f1b2f34,,,,,animal,,,,,,,,,,,,,,,,,,,,
,CT08,SynologyDrive,12270135.JPG,CT08, 2024-12-27 12:20:19,c8914397-7fea-4838-8c71-612ad780bafe,,,,,false,,image/jpeg,,false,,e99aaf8e-113f-4d41-b26c-c0a59e5bacf1,,,,,animal,,,,,,,,,,,,,,,,,,,,
,CT08,SynologyDrive,12290139.JPG,CT08, 2024-12-29 03:41:30,5e3a6a38-dc0b-47b5-80f5-48a2fd3baf19,,,,,false,,image/jpeg,,false,,c3b55fd8-e004-4387-86d8-61866675d827,,,,,animal,,,,,,,,,,,,,,,,,,,,
,CT08,SynologyDrive,02200167.JPG,CT08, 2025-02-20 20:06:57,5bc7de86-6aff-48c6-a80b-2add538257ec,,,,,false,,image/jpeg,,false,,3f28bbb9-9053-4c76-9685-f14ab16efa41,,,,,animal,,,,,,,,,,,,,,,,,,,,
,CT08,SynologyDrive,02200168.JPG,CT08, 2025-02-20 20:06:58,f3724a36-f95d-4cba-926a-fd9530afe20c,,,,,false,,image/jpeg,,false,,e24b2dc1-f601-4a07-8243-23e6d7637dcb,,,,,animal,,,,,,,,,,,,,,,,,,,,
,CT08,SynologyDrive,02200169.JPG,CT08, 2025-02-20 20:06:58,2f12f14f-1556-4348-b99d-9b1347614a81,,,,,false,,image/jpeg,,false,,387d745c-5728-473d-a1a5-39f476a4553b,,,,,animal,,,,,,,,,,,,,,,,,,,,
,CT08,SynologyDrive,03030171.JPG,CT08, 2025-03-03 08:56:47,0de2e9c0-07e5-47f3-81ea-87c87c1d2f46,,,,,false,,image/jpeg,,false,,9ea16875-5b78-4a37-95c1-96d79d622263,,,,,animal,,,,,,,,,,,,,,,,,,,,
,CT08,SynologyDrive,03030172.JPG,CT08, 2025-03-03 08:56:47,e41cb916-1544-40e3-8a3f-b78c19a99d59,,,,,false,,image/jpeg,,false,,2233a618-3773-42f7-b32a-07f52786d3a7,,,,,animal,,,,,,,,,,,,,,,,,,,,
,CT08,SynologyDrive,03280182.JPG,CT08, 2025-03-28 22:43:57,095e401f-a420-44f0-9ea8-83d762d65bb0,,,,,false,,image/jpeg,,false,,efdcde0b-f97a-43c2-a710-db54c64fc151,,,,,animal,,,,,,,,,,,,,,,,,,,,
,CT08,SynologyDrive,04230196.JPG,CT08, 2025-04-23 23:27:51,6527c3fe-5e99-4a2e-96fb-a54e17da1707,,,,,false,,image/jpeg,,false,,65060314-b592-420b-a9fc-1ff97e36ad77,,,,,animal,,,,,,,,,,,,,,,,,,,,
,CT08,SynologyDrive,04300203.JPG,CT08, 2025-04-30 00:48:32,8e880ded-9740-42b6-bb41-13c6331d3073,,,,,false,,image/jpeg,,false,,67bbf115-82c5-4125-a4d7-06cc6ad068c9,,,,,animal,,,,,,,,,,,,,,,,,,,,
,CT09,SynologyDrive,10110001.JPG,CT09, 2024-10-11 14:51:25,ca57b9e0-5795-49a1-a35b-b3f190082998,,,,,false,,image/jpeg,,false,,6f1abbce-a64d-4bde-b8e4-42c4f153908f,,,,,animal,,,,,,,,,,,,,,,,,,,,
,CT09,SynologyDrive,10110002.JPG,CT09, 2024-10-11 14:51:26,8f0deff5-07e5-42bc-8b92-11e01a22b823,,,,,false,,image/jpeg,,false,,7ff5439f-e91b-4e6d-8eb7-bbe9242d424a,,,,,animal,,,,,,,,,,,,,,,,,,,,
,CT09,SynologyDrive,10110003.JPG,CT09, 2024-10-11 14:51:28,1c88d6f5-8ecd-46ca-b542-99190cd91401,,,,,false,,image/jpeg,,false,,fe93e16d-440a-47bd-ae6a-eee49ec6cc8f,,,,,animal,,,,,,,,,,,,,,,,,,,,
,CT09,SynologyDrive,10110005.JPG,CT09, 2024-10-11 20:42:13,2f0cc7fe-2b7d-46f5-aaac-01bb4048e792,,,,,false,,image/jpeg,,false,,67fbe0a8-40fc-4fa3-a080-fc0a8e3afae3,,,,,animal,,,,,,,,,,,,,,,,,,,,
,CT09,SynologyDrive,10110006.JPG,CT09, 2024-10-11 20:42:14,f8f7facb-d357-459a-a6f2-02e29300b3f4,,,,,false,,image/jpeg,,false,,7106a983-ed3b-4f2d-96f5-02055749c0b5,,,,,animal,,,,,,,,,,,,,,,,,,,,
,CT09,SynologyDrive,10120009.JPG,CT09, 2024-10-12 20:32:03,5d82848f-2bab-4d74-8529-06dfe14f2217,,,,,false,,image/jpeg,,false,,5bb32286-c2ac-4773-bae7-8ae2607360f9,,,,,animal,,,,,,,,,,,,,,,,,,,,
,CT09,SynologyDrive,10120013.JPG,CT09, 2024-10-12 20:32:24,159b9d70-9a31-434e-9045-00aea8c6a5dc,,,,,false,,image/jpeg,,false,,4d85fcc7-56f0-4fac-9a5b-65f1cbeea382,,,,,animal,,,,,,,,,,,,,,,,,,,,
,CT09,SynologyDrive,10120014.JPG,CT09, 2024-10-12 20:32:25,69af3d2c-0f1a-4ea2-8f17-3de0d10b31cd,,,,,false,,image/jpeg,,false,,750496d8-4909-4b2e-94c9-a2b8fc6d745e,,,,,animal,,,,,,,,,,,,,,,,,,,,
,CT09,SynologyDrive,10120015.JPG,CT09, 2024-10-12 20:32:26,0ff05879-bd12-4218-8721-96106082ec61,,,,,false,,image/jpeg,,false,,c36ae46a-53c4-4e1e-baff-1eba33289c49,,,,,animal,,,,,,,,,,,,,,,,,,,,
,CT09,SynologyDrive,10120017.JPG,CT09, 2024-10-12 20:32:56,2b73a68e-6db7-4cdc-ac4c-d5b133e99966,,,,,false,,image/jpeg,,false,,d0b38b13-3be0-4d0f-b679-24bbb2a6ee23,,,,,animal,,,,,,,,,,,,,,,,,,,,
,CT09,SynologyDrive,10120018.JPG,CT09, 2024-10-12 20:32:57,be398f7b-9134-4f88-a113-395fdb99196e,,,,,false,,image/jpeg,,false,,eb7f2ddd-eb29-45da-a256-474dc9b15038,,,,,animal,,,,,,,,,,,,,,,,,,,,
,CT09,SynologyDrive,10120019.JPG,CT09, 2024-10-12 20:32:58,2368b298-1ca0-4813-a76e-8937cbcc4783,,,,,false,,image/jpeg,,false,,a37d5f59-2b0b-4d04-aee0-da995374adf2,,,,,animal,,,,,,,,,,,,,,,,,,,,
,CT09,SynologyDrive,10130021.JPG,CT09, 2024-10-13 13:25:08,dec8ce26-aa66-4c01-acbc-0edc58a21c33,,,,,false,,image/jpeg,,false,,41d4b2af-d33c-47bf-9cc5-1454ca5a95e0,,,,,animal,,,,,,,,,,,,,,,,,,,,
,CT09,SynologyDrive,10130025.JPG,CT09, 2024-10-13 13:32:20,3a22c3af-c02e-4e5b-98ea-d3a89fb7fc42,,,,,false,,image/jpeg,,false,,c5da0c25-658f-4771-9b82-3406cdd97350,,,,,animal,,,,,,,,,,,,,,,,,,,,
,CT09,SynologyDrive,10130026.JPG,CT09, 2024-10-13 13:32:20,60162ab6-f8bb-40d4-885c-ef54e106ae77,,,,,false,,image/jpeg,,false,,4f0dc3ab-618a-446d-9d8a-29538a13fafb,,,,,animal,,,,,,,,,,,,,,,,,,,,
,CT09,SynologyDrive,10130029.JPG,CT09, 2024-10-13 13:34:30,63827c8b-5846-4663-913e-71487ee63a5f,,,,,false,,image/jpeg,,false,,1fb15ee5-972e-42ca-b20a-370757f6f5af,,,,,animal,,,,,,,,,,,,,,,,,,,,
,CT09,SynologyDrive,10130030.JPG,CT09, 2024-10-13 13:34:31,2524012a-f80f-4ad3-b333-c04890914edf,,,,,false,,image/jpeg,,false,,4e588ee5-90ca-44b2-9580-c094e44f4efb,,,,,animal,,,,,,,,,,,,,,,,,,,,
,CT09,SynologyDrive,10130031.JPG,CT09, 2024-10-13 13:34:32,c8d20fe3-dc50-4008-86e7-e71c0ce7b9d5,,,,,false,,image/jpeg,,false,,625871ea-926f-46dd-9806-3e3a92dcee64,,,,,animal,,,,,,,,,,,,,,,,,,,,
,CT09,SynologyDrive,10130033.JPG,CT09, 2024-10-13 20:36:35,efe85cfc-ee48-4e4b-a84b-446118435158,,,,,false,,image/jpeg,,false,,f343ac77-4420-4097-b117-40c4eab0e2bd,,,,,animal,,,,,,,,,,,,,,,,,,,,
,CT09,SynologyDrive,10130034.JPG,CT09, 2024-10-13 20:36:36,fc0b0b99-64cb-450f-95e2-a25859146ee9,,,,,false,,image/jpeg,,false,,573faa26-2757-45ae-97f0-a96336f863cc,,,,,animal,,,,,,,,,,,,,,,,,,,,
,CT09,SynologyDrive,10130035.JPG,CT09, 2024-10-13 20:36:37,7916458a-ca5d-4e6b-8d0d-e7a19beeceae,,,,,false,,image/jpeg,,false,,4491e67f-6614-4729-8404-cd4162878e3a,,,,,animal,,,,,,,,,,,,,,,,,,,,
,CT09,SynologyDrive,10150037.JPG,CT09, 2024-10-15 20:28:58,98580516-0759-4965-9f70-656df960e97e,,,,,false,,image/jpeg,,false,,1d06b931-9c25-4e13-9217-e2251703eab2,,,,,animal,,,,,,,,,,,,,,,,,,,,
,CT09,SynologyDrive,10160041.JPG,CT09, 2024-10-16 00:42:58,c57aa0b2-7ed2-4555-8094-bbd67525e033,,,,,false,,image/jpeg,,false,,fe02247d-922d-488f-a204-24fe6034666d,,,,,animal,,,,,,,,,,,,,,,,,,,,
,CT09,SynologyDrive,10160042.JPG,CT09, 2024-10-16 00:42:59,4b2f5fa6-9205-4089-a480-66432ac5da03,,,,,false,,image/jpeg,,false,,92886b63-49dd-4eea-8779-115b086247ea,,,,,animal,,,,,,,,,,,,,,,,,,,,
,CT09,SynologyDrive,10160043.JPG,CT09, 2024-10-16 00:43:00,2cbbaf31-4b69-422b-bb93-256f1d1b174c,,,,,false,,image/jpeg,,false,,10ce7c13-a3e1-4762-bc50-e1294cd25320,,,,,animal,,,,,,,,,,,,,,,,,,,,
,CT09,SynologyDrive,10190045.JPG,CT09, 2024-10-19 20:35:47,68b9c5f8-f43a-4ee8-8f38-a9ae409217d5,,,,,false,,image/jpeg,,false,,337436ab-6271-4af3-ad7e-54c0bd41c04f,,,,,animal,,,,,,,,,,,,,,,,,,,,
,CT09,SynologyDrive,10190046.JPG,CT09, 2024-10-19 20:35:48,5e3c64ae-c175-4b49-b553-11085a28cbec,,,,,false,,image/jpeg,,false,,f2bce119-52a4-4c8e-b976-d74f88b598c2,,,,,animal,,,,,,,,,,,,,,,,,,,,
,CT09,SynologyDrive,10190047.JPG,CT09, 2024-10-19 20:35:49,4da3beb4-ba22-493c-a6e9-0458c963bdea,,,,,false,,image/jpeg,,false,,bf9a8fe1-1a82-4ffc-a8d9-721061e16fab,,,,,animal,,,,,,,,,,,,,,,,,,,,
,CT09,SynologyDrive,10200054.JPG,CT09, 2024-10-20 17:21:46,f70948cc-9e76-402a-823d-11300236b0f3,,,,,false,,image/jpeg,,false,,b82618f2-567f-4511-a6e7-a5a11d3cb25d,,,,,animal,,,,,,,,,,,,,,,,,,,,
,CT09,SynologyDrive,10210061.JPG,CT09, 2024-10-21 21:26:21,fc06b973-be40-4377-bfbc-5605cb036c02,,,,,false,,image/jpeg,,false,,05bf6ad9-a7bb-4b6c-a635-69b02a0ed6fc,,,,,animal,,,,,,,,,,,,,,,,,,,,
,CT09,SynologyDrive,10210062.JPG,CT09, 2024-10-21 21:26:22,fc091d6a-4351-422b-a4de-8051251b0662,,,,,false,,image/jpeg,,false,,180467aa-fe16-4c91-a6dc-882520c9cfad,,,,,animal,,,,,,,,,,,,,,,,,,,,
,CT09,SynologyDrive,10210063.JPG,CT09, 2024-10-21 21:26:24,00d82c6b-0ef9-4a57-ab62-6e53b5eab3bc,,,,,false,,image/jpeg,,false,,2fbdb298-1a90-4f2a-b856-7d58394a5ab1,,,,,animal,,,,,,,,,,,,,,,,,,,,
,CT09,SynologyDrive,10230065.JPG,CT09, 2024-10-23 21:04:58,08bdd569-4f27-4718-ba3c-8b558e816667,,,,,false,,image/jpeg,,false,,2dda3633-1917-4919-b97e-66574358ead4,,,,,animal,,,,,,,,,,,,,,,,,,,,
,CT09,SynologyDrive,10230066.JPG,CT09, 2024-10-23 21:04:59,d20d9203-0d78-447c-916b-0b2f01083203,,,,,false,,image/jpeg,,false,,a5db9c0f-7350-40b8-9eba-37002e256e61,,,,,animal,,,,,,,,,,,,,,,,,,,,
,CT09,SynologyDrive,10230067.JPG,CT09, 2024-10-23 21:05:00,8dedc765-0d9d-4ca3-a4ff-430a20e6fd55,,,,,false,,image/jpeg,,false,,7c302055-2a13-4bf4-a045-57dc6fd60169,,,,,animal,,,,,,,,,,,,,,,,,,,,
,CT09,SynologyDrive,10250069.JPG,CT09, 2024-10-25 20:23:45,5999a1db-e125-4439-9a2d-eb6d5bd16f37,,,,,false,,image/jpeg,,false,,238b9f08-e5ee-44dd-b1d0-c4184f30c58e,,,,,animal,,,,,,,,,,,,,,,,,,,,
,CT09,SynologyDrive,10250070.JPG,CT09, 2024-10-25 20:23:46,b2ac5d44-dc44-4289-bfa7-907ad1de9021,,,,,false,,image/jpeg,,false,,fd67b72f-c24e-4179-a353-8e7a5bfb03f2,,,,,animal,,,,,,,,,,,,,,,,,,,,
,CT09,SynologyDrive,10250071.JPG,CT09, 2024-10-25 20:23:47,4c345247-a554-4055-9d8f-d6206d6be107,,,,,false,,image/jpeg,,false,,135de923-35d2-4fb2-95bf-e6be7727923c,,,,,animal,,,,,,,,,,,,,,,,,,,,
,CT09,SynologyDrive,10250073.JPG,CT09, 2024-10-25 20:54:12,2f55c4d0-7b14-4361-9e07-a22b7be4ae62,,,,,false,,image/jpeg,,false,,82926f03-cb77-4525-9c9a-86081e0a89a5,,,,,animal,,,,,,,,,,,,,,,,,,,,
,CT09,SynologyDrive,10250074.JPG,CT09, 2024-10-25 20:54:12,d5d4e64c-661b-4e3c-850d-3aacc092597b,,,,,false,,image/jpeg,,false,,248c9bc8-5e45-48b9-aa52-ca1fbfcfa505,,,,,animal,,,,,,,,,,,,,,,,,,,,
,CT09,SynologyDrive,10250075.JPG,CT09, 2024-10-25 20:54:13,aa668da1-6a7d-452f-b483-93eb8c07c3ad,,,,,false,,image/jpeg,,false,,f63df8ad-3eb3-49d7-aff7-a733efe09478,,,,,animal,,,,,,,,,,,,,,,,,,,,
,CT09,SynologyDrive,10250077.JPG,CT09, 2024-10-25 20:55:51,d84f2ef5-171a-4066-9efb-15d14f043f28,,,,,false,,image/jpeg,,false,,4e5807eb-34ea-49cd-a829-17849734cd7e,,,,,animal,,,,,,,,,,,,,,,,,,,,
,CT09,SynologyDrive,10290081.JPG,CT09, 2024-10-29 12:30:38,e459bbc2-f739-4f01-a189-e283ae6f20f5,,,,,false,,image/jpeg,,false,,c07fcd25-4376-4c94-bb46-bdc409e2fe7c,,,,,animal,,,,,,,,,,,,,,,,,,,,
,CT09,SynologyDrive,10290082.JPG,CT09, 2024-10-29 12:30:39,4e07407a-7a8e-4db1-996a-9905ed9019e0,,,,,false,,image/jpeg,,false,,7fab482c-6a8f-4078-974f-52609f0557e3,,,,,animal,,,,,,,,,,,,,,,,,,,,
,CT09,SynologyDrive,10290083.JPG,CT09, 2024-10-29 12:30:40,0fae8b77-8690-4075-aa14-4dc7456d1085,,,,,false,,image/jpeg,,false,,e5a77338-c37f-4e84-b3ac-f4a949e92872,,,,,animal,,,,,,,,,,,,,,,,,,,,
,CT09,SynologyDrive,10290089.JPG,CT09, 2024-10-29 20:38:37,8a6be486-385b-4a77-b8e0-09242c3a34a4,,,,,false,,image/jpeg,,false,,a97860a0-0924-40e4-bc7f-5d3d5969714a,,,,,animal,,,,,,,,,,,,,,,,,,,,
,CT09,SynologyDrive,10290090.JPG,CT09, 2024-10-29 20:38:38,7d57b79c-dca9-4705-bdd3-a31c593e9091,,,,,false,,image/jpeg,,false,,2c7edb53-e716-46a1-8b5d-4c2165ea208e,,,,,animal,,,,,,,,,,,,,,,,,,,,
,CT09,SynologyDrive,10290091.JPG,CT09, 2024-10-29 20:38:39,ac1b2907-0c3a-4ffd-beff-a2c91f54fa64,,,,,false,,image/jpeg,,false,,f9279fb3-39bd-4d91-b5d5-eaf2099acaba,,,,,animal,,,,,,,,,,,,,,,,,,,,
,CT09,SynologyDrive,10300093.JPG,CT09, 2024-10-30 12:22:06,ebade8c0-7b76-482d-b6a0-d7d517fe0d0c,,,,,false,,image/jpeg,,false,,acd24da1-9d28-465a-a763-cd37bf8ed914,,,,,animal,,,,,,,,,,,,,,,,,,,,
,CT09,SynologyDrive,10300094.JPG,CT09, 2024-10-30 12:22:07,65da6515-1a75-430d-9f44-b533cb9fc56e,,,,,false,,image/jpeg,,false,,09f109ca-998f-4e41-9127-125dcbccfb7d,,,,,animal,,,,,,,,,,,,,,,,,,,,
,CT09,SynologyDrive,10300095.JPG,CT09, 2024-10-30 12:22:08,34a29acf-5e73-42c7-b66c-d1ee89590430,,,,,false,,image/jpeg,,false,,e8d57867-aa18-414e-a088-7c8c5e1475db,,,,,animal,,,,,,,,,,,,,,,,,,,,
,CT09,SynologyDrive,10300097.JPG,CT09, 2024-10-30 12:23:23,ba855f6c-4cd6-4337-8ae7-76266bc959ee,,,,,false,,image/jpeg,,false,,5912f651-e1b3-4ab6-8ba4-b3420d103edf,,,,,animal,,,,,,,,,,,,,,,,,,,,
,CT09,SynologyDrive,10300101.JPG,CT09, 2024-10-30 12:25:12,ea3e1181-d65b-4748-83c1-b399f34df5b2,,,,,false,,image/jpeg,,false,,f08e3763-313e-4e9b-a732-ef0c00b6ba2f,,,,,animal,,,,,,,,,,,,,,,,,,,,
,CT09,SynologyDrive,11010105.JPG,CT09, 2024-11-01 11:12:33,2b7caa24-e78a-4ed7-b66f-64f76563adc3,,,,,false,,image/jpeg,,false,,abae79ca-837d-4735-9f76-540da7fc0558,,,,,animal,,,,,,,,,,,,,,,,,,,,
,CT09,SynologyDrive,11010106.JPG,CT09, 2024-11-01 11:12:34,db614042-8e31-4a49-af6b-6942adc5540f,,,,,false,,image/jpeg,,false,,a37a1516-9bb2-45d8-a8f4-ef36ca459203,,,,,animal,,,,,,,,,,,,,,,,,,,,
,CT09,SynologyDrive,11010107.JPG,CT09, 2024-11-01 11:12:34,e080584a-7e68-4b05-94eb-86ec398067c8,,,,,false,,image/jpeg,,false,,3731dd92-2cc7-42a2-a28f-db528e30b309,,,,,animal,,,,,,,,,,,,,,,,,,,,
,CT09,SynologyDrive,11020109.JPG,CT09, 2024-11-02 20:59:56,92119f28-6012-4319-bd8a-4372d4ab6ec7,,,,,false,,image/jpeg,,false,,1eac930d-1491-46e1-ae56-dfc680ad6268,,,,,animal,,,,,,,,,,,,,,,,,,,,
,CT09,SynologyDrive,11020110.JPG,CT09, 2024-11-02 20:59:56,d819e8e7-3879-422f-8bf6-2ee0f6e8f500,,,,,false,,image/jpeg,,false,,386d0553-78e0-4795-9c02-729fef9d62de,,,,,animal,,,,,,,,,,,,,,,,,,,,
,CT09,SynologyDrive,11020111.JPG,CT09, 2024-11-02 20:59:57,b6bbcde2-35c1-4c3b-93d1-8f1d045785da,,,,,false,,image/jpeg,,false,,139ed456-538f-4470-b740-ebc0cc843e7a,,,,,animal,,,,,,,,,,,,,,,,,,,,
,CT09,SynologyDrive,11040117.JPG,CT09, 2024-11-04 21:37:41,59a2b9a7-6762-40ff-b666-54ac0ffabcca,,,,,false,,image/jpeg,,false,,3f4b7f71-2f93-4ef4-9ac8-249570d36eda,,,,,animal,,,,,,,,,,,,,,,,,,,,
,CT09,SynologyDrive,11040118.JPG,CT09, 2024-11-04 21:37:42,80505e72-ff6f-4d0c-9bc5-a774640d5125,,,,,false,,image/jpeg,,false,,8f32390f-814b-4b00-ae94-7c528af48c19,,,,,animal,,,,,,,,,,,,,,,,,,,,
,CT09,SynologyDrive,11060121.JPG,CT09, 2024-11-06 21:40:37,5bc55708-6e0a-450c-aefe-fba01d12c959,,,,,false,,image/jpeg,,false,,38dc15db-9e5f-40a0-b8ef-6091a83080f7,,,,,animal,,,,,,,,,,,,,,,,,,,,
,CT09,SynologyDrive,11060122.JPG,CT09, 2024-11-06 21:40:37,a8bac7a8-3f51-4c34-a5b4-eb1fd309688f,,,,,false,,image/jpeg,,false,,1464ed22-cb4c-403e-a972-5e2f3bd8b304,,,,,animal,,,,,,,,,,,,,,,,,,,,
,CT09,SynologyDrive,11060123.JPG,CT09, 2024-11-06 21:40:38,82ba19b9-b8c3-4f7c-a5ff-8f50499e8c73,,,,,false,,image/jpeg,,false,,a24c01a2-b62b-49e8-b16b-9f4ad0a38e65,,,,,animal,,,,,,,,,,,,,,,,,,,,
,CT09,SynologyDrive,11070125.JPG,CT09, 2024-11-07 04:18:09,37bda820-847a-4d54-9acb-fbef8f2020e7,,,,,false,,image/jpeg,,false,,8216f44c-93d9-453b-8939-061f349167f9,,,,,animal,,,,,,,,,,,,,,,,,,,,
,CT09,SynologyDrive,11070126.JPG,CT09, 2024-11-07 04:18:10,a3244b6f-45a9-4bd8-b4f3-3ba70e21bcfb,,,,,false,,image/jpeg,,false,,316e9119-2af1-4211-8cb4-0fe230fefb0b,,,,,animal,,,,,,,,,,,,,,,,,,,,
,CT09,SynologyDrive,11070127.JPG,CT09, 2024-11-07 04:18:11,af226b42-62b4-46ee-aeea-19d819c96d22,,,,,false,,image/jpeg,,false,,66778fc9-e248-4c3d-a595-a2c4c7d1a9af,,,,,animal,,,,,,,,,,,,,,,,,,,,
,CT09,SynologyDrive,11070129.JPG,CT09, 2024-11-07 04:18:47,2f325a61-a59a-434f-8836-ef6ee394efcf,,,,,false,,image/jpeg,,false,,38351585-26e0-48f9-8fac-92408f27b19b,,,,,animal,,,,,,,,,,,,,,,,,,,,
,CT09,SynologyDrive,11070130.JPG,CT09, 2024-11-07 04:18:48,d7939212-3f98-417c-b2c4-195e6da76083,,,,,false,,image/jpeg,,false,,de192bff-3b0f-49f9-a561-3db49972c442,,,,,animal,,,,,,,,,,,,,,,,,,,,
,CT09,SynologyDrive,11070131.JPG,CT09, 2024-11-07 04:18:48,f2862dd3-70f9-4696-be29-e0320ac94310,,,,,false,,image/jpeg,,false,,a195942c-3664-497f-98ed-16e6eb346e1d,,,,,animal,,,,,,,,,,,,,,,,,,,,
,CT09,SynologyDrive,11070133.JPG,CT09, 2024-11-07 04:20:36,da319e8b-7f18-4153-8467-ddc86a95b147,,,,,false,,image/jpeg,,false,,92062ffd-d8b1-47f2-9140-2c18d90bf41a,,,,,animal,,,,,,,,,,,,,,,,,,,,
,CT09,SynologyDrive,11070134.JPG,CT09, 2024-11-07 04:20:37,3cf2ce51-cfb9-4799-ad7c-92125cd166d3,,,,,false,,image/jpeg,,false,,d6f9a636-e1b1-422d-9b18-b7c6955c0e02,,,,,animal,,,,,,,,,,,,,,,,,,,,
,CT09,SynologyDrive,11070137.JPG,CT09, 2024-11-07 09:29:34,2860a85d-2c9a-4cdb-bec5-8757612f2aaa,,,,,false,,image/jpeg,,false,,61b4b689-faf0-4b5b-9565-99cccb39f596,,,,,animal,,,,,,,,,,,,,,,,,,,,
,CT09,SynologyDrive,11070138.JPG,CT09, 2024-11-07 09:29:35,d9d582d0-3971-4c23-8086-d527b6e37f26,,,,,false,,image/jpeg,,false,,60b0538a-ceb4-4568-8415-76875996d800,,,,,animal,,,,,,,,,,,,,,,,,,,,
,CT09,SynologyDrive,11070139.JPG,CT09, 2024-11-07 09:29:36,370b292c-6e10-4a4f-8e92-589805b996c6,,,,,false,,image/jpeg,,false,,ad9f3929-d4e7-440a-9327-7dd5835ea3c7,,,,,animal,,,,,,,,,,,,,,,,,,,,
,CT09,SynologyDrive,11070141.JPG,CT09, 2024-11-07 09:30:12,4867420e-5bf2-4b93-956f-cb1050af1c0d,,,,,false,,image/jpeg,,false,,993c7991-6277-4cd3-88b8-88e9546cf911,,,,,animal,,,,,,,,,,,,,,,,,,,,
,CT09,SynologyDrive,11070142.JPG,CT09, 2024-11-07 09:30:13,03827589-07cc-4319-bd33-b321a711c33f,,,,,false,,image/jpeg,,false,,e8fb3198-0c0e-42ca-b925-e1a736f9b14d,,,,,animal,,,,,,,,,,,,,,,,,,,,
,CT09,SynologyDrive,11070143.JPG,CT09, 2024-11-07 09:30:14,326260ce-3f5b-48cc-ab38-5e1c8ceb74d0,,,,,false,,image/jpeg,,false,,1ca6aa03-3990-4d7a-b650-bfb25fe3b6dd,,,,,animal,,,,,,,,,,,,,,,,,,,,
,CT09,SynologyDrive,11070145.JPG,CT09, 2024-11-07 09:30:37,af97f17d-5ff1-41a8-976a-b1546e2d5051,,,,,false,,image/jpeg,,false,,1a94fa2b-588d-4db7-bb43-162cf3799eb4,,,,,animal,,,,,,,,,,,,,,,,,,,,
,CT09,SynologyDrive,11070146.JPG,CT09, 2024-11-07 09:30:37,f2931f5e-fda1-4975-928c-1b0bc2167baa,,,,,false,,image/jpeg,,false,,bb4f9ab5-36da-4b16-9e25-755e4394533b,,,,,animal,,,,,,,,,,,,,,,,,,,,
,CT09,SynologyDrive,11070147.JPG,CT09, 2024-11-07 09:30:38,f39999c1-45e3-4759-b08c-939defc00dbd,,,,,false,,image/jpeg,,false,,628e25ac-6ccf-4bd7-9034-68d621416789,,,,,animal,,,,,,,,,,,,,,,,,,,,
,CT09,SynologyDrive,11070149.JPG,CT09, 2024-11-07 09:45:21,5e40af17-5b8c-469d-ac9d-d1a5e7928985,,,,,false,,image/jpeg,,false,,f80c0c89-6e2e-4b57-b36e-aca4878f24ac,,,,,animal,,,,,,,,,,,,,,,,,,,,
,CT09,SynologyDrive,11070150.JPG,CT09, 2024-11-07 09:45:22,fb72138e-622e-4f5b-ad0a-6c0567322f00,,,,,false,,image/jpeg,,false,,94acb7f0-cf93-4512-8bbc-e7b742497a85,,,,,animal,,,,,,,,,,,,,,,,,,,,
,CT09,SynologyDrive,11070151.JPG,CT09, 2024-11-07 09:45:23,085fd569-526c-4d5c-ae71-5420b4b0ce09,,,,,false,,image/jpeg,,false,,2760c64c-3b07-4989-9ad6-7fd5bf7bfafb,,,,,animal,,,,,,,,,,,,,,,,,,,,
,CT09,SynologyDrive,11080153.JPG,CT09, 2024-11-08 19:24:31,a526205c-c337-456c-a52e-2b4f673b8767,,,,,false,,image/jpeg,,false,,87965ee5-dac5-42a8-b038-3ba4d0f70a34,,,,,animal,,,,,,,,,,,,,,,,,,,,
,CT09,SynologyDrive,11090157.JPG,CT09, 2024-11-09 05:32:40,f91f8247-217d-4a73-bd1f-41eb32bd0ee2,,,,,false,,image/jpeg,,false,,c52f8955-1097-465b-90a2-1e83711033a7,,,,,animal,,,,,,,,,,,,,,,,,,,,
,CT09,SynologyDrive,11090158.JPG,CT09, 2024-11-09 05:32:40,434c63ea-b41f-458e-9e25-8f325d4dd538,,,,,false,,image/jpeg,,false,,a01a3182-0689-4751-a1f9-1a30940b0267,,,,,animal,,,,,,,,,,,,,,,,,,,,
,CT09,SynologyDrive,11090161.JPG,CT09, 2024-11-09 19:59:00,ddb73038-1ab6-49d1-a6ce-51925a8bb4dc,,,,,false,,image/jpeg,,false,,4bfff388-6209-4cfb-b781-d857d095592a,,,,,animal,,,,,,,,,,,,,,,,,,,,
,CT09,SynologyDrive,11090162.JPG,CT09, 2024-11-09 19:59:02,20e1a148-4ddc-4830-b88a-a2d177086e47,,,,,false,,image/jpeg,,false,,0460852e-4c30-4cdb-9042-f4c76f5b3476,,,,,animal,,,,,,,,,,,,,,,,,,,,
,CT09,SynologyDrive,11090163.JPG,CT09, 2024-11-09 19:59:03,5775cb5a-f5a7-49c0-bf7b-7edbead0abfb,,,,,false,,image/jpeg,,false,,33b2c39c-7948-4771-bd81-b165769be025,,,,,animal,,,,,,,,,,,,,,,,,,,,
,CT09,SynologyDrive,11150165.JPG,CT09, 2024-11-15 08:41:21,a65b6001-1547-44b5-b1ad-b0af3c58cdf7,,,,,false,,image/jpeg,,false,,0fbb9746-9816-41f0-b7a5-97adf13b4615,,,,,animal,,,,,,,,,,,,,,,,,,,,
,CT09,SynologyDrive,11150166.JPG,CT09, 2024-11-15 08:41:22,ce287029-24b6-4835-8566-21d4d57e3efa,,,,,false,,image/jpeg,,false,,451c368d-adb5-4b42-a9d6-8823dfa55feb,,,,,animal,,,,,,,,,,,,,,,,,,,,
,CT09,SynologyDrive,11150167.JPG,CT09, 2024-11-15 08:41:23,1a1553e9-2d51-4192-9b78-ec903c0255c8,,,,,false,,image/jpeg,,false,,e140d3ac-8fbb-4aa4-916b-4c63e0535c5d,,,,,animal,,,,,,,,,,,,,,,,,,,,
,CT09,SynologyDrive,11150169.JPG,CT09, 2024-11-15 08:41:51,a2bbf2ad-3aa2-4614-86a8-044ab1b9f77d,,,,,false,,image/jpeg,,false,,805df587-72f7-4da9-99b2-df2b637b37c0,,,,,animal,,,,,,,,,,,,,,,,,,,,
,CT09,SynologyDrive,11150173.JPG,CT09, 2024-11-15 20:47:47,1f279950-4601-4713-8e8c-e027a5366097,,,,,false,,image/jpeg,,false,,ded73c39-8928-4d0c-9244-3fcd299f7697,,,,,animal,,,,,,,,,,,,,,,,,,,,
,CT09,SynologyDrive,11160177.JPG,CT09, 2024-11-16 06:34:02,0f66f995-e0db-4cc4-9d52-79cbb634fbef,,,,,false,,image/jpeg,,false,,238491bc-0023-4454-8461-af2706e237cc,,,,,animal,,,,,,,,,,,,,,,,,,,,
,CT09,SynologyDrive,11170189.JPG,CT09, 2024-11-17 01:40:50,93b7f4e8-8a0d-4cfb-87f0-19e3f66cf805,,,,,false,,image/jpeg,,false,,48383efc-e1a9-4849-b4e1-79617b8bf1b6,,,,,animal,,,,,,,,,,,,,,,,,,,,
,CT09,SynologyDrive,11170197.JPG,CT09, 2024-11-17 06:42:21,32ba82cb-fcae-4b75-a22d-c815a5dd17d8,,,,,false,,image/jpeg,,false,,f10f9231-7aa8-495b-9a50-4c3115a57c25,,,,,animal,,,,,,,,,,,,,,,,,,,,
,CT09,SynologyDrive,11170198.JPG,CT09, 2024-11-17 06:42:22,af73ab80-98b8-49bb-8e10-3cc5c000b1be,,,,,false,,image/jpeg,,false,,824c02fb-c28b-4028-8009-6c444779788c,,,,,animal,,,,,,,,,,,,,,,,,,,,
,CT09,SynologyDrive,11170199.JPG,CT09, 2024-11-17 06:42:23,09de55b5-2a2b-4cca-9ae2-840a6a1f114e,,,,,false,,image/jpeg,,false,,9a720e67-11a1-452e-a0f7-9cc3aa14c0d8,,,,,animal,,,,,,,,,,,,,,,,,,,,
,CT09,SynologyDrive,11170201.JPG,CT09, 2024-11-17 06:43:02,fa9a6108-e63d-45c9-83d2-5e06ed8399ab,,,,,false,,image/jpeg,,false,,b70574de-759e-4b02-a91d-152283a122ff,,,,,animal,,,,,,,,,,,,,,,,,,,,
,CT09,SynologyDrive,11170213.JPG,CT09, 2024-11-17 06:48:03,3692f2f7-1579-426c-9eec-249d6a3a5bf1,,,,,false,,image/jpeg,,false,,9a02cf48-a1a1-4579-9557-a6367e36572d,,,,,animal,,,,,,,,,,,,,,,,,,,,
,CT09,SynologyDrive,11170214.JPG,CT09, 2024-11-17 06:48:04,fbbb30a6-a800-432c-8983-ce4bc954bd84,,,,,false,,image/jpeg,,false,,81456f8d-2e1e-465f-90dc-502933476294,,,,,animal,,,,,,,,,,,,,,,,,,,,
,CT09,SynologyDrive,11170215.JPG,CT09, 2024-11-17 06:48:06,4a37174b-c8e1-470c-8a69-15a9cd84ba68,,,,,false,,image/jpeg,,false,,c4df5903-0cac-4582-9b06-1085504684e9,,,,,animal,,,,,,,,,,,,,,,,,,,,
,CT09,SynologyDrive,11170218.JPG,CT09, 2024-11-17 06:49:36,467d73b6-ef49-49f1-a6fa-f34afe081594,,,,,false,,image/jpeg,,false,,c29b7b59-9a03-4802-a76d-bd080da6c4f5,,,,,animal,,,,,,,,,,,,,,,,,,,,
,CT09,SynologyDrive,11170225.JPG,CT09, 2024-11-17 06:53:06,272ab62c-771c-4eff-9f38-725839c37b31,,,,,false,,image/jpeg,,false,,93ec4a30-7586-4fc0-b7a3-57fd2714bea3,,,,,animal,,,,,,,,,,,,,,,,,,,,
,CT09,SynologyDrive,11170226.JPG,CT09, 2024-11-17 06:53:07,cae638cd-3ae3-4609-b267-53fe75f79a3f,,,,,false,,image/jpeg,,false,,47dc846f-3261-434f-8977-051e39513cac,,,,,animal,,,,,,,,,,,,,,,,,,,,
,CT09,SynologyDrive,11170229.JPG,CT09, 2024-11-17 07:00:35,2c9d7288-a293-4db7-84b9-b6e4014764b8,,,,,false,,image/jpeg,,false,,760063da-6705-4123-8243-6a0651172a99,,,,,animal,,,,,,,,,,,,,,,,,,,,
,CT09,SynologyDrive,11170230.JPG,CT09, 2024-11-17 07:00:36,bb052f69-b922-40ef-8ef9-b314b3abca08,,,,,false,,image/jpeg,,false,,34bde1ae-0d4e-4040-b6f4-9ad24debb865,,,,,animal,,,,,,,,,,,,,,,,,,,,
,CT09,SynologyDrive,11170231.JPG,CT09, 2024-11-17 07:00:37,2fbf1aac-e4a6-4921-99a9-a75852e58d5e,,,,,false,,image/jpeg,,false,,b23eb939-d3f6-467f-9e2c-263e0e7f28d4,,,,,animal,,,,,,,,,,,,,,,,,,,,
,CT09,SynologyDrive,11170233.JPG,CT09, 2024-11-17 07:05:00,1d16ade4-8bc0-4b95-a7e4-b4d897b085ef,,,,,false,,image/jpeg,,false,,59da5b7d-ff09-4599-a2f3-f772c1f07542,,,,,animal,,,,,,,,,,,,,,,,,,,,
,CT09,SynologyDrive,11170237.JPG,CT09, 2024-11-17 07:09:22,70dbd811-546d-4407-9f86-8e30d3e98840,,,,,false,,image/jpeg,,false,,f6328810-cd47-478d-a1c5-baaebdda02e7,,,,,animal,,,,,,,,,,,,,,,,,,,,
,CT09,SynologyDrive,11170238.JPG,CT09, 2024-11-17 07:09:23,a8d4f729-a657-4557-a7a3-52e5a1846e7c,,,,,false,,image/jpeg,,false,,b4595952-614c-45ea-bd71-a44beb2fddc0,,,,,animal,,,,,,,,,,,,,,,,,,,,
,CT09,SynologyDrive,11230241.JPG,CT09, 2024-11-23 22:33:43,ce9308bd-c1de-4ee7-a44d-254f98ea52d5,,,,,false,,image/jpeg,,false,,b0d3a1ca-f9cd-46db-84a2-d974505f4c33,,,,,animal,,,,,,,,,,,,,,,,,,,,
,CT09,SynologyDrive,11230242.JPG,CT09, 2024-11-23 22:33:44,1e95404b-8f94-41e4-b4f9-ff98a041b4a3,,,,,false,,image/jpeg,,false,,e63994e5-56ea-4fb5-876a-0100dc78f1db,,,,,animal,,,,,,,,,,,,,,,,,,,,
,CT09,SynologyDrive,11230243.JPG,CT09, 2024-11-23 22:33:45,c9520f92-4ab4-41d1-81df-6e542e5b48fe,,,,,false,,image/jpeg,,false,,0ab11ad7-6f08-4916-833c-f863183c9ec1,,,,,animal,,,,,,,,,,,,,,,,,,,,
,CT09,SynologyDrive,12040249.JPG,CT09, 2024-12-04 01:00:26,bf342b72-b7de-4089-94e0-b06c52a7a722,,,,,false,,image/jpeg,,false,,58f55bbb-acbf-43f1-afd8-417e5149b45a,,,,,animal,,,,,,,,,,,,,,,,,,,,
,CT09,SynologyDrive,12040250.JPG,CT09, 2024-12-04 01:00:27,0071005e-bfdc-47f6-b27d-da1a76703d71,,,,,false,,image/jpeg,,false,,d9ff258b-986a-4b6c-8abf-bef2d600b51a,,,,,animal,,,,,,,,,,,,,,,,,,,,
,CT09,SynologyDrive,12040251.JPG,CT09, 2024-12-04 01:00:28,d9d96e44-14a5-4929-9497-c1e7e56df0f1,,,,,false,,image/jpeg,,false,,ce3c68a1-a089-4607-82e9-9e59ef69447b,,,,,animal,,,,,,,,,,,,,,,,,,,,
,CT09,SynologyDrive,01050269.JPG,CT09, 2025-01-05 06:16:30,d596377c-2ff8-48c9-b899-77e4c0d8c43a,,,,,false,,image/jpeg,,false,,486f5ee9-5e42-4651-88b3-cb3e7e4b5420,,,,,animal,,,,,,,,,,,,,,,,,,,,
,CT09,SynologyDrive,01050270.JPG,CT09, 2025-01-05 06:16:31,00a8cf92-1bdc-43fc-b15c-06ad54b2a4af,,,,,false,,image/jpeg,,false,,5d328f1e-49df-413e-93a6-84a55d9f1abe,,,,,animal,,,,,,,,,,,,,,,,,,,,
,CT09,SynologyDrive,01050271.JPG,CT09, 2025-01-05 06:16:32,975d7a47-2349-469d-a0b5-f5f8aa1b8cee,,,,,false,,image/jpeg,,false,,06df19b2-f8c7-49eb-9a18-3c6a4fdd5db4,,,,,animal,,,,,,,,,,,,,,,,,,,,
,CT09,SynologyDrive,01050273.JPG,CT09, 2025-01-05 06:18:31,df6eb704-9999-454a-a3ee-f87a5199ddfe,,,,,false,,image/jpeg,,false,,c62e3a9a-16cc-4e06-bdb9-58c164b6bad0,,,,,animal,,,,,,,,,,,,,,,,,,,,
,CT09,SynologyDrive,01050274.JPG,CT09, 2025-01-05 06:18:32,35e64331-3240-4a29-be5b-1020428445bc,,,,,false,,image/jpeg,,false,,d1f862df-0d0a-40b6-9e9b-af9d51703d98,,,,,animal,,,,,,,,,,,,,,,,,,,,
,CT09,SynologyDrive,01050275.JPG,CT09, 2025-01-05 06:18:32,bb865e04-3878-4dda-858a-ff8051c94025,,,,,false,,image/jpeg,,false,,5e6c2cf4-3deb-4179-a6b2-dcc68227a9e5,,,,,animal,,,,,,,,,,,,,,,,,,,,
,CT09,SynologyDrive,01060281.JPG,CT09, 2025-01-06 22:12:41,5e344264-a367-45b1-8129-bd60962f5da8,,,,,false,,image/jpeg,,false,,f8cf3e01-eafa-4e6b-87df-c032987a63f9,,,,,animal,,,,,,,,,,,,,,,,,,,,
,CT09,SynologyDrive,01060282.JPG,CT09, 2025-01-06 22:12:42,5f117af4-67ab-4b7e-b488-a83add687962,,,,,false,,image/jpeg,,false,,af0aa683-8d16-4874-831d-d7b4d442e2e5,,,,,animal,,,,,,,,,,,,,,,,,,,,
,CT09,SynologyDrive,01060283.JPG,CT09, 2025-01-06 22:12:44,589842d9-4a58-40ad-8b74-e55ad2cb83ea,,,,,false,,image/jpeg,,false,,533d2a8f-5896-49cf-b89c-8192d1eb6d00,,,,,animal,,,,,,,,,,,,,,,,,,,,
,CT09,SynologyDrive,01130293.JPG,CT09, 2025-01-13 21:58:35,b57da048-ec8c-4757-b829-90850ab9ad1e,,,,,false,,image/jpeg,,false,,bedc91f7-3abf-4d8d-9a83-28dc636dd717,,,,,animal,,,,,,,,,,,,,,,,,,,,
,CT09,SynologyDrive,01200301.JPG,CT09, 2025-01-20 21:56:47,78e8528b-dfbc-4cdb-99e7-40f139fa5452,,,,,false,,image/jpeg,,false,,2124c5ff-6a40-470f-9242-9b55a0f24f72,,,,,animal,,,,,,,,,,,,,,,,,,,,
,CT09,SynologyDrive,01200302.JPG,CT09, 2025-01-20 21:56:48,cd8bb7f6-c696-4a95-8b92-10c8c460de05,,,,,false,,image/jpeg,,false,,7dbcd3dd-668e-4840-8a48-75972385f368,,,,,animal,,,,,,,,,,,,,,,,,,,,
,CT09,SynologyDrive,01200303.JPG,CT09, 2025-01-20 21:56:49,1994d04e-26f0-4e92-9c52-7243324a19f1,,,,,false,,image/jpeg,,false,,a204611d-ecd3-475f-89c9-321c7efa9455,,,,,animal,,,,,,,,,,,,,,,,,,,,
,CT09,SynologyDrive,01210305.JPG,CT09, 2025-01-21 21:56:59,d527e4b9-4e9c-48cd-bc2c-bf8f744ec7a5,,,,,false,,image/jpeg,,false,,792e3035-e429-4c03-a227-da8b0a8d3fe9,,,,,animal,,,,,,,,,,,,,,,,,,,,
,CT09,SynologyDrive,01210306.JPG,CT09, 2025-01-21 21:57:00,4b82fd15-bf47-403b-8a5e-e4bfb5367c82,,,,,false,,image/jpeg,,false,,7fbf870c-7e1a-43ee-90ee-4511c8d48de7,,,,,animal,,,,,,,,,,,,,,,,,,,,
,CT09,SynologyDrive,02160337.JPG,CT09, 2025-02-16 04:16:23,9e4e816b-c9b8-42a0-bf92-0965a4846f81,,,,,false,,image/jpeg,,false,,a325097f-5a13-45de-bf98-b010370dab82,,,,,animal,,,,,,,,,,,,,,,,,,,,
,CT09,SynologyDrive,02160338.JPG,CT09, 2025-02-16 04:16:24,d736255c-6aff-46c2-b30a-c6041e18f05a,,,,,false,,image/jpeg,,false,,0c66939c-7231-445a-b686-edc110bdba4f,,,,,animal,,,,,,,,,,,,,,,,,,,,
,CT09,SynologyDrive,02170341.JPG,CT09, 2025-02-17 01:56:34,7e5ce267-658c-4876-9a00-1ee9592708c0,,,,,false,,image/jpeg,,false,,5c6d1fd4-05e8-4363-a3b6-37ab841d0572,,,,,animal,,,,,,,,,,,,,,,,,,,,
,CT09,SynologyDrive,02170342.JPG,CT09, 2025-02-17 01:56:35,00d60424-9679-4aa6-85e3-0783074bc0cf,,,,,false,,image/jpeg,,false,,3a360b67-dfe2-470f-8a24-75bfbd7dbdfc,,,,,animal,,,,,,,,,,,,,,,,,,,,
,CT09,SynologyDrive,02170343.JPG,CT09, 2025-02-17 01:56:36,798d2397-a1a9-44e7-bd13-c3685b9dbdb9,,,,,false,,image/jpeg,,false,,4adac885-1649-428f-9bc6-faef0e12903e,,,,,animal,,,,,,,,,,,,,,,,,,,,
,CT09,SynologyDrive,02170345.JPG,CT09, 2025-02-17 01:57:00,2d65faf2-37ff-4e5b-8ba3-f3fcf381ab07,,,,,false,,image/jpeg,,false,,9cef3a06-c9de-4be0-b541-fa086ee87aa0,,,,,animal,,,,,,,,,,,,,,,,,,,,
,CT09,SynologyDrive,02170346.JPG,CT09, 2025-02-17 01:57:01,b4c9058c-72d0-4196-be21-7439714d55bf,,,,,false,,image/jpeg,,false,,ff09538d-da3a-4723-9059-2eb9e5e8984b,,,,,animal,,,,,,,,,,,,,,,,,,,,
,CT09,SynologyDrive,02170347.JPG,CT09, 2025-02-17 01:57:02,bfd50396-6b98-434c-96f4-7588ae22c7e3,,,,,false,,image/jpeg,,false,,e38a2d8e-fa50-471b-99f0-64cf7b88f212,,,,,animal,,,,,,,,,,,,,,,,,,,,
,CT09,SynologyDrive,03120353.JPG,CT09, 2025-03-12 03:16:25,7bd09b90-59c4-45b1-b5a1-ae9bd5c8ba2d,,,,,false,,image/jpeg,,false,,b0959dfb-878a-487c-9372-1577cfa3b6dc,,,,,animal,,,,,,,,,,,,,,,,,,,,
,CT09,SynologyDrive,03120354.JPG,CT09, 2025-03-12 03:16:26,1f09372d-ba45-43e4-ab42-3cb8bdfe6daa,,,,,false,,image/jpeg,,false,,5d867f50-d5d2-4d14-8507-348fe4bca74c,,,,,animal,,,,,,,,,,,,,,,,,,,,
,CT09,SynologyDrive,03120355.JPG,CT09, 2025-03-12 03:16:28,29c857cf-f505-40f8-91b0-8ca77388a8f1,,,,,false,,image/jpeg,,false,,d69e4d2d-914f-404a-950e-06eea010711e,,,,,animal,,,,,,,,,,,,,,,,,,,,
,CT09,SynologyDrive,03120357.JPG,CT09, 2025-03-12 03:35:09,503ca8bc-d9e5-472d-b009-09c3d2474704,,,,,false,,image/jpeg,,false,,505e8d6a-a8d2-4ea4-a3a1-2570052a11f6,,,,,animal,,,,,,,,,,,,,,,,,,,,
,CT09,SynologyDrive,03120358.JPG,CT09, 2025-03-12 03:35:10,01716456-cf55-437d-99cf-956e9dff532a,,,,,false,,image/jpeg,,false,,e836952a-0c59-476d-9a2a-e13f6941a1f5,,,,,animal,,,,,,,,,,,,,,,,,,,,
,CT09,SynologyDrive,03120359.JPG,CT09, 2025-03-12 03:35:11,f19681f2-d099-462b-bdba-4e8d035b94a5,,,,,false,,image/jpeg,,false,,7c360acd-9536-4c1b-bc88-e15d68ddd1d0,,,,,animal,,,,,,,,,,,,,,,,,,,,
,CT09,SynologyDrive,03120361.JPG,CT09, 2025-03-12 21:40:41,648bd79e-5967-45ff-96f4-4326a9f58591,,,,,false,,image/jpeg,,false,,23f3b179-e8ac-4ad2-8143-15efb967e146,,,,,animal,,,,,,,,,,,,,,,,,,,,
,CT09,SynologyDrive,03120362.JPG,CT09, 2025-03-12 21:40:42,2f263625-fd21-4623-80a0-7290227663b3,,,,,false,,image/jpeg,,false,,12cb0504-2447-40eb-8631-d046d2092726,,,,,animal,,,,,,,,,,,,,,,,,,,,
,CT09,SynologyDrive,03120363.JPG,CT09, 2025-03-12 21:40:43,192f8b6f-64ce-49ff-94c0-2956d5c19cca,,,,,false,,image/jpeg,,false,,6dc78f5e-afa2-4ec2-b580-5ff29caedafc,,,,,animal,,,,,,,,,,,,,,,,,,,,
,CT09,SynologyDrive,03130365.JPG,CT09, 2025-03-13 00:17:52,4650f4a0-1d98-47db-9720-12301abd97b2,,,,,false,,image/jpeg,,false,,6570e36c-1cf1-4994-ae41-3c909abd7d92,,,,,animal,,,,,,,,,,,,,,,,,,,,
,CT09,SynologyDrive,03130366.JPG,CT09, 2025-03-13 00:17:52,db600695-2b6c-46b3-b775-460118dff09c,,,,,false,,image/jpeg,,false,,e16057f6-6a7c-43e9-8599-8e9bb96edbd0,,,,,animal,,,,,,,,,,,,,,,,,,,,
,CT09,SynologyDrive,03130367.JPG,CT09, 2025-03-13 00:17:53,701eeb5e-8c02-4c6c-b2fe-934754749ed4,,,,,false,,image/jpeg,,false,,4a5cdfbd-3724-45ba-970f-3509b8da87a7,,,,,animal,,,,,,,,,,,,,,,,,,,,
,CT09,SynologyDrive,03130369.JPG,CT09, 2025-03-13 02:11:10,bc0a49e7-043f-49fb-a64a-15f4fc9fe643,,,,,false,,image/jpeg,,false,,f86e75ac-97aa-49a9-9a9d-ffb89645b799,,,,,animal,,,,,,,,,,,,,,,,,,,,
,CT09,SynologyDrive,03130370.JPG,CT09, 2025-03-13 02:11:11,02421135-d51f-46b4-91d3-97c728448c9e,,,,,false,,image/jpeg,,false,,3778a579-a7bd-4705-b6dd-da0b816209bb,,,,,animal,,,,,,,,,,,,,,,,,,,,
,CT09,SynologyDrive,03130371.JPG,CT09, 2025-03-13 02:11:11,183dcc24-13ce-4fc7-aba6-89c27102b60d,,,,,false,,image/jpeg,,false,,d1b1ff31-7aa8-47cf-968c-2eef495866ab,,,,,animal,,,,,,,,,,,,,,,,,,,,
,CT09,SynologyDrive,03130373.JPG,CT09, 2025-03-13 07:10:22,0536efda-1a84-423f-b4ae-a0d846404fc6,,,,,false,,image/jpeg,,false,,c30b0b41-3bb9-4244-acb3-1ae7e9b79456,,,,,animal,,,,,,,,,,,,,,,,,,,,
,CT09,SynologyDrive,03130374.JPG,CT09, 2025-03-13 07:10:23,7fd0eea8-4ed4-4a6b-ab6a-3f57b552a0b6,,,,,false,,image/jpeg,,false,,222f0141-db8e-4754-8659-02910912a4af,,,,,animal,,,,,,,,,,,,,,,,,,,,
,CT09,SynologyDrive,03130377.JPG,CT09, 2025-03-13 07:38:52,ef081f3f-1459-4fdc-9d02-da17886a9cc6,,,,,false,,image/jpeg,,false,,509f090d-7fda-430b-9219-090f6be1a475,,,,,animal,,,,,,,,,,,,,,,,,,,,
,CT09,SynologyDrive,03130381.JPG,CT09, 2025-03-13 07:39:30,0487fe75-2ca6-4127-beea-dab7abd2b9ae,,,,,false,,image/jpeg,,false,,921a2f6b-54eb-40df-a340-183c5758e64a,,,,,animal,,,,,,,,,,,,,,,,,,,,
,CT09,SynologyDrive,03130382.JPG,CT09, 2025-03-13 07:39:31,4bb442d3-3165-479b-84a8-c46185893247,,,,,false,,image/jpeg,,false,,5e8422cf-5710-4158-85df-756118b7e71a,,,,,animal,,,,,,,,,,,,,,,,,,,,
,CT09,SynologyDrive,03130383.JPG,CT09, 2025-03-13 07:39:32,4e335cb1-4962-4d91-bf7d-2f96d2a3be16,,,,,false,,image/jpeg,,false,,c74f3216-987b-448e-92f8-55549d1ff6dc,,,,,animal,,,,,,,,,,,,,,,,,,,,
,CT09,SynologyDrive,03130386.JPG,CT09, 2025-03-13 07:39:51,5afe9cf4-f3b0-4353-9809-dc480a2c61d2,,,,,false,,image/jpeg,,false,,00c35d65-63f9-4254-932b-7e413c09a05c,,,,,animal,,,,,,,,,,,,,,,,,,,,
,CT09,SynologyDrive,03130388.JPG,CT09, 2025-03-13 07:50:35,9f28b8e8-112a-491a-a4b0-e3f6c6d6d4bf,,,,,false,,image/jpeg,,false,,40ab9698-a705-4579-979f-d0e575878b77,,,,,animal,,,,,,,,,,,,,,,,,,,,
,CT09,SynologyDrive,03190392.JPG,CT09, 2025-03-19 05:14:43,85a4a295-0393-4fd8-ac45-e8b5b28ea28b,,,,,false,,image/jpeg,,false,,e8978ee5-bb4c-4a7e-8e3f-42c0fb8fcecf,,,,,animal,,,,,,,,,,,,,,,,,,,,
,CT09,SynologyDrive,03190393.JPG,CT09, 2025-03-19 05:14:44,fb102d89-b9c9-48a7-b46d-6c12ca4bedc8,,,,,false,,image/jpeg,,false,,d0a25795-3161-460d-b7d2-319bcf596107,,,,,animal,,,,,,,,,,,,,,,,,,,,
,CT09,SynologyDrive,03190394.JPG,CT09, 2025-03-19 05:14:45,05fd9126-1041-4675-9b11-4ab7866e461e,,,,,false,,image/jpeg,,false,,75038448-580c-47bc-acdf-19e2a0a9c4d9,,,,,animal,,,,,,,,,,,,,,,,,,,,
,CT09,SynologyDrive,03220396.JPG,CT09, 2025-03-22 04:24:43,cfd18166-a748-42bc-b34b-2e1a83976b63,,,,,false,,image/jpeg,,false,,6cb61de9-c71a-4638-9f07-5063b9f9a00c,,,,,animal,,,,,,,,,,,,,,,,,,,,
,CT09,SynologyDrive,03220397.JPG,CT09, 2025-03-22 04:24:44,5df56e2a-1e99-40c5-9535-82d3049790e5,,,,,false,,image/jpeg,,false,,5b3b97c0-dfa6-4d5d-b966-4130edc4f74c,,,,,animal,,,,,,,,,,,,,,,,,,,,
,CT09,SynologyDrive,03220398.JPG,CT09, 2025-03-22 04:24:45,0d89f641-23f4-4ca9-9ebc-2ea0ac78d206,,,,,false,,image/jpeg,,false,,49eca127-8ad9-490a-a9a5-1b6ebdf50c59,,,,,animal,,,,,,,,,,,,,,,,,,,,
,CT09,SynologyDrive,03220405.JPG,CT09, 2025-03-22 11:17:41,6ac5a804-342e-4e0f-b275-91fd30ce93eb,,,,,false,,image/jpeg,,false,,706a3f33-473a-4269-9cab-ffc4dbaeff53,,,,,animal,,,,,,,,,,,,,,,,,,,,
,CT09,SynologyDrive,03240422.JPG,CT09, 2025-03-24 07:33:42,78aaa740-98bc-4ebb-b0e2-341c53500fe5,,,,,false,,image/jpeg,,false,,7967beb8-49f9-49ee-8345-74623d4de41c,,,,,animal,,,,,,,,,,,,,,,,,,,,
,CT09,SynologyDrive,03240423.JPG,CT09, 2025-03-24 07:33:43,afbe93ad-6c1b-4db7-92ef-3d733a732247,,,,,false,,image/jpeg,,false,,3e0b5dd8-01de-4719-be7f-57962492a02d,,,,,animal,,,,,,,,,,,,,,,,,,,,
,CT09,SynologyDrive,03240424.JPG,CT09, 2025-03-24 07:33:44,50914c6a-8a76-4619-b69f-63d96197a363,,,,,false,,image/jpeg,,false,,4dcb5502-1066-4353-9941-aac36389c179,,,,,animal,,,,,,,,,,,,,,,,,,,,
,CT09,SynologyDrive,03240425.JPG,CT09, 2025-03-24 07:36:18,f1a7c35c-aeed-4ca2-b5d7-93fc3b088aae,,,,,false,,image/jpeg,,false,,290b55e9-d7ba-4b83-93ed-94cd374ea775,,,,,animal,,,,,,,,,,,,,,,,,,,,
,CT09,SynologyDrive,04010426.JPG,CT09, 2025-04-01 04:59:17,f5ab1655-edad-4f10-a30d-6e8416a726b0,,,,,false,,image/jpeg,,false,,9e866d57-8656-4617-a9e3-8f3c47447db6,,,,,animal,,,,,,,,,,,,,,,,,,,,
,CT09,SynologyDrive,04010427.JPG,CT09, 2025-04-01 04:59:18,dd4981cd-8d7e-4c41-a26f-9fc2a1332d02,,,,,false,,image/jpeg,,false,,56543d46-34b5-4c55-8abe-dc9c2443aa52,,,,,animal,,,,,,,,,,,,,,,,,,,,
,CT09,SynologyDrive,04010428.JPG,CT09, 2025-04-01 04:59:18,f03e3765-3c5e-44e5-bb14-4b4b9557fc30,,,,,false,,image/jpeg,,false,,af93d402-9752-4e61-ad59-6d62317fb431,,,,,animal,,,,,,,,,,,,,,,,,,,,
,CT09,SynologyDrive,04030429.JPG,CT09, 2025-04-03 20:26:33,4fea81f3-89c4-4336-ba3c-7a3b3f301c07,,,,,false,,image/jpeg,,false,,93ca07ff-df3a-4060-988a-dd517ea6ff86,,,,,animal,,,,,,,,,,,,,,,,,,,,
,CT09,SynologyDrive,04030430.JPG,CT09, 2025-04-03 20:26:34,040b515d-f308-429b-8ec9-c777186cd3ce,,,,,false,,image/jpeg,,false,,e5caacc6-b9bf-4e65-8b3c-4bc4958f2e07,,,,,animal,,,,,,,,,,,,,,,,,,,,
,CT09,SynologyDrive,04030431.JPG,CT09, 2025-04-03 20:26:35,5c0f997d-a8b3-4c87-a347-80d917e74a26,,,,,false,,image/jpeg,,false,,878d1a1f-1093-4c78-9f91-1c0046e5b5a8,,,,,animal,,,,,,,,,,,,,,,,,,,,
,CT09,SynologyDrive,04110437.JPG,CT09, 2025-04-11 08:11:22,c8dba43f-b1db-460f-97cd-ea855129e212,,,,,false,,image/jpeg,,false,,e8f5fb70-ecb0-4502-aad0-9d469d2823e8,,,,,animal,,,,,,,,,,,,,,,,,,,,
,CT09,SynologyDrive,04110438.JPG,CT09, 2025-04-11 08:11:23,33a543d1-bd9b-44c6-8669-515144a4ed0e,,,,,false,,image/jpeg,,false,,31ce1786-b9e3-44a1-812f-ca4ea0c02873,,,,,animal,,,,,,,,,,,,,,,,,,,,
,CT09,SynologyDrive,04170439.JPG,CT09, 2025-04-17 03:12:22,f9aad9b5-845d-4295-bead-58cb79d23b33,,,,,false,,image/jpeg,,false,,71307596-99fa-49f1-8b69-6656990d1710,,,,,animal,,,,,,,,,,,,,,,,,,,,
,CT09,SynologyDrive,04170440.JPG,CT09, 2025-04-17 08:19:31,c7bc090b-5bf7-4516-b111-418cda002881,,,,,false,,image/jpeg,,false,,718e82f4-bfba-4b46-b40a-f21eebc5d38f,,,,,animal,,,,,,,,,,,,,,,,,,,,
,CT10,SynologyDrive,10090001.JPG,CT10, 2024-10-09 15:55:17,f13274b1-975a-421a-883a-116d3c3a06b8,,,,,false,,image/jpeg,,false,,73403357-9cfa-418f-82d8-a162b9a10455,,,,,animal,,,,,,,,,,,,,,,,,,,,
,CT10,SynologyDrive,10090005.JPG,CT10, 2024-10-09 17:58:10,e4e5d078-2a5f-4d90-b809-3ca240dc416b,,,,,false,,image/jpeg,,false,,6a1a9daa-1446-428e-bdf4-28159b37cb01,,,,,animal,,,,,,,,,,,,,,,,,,,,
,CT10,SynologyDrive,10090006.JPG,CT10, 2024-10-09 17:58:11,7ed32a52-aa0a-4486-9596-e991b71c602f,,,,,false,,image/jpeg,,false,,e7cf9bce-2cd2-4ebd-a7ea-01506b13b35e,,,,,animal,,,,,,,,,,,,,,,,,,,,
,CT10,SynologyDrive,10090007.JPG,CT10, 2024-10-09 17:58:12,a48fcc93-c2ed-4174-9d7d-858828a71e84,,,,,false,,image/jpeg,,false,,b8bf6612-2d61-4409-a5d1-aad13d594d98,,,,,animal,,,,,,,,,,,,,,,,,,,,
,CT10,SynologyDrive,10150013.JPG,CT10, 2024-10-15 10:33:01,0803c9fb-ee58-48bb-9da5-0c98ee8ef9cb,,,,,false,,image/jpeg,,false,,d46b1952-635e-4ce0-864e-11f862fdacdf,,,,,animal,,,,,,,,,,,,,,,,,,,,
,CT10,SynologyDrive,10150014.JPG,CT10, 2024-10-15 10:33:01,e29a398d-ac04-4368-bb14-c0e6f6daa8a6,,,,,false,,image/jpeg,,false,,69392583-bdbf-43df-87d0-d746c4dbe7b9,,,,,animal,,,,,,,,,,,,,,,,,,,,
,CT10,SynologyDrive,10150015.JPG,CT10, 2024-10-15 10:33:02,935d32fa-f12c-46d3-bb44-46a57c862921,,,,,false,,image/jpeg,,false,,c74bc07e-4c59-4cab-a155-b19b437c9731,,,,,animal,,,,,,,,,,,,,,,,,,,,
,CT10,SynologyDrive,10290017.JPG,CT10, 2024-10-29 00:47:49,052e09bf-230d-4ca5-91ee-0e17b0a835e9,,,,,false,,image/jpeg,,false,,34dcd60b-239b-4cd4-979b-1edc6575d564,,,,,animal,,,,,,,,,,,,,,,,,,,,
,CT10,SynologyDrive,10290018.JPG,CT10, 2024-10-29 00:47:50,d63dd299-7ba9-49ab-8fae-cffbf6735c6f,,,,,false,,image/jpeg,,false,,38c7829f-8204-470a-bbd3-c53d1cd56fc6,,,,,animal,,,,,,,,,,,,,,,,,,,,
,CT10,SynologyDrive,10300021.JPG,CT10, 2024-10-30 18:41:57,f818c727-016b-4a32-83dd-4da769c9520b,,,,,false,,image/jpeg,,false,,7a1b4bce-8776-4d5b-bfa9-756c9af7b8d0,,,,,animal,,,,,,,,,,,,,,,,,,,,
,CT10,SynologyDrive,10300022.JPG,CT10, 2024-10-30 18:41:58,2a03a18b-4ac1-4c4a-81a0-2e393d14c851,,,,,false,,image/jpeg,,false,,30d33680-54c6-45ac-895e-21e783e10681,,,,,animal,,,,,,,,,,,,,,,,,,,,
,CT10,SynologyDrive,10300023.JPG,CT10, 2024-10-30 18:41:58,5ab44e8c-db9b-444e-9314-a34ad4077756,,,,,false,,image/jpeg,,false,,3bf67896-0e7c-4acb-98c0-6ddc6e0eae4d,,,,,animal,,,,,,,,,,,,,,,,,,,,
,CT10,SynologyDrive,11060029.JPG,CT10, 2024-11-06 15:53:26,30ad8cc9-05f6-49a7-aa1b-e830015819a8,,,,,false,,image/jpeg,,false,,d8e077ce-b848-4163-8ff4-3a3835389a49,,,,,animal,,,,,,,,,,,,,,,,,,,,
,CT10,SynologyDrive,11060030.JPG,CT10, 2024-11-06 15:53:26,87ff1539-d3b2-4cd0-be0e-f0672f6ec798,,,,,false,,image/jpeg,,false,,ace2296e-8a91-451b-89c9-2406677f85b8,,,,,animal,,,,,,,,,,,,,,,,,,,,
,CT10,SynologyDrive,11060031.JPG,CT10, 2024-11-06 15:53:27,3c357e7d-fb22-4f87-96c5-0e134cfb9046,,,,,false,,image/jpeg,,false,,b93b6e6a-20e3-4055-9532-9d48400033c8,,,,,animal,,,,,,,,,,,,,,,,,,,,
,CT10,SynologyDrive,11080033.JPG,CT10, 2024-11-08 11:24:25,f1bbe3e0-c973-49ca-ae3f-90ba8872ff6f,,,,,false,,image/jpeg,,false,,b0aedc2a-78c7-4b0f-950f-b066b37173eb,,,,,animal,,,,,,,,,,,,,,,,,,,,
,CT10,SynologyDrive,11080034.JPG,CT10, 2024-11-08 11:24:26,b5373944-abe4-4d2f-ba0d-f9b153fabd9f,,,,,false,,image/jpeg,,false,,7b46f902-8556-4146-b410-d882a5c5e2f6,,,,,animal,,,,,,,,,,,,,,,,,,,,
,CT10,SynologyDrive,11080035.JPG,CT10, 2024-11-08 11:24:27,55d54016-c6e8-41d4-a2dc-7b0e3e951607,,,,,false,,image/jpeg,,false,,b6773d00-103b-4af4-ad19-4b48374868ce,,,,,animal,,,,,,,,,,,,,,,,,,,,
,CT10,SynologyDrive,11140037.JPG,CT10, 2024-11-14 20:51:50,31452c33-e0fb-4761-9cfa-9e683a546037,,,,,false,,image/jpeg,,false,,ca41ca3a-0c4f-4a90-a96e-552ac5056222,,,,,animal,,,,,,,,,,,,,,,,,,,,
,CT10,SynologyDrive,11190041.JPG,CT10, 2024-11-19 08:19:04,479fc3a7-ede8-426b-92e4-2a45f11ea895,,,,,false,,image/jpeg,,false,,27d84f79-396a-42c5-b14f-9044bb4a2839,,,,,animal,,,,,,,,,,,,,,,,,,,,
,CT10,SynologyDrive,11190042.JPG,CT10, 2024-11-19 08:19:05,abe7b4e6-f079-44ca-8261-90b685bc4208,,,,,false,,image/jpeg,,false,,bab780d4-ca29-434a-82ce-b67c011e9094,,,,,animal,,,,,,,,,,,,,,,,,,,,
,CT10,SynologyDrive,11190043.JPG,CT10, 2024-11-19 08:19:06,12c13532-dc2b-427f-8827-aae14785d541,,,,,false,,image/jpeg,,false,,e1e14f85-aac4-4c12-99e7-f52cefe06a4e,,,,,animal,,,,,,,,,,,,,,,,,,,,
,CT10,SynologyDrive,11190045.JPG,CT10, 2024-11-19 08:21:11,102e0d88-1bc0-44c6-984e-55b43bf6b588,,,,,false,,image/jpeg,,false,,6ef91721-19b4-45de-b066-27d7a03e9cb6,,,,,animal,,,,,,,,,,,,,,,,,,,,
,CT10,SynologyDrive,11190046.JPG,CT10, 2024-11-19 08:21:12,fda50d08-f704-4570-a220-470a1bae0287,,,,,false,,image/jpeg,,false,,0feef4e3-012d-496f-9f8b-bb3922ff39d6,,,,,animal,,,,,,,,,,,,,,,,,,,,
,CT10,SynologyDrive,11190047.JPG,CT10, 2024-11-19 08:21:13,a75aa7cf-969f-4130-8810-0c1823729845,,,,,false,,image/jpeg,,false,,15695e5c-39d1-4d09-a950-38e60a95b8e9,,,,,animal,,,,,,,,,,,,,,,,,,,,
,CT10,SynologyDrive,11190049.JPG,CT10, 2024-11-19 08:21:32,4b566df7-3e7b-4ee1-9336-99a882648138,,,,,false,,image/jpeg,,false,,22ee50da-4c40-45f2-9fc1-2797f340c93c,,,,,animal,,,,,,,,,,,,,,,,,,,,
,CT10,SynologyDrive,11190050.JPG,CT10, 2024-11-19 08:21:33,26991b09-ade4-4ac3-bc57-5fec34274c87,,,,,false,,image/jpeg,,false,,cf33f278-b03e-479b-a214-d131894386c0,,,,,animal,,,,,,,,,,,,,,,,,,,,
,CT10,SynologyDrive,11190051.JPG,CT10, 2024-11-19 08:21:34,db3ee382-3973-41c8-b2c7-65f7ae7322d5,,,,,false,,image/jpeg,,false,,90f7a364-c77a-451a-9cfb-6e239a0acc39,,,,,animal,,,,,,,,,,,,,,,,,,,,
,CT10,SynologyDrive,11190053.JPG,CT10, 2024-11-19 08:21:53,16f4db62-660a-4b19-9859-a2a1897f2eb1,,,,,false,,image/jpeg,,false,,9314eadb-0fac-4b6f-a0e3-be5296181275,,,,,animal,,,,,,,,,,,,,,,,,,,,
,CT10,SynologyDrive,11190054.JPG,CT10, 2024-11-19 08:21:54,9e7c5ae6-7949-42ab-b439-66dfd6cdf2c4,,,,,false,,image/jpeg,,false,,7275cbf9-b380-4d7b-a0b7-99d1e22bacc3,,,,,animal,,,,,,,,,,,,,,,,,,,,
,CT10,SynologyDrive,11190055.JPG,CT10, 2024-11-19 08:21:54,2d0585da-96a5-40a0-b83b-76792f9eb6f6,,,,,false,,image/jpeg,,false,,6ac26238-2a3a-4991-b072-f4e13af091b6,,,,,animal,,,,,,,,,,,,,,,,,,,,
,CT10,SynologyDrive,11190057.JPG,CT10, 2024-11-19 08:22:19,7c97a1e1-2686-4b64-97de-d881beb8740e,,,,,false,,image/jpeg,,false,,f696e2b3-5b7b-4f31-8840-4fcc3377251d,,,,,animal,,,,,,,,,,,,,,,,,,,,
,CT10,SynologyDrive,11190058.JPG,CT10, 2024-11-19 08:22:20,fddc7795-a594-4098-b0b7-76980ed19175,,,,,false,,image/jpeg,,false,,ed755b18-2db6-4a2d-891f-634941e8a0f2,,,,,animal,,,,,,,,,,,,,,,,,,,,
,CT10,SynologyDrive,11190059.JPG,CT10, 2024-11-19 08:22:20,bcc021fd-2050-454f-a38f-3e5eb6f6bccc,,,,,false,,image/jpeg,,false,,d1bcfd70-46ec-4cc0-a205-e5025e364892,,,,,animal,,,,,,,,,,,,,,,,,,,,
,CT10,SynologyDrive,11190061.JPG,CT10, 2024-11-19 08:22:41,9b10df9d-2a20-4c9c-8dad-5e1c77d9b70a,,,,,false,,image/jpeg,,false,,fd67540f-0043-470b-bedd-ea8b755ac2af,,,,,animal,,,,,,,,,,,,,,,,,,,,
,CT10,SynologyDrive,11190062.JPG,CT10, 2024-11-19 08:22:41,706eb5a6-f1ba-4a12-bcf7-48a1db9415f2,,,,,false,,image/jpeg,,false,,0d2ebf8d-1722-44e9-99b5-533893529c42,,,,,animal,,,,,,,,,,,,,,,,,,,,
,CT10,SynologyDrive,11190063.JPG,CT10, 2024-11-19 08:22:42,dfb8efc3-7133-443a-bfb6-7bfb84506c09,,,,,false,,image/jpeg,,false,,99c1027a-8821-4cef-a4e3-e9df5556369a,,,,,animal,,,,,,,,,,,,,,,,,,,,
,CT10,SynologyDrive,11190065.JPG,CT10, 2024-11-19 08:23:02,ca070677-12ee-4762-8d0a-413b36f3b498,,,,,false,,image/jpeg,,false,,13bca490-88c2-4fe1-b0e3-2d5106fde32d,,,,,animal,,,,,,,,,,,,,,,,,,,,
,CT10,SynologyDrive,11190066.JPG,CT10, 2024-11-19 08:23:02,03c89a57-b220-42bc-86c2-83510db35876,,,,,false,,image/jpeg,,false,,09b33f9d-3b59-432b-9761-f0411bce631e,,,,,animal,,,,,,,,,,,,,,,,,,,,
,CT10,SynologyDrive,11190067.JPG,CT10, 2024-11-19 08:23:03,fdabd003-3962-424f-a466-6b035e2f83c2,,,,,false,,image/jpeg,,false,,570d00d0-b684-4e12-ad18-8dd909d8dad1,,,,,animal,,,,,,,,,,,,,,,,,,,,
,CT10,SynologyDrive,11190069.JPG,CT10, 2024-11-19 08:23:22,27c68fd9-537f-489e-9100-fef526b1e779,,,,,false,,image/jpeg,,false,,3bc43f5c-df7c-4b2c-a22a-9ae4aa43384a,,,,,animal,,,,,,,,,,,,,,,,,,,,
,CT10,SynologyDrive,11190070.JPG,CT10, 2024-11-19 08:23:23,12924304-3d30-4307-a8ac-a6319063f90d,,,,,false,,image/jpeg,,false,,4ad6c971-4acf-4161-9104-58eb2d70acd5,,,,,animal,,,,,,,,,,,,,,,,,,,,
,CT10,SynologyDrive,11190071.JPG,CT10, 2024-11-19 08:23:24,2b77c9bb-9aa5-4a5a-8f53-996f6ededb81,,,,,false,,image/jpeg,,false,,b7ba1df7-3e9b-432a-87f1-1a757dd8cf0f,,,,,animal,,,,,,,,,,,,,,,,,,,,
,CT10,SynologyDrive,11190073.JPG,CT10, 2024-11-19 08:24:06,aa4274a2-359f-4df3-a2e0-5ba47059a3fd,,,,,false,,image/jpeg,,false,,e08af46c-2846-4a61-ba5f-936eae726273,,,,,animal,,,,,,,,,,,,,,,,,,,,
,CT10,SynologyDrive,11190074.JPG,CT10, 2024-11-19 08:24:07,60bb9716-5a3f-4d87-b829-632029799604,,,,,false,,image/jpeg,,false,,5e8f2fb6-1cce-4c86-a5bf-ff3683d89ccb,,,,,animal,,,,,,,,,,,,,,,,,,,,
,CT10,SynologyDrive,11190075.JPG,CT10, 2024-11-19 08:24:08,d5ca870c-071d-4793-bc57-828d6be39ffa,,,,,false,,image/jpeg,,false,,9a6d3234-2bd9-4955-8143-c2cae71e6aec,,,,,animal,,,,,,,,,,,,,,,,,,,,
,CT10,SynologyDrive,11190077.JPG,CT10, 2024-11-19 08:24:28,865cbb78-9d04-4e91-9dd2-a7fb565c9544,,,,,false,,image/jpeg,,false,,36d8d48a-a59b-4ae7-a26c-c45fbc86cd4e,,,,,animal,,,,,,,,,,,,,,,,,,,,
,CT10,SynologyDrive,11190078.JPG,CT10, 2024-11-19 08:24:29,6e7db723-a62c-40e9-8264-8087c9a2bdc0,,,,,false,,image/jpeg,,false,,c1dec108-21ed-4a68-965a-9f16eed10e28,,,,,animal,,,,,,,,,,,,,,,,,,,,
,CT10,SynologyDrive,11190079.JPG,CT10, 2024-11-19 08:24:30,0bc2d23f-a2d3-4bfc-9191-3de8dc14357a,,,,,false,,image/jpeg,,false,,94de3636-0148-4d3c-91f5-de0efe7340c5,,,,,animal,,,,,,,,,,,,,,,,,,,,
,CT10,SynologyDrive,11220081.JPG,CT10, 2024-11-22 04:04:22,9bed9c2d-8e19-4cd4-8185-8815b4a6293b,,,,,false,,image/jpeg,,false,,1fdf5539-64e0-4dff-b624-fe070b032f0a,,,,,animal,,,,,,,,,,,,,,,,,,,,
,CT10,SynologyDrive,11230085.JPG,CT10, 2024-11-23 13:46:12,43c92c45-1e4d-4fa7-afd2-7d7c83d96c14,,,,,false,,image/jpeg,,false,,6e5b9008-a451-4d0d-aff9-c148dd34ac3b,,,,,animal,,,,,,,,,,,,,,,,,,,,
,CT10,SynologyDrive,11270089.JPG,CT10, 2024-11-27 22:04:42,46047020-b58e-4150-a6dd-bc25ce635859,,,,,false,,image/jpeg,,false,,a7418f1c-37e9-4aba-91d6-e959c892cc3c,,,,,animal,,,,,,,,,,,,,,,,,,,,
,CT10,SynologyDrive,11270090.JPG,CT10, 2024-11-27 22:04:43,e5a9c3c3-e81f-49bb-8d4a-741903968d0a,,,,,false,,image/jpeg,,false,,5e2cd876-b0b5-4455-90cd-5872facc345c,,,,,animal,,,,,,,,,,,,,,,,,,,,
,CT10,SynologyDrive,11280093.JPG,CT10, 2024-11-28 05:56:05,3057399a-eac1-444c-a4a4-83422f5dff24,,,,,false,,image/jpeg,,false,,4cd83ff0-bd84-4130-bbee-37f38c6482da,,,,,animal,,,,,,,,,,,,,,,,,,,,
,CT10,SynologyDrive,11280094.JPG,CT10, 2024-11-28 05:56:06,b020816d-75c3-4ec4-9946-a866b080335e,,,,,false,,image/jpeg,,false,,b2b19e7d-e25e-48f1-b326-23a2eb31f7a2,,,,,animal,,,,,,,,,,,,,,,,,,,,
,CT10,SynologyDrive,11280095.JPG,CT10, 2024-11-28 05:56:07,37d9725c-30d6-4c4a-bc7d-d26abad89d9d,,,,,false,,image/jpeg,,false,,b7323743-238e-42c9-9031-a15295a464c5,,,,,animal,,,,,,,,,,,,,,,,,,,,
,CT10,SynologyDrive,11300097.JPG,CT10, 2024-11-30 05:50:57,ce3132e6-da27-44aa-91d9-ef6d8c8ff41d,,,,,false,,image/jpeg,,false,,d112a132-eb2a-4b82-a075-58658ecf9601,,,,,animal,,,,,,,,,,,,,,,,,,,,
,CT10,SynologyDrive,11300098.JPG,CT10, 2024-11-30 05:50:57,0fc881d6-ba33-49d8-88e8-b2e438b37045,,,,,false,,image/jpeg,,false,,1af4c57f-2f5c-4cde-bb09-06438891b39b,,,,,animal,,,,,,,,,,,,,,,,,,,,
,CT10,SynologyDrive,11300099.JPG,CT10, 2024-11-30 05:50:58,4764292b-f7a9-43bb-94d1-7ce5da7912ce,,,,,false,,image/jpeg,,false,,17fbf7be-4719-4cda-b0b5-3d3940545165,,,,,animal,,,,,,,,,,,,,,,,,,,,
,CT10,SynologyDrive,12030101.JPG,CT10, 2024-12-03 01:59:26,14d43300-b89a-4cee-a4ff-06684cf41804,,,,,false,,image/jpeg,,false,,72cea378-98f8-4c38-85f5-707f60676aa0,,,,,animal,,,,,,,,,,,,,,,,,,,,
,CT10,SynologyDrive,12030102.JPG,CT10, 2024-12-03 01:59:27,a148a0b4-8411-49ca-a868-0ce0b4f5eeca,,,,,false,,image/jpeg,,false,,a95cbf80-fb00-465f-abf6-32dcbc40f0d8,,,,,animal,,,,,,,,,,,,,,,,,,,,
,CT10,SynologyDrive,12030105.JPG,CT10, 2024-12-03 05:54:17,39085a8a-43e1-4a5d-99dc-93a4820e4056,,,,,false,,image/jpeg,,false,,98d0c545-0839-414c-bed6-2f7850cee867,,,,,animal,,,,,,,,,,,,,,,,,,,,
,CT10,SynologyDrive,12030106.JPG,CT10, 2024-12-03 05:54:17,6cb14324-e39d-427d-9c0d-a1a97b52ec5c,,,,,false,,image/jpeg,,false,,cf42d2b9-adaa-4120-b7ec-afd4edf01d16,,,,,animal,,,,,,,,,,,,,,,,,,,,
,CT10,SynologyDrive,12030107.JPG,CT10, 2024-12-03 05:54:18,392d1c9b-1353-4236-8c17-5f7fe61299bb,,,,,false,,image/jpeg,,false,,6c0ac79c-196b-4abd-96dc-7a81fa315dc3,,,,,animal,,,,,,,,,,,,,,,,,,,,
,CT10,SynologyDrive,12040109.JPG,CT10, 2024-12-04 05:58:41,1623f539-91a3-42ec-91da-7d9f30769397,,,,,false,,image/jpeg,,false,,0048207c-22c4-4ca7-b64c-5dcc62d2d7fd,,,,,animal,,,,,,,,,,,,,,,,,,,,
,CT10,SynologyDrive,12040110.JPG,CT10, 2024-12-04 05:58:41,9f2ac424-f067-4448-85df-278e2e28f480,,,,,false,,image/jpeg,,false,,eb2a481d-e122-4a27-91fe-e809995ce8a1,,,,,animal,,,,,,,,,,,,,,,,,,,,
,CT10,SynologyDrive,12040111.JPG,CT10, 2024-12-04 05:58:42,91d1a715-4d2e-45e6-8a24-6170c3e2ade7,,,,,false,,image/jpeg,,false,,9a731da5-7324-4da7-b4a9-dc68abcc5259,,,,,animal,,,,,,,,,,,,,,,,,,,,
,CT10,SynologyDrive,12060113.JPG,CT10, 2024-12-06 21:37:47,c50fbc4f-1e85-48fd-8bcd-22d3cc1fb311,,,,,false,,image/jpeg,,false,,df085677-7747-4b12-ab71-82c159a03e47,,,,,animal,,,,,,,,,,,,,,,,,,,,
,CT10,SynologyDrive,12060117.JPG,CT10, 2024-12-06 23:59:12,9a9bd2d0-a185-4aeb-baa2-d7c59ad21f36,,,,,false,,image/jpeg,,false,,130a2b3e-c7de-422a-aa97-f3b772b3b553,,,,,animal,,,,,,,,,,,,,,,,,,,,
,CT10,SynologyDrive,12060118.JPG,CT10, 2024-12-06 23:59:12,04c0123e-0fde-43c5-9ca5-e4adba42b853,,,,,false,,image/jpeg,,false,,43b34cd4-deaa-4f41-9ca7-3d8ad82de141,,,,,animal,,,,,,,,,,,,,,,,,,,,
,CT10,SynologyDrive,12070121.JPG,CT10, 2024-12-07 08:01:42,22baab19-3ecd-49f3-a0a6-1ab8547580eb,,,,,false,,image/jpeg,,false,,e77c7dec-83e3-42a1-a3e5-ce722fab6632,,,,,animal,,,,,,,,,,,,,,,,,,,,
,CT10,SynologyDrive,12070122.JPG,CT10, 2024-12-07 08:01:42,61dd1e53-4048-4c0b-acee-d22988ccad49,,,,,false,,image/jpeg,,false,,5eb3ea50-8ef9-429e-88f8-74c74641fc81,,,,,animal,,,,,,,,,,,,,,,,,,,,
,CT10,SynologyDrive,12070123.JPG,CT10, 2024-12-07 08:01:43,6c8efdcc-6573-4cf0-849d-647295357221,,,,,false,,image/jpeg,,false,,cb4e79e6-0806-4a7c-8181-3040010239c5,,,,,animal,,,,,,,,,,,,,,,,,,,,
,CT10,SynologyDrive,12100125.JPG,CT10, 2024-12-10 05:50:07,d27fca24-0436-4470-bb2b-5c3e94550b23,,,,,false,,image/jpeg,,false,,87af33df-748d-4c0d-824e-bad435b25aa8,,,,,animal,,,,,,,,,,,,,,,,,,,,
,CT10,SynologyDrive,12100126.JPG,CT10, 2024-12-10 05:50:07,e4eb2861-5539-49f2-ba26-7f7559c1c962,,,,,false,,image/jpeg,,false,,7108670c-e7a1-425a-80a9-e60f6397a347,,,,,animal,,,,,,,,,,,,,,,,,,,,
,CT10,SynologyDrive,12100127.JPG,CT10, 2024-12-10 05:50:08,7d76133b-4350-4793-91a6-32b43e6bee95,,,,,false,,image/jpeg,,false,,4f829416-a644-40cc-9caf-609bafed64c2,,,,,animal,,,,,,,,,,,,,,,,,,,,
,CT10,SynologyDrive,12130129.JPG,CT10, 2024-12-13 05:50:16,4cd3797a-f29e-4493-b802-b5d3e475a5f7,,,,,false,,image/jpeg,,false,,d01fa16a-2b78-4d3e-a4c7-721934e4be98,,,,,animal,,,,,,,,,,,,,,,,,,,,
,CT10,SynologyDrive,12130130.JPG,CT10, 2024-12-13 05:50:17,21100591-a3f4-4ef7-b2a4-5693ecd33104,,,,,false,,image/jpeg,,false,,a6566f97-35ed-408e-b309-9845334436f5,,,,,animal,,,,,,,,,,,,,,,,,,,,
,CT10,SynologyDrive,12130131.JPG,CT10, 2024-12-13 05:50:17,dbe9e73a-66a1-4118-9b39-2f34bb14f1c9,,,,,false,,image/jpeg,,false,,1d271a88-17ca-4493-a9ba-d737650248c4,,,,,animal,,,,,,,,,,,,,,,,,,,,
,CT10,SynologyDrive,12140133.JPG,CT10, 2024-12-14 12:23:11,bf4608eb-19fd-4d2a-a0c5-e6cda424acc0,,,,,false,,image/jpeg,,false,,4319f63e-c7bd-4898-a01f-e923a2fa4ef6,,,,,animal,,,,,,,,,,,,,,,,,,,,
,CT10,SynologyDrive,12140134.JPG,CT10, 2024-12-14 12:23:12,b0857faf-d456-477d-9d48-23d8c9b21778,,,,,false,,image/jpeg,,false,,a6dd54f0-e586-479b-8737-186e435e2617,,,,,animal,,,,,,,,,,,,,,,,,,,,
,CT10,SynologyDrive,12140135.JPG,CT10, 2024-12-14 12:23:13,a4435085-d079-46b7-9d7b-d4ae5fc7960d,,,,,false,,image/jpeg,,false,,305c247c-2f2d-4ac3-9606-14ad6272525d,,,,,animal,,,,,,,,,,,,,,,,,,,,
,CT10,SynologyDrive,12150137.JPG,CT10, 2024-12-15 05:58:02,a8566f76-da6d-4cf7-9fc7-13786a27d0fc,,,,,false,,image/jpeg,,false,,743b4d8d-64a4-4aa9-8fc4-1d0b82f07b42,,,,,animal,,,,,,,,,,,,,,,,,,,,
,CT10,SynologyDrive,12150138.JPG,CT10, 2024-12-15 05:58:02,cedcdd4c-4435-4e29-8ef6-626f68a333cc,,,,,false,,image/jpeg,,false,,ecaa23be-d07c-41a8-b021-af1d1831c6c9,,,,,animal,,,,,,,,,,,,,,,,,,,,
,CT10,SynologyDrive,12150139.JPG,CT10, 2024-12-15 05:58:03,5f86bf95-33d4-4709-aab5-65180038b3e1,,,,,false,,image/jpeg,,false,,4b449ed9-beb4-4a0c-bbf0-53716aef2d3e,,,,,animal,,,,,,,,,,,,,,,,,,,,
,CT10,SynologyDrive,12240141.JPG,CT10, 2024-12-24 02:14:10,69a902c5-f8d1-4d21-8650-35c178da99e8,,,,,false,,image/jpeg,,false,,1e18f974-1f94-46bc-9d08-3fc5f5f8af70,,,,,animal,,,,,,,,,,,,,,,,,,,,
,CT10,SynologyDrive,12240142.JPG,CT10, 2024-12-24 02:14:11,0ab5180f-52a6-48e0-af8b-191ced0f88fc,,,,,false,,image/jpeg,,false,,95beef4e-b89b-4f63-9804-f0a466ef9da9,,,,,animal,,,,,,,,,,,,,,,,,,,,
,CT10,SynologyDrive,12240143.JPG,CT10, 2024-12-24 02:14:12,00e983a7-3975-4400-ac54-eb0390bac70d,,,,,false,,image/jpeg,,false,,5b014d39-95e2-4061-aae8-7cdd1eea2b9c,,,,,animal,,,,,,,,,,,,,,,,,,,,
,CT10,SynologyDrive,12250145.JPG,CT10, 2024-12-25 00:42:50,1ad4b223-6a2d-4a9e-adf8-f7efd3265893,,,,,false,,image/jpeg,,false,,6d3a099a-d4a3-40b7-adae-af2a21b68ca0,,,,,animal,,,,,,,,,,,,,,,,,,,,
,CT10,SynologyDrive,12250146.JPG,CT10, 2024-12-25 00:42:51,d8397d83-bbab-44ae-b09f-e57441844b5a,,,,,false,,image/jpeg,,false,,6c96a81d-5e6a-44d9-9650-6aa1ea49c030,,,,,animal,,,,,,,,,,,,,,,,,,,,
,CT10,SynologyDrive,12250147.JPG,CT10, 2024-12-25 00:42:51,c2eb7c98-348a-464a-9996-d53ce4aa50b7,,,,,false,,image/jpeg,,false,,b5875228-e9b8-4cda-8711-2134539ee4ee,,,,,animal,,,,,,,,,,,,,,,,,,,,
,CT10,SynologyDrive,12250149.JPG,CT10, 2024-12-25 05:57:42,47c0a6b8-9fba-415f-a6a0-0945e54039ec,,,,,false,,image/jpeg,,false,,a06d5994-9ee6-4fde-8bd9-84d3b4861204,,,,,animal,,,,,,,,,,,,,,,,,,,,
,CT10,SynologyDrive,12250150.JPG,CT10, 2024-12-25 05:57:43,80628e6d-278d-4b96-9045-6c78153afe89,,,,,false,,image/jpeg,,false,,0bfdaf97-fd5d-41ad-92bb-5653d4619e5d,,,,,animal,,,,,,,,,,,,,,,,,,,,
,CT10,SynologyDrive,12250151.JPG,CT10, 2024-12-25 05:57:43,6cab6d36-d478-4566-ae7b-15d78e01a919,,,,,false,,image/jpeg,,false,,8a54205b-faf4-4eb3-9061-c8c5b9c01e28,,,,,animal,,,,,,,,,,,,,,,,,,,,
,CT10,SynologyDrive,12250153.JPG,CT10, 2024-12-25 23:31:11,188ccebf-daef-4b5a-a47b-b02791a914d0,,,,,false,,image/jpeg,,false,,c6f8e310-7942-4e94-9eb9-34f1343ac60f,,,,,animal,,,,,,,,,,,,,,,,,,,,
,CT10,SynologyDrive,12250154.JPG,CT10, 2024-12-25 23:31:12,97505d73-10d5-4db1-9115-dccfd59e8f69,,,,,false,,image/jpeg,,false,,8c4f9294-010f-4aeb-8673-6393be8b0707,,,,,animal,,,,,,,,,,,,,,,,,,,,
,CT10,SynologyDrive,12250155.JPG,CT10, 2024-12-25 23:31:13,88284f95-5388-4270-bcfb-a2ce00abe324,,,,,false,,image/jpeg,,false,,d22b62a2-5d30-483e-90d6-f4cdf581fbb2,,,,,animal,,,,,,,,,,,,,,,,,,,,
,CT10,SynologyDrive,12300169.JPG,CT10, 2024-12-30 15:53:53,5e2f065b-7276-45f3-a780-4e45a9900adc,,,,,false,,image/jpeg,,false,,aec7bce9-0bd0-440b-b758-db7895369922,,,,,animal,,,,,,,,,,,,,,,,,,,,
,CT10,SynologyDrive,12300170.JPG,CT10, 2024-12-30 15:53:54,ed5822d4-66be-4d6b-bbad-cea1338f8525,,,,,false,,image/jpeg,,false,,36b1323a-430b-4551-81a7-e02e285754c4,,,,,animal,,,,,,,,,,,,,,,,,,,,
,CT10,SynologyDrive,12300171.JPG,CT10, 2024-12-30 15:53:55,0d2aaaa7-e6a8-45cd-89f4-537df10ccc0e,,,,,false,,image/jpeg,,false,,ba1565dc-d571-4e5e-9b9a-e3daa5ec1a25,,,,,animal,,,,,,,,,,,,,,,,,,,,
,CT10,SynologyDrive,01010173.JPG,CT10, 2025-01-01 21:44:22,10e91e6a-dd5d-4f98-bf76-7e6e18404cba,,,,,false,,image/jpeg,,false,,832d220a-d3cb-47d4-967f-ae9e18b2142b,,,,,animal,,,,,,,,,,,,,,,,,,,,
,CT10,SynologyDrive,01010174.JPG,CT10, 2025-01-01 21:44:23,c80291cd-a6f8-4b64-9495-82d7fe8ad4fd,,,,,false,,image/jpeg,,false,,9de1459c-353a-4acf-9482-de196ce7a8e3,,,,,animal,,,,,,,,,,,,,,,,,,,,
,CT10,SynologyDrive,01030177.JPG,CT10, 2025-01-03 05:01:38,2ff08061-087e-4e16-9dfa-2e4e0a233df9,,,,,false,,image/jpeg,,false,,6c01e399-7da1-4ea8-9295-bc18af7e7e09,,,,,animal,,,,,,,,,,,,,,,,,,,,
,CT10,SynologyDrive,01030178.JPG,CT10, 2025-01-03 05:01:39,4a90d7c9-e34f-46ca-a1d6-61ae7e6aa74a,,,,,false,,image/jpeg,,false,,29dd272b-7437-437d-9687-0ddd70890d72,,,,,animal,,,,,,,,,,,,,,,,,,,,
,CT10,SynologyDrive,01090181.JPG,CT10, 2025-01-09 05:21:35,86470240-45da-4952-9dda-586ead2210a0,,,,,false,,image/jpeg,,false,,2cc9356a-e1ee-43d1-b39a-240c27625a73,,,,,animal,,,,,,,,,,,,,,,,,,,,
,CT10,SynologyDrive,01090182.JPG,CT10, 2025-01-09 05:21:35,ba7c23c7-64cc-4163-a397-da039046d925,,,,,false,,image/jpeg,,false,,d0354041-a235-4c5d-96eb-ee537a2dbb32,,,,,animal,,,,,,,,,,,,,,,,,,,,
,CT10,SynologyDrive,01120193.JPG,CT10, 2025-01-12 22:27:02,f326444b-a089-4a62-9b8f-a3ac5ce391a0,,,,,false,,image/jpeg,,false,,941fa851-4044-4213-9d9d-372071c6689a,,,,,animal,,,,,,,,,,,,,,,,,,,,
,CT10,SynologyDrive,01120194.JPG,CT10, 2025-01-12 22:27:02,b5b59a41-74fd-49d9-930e-886e1f2c9ab9,,,,,false,,image/jpeg,,false,,2268287e-488b-42a4-a86d-902d9b6bf0d9,,,,,animal,,,,,,,,,,,,,,,,,,,,
,CT10,SynologyDrive,01180205.JPG,CT10, 2025-01-18 01:36:56,d4578b3b-26c8-4145-8d2b-cc940358e956,,,,,false,,image/jpeg,,false,,e522193a-a375-4134-9d35-929dbe1b5819,,,,,animal,,,,,,,,,,,,,,,,,,,,
,CT10,SynologyDrive,01180206.JPG,CT10, 2025-01-18 01:36:57,69b88840-79ac-454a-be71-efa213f919a7,,,,,false,,image/jpeg,,false,,5f380cd2-9628-4ad2-8436-e08804106c06,,,,,animal,,,,,,,,,,,,,,,,,,,,
,CT10,SynologyDrive,01180207.JPG,CT10, 2025-01-18 01:36:58,dfe36254-fa5f-45ee-985c-dd45ac66d39a,,,,,false,,image/jpeg,,false,,f6b17b79-59d3-4878-b474-61c0e84af13a,,,,,animal,,,,,,,,,,,,,,,,,,,,
,CT10,SynologyDrive,01280225.JPG,CT10, 2025-01-28 06:34:34,019a1153-8fd2-4de0-9658-f51e8f3e308d,,,,,false,,image/jpeg,,false,,580ac1a2-6a38-42c6-8ac3-f3feace29815,,,,,animal,,,,,,,,,,,,,,,,,,,,
,CT10,SynologyDrive,01280226.JPG,CT10, 2025-01-28 06:34:35,c76cb8f0-5f1e-4d7b-9ed4-846a30a67aae,,,,,false,,image/jpeg,,false,,385409e4-2965-43a7-9a42-7e0539f0c761,,,,,animal,,,,,,,,,,,,,,,,,,,,
,CT10,SynologyDrive,01280227.JPG,CT10, 2025-01-28 06:34:36,931db1a9-09de-4310-a9cb-5a1695afeb06,,,,,false,,image/jpeg,,false,,2d0edef8-8804-4e13-a610-398bc8e9cc81,,,,,animal,,,,,,,,,,,,,,,,,,,,
,CT10,SynologyDrive,01280237.JPG,CT10, 2025-01-28 19:36:26,800a4828-92d6-4d83-b6d7-754db2119b41,,,,,false,,image/jpeg,,false,,221118ab-34a6-4dfb-8bc9-b36bbc29a048,,,,,animal,,,,,,,,,,,,,,,,,,,,
,CT10,SynologyDrive,01280238.JPG,CT10, 2025-01-28 19:36:27,6428ffcb-c128-4c5b-9afe-c25f5633d17c,,,,,false,,image/jpeg,,false,,33e694b4-caa5-4282-a411-308f6af449cd,,,,,animal,,,,,,,,,,,,,,,,,,,,
,CT10,SynologyDrive,01280239.JPG,CT10, 2025-01-28 19:36:28,a03290df-fa85-408e-97d3-54c375f2fdee,,,,,false,,image/jpeg,,false,,ce8e6a72-e627-4daf-800d-6a72ef574d29,,,,,animal,,,,,,,,,,,,,,,,,,,,
,CT10,SynologyDrive,01290241.JPG,CT10, 2025-01-29 03:51:32,39cd481a-94af-4b5d-93cb-6cbbf55196ae,,,,,false,,image/jpeg,,false,,97ef3754-e84d-48ee-bcf0-8fd465deb69e,,,,,animal,,,,,,,,,,,,,,,,,,,,
,CT10,SynologyDrive,01290242.JPG,CT10, 2025-01-29 03:51:33,62a7f73f-f9b6-4dd8-936e-4c642f1ab952,,,,,false,,image/jpeg,,false,,ab0d654f-c636-4524-b8b5-ac665d9fa0f1,,,,,animal,,,,,,,,,,,,,,,,,,,,
,CT10,SynologyDrive,02010245.JPG,CT10, 2025-02-01 06:35:58,5064a547-13db-4104-947b-91fb725b27c5,,,,,false,,image/jpeg,,false,,5f886491-b059-4082-a05b-4c05b70ee731,,,,,animal,,,,,,,,,,,,,,,,,,,,
,CT10,SynologyDrive,02010246.JPG,CT10, 2025-02-01 06:35:58,4d0091c5-778c-4556-a843-a880f59d2262,,,,,false,,image/jpeg,,false,,248d43fe-3f73-431e-8ea6-dead201c17f9,,,,,animal,,,,,,,,,,,,,,,,,,,,
,CT10,SynologyDrive,02010247.JPG,CT10, 2025-02-01 06:35:59,c3c529dd-263e-4363-bbbc-89ec9f0d0de2,,,,,false,,image/jpeg,,false,,dc03fdf2-7c10-4abc-bd97-573f6066c2bc,,,,,animal,,,,,,,,,,,,,,,,,,,,
,CT10,SynologyDrive,02100249.JPG,CT10, 2025-02-10 20:54:21,df3fbf1c-8117-4260-8327-d8df420cce59,,,,,false,,image/jpeg,,false,,0f010ef6-2e6f-416b-8913-7592e3203dc4,,,,,animal,,,,,,,,,,,,,,,,,,,,
,CT10,SynologyDrive,02100250.JPG,CT10, 2025-02-10 20:54:22,895e7ff1-95bb-4707-92fb-286f7a4704c8,,,,,false,,image/jpeg,,false,,0affbdf3-f60d-4cbf-91e3-9c472b9a21c2,,,,,animal,,,,,,,,,,,,,,,,,,,,
,CT10,SynologyDrive,02100251.JPG,CT10, 2025-02-10 20:54:23,1ab99eb0-f8f9-4e4b-acbe-dc75bc54da6f,,,,,false,,image/jpeg,,false,,1dfc65d4-1241-4e96-ac06-699a94bef4ba,,,,,animal,,,,,,,,,,,,,,,,,,,,
,CT10,SynologyDrive,02170253.JPG,CT10, 2025-02-17 03:33:37,c3b4ef04-2b53-4645-a726-59040d4108d3,,,,,false,,image/jpeg,,false,,2b203048-900f-480c-9774-e4eb872f9014,,,,,animal,,,,,,,,,,,,,,,,,,,,
,CT10,SynologyDrive,02170254.JPG,CT10, 2025-02-17 03:33:38,64ec006a-991c-4c05-942a-3f5ab475edc3,,,,,false,,image/jpeg,,false,,41c5b124-1251-4682-8ffe-6084d38d0824,,,,,animal,,,,,,,,,,,,,,,,,,,,
,CT10,SynologyDrive,02170255.JPG,CT10, 2025-02-17 03:33:38,595905be-f691-400a-a5f8-13bf218f59b8,,,,,false,,image/jpeg,,false,,41bcf54a-8f40-408f-8984-01c2630cbb33,,,,,animal,,,,,,,,,,,,,,,,,,,,
,CT10,SynologyDrive,02240257.JPG,CT10, 2025-02-24 00:57:07,89554593-32bd-448f-8163-3c4b60aac50e,,,,,false,,image/jpeg,,false,,995290a5-972f-4b1b-96cb-36c402629852,,,,,animal,,,,,,,,,,,,,,,,,,,,
,CT10,SynologyDrive,02240258.JPG,CT10, 2025-02-24 00:57:08,5b23efdb-c60a-4de8-bceb-f2ad58383704,,,,,false,,image/jpeg,,false,,e6ab15f6-429b-49ed-ba9d-c6399598bad6,,,,,animal,,,,,,,,,,,,,,,,,,,,
,CT10,SynologyDrive,02240261.JPG,CT10, 2025-02-24 07:05:08,b386d48c-2c9d-44f1-87a6-3b96f676c859,,,,,false,,image/jpeg,,false,,96bb5462-9124-4c7f-b305-229d28b0d018,,,,,animal,,,,,,,,,,,,,,,,,,,,
,CT10,SynologyDrive,02240262.JPG,CT10, 2025-02-24 07:05:09,b43c0c10-27d5-4cdc-82aa-1dd201f7f49e,,,,,false,,image/jpeg,,false,,a04708b9-9112-4b60-afe4-1967a6fbf434,,,,,animal,,,,,,,,,,,,,,,,,,,,
,CT10,SynologyDrive,02240263.JPG,CT10, 2025-02-24 07:05:09,0a12985f-97f4-4b5a-b9b4-3dbf211dacf8,,,,,false,,image/jpeg,,false,,5d418265-f5e7-4651-ac48-20e08a7dfe97,,,,,animal,,,,,,,,,,,,,,,,,,,,
,CT10,SynologyDrive,02250265.JPG,CT10, 2025-02-25 17:20:26,04099c9e-fac9-49dc-97bc-0b61f4a2e4b6,,,,,false,,image/jpeg,,false,,6b0ab225-7173-4fad-9fbf-e7118bfc61dd,,,,,animal,,,,,,,,,,,,,,,,,,,,
,CT10,SynologyDrive,02250266.JPG,CT10, 2025-02-25 17:20:26,e5c29834-e5dd-4eaa-aadf-985d08fcc412,,,,,false,,image/jpeg,,false,,8ccb7457-2304-46ca-94e1-487ce12b6260,,,,,animal,,,,,,,,,,,,,,,,,,,,
,CT10,SynologyDrive,02250267.JPG,CT10, 2025-02-25 17:20:27,8a4e139d-c88e-4fe1-89d5-bc4ace6a7962,,,,,false,,image/jpeg,,false,,50063600-9118-4ea5-a565-48f101a67dff,,,,,animal,,,,,,,,,,,,,,,,,,,,
,CT10,SynologyDrive,02250269.JPG,CT10, 2025-02-25 17:31:16,728ee69c-12e1-4565-8cf1-ffd0c1e21a87,,,,,false,,image/jpeg,,false,,6ebf76fe-e037-46ab-be34-32b80e00494b,,,,,animal,,,,,,,,,,,,,,,,,,,,
,CT10,SynologyDrive,02250270.JPG,CT10, 2025-02-25 17:31:17,40fb41bc-4b1f-4c77-83ae-f3e26a96767a,,,,,false,,image/jpeg,,false,,cd5037c8-3be6-47e5-b0c1-1300fa5fc9a3,,,,,animal,,,,,,,,,,,,,,,,,,,,
,CT10,SynologyDrive,02250271.JPG,CT10, 2025-02-25 17:31:18,b8d91350-8b07-4f4a-8491-3bc449019b1c,,,,,false,,image/jpeg,,false,,058feade-0dcb-4087-8676-62e5d7124940,,,,,animal,,,,,,,,,,,,,,,,,,,,
,CT10,SynologyDrive,03090273.JPG,CT10, 2025-03-09 20:16:26,1efea548-2353-4061-95d0-ac6cb6875093,,,,,false,,image/jpeg,,false,,7339b0d2-2f3a-4a3f-90f6-1aaa48a08f82,,,,,animal,,,,,,,,,,,,,,,,,,,,
,CT10,SynologyDrive,03090274.JPG,CT10, 2025-03-09 20:16:27,5ac4281a-be10-45bd-9575-73d0d0fb50e3,,,,,false,,image/jpeg,,false,,4c50658c-e86f-4f3d-9174-44b2695fe8d5,,,,,animal,,,,,,,,,,,,,,,,,,,,
,CT10,SynologyDrive,03090275.JPG,CT10, 2025-03-09 20:16:28,f5834ed7-80ff-4875-95ad-2655f98ab4c1,,,,,false,,image/jpeg,,false,,044e37a7-392c-4e56-b543-3250a95f627d,,,,,animal,,,,,,,,,,,,,,,,,,,,
,CT10,SynologyDrive,03110277.JPG,CT10, 2025-03-11 06:39:34,6f5504a1-37c7-4609-aab6-5f730ed6f074,,,,,false,,image/jpeg,,false,,6c487320-3abf-4263-9ee0-b4be3255305a,,,,,animal,,,,,,,,,,,,,,,,,,,,
,CT10,SynologyDrive,03110278.JPG,CT10, 2025-03-11 06:39:35,4d9419a7-6c6f-44d6-9149-6f0823c135b6,,,,,false,,image/jpeg,,false,,ad851bda-720a-4aaf-b69f-90930fdf8b1a,,,,,animal,,,,,,,,,,,,,,,,,,,,
,CT10,SynologyDrive,03200281.JPG,CT10, 2025-03-20 05:07:04,b65ea806-813c-4250-8225-5a14ff29c727,,,,,false,,image/jpeg,,false,,c383f287-3dc7-4fad-8e47-76db13ea7b4b,,,,,animal,,,,,,,,,,,,,,,,,,,,
,CT10,SynologyDrive,03200282.JPG,CT10, 2025-03-20 05:07:05,70bc02bd-6612-4aa8-8d2e-7a59dc75a032,,,,,false,,image/jpeg,,false,,4ae01d96-3d1a-4055-a9e7-af78834d1241,,,,,animal,,,,,,,,,,,,,,,,,,,,
,CT10,SynologyDrive,03200283.JPG,CT10, 2025-03-20 05:07:06,28b37dd0-eb2c-4da2-8f1a-d6d8601615ae,,,,,false,,image/jpeg,,false,,c922587d-3089-4b22-b5b2-776f2dbb0d07,,,,,animal,,,,,,,,,,,,,,,,,,,,
,CT10,SynologyDrive,03220309.JPG,CT10, 2025-03-22 20:01:33,35a3dc1d-bdd4-4746-a99f-f6af9668846b,,,,,false,,image/jpeg,,false,,65556752-d55c-48fe-960f-8b66976ae479,,,,,animal,,,,,,,,,,,,,,,,,,,,
,CT10,SynologyDrive,03220310.JPG,CT10, 2025-03-22 20:01:34,8219a046-1836-4fdc-ab30-5c51c19444a6,,,,,false,,image/jpeg,,false,,b5613c73-7388-40ca-b2c0-a17767cb2ccb,,,,,animal,,,,,,,,,,,,,,,,,,,,
,CT10,SynologyDrive,03220311.JPG,CT10, 2025-03-22 20:01:35,f30c1725-3e2c-407d-a4f3-667bef51aae2,,,,,false,,image/jpeg,,false,,b2973d62-c344-482d-bc10-08f379b4c0e7,,,,,animal,,,,,,,,,,,,,,,,,,,,
,CT10,SynologyDrive,03230313.JPG,CT10, 2025-03-23 05:16:30,bbec5478-b72e-44f8-a72f-ac5f67497792,,,,,false,,image/jpeg,,false,,9cc6f895-1672-44ce-9129-da9738197d20,,,,,animal,,,,,,,,,,,,,,,,,,,,
,CT10,SynologyDrive,03230314.JPG,CT10, 2025-03-23 05:16:30,ecaf2c6b-ccb9-4b9a-a57f-61e9d9cfa743,,,,,false,,image/jpeg,,false,,a6b9ed9c-bf9c-4d2e-814c-5b919aaa6964,,,,,animal,,,,,,,,,,,,,,,,,,,,
,CT10,SynologyDrive,03230315.JPG,CT10, 2025-03-23 05:16:31,986d844e-a01c-4216-a630-9d8d64afdccc,,,,,false,,image/jpeg,,false,,fc60f6f3-693e-44b0-8108-2e9bc29fcf6a,,,,,animal,,,,,,,,,,,,,,,,,,,,
,CT10,SynologyDrive,03280325.JPG,CT10, 2025-03-28 21:02:17,c81e3475-143f-4e82-83b7-f5ea308208c5,,,,,false,,image/jpeg,,false,,46f5521f-274e-48f1-af50-cc4388fe2a7f,,,,,animal,,,,,,,,,,,,,,,,,,,,
,CT10,SynologyDrive,03280326.JPG,CT10, 2025-03-28 21:02:18,77c9232e-dc3c-4704-b264-c71cf29b80d2,,,,,false,,image/jpeg,,false,,51961ee6-8486-46d2-8dd2-f4628dcd1b9b,,,,,animal,,,,,,,,,,,,,,,,,,,,
,CT10,SynologyDrive,03290329.JPG,CT10, 2025-03-29 07:46:16,c0c13757-4857-4b25-b0f6-651845ce79d3,,,,,false,,image/jpeg,,false,,cb3d8009-a044-49dd-8157-22a1aba4e4cb,,,,,animal,,,,,,,,,,,,,,,,,,,,
,CT10,SynologyDrive,03290330.JPG,CT10, 2025-03-29 07:46:17,92f54323-a926-4b85-a0e1-0de0982e1442,,,,,false,,image/jpeg,,false,,c74a9a79-16c8-4a96-82f4-6e988156cf95,,,,,animal,,,,,,,,,,,,,,,,,,,,
,CT10,SynologyDrive,03290331.JPG,CT10, 2025-03-29 07:46:18,3d2fc8d0-76e2-4eca-bf15-217bba3758d7,,,,,false,,image/jpeg,,false,,0f85fb7d-fbc9-4b16-bc32-96d28d9d7939,,,,,animal,,,,,,,,,,,,,,,,,,,,
,CT10,SynologyDrive,04050337.JPG,CT10, 2025-04-05 08:28:23,832f47b5-13e0-471f-9dc4-05cd55fdee36,,,,,false,,image/jpeg,,false,,6f5dad73-4099-4058-92c1-5a23e11e449c,,,,,animal,,,,,,,,,,,,,,,,,,,,
,CT10,SynologyDrive,04050338.JPG,CT10, 2025-04-05 08:28:24,c48fe89b-1eee-444a-8239-f50ba2fa91da,,,,,false,,image/jpeg,,false,,fcdb7972-8fc6-4fe9-bfbf-557c5026480c,,,,,animal,,,,,,,,,,,,,,,,,,,,
,CT10,SynologyDrive,04110349.JPG,CT10, 2025-04-11 06:58:17,f497ecc8-de82-4d17-9994-6383ce9b980e,,,,,false,,image/jpeg,,false,,3afe2f4c-4bf2-4d8f-a842-6a148600194a,,,,,animal,,,,,,,,,,,,,,,,,,,,
,CT10,SynologyDrive,04110350.JPG,CT10, 2025-04-11 06:58:18,d274b28d-22e6-42ab-8059-e619d0517499,,,,,false,,image/jpeg,,false,,b038a75c-faf2-42ba-8039-b1df0d6c1be2,,,,,animal,,,,,,,,,,,,,,,,,,,,
,CT10,SynologyDrive,05190361.JPG,CT10, 2025-05-19 03:28:00,acdc3e34-0e0f-4a1b-973d-b39c65b4c215,,,,,false,,image/jpeg,,false,,04a36ed4-112b-4cd4-a4e9-be5bd39d1178,,,,,animal,,,,,,,,,,,,,,,,,,,,
,CT10,SynologyDrive,05190362.JPG,CT10, 2025-05-19 03:28:01,38e91baf-66aa-46c9-9526-4d3ea25ab7fc,,,,,false,,image/jpeg,,false,,a7a93a0d-0279-49ae-a4d1-6895a33e08a3,,,,,animal,,,,,,,,,,,,,,,,,,,,
,CT10,SynologyDrive,05210365.JPG,CT10, 2025-05-21 19:31:37,4a92c4e9-3d24-4421-a6c7-09cf19fb0a82,,,,,false,,image/jpeg,,false,,1140405d-0a10-4800-b8cf-cb135633b05b,,,,,animal,,,,,,,,,,,,,,,,,,,,
,CT10,SynologyDrive,05210366.JPG,CT10, 2025-05-21 19:31:37,9572a826-f218-477d-8e13-feb75c7b26ae,,,,,false,,image/jpeg,,false,,e4066e0c-f9c0-4851-8ae8-e93fc09b2689,,,,,animal,,,,,,,,,,,,,,,,,,,,
,CT10,SynologyDrive,05210367.JPG,CT10, 2025-05-21 19:31:38,e1096fdc-9a77-40e5-884a-ee6020c50f61,,,,,false,,image/jpeg,,false,,c762612e-5088-4ebd-b75b-ec6945bf7a2b,,,,,animal,,,,,,,,,,,,,,,,,,,,
,CT11,SynologyDrive,10260061.JPG,CT11, 2024-10-26 10:05:38,605a71ea-0309-4980-b296-bc700827634d,,,,,false,,image/jpeg,,false,,b981a051-e611-40f7-8b6f-53af47751961,,,,,animal,,,,,,,,,,,,,,,,,,,,
,CT11,SynologyDrive,10260062.JPG,CT11, 2024-10-26 10:05:39,0c1889a9-ffc5-4f86-b62d-f47360a89063,,,,,false,,image/jpeg,,false,,b0ec7e39-bbb7-4592-8a6f-9c8112ea69b7,,,,,animal,,,,,,,,,,,,,,,,,,,,
,CT11,SynologyDrive,11060079.JPG,CT11, 2024-11-06 06:14:44,3bfe9c95-bc5a-429c-bc2d-5809c8f2255b,,,,,false,,image/jpeg,,false,,4b1a6e18-e7a3-47d4-baec-5c3031202072,,,,,animal,,,,,,,,,,,,,,,,,,,,
,CT11,SynologyDrive,11060080.JPG,CT11, 2024-11-06 06:14:45,9cdd0f33-9c4c-4a97-b921-b333ee04d607,,,,,false,,image/jpeg,,false,,68ada207-f9cf-4bfb-b04d-14e59e7f7e2c,,,,,animal,,,,,,,,,,,,,,,,,,,,
,CT11,SynologyDrive,11060081.JPG,CT11, 2024-11-06 06:14:46,808f40aa-23ba-4176-8bea-615f4afc248a,,,,,false,,image/jpeg,,false,,9173c4db-1f5b-4bc6-b312-2532f114f38f,,,,,animal,,,,,,,,,,,,,,,,,,,,
,CT11,SynologyDrive,11180091.JPG,CT11, 2024-11-18 15:16:03,e92a93fb-ecdb-42e4-b02a-d4debb2ac700,,,,,false,,image/jpeg,,false,,313b9119-cccb-4c3e-9f20-e6c9d7c124b8,,,,,animal,,,,,,,,,,,,,,,,,,,,
,CT11,SynologyDrive,11290106.JPG,CT11, 2024-11-29 10:00:59,800cf2e3-a0bf-474a-9947-e4681512e4ea,,,,,false,,image/jpeg,,false,,244f02a4-54ca-4cd7-b453-757f0d9bf723,,,,,animal,,,,,,,,,,,,,,,,,,,,
,CT11,SynologyDrive,01050122.JPG,CT11, 2025-01-05 10:05:58,9992d028-5889-4bca-a228-4818181f6406,,,,,false,,image/jpeg,,false,,745f59dd-8306-4260-ae47-08b5fb5a5fe5,,,,,animal,,,,,,,,,,,,,,,,,,,,
,CT11,SynologyDrive,01050125.JPG,CT11, 2025-01-05 10:15:12,1781c703-cab4-4b0b-b90c-9df1da08e87c,,,,,false,,image/jpeg,,false,,0885ac13-e6b5-4e0e-8179-9a658ac8c9be,,,,,animal,,,,,,,,,,,,,,,,,,,,
,CT11,SynologyDrive,01060138.JPG,CT11, 2025-01-06 15:40:51,7cd86ca8-1c20-422f-a04b-e8efc952c511,,,,,false,,image/jpeg,,false,,7d7a43f5-e73e-442f-b5d0-8e81d96793d4,,,,,animal,,,,,,,,,,,,,,,,,,,,
,CT11,SynologyDrive,01180145.JPG,CT11, 2025-01-18 11:08:10,78213c7e-ae77-48e9-80cc-af97ccbbc354,,,,,false,,image/jpeg,,false,,9d13617d-135f-4b4f-a41c-1b42a64e76df,,,,,animal,,,,,,,,,,,,,,,,,,,,
,CT11,SynologyDrive,01300148.JPG,CT11, 2025-01-30 21:30:49,c78073b5-6eac-4194-8869-ec564c5c2e49,,,,,false,,image/jpeg,,false,,40ced8cf-3bf9-4f88-be04-f10489dabe32,,,,,animal,,,,,,,,,,,,,,,,,,,,
,CT11,SynologyDrive,01310159.JPG,CT11, 2025-01-31 11:48:10,3f35d103-1762-4a8c-85ac-12361fcb7e93,,,,,false,,image/jpeg,,false,,e11975a8-b908-4931-bf2c-78bd89126507,,,,,animal,,,,,,,,,,,,,,,,,,,,
,CT11,SynologyDrive,01310160.JPG,CT11, 2025-01-31 11:48:11,cd113dca-7383-4de0-93d8-58b22aa73670,,,,,false,,image/jpeg,,false,,5806eff2-0c8e-4eda-8c55-ef455da5c244,,,,,animal,,,,,,,,,,,,,,,,,,,,
,CT11,SynologyDrive,02010163.JPG,CT11, 2025-02-01 13:47:39,67131ee4-5f95-43ed-9761-6e03c6fa5851,,,,,false,,image/jpeg,,false,,175d169b-d002-4070-a753-bc3116710282,,,,,animal,,,,,,,,,,,,,,,,,,,,
,CT11,SynologyDrive,02010165.JPG,CT11, 2025-02-01 13:47:40,24e1f9e0-7000-4637-b726-3e5202cc0500,,,,,false,,image/jpeg,,false,,df3b4381-72c2-4375-a82e-9b5fd6da473b,,,,,animal,,,,,,,,,,,,,,,,,,,,
,CT11,SynologyDrive,02010166.JPG,CT11, 2025-02-01 13:47:50,b147bb35-e66f-48d5-be3e-064b697b98e0,,,,,false,,image/jpeg,,false,,f508b9fa-d40d-4353-b04e-b38ced493df7,,,,,animal,,,,,,,,,,,,,,,,,,,,
,CT11,SynologyDrive,02010168.JPG,CT11, 2025-02-01 13:47:51,f97a13cd-bda5-411e-92c9-aee5047f845c,,,,,false,,image/jpeg,,false,,9868dd32-f459-40e4-95c6-3d37358b6aab,,,,,animal,,,,,,,,,,,,,,,,,,,,
,CT11,SynologyDrive,03240191.JPG,CT11, 2025-03-24 16:56:06,0ccb1c9f-5101-4fb8-a590-ba86cba99e33,,,,,false,,image/jpeg,,false,,93e657bd-7349-4f5b-8f1a-7d9cd8ae3098,,,,,animal,,,,,,,,,,,,,,,,,,,,
,CT12,SynologyDrive,10260005.JPG,CT12, 2024-10-26 10:41:54,e5a5e6c7-7e1f-4c55-b62c-edfc95aee241,,,,,false,,image/jpeg,,false,,1547e39b-25fb-4325-b54b-1c8412feb5d5,,,,,animal,,,,,,,,,,,,,,,,,,,,
,CT12,SynologyDrive,10260006.JPG,CT12, 2024-10-26 10:41:56,1ec66430-0f76-4ef7-beea-a86789ea2832,,,,,false,,image/jpeg,,false,,876e046e-e5b9-4d30-85cf-d14091607c5b,,,,,animal,,,,,,,,,,,,,,,,,,,,
,CT12,SynologyDrive,10260007.JPG,CT12, 2024-10-26 10:41:58,06a8f771-f1ab-4dfb-860b-b1d54a7972a0,,,,,false,,image/jpeg,,false,,fb59d9b4-4be4-46b9-836d-f651f3eba8a7,,,,,animal,,,,,,,,,,,,,,,,,,,,
,CT12,SynologyDrive,10260009.JPG,CT12, 2024-10-26 10:43:29,0201ca0d-d2b0-442a-ad00-6f890bfcd1d4,,,,,false,,image/jpeg,,false,,0e2aa089-d382-4a35-abad-9533d714e2ff,,,,,animal,,,,,,,,,,,,,,,,,,,,
,CT12,SynologyDrive,10260010.JPG,CT12, 2024-10-26 10:43:30,b016f719-a2f7-4e28-b634-422ac449c4c8,,,,,false,,image/jpeg,,false,,99bca0dc-0989-490e-a7d1-d276a7e83f4b,,,,,animal,,,,,,,,,,,,,,,,,,,,
,CT12,SynologyDrive,10260011.JPG,CT12, 2024-10-26 10:43:31,2e2da760-d9e9-4a7d-a57b-66547079a6f6,,,,,false,,image/jpeg,,false,,089a1e39-bfd7-476d-862c-e22b2350b1ac,,,,,animal,,,,,,,,,,,,,,,,,,,,
,CT12,SynologyDrive,10260013.JPG,CT12, 2024-10-26 10:51:43,a9231092-33de-4dca-b27d-e93a08480bb2,,,,,false,,image/jpeg,,false,,b04b51c7-55f4-49e7-92e8-4c088c5eada4,,,,,animal,,,,,,,,,,,,,,,,,,,,
,CT12,SynologyDrive,10260014.JPG,CT12, 2024-10-26 10:51:44,9c701f7f-2a05-45ff-a4a0-047508a9697d,,,,,false,,image/jpeg,,false,,10604cc8-bbb9-48ba-9e9a-28f773483c68,,,,,animal,,,,,,,,,,,,,,,,,,,,
,CT12,SynologyDrive,10260015.JPG,CT12, 2024-10-26 10:51:45,c2b3b54e-73a6-4252-8882-082feaee4e76,,,,,false,,image/jpeg,,false,,cf35d215-4c94-461c-8f6a-bdfdf9b41e6d,,,,,animal,,,,,,,,,,,,,,,,,,,,
,CT12,SynologyDrive,12170903.JPG,CT12, 2024-12-17 16:40:47,4ae6892e-66bb-40ac-98fb-89b5366b7dfd,,,,,false,,image/jpeg,,false,,00e1ed4d-cbec-454a-8710-b3f60a62011b,,,,,animal,,,,,,,,,,,,,,,,,,,,
,CT13,SynologyDrive,10260012.JPG,CT13, 2024-10-26 10:28:08,78a66575-90ac-4253-885a-288645ac7339,,,,,false,,image/jpeg,,false,,fa010321-84f9-4c21-adfd-900315266bb0,,,,,animal,,,,,,,,,,,,,,,,,,,,
,CT13,SynologyDrive,10260013.JPG,CT13, 2024-10-26 10:28:09,fe9b0ac8-9711-433a-beda-3b0dfab64fe8,,,,,false,,image/jpeg,,false,,26468733-8acd-4d5e-805a-a4a9a2d8ed63,,,,,animal,,,,,,,,,,,,,,,,,,,,
,CT13,SynologyDrive,10260014.JPG,CT13, 2024-10-26 10:28:10,23bb9c3d-5030-4b88-adf0-2d716ab44de4,,,,,false,,image/jpeg,,false,,e75fe3f2-32d5-4490-827b-2bfd404664d3,,,,,animal,,,,,,,,,,,,,,,,,,,,
,CT13,SynologyDrive,11030016.JPG,CT13, 2024-11-03 06:15:56,71338fb4-39ad-421c-8481-f2f18288f623,,,,,false,,image/jpeg,,false,,e93e7521-b04d-4b74-b0c4-38dae07535ae,,,,,animal,,,,,,,,,,,,,,,,,,,,
,CT13,SynologyDrive,11030017.JPG,CT13, 2024-11-03 06:15:57,465c6478-e391-4a72-9e3c-3ef80490301b,,,,,false,,image/jpeg,,false,,80112c5a-a357-4093-8dc7-5c09b0b67066,,,,,animal,,,,,,,,,,,,,,,,,,,,
,CT13,SynologyDrive,11030018.JPG,CT13, 2024-11-03 06:15:58,49b460b3-dc6e-4ca4-ac8a-bc96aed4a8ad,,,,,false,,image/jpeg,,false,,1de4e012-18e6-489b-83b8-18229e5519eb,,,,,animal,,,,,,,,,,,,,,,,,,,,
,CT13,SynologyDrive,11070020.JPG,CT13, 2024-11-07 06:09:38,166b466e-186b-477e-a6d5-28d11e90c263,,,,,false,,image/jpeg,,false,,ea807829-86c5-4897-bb86-bab15c7392d0,,,,,animal,,,,,,,,,,,,,,,,,,,,
,CT13,SynologyDrive,11070022.JPG,CT13, 2024-11-07 06:09:40,4c7225e2-6258-4290-b43c-29bb6242b3a2,,,,,false,,image/jpeg,,false,,b0690c04-4195-4b6f-af28-f3f4f8d56a91,,,,,animal,,,,,,,,,,,,,,,,,,,,
,CT13,SynologyDrive,01090032.JPG,CT13, 2025-01-09 13:25:20,17e03234-1916-48bb-a90e-b5c5aa3df4b4,,,,,false,,image/jpeg,,false,,d24ad534-fede-422c-b61c-f44bcea2b6ba,,,,,animal,,,,,,,,,,,,,,,,,,,,
,CT13,SynologyDrive,01290036.JPG,CT13, 2025-01-29 16:14:53,01a4e2d7-75b3-4c8a-8179-47ccbc030d8d,,,,,false,,image/jpeg,,false,,e8e3f7b0-8cfb-4995-bffd-1d86e0d6b735,,,,,animal,,,,,,,,,,,,,,,,,,,,
,CT14,SynologyDrive,01160313.JPG,CT14, 2025-01-16 16:55:02,74514225-7e8b-490d-b7ca-794b9f3720e0,,,,,false,,image/jpeg,,false,,568483cf-a452-41aa-8f8d-df1dd56d2baa,,,,,animal,,,,,,,,,,,,,,,,,,,,
,CT14,SynologyDrive,01160314.JPG,CT14, 2025-01-16 16:55:03,86381191-fd4a-4db7-8e61-e9f58829ae0d,,,,,false,,image/jpeg,,false,,cb8c6e1c-4a13-4d40-9772-2c2507603c7c,,,,,animal,,,,,,,,,,,,,,,,,,,,
,CT14,SynologyDrive,01160325.JPG,CT14, 2025-01-16 16:58:02,f8198838-38ac-4dd1-ae75-7a345e13551f,,,,,false,,image/jpeg,,false,,9ba0d4ed-dc66-402d-b472-1c234658adc9,,,,,animal,,,,,,,,,,,,,,,,,,,,
,CT14,SynologyDrive,01160326.JPG,CT14, 2025-01-16 16:58:03,4fb389b4-7fd8-42e0-bd4a-4b6b61b726c7,,,,,false,,image/jpeg,,false,,4164441a-0aac-4586-843a-9ace728434ff,,,,,animal,,,,,,,,,,,,,,,,,,,,
,CT14,SynologyDrive,01160327.JPG,CT14, 2025-01-16 16:58:03,41ef0d1f-489a-46b3-aa1a-cf8dd0e4ea14,,,,,false,,image/jpeg,,false,,ca146e81-bbde-4635-ac71-5471dd7d6ff0,,,,,animal,,,,,,,,,,,,,,,,,,,,
,CT14,SynologyDrive,01160329.JPG,CT14, 2025-01-16 16:59:02,679956e1-2f4c-43b6-b30b-2966bb7931bd,,,,,false,,image/jpeg,,false,,97336a55-6653-42f3-ab31-336a04a43022,,,,,animal,,,,,,,,,,,,,,,,,,,,
,CT14,SynologyDrive,01160330.JPG,CT14, 2025-01-16 16:59:03,28b9c407-5339-4a32-8b9a-a06a24b970cf,,,,,false,,image/jpeg,,false,,333fb67d-4554-42fd-bb62-049647789c04,,,,,animal,,,,,,,,,,,,,,,,,,,,
,CT14,SynologyDrive,01160331.JPG,CT14, 2025-01-16 16:59:03,ba06b6b3-d3bb-47b3-8290-912d8a121d79,,,,,false,,image/jpeg,,false,,d0914f63-7280-4b87-8c1a-089eda754905,,,,,animal,,,,,,,,,,,,,,,,,,,,
,CT14,SynologyDrive,01160679.JPG,CT14, 2025-01-16 18:26:03,75a9df33-3538-4489-9a60-c15e427a27c4,,,,,false,,image/jpeg,,false,,7a0eef3a-74e1-4ba8-adf6-03e57283cada,,,,,animal,,,,,,,,,,,,,,,,,,,,
,CT14,SynologyDrive,01160681.JPG,CT14, 2025-01-16 18:27:02,fc483cb5-f05a-4570-ad87-3cb6a5530c02,,,,,false,,image/jpeg,,false,,56044f85-75e6-43d9-a136-d7d91bc2c37f,,,,,animal,,,,,,,,,,,,,,,,,,,,
,CT14,SynologyDrive,01160729.JPG,CT14, 2025-01-16 18:39:02,85ff3ec8-3265-4d17-b3cc-2e58a35e927d,,,,,false,,image/jpeg,,false,,5472742b-9a8d-4d29-b292-f55a7279e147,,,,,animal,,,,,,,,,,,,,,,,,,,,
,CT14,SynologyDrive,01160730.JPG,CT14, 2025-01-16 18:39:02,89bf6ecb-fb7c-4062-a76e-c22756c64ad2,,,,,false,,image/jpeg,,false,,45af7fe3-81d6-404e-8949-feb73be96f57,,,,,animal,,,,,,,,,,,,,,,,,,,,
,CT14,SynologyDrive,01160733.JPG,CT14, 2025-01-16 18:40:01,719e180d-c5ec-4a3a-8ca9-7b6e8f8c48a1,,,,,false,,image/jpeg,,false,,5b6d565f-79cd-45cc-a5ab-341d07cb7c52,,,,,animal,,,,,,,,,,,,,,,,,,,,
,CT14,SynologyDrive,01170023.JPG,CT14, 2025-01-17 16:48:01,a2ecb915-4fca-460b-baed-81446cc61212,,,,,false,,image/jpeg,,false,,16cdb633-2c71-44e6-b458-a581dc89eb3a,,,,,animal,,,,,,,,,,,,,,,,,,,,
,CT15,SynologyDrive,01010117.JPG,CT15, 2017-01-01 08:40:24,31665dae-373b-4c0e-b6f6-a12fd0fc03e0,,,,,false,,image/jpeg,,false,,a1d92ba0-9fb8-4773-b76a-6a7166f153ed,,,,,animal,,,,,,,,,,,,,,,,,,,,
,CT15,SynologyDrive,01010045.JPG,CT15, 2017-01-01 18:17:23,35847ad0-5162-4b11-876d-dc4e379673ce,,,,,false,,image/jpeg,,false,,e3a13c3c-754c-45b4-8c66-5d543e6f8827,,,,,animal,,,,,,,,,,,,,,,,,,,,
,CT15,SynologyDrive,01010046.JPG,CT15, 2017-01-01 18:17:24,071f19c8-2e29-49bd-bf68-6d71e729e651,,,,,false,,image/jpeg,,false,,30934d45-7070-4676-a08c-fd539f111d7d,,,,,animal,,,,,,,,,,,,,,,,,,,,
,CT15,SynologyDrive,01010047.JPG,CT15, 2017-01-01 18:17:25,fd9992e6-631e-4318-be51-8cbe30501462,,,,,false,,image/jpeg,,false,,53016001-46cc-449b-a9a0-69801d5945b1,,,,,animal,,,,,,,,,,,,,,,,,,,,
,CT15,SynologyDrive,01010186.JPG,CT15, 2017-01-01 19:42:00,1086b98f-b2d0-4eaa-9bb2-d42efdbaca9f,,,,,false,,image/jpeg,,false,,686c6060-72f7-4ee5-9a93-937f321b359b,,,,,animal,,,,,,,,,,,,,,,,,,,,
,CT15,SynologyDrive,01010187.JPG,CT15, 2017-01-01 19:42:01,00f44c6f-cc57-4611-8178-5f129b0d470e,,,,,false,,image/jpeg,,false,,4ca96087-3872-498b-8230-abc9f39709ed,,,,,animal,,,,,,,,,,,,,,,,,,,,
,CT15,SynologyDrive,01060049.JPG,CT15, 2017-01-06 13:33:18,5e82997c-f5f8-4139-bf5e-321f8486b84e,,,,,false,,image/jpeg,,false,,6438115e-1253-468c-af4e-167503067a21,,,,,animal,,,,,,,,,,,,,,,,,,,,
,CT15,SynologyDrive,01060053.JPG,CT15, 2017-01-06 20:31:16,aaf20925-2937-49e7-8bb7-d819cc07749f,,,,,false,,image/jpeg,,false,,7065cbc2-3810-4b0c-aa6a-17048c440fb7,,,,,animal,,,,,,,,,,,,,,,,,,,,
,CT15,SynologyDrive,01060054.JPG,CT15, 2017-01-06 20:31:17,dd9cc098-6a15-4f90-a5af-78d1c6885325,,,,,false,,image/jpeg,,false,,9f348304-5e17-4b29-9e26-9622b5245445,,,,,animal,,,,,,,,,,,,,,,,,,,,
,CT15,SynologyDrive,01060055.JPG,CT15, 2017-01-06 20:31:18,28f8b036-7421-4c68-88fc-4133e7665090,,,,,false,,image/jpeg,,false,,a084606c-0117-4c2b-905e-860279a2e057,,,,,animal,,,,,,,,,,,,,,,,,,,,
,CT15,SynologyDrive,01070161.JPG,CT15, 2017-01-07 16:54:05,53fdbce1-7ab3-470a-b735-59682491b0f6,,,,,false,,image/jpeg,,false,,93d66d60-62b0-49b9-8743-81842642e8bb,,,,,animal,,,,,,,,,,,,,,,,,,,,
,CT15,SynologyDrive,01070162.JPG,CT15, 2017-01-07 16:54:06,08b8a097-cfb0-4165-bf25-398edfe55424,,,,,false,,image/jpeg,,false,,c1a898de-bc3c-4d07-a315-7bd1330b462d,,,,,animal,,,,,,,,,,,,,,,,,,,,
,CT15,SynologyDrive,01070163.JPG,CT15, 2017-01-07 16:54:07,759d0b9a-c728-486f-b5a4-a255745d9e2c,,,,,false,,image/jpeg,,false,,7ec679bf-e456-4d1f-bed3-86c59f0af36c,,,,,animal,,,,,,,,,,,,,,,,,,,,
,CT15,SynologyDrive,01070173.JPG,CT15, 2017-01-07 22:45:16,d98e1a70-742a-43d3-8337-8e9c427ea0cb,,,,,false,,image/jpeg,,false,,4382d544-1981-4960-a9cf-7624d80c9c8c,,,,,animal,,,,,,,,,,,,,,,,,,,,
,CT15,SynologyDrive,01070174.JPG,CT15, 2017-01-07 22:45:17,f614ece9-0fc5-4536-a5e0-256b35a57da1,,,,,false,,image/jpeg,,false,,952cc39d-b769-47de-9c10-5bd6110488bb,,,,,animal,,,,,,,,,,,,,,,,,,,,
,CT15,SynologyDrive,01070175.JPG,CT15, 2017-01-07 22:45:18,b9c2ced0-7aad-4eb3-ae73-051ad743e620,,,,,false,,image/jpeg,,false,,57e08c49-6ac4-4ad3-95fb-58ccbab20f18,,,,,animal,,,,,,,,,,,,,,,,,,,,
,CT15,SynologyDrive,03020097.JPG,CT15, 2017-01-09 14:19:52,db9b40f2-e85f-408f-bd0e-b5a111d7f1b0,,,,,false,,image/jpeg,,false,,d3a95a20-92cf-438c-b015-e4837511885f,,,,,animal,,,,,,,,,,,,,,,,,,,,
,CT15,SynologyDrive,03020098.JPG,CT15, 2017-01-09 14:19:53,8cfd4e5a-39db-4aaf-83de-2f54be09ca44,,,,,false,,image/jpeg,,false,,2692aeeb-28f1-4e61-8479-73729be92f6c,,,,,animal,,,,,,,,,,,,,,,,,,,,
,CT15,SynologyDrive,03020099.JPG,CT15, 2017-01-09 14:19:54,97508d8d-7d97-4e5c-8255-a9c72b27386e,,,,,false,,image/jpeg,,false,,42cf65b1-87dc-4fb1-bb15-433c7ef6f9f9,,,,,animal,,,,,,,,,,,,,,,,,,,,
,CT15,SynologyDrive,01090165.JPG,CT15, 2017-01-09 14:46:24,40a87f4b-680e-423c-b301-0dcd81a49d04,,,,,false,,image/jpeg,,false,,6a8a52fa-a0c7-4a40-9370-5a8c486a4b76,,,,,animal,,,,,,,,,,,,,,,,,,,,
,CT15,SynologyDrive,01230193.JPG,CT15, 2017-01-23 18:02:37,36e27880-7aad-4619-8abc-d19608b5fb65,,,,,false,,image/jpeg,,false,,6c0ff1e6-a984-4b40-89fa-834a6d61c068,,,,,animal,,,,,,,,,,,,,,,,,,,,
,CT15,SynologyDrive,01230194.JPG,CT15, 2017-01-23 18:02:38,1293a904-0be8-4b20-8e9b-4c5525bde3a9,,,,,false,,image/jpeg,,false,,31ff36f2-c5ff-4e55-89b5-cba1e06a3a6f,,,,,animal,,,,,,,,,,,,,,,,,,,,
,CT15,SynologyDrive,01260197.JPG,CT15, 2017-01-26 22:06:02,ea3cdd69-2166-4673-bb9e-bf3174e931d3,,,,,false,,image/jpeg,,false,,2d37e869-8a78-4dfa-b01b-6fabd4236f0f,,,,,animal,,,,,,,,,,,,,,,,,,,,
,CT15,SynologyDrive,01260198.JPG,CT15, 2017-01-26 22:06:03,3d051e05-a5fa-422e-9af5-2be1d923397a,,,,,false,,image/jpeg,,false,,e3242299-4df7-445b-bc6f-f4c0ac979108,,,,,animal,,,,,,,,,,,,,,,,,,,,
,CT15,SynologyDrive,01260199.JPG,CT15, 2017-01-26 22:06:04,4e20ebfd-d0a0-4223-b36a-6d522ab8b387,,,,,false,,image/jpeg,,false,,45814290-5eec-4708-800f-e00706b70377,,,,,animal,,,,,,,,,,,,,,,,,,,,
,CT15,SynologyDrive,01280205.JPG,CT15, 2017-01-28 00:54:50,1fc5bb9b-92e9-4440-9355-71b18ea0242f,,,,,false,,image/jpeg,,false,,ba6ab00a-9f80-448e-a256-5e541c4d4ae5,,,,,animal,,,,,,,,,,,,,,,,,,,,
,CT15,SynologyDrive,01280206.JPG,CT15, 2017-01-28 00:54:51,e542b24a-9aad-449d-8a3a-3a63c8b580b4,,,,,false,,image/jpeg,,false,,068d76e9-c8c7-4fb8-b7ad-15316a7c7e2a,,,,,animal,,,,,,,,,,,,,,,,,,,,
,CT15,SynologyDrive,01280207.JPG,CT15, 2017-01-28 00:54:51,91fd7ad2-6723-44f4-a20d-bc7505bfc879,,,,,false,,image/jpeg,,false,,1a604c4e-cd27-43e6-a4eb-ab18c62ba3f7,,,,,animal,,,,,,,,,,,,,,,,,,,,
,CT15,SynologyDrive,01290209.JPG,CT15, 2017-01-29 15:21:02,00de3c7c-bb49-497a-a504-06662069380b,,,,,false,,image/jpeg,,false,,2d3aa46e-3c8e-4d1e-b61f-8a33c80d7c20,,,,,animal,,,,,,,,,,,,,,,,,,,,
,CT15,SynologyDrive,02020213.JPG,CT15, 2017-02-02 00:15:38,f4c35e14-0738-4840-9861-7ddb293629d1,,,,,false,,image/jpeg,,false,,4fa9e99b-f548-464c-839b-4d5481c4ec89,,,,,animal,,,,,,,,,,,,,,,,,,,,
,CT15,SynologyDrive,02060217.JPG,CT15, 2017-02-06 18:21:29,3426799b-bd7b-46ea-8006-41fe84efeb47,,,,,false,,image/jpeg,,false,,53f51358-f139-4938-8bfd-919a9d0f15db,,,,,animal,,,,,,,,,,,,,,,,,,,,
,CT15,SynologyDrive,02060218.JPG,CT15, 2017-02-06 18:21:30,f820289b-f5b9-4893-a730-c04fd3425ac8,,,,,false,,image/jpeg,,false,,2fb8697e-d8ff-4224-b040-913b970cda90,,,,,animal,,,,,,,,,,,,,,,,,,,,
,CT15,SynologyDrive,02060219.JPG,CT15, 2017-02-06 18:21:31,9a12b967-cc2d-4915-a46e-276ce631d133,,,,,false,,image/jpeg,,false,,93c35396-06e1-458e-81da-e90db6dbc99f,,,,,animal,,,,,,,,,,,,,,,,,,,,
,CT15,SynologyDrive,02060221.JPG,CT15, 2017-02-06 18:22:16,afe66e0f-6b2c-461b-aa2c-497cbe78625e,,,,,false,,image/jpeg,,false,,72192550-3a1c-41b4-a66c-6acf191f8647,,,,,animal,,,,,,,,,,,,,,,,,,,,
,CT15,SynologyDrive,02060222.JPG,CT15, 2017-02-06 18:22:17,ae3967cc-68cd-41d3-935b-e86a5c592d98,,,,,false,,image/jpeg,,false,,b2db0fb2-7057-468e-9612-6a65c7f933e5,,,,,animal,,,,,,,,,,,,,,,,,,,,
,CT15,SynologyDrive,02060223.JPG,CT15, 2017-02-06 18:22:18,6546960c-d18e-4250-af27-d587e6bc651d,,,,,false,,image/jpeg,,false,,0c76964f-2e80-443d-a4d8-c0600909f67b,,,,,animal,,,,,,,,,,,,,,,,,,,,
,CT15,SynologyDrive,02060225.JPG,CT15, 2017-02-06 18:34:30,88615289-41cb-4705-a4bc-0b652727a5f5,,,,,false,,image/jpeg,,false,,1a63642c-29cc-40e6-ade1-b420f81c12a3,,,,,animal,,,,,,,,,,,,,,,,,,,,
,CT15,SynologyDrive,02060226.JPG,CT15, 2017-02-06 18:34:31,aef31f8f-2c10-41ed-91a7-4c7fd38ae330,,,,,false,,image/jpeg,,false,,02d41a49-45f3-4a48-bda8-ad711791bcac,,,,,animal,,,,,,,,,,,,,,,,,,,,
,CT15,SynologyDrive,02060227.JPG,CT15, 2017-02-06 18:34:32,ef64bb76-4675-444b-8a83-e6cccb9c9a75,,,,,false,,image/jpeg,,false,,d059fdda-f413-46f8-8ee4-2ecf974f9b58,,,,,animal,,,,,,,,,,,,,,,,,,,,
,CT15,SynologyDrive,02090229.JPG,CT15, 2017-02-09 03:11:50,c9d9842c-b767-4781-b380-2c93ffe5a312,,,,,false,,image/jpeg,,false,,f60d2618-8539-4744-be8b-0f42f2b38a4b,,,,,animal,,,,,,,,,,,,,,,,,,,,
,CT15,SynologyDrive,02090230.JPG,CT15, 2017-02-09 03:11:51,1d8628a8-9469-4773-ae93-e94773c893e1,,,,,false,,image/jpeg,,false,,feab9014-1a4c-4215-b9b1-1730b771aacf,,,,,animal,,,,,,,,,,,,,,,,,,,,
,CT15,SynologyDrive,02150233.JPG,CT15, 2017-02-15 21:34:24,596007db-62e5-4049-9fef-e914be78aa25,,,,,false,,image/jpeg,,false,,275be031-45bf-4182-b4da-493953ca4666,,,,,animal,,,,,,,,,,,,,,,,,,,,
,CT15,SynologyDrive,02160237.JPG,CT15, 2017-02-16 02:15:07,92671758-0c44-48c8-89e9-d11b200526de,,,,,false,,image/jpeg,,false,,0b6e20af-1d4c-4534-b9a6-b7ba13d8aaa6,,,,,animal,,,,,,,,,,,,,,,,,,,,
,CT15,SynologyDrive,02160238.JPG,CT15, 2017-02-16 02:15:08,c662b2b1-b52b-46ab-9fee-cd0c1ce4f64f,,,,,false,,image/jpeg,,false,,533ee4c3-660d-42eb-851b-02c2ec8551f2,,,,,animal,,,,,,,,,,,,,,,,,,,,
,CT15,SynologyDrive,02160239.JPG,CT15, 2017-02-16 02:15:09,614c945b-abc5-45bc-8f6e-b5ec27e12adb,,,,,false,,image/jpeg,,false,,caba929d-20e2-4ec8-a8ff-f0349996b02b,,,,,animal,,,,,,,,,,,,,,,,,,,,
,CT15,SynologyDrive,03050241.JPG,CT15, 2017-03-05 09:25:02,29ad37c5-afb1-4795-9c32-83409c05eac9,,,,,false,,image/jpeg,,false,,459d1a79-f20a-4e28-859b-0e57e6071358,,,,,animal,,,,,,,,,,,,,,,,,,,,
,CT15,SynologyDrive,03050245.JPG,CT15, 2017-03-05 09:58:34,6250bb7d-e4a6-407d-92cf-dfaa572a0a0b,,,,,false,,image/jpeg,,false,,27abfee9-c1a1-41ea-baa7-bc515d60da84,,,,,animal,,,,,,,,,,,,,,,,,,,,
,CT15,SynologyDrive,03110249.JPG,CT15, 2017-03-11 03:40:37,af17f8c8-a3e9-4064-9563-7906868c5fb3,,,,,false,,image/jpeg,,false,,9b227c88-15e5-4315-a04e-0986448b311a,,,,,animal,,,,,,,,,,,,,,,,,,,,
,CT15,SynologyDrive,03290253.JPG,CT15, 2017-03-29 06:19:06,78432a7d-94dc-40f3-b059-c5f7013300ea,,,,,false,,image/jpeg,,false,,fcf32ab9-acfc-43ce-829b-cf5c1eef8d83,,,,,animal,,,,,,,,,,,,,,,,,,,,
,CT15,SynologyDrive,01110005.JPG,CT15, 2025-01-11 01:53:37,85329ad8-63b2-4188-9f86-b6360118a79e,,,,,false,,image/jpeg,,false,,87078cbf-939b-4435-8bca-4cfdc03cd2ef,,,,,animal,,,,,,,,,,,,,,,,,,,,
,CT15,SynologyDrive,01110009.JPG,CT15, 2025-01-11 01:54:02,e008ba70-f540-4b10-85f9-55d63e2400ef,,,,,false,,image/jpeg,,false,,07298c72-2906-49e0-994f-f0231e8eb5ae,,,,,animal,,,,,,,,,,,,,,,,,,,,
,CT16,SynologyDrive,01010070.JPG,CT16, 2017-01-01 00:00:01,9012a388-5a0e-4ce3-9af7-aa1a36bc51f8,,,,,false,,image/jpeg,,false,,8aebafb5-de1b-4cb7-af0a-7ecdf3a42e80,,,,,animal,,,,,,,,,,,,,,,,,,,,
,CT16,SynologyDrive,01010071.JPG,CT16, 2017-01-01 00:00:02,7f52a268-202e-4246-a236-d09eb7f271a8,,,,,false,,image/jpeg,,false,,9dc98005-bbed-4bad-baa6-e97b9affd17b,,,,,animal,,,,,,,,,,,,,,,,,,,,
,CT16,SynologyDrive,09100029.JPG,CT16, 2017-01-03 20:38:07,835d8c72-381d-4450-b7be-d4aa6fffc8e9,,,,,false,,image/jpeg,,false,,1d231799-f247-4c73-aad6-0fc99e0a9eb1,,,,,animal,,,,,,,,,,,,,,,,,,,,
,CT16,SynologyDrive,09100030.JPG,CT16, 2017-01-03 20:38:08,1617206f-a11e-44e7-a591-ff15f127563a,,,,,false,,image/jpeg,,false,,25da904e-52d7-498a-895f-a1cb1b8b86e0,,,,,animal,,,,,,,,,,,,,,,,,,,,
,CT16,SynologyDrive,01300077.JPG,CT16, 2017-01-30 07:34:49,f3892806-16f1-42ee-944c-ba6c3792fb7e,,,,,false,,image/jpeg,,false,,b533a4c3-5aaa-4165-8b93-4db8ecbf4aaf,,,,,animal,,,,,,,,,,,,,,,,,,,,
,CT16,SynologyDrive,01310081.JPG,CT16, 2017-01-31 06:46:56,247407bc-cfcc-41de-b620-b0575a2aefc9,,,,,false,,image/jpeg,,false,,fb779776-5d5a-469c-8034-e7d5888c693b,,,,,animal,,,,,,,,,,,,,,,,,,,,
,CT16,SynologyDrive,01310082.JPG,CT16, 2017-01-31 06:46:57,0b1e4935-03f7-4a47-ad00-7785511e9886,,,,,false,,image/jpeg,,false,,7114d335-6d1b-4479-8900-5e19c830c0e1,,,,,animal,,,,,,,,,,,,,,,,,,,,
,CT16,SynologyDrive,02060086.JPG,CT16, 2017-02-06 06:29:27,c6e2ab45-eff9-4a7f-ab91-1f370c13b843,,,,,false,,image/jpeg,,false,,3641d7a4-b530-402e-af22-0aab35d20a90,,,,,animal,,,,,,,,,,,,,,,,,,,,
,CT16,SynologyDrive,02060087.JPG,CT16, 2017-02-06 06:29:28,a8ca3d77-3af6-42ef-b71d-6b52b03f6cdf,,,,,false,,image/jpeg,,false,,a9637782-1b09-4b6b-acc3-e7a2e1cbb293,,,,,animal,,,,,,,,,,,,,,,,,,,,
,CT17,SynologyDrive,02160056.JPG,CT17, 2025-02-16 15:15:51,d2d72493-7dd2-4608-8e3a-c46853cb848b,,,,,false,,image/jpeg,,false,,04442062-59ff-4c34-baa8-2dbdff39f258,,,,,animal,,,,,,,,,,,,,,,,,,,,
,CT17,SynologyDrive,02160058.JPG,CT17, 2025-02-16 15:15:53,c902e947-9f84-46df-88b7-b906a601ab27,,,,,false,,image/jpeg,,false,,3eaaa9c1-f272-451c-a91a-ab9ab0040377,,,,,animal,,,,,,,,,,,,,,,,,,,,
,CT17,SynologyDrive,02180068.JPG,CT17, 2025-02-18 16:06:08,997e5cca-2a8f-4ba3-aef6-c5a84b65c64f,,,,,false,,image/jpeg,,false,,69193a8e-9a18-4ace-8c47-4c48f9b16f81,,,,,animal,,,,,,,,,,,,,,,,,,,,
,CT17,SynologyDrive,03020084.JPG,CT17, 2025-03-02 15:51:18,4878a148-6a42-46b7-954e-b7a9fe563502,,,,,false,,image/jpeg,,false,,260358bd-02da-4518-b611-9810d810f530,,,,,animal,,,,,,,,,,,,,,,,,,,,
,CT17,SynologyDrive,03020085.JPG,CT17, 2025-03-02 15:51:19,920833e7-8f85-49e5-a3ed-6b817126a819,,,,,false,,image/jpeg,,false,,1cd7dac1-f1eb-4d2d-aa32-746eb8201651,,,,,animal,,,,,,,,,,,,,,,,,,,,
,CT17,SynologyDrive,03120116.JPG,CT17, 2025-03-12 15:03:30,346080fa-8b86-46bc-877a-4fa12b556d4a,,,,,false,,image/jpeg,,false,,d735a1f9-e4f3-4423-85bb-cca74465225e,,,,,animal,,,,,,,,,,,,,,,,,,,,
,CT17,SynologyDrive,04080308.JPG,CT17, 2025-04-08 06:51:33,f4915b89-c964-4947-99cc-4d16222b574b,,,,,false,,image/jpeg,,false,,62b65501-1fd5-4386-8064-eb7bb7255d19,,,,,animal,,,,,,,,,,,,,,,,,,,,
,CT18,SynologyDrive,02010005.JPG,CT18, 2025-02-01 04:56:20,3756c0dd-2363-4c9b-bf02-eac837df4322,,,,,false,,image/jpeg,,false,,8e2b5813-3f0d-4b96-85ab-7736541b6e07,,,,,animal,,,,,,,,,,,,,,,,,,,,
,CT18,SynologyDrive,02010006.JPG,CT18, 2025-02-01 04:56:21,5f77c2a3-3b63-4061-920e-b9b0d6491f05,,,,,false,,image/jpeg,,false,,fbd31553-5045-453c-9213-6f882c865e23,,,,,animal,,,,,,,,,,,,,,,,,,,,
,CT18,SynologyDrive,02010007.JPG,CT18, 2025-02-01 04:56:22,8834dad4-c4ad-47fe-afe9-d31fc8959a2d,,,,,false,,image/jpeg,,false,,0d44b627-416a-45a5-adfb-4e3266f1d59f,,,,,animal,,,,,,,,,,,,,,,,,,,,
,CT18,SynologyDrive,03020013.JPG,CT18, 2025-03-02 12:17:52,597619a5-9847-4bf6-ab97-9d6ea124a668,,,,,false,,image/jpeg,,false,,d2f504c8-c65f-47e2-b994-7d2a42cd23a1,,,,,animal,,,,,,,,,,,,,,,,,,,,
,CT18,SynologyDrive,03020017.JPG,CT18, 2025-03-02 19:33:49,5bc64a99-742a-4f72-8924-632bdca94531,,,,,false,,image/jpeg,,false,,7ac21d0a-e112-43c8-82f1-9969949824cb,,,,,animal,,,,,,,,,,,,,,,,,,,,
,CT18,SynologyDrive,03280033.JPG,CT18, 2025-03-28 21:52:41,bf1cc50b-7200-4076-a320-ca1ff2b33ddb,,,,,false,,image/jpeg,,false,,da5d8d30-a847-4653-905f-5baf292fe26b,,,,,animal,,,,,,,,,,,,,,,,,,,,
,CT18,SynologyDrive,03280034.JPG,CT18, 2025-03-28 21:52:42,a7a52ca7-d392-47e9-bb95-480a127cdcfe,,,,,false,,image/jpeg,,false,,5ec2bd96-5623-4d7a-bded-e354458d6cb7,,,,,animal,,,,,,,,,,,,,,,,,,,,
,CT18,SynologyDrive,03280035.JPG,CT18, 2025-03-28 21:52:43,37a8c2ca-1aa1-4745-9179-8da436d53ac2,,,,,false,,image/jpeg,,false,,7f45cf41-eb6e-41bd-ae08-182f22487177,,,,,animal,,,,,,,,,,,,,,,,,,,,
,CT18,SynologyDrive,04200045.JPG,CT18, 2025-04-20 10:54:00,139d047c-4b5f-4dd7-aa0b-912c3200f62d,,,,,false,,image/jpeg,,false,,b0b8b35e-dbab-4ca7-8a5d-c5813165532c,,,,,animal,,,,,,,,,,,,,,,,,,,,
,CT18,SynologyDrive,04200053.JPG,CT18, 2025-04-20 16:51:43,5b0cb06b-7651-47c8-8f7b-b89173284674,,,,,false,,image/jpeg,,false,,b59e5093-10ae-463c-aa06-fb076e2ec5f1,,,,,animal,,,,,,,,,,,,,,,,,,,,
,CT18,SynologyDrive,04230057.JPG,CT18, 2025-04-23 15:21:15,1c41ce1d-0833-4f3c-9f90-f115eff05d47,,,,,false,,image/jpeg,,false,,53e3f5de-960a-44ca-a64c-c7c4b77878ff,,,,,animal,,,,,,,,,,,,,,,,,,,,
,CT18,SynologyDrive,04300061.JPG,CT18, 2025-04-30 11:28:09,ea9338fe-d4b2-47e5-a0ae-4e41682f9ea5,,,,,false,,image/jpeg,,false,,ef22f29c-0e82-4f8f-bd9a-7f26864430f1,,,,,animal,,,,,,,,,,,,,,,,,,,,
,CT18,SynologyDrive,05020073.JPG,CT18, 2025-05-02 16:57:17,dd84d078-e633-4170-81b7-d89041798c18,,,,,false,,image/jpeg,,false,,f1a2f8c9-9f40-4e79-a47d-b79da61f1bea,,,,,animal,,,,,,,,,,,,,,,,,,,,
,CT18,SynologyDrive,05050085.JPG,CT18, 2025-05-05 19:32:49,a9b052fe-043c-4f4e-be99-1b160439a42d,,,,,false,,image/jpeg,,false,,9d614813-7428-4855-a64a-ea39463276dd,,,,,animal,,,,,,,,,,,,,,,,,,,,
,CT18,SynologyDrive,05160089.JPG,CT18, 2025-05-16 12:27:02,e1d9986b-1944-497f-bcca-8b9f442eeaab,,,,,false,,image/jpeg,,false,,5a253178-268b-4dd8-9d48-22511b8b3cc3,,,,,animal,,,,,,,,,,,,,,,,,,,,
,CT18,SynologyDrive,05230097.JPG,CT18, 2025-05-23 18:53:48,0107d38a-bc18-4c77-88db-3aed3a31c974,,,,,false,,image/jpeg,,false,,085acd72-7a8a-4b84-9af1-39efb4ec4310,,,,,animal,,,,,,,,,,,,,,,,,,,,
,CT18,SynologyDrive,06020101.JPG,CT18, 2025-06-02 15:12:45,3c759efa-fb3a-4177-8eab-5002ecb93822,,,,,false,,image/jpeg,,false,,032d9b7d-fa86-4749-a4c7-89a36ef56279,,,,,animal,,,,,,,,,,,,,,,,,,,,
,CT18,SynologyDrive,06030105.JPG,CT18, 2025-06-03 09:11:22,af7d4b81-0c96-4296-8c01-249745ff78b8,,,,,false,,image/jpeg,,false,,ba2fd2c3-56b1-48ab-b7ff-ed1d8d33b561,,,,,animal,,,,,,,,,,,,,,,,,,,,
,CT18,SynologyDrive,06060109.JPG,CT18, 2025-06-06 19:16:38,7ec231a7-1a76-4b00-bd6e-dc6889e890f1,,,,,false,,image/jpeg,,false,,758560bb-82c4-43d6-9fac-6b4a8194bfd6,,,,,animal,,,,,,,,,,,,,,,,,,,,
,CT19,SynologyDrive,01010110.JPG,CT19, 2017-01-01 00:00:00,cbc6ac01-326f-468f-8e01-11a449caee04,,,,,false,,image/jpeg,,false,,68717b54-d7ad-44ec-8e4a-4a06bdd5c06c,,,,,animal,,,,,,,,,,,,,,,,,,,,
,CT19,SynologyDrive,01010182.JPG,CT19, 2017-01-01 00:00:00,9504d244-1030-4ce8-a39c-5b9bee0e0398,,,,,false,,image/jpeg,,false,,3f8cff23-be9f-466f-b2ce-511f4bf03ffc,,,,,animal,,,,,,,,,,,,,,,,,,,,
,CT19,SynologyDrive,01010209.JPG,CT19, 2017-01-01 00:00:00,8f62cc7d-54a9-4adf-acd8-c034858452af,,,,,false,,image/jpeg,,false,,1094c7f6-3749-4686-94ed-38c7f71aa030,,,,,animal,,,,,,,,,,,,,,,,,,,,
,CT19,SynologyDrive,01010259.JPG,CT19, 2017-01-01 00:00:00,a14d13ec-2766-4a28-9ae9-e622be000703,,,,,false,,image/jpeg,,false,,fe51e777-2cb9-46c7-94dd-e67135d182c7,,,,,animal,,,,,,,,,,,,,,,,,,,,
,CT19,SynologyDrive,01010312.JPG,CT19, 2017-01-01 00:00:00,305a023c-8565-4d26-a407-3d6205356d09,,,,,false,,image/jpeg,,false,,6a320e6c-c6e9-4171-bd55-ce97802dcf28,,,,,animal,,,,,,,,,,,,,,,,,,,,
,CT19,SynologyDrive,01010346.JPG,CT19, 2017-01-01 00:00:00,21d3ddd7-033e-4509-94ff-aa1cd77faf94,,,,,false,,image/jpeg,,false,,3a345b76-b192-41dd-94e3-2575890c807c,,,,,animal,,,,,,,,,,,,,,,,,,,,
,CT19,SynologyDrive,01010362.JPG,CT19, 2017-01-01 00:00:00,07f7ebb0-8d89-46c8-a71e-cf85f00b87a9,,,,,false,,image/jpeg,,false,,e0874598-b556-45d8-85e1-e86974b56eca,,,,,animal,,,,,,,,,,,,,,,,,,,,
,CT19,SynologyDrive,01010393.JPG,CT19, 2017-01-01 00:00:00,63e771e8-7310-45b5-807e-7596a63ff3fc,,,,,false,,image/jpeg,,false,,1ec0ad91-46e3-4cbe-830a-50ed359c3e0e,,,,,animal,,,,,,,,,,,,,,,,,,,,
,CT19,SynologyDrive,01010452.JPG,CT19, 2017-01-01 00:00:00,6c072b12-e21c-42a0-8a1d-a36e87a7490c,,,,,false,,image/jpeg,,false,,d1658d54-bb10-4282-ba04-1e95f223326d,,,,,animal,,,,,,,,,,,,,,,,,,,,
,CT19,SynologyDrive,01010111.JPG,CT19, 2017-01-01 00:00:01,0623949e-3a83-439f-9f8c-10d922875116,,,,,false,,image/jpeg,,false,,ee138fd7-616d-42cc-9a77-b473f12197dd,,,,,animal,,,,,,,,,,,,,,,,,,,,
,CT19,SynologyDrive,01010183.JPG,CT19, 2017-01-01 00:00:01,e12febb5-5c7b-4bce-bec6-0b0afad20d35,,,,,false,,image/jpeg,,false,,a884356a-cd29-4445-aabc-6247607bd10c,,,,,animal,,,,,,,,,,,,,,,,,,,,
,CT19,SynologyDrive,01010314.JPG,CT19, 2017-01-01 00:00:09,89367dd9-52cc-4465-8bcc-bd8fb77cf220,,,,,false,,image/jpeg,,false,,4473dd29-a1ca-4a34-bc9c-14e00e79ff7a,,,,,animal,,,,,,,,,,,,,,,,,,,,
,CT19,SynologyDrive,01010456.JPG,CT19, 2017-01-01 00:00:46,da9b4475-2e63-4dcd-9b48-6847d5aa512e,,,,,false,,image/jpeg,,false,,2a48f49f-adfa-4bcb-a12d-5f4572f0d701,,,,,animal,,,,,,,,,,,,,,,,,,,,
,CT19,SynologyDrive,01010282.JPG,CT19, 2017-01-01 00:04:02,a92abc53-a12b-42e0-a475-f6a61b0f3dc6,,,,,false,,image/jpeg,,false,,ef4d88f1-1a85-4c3d-8b59-047616963b86,,,,,animal,,,,,,,,,,,,,,,,,,,,
,CT19,SynologyDrive,01010404.JPG,CT19, 2017-01-01 00:24:40,d405c5c9-554b-49fa-a9f7-357fb7cd8b68,,,,,false,,image/jpeg,,false,,9d5bd0e6-d61c-4d3b-906d-f8f60f1f8dc3,,,,,animal,,,,,,,,,,,,,,,,,,,,
,CT19,SynologyDrive,01010366.JPG,CT19, 2017-01-01 01:07:38,0aa15f90-5acc-484d-8585-b0df891663d6,,,,,false,,image/jpeg,,false,,1746c45b-1d92-42c8-8d8e-5412285799d3,,,,,animal,,,,,,,,,,,,,,,,,,,,
,CT19,SynologyDrive,01010368.JPG,CT19, 2017-01-01 01:07:46,bc663f67-35e5-447f-9197-37ef3d2041f8,,,,,false,,image/jpeg,,false,,21c9d354-e8cd-4143-b240-557da3aca322,,,,,animal,,,,,,,,,,,,,,,,,,,,
,CT19,SynologyDrive,01010370.JPG,CT19, 2017-01-01 01:07:53,ad47e796-643a-4ef2-849a-13cec5037cbc,,,,,false,,image/jpeg,,false,,4030f47b-ca9e-402d-9353-37b01601b267,,,,,animal,,,,,,,,,,,,,,,,,,,,
,CT19,SynologyDrive,01010372.JPG,CT19, 2017-01-01 01:11:40,ae113342-e7e3-4852-b3b1-abccec7d99d0,,,,,false,,image/jpeg,,false,,5d18eaff-a1d5-4114-bbf4-f5a71ffd1015,,,,,animal,,,,,,,,,,,,,,,,,,,,
,CT19,SynologyDrive,01010374.JPG,CT19, 2017-01-01 01:11:47,869f88fd-e648-46b8-b852-d05373ebf905,,,,,false,,image/jpeg,,false,,5f09d6a2-402c-4f78-a7a2-b0adbdfa9c15,,,,,animal,,,,,,,,,,,,,,,,,,,,
,CT19,SynologyDrive,01010376.JPG,CT19, 2017-01-01 01:14:53,4429bdd4-5ec2-417c-b99e-408e1e8591f1,,,,,false,,image/jpeg,,false,,6d0a3285-d47a-49e2-a4ab-180c59bc915f,,,,,animal,,,,,,,,,,,,,,,,,,,,
,CT19,SynologyDrive,01010378.JPG,CT19, 2017-01-01 01:15:02,ba4f2127-76e9-4254-869c-d842c5cdb776,,,,,false,,image/jpeg,,false,,d3ac487c-fc51-4c12-90f5-4e39e822d9d2,,,,,animal,,,,,,,,,,,,,,,,,,,,
,CT19,SynologyDrive,01010352.JPG,CT19, 2017-01-01 01:43:08,0e06377a-382e-4a6a-b4d9-0a98767450f0,,,,,false,,image/jpeg,,false,,a2b157a8-55e1-404d-af8b-b945d9e2c028,,,,,animal,,,,,,,,,,,,,,,,,,,,
,CT19,SynologyDrive,01010354.JPG,CT19, 2017-01-01 01:43:18,bc6db334-490f-4498-99fd-24666accf8a3,,,,,false,,image/jpeg,,false,,0217dc15-26c7-4eeb-8b0a-390691cb5765,,,,,animal,,,,,,,,,,,,,,,,,,,,
,CT19,SynologyDrive,01010287.JPG,CT19, 2017-01-01 01:52:49,e52688ba-e9a2-490b-934b-348f6665dd47,,,,,false,,image/jpeg,,false,,68a32bd1-c702-4961-9867-42aa245a52b4,,,,,animal,,,,,,,,,,,,,,,,,,,,
,CT19,SynologyDrive,01010289.JPG,CT19, 2017-01-01 01:53:00,55bafc9e-1d63-40f6-bca6-da0770bd719b,,,,,false,,image/jpeg,,false,,83476dec-151b-4971-87ff-a6124033fee1,,,,,animal,,,,,,,,,,,,,,,,,,,,
,CT19,SynologyDrive,01010316.JPG,CT19, 2017-01-01 02:28:57,bd03e6fe-1c7c-4212-b1fa-71822aa0bfbf,,,,,false,,image/jpeg,,false,,5c081f9b-5f65-4f7c-9e6f-b9c6c83640a3,,,,,animal,,,,,,,,,,,,,,,,,,,,
,CT19,SynologyDrive,01010318.JPG,CT19, 2017-01-01 02:33:00,155ec249-35ba-48c6-9774-1c80b4e6636a,,,,,false,,image/jpeg,,false,,bdb0424d-37ee-4978-b1b5-58e20ec56e65,,,,,animal,,,,,,,,,,,,,,,,,,,,
,CT19,SynologyDrive,01010320.JPG,CT19, 2017-01-01 02:37:50,61b8e26d-df1e-4208-92aa-df31970ad12b,,,,,false,,image/jpeg,,false,,17b6d4a4-8465-458c-84f9-61798be36fd1,,,,,animal,,,,,,,,,,,,,,,,,,,,
,CT19,SynologyDrive,01010241.JPG,CT19, 2017-01-01 04:01:20,59ae6b54-cd5d-4fc7-a286-711ea5b9e52b,,,,,false,,image/jpeg,,false,,21bdc4e8-d5b6-4232-9ad3-62e8f9c215b9,,,,,animal,,,,,,,,,,,,,,,,,,,,
,CT19,SynologyDrive,01010385.JPG,CT19, 2017-01-01 04:20:13,c460186e-e0cb-4fe3-a9bb-e3bd789ccb7f,,,,,false,,image/jpeg,,false,,330fe9eb-e338-4dd5-bc9c-765cd48862ac,,,,,animal,,,,,,,,,,,,,,,,,,,,
,CT19,SynologyDrive,01010387.JPG,CT19, 2017-01-01 05:57:37,400e9404-c061-41a0-99b0-6aa495b9c713,,,,,false,,image/jpeg,,false,,2dbb6d06-242c-4dfb-bdd9-9dc702361689,,,,,animal,,,,,,,,,,,,,,,,,,,,
,CT19,SynologyDrive,01010389.JPG,CT19, 2017-01-01 05:57:44,7502b11d-2dc3-4356-8b3d-54e4ca300a43,,,,,false,,image/jpeg,,false,,512bac74-8144-4c6a-9161-cdacc91684ec,,,,,animal,,,,,,,,,,,,,,,,,,,,
,CT19,SynologyDrive,01010391.JPG,CT19, 2017-01-01 05:57:53,290075e0-e46e-4b30-80a6-060902d37d36,,,,,false,,image/jpeg,,false,,867a84d3-9393-4325-aead-71058cec1e51,,,,,animal,,,,,,,,,,,,,,,,,,,,
,CT19,SynologyDrive,01010244.JPG,CT19, 2017-01-01 06:22:21,73143e48-ea77-4961-b990-7897e9666381,,,,,false,,image/jpeg,,false,,62ccdc9c-81c1-4ded-92f7-5ea84706669a,,,,,animal,,,,,,,,,,,,,,,,,,,,
,CT19,SynologyDrive,01010247.JPG,CT19, 2017-01-01 06:22:35,7db9473d-7e66-457c-ab6a-316963108e37,,,,,false,,image/jpeg,,false,,c1613be8-354a-4554-8212-a2ed168626c4,,,,,animal,,,,,,,,,,,,,,,,,,,,
,CT19,SynologyDrive,01010297.JPG,CT19, 2017-01-01 07:54:20,4d2dbb37-52a4-46c8-a3fa-28f4f4410db2,,,,,false,,image/jpeg,,false,,917078fb-4efa-4b47-98ec-ea719f0a929a,,,,,animal,,,,,,,,,,,,,,,,,,,,
,CT19,SynologyDrive,01010322.JPG,CT19, 2017-01-01 09:24:30,8a526cf6-5e80-4edb-b95a-5201845b219f,,,,,false,,image/jpeg,,false,,7a9a2d1f-a180-4b74-a6b3-34a59145cd01,,,,,animal,,,,,,,,,,,,,,,,,,,,
,CT19,SynologyDrive,01010324.JPG,CT19, 2017-01-01 09:24:53,c3d6eb97-5a33-4144-8746-15d13cc6a6c4,,,,,false,,image/jpeg,,false,,fc1276f9-841f-4630-922f-677ebb608723,,,,,animal,,,,,,,,,,,,,,,,,,,,
,CT19,SynologyDrive,01010326.JPG,CT19, 2017-01-01 09:25:01,259fc55a-1db1-4de0-a367-8c16cf012195,,,,,false,,image/jpeg,,false,,e285d22a-b200-45a3-9986-591201e4caa7,,,,,animal,,,,,,,,,,,,,,,,,,,,
,CT19,SynologyDrive,01010328.JPG,CT19, 2017-01-01 09:25:18,c2a288e7-22ab-4145-8549-11b02b3ba1e0,,,,,false,,image/jpeg,,false,,9a48c7d7-a044-4db0-8ea7-14305d2d4e92,,,,,animal,,,,,,,,,,,,,,,,,,,,
,CT19,SynologyDrive,01010334.JPG,CT19, 2017-01-01 09:25:53,e32fcc8a-bf42-4ad4-908e-fa0f317cfdd8,,,,,false,,image/jpeg,,false,,849192c1-9236-46fd-982b-c3ebe6234dfe,,,,,animal,,,,,,,,,,,,,,,,,,,,
,CT19,SynologyDrive,01010337.JPG,CT19, 2017-01-01 10:06:40,e6167b7a-844d-4c6d-bc06-dcd19fac3eea,,,,,false,,image/jpeg,,false,,2913a6b2-99ad-4484-bf45-54460014bb76,,,,,animal,,,,,,,,,,,,,,,,,,,,
,CT19,SynologyDrive,01010339.JPG,CT19, 2017-01-01 10:06:47,87da15f0-45f4-4053-b414-56e707aba7d2,,,,,false,,image/jpeg,,false,,11479f57-10dc-4176-998d-95e73490b57d,,,,,animal,,,,,,,,,,,,,,,,,,,,
,CT19,SynologyDrive,01010341.JPG,CT19, 2017-01-01 10:07:03,3537ab8a-48c8-48f6-b328-e56863423db0,,,,,false,,image/jpeg,,false,,df32575d-ae64-4d13-a4dc-558ce605f621,,,,,animal,,,,,,,,,,,,,,,,,,,,
,CT19,SynologyDrive,01010344.JPG,CT19, 2017-01-01 10:13:37,f72cb3e4-7600-4294-a827-e8ddff2d434b,,,,,false,,image/jpeg,,false,,2fefb740-0e19-4bbf-aa3a-e236ee39d56e,,,,,animal,,,,,,,,,,,,,,,,,,,,
,CT19,SynologyDrive,01010249.JPG,CT19, 2017-01-01 11:10:22,2f3d833f-67b6-461c-a508-7be3586bb5dd,,,,,false,,image/jpeg,,false,,a4c4d3b6-0201-4c68-a2e1-0c437f602f98,,,,,animal,,,,,,,,,,,,,,,,,,,,
,CT19,SynologyDrive,01010252.JPG,CT19, 2017-01-01 11:11:19,fa68b326-58bc-4269-8845-2c4c13a3d9f7,,,,,false,,image/jpeg,,false,,bb27a230-6e28-44c5-b44c-0a7c54c2fca6,,,,,animal,,,,,,,,,,,,,,,,,,,,
,CT19,SynologyDrive,01010360.JPG,CT19, 2017-01-01 11:31:19,52df7f35-d66e-46c6-b783-2e9d12dde7b4,,,,,false,,image/jpeg,,false,,b7192498-83b4-4515-8231-1f07ccc78bca,,,,,animal,,,,,,,,,,,,,,,,,,,,
,CT19,SynologyDrive,01010448.JPG,CT19, 2017-01-01 14:07:12,9291a7a8-8330-424a-b739-947f2793e348,,,,,false,,image/jpeg,,false,,41c21441-9796-48c6-9272-1f8c90da1afe,,,,,animal,,,,,,,,,,,,,,,,,,,,
,CT19,SynologyDrive,01010254.JPG,CT19, 2017-01-01 15:19:04,45af5504-a8ad-4e7d-a7a9-ae49b9d9b297,,,,,false,,image/jpeg,,false,,10d60c71-720b-4605-9615-ea4128387e7a,,,,,animal,,,,,,,,,,,,,,,,,,,,
,CT19,SynologyDrive,01010257.JPG,CT19, 2017-01-01 15:20:00,a0212e99-d1bc-4457-84a2-9d5e11f0e905,,,,,false,,image/jpeg,,false,,380072ec-c118-4708-8af5-7af477f04d82,,,,,animal,,,,,,,,,,,,,,,,,,,,
,CT19,SynologyDrive,05010421.JPG,CT19, 2017-01-01 15:24:05,727b9a31-db35-4dac-9a76-fbfb58fd37fd,,,,,false,,image/jpeg,,false,,b36d0bb8-b060-4311-bd9e-a35661a265a8,,,,,animal,,,,,,,,,,,,,,,,,,,,
,CT19,SynologyDrive,02140131.JPG,CT19, 2017-01-01 19:35:57,b3a9fee0-4b9f-45b6-9267-caa74f6eddcb,,,,,false,,image/jpeg,,false,,a9c9b7de-1f6e-473c-bdc6-585479fc9d34,,,,,animal,,,,,,,,,,,,,,,,,,,,
,CT19,SynologyDrive,01010299.JPG,CT19, 2017-01-01 21:04:41,dc5adbfe-2903-4931-97ee-cd804c6df46e,,,,,false,,image/jpeg,,false,,33275ffc-2e7a-4795-8508-4671253d3482,,,,,animal,,,,,,,,,,,,,,,,,,,,
,CT19,SynologyDrive,01010301.JPG,CT19, 2017-01-01 21:06:45,aceab19d-b6d7-4858-a2aa-820edc97d554,,,,,false,,image/jpeg,,false,,ce430edd-855f-4a88-a97d-c018c6ff8c63,,,,,animal,,,,,,,,,,,,,,,,,,,,
,CT19,SynologyDrive,01010303.JPG,CT19, 2017-01-01 21:06:53,39004609-c36b-4996-8640-2ce96624525d,,,,,false,,image/jpeg,,false,,fbe31f4b-bef7-4675-af62-1869f504edc5,,,,,animal,,,,,,,,,,,,,,,,,,,,
,CT19,SynologyDrive,01010305.JPG,CT19, 2017-01-01 21:07:31,727c9a4e-af78-45d2-adde-46b6bfb4712d,,,,,false,,image/jpeg,,false,,7099f716-fc3a-4cb5-8fed-c24c7fcd7eef,,,,,animal,,,,,,,,,,,,,,,,,,,,
,CT19,SynologyDrive,01010212.JPG,CT19, 2017-01-01 22:59:33,6a1867d5-8460-4b3f-9447-82a373d6f783,,,,,false,,image/jpeg,,false,,2751c5fe-2872-4009-a251-23b219f09b5b,,,,,animal,,,,,,,,,,,,,,,,,,,,
,CT19,SynologyDrive,01010213.JPG,CT19, 2017-01-01 22:59:34,2920d44b-1da7-4d43-8207-6791ba44f693,,,,,false,,image/jpeg,,false,,6dd059c0-9ed3-4625-8a1b-f6a21526bcdc,,,,,animal,,,,,,,,,,,,,,,,,,,,
,CT19,SynologyDrive,01010215.JPG,CT19, 2017-01-01 23:00:17,21f535a8-767b-453b-809a-06a6944a0add,,,,,false,,image/jpeg,,false,,3ea19a64-079f-48db-aff4-6e63ce8b8893,,,,,animal,,,,,,,,,,,,,,,,,,,,
,CT19,SynologyDrive,01010216.JPG,CT19, 2017-01-01 23:00:18,274c29bc-b453-46df-b701-11ba106c392f,,,,,false,,image/jpeg,,false,,9ffb8f37-05db-444e-aa8a-546f5af8f85c,,,,,animal,,,,,,,,,,,,,,,,,,,,
,CT19,SynologyDrive,01020262.JPG,CT19, 2017-01-02 03:05:11,ea3d244b-08e5-43a2-8278-c60936b3c831,,,,,false,,image/jpeg,,false,,63a6c168-779f-4e7b-8db9-ed5d9e61a560,,,,,animal,,,,,,,,,,,,,,,,,,,,
,CT19,SynologyDrive,01020265.JPG,CT19, 2017-01-02 03:06:31,9f538b1e-3208-49dc-8c4b-c77e801ccf7b,,,,,false,,image/jpeg,,false,,6d2a59f1-9e9b-437a-82f2-d07244a1df8b,,,,,animal,,,,,,,,,,,,,,,,,,,,
,CT19,SynologyDrive,01020267.JPG,CT19, 2017-01-02 03:07:04,4b79665f-2f00-4802-a9f2-589d2d161c17,,,,,false,,image/jpeg,,false,,93dde7ea-a4d1-4d91-b67d-8054cbef0342,,,,,animal,,,,,,,,,,,,,,,,,,,,
,CT19,SynologyDrive,01020218.JPG,CT19, 2017-01-02 10:12:57,85a3d3d4-4e2a-4f77-beaa-7d2cc9f5f197,,,,,false,,image/jpeg,,false,,0a65118a-e928-4dff-99b7-f14a661c0a09,,,,,animal,,,,,,,,,,,,,,,,,,,,
,CT19,SynologyDrive,01020221.JPG,CT19, 2017-01-02 10:13:19,98fbd213-bacd-45dc-a415-2de3276dc455,,,,,false,,image/jpeg,,false,,db63eb4b-ca7f-4f8a-9624-09cb175653dc,,,,,animal,,,,,,,,,,,,,,,,,,,,
,CT19,SynologyDrive,01020179.JPG,CT19, 2017-01-02 10:23:53,4f3930c2-27d9-48da-b0e3-1415a3244234,,,,,false,,image/jpeg,,false,,894836cb-2a68-4407-9f49-6a89631ce49f,,,,,animal,,,,,,,,,,,,,,,,,,,,
,CT19,SynologyDrive,01020223.JPG,CT19, 2017-01-02 12:48:55,42c010d9-ea51-4210-9ca9-804021d001fb,,,,,false,,image/jpeg,,false,,2c5ffff6-0971-40fb-ad1c-0fe87a655540,,,,,animal,,,,,,,,,,,,,,,,,,,,
,CT19,SynologyDrive,01020271.JPG,CT19, 2017-01-02 21:14:24,8bb4d0c1-504c-4511-8b92-76d32af4a7f2,,,,,false,,image/jpeg,,false,,7a87e18f-a350-45a8-b226-5961032d0df5,,,,,animal,,,,,,,,,,,,,,,,,,,,
,CT19,SynologyDrive,01020272.JPG,CT19, 2017-01-02 21:14:25,7fa7e758-ea98-47e9-a53c-e86014c1b47a,,,,,false,,image/jpeg,,false,,86c59309-da1c-4de2-b97d-e79d175b9b33,,,,,animal,,,,,,,,,,,,,,,,,,,,
,CT19,SynologyDrive,01020273.JPG,CT19, 2017-01-02 21:14:26,1898d948-620d-43f1-b561-c61dafd069f0,,,,,false,,image/jpeg,,false,,d9938586-1dec-4e88-ae56-d4f89303f9f2,,,,,animal,,,,,,,,,,,,,,,,,,,,
,CT19,SynologyDrive,01030229.JPG,CT19, 2017-01-03 05:24:26,bc49d1a3-5ea3-4a19-ab0a-370f8f0e9873,,,,,false,,image/jpeg,,false,,8153bb3f-9182-44ae-92d3-34d2bb02b03a,,,,,animal,,,,,,,,,,,,,,,,,,,,
,CT19,SynologyDrive,01030232.JPG,CT19, 2017-01-03 05:25:05,cd2ff414-52c5-4904-9370-3d94c038da08,,,,,false,,image/jpeg,,false,,78b6c52b-7fcd-490f-91c1-3d9c9ec77b62,,,,,animal,,,,,,,,,,,,,,,,,,,,
,CT19,SynologyDrive,01030235.JPG,CT19, 2017-01-03 06:05:58,1bd953bb-839e-4028-b0b8-d7b9359b9239,,,,,false,,image/jpeg,,false,,14839688-ee13-4c31-93d3-fb3215ff8302,,,,,animal,,,,,,,,,,,,,,,,,,,,
,CT19,SynologyDrive,01030308.JPG,CT19, 2017-01-03 08:13:12,20d67a0f-4a87-418b-8fb5-b92e9de18f53,,,,,false,,image/jpeg,,false,,33a056c6-9ff4-41d6-bb8c-00106293ef39,,,,,animal,,,,,,,,,,,,,,,,,,,,
,CT19,SynologyDrive,01030310.JPG,CT19, 2017-01-03 08:13:22,031de433-dcbc-4e63-b415-bed5e0500102,,,,,false,,image/jpeg,,false,,7b5a5fe8-b327-4f4c-adae-0c7f9c321759,,,,,animal,,,,,,,,,,,,,,,,,,,,
,CT19,SynologyDrive,01030274.JPG,CT19, 2017-01-03 08:49:48,de9c8d13-89bf-4fb8-8072-e45960e70559,,,,,false,,image/jpeg,,false,,f624c9f0-97ac-4f1a-a9ee-ac65bca8cd32,,,,,animal,,,,,,,,,,,,,,,,,,,,
,CT19,SynologyDrive,01030185.JPG,CT19, 2017-01-03 21:33:55,0429a571-7afb-4a61-ad2a-ddcee15c625f,,,,,false,,image/jpeg,,false,,c65b8f35-cd66-446a-8893-25efa958cc95,,,,,animal,,,,,,,,,,,,,,,,,,,,
,CT19,SynologyDrive,01030189.JPG,CT19, 2017-01-03 21:46:07,99c9b46b-043b-43c4-99fc-9e59627fc488,,,,,false,,image/jpeg,,false,,9d0759ed-07cc-4da6-8f95-34fd56c56455,,,,,animal,,,,,,,,,,,,,,,,,,,,
,CT19,SynologyDrive,03130006.JPG,CT19, 2017-01-04 02:36:19,30791f1c-b10c-4037-9daa-441838d563f9,,,,,false,,image/jpeg,,false,,81a05141-95c1-4729-be52-538cbe3f7a18,,,,,animal,,,,,,,,,,,,,,,,,,,,
,CT19,SynologyDrive,03130008.JPG,CT19, 2017-01-04 02:36:40,1e5aeaf1-a47d-4d17-85d7-5584182a1b85,,,,,false,,image/jpeg,,false,,1d48c02c-666a-4bf0-bb55-d03ec83c5324,,,,,animal,,,,,,,,,,,,,,,,,,,,
,CT19,SynologyDrive,03130009.JPG,CT19, 2017-01-04 02:36:41,694b816a-6ed8-4785-8cb6-aa658fa55f3a,,,,,false,,image/jpeg,,false,,c5430c57-7ea9-49c6-8bfa-cbef166f119e,,,,,animal,,,,,,,,,,,,,,,,,,,,
,CT19,SynologyDrive,03130011.JPG,CT19, 2017-01-04 02:37:02,46a1ad8b-8348-4593-bae0-78a204d06563,,,,,false,,image/jpeg,,false,,e3007266-43fc-41d2-929f-211d9c305595,,,,,animal,,,,,,,,,,,,,,,,,,,,
,CT19,SynologyDrive,03130012.JPG,CT19, 2017-01-04 02:37:03,8396f348-87d4-4004-9b3e-90f6a48388b1,,,,,false,,image/jpeg,,false,,af127ff5-62d1-4dae-aea4-ad6520e51e63,,,,,animal,,,,,,,,,,,,,,,,,,,,
,CT19,SynologyDrive,03130014.JPG,CT19, 2017-01-04 02:37:28,5bc1d93e-7106-484e-b0ec-4008c9be21bc,,,,,false,,image/jpeg,,false,,9552fe4a-7a6a-4d1c-80eb-73a3075eb619,,,,,animal,,,,,,,,,,,,,,,,,,,,
,CT19,SynologyDrive,03130015.JPG,CT19, 2017-01-04 02:37:29,2d45a397-05e2-4d21-89fe-09611aee0193,,,,,false,,image/jpeg,,false,,4b7dae34-8e73-4718-a908-343fc0320557,,,,,animal,,,,,,,,,,,,,,,,,,,,
,CT19,SynologyDrive,03130017.JPG,CT19, 2017-01-04 02:37:49,424a6b21-fed6-4df4-acfb-19dcdf797648,,,,,false,,image/jpeg,,false,,629ae732-d7d5-4bdf-85d4-02edd85b26ae,,,,,animal,,,,,,,,,,,,,,,,,,,,
,CT19,SynologyDrive,03130018.JPG,CT19, 2017-01-04 02:37:50,2a74a062-ced5-4f81-9df5-acc96fb60a49,,,,,false,,image/jpeg,,false,,14f2ba1e-6f49-4051-9932-78a2e185cee6,,,,,animal,,,,,,,,,,,,,,,,,,,,
,CT19,SynologyDrive,03130020.JPG,CT19, 2017-01-04 02:38:11,fed8ea3c-46f3-4982-8242-6b45d5e1da96,,,,,false,,image/jpeg,,false,,95e22491-ee8e-4333-96c4-736a5b6034ae,,,,,animal,,,,,,,,,,,,,,,,,,,,
,CT19,SynologyDrive,03130021.JPG,CT19, 2017-01-04 02:38:12,8523ba02-383c-403c-8300-dcbabb1dd294,,,,,false,,image/jpeg,,false,,13aca4d1-4c3c-4333-a0ee-96abad423a0a,,,,,animal,,,,,,,,,,,,,,,,,,,,
,CT19,SynologyDrive,03130023.JPG,CT19, 2017-01-04 02:38:34,ad7e9261-cea4-4879-9e94-544ecfc4da2e,,,,,false,,image/jpeg,,false,,156c5507-4b59-4633-9cd5-1e524a1e31b8,,,,,animal,,,,,,,,,,,,,,,,,,,,
,CT19,SynologyDrive,03130024.JPG,CT19, 2017-01-04 02:38:35,dae16904-e8a4-4123-9a70-39cd206f8ba4,,,,,false,,image/jpeg,,false,,7ba835fc-b309-4104-ac7b-db7aad59c668,,,,,animal,,,,,,,,,,,,,,,,,,,,
,CT19,SynologyDrive,03130026.JPG,CT19, 2017-01-04 02:38:56,92243cc1-569f-4d8e-9b2e-f0494b54d069,,,,,false,,image/jpeg,,false,,de19bad8-be1e-4bad-b031-8a67980e4cf7,,,,,animal,,,,,,,,,,,,,,,,,,,,
,CT19,SynologyDrive,03130027.JPG,CT19, 2017-01-04 02:38:57,6774bb56-0711-4917-bc81-e2882fdbb969,,,,,false,,image/jpeg,,false,,38f4f1e0-2342-4c41-9962-a0b26e3d2310,,,,,animal,,,,,,,,,,,,,,,,,,,,
,CT19,SynologyDrive,01040276.JPG,CT19, 2017-01-04 08:15:13,7fe2b4a2-4538-43be-a77a-cd1b18acc7b2,,,,,false,,image/jpeg,,false,,6d29e75d-a5eb-4506-a25d-3321c6c0fe43,,,,,animal,,,,,,,,,,,,,,,,,,,,
,CT19,SynologyDrive,02160059.JPG,CT19, 2017-01-05 08:24:07,0509980b-8022-4c18-b839-8d0e022b6e0f,,,,,false,,image/jpeg,,false,,5b4881e3-8afe-4e1c-b3a4-204fb627bd8b,,,,,animal,,,,,,,,,,,,,,,,,,,,
,CT19,SynologyDrive,02170062.JPG,CT19, 2017-01-05 22:48:21,2ae6f2c7-f03c-4403-bf14-2f0890885def,,,,,false,,image/jpeg,,false,,6cdecc0e-4880-4eb9-814c-cef18da2b9ba,,,,,animal,,,,,,,,,,,,,,,,,,,,
,CT19,SynologyDrive,02170063.JPG,CT19, 2017-01-05 22:48:22,afca9148-93af-4224-a2c4-e387e7505e66,,,,,false,,image/jpeg,,false,,191677f3-f621-4749-b4bc-454ef28c6278,,,,,animal,,,,,,,,,,,,,,,,,,,,
,CT19,SynologyDrive,02170065.JPG,CT19, 2017-01-05 22:48:44,ffc2c401-463b-4f16-8ad6-ea2efefa4657,,,,,false,,image/jpeg,,false,,a3cf64d2-1624-4908-b896-fef1922e5b2e,,,,,animal,,,,,,,,,,,,,,,,,,,,
,CT19,SynologyDrive,02170066.JPG,CT19, 2017-01-05 22:48:45,42815e0d-812c-4aad-b5d9-429257c759b4,,,,,false,,image/jpeg,,false,,ef0e6230-8774-43e6-bc8e-0964f12324ba,,,,,animal,,,,,,,,,,,,,,,,,,,,
,CT20,SynologyDrive,01310064.JPG,CT20, 2025-01-31 05:57:45,dcfe73bb-1016-4e58-9954-597ab4ec27f8,,,,,false,,image/jpeg,,false,,0ad9083b-ec44-436e-9b7c-c734f7328dbc,,,,,animal,,,,,,,,,,,,,,,,,,,,
,CT20,SynologyDrive,02010118.JPG,CT20, 2025-02-01 08:30:30,53ccca97-a469-4acc-8f00-a57001aa4d8b,,,,,false,,image/jpeg,,false,,45c273e7-0b0e-42f6-aece-9dac4eb0f557,,,,,animal,,,,,,,,,,,,,,,,,,,,
,CT20,SynologyDrive,02050278.JPG,CT20, 2025-02-05 16:17:39,143755d8-c381-420b-8669-002735c4c4a7,,,,,false,,image/jpeg,,false,,4c86e02f-e2a3-4a00-89d3-a9d59d5b51d5,,,,,animal,,,,,,,,,,,,,,,,,,,,
,CT20,SynologyDrive,02060454.JPG,CT20, 2025-02-06 10:38:37,7e8def2f-cbbd-48c7-9263-94fc82c06621,,,,,false,,image/jpeg,,false,,aac7ae34-bace-4ba7-843f-2ca18af84c01,,,,,animal,,,,,,,,,,,,,,,,,,,,
,CT20,SynologyDrive,02060455.JPG,CT20, 2025-02-06 10:38:38,24f500cf-fa47-4e48-b294-3e2b6f13ac65,,,,,false,,image/jpeg,,false,,e88f4ad8-edff-4ccc-a89b-76415640e45f,,,,,animal,,,,,,,,,,,,,,,,,,,,
,CT20,SynologyDrive,02060478.JPG,CT20, 2025-02-06 16:16:03,1f6c308f-d90e-41fa-9e7f-54e9c1f587e9,,,,,false,,image/jpeg,,false,,508fa104-b427-4094-b02d-4f0f0ba7e47d,,,,,animal,,,,,,,,,,,,,,,,,,,,
,CT20,SynologyDrive,02060479.JPG,CT20, 2025-02-06 16:16:04,19144968-21c5-4015-9c40-53f13c61fe18,,,,,false,,image/jpeg,,false,,a732a19a-55cc-4ee8-88e1-15ce9a9ce41a,,,,,animal,,,,,,,,,,,,,,,,,,,,
,CT20,SynologyDrive,02060481.JPG,CT20, 2025-02-06 16:17:26,bb49870b-effc-4229-b7f9-2b46f7b834cd,,,,,false,,image/jpeg,,false,,6e206f44-32f4-40b8-8451-f0066c224a2f,,,,,animal,,,,,,,,,,,,,,,,,,,,
,CT20,SynologyDrive,02060482.JPG,CT20, 2025-02-06 16:17:27,76eea3f1-cff0-41b1-a887-4592634cb098,,,,,false,,image/jpeg,,false,,22956c6c-f423-4501-97ed-475ce8061375,,,,,animal,,,,,,,,,,,,,,,,,,,,
,CT20,SynologyDrive,02070613.JPG,CT20, 2025-02-07 15:44:27,d222ce01-ba06-4272-aa71-f88e269587ab,,,,,false,,image/jpeg,,false,,a5393675-bfb7-45c8-87ab-43ac19e0de0c,,,,,animal,,,,,,,,,,,,,,,,,,,,
,CT20,SynologyDrive,02070655.JPG,CT20, 2025-02-07 16:23:48,fa409c2e-247a-44fb-a2bc-0e77cadc313c,,,,,false,,image/jpeg,,false,,21316e43-6446-47bf-b0b8-b4f31ed7aa8d,,,,,animal,,,,,,,,,,,,,,,,,,,,
,CT20,SynologyDrive,02080736.JPG,CT20, 2025-02-08 16:01:46,9020d6cc-86d2-4be2-ba2b-03a55662c3ca,,,,,false,,image/jpeg,,false,,1d136808-5396-40a3-b0e1-b51747d7e2d9,,,,,animal,,,,,,,,,,,,,,,,,,,,
,CT20,SynologyDrive,02080737.JPG,CT20, 2025-02-08 16:01:47,df09c7fd-6d8c-41e7-888e-033ffa3bb276,,,,,false,,image/jpeg,,false,,4643771e-1cab-45ff-812a-f495c8906bee,,,,,animal,,,,,,,,,,,,,,,,,,,,
,CT20,SynologyDrive,02140481.JPG,CT20, 2025-02-14 16:24:33,6109a7f6-616d-4244-8b06-c27c84792c7c,,,,,false,,image/jpeg,,false,,32905405-c201-4e4a-8f06-a1acb249dfa9,,,,,animal,,,,,,,,,,,,,,,,,,,,
,CT20,SynologyDrive,02140482.JPG,CT20, 2025-02-14 16:24:34,e44e09cc-d74a-4caa-97e9-f5272fd36688,,,,,false,,image/jpeg,,false,,7a3074a3-4e10-42f4-b9fc-32b51d8ec77a,,,,,animal,,,,,,,,,,,,,,,,,,,,
,CT20,SynologyDrive,02180980.JPG,CT20, 2025-02-18 15:02:48,aea6cf40-5e9b-48c5-9803-466c8899dc14,,,,,false,,image/jpeg,,false,,d55b985b-bdd3-4299-88cf-2900be3bc664,,,,,animal,,,,,,,,,,,,,,,,,,,,
,CT20,SynologyDrive,02270447.JPG,CT20, 2025-02-27 07:57:38,4575c1e3-b51d-4314-a6fb-3b75ee39d122,,,,,false,,image/jpeg,,false,,dbe6cb0b-029b-4f12-a2f6-d9e2cce811d9,,,,,animal,,,,,,,,,,,,,,,,,,,,
