DataPackage,Deployments,RootFolder,File,RelativePath,DateTime,mediaID,deploymentID,captureMethod,timestamp,filePath,filePublic,fileName,fileMediatype,exifData,favorite,mediaComments,observationID,eventID,eventStart,eventEnd,observationLevel,observationType,cameraSetupType,scientificName,count,lifeStage,sex,behavior,individualID,individualPositionRadius,individualPositionAngle,individualSpeed,bboxX,bboxY,bboxWidth,bboxHeight,classificationMethod,classifiedBy,classificationTimestamp,classificationProbability,observationTags,observationComments
,CT02,SynologyDrive,06220017.JPG,CT02, 2025-06-22 20:40:58,c1835214-3388-4958-8167-66eb32327dae,,,,,false,,image/jpeg,,false,,33181fa8-837d-4e99-9d52-7c23743ec20a,,,,,animal,,Leopardus guigna,,,,,,,,,,,,,machine,CLIP zero-shot,2026-08-18T21:19:49,0.2997,,Guiña
,CT02,SynologyDrive,06220018.JPG,CT02, 2025-06-22 20:40:59,0be9abd2-fec2-4c38-b8d3-a0f78db92c65,,,,,false,,image/jpeg,,false,,1f9900c3-1e3b-453a-bb55-1d9852080cc8,,,,,animal,,Lycalopex culpaeus,,,,,,,,,,,,,machine,CLIP zero-shot,2026-08-18T21:19:49,0.3211,,Zorro culpeo
,CT02,SynologyDrive,06220019.JPG,CT02, 2025-06-22 20:41:00,63a467c1-da0b-4f57-ae73-506b52d2c0df,,,,,false,,image/jpeg,,false,,cce19b93-9b55-4420-b46d-883779ae44a0,,,,,animal,,Leopardus guigna,,,,,,,,,,,,,machine,CLIP zero-shot,2026-08-18T21:19:49,0.3323,,Guiña
,CT02,SynologyDrive,06250021.JPG,CT02, 2025-06-25 06:48:01,79395c94-5a7e-4ee9-928d-e4fc00f99d22,,,,,false,,image/jpeg,,false,,3edf95f2-81cc-4214-b3b4-27e51db3df6f,,,,,animal,,Lepus europaeus,,,,,,,,,,,,,machine,CLIP zero-shot,2026-08-18T21:19:49,0.3246,,Liebre
,CT02,SynologyDrive,06250022.JPG,CT02, 2025-06-25 06:48:03,7add9881-1a1e-44d0-a043-19be82fe098b,,,,,false,,image/jpeg,,false,,1bd771e7-20ce-43c8-9479-864898b6ee38,,,,,animal,,Lepus europaeus,,,,,,,,,,,,,machine,CLIP zero-shot,2026-08-18T21:19:49,0.325,,Liebre
,CT02,SynologyDrive,06250023.JPG,CT02, 2025-06-25 06:48:05,1170dc40-7049-42f8-bfd7-bb1694c3e687,,,,,false,,image/jpeg,,false,,be099937-f583-4b2e-ace3-556aa371ba33,,,,,animal,,Lepus europaeus,,,,,,,,,,,,,machine,CLIP zero-shot,2026-08-18T21:19:49,0.3305,,Liebre
,CT02,SynologyDrive,06250025.JPG,CT02, 2025-06-25 06:59:06,15dd2f64-9e48-44e0-ab09-7931198838e1,,,,,false,,image/jpeg,,false,,3a107a5a-803e-404c-8515-ccc61d95b096,,,,,animal,,Lepus europaeus,,,,,,,,,,,,,machine,CLIP zero-shot,2026-08-18T21:19:49,0.3382,,Liebre
,CT02,SynologyDrive,06250026.JPG,CT02, 2025-06-25 06:59:08,3a63a348-6ea6-4395-b77c-9e82279c9dc0,,,,,false,,image/jpeg,,false,,d2c4b965-2b82-44e4-9a3c-deb8828eb599,,,,,animal,,Lepus europaeus,,,,,,,,,,,,,machine,CLIP zero-shot,2026-08-18T21:19:49,0.305,,Liebre
,CT02,SynologyDrive,06250027.JPG,CT02, 2025-06-25 06:59:10,6c182e10-739f-4219-9e1b-430f24f78857,,,,,false,,image/jpeg,,false,,89153825-7554-48be-9b58-ef4d4bc38314,,,,,animal,,Lepus europaeus,,,,,,,,,,,,,machine,CLIP zero-shot,2026-08-18T21:19:49,0.2965,,Liebre
,CT02,SynologyDrive,06250029.JPG,CT02, 2025-06-25 07:05:34,364a8d6c-f112-4333-8eca-8e8f3f5f5900,,,,,false,,image/jpeg,,false,,dcb89a40-1a1c-46fc-856a-64d23449ab53,,,,,animal,,Lepus europaeus,,,,,,,,,,,,,machine,CLIP zero-shot,2026-08-18T21:19:49,0.323,,Liebre
,CT02,SynologyDrive,06250030.JPG,CT02, 2025-06-25 07:05:36,f6975883-65f3-4f70-a919-f9f8007c7b87,,,,,false,,image/jpeg,,false,,0eb84960-7c01-492e-9985-d4cdd9ed2c46,,,,,animal,,Lepus europaeus,,,,,,,,,,,,,machine,CLIP zero-shot,2026-08-18T21:19:49,0.3294,,Liebre
,CT02,SynologyDrive,06250031.JPG,CT02, 2025-06-25 07:05:38,f63c34c1-44a8-4b4e-9ac2-0a7dda6acbc9,,,,,false,,image/jpeg,,false,,400a21f8-0ce4-4316-a404-a8a5e091b976,,,,,animal,,Lepus europaeus,,,,,,,,,,,,,machine,CLIP zero-shot,2026-08-18T21:19:49,0.3319,,Liebre
,CT02,SynologyDrive,06260033.JPG,CT02, 2025-06-26 03:51:13,0e91bc75-9486-4a78-b842-c66377f3e12d,,,,,false,,image/jpeg,,false,,fb395047-f45d-4d73-b917-a89a32267113,,,,,animal,,Lepus europaeus,,,,,,,,,,,,,machine,CLIP zero-shot,2026-08-18T21:19:49,0.3045,,Liebre
,CT02,SynologyDrive,06260034.JPG,CT02, 2025-06-26 03:51:15,dbc01d9d-0931-4db6-b64c-52b2aab53f90,,,,,false,,image/jpeg,,false,,f43862eb-c37f-4a2a-bea9-e275470b1886,,,,,animal,,Lepus europaeus,,,,,,,,,,,,,machine,CLIP zero-shot,2026-08-18T21:19:49,0.3222,,Liebre
,CT02,SynologyDrive,06260035.JPG,CT02, 2025-06-26 03:51:18,850d1756-5e8e-45e9-a7a1-0ee0050da900,,,,,false,,image/jpeg,,false,,ac13def1-207c-4ce5-b51a-d3c0d2529a35,,,,,animal,,Lepus europaeus,,,,,,,,,,,,,machine,CLIP zero-shot,2026-08-18T21:19:49,0.3132,,Liebre
,CT02,SynologyDrive,06260037.JPG,CT02, 2025-06-26 03:57:16,17a8b8bc-b5da-4d4b-82d4-d0e64c7a7479,,,,,false,,image/jpeg,,false,,3eb218db-d9e4-4b22-9499-707e810023ec,,,,,animal,,Lepus europaeus,,,,,,,,,,,,,machine,CLIP zero-shot,2026-08-18T21:19:49,0.3299,,Liebre
,CT02,SynologyDrive,06260038.JPG,CT02, 2025-06-26 03:57:18,0c3f08f1-27c0-42fe-a3d4-88e28c3cf930,,,,,false,,image/jpeg,,false,,7d152ec2-d824-4b1d-b953-e5b45a1a859a,,,,,animal,,Lepus europaeus,,,,,,,,,,,,,machine,CLIP zero-shot,2026-08-18T21:19:49,0.3251,,Liebre
,CT02,SynologyDrive,06260039.JPG,CT02, 2025-06-26 03:57:20,a549c5fc-f4cd-4a3c-a958-e05c56b9e48a,,,,,false,,image/jpeg,,false,,f6ee6dc3-de88-4826-806a-c21e51245158,,,,,animal,,Lepus europaeus,,,,,,,,,,,,,machine,CLIP zero-shot,2026-08-18T21:19:49,0.3374,,Liebre
,CT02,SynologyDrive,06260041.JPG,CT02, 2025-06-26 03:59:46,1bbbc1f7-ae12-4150-a213-d997072e37d2,,,,,false,,image/jpeg,,false,,fbe4eecb-4260-4d68-8f44-19155d28962e,,,,,animal,,Lepus europaeus,,,,,,,,,,,,,machine,CLIP zero-shot,2026-08-18T21:19:49,0.3254,,Liebre
,CT02,SynologyDrive,06260042.JPG,CT02, 2025-06-26 03:59:48,6a5ae92f-ea44-4cb4-a923-9b90b248f678,,,,,false,,image/jpeg,,false,,6c8b4591-01e8-45e8-ba0c-7b27dd70b23e,,,,,animal,,Lepus europaeus,,,,,,,,,,,,,machine,CLIP zero-shot,2026-08-18T21:19:49,0.3216,,Liebre
,CT02,SynologyDrive,06260043.JPG,CT02, 2025-06-26 03:59:50,fde83a86-f1de-4f60-b67d-f001f95f1bf3,,,,,false,,image/jpeg,,false,,ac4e16f6-ad27-4c60-8aad-3ef9cc9dc0ec,,,,,animal,,Lepus europaeus,,,,,,,,,,,,,machine,CLIP zero-shot,2026-08-18T21:19:49,0.3189,,Liebre
,CT02,SynologyDrive,06280049.JPG,CT02, 2025-06-28 00:48:16,f1185d73-1331-498f-b49f-6e2ef576767d,,,,,false,,image/jpeg,,false,,b697b935-7c62-41c1-b69a-032327a69bdb,,,,,animal,,Lepus europaeus,,,,,,,,,,,,,machine,CLIP zero-shot,2026-08-18T21:19:49,0.3523,,Liebre
,CT02,SynologyDrive,06280050.JPG,CT02, 2025-06-28 00:48:17,a0096c4b-15ed-4c6f-9bd0-e4f5c1bf2476,,,,,false,,image/jpeg,,false,,c685d355-2530-4dd2-a63a-f9098df1a5db,,,,,animal,,Lepus europaeus,,,,,,,,,,,,,machine,CLIP zero-shot,2026-08-18T21:19:49,0.3417,,Liebre
,CT02,SynologyDrive,06280051.JPG,CT02, 2025-06-28 00:48:18,7ade975b-930d-4a6c-9281-6db16946e08d,,,,,false,,image/jpeg,,false,,4bb46acd-6021-4d77-96f8-cfe7cebc7377,,,,,animal,,Lepus europaeus,,,,,,,,,,,,,machine,CLIP zero-shot,2026-08-18T21:19:49,0.3455,,Liebre
,CT02,SynologyDrive,06280053.JPG,CT02, 2025-06-28 00:48:54,444c673d-3e43-4adb-a494-e37e32e60965,,,,,false,,image/jpeg,,false,,d7a60f9a-9f1b-40b4-872a-cbd94ff5635c,,,,,animal,,Lepus europaeus,,,,,,,,,,,,,machine,CLIP zero-shot,2026-08-18T21:19:49,0.3095,,Liebre
,CT02,SynologyDrive,06280054.JPG,CT02, 2025-06-28 00:48:56,99a566a5-0e7c-401b-a3fe-770c553ef26c,,,,,false,,image/jpeg,,false,,dc84f885-d368-48d2-a702-798af61fe398,,,,,animal,,Lepus europaeus,,,,,,,,,,,,,machine,CLIP zero-shot,2026-08-18T21:19:49,0.3383,,Liebre
,CT02,SynologyDrive,06280055.JPG,CT02, 2025-06-28 00:48:58,0592fd15-0362-4687-ad42-389873aa92af,,,,,false,,image/jpeg,,false,,cb2f52ce-d9f5-4c3f-9100-55d9eec4abdc,,,,,animal,,Lepus europaeus,,,,,,,,,,,,,machine,CLIP zero-shot,2026-08-18T21:19:49,0.3297,,Liebre
,CT02,SynologyDrive,08030057.JPG,CT02, 2025-08-03 19:42:50,07289a01-8e20-4b28-8a15-df80bece5678,,,,,false,,image/jpeg,,false,,ab33171b-c7da-491f-950c-96cad386a950,,,,,animal,,Lepus europaeus,,,,,,,,,,,,,machine,CLIP zero-shot,2026-08-18T21:19:49,0.3163,,Liebre
,CT02,SynologyDrive,08030058.JPG,CT02, 2025-08-03 19:42:51,3c2cddf4-ab7f-4d1e-a3bf-1def79263d1c,,,,,false,,image/jpeg,,false,,7fe63c5a-fcb8-4220-99bc-75cdf0d5abbe,,,,,animal,,Lycalopex culpaeus,,,,,,,,,,,,,machine,CLIP zero-shot,2026-08-18T21:19:49,0.3178,,Zorro culpeo
,CT02,SynologyDrive,08030059.JPG,CT02, 2025-08-03 19:42:52,2d057766-cedb-429c-9991-3f4b4543e5b8,,,,,false,,image/jpeg,,false,,21fbd5b8-4220-4df5-8e5e-fdc40389b241,,,,,animal,,Lycalopex culpaeus,,,,,,,,,,,,,machine,CLIP zero-shot,2026-08-18T21:19:49,0.3172,,Zorro culpeo
,CT02,SynologyDrive,08280097.JPG,CT02, 2025-08-28 19:57:47,5756a96a-8567-4d67-b3ac-3d0bcd4dadae,,,,,false,,image/jpeg,,false,,cefff7c8-6119-4955-afbc-4fcd96cfb594,,,,,animal,,Lepus europaeus,,,,,,,,,,,,,machine,CLIP zero-shot,2026-08-18T21:19:49,0.323,,Liebre
,CT02,SynologyDrive,08280098.JPG,CT02, 2025-08-28 19:57:48,ba946725-753c-48b9-8c55-bc5b02bd7aee,,,,,false,,image/jpeg,,false,,2512bc64-32fd-4d04-b18b-a3ae6009b423,,,,,animal,,Lepus europaeus,,,,,,,,,,,,,machine,CLIP zero-shot,2026-08-18T21:19:49,0.3231,,Liebre
,CT02,SynologyDrive,08280099.JPG,CT02, 2025-08-28 19:57:49,e8a1c487-c63b-4257-8c3a-fd34db7c2691,,,,,false,,image/jpeg,,false,,c73e4cb5-e838-4b80-9fc5-c0246044e694,,,,,animal,,Lepus europaeus,,,,,,,,,,,,,machine,CLIP zero-shot,2026-08-18T21:19:49,0.3046,,Liebre
,CT02,SynologyDrive,08280101.JPG,CT02, 2025-08-28 20:00:14,afa60026-a692-43e8-b5e8-b53cc9885663,,,,,false,,image/jpeg,,false,,2e76be0f-ebae-4e57-89b0-63959147404b,,,,,animal,,Lepus europaeus,,,,,,,,,,,,,machine,CLIP zero-shot,2026-08-18T21:19:49,0.3251,,Liebre
,CT02,SynologyDrive,08280102.JPG,CT02, 2025-08-28 20:00:15,95296c2e-fb92-47cb-b766-cb529174031d,,,,,false,,image/jpeg,,false,,acbdf227-84c5-41cf-afeb-fb6e91b47365,,,,,animal,,Lepus europaeus,,,,,,,,,,,,,machine,CLIP zero-shot,2026-08-18T21:19:49,0.3181,,Liebre
,CT02,SynologyDrive,08280103.JPG,CT02, 2025-08-28 20:00:16,6d437212-2d67-4db5-aa8b-c373e855f5f3,,,,,false,,image/jpeg,,false,,dbc69f9f-af8b-4cbb-8ca7-1cb05ab28937,,,,,animal,,Lepus europaeus,,,,,,,,,,,,,machine,CLIP zero-shot,2026-08-18T21:19:49,0.3181,,Liebre
,CT02,SynologyDrive,08280105.JPG,CT02, 2025-08-28 20:01:25,df96900c-2b0d-464b-a449-e697ccefbd19,,,,,false,,image/jpeg,,false,,5b3e1717-cd3c-4821-b67b-48b7fdf9ad64,,,,,animal,,Leopardus guigna,,,,,,,,,,,,,machine,CLIP zero-shot,2026-08-18T21:19:49,0.3144,,Guiña
,CT02,SynologyDrive,08280106.JPG,CT02, 2025-08-28 20:01:26,c2d6fcff-ef39-48ed-8c2d-3341da111b28,,,,,false,,image/jpeg,,false,,5cafee62-e306-484d-8a24-802b80e68246,,,,,animal,,Lepus europaeus,,,,,,,,,,,,,machine,CLIP zero-shot,2026-08-18T21:19:49,0.3157,,Liebre
,CT02,SynologyDrive,08280107.JPG,CT02, 2025-08-28 20:01:27,25570038-d98c-40d5-a0ee-afe1d7ae79c6,,,,,false,,image/jpeg,,false,,be01ac63-a822-4220-b1c2-4f20011a4c91,,,,,animal,,Xolmis pyrope,,,,,,,,,,,,,machine,CLIP zero-shot,2026-08-18T21:19:49,0.3154,,Diucón
,CT02,SynologyDrive,08280109.JPG,CT02, 2025-08-28 20:02:01,4d3a1a1e-b508-4184-ac03-2c8d1c19efe1,,,,,false,,image/jpeg,,false,,f2d591f2-a3e5-45d2-8d53-f4eb06cdcdc0,,,,,animal,,Leopardus guigna,,,,,,,,,,,,,machine,CLIP zero-shot,2026-08-18T21:19:49,0.3044,,Guiña
,CT02,SynologyDrive,08280110.JPG,CT02, 2025-08-28 20:02:02,7955c764-5223-427a-bbd2-2974163d9a51,,,,,false,,image/jpeg,,false,,d26642b9-c9c5-4ca0-8148-1648135e1d5d,,,,,animal,,Leopardus guigna,,,,,,,,,,,,,machine,CLIP zero-shot,2026-08-18T21:19:49,0.2942,,Guiña
,CT02,SynologyDrive,08280111.JPG,CT02, 2025-08-28 20:02:03,d356d901-4152-4c06-bfad-55bae04449e1,,,,,false,,image/jpeg,,false,,dd21ad8f-a034-4fa0-bf2a-ae78ae7767d9,,,,,animal,,Leopardus guigna,,,,,,,,,,,,,machine,CLIP zero-shot,2026-08-18T21:19:49,0.3025,,Guiña
,CT02,SynologyDrive,08290113.JPG,CT02, 2025-08-29 01:52:33,7e526e44-8cca-4b87-955c-c8ff5296b683,,,,,false,,image/jpeg,,false,,c96bca7a-0b34-4abe-b81e-952bbf5e7028,,,,,animal,,Lepus europaeus,,,,,,,,,,,,,machine,CLIP zero-shot,2026-08-18T21:19:49,0.2995,,Liebre
,CT02,SynologyDrive,08290114.JPG,CT02, 2025-08-29 01:52:34,678c52f8-1b65-45ce-9ea8-3bf32a46d0a2,,,,,false,,image/jpeg,,false,,92f6078f-924c-4610-b34b-d7a8454fc78a,,,,,animal,,Lepus europaeus,,,,,,,,,,,,,machine,CLIP zero-shot,2026-08-18T21:19:49,0.3124,,Liebre
,CT02,SynologyDrive,08290115.JPG,CT02, 2025-08-29 01:52:34,273c9051-15a2-48f4-ae4d-b41545f79c9f,,,,,false,,image/jpeg,,false,,bf8aff07-66ba-433f-a4ea-a5f22599b26f,,,,,animal,,Lepus europaeus,,,,,,,,,,,,,machine,CLIP zero-shot,2026-08-18T21:19:49,0.3066,,Liebre
,CT02,SynologyDrive,08290117.JPG,CT02, 2025-08-29 01:52:54,c13c604b-f8a5-4713-8d3f-a7fdbcb42b0f,,,,,false,,image/jpeg,,false,,53052fc3-fd1f-4dfc-9518-0527199433a8,,,,,animal,,Strix rufipes,,,,,,,,,,,,,machine,CLIP zero-shot,2026-08-18T21:19:49,0.2958,,Concón
,CT02,SynologyDrive,09040403.JPG,CT02, 2025-09-04 23:22:24,0f584c11-0e6c-4190-8d7a-45a8a0c18d55,,,,,false,,image/jpeg,,false,,85d9a765-3063-4dce-a06f-3b5aed0ea2bb,,,,,animal,,,,,,,,,,,,,,,machine,CLIP zero-shot,2026-08-18T21:19:49,0.2402,,No reconocible
,CT02,SynologyDrive,09050497.JPG,CT02, 2025-09-05 03:30:27,656fffcc-4f78-42b2-b967-346c45e4dd03,,,,,false,,image/jpeg,,false,,2802313f-8131-439d-9fb2-f44065fbda31,,,,,animal,,,,,,,,,,,,,,,machine,CLIP zero-shot,2026-08-18T21:19:49,0.2786,,No reconocible
,CT03,SynologyDrive,06180020.JPG,CT03, 2025-06-18 18:40:41,cf910f89-f1e3-4242-95b5-5cdf943c54ae,,,,,false,,image/jpeg,,false,,0954f867-f1a8-4e2f-ac9f-53a99ef4ad8a,,,,,animal,,Abrothrix longipilis,,,,,,,,,,,,,machine,CLIP zero-shot,2026-08-18T21:19:49,0.284,,Ratón cola larga
,CT03,SynologyDrive,06290030.JPG,CT03, 2025-06-29 18:21:28,d4187ed3-d303-40c5-8aed-ca0c06a0c167,,,,,false,,image/jpeg,,false,,8d027ece-3256-414a-b5b3-7db6e0c7b3be,,,,,animal,,Puma concolor,,,,,,,,,,,,,machine,CLIP zero-shot,2026-08-18T21:19:49,0.2932,,Puma
,CT03,SynologyDrive,07030034.JPG,CT03, 2025-07-03 00:17:44,ff7ee882-3f39-4990-97f2-794e09555526,,,,,false,,image/jpeg,,false,,2deb06de-4bd5-470f-b6c9-6dd9db0a232d,,,,,animal,,Pudu puda,,,,,,,,,,,,,machine,CLIP zero-shot,2026-08-18T21:19:49,0.2905,,Pudú
,CT03,SynologyDrive,07070042.JPG,CT03, 2025-07-07 20:34:37,e18e7510-d372-4404-997f-2fc17bffe253,,,,,false,,image/jpeg,,false,,ba69d0d6-0644-4a39-a1f9-a318e2618e81,,,,,animal,,Abrothrix longipilis,,,,,,,,,,,,,machine,CLIP zero-shot,2026-08-18T21:19:49,0.2973,,Ratón cola larga
,CT03,SynologyDrive,07090046.JPG,CT03, 2025-07-09 23:13:08,28431ceb-9076-4b1e-ad3f-56dbd6103133,,,,,false,,image/jpeg,,false,,cca40c19-d9de-447f-ab68-40644bb2049b,,,,,animal,,Pudu puda,,,,,,,,,,,,,machine,CLIP zero-shot,2026-08-18T21:19:49,0.3184,,Pudú
,CT03,SynologyDrive,07120056.JPG,CT03, 2025-07-12 17:19:23,23008084-5c15-401d-992c-9bb28fdc93eb,,,,,false,,image/jpeg,,false,,a05f5cdf-0fcf-4c12-bf99-4813640677fb,,,,,animal,,,,,,,,,,,,,,,machine,CLIP zero-shot,2026-08-18T21:19:49,0.2506,,No reconocible
,CT03,SynologyDrive,07160064.JPG,CT03, 2025-07-16 03:55:56,58a9933e-532c-4c05-9bc4-ab4c0cbcedd8,,,,,false,,image/jpeg,,false,,e0b9a9e8-21ba-4ab1-b02c-db8f9d4c36c8,,,,,animal,,,,,,,,,,,,,,,machine,CLIP zero-shot,2026-08-18T21:19:49,0.2729,,No reconocible
,CT03,SynologyDrive,07290087.JPG,CT03, 2025-07-29 15:17:19,2df3d192-5d6b-4ec4-954f-1eb03ef6b9b3,,,,,false,,image/jpeg,,false,,72f17723-6956-4571-9c3e-006a6e2e2ea2,,,,,animal,,,,,,,,,,,,,,,machine,CLIP zero-shot,2026-08-18T21:19:49,0.2709,,No reconocible
,CT03,SynologyDrive,08260112.JPG,CT03, 2025-08-26 17:54:32,cb435e9e-9957-432c-89b2-3e776d2dcad0,,,,,false,,image/jpeg,,false,,0dfb3339-636c-414f-9e6b-a6985a44eb2b,,,,,animal,,Canis lupus familiaris,,,,,,,,,,,,,machine,CLIP zero-shot,2026-08-18T21:19:49,0.3052,,Perro
,CT03,SynologyDrive,08260113.JPG,CT03, 2025-08-26 17:54:33,24366710-844e-4c63-8689-00579428b04f,,,,,false,,image/jpeg,,false,,9c7808aa-6aa7-4a1d-8c77-972b0e0113e1,,,,,animal,,Abrothrix longipilis,,,,,,,,,,,,,machine,CLIP zero-shot,2026-08-18T21:19:49,0.3173,,Ratón cola larga
,CT03,SynologyDrive,08300115.JPG,CT03, 2025-08-30 03:31:41,9ed8cdb4-11cb-4df4-b461-fa76a3de5634,,,,,false,,image/jpeg,,false,,e40a6ae7-f44e-4dcc-9589-1d8aef3d1a83,,,,,animal,,Xolmis pyrope,,,,,,,,,,,,,machine,CLIP zero-shot,2026-08-18T21:19:49,0.2926,,Diucón
,CT03,SynologyDrive,09020121.JPG,CT03, 2025-09-02 16:28:36,0a4a201e-dcc6-47d4-a746-1c79a246cdd3,,,,,false,,image/jpeg,,false,,96e6f749-f421-4997-b625-04ed009b92b2,,,,,animal,,,,,,,,,,,,,,,machine,CLIP zero-shot,2026-08-18T21:19:49,0.2511,,No reconocible
,CT03,SynologyDrive,09050138.JPG,CT03, 2025-09-05 10:09:18,07df72b7-805d-493f-adcb-016df45ab6d5,,,,,false,,image/jpeg,,false,,2ce7f570-fc94-4972-99bd-a94cf77c171f,,,,,animal,,Xolmis pyrope,,,,,,,,,,,,,machine,CLIP zero-shot,2026-08-18T21:19:49,0.3413,,Diucón
,CT03,SynologyDrive,09050139.JPG,CT03, 2025-09-05 10:09:19,a8e847a3-ec17-44df-8c9a-61e7bf0d0c41,,,,,false,,image/jpeg,,false,,d63d8887-690e-4caf-829d-20990b6eb537,,,,,animal,,Canis lupus familiaris,,,,,,,,,,,,,machine,CLIP zero-shot,2026-08-18T21:19:49,0.3495,,Perro
,CT03,SynologyDrive,09240154.JPG,CT03, 2025-09-24 19:35:43,2ea7a967-fc0d-45d3-98e7-047064df17e4,,,,,false,,image/jpeg,,false,,f966dc5c-1bdd-44d5-b806-08eddfa3d821,,,,,animal,,Abrothrix longipilis,,,,,,,,,,,,,machine,CLIP zero-shot,2026-08-18T21:19:49,0.3053,,Ratón cola larga
,CT03,SynologyDrive,11010185.JPG,CT03, 2025-11-01 04:57:46,5bb9ab8d-9a5a-4b77-ac70-e4301cd53e41,,,,,false,,image/jpeg,,false,,457e6a04-11f4-46b3-802a-aa3f8f48901e,,,,,animal,,,,,,,,,,,,,,,machine,CLIP zero-shot,2026-08-18T21:19:49,0.2418,,No reconocible
,CT03,SynologyDrive,11010188.JPG,CT03, 2025-11-01 05:27:10,da805dcf-4bdd-4048-abdf-47688189a8bd,,,,,false,,image/jpeg,,false,,871b0e41-c974-4d22-a1a7-8d1032fd17c7,,,,,animal,,Sus scrofa,,,,,,,,,,,,,machine,CLIP zero-shot,2026-08-18T21:19:49,0.3097,,Jabalí
,CT03,SynologyDrive,12050201.JPG,CT03, 2025-12-05 10:31:28,42776871-f590-4951-a149-3f0e500c32c3,,,,,false,,image/jpeg,,false,,b19ee42c-8c85-454d-8fc8-96db110a5c6f,,,,,animal,,Canis lupus familiaris,,,,,,,,,,,,,machine,CLIP zero-shot,2026-08-18T21:19:49,0.349,,Perro
,CT03,SynologyDrive,12050203.JPG,CT03, 2025-12-05 10:31:35,a4b3f7a5-9032-48a6-ac38-3717116d8518,,,,,false,,image/jpeg,,false,,b9f10fcb-a2df-4dff-a6b2-15c8f63a7d47,,,,,animal,,,,,,,,,,,,,,,machine,CLIP zero-shot,2026-08-18T21:19:49,0.2759,,No reconocible
,CT03,SynologyDrive,12050204.JPG,CT03, 2025-12-05 10:31:36,2830a538-c1a6-4c09-830f-9aa21329a330,,,,,false,,image/jpeg,,false,,a9ea67f2-36f6-42c8-a986-820b99301011,,,,,animal,,Canis lupus familiaris,,,,,,,,,,,,,machine,CLIP zero-shot,2026-08-18T21:19:49,0.3511,,Perro
,CT03,SynologyDrive,12130205.JPG,CT03, 2025-12-13 16:34:09,37e50071-c483-4b6a-aeea-77d5bc98c9c9,,,,,false,,image/jpeg,,false,,112e6082-e47a-4b8e-bbd3-edcd0310b9f2,,,,,animal,,Abrothrix longipilis,,,,,,,,,,,,,machine,CLIP zero-shot,2026-08-18T21:19:49,0.3441,,Ratón cola larga
,CT03,SynologyDrive,12130206.JPG,CT03, 2025-12-13 16:34:10,29eaf9d2-f1c5-476b-86f0-58aa2bbe74f8,,,,,false,,image/jpeg,,false,,74593ef5-9843-4157-948c-6e13f7967aae,,,,,animal,,Lycalopex culpaeus,,,,,,,,,,,,,machine,CLIP zero-shot,2026-08-18T21:19:49,0.3275,,Zorro culpeo
,CT03,SynologyDrive,12130207.JPG,CT03, 2025-12-13 22:01:28,4324627d-16a8-4fad-b7e2-bda4d08c5ae8,,,,,false,,image/jpeg,,false,,269b99d3-8ec0-4d50-9a88-2fb6c503184e,,,,,animal,,Pudu puda,,,,,,,,,,,,,machine,CLIP zero-shot,2026-08-18T21:19:49,0.3153,,Pudú
,CT03,SynologyDrive,12170210.JPG,CT03, 2025-12-17 23:11:06,ee5cd877-2208-40f7-aeca-cdd99537fbf8,,,,,false,,image/jpeg,,false,,098b5a79-28a3-4f5e-a66e-88e37a231436,,,,,animal,,,,,,,,,,,,,,,machine,CLIP zero-shot,2026-08-18T21:19:49,0.2794,,No reconocible
,CT03,SynologyDrive,12190213.JPG,CT03, 2025-12-19 04:57:59,f4863aac-b987-4fde-9699-baf7648246b8,,,,,false,,image/jpeg,,false,,6baecf19-714b-4dd6-9c96-52e0d9f18de9,,,,,animal,,,,,,,,,,,,,,,machine,CLIP zero-shot,2026-08-18T21:19:49,0.2499,,No reconocible
,CT03,SynologyDrive,12190216.JPG,CT03, 2025-12-19 05:14:06,261a2937-78f9-4703-8960-db3acf063d73,,,,,false,,image/jpeg,,false,,5ea5c362-ad4c-4daf-8569-5c443c02e90e,,,,,animal,,,,,,,,,,,,,,,machine,CLIP zero-shot,2026-08-18T21:19:49,0.277,,No reconocible
,CT03,SynologyDrive,12200221.JPG,CT03, 2025-12-20 05:18:48,55321dfa-beac-4bb9-8c68-8c71abe543d7,,,,,false,,image/jpeg,,false,,ff468049-2584-4c46-941f-c919d3468fb5,,,,,animal,,,,,,,,,,,,,,,machine,CLIP zero-shot,2026-08-18T21:19:49,0.2598,,No reconocible
,CT03,SynologyDrive,12250227.JPG,CT03, 2025-12-25 03:52:52,87876097-fcda-423e-a487-cdbb8b5c5355,,,,,false,,image/jpeg,,false,,69882586-2bd1-4f33-bdde-4e2f64f80e06,,,,,animal,,Pteroptochos tectus,,,,,,,,,,,,,machine,CLIP zero-shot,2026-08-18T21:19:49,0.2938,,Hued hued
,CT03,SynologyDrive,12260230.JPG,CT03, 2025-12-26 12:48:53,a0872eb0-71aa-4481-b2b8-f1c7dc30d3a8,,,,,false,,image/jpeg,,false,,dd8d5bfb-0ee7-4262-b8ef-2a5887ef18cb,,,,,animal,,Canis lupus familiaris,,,,,,,,,,,,,machine,CLIP zero-shot,2026-08-18T21:19:49,0.3179,,Perro
,CT03,SynologyDrive,12260232.JPG,CT03, 2025-12-26 13:01:19,fcccb9a9-5034-4718-94a0-a416791fb62d,,,,,false,,image/jpeg,,false,,c20c9b95-fe09-4472-9e57-03844c67802b,,,,,animal,,Canis lupus familiaris,,,,,,,,,,,,,machine,CLIP zero-shot,2026-08-18T21:19:49,0.3271,,Perro
,CT03,SynologyDrive,12260235.JPG,CT03, 2025-12-26 13:01:27,d864eb63-e9c4-4474-8aa2-d65ae8d003b3,,,,,false,,image/jpeg,,false,,00ee6dfc-4e69-431c-a744-d344f74d10ef,,,,,animal,,Canis lupus familiaris,,,,,,,,,,,,,machine,CLIP zero-shot,2026-08-18T21:19:49,0.323,,Perro
,CT03,SynologyDrive,01030242.JPG,CT03, 2026-01-03 03:50:39,f4351597-b6e0-431a-aad9-49095e932643,,,,,false,,image/jpeg,,false,,ed12771e-52ae-4974-addd-48880f77fcf4,,,,,animal,,,,,,,,,,,,,,,machine,CLIP zero-shot,2026-08-18T21:19:49,0.2227,,No reconocible
,CT03,SynologyDrive,01100251.JPG,CT03, 2026-01-10 10:12:31,3407f18a-c316-47ac-9d6e-5bfcb51f5832,,,,,false,,image/jpeg,,false,,cd672e2e-767a-4147-9647-f436c6beb75e,,,,,animal,,Canis lupus familiaris,,,,,,,,,,,,,machine,CLIP zero-shot,2026-08-18T21:19:49,0.3049,,Perro
,CT03,SynologyDrive,01100254.JPG,CT03, 2026-01-10 10:12:39,f27b9e5b-1004-49b5-b9c8-11c36f08e5a1,,,,,false,,image/jpeg,,false,,d12d4351-37ce-4537-bb64-8dfea7333c0d,,,,,animal,,Pudu puda,,,,,,,,,,,,,machine,CLIP zero-shot,2026-08-18T21:19:49,0.3524,,Pudú
,CT03,SynologyDrive,01100255.JPG,CT03, 2026-01-10 10:20:52,e61c911d-561e-4403-a3cb-128c3c87a455,,,,,false,,image/jpeg,,false,,0ee753f4-0b91-4ccb-8f1d-de3b762892a4,,,,,animal,,Canis lupus familiaris,,,,,,,,,,,,,machine,CLIP zero-shot,2026-08-18T21:19:49,0.3434,,Perro
,CT04,SynologyDrive,06150005.JPG,CT04, 2025-06-15 06:47:55,867fe25d-2886-44cc-836c-ea9763ac59ef,,,,,false,,image/jpeg,,false,,e3d1fa8b-ecbb-491c-85bf-0dba52afede8,,,,,animal,,Sus scrofa,,,,,,,,,,,,,machine,CLIP zero-shot,2026-08-18T21:19:49,0.3044,,Jabalí
,CT04,SynologyDrive,07170021.JPG,CT04, 2025-07-17 09:18:01,66042626-ce80-4cc5-ad6b-e88a9e55f058,,,,,false,,image/jpeg,,false,,c6239e0d-97e7-4278-942d-b98f2eab1fa9,,,,,animal,,Lycalopex culpaeus,,,,,,,,,,,,,machine,CLIP zero-shot,2026-08-18T21:19:49,0.3318,,Zorro culpeo
,CT04,SynologyDrive,07170022.JPG,CT04, 2025-07-17 09:18:02,2d66a9e6-d61f-4a8f-bb6d-713c3e8ff745,,,,,false,,image/jpeg,,false,,f734aa8c-472c-40bc-8874-51cea7ec57b8,,,,,animal,,Lycalopex culpaeus,,,,,,,,,,,,,machine,CLIP zero-shot,2026-08-18T21:19:49,0.3359,,Zorro culpeo
,CT04,SynologyDrive,07170023.JPG,CT04, 2025-07-17 09:18:03,c304da7e-ff15-4f62-9b56-0c65357fa077,,,,,false,,image/jpeg,,false,,422b57a5-3897-4b53-ac3c-8fbc905e176c,,,,,animal,,Lycalopex culpaeus,,,,,,,,,,,,,machine,CLIP zero-shot,2026-08-18T21:19:49,0.3354,,Zorro culpeo
,CT04,SynologyDrive,08020037.JPG,CT04, 2025-08-02 01:12:58,18b02287-ed3d-4ac7-ba67-901fdc9c051f,,,,,false,,image/jpeg,,false,,3ec52635-acda-4262-a120-ba1b7325d450,,,,,animal,,Lycalopex culpaeus,,,,,,,,,,,,,machine,CLIP zero-shot,2026-08-18T21:19:49,0.3057,,Zorro culpeo
,CT04,SynologyDrive,08020038.JPG,CT04, 2025-08-02 01:12:59,828a255d-8856-44c4-8287-1be60743f53a,,,,,false,,image/jpeg,,false,,31612a3c-67db-4e76-84d9-7f9906e78e5f,,,,,animal,,Leopardus guigna,,,,,,,,,,,,,machine,CLIP zero-shot,2026-08-18T21:19:49,0.3084,,Guiña
,CT04,SynologyDrive,08180041.JPG,CT04, 2025-08-18 18:59:11,7a1d7488-9c35-45a4-a791-26233aaaeeb9,,,,,false,,image/jpeg,,false,,6e7390b3-d313-440f-aa2a-731d5e592c56,,,,,animal,,Lepus europaeus,,,,,,,,,,,,,machine,CLIP zero-shot,2026-08-18T21:19:49,0.3421,,Liebre
,CT04,SynologyDrive,08290054.JPG,CT04, 2025-08-29 16:29:53,3f8195f5-cfb1-406d-898a-f0ed0c14b4e1,,,,,false,,image/jpeg,,false,,4dff8f95-b3ac-44b0-ba53-749cf68e9568,,,,,animal,,Phrygilus gayi,,,,,,,,,,,,,machine,CLIP zero-shot,2026-08-18T21:19:49,0.2995,,Cometocino
,CT04,SynologyDrive,09060101.JPG,CT04, 2025-09-06 00:28:56,6c4e3646-c49e-46b4-a073-059c5bf532ec,,,,,false,,image/jpeg,,false,,f586c0da-d203-4ca4-a5b0-abc021ab201a,,,,,animal,,Lycalopex culpaeus,,,,,,,,,,,,,machine,CLIP zero-shot,2026-08-18T21:19:49,0.3115,,Zorro culpeo
,CT04,SynologyDrive,09060102.JPG,CT04, 2025-09-06 00:28:57,650d5e0d-78eb-49bb-b560-553dc6481816,,,,,false,,image/jpeg,,false,,9bdcd1e7-f000-4b43-8ac3-91154c673183,,,,,animal,,Dromiciops gliroides,,,,,,,,,,,,,machine,CLIP zero-shot,2026-08-18T21:19:49,0.2926,,Monito del monte
,CT04,SynologyDrive,09060105.JPG,CT04, 2025-09-06 03:21:41,09e8ae90-9c95-48ca-b77e-a6a78f4dd302,,,,,false,,image/jpeg,,false,,20a71463-e6b3-4dae-819b-b3666b3386d7,,,,,animal,,Lepus europaeus,,,,,,,,,,,,,machine,CLIP zero-shot,2026-08-18T21:19:49,0.3204,,Liebre
,CT04,SynologyDrive,09060106.JPG,CT04, 2025-09-06 03:21:42,4de6fdba-61c7-4660-97d9-25ab884003b1,,,,,false,,image/jpeg,,false,,ca1aa454-61d6-4be2-a86a-81c2d6b86dff,,,,,animal,,Lepus europaeus,,,,,,,,,,,,,machine,CLIP zero-shot,2026-08-18T21:19:49,0.3333,,Liebre
,CT04,SynologyDrive,09060107.JPG,CT04, 2025-09-06 03:21:43,0aee1081-a2df-4d12-a54d-d0e6f967ce00,,,,,false,,image/jpeg,,false,,d1b33f29-0fc1-400a-bad5-d8249f95e0e3,,,,,animal,,Lepus europaeus,,,,,,,,,,,,,machine,CLIP zero-shot,2026-08-18T21:19:49,0.3262,,Liebre
,CT04,SynologyDrive,09120109.JPG,CT04, 2025-09-12 04:41:17,3de832fc-9cf7-477a-8571-7b5484432201,,,,,false,,image/jpeg,,false,,f9ecaeaf-01a4-44c0-98f9-6d675250a501,,,,,animal,,Abrothrix longipilis,,,,,,,,,,,,,machine,CLIP zero-shot,2026-08-18T21:19:49,0.3207,,Ratón cola larga
,CT04,SynologyDrive,09140113.JPG,CT04, 2025-09-14 18:57:46,e5f4dd5b-41ba-491c-b1b3-acd82afb2b22,,,,,false,,image/jpeg,,false,,e0058c1b-7df0-4e7f-9239-5bf7f7a26304,,,,,animal,,Sus scrofa,,,,,,,,,,,,,machine,CLIP zero-shot,2026-08-18T21:19:49,0.3088,,Jabalí
,CT04,SynologyDrive,09160121.JPG,CT04, 2025-09-16 08:47:45,bb8b7eb3-7946-4872-93f0-e0038e012167,,,,,false,,image/jpeg,,false,,73182ccd-6081-4e1b-a351-3e30f75816d9,,,,,animal,,Canis lupus familiaris,,,,,,,,,,,,,machine,CLIP zero-shot,2026-08-18T21:19:49,0.3364,,Perro
,CT04,SynologyDrive,09160122.JPG,CT04, 2025-09-16 08:47:46,296a919d-bef7-4c8b-8dcf-c9f0c31f236c,,,,,false,,image/jpeg,,false,,f714f60c-3d7a-484b-be6b-d53e7e87eb83,,,,,animal,,Canis lupus familiaris,,,,,,,,,,,,,machine,CLIP zero-shot,2026-08-18T21:19:49,0.3002,,Perro
,CT04,SynologyDrive,09160123.JPG,CT04, 2025-09-16 08:47:46,1f88edd8-9246-4d37-bc7e-a27272bcc210,,,,,false,,image/jpeg,,false,,71d72c8f-a554-436f-b093-2330d18a621a,,,,,animal,,Canis lupus familiaris,,,,,,,,,,,,,machine,CLIP zero-shot,2026-08-18T21:19:49,0.3366,,Perro
,CT04,SynologyDrive,09210126.JPG,CT04, 2025-09-21 22:57:29,78f5f40f-452d-48c4-81bf-e0a006773d14,,,,,false,,image/jpeg,,false,,ee85a07f-28a1-48df-9a73-42c3989298bd,,,,,animal,,,,,,,,,,,,,,,machine,CLIP zero-shot,2026-08-18T21:19:49,0.2764,,No reconocible
,CT04,SynologyDrive,09210127.JPG,CT04, 2025-09-21 22:57:30,53468391-6052-47ce-bdc6-8f1458d9a5e1,,,,,false,,image/jpeg,,false,,52beb282-8868-406e-ae68-b7a2c88171f8,,,,,animal,,Lycalopex culpaeus,,,,,,,,,,,,,machine,CLIP zero-shot,2026-08-18T21:19:49,0.2925,,Zorro culpeo
,CT04,SynologyDrive,10020141.JPG,CT04, 2025-10-02 23:49:02,13903b75-ee8f-49b0-8407-708da73f7e70,,,,,false,,image/jpeg,,false,,a0a33903-d153-4a10-801e-6f964b15967d,,,,,animal,,Lepus europaeus,,,,,,,,,,,,,machine,CLIP zero-shot,2026-08-18T21:19:49,0.3394,,Liebre
,CT04,SynologyDrive,10020142.JPG,CT04, 2025-10-02 23:49:03,3474175f-2d3e-4703-ac03-db47ad4be205,,,,,false,,image/jpeg,,false,,25b4a14b-9316-4c58-8d98-a30a1bb0a77e,,,,,animal,,Lepus europaeus,,,,,,,,,,,,,machine,CLIP zero-shot,2026-08-18T21:19:49,0.3025,,Liebre
,CT04,SynologyDrive,10020143.JPG,CT04, 2025-10-02 23:49:04,08cd816f-a85e-49b8-9b3b-a01bacf7d907,,,,,false,,image/jpeg,,false,,6d863ebb-1a67-4770-9981-6b1c8af5a209,,,,,animal,,Lepus europaeus,,,,,,,,,,,,,machine,CLIP zero-shot,2026-08-18T21:19:49,0.319,,Liebre
,CT04,SynologyDrive,10040145.JPG,CT04, 2025-10-04 08:53:42,b791a332-2a1a-4ee9-9d0f-f2a078a43063,,,,,false,,image/jpeg,,false,,c5284f01-da48-4b05-84b9-28c2eeae1d98,,,,,animal,,Pudu puda,,,,,,,,,,,,,machine,CLIP zero-shot,2026-08-18T21:19:49,0.3174,,Pudú
,CT04,SynologyDrive,10040146.JPG,CT04, 2025-10-04 08:53:43,b4208494-fa2f-4127-8ea9-c4628af4976f,,,,,false,,image/jpeg,,false,,72ca3cca-b722-4277-8831-6ff4697c404a,,,,,animal,,Milvago chimango,,,,,,,,,,,,,machine,CLIP zero-shot,2026-08-18T21:19:49,0.3052,,Tiuque
,CT04,SynologyDrive,10040147.JPG,CT04, 2025-10-04 08:53:44,9b3572ca-26a9-4730-8a51-891e459d621b,,,,,false,,image/jpeg,,false,,6405d591-1167-4c45-a1ce-953e678149ab,,,,,animal,,Felis catus,,,,,,,,,,,,,machine,CLIP zero-shot,2026-08-18T21:19:49,0.341,,Gato doméstico
,CT04,SynologyDrive,10080149.JPG,CT04, 2025-10-08 19:15:56,c61da459-e879-4eb2-bec4-d7398086dd24,,,,,false,,image/jpeg,,false,,8243f3c9-54b0-4120-ae7b-4ee67a45c9b5,,,,,animal,,Sus scrofa,,,,,,,,,,,,,machine,CLIP zero-shot,2026-08-18T21:19:49,0.3197,,Jabalí
,CT04,SynologyDrive,10100153.JPG,CT04, 2025-10-10 09:05:55,b0459db1-33e1-45eb-96a6-7d9fb2f5ebf0,,,,,false,,image/jpeg,,false,,d345424f-f9fd-493d-8a09-d03bc2fd2ab9,,,,,animal,,Turdus falcklandii,,,,,,,,,,,,,machine,CLIP zero-shot,2026-08-18T21:19:49,0.3224,,Zorzal
,CT04,SynologyDrive,10100154.JPG,CT04, 2025-10-10 09:05:56,7ff729c2-4fae-4054-bef9-f6425b886c1a,,,,,false,,image/jpeg,,false,,002ab953-f84b-4128-bcae-d6b39c8d0e75,,,,,animal,,Caracara plancus,,,,,,,,,,,,,machine,CLIP zero-shot,2026-08-18T21:19:49,0.3402,,Traro
,CT04,SynologyDrive,10100155.JPG,CT04, 2025-10-10 09:05:57,ae23e78d-e888-4e72-a0d2-6fa839bd1f1a,,,,,false,,image/jpeg,,false,,32121c06-73d3-40bc-83a5-2a2c6d4df8b0,,,,,animal,,Vanellus chilensis,,,,,,,,,,,,,machine,CLIP zero-shot,2026-08-18T21:19:49,0.2987,,Queltehue
,CT04,SynologyDrive,10100157.JPG,CT04, 2025-10-10 18:48:23,2c48f064-d4f6-42b2-b0f7-7e2493528d0b,,,,,false,,image/jpeg,,false,,34391065-b201-4b10-a98b-d044fcfb1770,,,,,animal,,Lepus europaeus,,,,,,,,,,,,,machine,CLIP zero-shot,2026-08-18T21:19:49,0.3403,,Liebre
,CT04,SynologyDrive,10100158.JPG,CT04, 2025-10-10 18:48:24,1b783979-4d70-48d7-b32d-da305f8b4d00,,,,,false,,image/jpeg,,false,,37934167-ffc2-4a77-b611-dff325345a80,,,,,animal,,Lepus europaeus,,,,,,,,,,,,,machine,CLIP zero-shot,2026-08-18T21:19:49,0.3648,,Liebre
,CT04,SynologyDrive,10100159.JPG,CT04, 2025-10-10 18:48:25,24bcc101-ac24-49e6-81e3-9a6888337d7e,,,,,false,,image/jpeg,,false,,040bc4a4-0911-46d0-b858-1749d359fd18,,,,,animal,,Lepus europaeus,,,,,,,,,,,,,machine,CLIP zero-shot,2026-08-18T21:19:49,0.3556,,Liebre
,CT04,SynologyDrive,10100161.JPG,CT04, 2025-10-10 18:49:04,71e2e090-c1f9-4835-bbb3-fd035547c21a,,,,,false,,image/jpeg,,false,,d25862f3-3219-4af3-956d-637a73efb4b9,,,,,animal,,Canis lupus familiaris,,,,,,,,,,,,,machine,CLIP zero-shot,2026-08-18T21:19:49,0.3166,,Perro
,CT04,SynologyDrive,10100162.JPG,CT04, 2025-10-10 18:49:05,727b0565-09c7-4f3e-a74c-2e5042860da2,,,,,false,,image/jpeg,,false,,2ef7564f-8dfa-47ee-92a8-f95b3741d435,,,,,animal,,Pudu puda,,,,,,,,,,,,,machine,CLIP zero-shot,2026-08-18T21:19:49,0.3267,,Pudú
,CT04,SynologyDrive,10100163.JPG,CT04, 2025-10-10 18:49:06,c0bb9dc2-b2a0-4501-8b58-a09e52a933f7,,,,,false,,image/jpeg,,false,,dfe6ddcb-f1a5-4caa-9315-3c0a4651e238,,,,,animal,,Pudu puda,,,,,,,,,,,,,machine,CLIP zero-shot,2026-08-18T21:19:49,0.3305,,Pudú
,CT04,SynologyDrive,10130165.JPG,CT04, 2025-10-13 03:34:54,7893646c-8aa9-482d-88cb-ee34ade70db7,,,,,false,,image/jpeg,,false,,370dd15c-6dc4-48ea-aee6-50a8d2926072,,,,,animal,,Lepus europaeus,,,,,,,,,,,,,machine,CLIP zero-shot,2026-08-18T21:19:49,0.3132,,Liebre
,CT04,SynologyDrive,10130166.JPG,CT04, 2025-10-13 03:34:55,180b341c-1ac2-4aee-a619-b2eb4d7b55c3,,,,,false,,image/jpeg,,false,,c52f2551-1a23-40ef-b93b-73a5f56b9c55,,,,,animal,,Lepus europaeus,,,,,,,,,,,,,machine,CLIP zero-shot,2026-08-18T21:19:49,0.3249,,Liebre
,CT04,SynologyDrive,10130167.JPG,CT04, 2025-10-13 03:34:57,77ea8d55-7609-4f39-8372-c45fce904f08,,,,,false,,image/jpeg,,false,,75320296-4a62-49f1-ad3f-0968970f1d25,,,,,animal,,Abrothrix longipilis,,,,,,,,,,,,,machine,CLIP zero-shot,2026-08-18T21:19:49,0.3216,,Ratón cola larga
,CT04,SynologyDrive,10130169.JPG,CT04, 2025-10-13 04:55:12,c8a32601-dc87-43af-af6c-2a44c2b4bfa3,,,,,false,,image/jpeg,,false,,0480003e-6d8c-4f14-bf59-427802dd1755,,,,,animal,,Lepus europaeus,,,,,,,,,,,,,machine,CLIP zero-shot,2026-08-18T21:19:49,0.3166,,Liebre
,CT04,SynologyDrive,10130173.JPG,CT04, 2025-10-13 20:00:07,22ffa593-87e2-45e2-951f-664e98209947,,,,,false,,image/jpeg,,false,,1db54ea9-aca0-4bf6-8b6c-3453c8f3ed46,,,,,animal,,Lycalopex culpaeus,,,,,,,,,,,,,machine,CLIP zero-shot,2026-08-18T21:19:49,0.3181,,Zorro culpeo
,CT04,SynologyDrive,10140181.JPG,CT04, 2025-10-14 19:24:41,6d91b8e7-2d1d-469f-910e-652d4ea15bd2,,,,,false,,image/jpeg,,false,,0f61d0a0-1caa-408e-bda7-2dce5c1e417b,,,,,animal,,,,,,,,,,,,,,,machine,CLIP zero-shot,2026-08-18T21:19:49,0.2731,,No reconocible
,CT04,SynologyDrive,10150189.JPG,CT04, 2025-10-15 06:28:37,f19c4133-1786-4536-af03-f2facc80b385,,,,,false,,image/jpeg,,false,,0e4f20cb-134f-4aa0-8b49-bc7b7f5b4211,,,,,animal,,Lycalopex culpaeus,,,,,,,,,,,,,machine,CLIP zero-shot,2026-08-18T21:19:49,0.3037,,Zorro culpeo
,CT04,SynologyDrive,10150193.JPG,CT04, 2025-10-15 19:34:00,3757e1c6-005d-4899-8670-94d5283bac01,,,,,false,,image/jpeg,,false,,8965c221-f152-445c-83f3-c1bf239108b6,,,,,animal,,Sus scrofa,,,,,,,,,,,,,machine,CLIP zero-shot,2026-08-18T21:19:49,0.3121,,Jabalí
,CT04,SynologyDrive,10160197.JPG,CT04, 2025-10-16 17:23:38,f58b1538-529c-48bd-ae22-9d2a003626be,,,,,false,,image/jpeg,,false,,b9400034-ce29-42c1-a9e0-f82dfcfa4d79,,,,,animal,,Caracara plancus,,,,,,,,,,,,,machine,CLIP zero-shot,2026-08-18T21:19:49,0.3176,,Traro
,CT04,SynologyDrive,10160198.JPG,CT04, 2025-10-16 17:23:39,e135d84f-497b-4f45-ac48-b8dc71f2d2af,,,,,false,,image/jpeg,,false,,67440d4b-ead4-49a6-8572-1ecb2653f7cd,,,,,animal,,Caracara plancus,,,,,,,,,,,,,machine,CLIP zero-shot,2026-08-18T21:19:49,0.3183,,Traro
,CT04,SynologyDrive,10160201.JPG,CT04, 2025-10-16 19:36:38,43676079-0215-4ad0-8d7f-c8a725b05c5b,,,,,false,,image/jpeg,,false,,09ad0b6f-7ab4-45dd-a94c-26e125530c10,,,,,animal,,Lycalopex culpaeus,,,,,,,,,,,,,machine,CLIP zero-shot,2026-08-18T21:19:49,0.3088,,Zorro culpeo
,CT04,SynologyDrive,10170205.JPG,CT04, 2025-10-17 00:37:50,79d724bb-c80e-4a93-817b-a96d790662e0,,,,,false,,image/jpeg,,false,,692d20fb-ca74-4e1a-9c8f-53db395f45f1,,,,,animal,,Lepus europaeus,,,,,,,,,,,,,machine,CLIP zero-shot,2026-08-18T21:19:49,0.3077,,Liebre
,CT04,SynologyDrive,10170209.JPG,CT04, 2025-10-17 14:53:27,b777fd48-0ca3-4454-ba7e-6d890be4fa6e,,,,,false,,image/jpeg,,false,,15c2c3c2-da6d-4ff1-a4ea-e2229871651a,,,,,animal,,Caracara plancus,,,,,,,,,,,,,machine,CLIP zero-shot,2026-08-18T21:19:49,0.3554,,Traro
,CT04,SynologyDrive,10170210.JPG,CT04, 2025-10-17 14:53:28,fdba6f51-75c8-4668-a7dd-9b6ceeb0d097,,,,,false,,image/jpeg,,false,,4536f02f-f870-43a8-8754-71d0bacf310d,,,,,animal,,Milvago chimango,,,,,,,,,,,,,machine,CLIP zero-shot,2026-08-18T21:19:49,0.2988,,Tiuque
,CT04,SynologyDrive,10170211.JPG,CT04, 2025-10-17 14:53:28,dc28e6da-7a39-4c4e-b4cd-547e46361ae7,,,,,false,,image/jpeg,,false,,d7669676-b9cd-41d1-b8cc-f800827f781d,,,,,animal,,Milvago chimango,,,,,,,,,,,,,machine,CLIP zero-shot,2026-08-18T21:19:49,0.3383,,Tiuque
,CT04,SynologyDrive,10190213.JPG,CT04, 2025-10-19 19:51:02,876dbb65-71cc-409c-80f4-78701f2debf4,,,,,false,,image/jpeg,,false,,f82afec8-a3b7-4cf9-a777-bb59bb6c2a14,,,,,animal,,Sus scrofa,,,,,,,,,,,,,machine,CLIP zero-shot,2026-08-18T21:19:49,0.3115,,Jabalí
,CT04,SynologyDrive,10220217.JPG,CT04, 2025-10-22 12:48:13,5e4c5763-7513-45ef-98b3-cde6dabef6f3,,,,,false,,image/jpeg,,false,,fd994935-7354-46a2-a3ca-30ee4222ddce,,,,,animal,,Vanellus chilensis,,,,,,,,,,,,,machine,CLIP zero-shot,2026-08-18T21:19:49,0.3228,,Queltehue
,CT04,SynologyDrive,10220218.JPG,CT04, 2025-10-22 12:48:14,b5874cc3-c359-4038-8a9f-8fb472cb2ab4,,,,,false,,image/jpeg,,false,,216b5eeb-df9f-4aaf-80bd-479f6515ac65,,,,,animal,,Theristicus melanopis,,,,,,,,,,,,,machine,CLIP zero-shot,2026-08-18T21:19:49,0.3287,,Bandurria
,CT04,SynologyDrive,10220219.JPG,CT04, 2025-10-22 12:48:15,fbed3c7e-be0e-49b4-a5d7-e14fe330e59a,,,,,false,,image/jpeg,,false,,63b46fe6-2310-47f4-a7d8-5952a1d8b174,,,,,animal,,Theristicus melanopis,,,,,,,,,,,,,machine,CLIP zero-shot,2026-08-18T21:19:49,0.3122,,Bandurria
,CT04,SynologyDrive,11010237.JPG,CT04, 2025-11-01 21:08:23,83c9f15b-afbe-4b73-9df2-1d06e1cc3bee,,,,,false,,image/jpeg,,false,,de06beca-8dbd-42e8-add0-4645b9ef470d,,,,,animal,,Equus caballus,,,,,,,,,,,,,machine,CLIP zero-shot,2026-08-18T21:19:49,0.3425,,Caballo
,CT04,SynologyDrive,11010238.JPG,CT04, 2025-11-01 21:08:24,c5acf4ae-cef5-468b-b952-427f553375cf,,,,,false,,image/jpeg,,false,,3ea21066-f854-4dca-a20e-5053615054bd,,,,,animal,,Equus caballus,,,,,,,,,,,,,machine,CLIP zero-shot,2026-08-18T21:19:49,0.3586,,Caballo
,CT04,SynologyDrive,11010239.JPG,CT04, 2025-11-01 21:08:25,f1c192d8-9dab-4e7b-bd85-f0a9b7897857,,,,,false,,image/jpeg,,false,,e8311c12-3c3b-43a2-a847-c3cfb7c31030,,,,,animal,,Equus caballus,,,,,,,,,,,,,machine,CLIP zero-shot,2026-08-18T21:19:49,0.3792,,Caballo
,CT04,SynologyDrive,11010245.JPG,CT04, 2025-11-01 21:10:40,a56c1eb9-81d1-49e9-a3c3-2efe3a5b9e7d,,,,,false,,image/jpeg,,false,,4188d25c-82d5-4e97-98eb-4386ace942e3,,,,,animal,,Equus caballus,,,,,,,,,,,,,machine,CLIP zero-shot,2026-08-18T21:19:49,0.3563,,Caballo
,CT04,SynologyDrive,11010246.JPG,CT04, 2025-11-01 21:10:42,7d4af6e2-65bc-4784-80ba-25243d9af02f,,,,,false,,image/jpeg,,false,,2e0a390f-bf5b-4aea-9cba-b6a13cefb0dc,,,,,animal,,Equus caballus,,,,,,,,,,,,,machine,CLIP zero-shot,2026-08-18T21:19:49,0.3697,,Caballo
,CT04,SynologyDrive,11010247.JPG,CT04, 2025-11-01 21:10:42,1b404e01-28b6-4cad-aff1-491a9344ce74,,,,,false,,image/jpeg,,false,,7bddbba4-c8c2-4a56-a5ec-79ce80c79768,,,,,animal,,Equus caballus,,,,,,,,,,,,,machine,CLIP zero-shot,2026-08-18T21:19:49,0.3499,,Caballo
,CT04,SynologyDrive,11030249.JPG,CT04, 2025-11-03 19:37:27,d7f625b7-6252-4b55-afcb-1ec8001efbad,,,,,false,,image/jpeg,,false,,5feb1737-eabb-4e61-9128-31478ab02f12,,,,,animal,,Pudu puda,,,,,,,,,,,,,machine,CLIP zero-shot,2026-08-18T21:19:49,0.3012,,Pudú
,CT04,SynologyDrive,11030250.JPG,CT04, 2025-11-03 19:37:28,2d8d2a2f-4654-4959-ab8d-a11204382400,,,,,false,,image/jpeg,,false,,11d7c164-73b8-4746-8b11-c6c0e0cd3b2a,,,,,animal,,Leopardus guigna,,,,,,,,,,,,,machine,CLIP zero-shot,2026-08-18T21:19:49,0.327,,Guiña
,CT05,SynologyDrive,07110001.JPG,CT05, 2025-07-11 20:24:09,8d899904-90a1-4b3b-b9f0-bd39683dc1ca,,,,,false,,image/jpeg,,false,,9be3d88c-ef8f-47f0-888a-d6c912c01879,,,,,animal,,,,,,,,,,,,,,,machine,CLIP zero-shot,2026-08-18T21:19:49,0.2762,,No reconocible
,CT05,SynologyDrive,08290026.JPG,CT05, 2025-08-29 13:36:05,c281ac70-33b0-44b8-b559-4af3080cc575,,,,,false,,image/jpeg,,false,,e0e3f725-ee8c-4ed8-ac51-ed3b45d41c4d,,,,,animal,,Sephanoides sephaniodes,,,,,,,,,,,,,machine,CLIP zero-shot,2026-08-18T21:19:49,0.3164,,Picaflor
,CT05,SynologyDrive,08290027.JPG,CT05, 2025-08-29 13:36:06,56c86ded-e367-4db5-9ebc-df6679a41b61,,,,,false,,image/jpeg,,false,,35bc7993-c897-4c33-bd11-6831e8cfa61a,,,,,animal,,,,,,,,,,,,,,,machine,CLIP zero-shot,2026-08-18T21:19:49,0.2679,,No reconocible
,CT05,SynologyDrive,08290030.JPG,CT05, 2025-08-29 13:43:57,e6b523ab-5f07-4e6d-9cba-88ca855dd2ae,,,,,false,,image/jpeg,,false,,8c75ea07-016f-41da-bed0-feec2d78c5e2,,,,,animal,,Sephanoides sephaniodes,,,,,,,,,,,,,machine,CLIP zero-shot,2026-08-18T21:19:49,0.3134,,Picaflor
,CT05,SynologyDrive,08290061.JPG,CT05, 2025-08-29 18:48:47,5d6a8467-d25b-4deb-a507-9e7041521143,,,,,false,,image/jpeg,,false,,415c91bc-afbf-4cc4-9099-72fe6e118781,,,,,animal,,,,,,,,,,,,,,,machine,CLIP zero-shot,2026-08-18T21:19:49,0.2491,,No reconocible
,CT05,SynologyDrive,08290063.JPG,CT05, 2025-08-29 18:48:48,393bd0eb-c4ff-4471-8718-bd98199c1c1d,,,,,false,,image/jpeg,,false,,c8a16312-edf7-4332-8aaf-ffc718f837aa,,,,,animal,,,,,,,,,,,,,,,machine,CLIP zero-shot,2026-08-18T21:19:49,0.2745,,No reconocible
,CT05,SynologyDrive,08300093.JPG,CT05, 2025-08-30 02:38:10,ce0a7454-a1f6-4652-9930-a895196a6fcd,,,,,false,,image/jpeg,,false,,f5ceb217-6ad8-418f-92d7-5d77ad4dc144,,,,,animal,,Neogale vison,,,,,,,,,,,,,machine,CLIP zero-shot,2026-08-18T21:19:49,0.311,,Visón
,CT05,SynologyDrive,09050131.JPG,CT05, 2025-09-05 11:58:36,9d620148-7df9-4b29-acfc-0b5944344d06,,,,,false,,image/jpeg,,false,,2fa7200f-6878-4f3f-a714-89754c1539e6,,,,,animal,,Campephilus magellanicus,,,,,,,,,,,,,machine,CLIP zero-shot,2026-08-18T21:19:49,0.3297,,Carpintero
,CT05,SynologyDrive,10130165.JPG,CT05, 2025-10-13 18:35:25,f5b5b8d8-5ae0-4c6e-bf48-776dc49a977b,,,,,false,,image/jpeg,,false,,b18f4e14-8556-4919-b86b-5fa4c42e4b7d,,,,,animal,,Puma concolor,,,,,,,,,,,,,machine,CLIP zero-shot,2026-08-18T21:19:49,0.3455,,Puma
,CT05,SynologyDrive,10130166.JPG,CT05, 2025-10-13 18:35:26,28947107-528c-4910-b723-19f50b0c5fb0,,,,,false,,image/jpeg,,false,,d55ff9e7-e138-4f6b-8ed5-d307a6b53152,,,,,animal,,Felis catus,,,,,,,,,,,,,machine,CLIP zero-shot,2026-08-18T21:19:49,0.3349,,Gato doméstico
,CT05,SynologyDrive,10130167.JPG,CT05, 2025-10-13 18:35:26,f964e446-46b2-48b6-af89-80b1596bcd88,,,,,false,,image/jpeg,,false,,4d3d9575-129a-4913-b7a9-fe5609c048ac,,,,,animal,,Puma concolor,,,,,,,,,,,,,machine,CLIP zero-shot,2026-08-18T21:19:49,0.3169,,Puma
,CT05,SynologyDrive,10180169.JPG,CT05, 2025-10-18 23:37:43,f75798a8-48a0-40fd-907b-da402687e737,,,,,false,,image/jpeg,,false,,09c31b08-7a57-4599-8f16-c4b65019c86e,,,,,animal,,Neogale vison,,,,,,,,,,,,,machine,CLIP zero-shot,2026-08-18T21:19:49,0.3069,,Visón
,CT05,SynologyDrive,10180170.JPG,CT05, 2025-10-18 23:37:44,7552b0b7-4e05-4fc0-9ada-506c6ea8fed7,,,,,false,,image/jpeg,,false,,632d675a-aee6-41b1-b1ac-8a03bec2578b,,,,,animal,,Leopardus guigna,,,,,,,,,,,,,machine,CLIP zero-shot,2026-08-18T21:19:49,0.3182,,Guiña
,CT05,SynologyDrive,10300189.JPG,CT05, 2025-10-30 20:59:53,835dff0c-ad5f-43e4-b173-97e9dea6435b,,,,,false,,image/jpeg,,false,,273dd3ae-1f5b-438e-a26f-a503341d11db,,,,,animal,,Leopardus guigna,,,,,,,,,,,,,machine,CLIP zero-shot,2026-08-18T21:19:49,0.3103,,Guiña
,CT05,SynologyDrive,11100193.JPG,CT05, 2025-11-10 19:54:06,1684f3a0-ce90-48e6-ba37-af287e6f51f6,,,,,false,,image/jpeg,,false,,77403002-d2bc-4b7c-99f5-d39fd5aeea69,,,,,animal,,Lycalopex culpaeus,,,,,,,,,,,,,machine,CLIP zero-shot,2026-08-18T21:19:49,0.3395,,Zorro culpeo
,CT05,SynologyDrive,11120197.JPG,CT05, 2025-11-12 19:44:43,96cc7dfa-a608-4760-95c9-51bd784d78ed,,,,,false,,image/jpeg,,false,,6cbed34f-8f3c-4793-80eb-9e612ce3a458,,,,,animal,,Puma concolor,,,,,,,,,,,,,machine,CLIP zero-shot,2026-08-18T21:19:49,0.3472,,Puma
,CT05,SynologyDrive,11120198.JPG,CT05, 2025-11-12 19:44:44,a4731eaa-ea69-448e-bf7b-2c2409c10ca3,,,,,false,,image/jpeg,,false,,d6d837e2-1d88-4dbb-8afb-56e32e3b93db,,,,,animal,,Puma concolor,,,,,,,,,,,,,machine,CLIP zero-shot,2026-08-18T21:19:49,0.3261,,Puma
,CT05,SynologyDrive,11120199.JPG,CT05, 2025-11-12 19:44:45,a8a8e065-af2c-4ec8-ada6-3d065bbb57a9,,,,,false,,image/jpeg,,false,,9d6ced33-3ec1-47e5-9c24-69499b82c20e,,,,,animal,,Dromiciops gliroides,,,,,,,,,,,,,machine,CLIP zero-shot,2026-08-18T21:19:49,0.3072,,Monito del monte
,CT05,SynologyDrive,12070201.JPG,CT05, 2025-12-07 21:04:49,3c412ce9-7d7a-4979-8929-5d0ebfec51d1,,,,,false,,image/jpeg,,false,,0821bb59-9c2a-46cb-8a6c-4aba45fba9f6,,,,,animal,,Leopardus guigna,,,,,,,,,,,,,machine,CLIP zero-shot,2026-08-18T21:19:49,0.334,,Guiña
,CT05,SynologyDrive,12100206.JPG,CT05, 2025-12-10 13:17:48,a4b95f8a-522a-4094-b34a-bc625677b122,,,,,false,,image/jpeg,,false,,e3c20a5a-3e33-4738-9cf8-ff17b06cfeb9,,,,,animal,,Sephanoides sephaniodes,,,,,,,,,,,,,machine,CLIP zero-shot,2026-08-18T21:19:49,0.338,,Picaflor
,CT05,SynologyDrive,12100207.JPG,CT05, 2025-12-10 13:17:49,198207d8-d228-4089-936a-1ae47036f3fa,,,,,false,,image/jpeg,,false,,230f5e4c-7925-4bd9-927f-369becd53087,,,,,animal,,Sephanoides sephaniodes,,,,,,,,,,,,,machine,CLIP zero-shot,2026-08-18T21:19:49,0.3275,,Picaflor
,CT05,SynologyDrive,12230221.JPG,CT05, 2025-12-23 20:45:55,d69f997f-f9a1-4da8-86ff-86f68055a592,,,,,false,,image/jpeg,,false,,a25116d3-c394-4ee1-a8c9-5f5e523ee474,,,,,animal,,Leopardus guigna,,,,,,,,,,,,,machine,CLIP zero-shot,2026-08-18T21:19:49,0.3113,,Guiña
,CT07,SynologyDrive,06280028.JPG,CT07, 2025-06-28 08:58:48,b8721d6f-0830-459c-bc98-4262157d2235,,,,,false,,image/jpeg,,false,,a9d1cfe2-2b7e-40be-b4b2-38a05a0ea21a,,,,,animal,,Phrygilus gayi,,,,,,,,,,,,,machine,CLIP zero-shot,2026-08-18T21:19:49,0.327,,Cometocino
,CT07,SynologyDrive,06280039.JPG,CT07, 2025-06-28 09:05:32,56e8323f-4ca7-482a-bd43-180219c24d3a,,,,,false,,image/jpeg,,false,,cfaae2b4-f309-4fb3-a452-981c15c18b9f,,,,,animal,,Phrygilus gayi,,,,,,,,,,,,,machine,CLIP zero-shot,2026-08-18T21:19:49,0.3068,,Cometocino
,CT07,SynologyDrive,06280040.JPG,CT07, 2025-06-28 09:05:33,51d975b2-0326-41e1-b123-14e6e20cdc3f,,,,,false,,image/jpeg,,false,,96222060-d09a-40d9-8dbe-5be6263d6ff1,,,,,animal,,Phrygilus gayi,,,,,,,,,,,,,machine,CLIP zero-shot,2026-08-18T21:19:49,0.3093,,Cometocino
,CT07,SynologyDrive,06280097.JPG,CT07, 2025-06-28 09:45:26,baec9533-20f6-40b7-b28c-76a827061148,,,,,false,,image/jpeg,,false,,d85df9a0-ca4c-4a24-aa3b-03f68ed71299,,,,,animal,,Abrothrix longipilis,,,,,,,,,,,,,machine,CLIP zero-shot,2026-08-18T21:19:49,0.2877,,Ratón cola larga
,CT07,SynologyDrive,06280098.JPG,CT07, 2025-06-28 09:45:27,236adbb3-7b86-4d5a-b2af-c4e2e38a970f,,,,,false,,image/jpeg,,false,,0b62ff75-04b0-4d43-8d9e-724fdb7470da,,,,,animal,,Phrygilus gayi,,,,,,,,,,,,,machine,CLIP zero-shot,2026-08-18T21:19:49,0.2981,,Cometocino
,CT07,SynologyDrive,06280119.JPG,CT07, 2025-06-28 09:55:26,1815e8f7-f0dd-4aa8-90a3-d2ed7042a065,,,,,false,,image/jpeg,,false,,a4048611-5f31-4a06-b711-f43f85b7c248,,,,,animal,,Phrygilus gayi,,,,,,,,,,,,,machine,CLIP zero-shot,2026-08-18T21:19:49,0.3467,,Cometocino
,CT07,SynologyDrive,06280176.JPG,CT07, 2025-06-28 11:07:54,806bb55d-3968-4b2c-b73e-cd3cdca0957a,,,,,false,,image/jpeg,,false,,29c38e53-6819-4c67-a3be-5a88153673e3,,,,,animal,,Xolmis pyrope,,,,,,,,,,,,,machine,CLIP zero-shot,2026-08-18T21:19:49,0.2996,,Diucón
,CT07,SynologyDrive,06280184.JPG,CT07, 2025-06-28 11:11:27,81881d68-3b8d-455d-8775-97ee18fa5ec8,,,,,false,,image/jpeg,,false,,13c1df7f-541c-47db-a2b1-c4f36fad0ba6,,,,,animal,,Galictis cuja,,,,,,,,,,,,,machine,CLIP zero-shot,2026-08-18T21:19:49,0.3073,,Quique
,CT07,SynologyDrive,06280194.JPG,CT07, 2025-06-28 11:14:14,3bdf9c14-f109-459a-8572-f4221e0bdca5,,,,,false,,image/jpeg,,false,,5e4812f8-49ac-48bd-8cbc-6ae75cc09971,,,,,animal,,Galictis cuja,,,,,,,,,,,,,machine,CLIP zero-shot,2026-08-18T21:19:49,0.2991,,Quique
,CT07,SynologyDrive,06280199.JPG,CT07, 2025-06-28 11:16:59,8b133cd0-7f3f-42f5-9233-52ed971dda5c,,,,,false,,image/jpeg,,false,,4acda585-4837-4cde-bd30-8c6ffdb109ab,,,,,animal,,Phrygilus gayi,,,,,,,,,,,,,machine,CLIP zero-shot,2026-08-18T21:19:49,0.2829,,Cometocino
,CT07,SynologyDrive,06280200.JPG,CT07, 2025-06-28 11:17:00,560de5c5-1e71-4146-9cc8-f8335cb2e2e0,,,,,false,,image/jpeg,,false,,75609820-47fb-4e40-9ac5-a5578e826099,,,,,animal,,Accipiter chilensis,,,,,,,,,,,,,machine,CLIP zero-shot,2026-08-18T21:19:49,0.2843,,Peuquito
,CT07,SynologyDrive,06280202.JPG,CT07, 2025-06-28 11:18:25,96b4d17a-fc1d-4580-9eeb-869f4a607e8c,,,,,false,,image/jpeg,,false,,dc88f989-0724-49e1-b5c4-136cc0bee671,,,,,animal,,Phrygilus gayi,,,,,,,,,,,,,machine,CLIP zero-shot,2026-08-18T21:19:49,0.3428,,Cometocino
,CT07,SynologyDrive,06280203.JPG,CT07, 2025-06-28 11:18:26,fb36e7eb-3161-4d2d-8e2b-ad65cb3b898e,,,,,false,,image/jpeg,,false,,6580d21d-ca36-4719-a8c3-f1211239dce3,,,,,animal,,Phrygilus gayi,,,,,,,,,,,,,machine,CLIP zero-shot,2026-08-18T21:19:49,0.3331,,Cometocino
,CT07,SynologyDrive,06280209.JPG,CT07, 2025-06-28 11:23:28,565a3e18-af2c-4e40-bfe4-e97d83829caf,,,,,false,,image/jpeg,,false,,4b568f13-b711-4032-8128-d45c27ded826,,,,,animal,,Phrygilus gayi,,,,,,,,,,,,,machine,CLIP zero-shot,2026-08-18T21:19:49,0.3236,,Cometocino
,CT07,SynologyDrive,06280218.JPG,CT07, 2025-06-28 11:27:12,a5d6c860-d5e6-45e9-891d-d7791bde154c,,,,,false,,image/jpeg,,false,,9a7ca161-3f28-44d3-bede-34c798223394,,,,,animal,,Phrygilus gayi,,,,,,,,,,,,,machine,CLIP zero-shot,2026-08-18T21:19:49,0.3553,,Cometocino
,CT07,SynologyDrive,06280294.JPG,CT07, 2025-06-28 13:01:51,721debbf-caa2-4cd5-94cc-9275488b71f8,,,,,false,,image/jpeg,,false,,e0672478-ad89-4282-8049-746713157dd6,,,,,animal,,Phrygilus gayi,,,,,,,,,,,,,machine,CLIP zero-shot,2026-08-18T21:19:49,0.3211,,Cometocino
,CT07,SynologyDrive,06280330.JPG,CT07, 2025-06-28 13:22:21,cc67f50e-87ef-4e5b-9dac-867088a56658,,,,,false,,image/jpeg,,false,,1bcff264-35b3-49ea-8a8b-0271663bd9f2,,,,,animal,,Galictis cuja,,,,,,,,,,,,,machine,CLIP zero-shot,2026-08-18T21:19:49,0.299,,Quique
,CT07,SynologyDrive,06280331.JPG,CT07, 2025-06-28 13:22:22,4e463d2c-05a4-4b37-bb99-1f3aab0b190d,,,,,false,,image/jpeg,,false,,71270a17-9bac-46b3-bfca-8f9c0bb0d24b,,,,,animal,,Pteroptochos tectus,,,,,,,,,,,,,machine,CLIP zero-shot,2026-08-18T21:19:49,0.2911,,Hued hued
,CT07,SynologyDrive,07050368.JPG,CT07, 2025-07-05 01:36:08,3f0b8060-3a86-4b6d-9021-763fc20f17e1,,,,,false,,image/jpeg,,false,,cfc32376-6dc2-4179-8422-041c16e8eaa9,,,,,animal,,Xolmis pyrope,,,,,,,,,,,,,machine,CLIP zero-shot,2026-08-18T21:19:49,0.3002,,Diucón
,CT07,SynologyDrive,08300430.JPG,CT07, 2025-08-30 16:43:49,108db666-d4a9-40cf-a718-f04229ca4715,,,,,false,,image/jpeg,,false,,8db1484f-d2e7-4dda-8354-ca268701ad83,,,,,animal,,Neogale vison,,,,,,,,,,,,,machine,CLIP zero-shot,2026-08-18T21:19:49,0.3416,,Visón
,CT07,SynologyDrive,08300431.JPG,CT07, 2025-08-30 16:43:50,6e327eda-71aa-41db-9cb4-1b2a54323b78,,,,,false,,image/jpeg,,false,,5b6255cd-f3c4-43d3-8ced-96a3317e8fce,,,,,animal,,Neogale vison,,,,,,,,,,,,,machine,CLIP zero-shot,2026-08-18T21:19:49,0.2989,,Visón
,CT07,SynologyDrive,09120432.JPG,CT07, 2025-09-12 18:08:41,d24faca2-fdbc-4041-b7d6-0408cda03ffc,,,,,false,,image/jpeg,,false,,1343c2af-d17a-4960-a734-f9b8f24b5648,,,,,animal,,Scelorchilus rubecula,,,,,,,,,,,,,machine,CLIP zero-shot,2026-08-18T21:19:49,0.2805,,Chucao
,CT07,SynologyDrive,09120433.JPG,CT07, 2025-09-12 18:08:42,066ecb10-e6a4-42d5-adb4-28f43f5b2251,,,,,false,,image/jpeg,,false,,0def6a68-6b82-4971-a5f4-aa4f9a5a1410,,,,,animal,,Cervus elaphus,,,,,,,,,,,,,machine,CLIP zero-shot,2026-08-18T21:19:49,0.3,,Ciervo rojo
,CT08,SynologyDrive,08300391.JPG,CT08, 2025-08-30 11:07:54,cf357916-a4de-400f-bded-e87c8322ec54,,,,,false,,image/jpeg,,false,,108aab74-407d-49e1-8822-7db651127d37,,,,,animal,,Aphrastura spinicauda,,,,,,,,,,,,,machine,CLIP zero-shot,2026-08-18T21:19:49,0.3089,,Rayadito
,CT08,SynologyDrive,08300441.JPG,CT08, 2025-08-30 13:16:19,3558b18d-cbb9-4f53-a3d3-33e8ea1aedfe,,,,,false,,image/jpeg,,false,,3d2a121d-0249-4959-8867-65e6578dde2b,,,,,animal,,,,,,,,,,,,,,,machine,CLIP zero-shot,2026-08-18T21:19:49,0.2798,,No reconocible
,CT08,SynologyDrive,08300534.JPG,CT08, 2025-08-30 15:04:07,bb7ffae0-0027-469d-aa79-dc8968106437,,,,,false,,image/jpeg,,false,,200e97ef-e292-4e4d-ba96-62b5cf343939,,,,,animal,,,,,,,,,,,,,,,machine,CLIP zero-shot,2026-08-18T21:19:49,0.2736,,No reconocible
,CT08,SynologyDrive,08300595.JPG,CT08, 2025-08-30 16:49:34,8ccdc94d-c34d-41fc-ac3e-ea857ff9cf09,,,,,false,,image/jpeg,,false,,d4751c9e-dabb-471a-ae1a-4c90b7b547b8,,,,,animal,,Phrygilus gayi,,,,,,,,,,,,,machine,CLIP zero-shot,2026-08-18T21:19:49,0.2936,,Cometocino
,CT08,SynologyDrive,08300625.JPG,CT08, 2025-08-30 17:07:56,93b75bdd-70ad-47ab-83e8-73cb3ad411f0,,,,,false,,image/jpeg,,false,,cc7149f1-8e1a-4ab9-9cbe-19fe727bec51,,,,,animal,,,,,,,,,,,,,,,machine,CLIP zero-shot,2026-08-18T21:19:49,0.2769,,No reconocible
,CT08,SynologyDrive,10270136.JPG,CT08, 2025-10-27 07:53:48,422abd38-d2d4-41f2-9321-5fae1de21bff,,,,,false,,image/jpeg,,false,,b3ae6efd-bade-4903-acd7-605d39b7965f,,,,,animal,,,,,,,,,,,,,,,machine,CLIP zero-shot,2026-08-18T21:19:49,0.2559,,No reconocible
,CT08,SynologyDrive,10270270.JPG,CT08, 2025-10-27 11:09:18,6edf0528-cbf2-41dc-b11d-5feb2f311b51,,,,,false,,image/jpeg,,false,,0843cda7-da47-4938-a596-b67ccc794053,,,,,animal,,,,,,,,,,,,,,,machine,CLIP zero-shot,2026-08-18T21:19:49,0.2176,,No reconocible
,CT08,SynologyDrive,10270271.JPG,CT08, 2025-10-27 11:09:19,41d24c0b-acb7-4ca0-af94-97d86069bec0,,,,,false,,image/jpeg,,false,,a725d8f0-4e25-4cf8-8ab5-09cbdd2a16e5,,,,,animal,,,,,,,,,,,,,,,machine,CLIP zero-shot,2026-08-18T21:19:49,0.2254,,No reconocible
,CT08,SynologyDrive,10270354.JPG,CT08, 2025-10-27 11:49:10,7843ee6b-b86e-4693-a41f-f7c5f7426044,,,,,false,,image/jpeg,,false,,49e0a58f-f500-452d-8dab-5d6d0e53df7f,,,,,animal,,Dromiciops gliroides,,,,,,,,,,,,,machine,CLIP zero-shot,2026-08-18T21:19:49,0.3136,,Monito del monte
,CT08,SynologyDrive,10270519.JPG,CT08, 2025-10-27 13:07:23,5912ea5a-c2f1-43f0-affa-b03e9ccbfbbc,,,,,false,,image/jpeg,,false,,3b958171-562a-40d4-80d5-cd5279ccfbfe,,,,,animal,,Turdus falcklandii,,,,,,,,,,,,,machine,CLIP zero-shot,2026-08-18T21:19:49,0.3263,,Zorzal
,CT08,SynologyDrive,10270520.JPG,CT08, 2025-10-27 13:07:23,1e1ff043-2439-439f-af36-51c717cde350,,,,,false,,image/jpeg,,false,,2fa03220-5de3-4f26-953f-1b359228cd1c,,,,,animal,,Aphrastura spinicauda,,,,,,,,,,,,,machine,CLIP zero-shot,2026-08-18T21:19:49,0.3273,,Rayadito
,CT08,SynologyDrive,10270558.JPG,CT08, 2025-10-27 13:41:59,16db751a-c249-491b-ab65-7e06baa8e68e,,,,,false,,image/jpeg,,false,,67280b98-f1eb-41fc-9d32-b118b07491c5,,,,,animal,,Aphrastura spinicauda,,,,,,,,,,,,,machine,CLIP zero-shot,2026-08-18T21:19:49,0.3056,,Rayadito
,CT08,SynologyDrive,10270764.JPG,CT08, 2025-10-27 16:47:13,3817fe8c-85aa-4f68-9440-bfd712db8520,,,,,false,,image/jpeg,,false,,ff4321a8-210f-4105-8b63-8823993f413d,,,,,animal,,,,,,,,,,,,,,,machine,CLIP zero-shot,2026-08-18T21:19:49,0.2254,,No reconocible
,CT08,SynologyDrive,10270890.JPG,CT08, 2025-10-27 18:08:30,df1a84c4-93a5-407a-bf09-2c8d41f5aaba,,,,,false,,image/jpeg,,false,,3f98faa0-1c43-41f7-a305-d8f58b1c164a,,,,,animal,,Pteroptochos tectus,,,,,,,,,,,,,machine,CLIP zero-shot,2026-08-18T21:19:49,0.3077,,Hued hued
,CT08,SynologyDrive,11280128.JPG,CT08, 2025-11-28 07:08:12,3d0f1cda-5a4e-47f5-8e79-dfc769c66183,,,,,false,,image/jpeg,,false,,866413f0-2ef1-4414-be48-f5c41185ca4e,,,,,animal,,Phrygilus gayi,,,,,,,,,,,,,machine,CLIP zero-shot,2026-08-18T21:19:49,0.3055,,Cometocino
,CT08,SynologyDrive,01030229.JPG,CT08, 2026-01-03 11:48:36,1641774f-1c05-4773-99d0-1482be31a6bc,,,,,false,,image/jpeg,,false,,458c086d-3df1-4205-9443-755a344b85a8,,,,,animal,,Accipiter chilensis,,,,,,,,,,,,,machine,CLIP zero-shot,2026-08-18T21:19:49,0.3357,,Peuquito
,CT08,SynologyDrive,01030232.JPG,CT08, 2026-01-03 11:50:49,d838e7c0-0f39-4677-b2df-9c4b2abd5874,,,,,false,,image/jpeg,,false,,9768c47c-8f12-4c33-aace-5c66c093c9b1,,,,,animal,,,,,,,,,,,,,,,machine,CLIP zero-shot,2026-08-18T21:19:49,0.2797,,No reconocible
,CT08,SynologyDrive,01030648.JPG,CT08, 2026-01-03 18:24:35,bfea4095-ea45-4522-b890-f6876b153029,,,,,false,,image/jpeg,,false,,b230d455-5eea-4775-bfd0-dce45c627326,,,,,animal,,Phrygilus gayi,,,,,,,,,,,,,machine,CLIP zero-shot,2026-08-18T21:19:49,0.3089,,Cometocino
,CT08,SynologyDrive,01040758.JPG,CT08, 2026-01-04 06:12:58,3f73571f-1adb-4da0-9058-e43c35feac68,,,,,false,,image/jpeg,,false,,5659f3bc-1de1-40c6-ab50-808018396718,,,,,animal,,Scelorchilus rubecula,,,,,,,,,,,,,machine,CLIP zero-shot,2026-08-18T21:19:49,0.3144,,Chucao
,CT08,SynologyDrive,01040759.JPG,CT08, 2026-01-04 06:12:59,6c19c8fd-e707-4dd8-b77e-4f76ef56fd7b,,,,,false,,image/jpeg,,false,,fd629b08-bc86-4859-a5cb-df22a7dd0130,,,,,animal,,Scelorchilus rubecula,,,,,,,,,,,,,machine,CLIP zero-shot,2026-08-18T21:19:49,0.3268,,Chucao
,CT08,SynologyDrive,01130965.JPG,CT08, 2026-01-13 12:45:55,79b422c9-750b-47cd-884f-6193c4072a4c,,,,,false,,image/jpeg,,false,,2d104125-9277-47c6-99bc-d303abef0301,,,,,animal,,Caracara plancus,,,,,,,,,,,,,machine,CLIP zero-shot,2026-08-18T21:19:49,0.2921,,Traro
,CT09,SynologyDrive,05160001.JPG,CT09, 2025-05-16 16:49:20,42ba00b4-af32-4e61-8856-92951f4ce804,,,,,false,,image/jpeg,,false,,3f70f9b7-f4bf-4ab1-8bab-1c337033bb9d,,,,,animal,,Equus caballus,,,,,,,,,,,,,machine,CLIP zero-shot,2026-08-18T21:19:49,0.3122,,Caballo
,CT09,SynologyDrive,06090005.JPG,CT09, 2025-06-09 04:37:15,2ba631ba-ea1e-4282-bea1-1e263a1ca882,,,,,false,,image/jpeg,,false,,02a530fd-89b1-4046-be42-89be0309e989,,,,,animal,,Leopardus guigna,,,,,,,,,,,,,machine,CLIP zero-shot,2026-08-18T21:19:49,0.3185,,Guiña
,CT09,SynologyDrive,07020013.JPG,CT09, 2025-07-02 00:18:26,5d6a4a71-e293-47ae-b622-fe1828de6d22,,,,,false,,image/jpeg,,false,,8f944860-311b-4f6b-99ed-39435c6b0dd8,,,,,animal,,Xolmis pyrope,,,,,,,,,,,,,machine,CLIP zero-shot,2026-08-18T21:19:49,0.2908,,Diucón
,CT09,SynologyDrive,07230017.JPG,CT09, 2025-07-23 07:57:14,10fea3d7-a3d4-4049-8fa5-4e292d35ec4a,,,,,false,,image/jpeg,,false,,09652a5c-6f6b-482d-a58f-9f04d8faebfa,,,,,animal,,Canis lupus familiaris,,,,,,,,,,,,,machine,CLIP zero-shot,2026-08-18T21:19:49,0.3303,,Perro
,CT09,SynologyDrive,07230018.JPG,CT09, 2025-07-23 07:57:15,339655ee-76e2-4a92-9563-9b33ce599fa0,,,,,false,,image/jpeg,,false,,1c004eaa-0eae-4ed8-b652-8d19c3155bfd,,,,,animal,,Lycalopex culpaeus,,,,,,,,,,,,,machine,CLIP zero-shot,2026-08-18T21:19:49,0.3524,,Zorro culpeo
,CT09,SynologyDrive,08270029.JPG,CT09, 2025-08-27 08:00:24,598e27b8-598e-470d-a0ab-3b056e3b3c1d,,,,,false,,image/jpeg,,false,,1eec04b8-3767-4dac-9f5f-734f17bf2722,,,,,animal,,Canis lupus familiaris,,,,,,,,,,,,,machine,CLIP zero-shot,2026-08-18T21:19:49,0.3294,,Perro
,CT09,SynologyDrive,10210037.JPG,CT09, 2025-10-21 06:00:49,87fa9244-d6f0-487a-9b9e-158b792308f4,,,,,false,,image/jpeg,,false,,d9d6eef4-3a36-485e-946c-c5f2fe3089d1,,,,,animal,,Phrygilus gayi,,,,,,,,,,,,,machine,CLIP zero-shot,2026-08-18T21:19:49,0.3068,,Cometocino
,CT09,SynologyDrive,11110049.JPG,CT09, 2025-11-11 13:51:36,cd731529-72fb-4ef8-8d0a-ecc72f12650b,,,,,false,,image/jpeg,,false,,33a956ed-fdbe-40bf-aa8e-9356eafbb947,,,,,animal,,Canis lupus familiaris,,,,,,,,,,,,,machine,CLIP zero-shot,2026-08-18T21:19:49,0.3653,,Perro
,CT09,SynologyDrive,11110051.JPG,CT09, 2025-11-11 13:51:41,c6e41691-256f-41ee-8291-f244825d2073,,,,,false,,image/jpeg,,false,,66d144e0-fa22-489e-b3ff-ee9bc7c9e159,,,,,animal,,Canis lupus familiaris,,,,,,,,,,,,,machine,CLIP zero-shot,2026-08-18T21:19:49,0.3512,,Perro
,CT09,SynologyDrive,11200058.JPG,CT09, 2025-11-20 15:41:33,82ece03a-4922-4557-b84c-1dbcb2747f1a,,,,,false,,image/jpeg,,false,,cb651ccf-f24e-408b-9ba5-d6365d464c94,,,,,animal,,,,,,,,,,,,,,,machine,CLIP zero-shot,2026-08-18T21:19:49,0.2761,,No reconocible
,CT09,SynologyDrive,11200059.JPG,CT09, 2025-11-20 15:43:20,30b3e35f-8f14-4db8-9843-fd17f539ca02,,,,,false,,image/jpeg,,false,,34d2aee8-cbf7-494a-b7d1-a48c61ed3e55,,,,,animal,,Sephanoides sephaniodes,,,,,,,,,,,,,machine,CLIP zero-shot,2026-08-18T21:19:49,0.3271,,Picaflor
,CT09,SynologyDrive,11200068.JPG,CT09, 2025-11-20 15:44:48,cb32c7f5-22ac-4cf8-841e-97a2ad983ab8,,,,,false,,image/jpeg,,false,,e1da7b32-cec5-4aa3-a070-d4283a8914bd,,,,,animal,,Xolmis pyrope,,,,,,,,,,,,,machine,CLIP zero-shot,2026-08-18T21:19:49,0.32,,Diucón
,CT10,SynologyDrive,06080001.JPG,CT10, 2025-06-08 20:59:25,3836ac95-2a51-4ffc-a564-74a2115a13d8,,,,,false,,image/jpeg,,false,,10f5d66b-2ef6-4e95-a82a-7ef52d73adb5,,,,,animal,,Lycalopex culpaeus,,,,,,,,,,,,,machine,CLIP zero-shot,2026-08-18T21:19:49,0.3338,,Zorro culpeo
,CT10,SynologyDrive,06080002.JPG,CT10, 2025-06-08 20:59:25,8abdbcce-a044-4ebe-83fe-a5f57957e016,,,,,false,,image/jpeg,,false,,6c56c164-3903-4edf-b09b-c0708ff21f79,,,,,animal,,Lycalopex culpaeus,,,,,,,,,,,,,machine,CLIP zero-shot,2026-08-18T21:19:49,0.3249,,Zorro culpeo
,CT10,SynologyDrive,06080003.JPG,CT10, 2025-06-08 20:59:26,aea44dbe-ae29-4d87-a446-e62d55ee3488,,,,,false,,image/jpeg,,false,,3a077d81-83ec-4a0e-bea0-028c0369f533,,,,,animal,,Pudu puda,,,,,,,,,,,,,machine,CLIP zero-shot,2026-08-18T21:19:49,0.3257,,Pudú
,CT10,SynologyDrive,06130017.JPG,CT10, 2025-06-13 05:27:31,a8583502-ce25-44a1-950c-a9472a9d2bbc,,,,,false,,image/jpeg,,false,,b06e8c01-4193-440f-89e7-439c1259c45d,,,,,animal,,Dromiciops gliroides,,,,,,,,,,,,,machine,CLIP zero-shot,2026-08-18T21:19:49,0.3389,,Monito del monte
,CT10,SynologyDrive,06130018.JPG,CT10, 2025-06-13 05:27:32,e0e28ad8-a5e7-44e3-9534-9a6cae27c1c3,,,,,false,,image/jpeg,,false,,bf431f01-7c02-4c1e-b9ab-db9f5ffdf6ac,,,,,animal,,Leopardus guigna,,,,,,,,,,,,,machine,CLIP zero-shot,2026-08-18T21:19:49,0.3354,,Guiña
,CT10,SynologyDrive,06130019.JPG,CT10, 2025-06-13 05:27:33,ce4a12fe-97f6-4a24-a085-1f30877db690,,,,,false,,image/jpeg,,false,,7bec155d-fa73-4724-b0ae-2e8cb711f7a5,,,,,animal,,Lycalopex culpaeus,,,,,,,,,,,,,machine,CLIP zero-shot,2026-08-18T21:19:49,0.3282,,Zorro culpeo
,CT10,SynologyDrive,07090033.JPG,CT10, 2025-07-09 00:08:47,678a1821-9299-43a0-a4dc-e8337c2e4572,,,,,false,,image/jpeg,,false,,8666bbee-7036-4667-b3f3-b636bff914d0,,,,,animal,,Abrothrix longipilis,,,,,,,,,,,,,machine,CLIP zero-shot,2026-08-18T21:19:49,0.3165,,Ratón cola larga
,CT10,SynologyDrive,08070045.JPG,CT10, 2025-08-07 03:27:40,a63bfef9-5801-4126-9b2a-cd416e1ff8e6,,,,,false,,image/jpeg,,false,,d8854816-fbdf-4bdc-8953-558b624dcebb,,,,,animal,,Lycalopex culpaeus,,,,,,,,,,,,,machine,CLIP zero-shot,2026-08-18T21:19:49,0.3233,,Zorro culpeo
,CT10,SynologyDrive,08070046.JPG,CT10, 2025-08-07 03:27:41,253c4c59-a7e0-4b51-a6a3-702aa9e8d2e4,,,,,false,,image/jpeg,,false,,81d87b3b-4893-40b8-9048-9404be7631d9,,,,,animal,,Leopardus guigna,,,,,,,,,,,,,machine,CLIP zero-shot,2026-08-18T21:19:49,0.2985,,Guiña
,CT10,SynologyDrive,08070047.JPG,CT10, 2025-08-07 03:27:42,fed1dbf6-af63-4b26-bd84-be819756b71b,,,,,false,,image/jpeg,,false,,0c0f7ed3-a65b-4eec-b5c5-97e2989dcc2a,,,,,animal,,Lycalopex culpaeus,,,,,,,,,,,,,machine,CLIP zero-shot,2026-08-18T21:19:49,0.3106,,Zorro culpeo
,CT10,SynologyDrive,08190061.JPG,CT10, 2025-08-19 10:13:24,9d8095eb-abed-47b6-a6a4-967203e2e130,,,,,false,,image/jpeg,,false,,12dc655e-9362-413d-b15f-d92495382a05,,,,,animal,,Felis catus,,,,,,,,,,,,,machine,CLIP zero-shot,2026-08-18T21:19:49,0.3445,,Gato doméstico
,CT10,SynologyDrive,09040065.JPG,CT10, 2025-09-04 18:25:50,55e0c192-7d82-4c37-bd2e-223f776a2eac,,,,,false,,image/jpeg,,false,,4f7fba07-7d94-449d-beac-ebac84c25665,,,,,animal,,Lycalopex culpaeus,,,,,,,,,,,,,machine,CLIP zero-shot,2026-08-18T21:19:49,0.3449,,Zorro culpeo
,CT10,SynologyDrive,09040066.JPG,CT10, 2025-09-04 18:25:51,8e9a6f2b-b32f-48fb-9052-0585e758b299,,,,,false,,image/jpeg,,false,,69daa45b-720b-462d-ae2d-f45b296d7bfa,,,,,animal,,Lycalopex culpaeus,,,,,,,,,,,,,machine,CLIP zero-shot,2026-08-18T21:19:49,0.313,,Zorro culpeo
,CT10,SynologyDrive,09040067.JPG,CT10, 2025-09-04 18:25:52,cae2840f-a988-400f-830b-a4aa91151865,,,,,false,,image/jpeg,,false,,df8f7590-dc4a-4a36-b210-432c6e14365f,,,,,animal,,Pudu puda,,,,,,,,,,,,,machine,CLIP zero-shot,2026-08-18T21:19:49,0.3564,,Pudú
,CT10,SynologyDrive,09220073.JPG,CT10, 2025-09-22 23:02:29,e658f928-2379-4399-95dc-9fc52c55d0ec,,,,,false,,image/jpeg,,false,,8e26a737-61ba-451d-af9b-2391db8834e1,,,,,animal,,Dromiciops gliroides,,,,,,,,,,,,,machine,CLIP zero-shot,2026-08-18T21:19:49,0.3675,,Monito del monte
,CT10,SynologyDrive,10020077.JPG,CT10, 2025-10-02 20:10:49,76e4e2ee-75b4-4325-8ccf-4d75db9ce5bc,,,,,false,,image/jpeg,,false,,95a338a4-63ea-4b22-b20c-2b625a5497de,,,,,animal,,Pudu puda,,,,,,,,,,,,,machine,CLIP zero-shot,2026-08-18T21:19:49,0.3105,,Pudú
,CT10,SynologyDrive,10020078.JPG,CT10, 2025-10-02 20:10:50,c14ae1e1-8622-49cf-814f-3edcf78658b2,,,,,false,,image/jpeg,,false,,00312373-d6cc-493f-af49-c280e4961b66,,,,,animal,,Scelorchilus rubecula,,,,,,,,,,,,,machine,CLIP zero-shot,2026-08-18T21:19:49,0.3097,,Chucao
,CT10,SynologyDrive,10020079.JPG,CT10, 2025-10-02 20:10:50,cec4fb3f-e2b3-4e6b-9851-93ae00ae8a4d,,,,,false,,image/jpeg,,false,,e516dc1a-bff2-4a0e-8e0a-24d54101afba,,,,,animal,,Leopardus guigna,,,,,,,,,,,,,machine,CLIP zero-shot,2026-08-18T21:19:49,0.3203,,Guiña
,CT10,SynologyDrive,10020081.JPG,CT10, 2025-10-02 21:36:51,715262dc-7e9c-4e73-a503-933bbe2ad4c6,,,,,false,,image/jpeg,,false,,8aa09679-eed7-41f8-8783-9d536af5b7bf,,,,,animal,,Leopardus guigna,,,,,,,,,,,,,machine,CLIP zero-shot,2026-08-18T21:19:49,0.3206,,Guiña
,CT10,SynologyDrive,10020082.JPG,CT10, 2025-10-02 21:36:52,b8d573a9-1a01-487f-b9e9-b7bc732ab97f,,,,,false,,image/jpeg,,false,,e7c9c5f6-2fc2-493d-9b79-e817909864d5,,,,,animal,,Leopardus guigna,,,,,,,,,,,,,machine,CLIP zero-shot,2026-08-18T21:19:49,0.3171,,Guiña
,CT10,SynologyDrive,10020083.JPG,CT10, 2025-10-02 21:36:53,7aa56de1-cec8-4c4c-9a75-7a004b8e9bed,,,,,false,,image/jpeg,,false,,470ee0b2-ad39-4709-8db4-27c6bdc19f50,,,,,animal,,Leopardus guigna,,,,,,,,,,,,,machine,CLIP zero-shot,2026-08-18T21:19:49,0.3364,,Guiña
,CT10,SynologyDrive,10020085.JPG,CT10, 2025-10-02 21:51:43,bd42bbd0-5c17-452a-9721-210760d12638,,,,,false,,image/jpeg,,false,,f0a612ad-89db-416b-89fb-cd2b006147a1,,,,,animal,,Xolmis pyrope,,,,,,,,,,,,,machine,CLIP zero-shot,2026-08-18T21:19:49,0.3224,,Diucón
,CT10,SynologyDrive,10020086.JPG,CT10, 2025-10-02 21:51:44,1eb4c73b-fe55-4bbd-8d24-f8b8d27a446d,,,,,false,,image/jpeg,,false,,90263745-3d13-483f-86ca-4effcd930077,,,,,animal,,Xolmis pyrope,,,,,,,,,,,,,machine,CLIP zero-shot,2026-08-18T21:19:49,0.3185,,Diucón
,CT10,SynologyDrive,10020087.JPG,CT10, 2025-10-02 21:51:44,ee99ee3e-8b12-4933-acb9-7222bf8622a0,,,,,false,,image/jpeg,,false,,20d2c3fe-05cb-4b3a-844a-f6c3950afd58,,,,,animal,,Xolmis pyrope,,,,,,,,,,,,,machine,CLIP zero-shot,2026-08-18T21:19:49,0.3258,,Diucón
,CT10,SynologyDrive,10030089.JPG,CT10, 2025-10-03 22:00:16,20d5e87b-a17d-468c-af45-6418f2ac2652,,,,,false,,image/jpeg,,false,,85c21fb2-1d67-4cef-b132-dd1854f2c5cc,,,,,animal,,Dromiciops gliroides,,,,,,,,,,,,,machine,CLIP zero-shot,2026-08-18T21:19:49,0.2989,,Monito del monte
,CT10,SynologyDrive,10030090.JPG,CT10, 2025-10-03 22:00:17,80b00336-a5d0-4871-a461-eaaee50374f9,,,,,false,,image/jpeg,,false,,a7247375-d914-4625-9cf8-8518d19b3c1d,,,,,animal,,Dromiciops gliroides,,,,,,,,,,,,,machine,CLIP zero-shot,2026-08-18T21:19:49,0.3192,,Monito del monte
,CT10,SynologyDrive,10030091.JPG,CT10, 2025-10-03 22:00:18,b9b891aa-94c6-41e7-870f-cd293ee9647e,,,,,false,,image/jpeg,,false,,e59fe222-b9ab-4a0f-99e3-058b9096b832,,,,,animal,,Galictis cuja,,,,,,,,,,,,,machine,CLIP zero-shot,2026-08-18T21:19:49,0.3071,,Quique
,CT10,SynologyDrive,10030093.JPG,CT10, 2025-10-03 22:18:51,08abc761-bfa4-4811-8d47-5340f94ef8f0,,,,,false,,image/jpeg,,false,,d5a86239-9d61-4d73-ab40-cb70748b2b5c,,,,,animal,,Pudu puda,,,,,,,,,,,,,machine,CLIP zero-shot,2026-08-18T21:19:49,0.3497,,Pudú
,CT10,SynologyDrive,10040097.JPG,CT10, 2025-10-04 01:01:35,4f108e95-2aba-47fa-bb22-1e3ba1aa4c73,,,,,false,,image/jpeg,,false,,ce226358-6935-485b-9188-bbaa018dc2d6,,,,,animal,,Xolmis pyrope,,,,,,,,,,,,,machine,CLIP zero-shot,2026-08-18T21:19:49,0.3335,,Diucón
,CT10,SynologyDrive,10040098.JPG,CT10, 2025-10-04 01:01:35,d855ba16-f5e1-4675-8f05-9d112b8ee6bc,,,,,false,,image/jpeg,,false,,f911133d-56da-4f73-81b1-60d40f71b59b,,,,,animal,,Lycalopex culpaeus,,,,,,,,,,,,,machine,CLIP zero-shot,2026-08-18T21:19:49,0.3637,,Zorro culpeo
,CT10,SynologyDrive,10040099.JPG,CT10, 2025-10-04 01:01:36,1e9f5589-851a-4662-af97-8bd5d7b6526a,,,,,false,,image/jpeg,,false,,aab6025c-d2da-44f2-854c-494770fff8bd,,,,,animal,,Leopardus guigna,,,,,,,,,,,,,machine,CLIP zero-shot,2026-08-18T21:19:49,0.354,,Guiña
,CT10,SynologyDrive,10060101.JPG,CT10, 2025-10-06 22:38:18,c83da7e2-ff73-49ae-95f3-1323b2bf31da,,,,,false,,image/jpeg,,false,,cd5979d2-ac92-4168-b09b-39c9c09b50e1,,,,,animal,,Dromiciops gliroides,,,,,,,,,,,,,machine,CLIP zero-shot,2026-08-18T21:19:49,0.312,,Monito del monte
,CT10,SynologyDrive,10060102.JPG,CT10, 2025-10-06 22:38:18,5d4af9b7-4d3d-4286-97f7-d4ca90db2d66,,,,,false,,image/jpeg,,false,,caaa47aa-6a7c-4f06-ac2b-7cf07f601f69,,,,,animal,,Lycalopex culpaeus,,,,,,,,,,,,,machine,CLIP zero-shot,2026-08-18T21:19:49,0.3156,,Zorro culpeo
,CT10,SynologyDrive,10060105.JPG,CT10, 2025-10-06 23:01:45,f46156d9-89ab-408c-92ff-e88dcb2abc74,,,,,false,,image/jpeg,,false,,4ff4cc5c-aed5-4013-b853-c02520683261,,,,,animal,,Xolmis pyrope,,,,,,,,,,,,,machine,CLIP zero-shot,2026-08-18T21:19:49,0.2848,,Diucón
,CT10,SynologyDrive,10130113.JPG,CT10, 2025-10-13 03:15:06,c2c3fc70-f645-495d-ae06-9e3e8e183c60,,,,,false,,image/jpeg,,false,,677ae239-e154-47e2-a7da-3569b7cb4465,,,,,animal,,Dromiciops gliroides,,,,,,,,,,,,,machine,CLIP zero-shot,2026-08-18T21:19:49,0.3457,,Monito del monte
,CT10,SynologyDrive,10130114.JPG,CT10, 2025-10-13 03:15:07,80e751c3-57a6-44d4-85c8-839e08db1f73,,,,,false,,image/jpeg,,false,,bee2e35e-e1b9-4dc6-9636-fee467d012b8,,,,,animal,,Lycalopex culpaeus,,,,,,,,,,,,,machine,CLIP zero-shot,2026-08-18T21:19:49,0.2959,,Zorro culpeo
,CT10,SynologyDrive,10130121.JPG,CT10, 2025-10-13 22:06:18,26ccb415-a9bf-4c9b-b5d5-637fbdb7d4a8,,,,,false,,image/jpeg,,false,,e9c7ca56-5856-4c5d-a32b-ec7e36ad0d7a,,,,,animal,,Leopardus guigna,,,,,,,,,,,,,machine,CLIP zero-shot,2026-08-18T21:19:49,0.3225,,Guiña
,CT10,SynologyDrive,10130122.JPG,CT10, 2025-10-13 22:06:18,8bc1cc43-48d2-489c-bd48-a11a4151d978,,,,,false,,image/jpeg,,false,,360b6320-dc4d-46a9-b1af-4f7cba7ac6bd,,,,,animal,,Lycalopex culpaeus,,,,,,,,,,,,,machine,CLIP zero-shot,2026-08-18T21:19:49,0.3037,,Zorro culpeo
,CT10,SynologyDrive,10130125.JPG,CT10, 2025-10-13 22:14:06,c3862aca-132b-41c9-bc14-7cba1f9c9c8d,,,,,false,,image/jpeg,,false,,9e401231-009c-43e4-8091-57a10076ccdd,,,,,animal,,,,,,,,,,,,,,,machine,CLIP zero-shot,2026-08-18T21:19:49,0.2588,,No reconocible
,CT10,SynologyDrive,10150129.JPG,CT10, 2025-10-15 20:35:44,bc12a0c8-c5ed-4c04-ab49-f97088106609,,,,,false,,image/jpeg,,false,,0ff461d4-ca46-484c-9f41-92a1365fbc06,,,,,animal,,Lepus europaeus,,,,,,,,,,,,,machine,CLIP zero-shot,2026-08-18T21:19:49,0.3242,,Liebre
,CT10,SynologyDrive,10150130.JPG,CT10, 2025-10-15 20:35:44,df78b562-3699-4b56-9362-dc7e7d43460d,,,,,false,,image/jpeg,,false,,803690d8-c2d7-4bf4-a6f1-d52a9511d4fa,,,,,animal,,Scelorchilus rubecula,,,,,,,,,,,,,machine,CLIP zero-shot,2026-08-18T21:19:49,0.3245,,Chucao
,CT10,SynologyDrive,10150131.JPG,CT10, 2025-10-15 20:35:45,9d535000-447c-4833-8de3-b4edb3d36ed1,,,,,false,,image/jpeg,,false,,6f3157c2-c9dd-4fbd-a344-90d82d65cdc8,,,,,animal,,Scelorchilus rubecula,,,,,,,,,,,,,machine,CLIP zero-shot,2026-08-18T21:19:49,0.2956,,Chucao
,CT10,SynologyDrive,10160137.JPG,CT10, 2025-10-16 01:29:04,dee28e87-6e23-430c-bd8f-f09118065023,,,,,false,,image/jpeg,,false,,e9755444-cf61-42b5-b0c3-1d4e0439a623,,,,,animal,,Scelorchilus rubecula,,,,,,,,,,,,,machine,CLIP zero-shot,2026-08-18T21:19:49,0.3315,,Chucao
,CT10,SynologyDrive,10160138.JPG,CT10, 2025-10-16 01:29:05,22394771-0483-4f49-bb63-104a6fe9623a,,,,,false,,image/jpeg,,false,,d6b7b83a-4523-43ec-bbf6-3a51ef4b185f,,,,,animal,,Felis catus,,,,,,,,,,,,,machine,CLIP zero-shot,2026-08-18T21:19:49,0.3049,,Gato doméstico
,CT10,SynologyDrive,10160141.JPG,CT10, 2025-10-16 01:44:39,e8677a61-ecf3-4403-b1a6-e2c146b70e7f,,,,,false,,image/jpeg,,false,,be9e65c2-4d00-4ffd-b434-ecaf29323279,,,,,animal,,Abrothrix longipilis,,,,,,,,,,,,,machine,CLIP zero-shot,2026-08-18T21:19:49,0.3634,,Ratón cola larga
,CT10,SynologyDrive,10160145.JPG,CT10, 2025-10-16 07:02:25,46b3cb00-c09d-4284-907b-ec4825643d33,,,,,false,,image/jpeg,,false,,42790f2c-3ef6-4d07-a007-171af91b6009,,,,,animal,,Pudu puda,,,,,,,,,,,,,machine,CLIP zero-shot,2026-08-18T21:19:49,0.3335,,Pudú
,CT10,SynologyDrive,10160146.JPG,CT10, 2025-10-16 07:02:25,c4a7ebf9-5b20-4478-826b-13164e54d193,,,,,false,,image/jpeg,,false,,19e940cf-247f-4bf0-873a-49c2f40ca3a9,,,,,animal,,Lepus europaeus,,,,,,,,,,,,,machine,CLIP zero-shot,2026-08-18T21:19:49,0.3227,,Liebre
,CT10,SynologyDrive,10160147.JPG,CT10, 2025-10-16 07:02:26,59cce1bd-ca4a-4de4-99ca-f74fd05b8373,,,,,false,,image/jpeg,,false,,1adadc20-8416-4960-b327-dcffeaded549,,,,,animal,,Scelorchilus rubecula,,,,,,,,,,,,,machine,CLIP zero-shot,2026-08-18T21:19:49,0.3161,,Chucao
,CT10,SynologyDrive,10160149.JPG,CT10, 2025-10-16 07:29:46,9053b2ee-6ee9-4a76-8563-110eed0173a0,,,,,false,,image/jpeg,,false,,5b8d4aed-9473-48ad-88a0-663a6fbca328,,,,,animal,,Abrothrix longipilis,,,,,,,,,,,,,machine,CLIP zero-shot,2026-08-18T21:19:49,0.3468,,Ratón cola larga
,CT10,SynologyDrive,10280165.JPG,CT10, 2025-10-28 21:30:02,e9da1b99-88b7-418b-86b1-48d16eec42d5,,,,,false,,image/jpeg,,false,,6c67762e-c224-4bc3-83a1-9c83754ff9d6,,,,,animal,,Sus scrofa,,,,,,,,,,,,,machine,CLIP zero-shot,2026-08-18T21:19:49,0.321,,Jabalí
,CT10,SynologyDrive,10280166.JPG,CT10, 2025-10-28 21:30:02,b8d55d4c-ecbd-45d4-bbfa-97e859abf64d,,,,,false,,image/jpeg,,false,,d7b01a52-83d1-49d2-a66b-75c5648cf467,,,,,animal,,Sus scrofa,,,,,,,,,,,,,machine,CLIP zero-shot,2026-08-18T21:19:49,0.3187,,Jabalí
,CT10,SynologyDrive,10280167.JPG,CT10, 2025-10-28 21:30:03,ba6a36db-8d68-40fb-a1f4-fbcd9bf5dafa,,,,,false,,image/jpeg,,false,,1226b256-55ef-4ca4-8afe-6e45ae4ab60f,,,,,animal,,Leopardus guigna,,,,,,,,,,,,,machine,CLIP zero-shot,2026-08-18T21:19:49,0.3007,,Guiña
,CT10,SynologyDrive,11090173.JPG,CT10, 2025-11-09 21:18:30,30263ec0-1f77-4040-ae67-26a793a545fa,,,,,false,,image/jpeg,,false,,ae87d0e5-a88a-4836-a28e-6fedd2709b35,,,,,animal,,Pudu puda,,,,,,,,,,,,,machine,CLIP zero-shot,2026-08-18T21:19:49,0.3265,,Pudú
,CT10,SynologyDrive,11090174.JPG,CT10, 2025-11-09 21:18:31,0bd5389b-e197-4624-be2e-552d5fb5cd28,,,,,false,,image/jpeg,,false,,466a8c0f-9b76-4fec-9961-801a4850d30a,,,,,animal,,Pudu puda,,,,,,,,,,,,,machine,CLIP zero-shot,2026-08-18T21:19:49,0.3365,,Pudú
,CT10,SynologyDrive,11090175.JPG,CT10, 2025-11-09 21:18:32,01f939fd-f2ac-46cf-a57c-5ee05ba50e2c,,,,,false,,image/jpeg,,false,,17901d2d-c33d-40a4-8790-aae1e3e9cb71,,,,,animal,,Dromiciops gliroides,,,,,,,,,,,,,machine,CLIP zero-shot,2026-08-18T21:19:49,0.326,,Monito del monte
,CT10,SynologyDrive,11130177.JPG,CT10, 2025-11-13 00:37:12,17228338-62b1-41d2-aa90-1e19d3d447ee,,,,,false,,image/jpeg,,false,,078d89ee-f1f4-459d-96a3-0354a7a9bd52,,,,,animal,,Lycalopex culpaeus,,,,,,,,,,,,,machine,CLIP zero-shot,2026-08-18T21:19:49,0.3103,,Zorro culpeo
,CT10,SynologyDrive,11130178.JPG,CT10, 2025-11-13 00:37:13,d6cc18b5-d5d2-4212-b723-e2a496be5c03,,,,,false,,image/jpeg,,false,,c6bae219-3d40-4540-9caa-c5e2ea87a599,,,,,animal,,Puma concolor,,,,,,,,,,,,,machine,CLIP zero-shot,2026-08-18T21:19:49,0.3127,,Puma
,CT10,SynologyDrive,11130179.JPG,CT10, 2025-11-13 00:37:14,4a0dafc7-4c95-4d0b-9a8a-4148df826f95,,,,,false,,image/jpeg,,false,,ce4504bd-6243-4d37-a38e-de01a0f1c71e,,,,,animal,,Puma concolor,,,,,,,,,,,,,machine,CLIP zero-shot,2026-08-18T21:19:49,0.3317,,Puma
,CT10,SynologyDrive,11130181.JPG,CT10, 2025-11-13 00:37:34,267fa398-bf91-4482-8a97-d3f7fffee555,,,,,false,,image/jpeg,,false,,a015142a-934e-4aeb-8229-ad85c11b73ec,,,,,animal,,Pudu puda,,,,,,,,,,,,,machine,CLIP zero-shot,2026-08-18T21:19:49,0.3429,,Pudú
,CT10,SynologyDrive,11130182.JPG,CT10, 2025-11-13 00:37:35,4e2d5631-7539-4848-b904-9f309d05b26d,,,,,false,,image/jpeg,,false,,a445a856-028b-4900-8578-e0664891ae47,,,,,animal,,Galictis cuja,,,,,,,,,,,,,machine,CLIP zero-shot,2026-08-18T21:19:49,0.3302,,Quique
,CT10,SynologyDrive,11190193.JPG,CT10, 2025-11-19 22:46:19,bdf419e0-5ba8-4bcb-a7f0-56d6ae852402,,,,,false,,image/jpeg,,false,,18fcd97b-dcfb-411e-a4b4-895ffe3b18a8,,,,,animal,,Leopardus guigna,,,,,,,,,,,,,machine,CLIP zero-shot,2026-08-18T21:19:49,0.3219,,Guiña
,CT10,SynologyDrive,11190194.JPG,CT10, 2025-11-19 22:46:20,5c9b2672-4543-4caf-95fa-f7dc22c2cb31,,,,,false,,image/jpeg,,false,,0dc35391-9840-4a0b-a61d-7f78563f1310,,,,,animal,,Lycalopex culpaeus,,,,,,,,,,,,,machine,CLIP zero-shot,2026-08-18T21:19:49,0.3189,,Zorro culpeo
,CT10,SynologyDrive,11190195.JPG,CT10, 2025-11-19 22:46:21,fd4b3ae0-dabf-4082-8c85-c29979122341,,,,,false,,image/jpeg,,false,,3484399b-b28e-4243-9c02-94ca5b88377d,,,,,animal,,Puma concolor,,,,,,,,,,,,,machine,CLIP zero-shot,2026-08-18T21:19:49,0.3088,,Puma
,CT10,SynologyDrive,11210197.JPG,CT10, 2025-11-21 16:14:46,4ca8e577-8cf1-42bc-b0bc-bfc039278904,,,,,false,,image/jpeg,,false,,5563ca1e-3d88-4c6b-b6ba-1a85089aa223,,,,,animal,,Canis lupus familiaris,,,,,,,,,,,,,machine,CLIP zero-shot,2026-08-18T21:19:49,0.3454,,Perro
,CT10,SynologyDrive,11210198.JPG,CT10, 2025-11-21 16:14:46,72572dbb-8310-4482-a91b-9aff71aae32e,,,,,false,,image/jpeg,,false,,6f6b18e7-030b-4632-816a-cd399e9c7900,,,,,animal,,Galictis cuja,,,,,,,,,,,,,machine,CLIP zero-shot,2026-08-18T21:19:49,0.351,,Quique
,CT10,SynologyDrive,11210201.JPG,CT10, 2025-11-21 20:22:41,062fdef1-54db-4557-bc9b-2ba25811dc8b,,,,,false,,image/jpeg,,false,,dbde16fd-7a44-4bff-a425-9f1bbec29bc5,,,,,animal,,Lycalopex culpaeus,,,,,,,,,,,,,machine,CLIP zero-shot,2026-08-18T21:19:49,0.3235,,Zorro culpeo
,CT10,SynologyDrive,11210202.JPG,CT10, 2025-11-21 20:22:42,7b3acc4a-c15e-408e-9c8c-092b68703aac,,,,,false,,image/jpeg,,false,,90862b54-b5c6-41bb-ab38-8702903e9f19,,,,,animal,,Lycalopex culpaeus,,,,,,,,,,,,,machine,CLIP zero-shot,2026-08-18T21:19:49,0.3197,,Zorro culpeo
,CT10,SynologyDrive,11210203.JPG,CT10, 2025-11-21 20:22:42,99a4066c-4101-4118-9fc8-664e2b916f6c,,,,,false,,image/jpeg,,false,,b34c3bab-e791-4765-ac17-4a74e802dc74,,,,,animal,,Leopardus guigna,,,,,,,,,,,,,machine,CLIP zero-shot,2026-08-18T21:19:49,0.3223,,Guiña
,CT11,SynologyDrive,07090181.JPG,CT11, 2025-07-09 09:14:02,2b210dce-6418-4b66-80ed-2b7f19d3773f,,,,,false,,image/jpeg,,false,,e269f75f-4070-4d57-9195-ac83333a448e,,,,,animal,,Pudu puda,,,,,,,,,,,,,machine,CLIP zero-shot,2026-08-18T21:19:49,0.3311,,Pudú
,CT11,SynologyDrive,07090182.JPG,CT11, 2025-07-09 09:14:02,4d35bf5e-f409-4a11-84d6-803fc1be2057,,,,,false,,image/jpeg,,false,,64324a3b-4d3d-4bfa-89ac-acdf65082e90,,,,,animal,,Sus scrofa,,,,,,,,,,,,,machine,CLIP zero-shot,2026-08-18T21:19:49,0.3204,,Jabalí
,CT11,SynologyDrive,07090183.JPG,CT11, 2025-07-09 09:14:03,f90e798e-be3c-427d-a424-c6843fec1e8c,,,,,false,,image/jpeg,,false,,811d0096-48cd-482d-9c19-f5f54675d9dc,,,,,animal,,Sus scrofa,,,,,,,,,,,,,machine,CLIP zero-shot,2026-08-18T21:19:49,0.3033,,Jabalí
,CT11,SynologyDrive,07090185.JPG,CT11, 2025-07-09 09:15:47,07f449af-ddc5-4959-aa60-965ccd46d8ee,,,,,false,,image/jpeg,,false,,a67da630-46f1-48e2-9e01-78df313783e0,,,,,animal,,Neogale vison,,,,,,,,,,,,,machine,CLIP zero-shot,2026-08-18T21:19:49,0.3019,,Visón
,CT11,SynologyDrive,07090186.JPG,CT11, 2025-07-09 09:15:47,e8269213-f16d-4344-9c71-2454c4bb4b5e,,,,,false,,image/jpeg,,false,,a673f33f-1ea6-459f-8c4c-17d5b75b0739,,,,,animal,,Sus scrofa,,,,,,,,,,,,,machine,CLIP zero-shot,2026-08-18T21:19:49,0.3343,,Jabalí
,CT11,SynologyDrive,07090187.JPG,CT11, 2025-07-09 09:15:48,360a44c2-34ae-4754-a703-73191aea58c0,,,,,false,,image/jpeg,,false,,e513c265-6dfb-4c09-86a8-6218496c6389,,,,,animal,,Abrothrix longipilis,,,,,,,,,,,,,machine,CLIP zero-shot,2026-08-18T21:19:49,0.3384,,Ratón cola larga
,CT11,SynologyDrive,07090189.JPG,CT11, 2025-07-09 09:16:36,99fac4f0-b354-45b2-89c1-0948b511a215,,,,,false,,image/jpeg,,false,,918fbbfe-5364-488b-947c-bb3aecd231ee,,,,,animal,,Pudu puda,,,,,,,,,,,,,machine,CLIP zero-shot,2026-08-18T21:19:49,0.3405,,Pudú
,CT11,SynologyDrive,07090190.JPG,CT11, 2025-07-09 09:16:37,00bf3248-20fd-42ac-95e2-0d714c74b419,,,,,false,,image/jpeg,,false,,cd12d0a6-74eb-44df-a585-4d4b479772db,,,,,animal,,Sus scrofa,,,,,,,,,,,,,machine,CLIP zero-shot,2026-08-18T21:19:49,0.3113,,Jabalí
,CT11,SynologyDrive,07090191.JPG,CT11, 2025-07-09 09:16:37,0a29e511-4e37-4df3-b7ba-451d3a60ee3f,,,,,false,,image/jpeg,,false,,b37432a0-bb33-49bc-ad2a-381a9a59463e,,,,,animal,,Neogale vison,,,,,,,,,,,,,machine,CLIP zero-shot,2026-08-18T21:19:49,0.3173,,Visón
,CT11,SynologyDrive,07090193.JPG,CT11, 2025-07-09 09:16:59,c6fd4f0a-1228-4b18-9451-08fc448492f1,,,,,false,,image/jpeg,,false,,70bebc70-1800-4d45-b4f0-47ed00a8f055,,,,,animal,,Sus scrofa,,,,,,,,,,,,,machine,CLIP zero-shot,2026-08-18T21:19:49,0.3338,,Jabalí
,CT11,SynologyDrive,07090194.JPG,CT11, 2025-07-09 09:16:59,030ebfe6-2c98-492f-b003-4e35e339170b,,,,,false,,image/jpeg,,false,,ae007037-4f3a-42d3-9deb-f0cc6cd295de,,,,,animal,,Leopardus guigna,,,,,,,,,,,,,machine,CLIP zero-shot,2026-08-18T21:19:49,0.3296,,Guiña
,CT11,SynologyDrive,07090195.JPG,CT11, 2025-07-09 09:17:00,edaca89c-ee05-4976-8177-b8055ecceddf,,,,,false,,image/jpeg,,false,,5e2590a9-8af2-4ffa-9ad6-c4f29019dfc4,,,,,animal,,Xolmis pyrope,,,,,,,,,,,,,machine,CLIP zero-shot,2026-08-18T21:19:49,0.3154,,Diucón
,CT11,SynologyDrive,07090197.JPG,CT11, 2025-07-09 09:21:26,664c9bfe-1dd1-4bd0-8b63-a1b26714ec06,,,,,false,,image/jpeg,,false,,a465af71-c571-4b0d-b64b-73461c960c86,,,,,animal,,Leopardus guigna,,,,,,,,,,,,,machine,CLIP zero-shot,2026-08-18T21:19:49,0.2976,,Guiña
,CT11,SynologyDrive,07090198.JPG,CT11, 2025-07-09 09:21:27,c3270647-b772-4b86-9073-dcb0b00eba63,,,,,false,,image/jpeg,,false,,d999efdc-ed0a-4987-b668-9f47e8fbcb4a,,,,,animal,,Sus scrofa,,,,,,,,,,,,,machine,CLIP zero-shot,2026-08-18T21:19:49,0.3298,,Jabalí
,CT11,SynologyDrive,07090199.JPG,CT11, 2025-07-09 09:21:27,d8684d54-9b51-4674-abf8-648eaae443f1,,,,,false,,image/jpeg,,false,,96c956eb-5f7e-49d3-a286-e8d1cf3f5bb7,,,,,animal,,Sus scrofa,,,,,,,,,,,,,machine,CLIP zero-shot,2026-08-18T21:19:49,0.318,,Jabalí
,CT11,SynologyDrive,07090201.JPG,CT11, 2025-07-09 09:21:47,12dc6a7d-d59d-45d3-8f37-9b5c2c89c6b2,,,,,false,,image/jpeg,,false,,d70eed3e-6a2b-4004-9707-11fc4b39fdc7,,,,,animal,,Pudu puda,,,,,,,,,,,,,machine,CLIP zero-shot,2026-08-18T21:19:49,0.3208,,Pudú
,CT11,SynologyDrive,07090202.JPG,CT11, 2025-07-09 09:21:48,7396dfdf-d63b-4adc-86d0-a33dcbfb06fa,,,,,false,,image/jpeg,,false,,3720ee3e-4c6a-47e0-a357-7a55670c1c3c,,,,,animal,,Sus scrofa,,,,,,,,,,,,,machine,CLIP zero-shot,2026-08-18T21:19:49,0.3121,,Jabalí
,CT11,SynologyDrive,07090203.JPG,CT11, 2025-07-09 09:21:49,fe7f3394-b344-4bcc-8dd2-1510b24cb499,,,,,false,,image/jpeg,,false,,689c7e0b-527b-49dd-b6f2-54f3dc2c64e3,,,,,animal,,Sus scrofa,,,,,,,,,,,,,machine,CLIP zero-shot,2026-08-18T21:19:49,0.3277,,Jabalí
,CT11,SynologyDrive,08070386.JPG,CT11, 2025-08-07 12:38:17,b8ca7ae0-b971-464e-82bb-398f9026a2aa,,,,,false,,image/jpeg,,false,,58cb53bf-3b70-4c73-95f2-4314b3384157,,,,,animal,,,,,,,,,,,,,,,machine,CLIP zero-shot,2026-08-18T21:19:49,0.2763,,No reconocible
,CT11,SynologyDrive,08070423.JPG,CT11, 2025-08-07 12:51:29,4aa1ca58-2e4b-418d-8542-717d9d1223bf,,,,,false,,image/jpeg,,false,,7b257bc1-0a0b-4564-bd46-2483dfae6229,,,,,animal,,Neogale vison,,,,,,,,,,,,,machine,CLIP zero-shot,2026-08-18T21:19:49,0.2922,,Visón
,CT11,SynologyDrive,08070446.JPG,CT11, 2025-08-07 13:19:40,828fdd82-e5f3-4aa6-b34d-96c3de0b7010,,,,,false,,image/jpeg,,false,,ecb349f7-08ca-41e5-b295-3e09f3255d28,,,,,animal,,Phrygilus gayi,,,,,,,,,,,,,machine,CLIP zero-shot,2026-08-18T21:19:49,0.2937,,Cometocino
,CT11,SynologyDrive,08070449.JPG,CT11, 2025-08-07 13:25:33,7d885d6b-ce00-464c-ade0-ff70c8ae8ccd,,,,,false,,image/jpeg,,false,,89553124-7b41-4c13-8a5f-b40cc1d9295f,,,,,animal,,Lycalopex culpaeus,,,,,,,,,,,,,machine,CLIP zero-shot,2026-08-18T21:19:49,0.2938,,Zorro culpeo
,CT11,SynologyDrive,08070451.JPG,CT11, 2025-08-07 13:25:35,57b2f418-62f3-4588-a55a-dc6adfff3014,,,,,false,,image/jpeg,,false,,c92393f8-3882-44f8-85fa-930c48a2ef95,,,,,animal,,Neogale vison,,,,,,,,,,,,,machine,CLIP zero-shot,2026-08-18T21:19:49,0.2933,,Visón
,CT11,SynologyDrive,08070465.JPG,CT11, 2025-08-07 13:33:05,5dd17af8-c8f2-4aff-8f29-a5f59fdfa3b6,,,,,false,,image/jpeg,,false,,6d2c0873-0625-45f8-afbd-1dda391183ff,,,,,animal,,,,,,,,,,,,,,,machine,CLIP zero-shot,2026-08-18T21:19:49,0.2796,,No reconocible
,CT11,SynologyDrive,08070466.JPG,CT11, 2025-08-07 13:33:06,1bb45a5e-572f-48a0-9267-fcf680e25113,,,,,false,,image/jpeg,,false,,26141122-211f-4769-b816-2dc0c3337cbb,,,,,animal,,,,,,,,,,,,,,,machine,CLIP zero-shot,2026-08-18T21:19:49,0.2795,,No reconocible
,CT11,SynologyDrive,08070469.JPG,CT11, 2025-08-07 13:37:47,c323b771-48a0-4bc5-bdc4-1f37b8c65b20,,,,,false,,image/jpeg,,false,,85653857-0e0e-4dad-8b40-bb5e57893a0e,,,,,animal,,Aphrastura spinicauda,,,,,,,,,,,,,machine,CLIP zero-shot,2026-08-18T21:19:49,0.2822,,Rayadito
,CT11,SynologyDrive,08070474.JPG,CT11, 2025-08-07 13:41:13,34480adb-bda3-44ec-b947-820105894bb2,,,,,false,,image/jpeg,,false,,32d82a54-ca4e-4471-aeb7-1d561bef525c,,,,,animal,,Phrygilus gayi,,,,,,,,,,,,,machine,CLIP zero-shot,2026-08-18T21:19:49,0.2847,,Cometocino
,CT11,SynologyDrive,08070475.JPG,CT11, 2025-08-07 13:41:14,99aa0fb9-03fe-4a3f-9e98-20e30bd1f3a1,,,,,false,,image/jpeg,,false,,dfc8b4a4-1407-4554-8fab-4a1878a40406,,,,,animal,,Phrygilus gayi,,,,,,,,,,,,,machine,CLIP zero-shot,2026-08-18T21:19:49,0.2941,,Cometocino
,CT11,SynologyDrive,08070479.JPG,CT11, 2025-08-07 13:42:23,5cf40bf0-5067-410e-8e1f-c2d801eaca92,,,,,false,,image/jpeg,,false,,9e4f58d0-4da2-401f-b0bc-ac36729c82c7,,,,,animal,,,,,,,,,,,,,,,machine,CLIP zero-shot,2026-08-18T21:19:49,0.2764,,No reconocible
,CT11,SynologyDrive,08070482.JPG,CT11, 2025-08-07 13:42:53,28277300-1fb0-4124-8c46-d5926af46091,,,,,false,,image/jpeg,,false,,8953770b-3ebd-4931-b7ce-74cb8e31f7a1,,,,,animal,,Phrygilus gayi,,,,,,,,,,,,,machine,CLIP zero-shot,2026-08-18T21:19:49,0.2823,,Cometocino
,CT11,SynologyDrive,08070509.JPG,CT11, 2025-08-07 14:06:42,ec0e6edb-d5ad-40df-b5ea-c70d655cb2c6,,,,,false,,image/jpeg,,false,,276290bd-6d54-475c-8bf7-b913fe05671d,,,,,animal,,Abrothrix longipilis,,,,,,,,,,,,,machine,CLIP zero-shot,2026-08-18T21:19:49,0.298,,Ratón cola larga
,CT11,SynologyDrive,08070513.JPG,CT11, 2025-08-07 14:14:49,d47e82af-610e-4b45-a7d1-b7b0fe8ca40f,,,,,false,,image/jpeg,,false,,618d3582-ca97-4b8a-a682-bec624c42305,,,,,animal,,Phrygilus gayi,,,,,,,,,,,,,machine,CLIP zero-shot,2026-08-18T21:19:49,0.2805,,Cometocino
,CT11,SynologyDrive,08070514.JPG,CT11, 2025-08-07 14:14:49,70ec912b-eb65-47e2-b13c-2c739c7a46bd,,,,,false,,image/jpeg,,false,,0ca0b068-35d7-4c2f-9120-5ccb5d350736,,,,,animal,,Pteroptochos tectus,,,,,,,,,,,,,machine,CLIP zero-shot,2026-08-18T21:19:49,0.2994,,Hued hued
,CT11,SynologyDrive,08070515.JPG,CT11, 2025-08-07 14:14:50,d6c8cab8-a5f3-4144-afb6-f1f3f02bf04f,,,,,false,,image/jpeg,,false,,14a783db-23c3-47f4-be56-9bff221a5991,,,,,animal,,Pteroptochos tectus,,,,,,,,,,,,,machine,CLIP zero-shot,2026-08-18T21:19:49,0.2956,,Hued hued
,CT11,SynologyDrive,08070517.JPG,CT11, 2025-08-07 14:15:46,4be167f0-aefb-4762-b996-f00863df7874,,,,,false,,image/jpeg,,false,,495d99b5-69c8-4d88-b43b-edb1494ac0c1,,,,,animal,,,,,,,,,,,,,,,machine,CLIP zero-shot,2026-08-18T21:19:49,0.2788,,No reconocible
,CT11,SynologyDrive,08070518.JPG,CT11, 2025-08-07 14:15:47,366bf3bc-db95-4fa2-9d3d-cac862cea40c,,,,,false,,image/jpeg,,false,,d3bd9445-a913-4c5a-ad69-42590ac6d29c,,,,,animal,,Phrygilus gayi,,,,,,,,,,,,,machine,CLIP zero-shot,2026-08-18T21:19:49,0.289,,Cometocino
,CT11,SynologyDrive,08070519.JPG,CT11, 2025-08-07 14:15:48,f10beddb-aab3-4daa-beed-6eacc10167a0,,,,,false,,image/jpeg,,false,,0cdd4e5f-7f4b-471f-88d0-75a54948142d,,,,,animal,,Phrygilus gayi,,,,,,,,,,,,,machine,CLIP zero-shot,2026-08-18T21:19:49,0.299,,Cometocino
,CT11,SynologyDrive,08070521.JPG,CT11, 2025-08-07 14:16:13,1a4310ab-95a3-4ceb-a819-30cd390e8940,,,,,false,,image/jpeg,,false,,86cc3d98-e803-4c05-aabc-3cb93eab0d04,,,,,animal,,Aphrastura spinicauda,,,,,,,,,,,,,machine,CLIP zero-shot,2026-08-18T21:19:49,0.2906,,Rayadito
,CT11,SynologyDrive,08070523.JPG,CT11, 2025-08-07 14:16:14,d01270fa-f336-4cf9-a04f-d50cc5413b1f,,,,,false,,image/jpeg,,false,,cd855c7b-dbae-4664-8471-cc86281fc711,,,,,animal,,Phrygilus gayi,,,,,,,,,,,,,machine,CLIP zero-shot,2026-08-18T21:19:49,0.2893,,Cometocino
,CT11,SynologyDrive,08070525.JPG,CT11, 2025-08-07 14:22:51,f57779de-3bce-4854-822f-c957f50328aa,,,,,false,,image/jpeg,,false,,d5c78dbd-8a4d-4880-9a38-821f11728699,,,,,animal,,Phrygilus gayi,,,,,,,,,,,,,machine,CLIP zero-shot,2026-08-18T21:19:49,0.3041,,Cometocino
,CT11,SynologyDrive,08070526.JPG,CT11, 2025-08-07 14:22:51,4d2c5a58-5d91-4c2c-b4c3-f878fd622b26,,,,,false,,image/jpeg,,false,,ca8a2eb7-da11-4e4a-a585-c4c67ca2f59d,,,,,animal,,Aphrastura spinicauda,,,,,,,,,,,,,machine,CLIP zero-shot,2026-08-18T21:19:49,0.2992,,Rayadito
,CT11,SynologyDrive,08070527.JPG,CT11, 2025-08-07 14:22:52,6fb15473-a095-4573-aae0-c2ab0eecc96d,,,,,false,,image/jpeg,,false,,444efe64-17c3-498c-969a-4f07b88476f1,,,,,animal,,Galictis cuja,,,,,,,,,,,,,machine,CLIP zero-shot,2026-08-18T21:19:49,0.2805,,Quique
,CT11,SynologyDrive,08070529.JPG,CT11, 2025-08-07 14:25:23,3cf24108-b920-45b0-ad4a-73d016d4fc2d,,,,,false,,image/jpeg,,false,,a10dc033-82f5-407d-b77f-7603d559f45b,,,,,animal,,Xolmis pyrope,,,,,,,,,,,,,machine,CLIP zero-shot,2026-08-18T21:19:49,0.2842,,Diucón
,CT11,SynologyDrive,08070531.JPG,CT11, 2025-08-07 14:25:25,6070275f-5269-4774-bd4d-55151293fb27,,,,,false,,image/jpeg,,false,,761ff905-9f10-4af1-a924-1eeb1a092290,,,,,animal,,Pteroptochos tectus,,,,,,,,,,,,,machine,CLIP zero-shot,2026-08-18T21:19:49,0.2853,,Hued hued
,CT11,SynologyDrive,08070533.JPG,CT11, 2025-08-07 14:37:56,ec635911-6bad-4d58-8d56-a47593d4fc71,,,,,false,,image/jpeg,,false,,3be2e06d-f5ee-4ce1-8b59-b59893cd2aed,,,,,animal,,,,,,,,,,,,,,,machine,CLIP zero-shot,2026-08-18T21:19:49,0.2748,,No reconocible
,CT11,SynologyDrive,08070534.JPG,CT11, 2025-08-07 14:37:56,3542e942-fa50-4713-adf2-17c3396408a6,,,,,false,,image/jpeg,,false,,474944d6-aba7-41cb-bae7-44e5745b1b5d,,,,,animal,,,,,,,,,,,,,,,machine,CLIP zero-shot,2026-08-18T21:19:49,0.2679,,No reconocible
,CT11,SynologyDrive,08070535.JPG,CT11, 2025-08-07 14:37:57,7dfbe534-7118-4155-b4f1-14dbd0f8a6ae,,,,,false,,image/jpeg,,false,,d5251e98-e143-4acf-9c48-0e7b99e96470,,,,,animal,,,,,,,,,,,,,,,machine,CLIP zero-shot,2026-08-18T21:19:49,0.2748,,No reconocible
,CT11,SynologyDrive,08070541.JPG,CT11, 2025-08-07 14:40:40,8fff2218-d69a-43fc-b5ca-39b2194d35fa,,,,,false,,image/jpeg,,false,,dfcf1501-811e-4ac0-982c-c49df292924c,,,,,animal,,Sus scrofa,,,,,,,,,,,,,machine,CLIP zero-shot,2026-08-18T21:19:49,0.2881,,Jabalí
,CT11,SynologyDrive,08070542.JPG,CT11, 2025-08-07 14:40:41,6f299f48-ff64-4ac1-aa5d-36593d3284af,,,,,false,,image/jpeg,,false,,42560a33-8730-4d73-b41d-11e040258b44,,,,,animal,,Neogale vison,,,,,,,,,,,,,machine,CLIP zero-shot,2026-08-18T21:19:49,0.2913,,Visón
,CT11,SynologyDrive,08070543.JPG,CT11, 2025-08-07 14:40:42,1135f13f-f6fb-4f4b-9459-53a36c39517b,,,,,false,,image/jpeg,,false,,dd09fe20-6e62-4b80-85e9-59d8d91bd52f,,,,,animal,,Neogale vison,,,,,,,,,,,,,machine,CLIP zero-shot,2026-08-18T21:19:49,0.2845,,Visón
,CT11,SynologyDrive,08070549.JPG,CT11, 2025-08-07 14:41:43,ccd88491-2077-4a5b-9f55-0c65556d1dd3,,,,,false,,image/jpeg,,false,,6839a032-4fc3-4673-ae91-c28be35029e8,,,,,animal,,Phrygilus gayi,,,,,,,,,,,,,machine,CLIP zero-shot,2026-08-18T21:19:49,0.2888,,Cometocino
,CT11,SynologyDrive,08070553.JPG,CT11, 2025-08-07 14:42:03,89bd7c4b-af6f-4001-baf2-b4b3c66432e7,,,,,false,,image/jpeg,,false,,bc5db5fc-bd37-46fe-8364-afbb46eb18e3,,,,,animal,,Neogale vison,,,,,,,,,,,,,machine,CLIP zero-shot,2026-08-18T21:19:49,0.2971,,Visón
,CT11,SynologyDrive,08070554.JPG,CT11, 2025-08-07 14:42:04,5a174c48-f90f-4781-9cab-fe70c873f4eb,,,,,false,,image/jpeg,,false,,3a5422be-fba9-4957-a7b7-16f6da36f1dc,,,,,animal,,Neogale vison,,,,,,,,,,,,,machine,CLIP zero-shot,2026-08-18T21:19:49,0.305,,Visón
,CT11,SynologyDrive,08070555.JPG,CT11, 2025-08-07 14:42:05,73981b28-024f-47f0-96db-7190124c8522,,,,,false,,image/jpeg,,false,,ab28d266-0c51-4748-ba50-d31623149129,,,,,animal,,Sus scrofa,,,,,,,,,,,,,machine,CLIP zero-shot,2026-08-18T21:19:49,0.2882,,Jabalí
,CT11,SynologyDrive,08070561.JPG,CT11, 2025-08-07 14:47:00,8227708a-997c-40ed-a617-9ba03b18254c,,,,,false,,image/jpeg,,false,,a3a703a9-d007-48ef-b9ab-21ae09841631,,,,,animal,,Abrothrix longipilis,,,,,,,,,,,,,machine,CLIP zero-shot,2026-08-18T21:19:49,0.2843,,Ratón cola larga
,CT11,SynologyDrive,08070562.JPG,CT11, 2025-08-07 14:47:00,4c9b09d0-78f7-4c22-a2b2-49fe001a62e9,,,,,false,,image/jpeg,,false,,ac40cab5-2e0c-4960-9d8c-f0102e63d1b9,,,,,animal,,Galictis cuja,,,,,,,,,,,,,machine,CLIP zero-shot,2026-08-18T21:19:49,0.2922,,Quique
,CT11,SynologyDrive,08070563.JPG,CT11, 2025-08-07 14:47:01,b5551005-bd27-4d2e-97c8-ef99e1aa2474,,,,,false,,image/jpeg,,false,,ae969013-8b10-4af0-bd49-438f11fc3ed5,,,,,animal,,,,,,,,,,,,,,,machine,CLIP zero-shot,2026-08-18T21:19:49,0.278,,No reconocible
,CT11,SynologyDrive,08070565.JPG,CT11, 2025-08-07 14:48:05,6d570fc9-b771-4c8d-851a-ea75b0d8fe46,,,,,false,,image/jpeg,,false,,69029760-25f3-455c-b51d-c40153a725c7,,,,,animal,,Pteroptochos tectus,,,,,,,,,,,,,machine,CLIP zero-shot,2026-08-18T21:19:49,0.2867,,Hued hued
,CT11,SynologyDrive,08070566.JPG,CT11, 2025-08-07 14:48:05,d234d408-fabd-46e5-af24-27da3ce3d27c,,,,,false,,image/jpeg,,false,,da6ff508-67d6-4066-a481-3afb7fb6d235,,,,,animal,,Aphrastura spinicauda,,,,,,,,,,,,,machine,CLIP zero-shot,2026-08-18T21:19:49,0.2926,,Rayadito
,CT11,SynologyDrive,08070567.JPG,CT11, 2025-08-07 14:48:06,6c094f1d-01e7-4220-ae71-f9d0fa3a6c24,,,,,false,,image/jpeg,,false,,76d9759d-29b1-4c41-8829-6de9848711f9,,,,,animal,,Phrygilus gayi,,,,,,,,,,,,,machine,CLIP zero-shot,2026-08-18T21:19:49,0.2836,,Cometocino
,CT11,SynologyDrive,08070569.JPG,CT11, 2025-08-07 14:49:27,5a0add32-53f8-4efe-84fb-2cf1dccf0af3,,,,,false,,image/jpeg,,false,,0ac45b95-4620-4595-8dab-4e5f4fe3b8bb,,,,,animal,,,,,,,,,,,,,,,machine,CLIP zero-shot,2026-08-18T21:19:49,0.2699,,No reconocible
,CT11,SynologyDrive,08070570.JPG,CT11, 2025-08-07 14:49:28,11263ceb-98c5-47d6-bf97-0aa4f1223662,,,,,false,,image/jpeg,,false,,135bfc98-a139-47c1-b871-92ae4c45e586,,,,,animal,,Neogale vison,,,,,,,,,,,,,machine,CLIP zero-shot,2026-08-18T21:19:49,0.2868,,Visón
,CT11,SynologyDrive,08070571.JPG,CT11, 2025-08-07 14:49:29,62d4301b-845e-4594-8303-04f37fb48735,,,,,false,,image/jpeg,,false,,74f226d0-8d77-446b-9d23-962d9607fe35,,,,,animal,,,,,,,,,,,,,,,machine,CLIP zero-shot,2026-08-18T21:19:49,0.2708,,No reconocible
,CT11,SynologyDrive,08070573.JPG,CT11, 2025-08-07 14:53:36,43392471-417b-493d-b1e2-de1f0ff509a7,,,,,false,,image/jpeg,,false,,ee007456-ecd1-4ac8-9eba-6670d9b57858,,,,,animal,,Sephanoides sephaniodes,,,,,,,,,,,,,machine,CLIP zero-shot,2026-08-18T21:19:49,0.2894,,Picaflor
,CT11,SynologyDrive,08070574.JPG,CT11, 2025-08-07 14:53:36,572ae70d-4779-45c7-9acc-3b74dc3c3f47,,,,,false,,image/jpeg,,false,,59b56cff-f160-4333-8b52-d7fc116ef39e,,,,,animal,,Sephanoides sephaniodes,,,,,,,,,,,,,machine,CLIP zero-shot,2026-08-18T21:19:49,0.2972,,Picaflor
,CT11,SynologyDrive,08070575.JPG,CT11, 2025-08-07 14:53:37,8b4a2f54-756a-4673-ac01-afb87b052e22,,,,,false,,image/jpeg,,false,,e66bd665-14cd-46a7-b8eb-df07b7c83c41,,,,,animal,,,,,,,,,,,,,,,machine,CLIP zero-shot,2026-08-18T21:19:49,0.2685,,No reconocible
,CT11,SynologyDrive,08070578.JPG,CT11, 2025-08-07 15:05:32,d5acbd66-b59f-4c6e-b7b4-4ef5e3de1221,,,,,false,,image/jpeg,,false,,41aaaee5-577a-4797-b0d7-3c57f68223ab,,,,,animal,,,,,,,,,,,,,,,machine,CLIP zero-shot,2026-08-18T21:19:49,0.2719,,No reconocible
,CT11,SynologyDrive,08070579.JPG,CT11, 2025-08-07 15:05:33,62470ec0-f70c-419c-90a7-04009673366e,,,,,false,,image/jpeg,,false,,79383846-4f7a-46ef-a252-0fc18bff4ab8,,,,,animal,,,,,,,,,,,,,,,machine,CLIP zero-shot,2026-08-18T21:19:49,0.2795,,No reconocible
,CT11,SynologyDrive,08070581.JPG,CT11, 2025-08-07 15:29:36,c0e5301c-399e-4caa-a3fc-7b33231a74f8,,,,,false,,image/jpeg,,false,,2ca0451f-6512-40f5-a5dc-6231110af58b,,,,,animal,,Pteroptochos tectus,,,,,,,,,,,,,machine,CLIP zero-shot,2026-08-18T21:19:49,0.2828,,Hued hued
,CT11,SynologyDrive,08070582.JPG,CT11, 2025-08-07 15:29:37,eabc7039-5eb7-464e-b63e-975018dd024c,,,,,false,,image/jpeg,,false,,16dea6a6-da8c-4f59-954e-e2bea00a1f69,,,,,animal,,Pteroptochos tectus,,,,,,,,,,,,,machine,CLIP zero-shot,2026-08-18T21:19:49,0.2837,,Hued hued
,CT11,SynologyDrive,08070583.JPG,CT11, 2025-08-07 15:29:38,dde78f5a-49cc-48d3-9470-6e5c81a98ae4,,,,,false,,image/jpeg,,false,,709456e0-1de7-4e46-a840-f80b88af0ac4,,,,,animal,,Pteroptochos tectus,,,,,,,,,,,,,machine,CLIP zero-shot,2026-08-18T21:19:49,0.2873,,Hued hued
,CT11,SynologyDrive,08070585.JPG,CT11, 2025-08-07 15:29:57,3a5fb747-7c5d-4dc9-9568-34e2f90a120b,,,,,false,,image/jpeg,,false,,e1570a98-6934-44ce-8e17-d0c1bbd97109,,,,,animal,,Pteroptochos tectus,,,,,,,,,,,,,machine,CLIP zero-shot,2026-08-18T21:19:49,0.2815,,Hued hued
,CT11,SynologyDrive,08070586.JPG,CT11, 2025-08-07 15:29:58,70d58e5e-dd22-4b72-a6c8-46a822443762,,,,,false,,image/jpeg,,false,,8fb1c3a6-7543-4d55-b93a-35549a81129b,,,,,animal,,,,,,,,,,,,,,,machine,CLIP zero-shot,2026-08-18T21:19:49,0.2745,,No reconocible
,CT11,SynologyDrive,08070587.JPG,CT11, 2025-08-07 15:29:59,3bcc5f52-6acf-4e7e-8bcf-9695e2722c14,,,,,false,,image/jpeg,,false,,b2a3eff6-d0ea-4697-baaf-78d6bbd699cb,,,,,animal,,Milvago chimango,,,,,,,,,,,,,machine,CLIP zero-shot,2026-08-18T21:19:49,0.2941,,Tiuque
,CT11,SynologyDrive,08070589.JPG,CT11, 2025-08-07 15:47:34,38e10a95-5b9d-4f6b-aa0b-253af04399ab,,,,,false,,image/jpeg,,false,,ef492a04-ed0e-46e1-9954-70a810f7feb1,,,,,animal,,Pteroptochos tectus,,,,,,,,,,,,,machine,CLIP zero-shot,2026-08-18T21:19:49,0.28,,Hued hued
,CT11,SynologyDrive,08070590.JPG,CT11, 2025-08-07 15:47:35,2da212f5-dcf7-4fee-a068-88bb22f3d6ff,,,,,false,,image/jpeg,,false,,379c702e-8081-4e19-bdc9-79512ebc3234,,,,,animal,,Pteroptochos tectus,,,,,,,,,,,,,machine,CLIP zero-shot,2026-08-18T21:19:49,0.2831,,Hued hued
,CT11,SynologyDrive,08070591.JPG,CT11, 2025-08-07 15:47:36,a13286ea-c107-4a5e-abf6-62276eb3dfe5,,,,,false,,image/jpeg,,false,,888eab0f-25a8-4914-9fa8-ba79e20f67e5,,,,,animal,,Pteroptochos tectus,,,,,,,,,,,,,machine,CLIP zero-shot,2026-08-18T21:19:49,0.2881,,Hued hued
,CT11,SynologyDrive,08070593.JPG,CT11, 2025-08-07 15:50:39,cd5965bf-81d9-42bf-8494-6d2a539fa7ff,,,,,false,,image/jpeg,,false,,e11e2ce9-e106-445a-af78-5f3073642e36,,,,,animal,,Pteroptochos tectus,,,,,,,,,,,,,machine,CLIP zero-shot,2026-08-18T21:19:49,0.28,,Hued hued
,CT11,SynologyDrive,08070594.JPG,CT11, 2025-08-07 15:50:40,06d2cb2f-09a0-4b94-aaca-34f4c21d18ce,,,,,false,,image/jpeg,,false,,2f72016c-114e-4ea1-a40f-01035b2043e5,,,,,animal,,Lycalopex culpaeus,,,,,,,,,,,,,machine,CLIP zero-shot,2026-08-18T21:19:49,0.2802,,Zorro culpeo
,CT11,SynologyDrive,08070595.JPG,CT11, 2025-08-07 15:50:41,9f2fb2ab-28b3-44fd-af8d-3678c406818f,,,,,false,,image/jpeg,,false,,8e64e3f0-10a0-4fdb-b173-abb4b1e935c7,,,,,animal,,Pteroptochos tectus,,,,,,,,,,,,,machine,CLIP zero-shot,2026-08-18T21:19:49,0.2803,,Hued hued
,CT11,SynologyDrive,08070597.JPG,CT11, 2025-08-07 15:51:54,2e22f8ee-8c1b-4e16-9546-03a7332efa10,,,,,false,,image/jpeg,,false,,54e39450-f879-455e-a48f-04f998444edd,,,,,animal,,,,,,,,,,,,,,,machine,CLIP zero-shot,2026-08-18T21:19:49,0.2732,,No reconocible
,CT11,SynologyDrive,08070598.JPG,CT11, 2025-08-07 15:51:54,534d8e31-022c-4e61-b1f9-14014721adcb,,,,,false,,image/jpeg,,false,,8c8b56ec-7c98-467e-88e8-ff7657a110e6,,,,,animal,,Pteroptochos tectus,,,,,,,,,,,,,machine,CLIP zero-shot,2026-08-18T21:19:49,0.2885,,Hued hued
,CT11,SynologyDrive,08070599.JPG,CT11, 2025-08-07 15:51:55,f8e08efc-a4b9-4128-a148-72bd19e7c3df,,,,,false,,image/jpeg,,false,,0438eeec-35dd-4b78-ba82-d0aa5566811e,,,,,animal,,,,,,,,,,,,,,,machine,CLIP zero-shot,2026-08-18T21:19:49,0.2795,,No reconocible
,CT11,SynologyDrive,08070601.JPG,CT11, 2025-08-07 16:20:42,8f010c8b-87ce-492a-8cd9-53a4520aca6f,,,,,false,,image/jpeg,,false,,7178e0b6-36b6-43eb-878e-5f83d686bcc5,,,,,animal,,Lycalopex culpaeus,,,,,,,,,,,,,machine,CLIP zero-shot,2026-08-18T21:19:49,0.2969,,Zorro culpeo
,CT11,SynologyDrive,08070602.JPG,CT11, 2025-08-07 16:20:43,83fef768-960b-4c12-ac71-8d2fe47cdf38,,,,,false,,image/jpeg,,false,,6cda7e86-c994-4f93-8df3-64ae7a4aba76,,,,,animal,,Lycalopex culpaeus,,,,,,,,,,,,,machine,CLIP zero-shot,2026-08-18T21:19:49,0.2964,,Zorro culpeo
,CT11,SynologyDrive,08070603.JPG,CT11, 2025-08-07 16:20:44,07440768-78e5-4bc1-9cab-45f7e3b1cc10,,,,,false,,image/jpeg,,false,,d401ba50-a784-4274-bc66-902d7d720b4d,,,,,animal,,Lycalopex culpaeus,,,,,,,,,,,,,machine,CLIP zero-shot,2026-08-18T21:19:49,0.2888,,Zorro culpeo
,CT11,SynologyDrive,08070605.JPG,CT11, 2025-08-07 16:24:36,bce0bfd0-de83-4c3d-99c3-7eb7c5258a45,,,,,false,,image/jpeg,,false,,dea15155-99aa-4680-a6ed-a90fc1e650b4,,,,,animal,,Pteroptochos tectus,,,,,,,,,,,,,machine,CLIP zero-shot,2026-08-18T21:19:49,0.2867,,Hued hued
,CT11,SynologyDrive,08070606.JPG,CT11, 2025-08-07 16:24:37,2ea4f4e6-a553-411a-a994-9f02555caa42,,,,,false,,image/jpeg,,false,,0b198ac1-c572-4ade-bd74-acd8079963d0,,,,,animal,,,,,,,,,,,,,,,machine,CLIP zero-shot,2026-08-18T21:19:49,0.2768,,No reconocible
,CT11,SynologyDrive,08070607.JPG,CT11, 2025-08-07 16:24:38,88eda105-13c1-47bd-846e-536005c18cc9,,,,,false,,image/jpeg,,false,,3df70ff9-ff96-4c06-b791-82b4027070d2,,,,,animal,,Lycalopex culpaeus,,,,,,,,,,,,,machine,CLIP zero-shot,2026-08-18T21:19:49,0.2951,,Zorro culpeo
,CT11,SynologyDrive,08070609.JPG,CT11, 2025-08-07 16:24:59,fd51de03-6730-4658-b684-872f64232656,,,,,false,,image/jpeg,,false,,40bf9a24-9263-4487-84d2-32caab601c32,,,,,animal,,,,,,,,,,,,,,,machine,CLIP zero-shot,2026-08-18T21:19:49,0.2797,,No reconocible
,CT11,SynologyDrive,08070611.JPG,CT11, 2025-08-07 16:25:00,49ea8bcd-5683-4c0d-b29b-e7266b2164e4,,,,,false,,image/jpeg,,false,,0defad36-3052-431f-8f0a-a42e9799dc72,,,,,animal,,,,,,,,,,,,,,,machine,CLIP zero-shot,2026-08-18T21:19:49,0.2751,,No reconocible
,CT11,SynologyDrive,08080689.JPG,CT11, 2025-08-08 10:07:09,9c82238a-fef2-4f8a-ba9c-5079bf1ef558,,,,,false,,image/jpeg,,false,,747a5e85-6019-4f28-8d86-d804b311438c,,,,,animal,,,,,,,,,,,,,,,machine,CLIP zero-shot,2026-08-18T21:19:49,0.2477,,No reconocible
,CT11,SynologyDrive,08080690.JPG,CT11, 2025-08-08 10:07:10,b3cb09e6-2b89-43ea-8dee-0383a61325ac,,,,,false,,image/jpeg,,false,,3713953e-528f-4a29-9def-fb5f9ec76d07,,,,,animal,,,,,,,,,,,,,,,machine,CLIP zero-shot,2026-08-18T21:19:49,0.2523,,No reconocible
,CT11,SynologyDrive,08080691.JPG,CT11, 2025-08-08 10:07:11,0c48acf6-0b4f-4678-90b8-7c3c537cee46,,,,,false,,image/jpeg,,false,,03acc65f-32b5-4797-9fe5-3d7c986fbff0,,,,,animal,,,,,,,,,,,,,,,machine,CLIP zero-shot,2026-08-18T21:19:49,0.2464,,No reconocible
,CT11,SynologyDrive,08080721.JPG,CT11, 2025-08-08 12:44:41,2098179a-b8d6-409b-b4ea-372d155590bf,,,,,false,,image/jpeg,,false,,d0de2457-2d81-4d2f-8c66-3fb507d745e7,,,,,animal,,,,,,,,,,,,,,,machine,CLIP zero-shot,2026-08-18T21:19:49,0.2758,,No reconocible
,CT11,SynologyDrive,08080722.JPG,CT11, 2025-08-08 12:44:41,ba6830fd-f2ee-47fb-b69e-67e8ee2d096d,,,,,false,,image/jpeg,,false,,cd0616c8-5b9c-489f-91df-2066ce568d96,,,,,animal,,,,,,,,,,,,,,,machine,CLIP zero-shot,2026-08-18T21:19:49,0.2786,,No reconocible
,CT11,SynologyDrive,08080741.JPG,CT11, 2025-08-08 13:22:00,2e25ed1b-e034-4608-82c8-e665d850516f,,,,,false,,image/jpeg,,false,,ddcd1548-375b-4773-9df5-826c90516db6,,,,,animal,,Phrygilus gayi,,,,,,,,,,,,,machine,CLIP zero-shot,2026-08-18T21:19:49,0.3027,,Cometocino
,CT11,SynologyDrive,08080755.JPG,CT11, 2025-08-08 15:01:00,93cdec64-3258-4fda-a811-546497188049,,,,,false,,image/jpeg,,false,,7aeddd4b-7fac-422b-9563-84ea070f3c43,,,,,animal,,Phrygilus gayi,,,,,,,,,,,,,machine,CLIP zero-shot,2026-08-18T21:19:49,0.285,,Cometocino
,CT11,SynologyDrive,08080757.JPG,CT11, 2025-08-08 15:09:51,08cfa7cc-1f58-4de6-b01c-660d7881e211,,,,,false,,image/jpeg,,false,,d5d773dc-c2a0-4896-8edf-7b41476e8c36,,,,,animal,,Phrygilus gayi,,,,,,,,,,,,,machine,CLIP zero-shot,2026-08-18T21:19:49,0.2805,,Cometocino
,CT11,SynologyDrive,08080762.JPG,CT11, 2025-08-08 15:10:16,d5e7ec70-e0d5-434b-8728-c6d9fa07e8ee,,,,,false,,image/jpeg,,false,,c3bf1176-1aed-40cd-b21b-851a2b16621a,,,,,animal,,Phrygilus gayi,,,,,,,,,,,,,machine,CLIP zero-shot,2026-08-18T21:19:49,0.3017,,Cometocino
,CT11,SynologyDrive,08080769.JPG,CT11, 2025-08-08 15:31:19,c984082a-6248-48dc-8008-acc687c80bb6,,,,,false,,image/jpeg,,false,,9a16b784-e39a-48f6-94f9-5a5fe642b14a,,,,,animal,,,,,,,,,,,,,,,machine,CLIP zero-shot,2026-08-18T21:19:49,0.265,,No reconocible
,CT11,SynologyDrive,08080771.JPG,CT11, 2025-08-08 15:31:21,93dbda47-11e2-438a-8d83-a32dea08a8f2,,,,,false,,image/jpeg,,false,,2c3fca74-9964-4a28-94f1-151a18de6dc6,,,,,animal,,Phrygilus gayi,,,,,,,,,,,,,machine,CLIP zero-shot,2026-08-18T21:19:49,0.2963,,Cometocino
,CT11,SynologyDrive,08080773.JPG,CT11, 2025-08-08 15:42:00,122efbb1-d083-4e91-bb68-0e16d4883945,,,,,false,,image/jpeg,,false,,6ab4d188-bf93-4e15-bad2-1867f20865ac,,,,,animal,,Sephanoides sephaniodes,,,,,,,,,,,,,machine,CLIP zero-shot,2026-08-18T21:19:49,0.2915,,Picaflor
,CT11,SynologyDrive,08270793.JPG,CT11, 2025-08-27 14:28:22,3254dbc7-aa92-4d8d-ac2b-512614b2e93c,,,,,false,,image/jpeg,,false,,33f8f2f3-d991-4152-9073-e13b622df2d2,,,,,animal,,Phrygilus gayi,,,,,,,,,,,,,machine,CLIP zero-shot,2026-08-18T21:19:49,0.2919,,Cometocino
,CT11,SynologyDrive,08290965.JPG,CT11, 2025-08-29 14:15:00,e23c5ee1-216f-41a0-85a8-8a923885a2e1,,,,,false,,image/jpeg,,false,,bdcaf8d7-4932-41e7-942f-08a83937d95a,,,,,animal,,Phrygilus gayi,,,,,,,,,,,,,machine,CLIP zero-shot,2026-08-18T21:19:49,0.284,,Cometocino
,CT11,SynologyDrive,08290985.JPG,CT11, 2025-08-29 14:25:29,33fb62b3-14d0-4e4f-9bac-ec33e05d883b,,,,,false,,image/jpeg,,false,,e26b2be5-0b7e-4f8c-8a8d-51ac51d55b1f,,,,,animal,,,,,,,,,,,,,,,machine,CLIP zero-shot,2026-08-18T21:19:49,0.2688,,No reconocible
,CT11,SynologyDrive,08290035.JPG,CT11, 2025-08-29 14:59:52,b6c57d76-efc1-472c-83e1-d28a5c488ad9,,,,,false,,image/jpeg,,false,,da540e90-ee6b-4209-8e2e-2417681da414,,,,,animal,,Dromiciops gliroides,,,,,,,,,,,,,machine,CLIP zero-shot,2026-08-18T21:19:49,0.3043,,Monito del monte
,CT11,SynologyDrive,08290036.JPG,CT11, 2025-08-29 14:59:53,f3d04da2-43eb-46e0-9607-106608c19dab,,,,,false,,image/jpeg,,false,,33c3c046-3560-4052-99e0-091a259ba7fa,,,,,animal,,Leopardus guigna,,,,,,,,,,,,,machine,CLIP zero-shot,2026-08-18T21:19:49,0.2982,,Guiña
,CT11,SynologyDrive,08290039.JPG,CT11, 2025-08-29 15:00:36,6d7aa36c-00a1-402c-8c79-63390f07fa49,,,,,false,,image/jpeg,,false,,706c8690-02c5-4854-913f-35878fa5419f,,,,,animal,,Pudu puda,,,,,,,,,,,,,machine,CLIP zero-shot,2026-08-18T21:19:49,0.2813,,Pudú
,CT11,SynologyDrive,08290040.JPG,CT11, 2025-08-29 15:00:37,1193f16a-fd7a-481b-9149-6f3c88a40724,,,,,false,,image/jpeg,,false,,a38a3c9e-a2ca-4483-8c29-44b145e1718b,,,,,animal,,Leopardus guigna,,,,,,,,,,,,,machine,CLIP zero-shot,2026-08-18T21:19:49,0.2831,,Guiña
,CT11,SynologyDrive,09240586.JPG,CT11, 2025-09-24 10:05:30,0a389d86-e8ea-4f64-9492-4002d945f3b3,,,,,false,,image/jpeg,,false,,28bdde97-f910-4d12-a6ac-3232a3bdbe0e,,,,,animal,,Theristicus melanopis,,,,,,,,,,,,,machine,CLIP zero-shot,2026-08-18T21:19:49,0.3335,,Bandurria
,CT11,SynologyDrive,09240587.JPG,CT11, 2025-09-24 10:05:30,7451a50b-36ac-4e8d-95c3-a51373d471a5,,,,,false,,image/jpeg,,false,,5c646d56-6aab-49b0-9d78-3e68b282b87b,,,,,animal,,Sephanoides sephaniodes,,,,,,,,,,,,,machine,CLIP zero-shot,2026-08-18T21:19:49,0.3297,,Picaflor
,CT11,SynologyDrive,09240588.JPG,CT11, 2025-09-24 10:05:31,6c92fbbb-23bb-4e47-8bfd-b7ef1fbd9d64,,,,,false,,image/jpeg,,false,,e34c6451-15d5-4b0e-9168-e3fb2a409e28,,,,,animal,,Campephilus magellanicus,,,,,,,,,,,,,machine,CLIP zero-shot,2026-08-18T21:19:49,0.3314,,Carpintero
,CT11,SynologyDrive,10060594.JPG,CT11, 2025-10-06 23:47:33,e43e7ed4-2b14-46fb-9945-378ef3350bcb,,,,,false,,image/jpeg,,false,,bc08b8ff-776f-4405-b855-af5a27f821b7,,,,,animal,,Leopardus guigna,,,,,,,,,,,,,machine,CLIP zero-shot,2026-08-18T21:19:49,0.329,,Guiña
,CT11,SynologyDrive,10060595.JPG,CT11, 2025-10-06 23:47:34,97246c38-25ac-4d40-92f9-2a63cc3fff97,,,,,false,,image/jpeg,,false,,e5ac9a40-3d7b-4eb9-88b7-db0161ef7ca8,,,,,animal,,Leopardus guigna,,,,,,,,,,,,,machine,CLIP zero-shot,2026-08-18T21:19:49,0.3221,,Guiña
,CT11,SynologyDrive,10060596.JPG,CT11, 2025-10-06 23:47:35,1f73cf41-284d-4901-ac66-5a366b68f0f6,,,,,false,,image/jpeg,,false,,6e4cbed6-9b74-420f-88b4-3fcbb5bc9188,,,,,animal,,Leopardus guigna,,,,,,,,,,,,,machine,CLIP zero-shot,2026-08-18T21:19:49,0.3175,,Guiña
,CT11,SynologyDrive,10190614.JPG,CT11, 2025-10-19 12:52:29,6945c4c8-7f01-44c2-842a-b87338fb05d4,,,,,false,,image/jpeg,,false,,61edf45c-653e-4ae0-b4eb-a0abf619ac50,,,,,animal,,Sephanoides sephaniodes,,,,,,,,,,,,,machine,CLIP zero-shot,2026-08-18T21:19:49,0.3219,,Picaflor
,CT11,SynologyDrive,10270671.JPG,CT11, 2025-10-27 12:50:23,59b0b3f2-b79b-4d4d-b9d5-b99c194e2474,,,,,false,,image/jpeg,,false,,7c7219db-4a04-48e1-b231-71b3ca518926,,,,,animal,,Leopardus guigna,,,,,,,,,,,,,machine,CLIP zero-shot,2026-08-18T21:19:49,0.3162,,Guiña
,CT11,SynologyDrive,10270672.JPG,CT11, 2025-10-27 12:50:24,9569f0ca-86a6-48c4-a1fc-8ab45062e113,,,,,false,,image/jpeg,,false,,7d5a91b8-67a5-400c-8818-6a11cf9a3ee8,,,,,animal,,Puma concolor,,,,,,,,,,,,,machine,CLIP zero-shot,2026-08-18T21:19:49,0.3223,,Puma
,CT12,SynologyDrive,06070002.JPG,CT12, 2025-06-07 06:49:09,0f02b76f-217d-4731-98ef-3c37834e02da,,,,,false,,image/jpeg,,false,,8a66346c-32de-44f1-bbc5-0be0b676c5ba,,,,,animal,,,,,,,,,,,,,,,machine,CLIP zero-shot,2026-08-18T21:19:49,0.2781,,No reconocible
,CT12,SynologyDrive,11240139.JPG,CT12, 2025-11-24 14:37:00,a0a89c1f-283f-43cf-93a4-f50bf822399d,,,,,false,,image/jpeg,,false,,9d3f3eb7-8fa3-425e-90d8-4f015f00f615,,,,,animal,,Sephanoides sephaniodes,,,,,,,,,,,,,machine,CLIP zero-shot,2026-08-18T21:19:49,0.2973,,Picaflor
,CT13,SynologyDrive,07080001.JPG,CT13, 2025-07-08 07:25:06,175cfc93-ac85-4cde-8b62-30699c3a768a,,,,,false,,image/jpeg,,false,,77161ed4-62da-40a8-983d-3275850ef810,,,,,animal,,Sus scrofa,,,,,,,,,,,,,machine,CLIP zero-shot,2026-08-18T21:19:49,0.3248,,Jabalí
,CT13,SynologyDrive,07080002.JPG,CT13, 2025-07-08 07:25:06,98384cb5-4502-4c62-9a7d-a5b49f4818a2,,,,,false,,image/jpeg,,false,,82d4b925-9d62-411f-9fd6-cac364f65335,,,,,animal,,Sus scrofa,,,,,,,,,,,,,machine,CLIP zero-shot,2026-08-18T21:19:49,0.3302,,Jabalí
,CT13,SynologyDrive,07080003.JPG,CT13, 2025-07-08 07:25:07,07c87be4-7a28-401f-b8a4-a228c52a8482,,,,,false,,image/jpeg,,false,,30862573-c079-475b-8194-48dc1f72b729,,,,,animal,,Sus scrofa,,,,,,,,,,,,,machine,CLIP zero-shot,2026-08-18T21:19:49,0.3108,,Jabalí
,CT13,SynologyDrive,07080005.JPG,CT13, 2025-07-08 07:25:29,2be4d4a5-8bba-4f34-9d2f-ce6cb511f831,,,,,false,,image/jpeg,,false,,1c5c9041-d611-4f54-a7e4-083edc4f662a,,,,,animal,,Sus scrofa,,,,,,,,,,,,,machine,CLIP zero-shot,2026-08-18T21:19:49,0.3057,,Jabalí
,CT13,SynologyDrive,07080006.JPG,CT13, 2025-07-08 07:25:30,bcf37d8b-ac5e-402d-99d4-f7106990528a,,,,,false,,image/jpeg,,false,,4da1684a-6049-483b-8d6b-3250f4c65169,,,,,animal,,Leopardus guigna,,,,,,,,,,,,,machine,CLIP zero-shot,2026-08-18T21:19:49,0.3157,,Guiña
,CT13,SynologyDrive,07080007.JPG,CT13, 2025-07-08 07:25:30,f08a13b1-c59f-4a77-b30e-ba4f1dccdea2,,,,,false,,image/jpeg,,false,,375931a8-7c87-466b-9ab7-440ad5a412ee,,,,,animal,,Sus scrofa,,,,,,,,,,,,,machine,CLIP zero-shot,2026-08-18T21:19:49,0.3255,,Jabalí
,CT13,SynologyDrive,07080009.JPG,CT13, 2025-07-08 07:28:01,f8d809ad-9934-4fcf-b7ee-8aa45bfb3b67,,,,,false,,image/jpeg,,false,,6ae31ccd-aa63-48ca-9614-3a6b736a2cb3,,,,,animal,,Sus scrofa,,,,,,,,,,,,,machine,CLIP zero-shot,2026-08-18T21:19:49,0.3074,,Jabalí
,CT13,SynologyDrive,07080010.JPG,CT13, 2025-07-08 07:28:02,d3837bab-d25a-409e-8554-b2116ce7da8d,,,,,false,,image/jpeg,,false,,1310aa64-dea0-4028-91d9-e1690bd1c070,,,,,animal,,Sus scrofa,,,,,,,,,,,,,machine,CLIP zero-shot,2026-08-18T21:19:49,0.3059,,Jabalí
,CT13,SynologyDrive,07080011.JPG,CT13, 2025-07-08 07:28:03,26dcc667-5ade-4a04-bd63-fa098b385587,,,,,false,,image/jpeg,,false,,edbd3b0a-444f-4e59-949b-f9af19c562ad,,,,,animal,,Sus scrofa,,,,,,,,,,,,,machine,CLIP zero-shot,2026-08-18T21:19:49,0.3111,,Jabalí
,CT13,SynologyDrive,07080013.JPG,CT13, 2025-07-08 07:30:43,57421a1c-9bfc-4033-ac6c-25b4490878b3,,,,,false,,image/jpeg,,false,,94beac28-8369-49dd-930a-81df97d62fe6,,,,,animal,,Scelorchilus rubecula,,,,,,,,,,,,,machine,CLIP zero-shot,2026-08-18T21:19:49,0.3118,,Chucao
,CT13,SynologyDrive,07080014.JPG,CT13, 2025-07-08 07:30:43,215538a9-4bd7-4869-95bf-7cbb3570d6c6,,,,,false,,image/jpeg,,false,,26ca43bc-fc5b-4525-9166-a72d6a578227,,,,,animal,,Sus scrofa,,,,,,,,,,,,,machine,CLIP zero-shot,2026-08-18T21:19:49,0.3227,,Jabalí
,CT13,SynologyDrive,07080015.JPG,CT13, 2025-07-08 07:30:44,1af7caf5-a8e9-4927-ac10-8c2181ff3b14,,,,,false,,image/jpeg,,false,,3b29f7ef-6f1a-4ee1-9310-d7480612b5d5,,,,,animal,,Sus scrofa,,,,,,,,,,,,,machine,CLIP zero-shot,2026-08-18T21:19:49,0.3242,,Jabalí
,CT13,SynologyDrive,07080017.JPG,CT13, 2025-07-08 07:37:29,81827cdb-7384-4265-9e5e-f5a7b2da06cb,,,,,false,,image/jpeg,,false,,ff26585b-7d54-4e7f-a29a-d59d931ec8d9,,,,,animal,,Sus scrofa,,,,,,,,,,,,,machine,CLIP zero-shot,2026-08-18T21:19:49,0.3032,,Jabalí
,CT13,SynologyDrive,07080018.JPG,CT13, 2025-07-08 07:37:30,d79edbb6-7a02-4c52-b4d0-033c5c3d853a,,,,,false,,image/jpeg,,false,,c35ab328-fa2f-407b-8468-36969cb17f86,,,,,animal,,Pudu puda,,,,,,,,,,,,,machine,CLIP zero-shot,2026-08-18T21:19:49,0.3351,,Pudú
,CT13,SynologyDrive,07080019.JPG,CT13, 2025-07-08 07:37:31,747df20a-63e6-4195-bab8-20dc5b6afba9,,,,,false,,image/jpeg,,false,,680cffaf-0ee1-4043-97f4-485f411b624f,,,,,animal,,Dromiciops gliroides,,,,,,,,,,,,,machine,CLIP zero-shot,2026-08-18T21:19:49,0.3145,,Monito del monte
,CT13,SynologyDrive,07080021.JPG,CT13, 2025-07-08 07:56:34,48793ffd-968d-4def-a19f-b1b704df4440,,,,,false,,image/jpeg,,false,,71e4c687-7f60-46c6-bdf5-f4c60a2bc233,,,,,animal,,Sus scrofa,,,,,,,,,,,,,machine,CLIP zero-shot,2026-08-18T21:19:49,0.338,,Jabalí
,CT13,SynologyDrive,07080022.JPG,CT13, 2025-07-08 07:56:35,d1945399-ce1f-4f9a-afce-d05c4f3fc606,,,,,false,,image/jpeg,,false,,1462fca2-cdd7-4293-97e8-04241ed1da82,,,,,animal,,Sus scrofa,,,,,,,,,,,,,machine,CLIP zero-shot,2026-08-18T21:19:49,0.3255,,Jabalí
,CT13,SynologyDrive,07080023.JPG,CT13, 2025-07-08 07:56:36,8ade5df6-0bac-443f-ac2a-b606bcb3d4b7,,,,,false,,image/jpeg,,false,,7f0cd875-7a6a-44ae-9d3b-664b05b528cd,,,,,animal,,Sus scrofa,,,,,,,,,,,,,machine,CLIP zero-shot,2026-08-18T21:19:49,0.3281,,Jabalí
,CT13,SynologyDrive,07080025.JPG,CT13, 2025-07-08 07:57:54,3b00a3a2-045f-4a4d-9211-592a168084b0,,,,,false,,image/jpeg,,false,,01f66eac-bc5e-496c-9a45-fe7f33613559,,,,,animal,,Sus scrofa,,,,,,,,,,,,,machine,CLIP zero-shot,2026-08-18T21:19:49,0.3408,,Jabalí
,CT13,SynologyDrive,07080026.JPG,CT13, 2025-07-08 07:57:54,bd22737c-85f0-4832-b58a-50908c5f2e5d,,,,,false,,image/jpeg,,false,,92c82c19-55fd-43c9-964c-3bce1d164522,,,,,animal,,Neogale vison,,,,,,,,,,,,,machine,CLIP zero-shot,2026-08-18T21:19:49,0.3286,,Visón
,CT13,SynologyDrive,07080027.JPG,CT13, 2025-07-08 07:57:55,9c0524cc-7254-42f7-bb39-087d22109584,,,,,false,,image/jpeg,,false,,68b7973d-88fb-4539-9719-81bc85a90a33,,,,,animal,,Sus scrofa,,,,,,,,,,,,,machine,CLIP zero-shot,2026-08-18T21:19:49,0.3241,,Jabalí
,CT13,SynologyDrive,07080029.JPG,CT13, 2025-07-08 07:58:22,b0a46f92-99a3-405a-80dc-c95ffa16f05b,,,,,false,,image/jpeg,,false,,34f8de92-dd28-4175-8c52-4ed2effb9730,,,,,animal,,Sus scrofa,,,,,,,,,,,,,machine,CLIP zero-shot,2026-08-18T21:19:49,0.321,,Jabalí
,CT13,SynologyDrive,07080030.JPG,CT13, 2025-07-08 07:58:22,99c3f31f-83dd-4901-b276-8b08f1d6ccaa,,,,,false,,image/jpeg,,false,,b04592e5-9399-46c1-93bf-5b62ad1b3035,,,,,animal,,Sus scrofa,,,,,,,,,,,,,machine,CLIP zero-shot,2026-08-18T21:19:49,0.3182,,Jabalí
,CT13,SynologyDrive,07080031.JPG,CT13, 2025-07-08 07:58:23,fba1f6c6-e018-44dc-84d1-9d743b307348,,,,,false,,image/jpeg,,false,,489e0d57-11c6-429c-9490-36e6b7928896,,,,,animal,,Sus scrofa,,,,,,,,,,,,,machine,CLIP zero-shot,2026-08-18T21:19:49,0.3329,,Jabalí
,CT13,SynologyDrive,07080033.JPG,CT13, 2025-07-08 07:58:49,131738d9-24ed-46a3-9e94-3193a0d87892,,,,,false,,image/jpeg,,false,,868c8b09-5ef2-4337-8a1a-4941df38c88f,,,,,animal,,Sus scrofa,,,,,,,,,,,,,machine,CLIP zero-shot,2026-08-18T21:19:49,0.3142,,Jabalí
,CT13,SynologyDrive,07080034.JPG,CT13, 2025-07-08 07:58:50,d6623c44-8a76-4a0f-974d-28656921b2f1,,,,,false,,image/jpeg,,false,,c9d5fd4f-98c5-400e-aa3d-c7d315752eb3,,,,,animal,,Sus scrofa,,,,,,,,,,,,,machine,CLIP zero-shot,2026-08-18T21:19:49,0.2962,,Jabalí
,CT13,SynologyDrive,07080035.JPG,CT13, 2025-07-08 07:58:50,0f730aa1-33b1-4fb3-95bc-bcb1b17008cb,,,,,false,,image/jpeg,,false,,4742c464-2768-478d-9246-c756571ce250,,,,,animal,,Sus scrofa,,,,,,,,,,,,,machine,CLIP zero-shot,2026-08-18T21:19:49,0.2935,,Jabalí
,CT13,SynologyDrive,07080037.JPG,CT13, 2025-07-08 07:59:23,569f9819-e95c-4424-932b-98ebe7f1e24e,,,,,false,,image/jpeg,,false,,303463d6-296f-404c-bbd7-3cf700619cd5,,,,,animal,,Sus scrofa,,,,,,,,,,,,,machine,CLIP zero-shot,2026-08-18T21:19:49,0.3182,,Jabalí
,CT13,SynologyDrive,07080038.JPG,CT13, 2025-07-08 07:59:23,fea1a31b-592e-43fa-9ded-da8098c66202,,,,,false,,image/jpeg,,false,,c4228d99-e4de-4689-bbea-4cba9ad2ccdd,,,,,animal,,Leopardus guigna,,,,,,,,,,,,,machine,CLIP zero-shot,2026-08-18T21:19:49,0.3036,,Guiña
,CT13,SynologyDrive,07080039.JPG,CT13, 2025-07-08 07:59:24,886b5acd-b9db-43b6-bea8-b658588981ea,,,,,false,,image/jpeg,,false,,880eb847-9462-44d2-9dbd-8060896d8262,,,,,animal,,Sus scrofa,,,,,,,,,,,,,machine,CLIP zero-shot,2026-08-18T21:19:49,0.3104,,Jabalí
,CT13,SynologyDrive,07080041.JPG,CT13, 2025-07-08 07:59:44,fd9746ce-edeb-4762-8778-6354c0cb9208,,,,,false,,image/jpeg,,false,,f8d92fca-cdaa-4f6c-88e4-977b9ae86a57,,,,,animal,,Sus scrofa,,,,,,,,,,,,,machine,CLIP zero-shot,2026-08-18T21:19:49,0.3081,,Jabalí
,CT13,SynologyDrive,07080042.JPG,CT13, 2025-07-08 07:59:45,a0780e2e-0391-4938-ac2b-127fc71f321b,,,,,false,,image/jpeg,,false,,baec2c1c-33d2-4710-8e8e-8aa87b5a717e,,,,,animal,,Sus scrofa,,,,,,,,,,,,,machine,CLIP zero-shot,2026-08-18T21:19:49,0.2825,,Jabalí
,CT13,SynologyDrive,07080043.JPG,CT13, 2025-07-08 07:59:46,cfe4174b-eece-4ac5-aa10-bd7bc55d1aad,,,,,false,,image/jpeg,,false,,f474f9ee-edda-4389-bd97-a9fed9be52c8,,,,,animal,,Sus scrofa,,,,,,,,,,,,,machine,CLIP zero-shot,2026-08-18T21:19:49,0.325,,Jabalí
,CT13,SynologyDrive,07080045.JPG,CT13, 2025-07-08 15:52:56,c999c791-7018-4227-923f-e48f06512f00,,,,,false,,image/jpeg,,false,,53b6a54e-a99e-45ae-87a5-cf76c44f0016,,,,,animal,,Sus scrofa,,,,,,,,,,,,,machine,CLIP zero-shot,2026-08-18T21:19:49,0.3614,,Jabalí
,CT13,SynologyDrive,07080046.JPG,CT13, 2025-07-08 15:52:57,6f57fe24-94dd-4a22-aa66-d85ddcb990ea,,,,,false,,image/jpeg,,false,,a8a3e748-a40e-4847-9921-ba500ed29726,,,,,animal,,Sus scrofa,,,,,,,,,,,,,machine,CLIP zero-shot,2026-08-18T21:19:49,0.3365,,Jabalí
,CT13,SynologyDrive,07080047.JPG,CT13, 2025-07-08 15:52:58,0b37c8fe-293f-4248-afb7-e19a7cb8b4ae,,,,,false,,image/jpeg,,false,,5500154f-5f52-4b95-883d-44f317329e22,,,,,animal,,Sus scrofa,,,,,,,,,,,,,machine,CLIP zero-shot,2026-08-18T21:19:49,0.3476,,Jabalí
,CT13,SynologyDrive,07080049.JPG,CT13, 2025-07-08 15:53:41,2a382e71-e084-4458-8b86-2133655a4e31,,,,,false,,image/jpeg,,false,,6f3fa9c5-6b24-485b-826f-6d9452fcecc5,,,,,animal,,Leopardus guigna,,,,,,,,,,,,,machine,CLIP zero-shot,2026-08-18T21:19:49,0.3249,,Guiña
,CT13,SynologyDrive,07080050.JPG,CT13, 2025-07-08 15:53:41,5a4a9db6-6cfb-488c-bfb4-ca4d2338d9d5,,,,,false,,image/jpeg,,false,,bf1bc794-2c6e-4ee7-b7bf-14414b34d109,,,,,animal,,Sus scrofa,,,,,,,,,,,,,machine,CLIP zero-shot,2026-08-18T21:19:49,0.3288,,Jabalí
,CT13,SynologyDrive,07080051.JPG,CT13, 2025-07-08 15:53:42,8cc94815-96dd-4d2a-8805-fdba9d2766f7,,,,,false,,image/jpeg,,false,,16daef7e-4254-439a-8b80-99a523e286ce,,,,,animal,,Sus scrofa,,,,,,,,,,,,,machine,CLIP zero-shot,2026-08-18T21:19:49,0.3208,,Jabalí
,CT13,SynologyDrive,07080053.JPG,CT13, 2025-07-08 16:50:54,a6c081e8-5b1c-42ab-bf15-589811c75833,,,,,false,,image/jpeg,,false,,6dd2257b-b768-4bd3-bdca-b1a3f65acb75,,,,,animal,,Pudu puda,,,,,,,,,,,,,machine,CLIP zero-shot,2026-08-18T21:19:49,0.3161,,Pudú
,CT13,SynologyDrive,07080054.JPG,CT13, 2025-07-08 16:50:55,dfaddf35-bfee-4ca3-a849-84440083d784,,,,,false,,image/jpeg,,false,,61f1f97d-5be8-49c4-a18b-271215fff7a4,,,,,animal,,Pudu puda,,,,,,,,,,,,,machine,CLIP zero-shot,2026-08-18T21:19:49,0.3274,,Pudú
,CT13,SynologyDrive,07080055.JPG,CT13, 2025-07-08 16:50:56,7e2273f0-8d61-4f89-8291-4f8d95181d17,,,,,false,,image/jpeg,,false,,84f96b58-2ef7-40e9-98b1-186b9ce1a94f,,,,,animal,,Leopardus guigna,,,,,,,,,,,,,machine,CLIP zero-shot,2026-08-18T21:19:49,0.3147,,Guiña
,CT13,SynologyDrive,10020065.JPG,CT13, 2025-10-02 16:24:59,4ce8a6be-3e66-4bc5-97ce-79cd22d7a685,,,,,false,,image/jpeg,,false,,db9224bb-92b6-4a3d-92b4-0dedf5596293,,,,,animal,,Sus scrofa,,,,,,,,,,,,,machine,CLIP zero-shot,2026-08-18T21:19:49,0.3217,,Jabalí
,CT13,SynologyDrive,10020066.JPG,CT13, 2025-10-02 16:25:00,e3cf18e9-6b10-491b-aab1-51ddcc431546,,,,,false,,image/jpeg,,false,,99fbbcaa-b105-4a23-a687-eda05621f1f2,,,,,animal,,Sus scrofa,,,,,,,,,,,,,machine,CLIP zero-shot,2026-08-18T21:19:49,0.326,,Jabalí
,CT13,SynologyDrive,10020067.JPG,CT13, 2025-10-02 16:25:00,aa88a8f5-0e08-44db-a57d-a4163ee7e100,,,,,false,,image/jpeg,,false,,5ce21377-a9d7-4c06-87b8-eeba2634bfed,,,,,animal,,Sus scrofa,,,,,,,,,,,,,machine,CLIP zero-shot,2026-08-18T21:19:49,0.3199,,Jabalí
,CT13,SynologyDrive,10180073.JPG,CT13, 2025-10-18 11:43:32,534517eb-caa9-4846-9100-1716753513b8,,,,,false,,image/jpeg,,false,,b8b74e34-48d9-4e5c-90d0-4fb664285aba,,,,,animal,,Pudu puda,,,,,,,,,,,,,machine,CLIP zero-shot,2026-08-18T21:19:49,0.3198,,Pudú
,CT13,SynologyDrive,10180074.JPG,CT13, 2025-10-18 11:43:33,78b550fc-2cff-43f5-ae77-5106a89de862,,,,,false,,image/jpeg,,false,,c6562d6d-cf5a-4f9b-943c-2e7f9120481f,,,,,animal,,Canis lupus familiaris,,,,,,,,,,,,,machine,CLIP zero-shot,2026-08-18T21:19:49,0.3141,,Perro
,CT13,SynologyDrive,10180075.JPG,CT13, 2025-10-18 11:43:34,106c24cc-bdf6-4021-8b73-f24811071ef0,,,,,false,,image/jpeg,,false,,2cae147a-6de9-4f8c-aa0f-3d91069af90a,,,,,animal,,Pudu puda,,,,,,,,,,,,,machine,CLIP zero-shot,2026-08-18T21:19:49,0.3161,,Pudú
,CT13,SynologyDrive,10250085.JPG,CT13, 2025-10-25 18:47:29,ac97b747-00eb-450e-80a9-298814c9cbb1,,,,,false,,image/jpeg,,false,,18320a98-bbdd-4297-bea2-86d423da0425,,,,,animal,,Galictis cuja,,,,,,,,,,,,,machine,CLIP zero-shot,2026-08-18T21:19:49,0.3316,,Quique
,CT13,SynologyDrive,10250086.JPG,CT13, 2025-10-25 18:47:30,445e090b-8829-48c8-81f0-337ad09368e7,,,,,false,,image/jpeg,,false,,baf3f5ac-ee68-45a4-a875-ccd612d4b83f,,,,,animal,,Pudu puda,,,,,,,,,,,,,machine,CLIP zero-shot,2026-08-18T21:19:49,0.363,,Pudú
,CT13,SynologyDrive,10250087.JPG,CT13, 2025-10-25 18:47:30,aedbedb8-1a4f-462f-a9f0-c97c0844ad6c,,,,,false,,image/jpeg,,false,,131dd3b9-c130-440a-a146-22f89fbfb3ae,,,,,animal,,Sus scrofa,,,,,,,,,,,,,machine,CLIP zero-shot,2026-08-18T21:19:49,0.3255,,Jabalí
,CT13,SynologyDrive,11100093.JPG,CT13, 2025-11-10 23:16:20,d1f8f860-0ec0-436f-b5f4-28cf9dcab069,,,,,false,,image/jpeg,,false,,bf69eca7-e3e8-40f6-a85d-8222867d2fef,,,,,animal,,Strix rufipes,,,,,,,,,,,,,machine,CLIP zero-shot,2026-08-18T21:19:49,0.296,,Concón
,CT13,SynologyDrive,11100094.JPG,CT13, 2025-11-10 23:16:21,bf791c98-68ce-404b-a277-b84a3548b629,,,,,false,,image/jpeg,,false,,0a3fa8eb-102f-4ceb-86a8-de583903417d,,,,,animal,,Sus scrofa,,,,,,,,,,,,,machine,CLIP zero-shot,2026-08-18T21:19:49,0.2963,,Jabalí
,CT13,SynologyDrive,11100095.JPG,CT13, 2025-11-10 23:16:22,abc2d424-95c4-4e8a-b9be-d90a029beecb,,,,,false,,image/jpeg,,false,,6bc1589d-fdf1-4a55-8a4a-7fb02274580c,,,,,animal,,Sus scrofa,,,,,,,,,,,,,machine,CLIP zero-shot,2026-08-18T21:19:49,0.2971,,Jabalí
,CT14,SynologyDrive,101EK113_06050820.JPG,CT14, 2025-06-05 16:32:01,02372f5c-5d14-410d-a50f-74eba4461e31,,,,,false,,image/jpeg,,false,,5db6d9e5-2b93-464f-abf3-298cd03aa6db,,,,,animal,,Scelorchilus rubecula,,,,,,,,,,,,,machine,CLIP zero-shot,2026-08-18T21:19:49,0.3008,,Chucao
,CT14,SynologyDrive,102EK113_06050001.JPG,CT14, 2025-06-05 17:32:01,03a6caab-82b1-4d97-a2fb-63bd7b061d97,,,,,false,,image/jpeg,,false,,5f2e8d54-dfe5-4abf-8f71-fde98d081ae8,,,,,animal,,Abrothrix longipilis,,,,,,,,,,,,,machine,CLIP zero-shot,2026-08-18T21:19:49,0.2994,,Ratón cola larga
,CT14,SynologyDrive,102EK113_06050002.JPG,CT14, 2025-06-05 17:32:01,f5137b5c-e111-4793-ac36-abe995fb209c,,,,,false,,image/jpeg,,false,,2d6d512f-a330-4320-ab6d-7ac2bb3aaac8,,,,,animal,,Scelorchilus rubecula,,,,,,,,,,,,,machine,CLIP zero-shot,2026-08-18T21:19:49,0.3078,,Chucao
,CT14,SynologyDrive,102EK113_06050003.JPG,CT14, 2025-06-05 17:32:02,ca7e5ce0-6000-49ed-8726-b5fb6a88e727,,,,,false,,image/jpeg,,false,,54dbe3dc-94be-42bb-be82-7d50f18d1f14,,,,,animal,,Abrothrix longipilis,,,,,,,,,,,,,machine,CLIP zero-shot,2026-08-18T21:19:49,0.3348,,Ratón cola larga
,CT14,SynologyDrive,102EK113_06050004.JPG,CT14, 2025-06-05 17:33:01,0b439fc9-2a05-4327-9b44-e1c560ff880f,,,,,false,,image/jpeg,,false,,5ae6ee33-4397-4f6d-9225-a482d8a32b6c,,,,,animal,,Pteroptochos tectus,,,,,,,,,,,,,machine,CLIP zero-shot,2026-08-18T21:19:49,0.3,,Hued hued
,CT14,SynologyDrive,102EK113_06050005.JPG,CT14, 2025-06-05 17:33:01,2ff78335-790f-4b8d-8c99-5d8da5532763,,,,,false,,image/jpeg,,false,,902c0434-b5de-44a9-8b10-4e089fcf3929,,,,,animal,,Scelorchilus rubecula,,,,,,,,,,,,,machine,CLIP zero-shot,2026-08-18T21:19:49,0.3175,,Chucao
,CT14,SynologyDrive,102EK113_06050006.JPG,CT14, 2025-06-05 17:33:02,840f2be4-e910-4f32-9504-afc609f67f40,,,,,false,,image/jpeg,,false,,2277d6b1-deac-4156-8627-cfc9229df366,,,,,animal,,Scelorchilus rubecula,,,,,,,,,,,,,machine,CLIP zero-shot,2026-08-18T21:19:49,0.3008,,Chucao
,CT14,SynologyDrive,102EK113_06050007.JPG,CT14, 2025-06-05 17:34:00,f5a62777-67f2-4004-87b5-0f2023c00956,,,,,false,,image/jpeg,,false,,26c9d1c7-35aa-415c-898d-2bcf895d21fc,,,,,animal,,Abrothrix longipilis,,,,,,,,,,,,,machine,CLIP zero-shot,2026-08-18T21:19:49,0.2953,,Ratón cola larga
,CT14,SynologyDrive,102EK113_06050010.JPG,CT14, 2025-06-05 17:35:01,af31f062-b06d-4027-bc96-0c273e47df91,,,,,false,,image/jpeg,,false,,9e272b2e-8e6f-478c-bdea-42fa09efb12b,,,,,animal,,Scelorchilus rubecula,,,,,,,,,,,,,machine,CLIP zero-shot,2026-08-18T21:19:49,0.2919,,Chucao
,CT14,SynologyDrive,102EK113_06050011.JPG,CT14, 2025-06-05 17:35:01,a5b0baf1-b24a-4c39-81cc-59cc256dee89,,,,,false,,image/jpeg,,false,,4923eb8b-4ed5-429d-a8c3-d8c3b26b166b,,,,,animal,,Scelorchilus rubecula,,,,,,,,,,,,,machine,CLIP zero-shot,2026-08-18T21:19:49,0.311,,Chucao
,CT14,SynologyDrive,102EK113_06050012.JPG,CT14, 2025-06-05 17:35:02,1e0dd792-981d-49e6-9865-fa836a772ae2,,,,,false,,image/jpeg,,false,,af50f709-fe82-4530-a25c-a1dc34e55716,,,,,animal,,Milvago chimango,,,,,,,,,,,,,machine,CLIP zero-shot,2026-08-18T21:19:49,0.3011,,Tiuque
,CT14,SynologyDrive,102EK113_06050013.JPG,CT14, 2025-06-05 17:36:00,7f4474a0-8878-4aea-bb05-e35408f61b92,,,,,false,,image/jpeg,,false,,8ca748c9-1c95-45f1-9cdc-d033e6113892,,,,,animal,,,,,,,,,,,,,,,machine,CLIP zero-shot,2026-08-18T21:19:49,0.2488,,No reconocible
,CT14,SynologyDrive,102EK113_06050014.JPG,CT14, 2025-06-05 17:36:01,1ecfa5a1-37ce-4d42-b986-ae6a787f7ae6,,,,,false,,image/jpeg,,false,,4cb41bf0-937a-4ed0-af8b-363f6da73250,,,,,animal,,Abrothrix longipilis,,,,,,,,,,,,,machine,CLIP zero-shot,2026-08-18T21:19:49,0.2946,,Ratón cola larga
,CT14,SynologyDrive,102EK113_06050015.JPG,CT14, 2025-06-05 17:36:02,918cbccb-794c-4f28-986c-63f114bd73d2,,,,,false,,image/jpeg,,false,,7a8afc9d-77f7-429b-a8fe-ca53f2a39194,,,,,animal,,Abrothrix longipilis,,,,,,,,,,,,,machine,CLIP zero-shot,2026-08-18T21:19:49,0.2848,,Ratón cola larga
,CT14,SynologyDrive,102EK113_06050018.JPG,CT14, 2025-06-05 17:37:02,2ee0b1af-c0d7-47a2-bcdd-b072d2f140c7,,,,,false,,image/jpeg,,false,,7f3fa62e-c4c1-467b-8819-962fa83ce95c,,,,,animal,,,,,,,,,,,,,,,machine,CLIP zero-shot,2026-08-18T21:19:49,0.2612,,No reconocible
,CT14,SynologyDrive,103EK113_06060634.JPG,CT14, 2025-06-06 17:34:01,db61ee60-74d3-4e6b-b10e-4b8c147f9706,,,,,false,,image/jpeg,,false,,4127eb96-aab6-4e8d-8d2c-2ec4d058b9ae,,,,,animal,,,,,,,,,,,,,,,machine,CLIP zero-shot,2026-08-18T21:19:49,0.2758,,No reconocible
,CT14,SynologyDrive,06070436.JPG,CT14, 2025-06-07 08:00:00,587f8d8c-99e7-4dff-9a42-0ed8fb7bfb0e,,,,,false,,image/jpeg,,false,,5ba2d4fe-5fe2-42a6-bd60-01bb0dba15ac,,,,,animal,,,,,,,,,,,,,,,machine,CLIP zero-shot,2026-08-18T21:19:49,0.2737,,No reconocible
,CT14,SynologyDrive,06070437.JPG,CT14, 2025-06-07 08:00:01,2f0ef5d5-5645-42fe-a90c-8de5b8bce4c3,,,,,false,,image/jpeg,,false,,275c66ae-7ebc-4d81-86c7-08ffd61faa02,,,,,animal,,,,,,,,,,,,,,,machine,CLIP zero-shot,2026-08-18T21:19:49,0.2766,,No reconocible
,CT14,SynologyDrive,06070438.JPG,CT14, 2025-06-07 08:00:02,6abf5a2d-ff04-4af3-8b77-f67620b8202b,,,,,false,,image/jpeg,,false,,6f5f32ec-d6fc-47a2-9a5d-cd68876b65db,,,,,animal,,Scelorchilus rubecula,,,,,,,,,,,,,machine,CLIP zero-shot,2026-08-18T21:19:49,0.3066,,Chucao
,CT14,SynologyDrive,06070663.JPG,CT14, 2025-06-07 14:14:02,a55b50d2-7596-4422-9e62-97c81db50e7f,,,,,false,,image/jpeg,,false,,ae3406aa-dfd1-42f5-bf58-1dacdf3ea671,,,,,animal,,Scelorchilus rubecula,,,,,,,,,,,,,machine,CLIP zero-shot,2026-08-18T21:19:49,0.3244,,Chucao
,CT14,SynologyDrive,106EK113_06080751.JPG,CT14, 2025-06-08 17:35:00,94db2006-d190-4f08-ac8a-664d9c53fd8b,,,,,false,,image/jpeg,,false,,ce7167e3-f145-4aab-8ed4-9c45ab700d85,,,,,animal,,,,,,,,,,,,,,,machine,CLIP zero-shot,2026-08-18T21:19:49,0.2718,,No reconocible
,CT14,SynologyDrive,10020832.JPG,CT14, 2025-10-02 09:52:36,65530647-afbe-4418-87c1-7a46ad0d2cdc,,,,,false,,image/jpeg,,false,,75211063-afa3-41fa-bf50-560978f21940,,,,,animal,,Milvago chimango,,,,,,,,,,,,,machine,CLIP zero-shot,2026-08-18T21:19:49,0.325,,Tiuque
,CT14,SynologyDrive,10020833.JPG,CT14, 2025-10-02 09:52:36,de59d767-2ff3-45b3-bbdd-fc82a1ffc223,,,,,false,,image/jpeg,,false,,de76d455-cce8-490e-9d1e-1458d4aa5009,,,,,animal,,Equus caballus,,,,,,,,,,,,,machine,CLIP zero-shot,2026-08-18T21:19:49,0.342,,Caballo
,CT14,SynologyDrive,10020834.JPG,CT14, 2025-10-02 09:52:37,0f107311-f219-4a9b-a80a-4aa042bc88ab,,,,,false,,image/jpeg,,false,,d277ab9b-815f-4fb4-820a-b1d9335e9f61,,,,,animal,,Strix rufipes,,,,,,,,,,,,,machine,CLIP zero-shot,2026-08-18T21:19:49,0.3395,,Concón
,CT14,SynologyDrive,10280878.JPG,CT14, 2025-10-28 14:04:01,174d1ccc-171e-46c6-b4b0-bde5dfaa8100,,,,,false,,image/jpeg,,false,,b3597e27-881d-48b2-bfb6-0dc138d0fdb7,,,,,animal,,Felis catus,,,,,,,,,,,,,machine,CLIP zero-shot,2026-08-18T21:19:49,0.2824,,Gato doméstico
,CT14,SynologyDrive,10280922.JPG,CT14, 2025-10-28 14:19:01,d8df42f4-5543-411a-b432-4867d7d51d81,,,,,false,,image/jpeg,,false,,04d3169d-7115-4f83-a404-d9d930ce3249,,,,,animal,,Neogale vison,,,,,,,,,,,,,machine,CLIP zero-shot,2026-08-18T21:19:49,0.3028,,Visón
,CT14,SynologyDrive,10280923.JPG,CT14, 2025-10-28 14:19:02,e0ace8f6-8e05-4b38-b144-7f3d26802e33,,,,,false,,image/jpeg,,false,,e77072f9-b302-49b6-90b8-de536c4e3776,,,,,animal,,Felis catus,,,,,,,,,,,,,machine,CLIP zero-shot,2026-08-18T21:19:49,0.3057,,Gato doméstico
,CT14,SynologyDrive,11140239.JPG,CT14, 2025-11-14 08:16:30,06cf14c7-e406-4d39-a290-f5229e987c2b,,,,,false,,image/jpeg,,false,,f491d038-c7d8-47f5-b7ff-5e2e79191c87,,,,,animal,,Sephanoides sephaniodes,,,,,,,,,,,,,machine,CLIP zero-shot,2026-08-18T21:19:49,0.3085,,Picaflor
,CT14,SynologyDrive,11140241.JPG,CT14, 2025-11-14 08:16:32,f66aebc8-27f6-4b66-bf9e-c7dcf6ec9688,,,,,false,,image/jpeg,,false,,17c6423d-6324-4d7f-a782-157b4ef38399,,,,,animal,,Sephanoides sephaniodes,,,,,,,,,,,,,machine,CLIP zero-shot,2026-08-18T21:19:49,0.294,,Picaflor
,CT14,SynologyDrive,11140242.JPG,CT14, 2025-11-14 08:16:32,5c372501-cc84-4bcd-8bcb-970d1f9b4b6e,,,,,false,,image/jpeg,,false,,a0dc86d3-9f66-4673-ac85-13132dd90a3f,,,,,animal,,Sephanoides sephaniodes,,,,,,,,,,,,,machine,CLIP zero-shot,2026-08-18T21:19:49,0.3078,,Picaflor
,CT14,SynologyDrive,11140246.JPG,CT14, 2025-11-14 08:16:43,cc82485b-a3cc-40e9-ade0-9bbf6a192f15,,,,,false,,image/jpeg,,false,,ed0c26b6-cf6f-41c7-b545-b6f9ab74bbdb,,,,,animal,,Sephanoides sephaniodes,,,,,,,,,,,,,machine,CLIP zero-shot,2026-08-18T21:19:49,0.3408,,Picaflor
,CT14,SynologyDrive,11140247.JPG,CT14, 2025-11-14 08:16:44,624d5496-ca44-4253-9a26-ce3a23446bf0,,,,,false,,image/jpeg,,false,,8bc452de-17c0-4eb8-8e65-e56d231b7570,,,,,animal,,Sephanoides sephaniodes,,,,,,,,,,,,,machine,CLIP zero-shot,2026-08-18T21:19:49,0.3277,,Picaflor
,CT14,SynologyDrive,11140250.JPG,CT14, 2025-11-14 08:16:46,1bfa9b0a-7af2-4125-a152-af9aa9ffe4fd,,,,,false,,image/jpeg,,false,,f1eda054-09e2-47bb-9997-c3d7cdc01eb0,,,,,animal,,Lycalopex culpaeus,,,,,,,,,,,,,machine,CLIP zero-shot,2026-08-18T21:19:49,0.33,,Zorro culpeo
,CT14,SynologyDrive,11140259.JPG,CT14, 2025-11-14 12:43:02,155d85eb-0655-479a-91f6-dfa295bd5347,,,,,false,,image/jpeg,,false,,a3790c59-1ca8-4c9c-885f-2bbe9a492999,,,,,animal,,Strix rufipes,,,,,,,,,,,,,machine,CLIP zero-shot,2026-08-18T21:19:49,0.3212,,Concón
,CT14,SynologyDrive,11140538.JPG,CT14, 2025-11-14 15:49:02,33fb1890-c76b-4954-ac70-46faadcefcd3,,,,,false,,image/jpeg,,false,,7ace9354-a62d-45fc-96de-8d2b8f200b6a,,,,,animal,,Phrygilus gayi,,,,,,,,,,,,,machine,CLIP zero-shot,2026-08-18T21:19:49,0.2945,,Cometocino
,CT14,SynologyDrive,11140539.JPG,CT14, 2025-11-14 15:49:02,cfe0212f-6021-48ce-9965-3fc2dc45960b,,,,,false,,image/jpeg,,false,,8bf12f6e-cc6a-4abd-a93a-82130903b04a,,,,,animal,,Phrygilus gayi,,,,,,,,,,,,,machine,CLIP zero-shot,2026-08-18T21:19:49,0.3068,,Cometocino
,CT14,SynologyDrive,11140540.JPG,CT14, 2025-11-14 15:49:03,6de7d413-3ace-4bb7-8e5c-9c9098de5961,,,,,false,,image/jpeg,,false,,c3b56dbe-af32-4913-9807-120a1b956e24,,,,,animal,,Phrygilus gayi,,,,,,,,,,,,,machine,CLIP zero-shot,2026-08-18T21:19:49,0.2979,,Cometocino
,CT14,SynologyDrive,11160668.JPG,CT14, 2025-11-16 12:59:44,a74031cc-6b20-46df-8b3d-fcaae983a313,,,,,false,,image/jpeg,,false,,aef4e3c2-1dd5-4a28-b916-a1a422c7f00d,,,,,animal,,Neogale vison,,,,,,,,,,,,,machine,CLIP zero-shot,2026-08-18T21:19:49,0.2859,,Visón
,CT14,SynologyDrive,11230688.JPG,CT14, 2025-11-23 14:04:17,5ec8143a-b103-434f-bee6-0d3e6ab4e1f6,,,,,false,,image/jpeg,,false,,40756c86-fd85-4674-b046-d423d6038349,,,,,animal,,Sephanoides sephaniodes,,,,,,,,,,,,,machine,CLIP zero-shot,2026-08-18T21:19:49,0.3209,,Picaflor
,CT14,SynologyDrive,01030967.JPG,CT14, 2026-01-03 15:30:01,00b06224-505b-4552-9fb2-4a7ef768be3c,,,,,false,,image/jpeg,,false,,cf738fe8-007b-4376-b514-71f9bdfc6931,,,,,animal,,Leopardus guigna,,,,,,,,,,,,,machine,CLIP zero-shot,2026-08-18T21:19:49,0.2919,,Guiña
,CT14,SynologyDrive,01030968.JPG,CT14, 2026-01-03 15:30:02,88f5760e-3934-42c8-b909-30a45cc7190f,,,,,false,,image/jpeg,,false,,48d98d5c-763d-48c4-86d4-980d25680fca,,,,,animal,,Lycalopex culpaeus,,,,,,,,,,,,,machine,CLIP zero-shot,2026-08-18T21:19:49,0.3036,,Zorro culpeo
,CT14,SynologyDrive,01030969.JPG,CT14, 2026-01-03 15:30:03,c729dd7d-d0c1-4b81-acbc-187ca2c2e803,,,,,false,,image/jpeg,,false,,d67a901e-71ec-4e99-a6c9-4f2674a5a9ec,,,,,animal,,Pudu puda,,,,,,,,,,,,,machine,CLIP zero-shot,2026-08-18T21:19:49,0.3011,,Pudú
,CT14,SynologyDrive,01030972.JPG,CT14, 2026-01-03 15:31:03,5b6dea24-2f9f-4353-b093-87be797c32f5,,,,,false,,image/jpeg,,false,,3c038f38-ae07-4209-bf4b-6ca855b13541,,,,,animal,,Pudu puda,,,,,,,,,,,,,machine,CLIP zero-shot,2026-08-18T21:19:49,0.3116,,Pudú
,CT15,SynologyDrive,06280007.JPG,CT15, 2025-06-28 22:05:20,ba04da0d-328f-4913-9dd2-ee89dcaabcc8,,,,,false,,image/jpeg,,false,,18c2e556-5fa4-4db8-bc97-3f2a97cecb7f,,,,,animal,,Pteroptochos tectus,,,,,,,,,,,,,machine,CLIP zero-shot,2026-08-18T21:19:49,0.2979,,Hued hued
,CT15,SynologyDrive,06300010.JPG,CT15, 2025-06-30 04:55:45,66acd278-1990-4c2c-806c-d63f8ebcf299,,,,,false,,image/jpeg,,false,,5810a9cc-33c6-4a27-afe4-b6ab8f806b4f,,,,,animal,,Galictis cuja,,,,,,,,,,,,,machine,CLIP zero-shot,2026-08-18T21:19:49,0.3165,,Quique
,CT15,SynologyDrive,06300013.JPG,CT15, 2025-06-30 20:08:26,bd87724b-64e6-462c-a331-c70225a4a478,,,,,false,,image/jpeg,,false,,eb395941-5215-4331-886b-cce7c3f50e11,,,,,animal,,,,,,,,,,,,,,,machine,CLIP zero-shot,2026-08-18T21:19:49,0.2603,,No reconocible
,CT15,SynologyDrive,07090016.JPG,CT15, 2025-07-09 06:43:28,bebb4aba-e878-4d64-908e-d39c522443d7,,,,,false,,image/jpeg,,false,,0e363185-3902-4049-9a04-8957bf118af1,,,,,animal,,Felis catus,,,,,,,,,,,,,machine,CLIP zero-shot,2026-08-18T21:19:49,0.3355,,Gato doméstico
,CT15,SynologyDrive,08170019.JPG,CT15, 2025-08-17 19:14:15,0a320bde-dd8c-4b52-bd5f-01cd4ba2b9ce,,,,,false,,image/jpeg,,false,,e79554b8-c553-4a4d-af4c-959796b86456,,,,,animal,,Galictis cuja,,,,,,,,,,,,,machine,CLIP zero-shot,2026-08-18T21:19:49,0.329,,Quique
,CT15,SynologyDrive,08170022.JPG,CT15, 2025-08-17 19:18:15,cdf44363-1728-4da0-9af4-83e9027b3a65,,,,,false,,image/jpeg,,false,,3a6d5d45-3d83-443c-a3e3-2ce34b761779,,,,,animal,,Lepus europaeus,,,,,,,,,,,,,machine,CLIP zero-shot,2026-08-18T21:19:49,0.3188,,Liebre
,CT15,SynologyDrive,10020025.JPG,CT15, 2025-10-02 20:45:12,052a8ab5-ea24-421b-9ff1-46075e8111b6,,,,,false,,image/jpeg,,false,,bcec3358-013b-4963-9a11-d4e7346556f6,,,,,animal,,Felis catus,,,,,,,,,,,,,machine,CLIP zero-shot,2026-08-18T21:19:49,0.3212,,Gato doméstico
,CT15,SynologyDrive,10090028.JPG,CT15, 2025-10-09 01:51:24,a70d08f6-f176-4305-978e-e98f3845eedb,,,,,false,,image/jpeg,,false,,17aac415-e203-4c19-bb54-eddb90446abb,,,,,animal,,Pudu puda,,,,,,,,,,,,,machine,CLIP zero-shot,2026-08-18T21:19:49,0.3283,,Pudú
,CT15,SynologyDrive,10100034.JPG,CT15, 2025-10-10 21:47:30,6283ae1c-72e9-476b-8b41-5db181a7e6ea,,,,,false,,image/jpeg,,false,,b0187c74-7995-479d-9ce6-50e52cce9691,,,,,animal,,,,,,,,,,,,,,,machine,CLIP zero-shot,2026-08-18T21:19:49,0.279,,No reconocible
,CT15,SynologyDrive,10160037.JPG,CT15, 2025-10-16 07:24:18,bcaed007-246e-4446-b959-1fa7e88f618a,,,,,false,,image/jpeg,,false,,4e01b843-3d00-4a8c-9714-1d64c4c5d179,,,,,animal,,Lepus europaeus,,,,,,,,,,,,,machine,CLIP zero-shot,2026-08-18T21:19:49,0.2947,,Liebre
,CT15,SynologyDrive,10160038.JPG,CT15, 2025-10-16 07:24:19,8e9bf7d0-377e-4db9-b3c0-704e1accd787,,,,,false,,image/jpeg,,false,,9a8e7f5e-d71e-4963-96ee-10b2207e00e2,,,,,animal,,Pudu puda,,,,,,,,,,,,,machine,CLIP zero-shot,2026-08-18T21:19:49,0.3123,,Pudú
,CT15,SynologyDrive,10170040.JPG,CT15, 2025-10-17 04:14:23,17f07747-562e-4c41-a36d-bb60b1ef0806,,,,,false,,image/jpeg,,false,,ecbc8f93-d7a5-43f7-83f0-3fe7860af26e,,,,,animal,,Strix rufipes,,,,,,,,,,,,,machine,CLIP zero-shot,2026-08-18T21:19:49,0.3217,,Concón
,CT15,SynologyDrive,11250068.JPG,CT15, 2025-11-25 11:45:12,07eb66e9-b9a3-488f-878b-74b9d620eae0,,,,,false,,image/jpeg,,false,,d3376a8a-f278-4d83-8da7-bef85c586a26,,,,,animal,,,,,,,,,,,,,,,machine,CLIP zero-shot,2026-08-18T21:19:49,0.2466,,No reconocible
,CT16,SynologyDrive,05010074.JPG,CT16, 2017-05-10 23:33:07,a1f4fb52-9f41-4b14-aba9-c91f049532e4,,,,,false,,image/jpeg,,false,,046dc02f-ccf8-4c18-93fd-3ae97f21219f,,,,,animal,,Scelorchilus rubecula,,,,,,,,,,,,,machine,CLIP zero-shot,2026-08-18T21:19:49,0.3122,,Chucao
,CT18,SynologyDrive,07100001.JPG,CT18, 2025-06-10 15:50:57,2d14ae3d-ed3e-4bb8-966f-f29ace14f8a9,,,,,false,,image/jpeg,,false,,40cefdc3-c3f7-41e8-adcb-712edf62dc2d,,,,,animal,,Aphrastura spinicauda,,,,,,,,,,,,,machine,CLIP zero-shot,2026-08-18T21:19:49,0.308,,Rayadito
,CT18,SynologyDrive,07260004.JPG,CT18, 2025-06-26 09:17:00,31f86403-90d8-49df-8980-eda9dda8a1ba,,,,,false,,image/jpeg,,false,,1e8320cd-b37d-42b5-b113-f474f08300d2,,,,,animal,,Abrothrix longipilis,,,,,,,,,,,,,machine,CLIP zero-shot,2026-08-18T21:19:49,0.3288,,Ratón cola larga
,CT18,SynologyDrive,07260006.JPG,CT18, 2025-06-26 09:17:02,67bcce56-206f-4e0f-b519-65108101f5aa,,,,,false,,image/jpeg,,false,,bf8c5d33-a0bb-4526-bdbb-e0136ede268a,,,,,animal,,,,,,,,,,,,,,,machine,CLIP zero-shot,2026-08-18T21:19:49,0.2507,,No reconocible
,CT18,SynologyDrive,07300008.JPG,CT18, 2025-06-30 03:30:43,9dbd8701-89cd-4bb3-857d-77f5dc8907f2,,,,,false,,image/jpeg,,false,,9ccc3b1f-ac6c-42f3-bbc5-980df651d7bd,,,,,animal,,Xolmis pyrope,,,,,,,,,,,,,machine,CLIP zero-shot,2026-08-18T21:19:49,0.3219,,Diucón
,CT18,SynologyDrive,08020029.JPG,CT18, 2025-07-03 10:54:37,99edc7be-4171-41d0-82a4-655eeb5425cc,,,,,false,,image/jpeg,,false,,779b8f17-fb87-4137-a2c3-3a85dcfd1aec,,,,,animal,,Pteroptochos tectus,,,,,,,,,,,,,machine,CLIP zero-shot,2026-08-18T21:19:49,0.28,,Hued hued
,CT18,SynologyDrive,08030039.JPG,CT18, 2025-07-03 22:18:01,829f0841-7826-4972-a54a-82a65c1e5636,,,,,false,,image/jpeg,,false,,4e70be2c-a9cd-40e2-9db1-06f555e69beb,,,,,animal,,Lepus europaeus,,,,,,,,,,,,,machine,CLIP zero-shot,2026-08-18T21:19:49,0.3163,,Liebre
,CT18,SynologyDrive,09110056.JPG,CT18, 2025-08-12 15:22:40,b0643178-6eff-45d9-a63c-c8fb216eeb73,,,,,false,,image/jpeg,,false,,65d4110b-f715-4ea6-8741-41bd2bc0b977,,,,,animal,,Abrothrix longipilis,,,,,,,,,,,,,machine,CLIP zero-shot,2026-08-18T21:19:49,0.3439,,Ratón cola larga
,CT18,SynologyDrive,09300058.JPG,CT18, 2025-08-31 10:23:30,d1ca63a6-0219-4084-b2ff-dbfa7ed7c02e,,,,,false,,image/jpeg,,false,,4087eff5-253f-4be4-aa20-b24c6703ac09,,,,,animal,,Canis lupus familiaris,,,,,,,,,,,,,machine,CLIP zero-shot,2026-08-18T21:19:49,0.3549,,Perro
,CT18,SynologyDrive,09300059.JPG,CT18, 2025-08-31 10:23:31,65a9d727-66d6-45e4-b461-8264aba993b5,,,,,false,,image/jpeg,,false,,ca2d2f73-56b0-43b9-8b9f-df1647e6d123,,,,,animal,,Canis lupus familiaris,,,,,,,,,,,,,machine,CLIP zero-shot,2026-08-18T21:19:49,0.3496,,Perro
,CT18,SynologyDrive,10040061.JPG,CT18, 2025-09-03 23:42:01,f1585efe-32c9-491f-b11e-8407030630fc,,,,,false,,image/jpeg,,false,,435c0071-9356-4baf-8c4f-202374e18cac,,,,,animal,,Scelorchilus rubecula,,,,,,,,,,,,,machine,CLIP zero-shot,2026-08-18T21:19:49,0.3033,,Chucao
,CT18,SynologyDrive,10040065.JPG,CT18, 2025-09-03 23:42:30,6786f38e-3b58-43c8-8162-1be2c6e34b08,,,,,false,,image/jpeg,,false,,bfcc425b-fe8e-4b60-a9ae-bd60833efb4b,,,,,animal,,Pudu puda,,,,,,,,,,,,,machine,CLIP zero-shot,2026-08-18T21:19:49,0.2863,,Pudú
,CT18,SynologyDrive,10040069.JPG,CT18, 2025-09-03 23:42:54,814d5637-d61b-43e0-be05-c4e724ae8461,,,,,false,,image/jpeg,,false,,011c8a2a-6dd3-4665-b2ca-ec8a5aa55d5c,,,,,animal,,Pudu puda,,,,,,,,,,,,,machine,CLIP zero-shot,2026-08-18T21:19:49,0.2912,,Pudú
,CT18,SynologyDrive,10110077.JPG,CT18, 2025-09-11 17:24:32,c2d83928-f2d2-41b0-895d-7e723359845c,,,,,false,,image/jpeg,,false,,e762d955-78bb-44e5-9078-33ea14464d2b,,,,,animal,,Abrothrix longipilis,,,,,,,,,,,,,machine,CLIP zero-shot,2026-08-18T21:19:49,0.3335,,Ratón cola larga
,CT18,SynologyDrive,10120080.JPG,CT18, 2025-09-12 03:51:37,9e35e6c0-48ac-4c0e-85b6-2bb6a97fa749,,,,,false,,image/jpeg,,false,,9394d739-6d12-459a-a98d-4fbfc356e4db,,,,,animal,,Lepus europaeus,,,,,,,,,,,,,machine,CLIP zero-shot,2026-08-18T21:19:49,0.2967,,Liebre
,CT18,SynologyDrive,10120084.JPG,CT18, 2025-09-12 03:52:34,976d34df-15b4-4570-9c57-afedb0bcd152,,,,,false,,image/jpeg,,false,,66bc9177-eff4-4155-8138-ffc0891af042,,,,,animal,,Xolmis pyrope,,,,,,,,,,,,,machine,CLIP zero-shot,2026-08-18T21:19:49,0.2845,,Diucón
,CT18,SynologyDrive,10120088.JPG,CT18, 2025-09-12 03:53:13,47bc26e8-9ce5-4af2-84cb-e6a1f6b6c80d,,,,,false,,image/jpeg,,false,,8f58cca6-a1f5-4de2-bbfc-0a046ab71293,,,,,animal,,Pudu puda,,,,,,,,,,,,,machine,CLIP zero-shot,2026-08-18T21:19:49,0.3058,,Pudú
,CT18,SynologyDrive,10120092.JPG,CT18, 2025-09-12 03:53:49,b42e5b33-c8d6-4bbf-865b-be2009bf9ffc,,,,,false,,image/jpeg,,false,,3f651699-bed4-4e60-9778-3842bb1b91c8,,,,,animal,,Galictis cuja,,,,,,,,,,,,,machine,CLIP zero-shot,2026-08-18T21:19:49,0.3154,,Quique
,CT19,SynologyDrive,06060001.JPG,CT19, 2025-06-06 03:37:46,2751aa29-0158-4180-be27-448610e67dec,,,,,false,,image/jpeg,,false,,61b19950-8edf-4985-a2d8-d5924a71e0e1,,,,,animal,,Abrothrix longipilis,,,,,,,,,,,,,machine,CLIP zero-shot,2026-08-18T21:19:49,0.3179,,Ratón cola larga
,CT19,SynologyDrive,06100004.JPG,CT19, 2025-06-10 06:22:30,2cd33c91-e856-472e-9d91-4f1b481548c3,,,,,false,,image/jpeg,,false,,73d6db1a-20ab-4116-af9b-a04826c0fe78,,,,,animal,,Abrothrix longipilis,,,,,,,,,,,,,machine,CLIP zero-shot,2026-08-18T21:19:49,0.3226,,Ratón cola larga
,CT19,SynologyDrive,06160010.JPG,CT19, 2025-06-16 11:02:55,f4d77b1b-723b-4c13-94af-594b60800022,,,,,false,,image/jpeg,,false,,357e2793-5108-4a90-bcd3-aa25eb94b541,,,,,animal,,Sus scrofa,,,,,,,,,,,,,machine,CLIP zero-shot,2026-08-18T21:19:49,0.3491,,Jabalí
,CT19,SynologyDrive,06160011.JPG,CT19, 2025-06-16 11:02:56,76b97c44-b0ac-4a0e-97a8-62fc3e040c43,,,,,false,,image/jpeg,,false,,f85c2412-33b0-4f1e-ae5a-77bfaf69f8bd,,,,,animal,,Sus scrofa,,,,,,,,,,,,,machine,CLIP zero-shot,2026-08-18T21:19:49,0.3318,,Jabalí
,CT19,SynologyDrive,06160013.JPG,CT19, 2025-06-16 11:03:15,c52ec680-3838-45e5-a428-db1d18cf0903,,,,,false,,image/jpeg,,false,,d8069e0f-e79c-4121-ab7a-74c6bb1f1068,,,,,animal,,Equus caballus,,,,,,,,,,,,,machine,CLIP zero-shot,2026-08-18T21:19:49,0.3211,,Caballo
,CT19,SynologyDrive,06160014.JPG,CT19, 2025-06-16 11:03:16,984c7886-1e19-4352-9488-81f4d6e50b5d,,,,,false,,image/jpeg,,false,,c4e2dc13-c4b3-4e9d-bf23-eccc257d7182,,,,,animal,,Equus caballus,,,,,,,,,,,,,machine,CLIP zero-shot,2026-08-18T21:19:49,0.3142,,Caballo
,CT19,SynologyDrive,06190016.JPG,CT19, 2025-06-19 03:15:27,51d131ed-60e1-4d0e-8733-8acd7175dfda,,,,,false,,image/jpeg,,false,,6a7713d6-ae16-4be6-9816-819de9045f6a,,,,,animal,,Galictis cuja,,,,,,,,,,,,,machine,CLIP zero-shot,2026-08-18T21:19:49,0.2946,,Quique
,CT19,SynologyDrive,06260019.JPG,CT19, 2025-06-26 03:37:34,2378200d-f281-4313-af41-638ea9269a04,,,,,false,,image/jpeg,,false,,d656e740-6035-494a-8f40-6439446439ec,,,,,animal,,,,,,,,,,,,,,,machine,CLIP zero-shot,2026-08-18T21:19:49,0.2384,,No reconocible
,CT19,SynologyDrive,06260023.JPG,CT19, 2025-06-26 06:09:41,beeea294-2ee1-493f-a2a3-107fb528838a,,,,,false,,image/jpeg,,false,,1f0f7d10-6b5b-4be4-8aa8-0210be8eb929,,,,,animal,,,,,,,,,,,,,,,machine,CLIP zero-shot,2026-08-18T21:19:49,0.268,,No reconocible
,CT19,SynologyDrive,06260027.JPG,CT19, 2025-06-26 06:10:05,17be2668-52ee-4a37-89ee-0a1114ba2ee9,,,,,false,,image/jpeg,,false,,e24f8487-4e7b-4968-ade9-3f731af52629,,,,,animal,,,,,,,,,,,,,,,machine,CLIP zero-shot,2026-08-18T21:19:49,0.2349,,No reconocible
,CT19,SynologyDrive,06270031.JPG,CT19, 2025-06-27 05:04:58,26b2b2a0-8817-4952-8e16-5d43b19d771b,,,,,false,,image/jpeg,,false,,bb9447c6-5018-46cd-b099-6935d0f28141,,,,,animal,,Aphrastura spinicauda,,,,,,,,,,,,,machine,CLIP zero-shot,2026-08-18T21:19:49,0.2837,,Rayadito
,CT19,SynologyDrive,06270034.JPG,CT19, 2025-06-27 20:11:37,be133490-32e5-4b43-88d9-b48ab34f44c4,,,,,false,,image/jpeg,,false,,c595e485-f18b-4618-aaa4-a2f6e76f0483,,,,,animal,,Galictis cuja,,,,,,,,,,,,,machine,CLIP zero-shot,2026-08-18T21:19:49,0.3313,,Quique
,CT19,SynologyDrive,06280037.JPG,CT19, 2025-06-28 01:58:52,379e8dad-5e72-49b3-a6ec-9039a637b4a5,,,,,false,,image/jpeg,,false,,843991bb-e016-4f80-a630-0594bae2f7b0,,,,,animal,,,,,,,,,,,,,,,machine,CLIP zero-shot,2026-08-18T21:19:49,0.2598,,No reconocible
,CT19,SynologyDrive,06280040.JPG,CT19, 2025-06-28 06:10:09,6adc48af-a61e-4044-8dda-7931732b3027,,,,,false,,image/jpeg,,false,,97fbfcec-e16e-4fb2-8428-4b2ae5c2021c,,,,,animal,,Xolmis pyrope,,,,,,,,,,,,,machine,CLIP zero-shot,2026-08-18T21:19:49,0.2819,,Diucón
,CT19,SynologyDrive,06300043.JPG,CT19, 2025-06-30 17:58:47,e166479d-7b81-4a08-8869-bef70b65bce4,,,,,false,,image/jpeg,,false,,1e42726d-09ef-4bd5-a6a7-a8a7b6a366da,,,,,animal,,,,,,,,,,,,,,,machine,CLIP zero-shot,2026-08-18T21:19:49,0.2692,,No reconocible
,CT19,SynologyDrive,06300044.JPG,CT19, 2025-06-30 17:58:48,2345c7a6-b705-442e-a6cb-f24e396bb40b,,,,,false,,image/jpeg,,false,,7b13e182-ba22-406f-ab20-950fba48c99a,,,,,animal,,Scelorchilus rubecula,,,,,,,,,,,,,machine,CLIP zero-shot,2026-08-18T21:19:49,0.2929,,Chucao
,CT19,SynologyDrive,06300046.JPG,CT19, 2025-06-30 21:25:33,21076800-dece-4b9a-b3a0-baa530789953,,,,,false,,image/jpeg,,false,,a7607a93-3537-49a4-b276-341bf26c447e,,,,,animal,,Abrothrix longipilis,,,,,,,,,,,,,machine,CLIP zero-shot,2026-08-18T21:19:49,0.2927,,Ratón cola larga
,CT19,SynologyDrive,07020049.JPG,CT19, 2025-07-02 21:15:41,7ed5a512-83fa-4309-a22c-4d64b1f0cd67,,,,,false,,image/jpeg,,false,,ff0d2e31-114a-4a1e-8195-718c98e3f0f4,,,,,animal,,Scelorchilus rubecula,,,,,,,,,,,,,machine,CLIP zero-shot,2026-08-18T21:19:49,0.3281,,Chucao
,CT19,SynologyDrive,07020052.JPG,CT19, 2025-07-02 21:16:01,20cef38e-d7fd-4d58-80a1-6de07739afc4,,,,,false,,image/jpeg,,false,,f00414d9-82d8-440e-af56-541a3ffec28e,,,,,animal,,Abrothrix longipilis,,,,,,,,,,,,,machine,CLIP zero-shot,2026-08-18T21:19:49,0.3103,,Ratón cola larga
,CT19,SynologyDrive,07110061.JPG,CT19, 2025-07-11 23:50:31,42e241e9-ded6-49f1-8e51-1f4a857a7cdc,,,,,false,,image/jpeg,,false,,178afd96-fc02-4ccc-aec1-da24dbd80418,,,,,animal,,,,,,,,,,,,,,,machine,CLIP zero-shot,2026-08-18T21:19:49,0.2708,,No reconocible
,CT19,SynologyDrive,07120064.JPG,CT19, 2025-07-12 14:03:31,9ab6f8cb-ee1b-4155-9295-079fdc25a741,,,,,false,,image/jpeg,,false,,2e106286-4fb1-419e-8642-29d9c483c74a,,,,,animal,,,,,,,,,,,,,,,machine,CLIP zero-shot,2026-08-18T21:19:49,0.2788,,No reconocible
,CT19,SynologyDrive,07120065.JPG,CT19, 2025-07-12 14:03:32,dfe996e6-9cc3-4e96-b00e-494ff3c1d311,,,,,false,,image/jpeg,,false,,5ecd27e1-e2f3-4064-bf30-3ff6e69f2724,,,,,animal,,Equus caballus,,,,,,,,,,,,,machine,CLIP zero-shot,2026-08-18T21:19:49,0.2935,,Caballo
,CT19,SynologyDrive,07120067.JPG,CT19, 2025-07-12 14:04:03,313a511b-ed61-4712-8196-3b89f852335a,,,,,false,,image/jpeg,,false,,09bcd849-7a0a-4ce0-ac68-65180ddfa9ee,,,,,animal,,Equus caballus,,,,,,,,,,,,,machine,CLIP zero-shot,2026-08-18T21:19:49,0.3271,,Caballo
,CT19,SynologyDrive,07120068.JPG,CT19, 2025-07-12 14:04:04,943129e1-d969-41f1-8659-ee950cc8fb31,,,,,false,,image/jpeg,,false,,605af1b6-efc7-43e6-9652-a16908d83a79,,,,,animal,,Equus caballus,,,,,,,,,,,,,machine,CLIP zero-shot,2026-08-18T21:19:49,0.3498,,Caballo
,CT19,SynologyDrive,07130070.JPG,CT19, 2025-07-13 06:23:53,70b93ad6-5f64-4251-b838-6555d7beae1b,,,,,false,,image/jpeg,,false,,1d0c7490-bde4-4101-acfd-c9715846e5b9,,,,,animal,,Pteroptochos tectus,,,,,,,,,,,,,machine,CLIP zero-shot,2026-08-18T21:19:49,0.2995,,Hued hued
,CT19,SynologyDrive,07160073.JPG,CT19, 2025-07-16 02:40:46,a3fa473b-6ff2-4451-9f2b-3db7208d734e,,,,,false,,image/jpeg,,false,,add173e3-dd83-4c0f-ab39-3a64ae8d73d4,,,,,animal,,Galictis cuja,,,,,,,,,,,,,machine,CLIP zero-shot,2026-08-18T21:19:49,0.3056,,Quique
,CT19,SynologyDrive,07160076.JPG,CT19, 2025-07-16 05:43:23,ed7324b8-7875-4465-a52a-2848d4ab1b76,,,,,false,,image/jpeg,,false,,3b58f026-47ac-4bee-a8e2-47c4b31edac8,,,,,animal,,Dromiciops gliroides,,,,,,,,,,,,,machine,CLIP zero-shot,2026-08-18T21:19:49,0.3173,,Monito del monte
,CT19,SynologyDrive,07160079.JPG,CT19, 2025-07-16 06:36:56,dd7d5a98-227b-4f21-803b-973cafab40f3,,,,,false,,image/jpeg,,false,,3b20420c-8d5c-41ea-abe1-fb13dd2d36cd,,,,,animal,,Galictis cuja,,,,,,,,,,,,,machine,CLIP zero-shot,2026-08-18T21:19:49,0.3331,,Quique
,CT19,SynologyDrive,07170082.JPG,CT19, 2025-07-17 03:58:34,4d593f52-437e-430b-8ecb-4e7bb98a56d1,,,,,false,,image/jpeg,,false,,2821b8f0-2f74-4c93-b699-7ed15274b69b,,,,,animal,,Dromiciops gliroides,,,,,,,,,,,,,machine,CLIP zero-shot,2026-08-18T21:19:49,0.2897,,Monito del monte
,CT19,SynologyDrive,07170085.JPG,CT19, 2025-07-17 03:58:57,2856e564-06d7-468f-a7ca-d3d08a3beeb3,,,,,false,,image/jpeg,,false,,86c00733-b531-4a9c-aae2-162477857cf8,,,,,animal,,,,,,,,,,,,,,,machine,CLIP zero-shot,2026-08-18T21:19:49,0.2506,,No reconocible
,CT19,SynologyDrive,07220088.JPG,CT19, 2025-07-22 18:22:36,20828ce8-e924-4b60-9c95-a4854156a074,,,,,false,,image/jpeg,,false,,446c9874-b588-4492-806c-a5de94e2b379,,,,,animal,,Abrothrix longipilis,,,,,,,,,,,,,machine,CLIP zero-shot,2026-08-18T21:19:49,0.3286,,Ratón cola larga
,CT19,SynologyDrive,07230091.JPG,CT19, 2025-07-23 06:01:47,68d81d34-38c6-40b7-952b-6e58a440c2cb,,,,,false,,image/jpeg,,false,,34251a84-c601-490a-ae6c-fe369fe7250e,,,,,animal,,Galictis cuja,,,,,,,,,,,,,machine,CLIP zero-shot,2026-08-18T21:19:49,0.32,,Quique
,CT19,SynologyDrive,07230094.JPG,CT19, 2025-07-23 07:16:23,1994e6d4-a452-433b-99e8-edbd6fea23a7,,,,,false,,image/jpeg,,false,,42c64a67-d5d8-4dd6-b015-a7040b661881,,,,,animal,,Galictis cuja,,,,,,,,,,,,,machine,CLIP zero-shot,2026-08-18T21:19:49,0.2876,,Quique
,CT19,SynologyDrive,07260097.JPG,CT19, 2025-07-26 19:50:44,206420be-1b9e-4d02-8f17-ce4cd8256f71,,,,,false,,image/jpeg,,false,,dab0fd7e-1585-4dd1-ad95-595bfa21ff15,,,,,animal,,Galictis cuja,,,,,,,,,,,,,machine,CLIP zero-shot,2026-08-18T21:19:49,0.2872,,Quique
,CT19,SynologyDrive,07260100.JPG,CT19, 2025-07-26 19:51:24,b04c8a08-711a-4df6-bf45-a7ebd268a366,,,,,false,,image/jpeg,,false,,b1d9378e-b842-4940-9872-8c0a9af9edfd,,,,,animal,,Strix rufipes,,,,,,,,,,,,,machine,CLIP zero-shot,2026-08-18T21:19:49,0.3215,,Concón
,CT19,SynologyDrive,07270103.JPG,CT19, 2025-07-27 16:03:56,662ce849-e035-4b20-9048-c12a1bf5ed47,,,,,false,,image/jpeg,,false,,9a1ccd67-3a77-4ecc-85cb-35be0236fea5,,,,,animal,,Scelorchilus rubecula,,,,,,,,,,,,,machine,CLIP zero-shot,2026-08-18T21:19:49,0.2944,,Chucao
,CT19,SynologyDrive,08010106.JPG,CT19, 2025-08-01 08:28:50,f12dbf7b-7c51-4c15-bf7c-ffd754092ba7,,,,,false,,image/jpeg,,false,,ca170fe1-e47a-4857-879d-f92528035fb2,,,,,animal,,Canis lupus familiaris,,,,,,,,,,,,,machine,CLIP zero-shot,2026-08-18T21:19:49,0.3086,,Perro
,CT19,SynologyDrive,08010107.JPG,CT19, 2025-08-01 08:28:51,a2914bff-b13d-4b0d-a4af-67ebdafb9a3f,,,,,false,,image/jpeg,,false,,5c9f1b39-3d3b-4555-8560-8b345d0b1f3a,,,,,animal,,Canis lupus familiaris,,,,,,,,,,,,,machine,CLIP zero-shot,2026-08-18T21:19:49,0.3003,,Perro
,CT19,SynologyDrive,08020109.JPG,CT19, 2025-08-02 00:16:10,6d9db55f-5237-4799-8da4-85886d1fe35c,,,,,false,,image/jpeg,,false,,c3701734-bacc-4721-b6ac-4e7e04ca9cca,,,,,animal,,,,,,,,,,,,,,,machine,CLIP zero-shot,2026-08-18T21:19:49,0.2738,,No reconocible
,CT19,SynologyDrive,08020112.JPG,CT19, 2025-08-02 01:38:51,4df97472-9180-4d64-bfc6-e0914dfa182c,,,,,false,,image/jpeg,,false,,3e5d47a5-89f6-41f0-99ef-8f8f7ab8ee35,,,,,animal,,Galictis cuja,,,,,,,,,,,,,machine,CLIP zero-shot,2026-08-18T21:19:49,0.2864,,Quique
,CT19,SynologyDrive,08020115.JPG,CT19, 2025-08-02 21:28:32,89677332-8c4d-4437-a5df-259e46f4163d,,,,,false,,image/jpeg,,false,,37eb27e2-1326-470e-af33-ab72843e5284,,,,,animal,,,,,,,,,,,,,,,machine,CLIP zero-shot,2026-08-18T21:19:49,0.2603,,No reconocible
,CT19,SynologyDrive,08030118.JPG,CT19, 2025-08-03 01:17:51,e0283557-de1d-4a40-b105-aa93933eec34,,,,,false,,image/jpeg,,false,,03853d7c-84e3-4e74-8fa0-dcde57abd5cd,,,,,animal,,,,,,,,,,,,,,,machine,CLIP zero-shot,2026-08-18T21:19:49,0.2651,,No reconocible
,CT19,SynologyDrive,08030122.JPG,CT19, 2025-08-03 22:26:02,dc13678e-9794-46c5-a5d0-93a6c78f3aac,,,,,false,,image/jpeg,,false,,a2c3dc2a-81b1-4a27-9da5-b00b779d0db8,,,,,animal,,,,,,,,,,,,,,,machine,CLIP zero-shot,2026-08-18T21:19:49,0.223,,No reconocible
,CT19,SynologyDrive,08080126.JPG,CT19, 2025-08-08 19:54:03,cf8c0dc7-7189-473e-bf8f-1b0695ede039,,,,,false,,image/jpeg,,false,,35cdee78-2334-4da9-8511-8ede75904956,,,,,animal,,Strix rufipes,,,,,,,,,,,,,machine,CLIP zero-shot,2026-08-18T21:19:49,0.3207,,Concón
,CT19,SynologyDrive,08080129.JPG,CT19, 2025-08-08 19:54:26,0d6f3c61-96cc-46b4-88c2-673c843a7462,,,,,false,,image/jpeg,,false,,c2f67f39-f7eb-403a-bbf3-3c8b60328a88,,,,,animal,,Abrothrix longipilis,,,,,,,,,,,,,machine,CLIP zero-shot,2026-08-18T21:19:49,0.3302,,Ratón cola larga
,CT19,SynologyDrive,08100132.JPG,CT19, 2025-08-10 01:06:35,722cd735-023b-407d-80ea-8655c017f8eb,,,,,false,,image/jpeg,,false,,afa678ea-5e23-41f9-b065-ce85e2787af3,,,,,animal,,,,,,,,,,,,,,,machine,CLIP zero-shot,2026-08-18T21:19:49,0.2542,,No reconocible
,CT19,SynologyDrive,08210135.JPG,CT19, 2025-08-21 03:13:20,849606d5-f676-42b0-885b-e6ea84ad0792,,,,,false,,image/jpeg,,false,,3d44a7ec-e364-4a0d-8ba4-37609df829d0,,,,,animal,,Dromiciops gliroides,,,,,,,,,,,,,machine,CLIP zero-shot,2026-08-18T21:19:49,0.3281,,Monito del monte
,CT19,SynologyDrive,09130138.JPG,CT19, 2025-09-13 02:39:10,7c26f596-8c06-4b56-8cef-7ba47420e6f8,,,,,false,,image/jpeg,,false,,a87d86e9-f6b6-4468-8eec-e4d4c7c99665,,,,,animal,,Galictis cuja,,,,,,,,,,,,,machine,CLIP zero-shot,2026-08-18T21:19:49,0.3113,,Quique
,CT19,SynologyDrive,09200141.JPG,CT19, 2025-09-20 23:21:27,608a60e3-c83d-4481-81b9-7e2cb7e6cf8e,,,,,false,,image/jpeg,,false,,4217b7c2-9972-4973-a374-67e4865d77fe,,,,,animal,,Strix rufipes,,,,,,,,,,,,,machine,CLIP zero-shot,2026-08-18T21:19:49,0.322,,Concón
,CT19,SynologyDrive,09280144.JPG,CT19, 2025-09-28 05:43:56,4e374506-4d2d-4fd5-9550-1060ef6634d1,,,,,false,,image/jpeg,,false,,88f652a5-d01d-47cf-a1b4-8d177144a354,,,,,animal,,Aphrastura spinicauda,,,,,,,,,,,,,machine,CLIP zero-shot,2026-08-18T21:19:49,0.3078,,Rayadito
,CT19,SynologyDrive,09290147.JPG,CT19, 2025-09-29 19:01:01,9614fb00-3a21-49bc-96a7-386094075623,,,,,false,,image/jpeg,,false,,3ea19e23-120d-42ab-be29-00e36c85a0eb,,,,,animal,,Xolmis pyrope,,,,,,,,,,,,,machine,CLIP zero-shot,2026-08-18T21:19:49,0.3227,,Diucón
,CT19,SynologyDrive,09290148.JPG,CT19, 2025-09-29 19:01:02,e7a2499e-1d34-4731-9d1d-4ac3f1a57231,,,,,false,,image/jpeg,,false,,f1114201-3681-4711-a47b-c8bf653b32e9,,,,,animal,,Equus caballus,,,,,,,,,,,,,machine,CLIP zero-shot,2026-08-18T21:19:49,0.3476,,Caballo
,CT19,SynologyDrive,09290149.JPG,CT19, 2025-09-29 19:01:03,02d6a833-ed93-4c7b-9c1d-2946014e3355,,,,,false,,image/jpeg,,false,,c2a905a0-cc31-4957-8642-2b5695c68098,,,,,animal,,Equus caballus,,,,,,,,,,,,,machine,CLIP zero-shot,2026-08-18T21:19:49,0.3437,,Caballo
,CT19,SynologyDrive,10030151.JPG,CT19, 2025-10-03 06:44:02,d844c524-10df-47fb-ae51-035727182a00,,,,,false,,image/jpeg,,false,,566f8925-02d7-4954-91f2-e3921c9c3b47,,,,,animal,,Abrothrix longipilis,,,,,,,,,,,,,machine,CLIP zero-shot,2026-08-18T21:19:49,0.3167,,Ratón cola larga
,CT19,SynologyDrive,10030152.JPG,CT19, 2025-10-03 06:44:03,aee74291-2dd2-4b0c-ab99-d47c6c04de7c,,,,,false,,image/jpeg,,false,,34f993b6-1f42-47b6-a219-5b20892a92e2,,,,,animal,,Pudu puda,,,,,,,,,,,,,machine,CLIP zero-shot,2026-08-18T21:19:49,0.3166,,Pudú
,CT19,SynologyDrive,10030154.JPG,CT19, 2025-10-03 06:57:42,cd7f234f-681b-4cb5-9d4c-b9b24006652e,,,,,false,,image/jpeg,,false,,329848b6-969f-40b9-adcd-6b27f4247ac7,,,,,animal,,Pudu puda,,,,,,,,,,,,,machine,CLIP zero-shot,2026-08-18T21:19:49,0.3135,,Pudú
,CT19,SynologyDrive,10210157.JPG,CT19, 2025-10-21 09:48:15,749e3ed2-e3c1-4bc9-a36f-9e55e67eb726,,,,,false,,image/jpeg,,false,,32af397e-0915-400a-9959-a90c118f242a,,,,,animal,,Equus caballus,,,,,,,,,,,,,machine,CLIP zero-shot,2026-08-18T21:19:49,0.3221,,Caballo
,CT19,SynologyDrive,10210158.JPG,CT19, 2025-10-21 09:48:16,ea42cd99-994f-41c3-b9a0-a5cf8cdc7e65,,,,,false,,image/jpeg,,false,,7bcab1a2-edde-45ea-80f0-b9861a3126fd,,,,,animal,,Equus caballus,,,,,,,,,,,,,machine,CLIP zero-shot,2026-08-18T21:19:49,0.3216,,Caballo
,CT19,SynologyDrive,10210160.JPG,CT19, 2025-10-21 09:48:36,2bf82890-b796-4987-86bd-5069865efc26,,,,,false,,image/jpeg,,false,,39ac95f3-d9d6-414d-badc-fed837e0a70b,,,,,animal,,Equus caballus,,,,,,,,,,,,,machine,CLIP zero-shot,2026-08-18T21:19:49,0.2852,,Caballo
,CT19,SynologyDrive,10210161.JPG,CT19, 2025-10-21 09:48:37,4e6cdc5b-6bcb-4637-89e5-d5c99f71ada9,,,,,false,,image/jpeg,,false,,78be1041-0c28-4696-bf39-0e73cc30a782,,,,,animal,,Equus caballus,,,,,,,,,,,,,machine,CLIP zero-shot,2026-08-18T21:19:49,0.3025,,Caballo
,CT19,SynologyDrive,10220163.JPG,CT19, 2025-10-22 09:57:51,21893653-aced-4c09-b8bc-c405f78f5476,,,,,false,,image/jpeg,,false,,a2436018-7a16-48fe-beb0-51d906d4ac7f,,,,,animal,,Milvago chimango,,,,,,,,,,,,,machine,CLIP zero-shot,2026-08-18T21:19:49,0.3076,,Tiuque
,CT19,SynologyDrive,10220164.JPG,CT19, 2025-10-22 09:57:52,6ec73367-f902-4dea-8c6e-f0d2aeb8930a,,,,,false,,image/jpeg,,false,,cacbea09-d9e1-4c35-b083-3ebdac0e4835,,,,,animal,,Vanellus chilensis,,,,,,,,,,,,,machine,CLIP zero-shot,2026-08-18T21:19:49,0.315,,Queltehue
,CT19,SynologyDrive,10220166.JPG,CT19, 2025-10-22 09:58:12,98695955-0a8a-478e-9998-ca5d9b36004e,,,,,false,,image/jpeg,,false,,810ba589-a97c-44e5-a491-ef803ba10e7f,,,,,animal,,Turdus falcklandii,,,,,,,,,,,,,machine,CLIP zero-shot,2026-08-18T21:19:49,0.3508,,Zorzal
,CT19,SynologyDrive,10220167.JPG,CT19, 2025-10-22 09:58:13,5f9f81e3-d661-40cf-8741-c04fdac690dc,,,,,false,,image/jpeg,,false,,fe6f01d7-3062-4abc-bac0-cf302a06217a,,,,,animal,,Milvago chimango,,,,,,,,,,,,,machine,CLIP zero-shot,2026-08-18T21:19:49,0.3351,,Tiuque
,CT19,SynologyDrive,11160172.JPG,CT19, 2025-11-16 11:50:09,34c54f90-8c24-4192-b737-32cb204be6a0,,,,,false,,image/jpeg,,false,,c1f925d1-7ca1-4a44-ad92-8d4cdcc74c5c,,,,,animal,,Galictis cuja,,,,,,,,,,,,,machine,CLIP zero-shot,2026-08-18T21:19:49,0.3063,,Quique
,CT19,SynologyDrive,11160173.JPG,CT19, 2025-11-16 11:50:09,7c59f5f1-0139-438e-9cce-099c8493f56c,,,,,false,,image/jpeg,,false,,85dc6b83-15ad-42e6-b81f-1181011e3c5b,,,,,animal,,Turdus falcklandii,,,,,,,,,,,,,machine,CLIP zero-shot,2026-08-18T21:19:49,0.3089,,Zorzal
,CT19,SynologyDrive,11200175.JPG,CT19, 2025-11-20 12:34:15,b5829dab-9d3e-45c5-9697-c73b9017e809,,,,,false,,image/jpeg,,false,,d579981e-4caf-47e7-8617-27e306a18b95,,,,,animal,,Abrothrix longipilis,,,,,,,,,,,,,machine,CLIP zero-shot,2026-08-18T21:19:49,0.3135,,Ratón cola larga
,CT19,SynologyDrive,11200176.JPG,CT19, 2025-11-20 12:34:16,086412f0-9d48-42e1-81dd-139dfbbed968,,,,,false,,image/jpeg,,false,,47d0a0b1-4bd9-4171-b421-d9e3c2b23ba5,,,,,animal,,Equus caballus,,,,,,,,,,,,,machine,CLIP zero-shot,2026-08-18T21:19:49,0.3206,,Caballo
,CT19,SynologyDrive,11200178.JPG,CT19, 2025-11-20 12:34:36,3272e3b9-59c6-47d8-b6f4-5d0009a78e85,,,,,false,,image/jpeg,,false,,1fca41f7-5910-4bc9-9f85-3cedd420b8cf,,,,,animal,,Equus caballus,,,,,,,,,,,,,machine,CLIP zero-shot,2026-08-18T21:19:49,0.3247,,Caballo
,CT19,SynologyDrive,11200179.JPG,CT19, 2025-11-20 12:34:36,b9d782bd-e614-42ee-8f04-378f16333f65,,,,,false,,image/jpeg,,false,,6d3f7b4a-18d1-494f-ac73-696a85fc9b26,,,,,animal,,Equus caballus,,,,,,,,,,,,,machine,CLIP zero-shot,2026-08-18T21:19:49,0.3284,,Caballo
,CT19,SynologyDrive,11200181.JPG,CT19, 2025-11-20 12:34:58,46d884cc-da1d-4a6a-92fe-5fd36d14009f,,,,,false,,image/jpeg,,false,,70af556f-9df2-49d5-8409-6c300d046963,,,,,animal,,Equus caballus,,,,,,,,,,,,,machine,CLIP zero-shot,2026-08-18T21:19:49,0.325,,Caballo
,CT19,SynologyDrive,11200182.JPG,CT19, 2025-11-20 12:34:59,4b148095-dbda-457a-9b9f-0e67b0976324,,,,,false,,image/jpeg,,false,,ab08a454-2e79-443a-a787-844835088333,,,,,animal,,Equus caballus,,,,,,,,,,,,,machine,CLIP zero-shot,2026-08-18T21:19:49,0.322,,Caballo
,CT19,SynologyDrive,11200184.JPG,CT19, 2025-11-20 12:35:32,578cd436-702a-4618-8cf2-8eff8a2f55b0,,,,,false,,image/jpeg,,false,,25d0ef94-87d7-4b74-ace1-7f318194517d,,,,,animal,,Equus caballus,,,,,,,,,,,,,machine,CLIP zero-shot,2026-08-18T21:19:49,0.3201,,Caballo
,CT19,SynologyDrive,11200185.JPG,CT19, 2025-11-20 12:35:33,cc21e46f-6127-4e8b-9649-66075d973d9d,,,,,false,,image/jpeg,,false,,59732231-b6aa-401b-8e76-0ad829b273bf,,,,,animal,,Equus caballus,,,,,,,,,,,,,machine,CLIP zero-shot,2026-08-18T21:19:49,0.3356,,Caballo
,CT20,SynologyDrive,06190004.JPG,CT20, 2025-06-19 04:22:37,271b50e6-6865-426c-b61c-d0939dadb313,,,,,false,,image/jpeg,,false,,606d5ba0-34c8-49d1-b601-ff2d74c29675,,,,,animal,,Dromiciops gliroides,,,,,,,,,,,,,machine,CLIP zero-shot,2026-08-18T21:19:49,0.2922,,Monito del monte
,CT20,SynologyDrive,06220008.JPG,CT20, 2025-06-22 23:12:54,1a0ff29d-bc7b-412a-a45c-9f761ea70b28,,,,,false,,image/jpeg,,false,,af25545c-49a0-4100-a318-0762f9290553,,,,,animal,,,,,,,,,,,,,,,machine,CLIP zero-shot,2026-08-18T21:19:49,0.2681,,No reconocible
,CT20,SynologyDrive,06280012.JPG,CT20, 2025-06-28 01:23:55,9cb4a3ef-3c51-4d39-a45c-e666889aecf7,,,,,false,,image/jpeg,,false,,199fe0c3-ab5f-4602-9224-989195e95959,,,,,animal,,Dromiciops gliroides,,,,,,,,,,,,,machine,CLIP zero-shot,2026-08-18T21:19:49,0.2903,,Monito del monte
,CT20,SynologyDrive,06280016.JPG,CT20, 2025-06-28 01:46:18,b6da1942-547b-4d33-a94b-14b702ba10b1,,,,,false,,image/jpeg,,false,,a3b210dd-4e26-455b-805d-4360c89a62bc,,,,,animal,,,,,,,,,,,,,,,machine,CLIP zero-shot,2026-08-18T21:19:49,0.2605,,No reconocible
,CT20,SynologyDrive,06280020.JPG,CT20, 2025-06-28 01:46:56,9e1e4e23-b13f-4a39-bd80-5fe83e34229f,,,,,false,,image/jpeg,,false,,40b7a823-a95a-44a1-bd12-e7565b1dad7e,,,,,animal,,Equus caballus,,,,,,,,,,,,,machine,CLIP zero-shot,2026-08-18T21:19:49,0.2844,,Caballo
,CT20,SynologyDrive,06280024.JPG,CT20, 2025-06-28 02:01:36,e64a7e37-82c7-480a-bd1a-44311366274b,,,,,false,,image/jpeg,,false,,ed767536-4068-4808-b0f6-e027dca19b39,,,,,animal,,,,,,,,,,,,,,,machine,CLIP zero-shot,2026-08-18T21:19:49,0.2781,,No reconocible
,CT20,SynologyDrive,06290039.JPG,CT20, 2025-06-29 01:45:58,8e99cc3e-cb75-4601-9661-7657267bd03e,,,,,false,,image/jpeg,,false,,bb1aa948-854a-44a9-82b8-937cace4b1d5,,,,,animal,,Leopardus guigna,,,,,,,,,,,,,machine,CLIP zero-shot,2026-08-18T21:19:49,0.3113,,Guiña
,CT20,SynologyDrive,06290048.JPG,CT20, 2025-06-29 06:12:57,83619136-c691-401f-9053-cdb53c40a817,,,,,false,,image/jpeg,,false,,1eb7b34b-5865-4364-a44a-e8ba7b138d5c,,,,,animal,,Aphrastura spinicauda,,,,,,,,,,,,,machine,CLIP zero-shot,2026-08-18T21:19:49,0.2873,,Rayadito
,CT20,SynologyDrive,06290051.JPG,CT20, 2025-06-29 06:30:14,2c1c4037-f661-4ee0-ad61-d349e51b6bc8,,,,,false,,image/jpeg,,false,,5f31e99d-1f13-4b35-9422-a9402b90f8b2,,,,,animal,,Leopardus guigna,,,,,,,,,,,,,machine,CLIP zero-shot,2026-08-18T21:19:49,0.3174,,Guiña
,CT20,SynologyDrive,06290054.JPG,CT20, 2025-06-29 18:08:39,01b5b83a-5596-4d5c-9609-5d4011be4718,,,,,false,,image/jpeg,,false,,a2bd817d-440a-42a3-b432-006e17ee14c7,,,,,animal,,Pteroptochos tectus,,,,,,,,,,,,,machine,CLIP zero-shot,2026-08-18T21:19:49,0.3095,,Hued hued
,CT20,SynologyDrive,06290055.JPG,CT20, 2025-06-29 18:08:40,8ee72b98-b30d-4309-8c2e-b52b8e292d6c,,,,,false,,image/jpeg,,false,,ae193361-f9d0-4ac3-a9a1-0f1f15097f2a,,,,,animal,,Lepus europaeus,,,,,,,,,,,,,machine,CLIP zero-shot,2026-08-18T21:19:49,0.2957,,Liebre
,CT20,SynologyDrive,06290057.JPG,CT20, 2025-06-29 18:09:35,3d80f0ca-87e4-472b-9449-cfbe4dec2877,,,,,false,,image/jpeg,,false,,d375e127-ad81-4f17-a4e7-761ae76bc158,,,,,animal,,Sus scrofa,,,,,,,,,,,,,machine,CLIP zero-shot,2026-08-18T21:19:49,0.2848,,Jabalí
,CT20,SynologyDrive,06290058.JPG,CT20, 2025-06-29 18:09:35,47a85095-407c-4c41-8c76-afd04d788f9c,,,,,false,,image/jpeg,,false,,08a6b71c-4af0-42f1-a132-e705aa00128b,,,,,animal,,Sus scrofa,,,,,,,,,,,,,machine,CLIP zero-shot,2026-08-18T21:19:49,0.3091,,Jabalí
,CT20,SynologyDrive,06290059.JPG,CT20, 2025-06-29 18:09:36,6c1fc676-97de-47a4-a8e3-6f65d6d66670,,,,,false,,image/jpeg,,false,,9c932951-92e2-4807-afcd-9b6728e7b265,,,,,animal,,Lycalopex culpaeus,,,,,,,,,,,,,machine,CLIP zero-shot,2026-08-18T21:19:49,0.3087,,Zorro culpeo
,CT20,SynologyDrive,06290061.JPG,CT20, 2025-06-29 18:10:04,3524ab3b-f324-4d0c-a35a-5241227bc140,,,,,false,,image/jpeg,,false,,9c4c6429-f716-47e8-b0d8-9f6164c3e9d1,,,,,animal,,Leopardus guigna,,,,,,,,,,,,,machine,CLIP zero-shot,2026-08-18T21:19:49,0.3085,,Guiña
,CT20,SynologyDrive,06290062.JPG,CT20, 2025-06-29 18:10:05,587dc2cd-077e-4264-a350-72cc3f09a14e,,,,,false,,image/jpeg,,false,,760c3f4f-b9d7-4828-b953-cb08935b0461,,,,,animal,,Leopardus guigna,,,,,,,,,,,,,machine,CLIP zero-shot,2026-08-18T21:19:49,0.3162,,Guiña
,CT20,SynologyDrive,06290064.JPG,CT20, 2025-06-29 18:16:49,0bb408e5-6259-46f6-a7e6-33bcafb4248d,,,,,false,,image/jpeg,,false,,3ea6113a-83e1-4ca2-9a83-2df689ffdab1,,,,,animal,,Leopardus guigna,,,,,,,,,,,,,machine,CLIP zero-shot,2026-08-18T21:19:49,0.308,,Guiña
,CT20,SynologyDrive,06290067.JPG,CT20, 2025-06-29 18:30:15,93f86ab5-3cae-45c0-81ea-7b66a6ee6b86,,,,,false,,image/jpeg,,false,,0b609af1-01a6-46a8-ad3a-82c36348b6e0,,,,,animal,,Xolmis pyrope,,,,,,,,,,,,,machine,CLIP zero-shot,2026-08-18T21:19:49,0.2851,,Diucón
,CT20,SynologyDrive,06290070.JPG,CT20, 2025-06-29 18:30:35,c70f8593-ee7b-4ff2-8888-f6b9d772b40b,,,,,false,,image/jpeg,,false,,13f2050d-dcf7-48db-a7ff-9cd31df124fd,,,,,animal,,Puma concolor,,,,,,,,,,,,,machine,CLIP zero-shot,2026-08-18T21:19:49,0.3155,,Puma
,CT20,SynologyDrive,06290073.JPG,CT20, 2025-06-29 20:22:22,c62d41ec-1f2f-4df7-b0ec-be7ad7132e97,,,,,false,,image/jpeg,,false,,fea62c1d-c382-4736-bef8-6dee65aa87a4,,,,,animal,,Xolmis pyrope,,,,,,,,,,,,,machine,CLIP zero-shot,2026-08-18T21:19:49,0.3231,,Diucón
,CT20,SynologyDrive,06290076.JPG,CT20, 2025-06-29 20:22:51,0535654f-75a9-469b-8ab3-b016e510c356,,,,,false,,image/jpeg,,false,,1461290f-06f9-4813-b2a3-683d25143a5d,,,,,animal,,Leopardus guigna,,,,,,,,,,,,,machine,CLIP zero-shot,2026-08-18T21:19:49,0.3291,,Guiña
,CT20,SynologyDrive,06290079.JPG,CT20, 2025-06-29 20:35:51,5644a242-9cbd-4ac8-ae52-ef7e4285b51e,,,,,false,,image/jpeg,,false,,322144cc-a733-4c88-bae8-a70843eb87d6,,,,,animal,,Xolmis pyrope,,,,,,,,,,,,,machine,CLIP zero-shot,2026-08-18T21:19:49,0.2883,,Diucón
,CT20,SynologyDrive,06290082.JPG,CT20, 2025-06-29 20:50:31,3c986d61-799a-48c6-8724-9074e342d5bb,,,,,false,,image/jpeg,,false,,0d215120-745b-48e8-8ee0-f80e3923eab5,,,,,animal,,,,,,,,,,,,,,,machine,CLIP zero-shot,2026-08-18T21:19:49,0.2407,,No reconocible
,CT20,SynologyDrive,06300085.JPG,CT20, 2025-06-30 01:01:12,c79fd1bc-ac13-4bbb-bc84-39525145ba77,,,,,false,,image/jpeg,,false,,572e1bc5-e2e8-4147-89fd-47fec1c83480,,,,,animal,,Xolmis pyrope,,,,,,,,,,,,,machine,CLIP zero-shot,2026-08-18T21:19:49,0.3114,,Diucón
,CT20,SynologyDrive,06300091.JPG,CT20, 2025-06-30 01:16:33,284920b3-05a6-4852-986c-4fa1230aaca6,,,,,false,,image/jpeg,,false,,d08191ca-e9b6-41b3-9a41-60720ff94366,,,,,animal,,Xolmis pyrope,,,,,,,,,,,,,machine,CLIP zero-shot,2026-08-18T21:19:49,0.2911,,Diucón
,CT20,SynologyDrive,06300097.JPG,CT20, 2025-06-30 05:33:53,f8621c46-8f20-4fe8-9153-f851b53fe889,,,,,false,,image/jpeg,,false,,9faca7d7-bddb-4da5-b683-ae66d71ed0e2,,,,,animal,,Xolmis pyrope,,,,,,,,,,,,,machine,CLIP zero-shot,2026-08-18T21:19:49,0.2933,,Diucón
,CT20,SynologyDrive,06300100.JPG,CT20, 2025-06-30 18:50:44,3c11b1e0-d5e8-4ea6-afbc-1255c8c632d4,,,,,false,,image/jpeg,,false,,01c7fb44-dee8-4784-8bea-a36cf9c76ebf,,,,,animal,,Leopardus guigna,,,,,,,,,,,,,machine,CLIP zero-shot,2026-08-18T21:19:49,0.3056,,Guiña
,CT20,SynologyDrive,06300104.JPG,CT20, 2025-06-30 21:35:35,22c8f399-8882-4b7f-8421-4d910f99b151,,,,,false,,image/jpeg,,false,,233ab6d4-6af1-41ac-95f5-af0ea64da423,,,,,animal,,Leopardus guigna,,,,,,,,,,,,,machine,CLIP zero-shot,2026-08-18T21:19:49,0.3272,,Guiña
,CT20,SynologyDrive,07010107.JPG,CT20, 2025-07-01 01:39:59,a1285017-6820-4f1c-80d0-b533331fde3a,,,,,false,,image/jpeg,,false,,47f318a0-3f83-44a3-b929-be97b0a82932,,,,,animal,,Xolmis pyrope,,,,,,,,,,,,,machine,CLIP zero-shot,2026-08-18T21:19:49,0.2908,,Diucón
,CT20,SynologyDrive,07010110.JPG,CT20, 2025-07-01 02:13:55,2d01ee85-e65a-4af1-8fc0-04de7a27bc8b,,,,,false,,image/jpeg,,false,,e6200561-007d-423f-b041-05b1ced25128,,,,,animal,,Leopardus guigna,,,,,,,,,,,,,machine,CLIP zero-shot,2026-08-18T21:19:49,0.3239,,Guiña
,CT20,SynologyDrive,07040113.JPG,CT20, 2025-07-04 05:59:23,178083d9-ba66-4be9-ae08-fb1d636c1af9,,,,,false,,image/jpeg,,false,,194d4f40-e406-4767-85ec-2ad8323f5dd4,,,,,animal,,Xolmis pyrope,,,,,,,,,,,,,machine,CLIP zero-shot,2026-08-18T21:19:49,0.3064,,Diucón
,CT20,SynologyDrive,07040117.JPG,CT20, 2025-07-04 06:00:55,3694b0ef-9e77-475b-8f12-6e984f5fcf4c,,,,,false,,image/jpeg,,false,,8a94c09d-cbd8-4d48-b6b4-80862bae735a,,,,,animal,,Xolmis pyrope,,,,,,,,,,,,,machine,CLIP zero-shot,2026-08-18T21:19:49,0.3132,,Diucón
,CT20,SynologyDrive,07040121.JPG,CT20, 2025-07-04 06:01:28,b88882cf-f1ec-444f-a314-d6e06b9345bc,,,,,false,,image/jpeg,,false,,6ae8a3c1-477c-4cdc-b108-d62e5f189515,,,,,animal,,,,,,,,,,,,,,,machine,CLIP zero-shot,2026-08-18T21:19:49,0.2669,,No reconocible
,CT20,SynologyDrive,07050125.JPG,CT20, 2025-07-05 04:57:11,beed63df-be8d-43f4-973c-37790bdc3181,,,,,false,,image/jpeg,,false,,3663acf8-7968-49d5-9b0b-36e0d365bb9f,,,,,animal,,Leopardus guigna,,,,,,,,,,,,,machine,CLIP zero-shot,2026-08-18T21:19:49,0.2882,,Guiña
,CT20,SynologyDrive,07050129.JPG,CT20, 2025-07-05 06:03:34,c8a665a0-6556-4ac8-a9f1-6ad792b32c00,,,,,false,,image/jpeg,,false,,a3c02ce4-a638-4325-83ee-f9a26e190f3f,,,,,animal,,Leopardus guigna,,,,,,,,,,,,,machine,CLIP zero-shot,2026-08-18T21:19:49,0.3109,,Guiña
,CT20,SynologyDrive,07050132.JPG,CT20, 2025-07-05 06:03:59,6e7c6c10-5f0e-4439-9050-040c879098cf,,,,,false,,image/jpeg,,false,,db1396bf-8bd0-4bf4-b256-ab7af941da00,,,,,animal,,Xolmis pyrope,,,,,,,,,,,,,machine,CLIP zero-shot,2026-08-18T21:19:49,0.2879,,Diucón
,CT20,SynologyDrive,07110140.JPG,CT20, 2025-07-11 20:56:09,b79942f1-8fa6-4ea3-b740-09ed1fa76e16,,,,,false,,image/jpeg,,false,,45d3fea3-ea28-42bd-8f1e-7c8b2d5fad56,,,,,animal,,Xolmis pyrope,,,,,,,,,,,,,machine,CLIP zero-shot,2026-08-18T21:19:49,0.3057,,Diucón
,CT20,SynologyDrive,07140150.JPG,CT20, 2025-07-14 00:43:59,5c7fc75a-2d94-4987-b92b-3b53c46dda3b,,,,,false,,image/jpeg,,false,,2cb627a5-06ef-4a31-bb82-8c93eed79f9b,,,,,animal,,Felis catus,,,,,,,,,,,,,machine,CLIP zero-shot,2026-08-18T21:19:49,0.2917,,Gato doméstico
,CT20,SynologyDrive,07170154.JPG,CT20, 2025-07-17 21:37:06,d8b947b0-ffd2-435a-8f87-8ecccd049250,,,,,false,,image/jpeg,,false,,78106747-0a5c-42c9-869d-7b4e81d14698,,,,,animal,,Xolmis pyrope,,,,,,,,,,,,,machine,CLIP zero-shot,2026-08-18T21:19:49,0.3055,,Diucón
,CT20,SynologyDrive,07170158.JPG,CT20, 2025-07-17 21:38:36,0bceaded-9dc3-48fb-8154-99c8baf5b9b0,,,,,false,,image/jpeg,,false,,0cedd52d-410d-4f0f-a27b-eb0b763e4550,,,,,animal,,Leopardus guigna,,,,,,,,,,,,,machine,CLIP zero-shot,2026-08-18T21:19:49,0.3022,,Guiña
,CT20,SynologyDrive,08060164.JPG,CT20, 2025-08-06 20:09:36,48b9ff71-e3da-41b5-941a-185d1e5a0e88,,,,,false,,image/jpeg,,false,,8c324e54-e317-4d2f-b2bb-4db897bdd511,,,,,animal,,,,,,,,,,,,,,,machine,CLIP zero-shot,2026-08-18T21:19:49,0.2765,,No reconocible
,CT20,SynologyDrive,08060168.JPG,CT20, 2025-08-06 23:51:51,2b8197f6-bfbf-4feb-9d64-d4be850ff88a,,,,,false,,image/jpeg,,false,,17c0e132-294b-4fe8-b2dd-dfc262b3db87,,,,,animal,,,,,,,,,,,,,,,machine,CLIP zero-shot,2026-08-18T21:19:49,0.2503,,No reconocible
,CT20,SynologyDrive,08060169.JPG,CT20, 2025-08-06 23:51:52,579a1032-e208-4e58-8d4b-a133b8b08b9c,,,,,false,,image/jpeg,,false,,a4296d84-3e15-4a52-8394-efc1e98378be,,,,,animal,,,,,,,,,,,,,,,machine,CLIP zero-shot,2026-08-18T21:19:49,0.2746,,No reconocible
,CT20,SynologyDrive,08070171.JPG,CT20, 2025-08-07 01:36:57,868810dd-d2d5-4c3b-8a22-f14c315c628e,,,,,false,,image/jpeg,,false,,107bd868-3f59-4e2a-a1b4-c4f5f15b8b12,,,,,animal,,Lycalopex culpaeus,,,,,,,,,,,,,machine,CLIP zero-shot,2026-08-18T21:19:49,0.3384,,Zorro culpeo
,CT20,SynologyDrive,08070174.JPG,CT20, 2025-08-07 04:11:51,ad7986b0-4302-4120-92ab-1ed94db6a2e3,,,,,false,,image/jpeg,,false,,658502c5-61fa-4485-8ea6-94f45f62ea8f,,,,,animal,,,,,,,,,,,,,,,machine,CLIP zero-shot,2026-08-18T21:19:49,0.2401,,No reconocible
,CT20,SynologyDrive,08070178.JPG,CT20, 2025-08-07 21:17:33,998e4edc-c73c-4c32-a8b9-a56031549a6b,,,,,false,,image/jpeg,,false,,9e361bcd-c9a7-4e24-85bd-8234602284f9,,,,,animal,,,,,,,,,,,,,,,machine,CLIP zero-shot,2026-08-18T21:19:49,0.2696,,No reconocible
,CT20,SynologyDrive,08080187.JPG,CT20, 2025-08-08 00:08:01,dfc2c990-d5f5-42fe-8629-3b335b4cf71e,,,,,false,,image/jpeg,,false,,a2da82dc-77d0-4d1f-acf3-93f0ff117df8,,,,,animal,,,,,,,,,,,,,,,machine,CLIP zero-shot,2026-08-18T21:19:49,0.2767,,No reconocible
,CT20,SynologyDrive,08080188.JPG,CT20, 2025-08-08 00:08:02,5a22079b-6e1c-41e0-9471-3026d65c69c3,,,,,false,,image/jpeg,,false,,6fcb0380-d517-4236-a16b-cb7c60e232f5,,,,,animal,,,,,,,,,,,,,,,machine,CLIP zero-shot,2026-08-18T21:19:49,0.2672,,No reconocible
,CT20,SynologyDrive,08190214.JPG,CT20, 2025-08-19 21:03:42,a3e4d700-23c4-4416-aa52-aae2efdcd6f5,,,,,false,,image/jpeg,,false,,843fd867-acfb-4bf2-af68-07ccd64646e3,,,,,animal,,,,,,,,,,,,,,,machine,CLIP zero-shot,2026-08-18T21:19:49,0.2401,,No reconocible
,CT20,SynologyDrive,08260218.JPG,CT20, 2025-08-26 04:56:23,1d6e447a-2a47-4dc6-b9f6-4c097f954bd7,,,,,false,,image/jpeg,,false,,0f546386-78ba-42c7-afc7-7b9824c0d28d,,,,,animal,,Puma concolor,,,,,,,,,,,,,machine,CLIP zero-shot,2026-08-18T21:19:49,0.3168,,Puma
,CT20,SynologyDrive,08260222.JPG,CT20, 2025-08-26 06:02:41,bf3d7be7-daac-455c-9874-37e193ecc1ca,,,,,false,,image/jpeg,,false,,791b11ad-341c-48c8-8445-5b9163956a92,,,,,animal,,,,,,,,,,,,,,,machine,CLIP zero-shot,2026-08-18T21:19:49,0.2738,,No reconocible
,CT20,SynologyDrive,08260226.JPG,CT20, 2025-08-26 07:37:56,8e70de1e-28bc-4549-badd-68c5ed83d375,,,,,false,,image/jpeg,,false,,cf8082a3-3767-4cc8-9040-20c0049a2e38,,,,,animal,,Lepus europaeus,,,,,,,,,,,,,machine,CLIP zero-shot,2026-08-18T21:19:49,0.3061,,Liebre
,CT20,SynologyDrive,08260229.JPG,CT20, 2025-08-26 19:16:35,28bf17b2-0a5d-4e32-b1a2-1b233b3dc533,,,,,false,,image/jpeg,,false,,b67ae5ec-3119-45c2-9edb-8ae8aa2a3f74,,,,,animal,,,,,,,,,,,,,,,machine,CLIP zero-shot,2026-08-18T21:19:49,0.2615,,No reconocible
,CT20,SynologyDrive,08260232.JPG,CT20, 2025-08-26 19:18:12,a478bc8e-f75f-44af-9e93-6c5c48bf6e8d,,,,,false,,image/jpeg,,false,,2018c23a-1b25-488f-86cf-152ecda63fcc,,,,,animal,,Xolmis pyrope,,,,,,,,,,,,,machine,CLIP zero-shot,2026-08-18T21:19:49,0.3068,,Diucón
,CT20,SynologyDrive,08270235.JPG,CT20, 2025-08-27 06:54:26,df9b2d47-4585-4007-8c15-dca145b41077,,,,,false,,image/jpeg,,false,,c8e8ad00-5c35-4401-8f28-01c8ae3d977e,,,,,animal,,Scelorchilus rubecula,,,,,,,,,,,,,machine,CLIP zero-shot,2026-08-18T21:19:49,0.285,,Chucao
,CT20,SynologyDrive,08270236.JPG,CT20, 2025-08-27 06:54:27,71006cee-e671-4be4-82e8-cc388df59be8,,,,,false,,image/jpeg,,false,,edc34ddf-8c79-48d8-8a66-cafb72a77b7d,,,,,animal,,Galictis cuja,,,,,,,,,,,,,machine,CLIP zero-shot,2026-08-18T21:19:49,0.3338,,Quique
,CT20,SynologyDrive,08300256.JPG,CT20, 2025-08-30 04:51:05,cad92f98-0343-4f30-8a2d-e2265edb4bd1,,,,,false,,image/jpeg,,false,,0c3e55b4-92aa-4c32-b4b8-f24d60f64ad5,,,,,animal,,Xolmis pyrope,,,,,,,,,,,,,machine,CLIP zero-shot,2026-08-18T21:19:49,0.3182,,Diucón
,CT20,SynologyDrive,08300260.JPG,CT20, 2025-08-30 04:53:11,ddbd0ed7-59de-4e23-8684-b5d65b69991b,,,,,false,,image/jpeg,,false,,e0055979-fc77-44ae-8239-7b2956c3edd0,,,,,animal,,Leopardus guigna,,,,,,,,,,,,,machine,CLIP zero-shot,2026-08-18T21:19:49,0.2881,,Guiña
,CT20,SynologyDrive,09110294.JPG,CT20, 2025-09-11 07:03:26,1cc10081-e1db-4a5f-a7f7-ecebf3e3e2c7,,,,,false,,image/jpeg,,false,,1a02b185-9c2d-4d8d-9c8e-ccf356f9ae8b,,,,,animal,,Canis lupus familiaris,,,,,,,,,,,,,machine,CLIP zero-shot,2026-08-18T21:19:49,0.3444,,Perro
,CT20,SynologyDrive,09110295.JPG,CT20, 2025-09-11 07:03:27,f5660557-0ad4-4185-9799-d83a74c3a1a4,,,,,false,,image/jpeg,,false,,ce7aebeb-6aea-4810-9f1e-1e1a27b1bce8,,,,,animal,,Canis lupus familiaris,,,,,,,,,,,,,machine,CLIP zero-shot,2026-08-18T21:19:49,0.3616,,Perro
,CT20,SynologyDrive,09150297.JPG,CT20, 2025-09-15 23:07:05,ab70f391-4b63-4199-8482-0b42841708ea,,,,,false,,image/jpeg,,false,,0a31715f-5cf7-466e-a149-727d53f1349a,,,,,animal,,Leopardus guigna,,,,,,,,,,,,,machine,CLIP zero-shot,2026-08-18T21:19:49,0.295,,Guiña
,CT20,SynologyDrive,09240304.JPG,CT20, 2025-09-24 23:06:07,ce92d35c-7f8b-4b13-869a-e0a261773c30,,,,,false,,image/jpeg,,false,,3e6a32b9-1c2f-467e-9bf1-b983316deeb7,,,,,animal,,Xolmis pyrope,,,,,,,,,,,,,machine,CLIP zero-shot,2026-08-18T21:19:49,0.2913,,Diucón
,CT20,SynologyDrive,09240308.JPG,CT20, 2025-09-24 23:06:28,058936c2-0946-40a1-997f-effc4b838ba0,,,,,false,,image/jpeg,,false,,c99b7aa4-b958-4b37-b244-c55e78f9dbce,,,,,animal,,Pteroptochos tectus,,,,,,,,,,,,,machine,CLIP zero-shot,2026-08-18T21:19:49,0.3051,,Hued hued
,CT20,SynologyDrive,09290312.JPG,CT20, 2025-09-29 07:13:27,d669213e-e743-4b74-a567-ed2b1259caed,,,,,false,,image/jpeg,,false,,b93c716b-cce1-40cd-8ffa-9f0484360443,,,,,animal,,Canis lupus familiaris,,,,,,,,,,,,,machine,CLIP zero-shot,2026-08-18T21:19:49,0.3233,,Perro
,CT20,SynologyDrive,09290313.JPG,CT20, 2025-09-29 07:13:28,b6ecd75a-42d0-4b93-b48f-e94468f6da88,,,,,false,,image/jpeg,,false,,ce483af8-b84a-427d-aa26-940787152671,,,,,animal,,Canis lupus familiaris,,,,,,,,,,,,,machine,CLIP zero-shot,2026-08-18T21:19:49,0.3022,,Perro
,CT20,SynologyDrive,09290315.JPG,CT20, 2025-09-29 07:14:16,3e51fb93-13e8-43c0-8a3a-7c039ff65034,,,,,false,,image/jpeg,,false,,57d10341-f4e2-4626-bec5-32bf797b865f,,,,,animal,,Galictis cuja,,,,,,,,,,,,,machine,CLIP zero-shot,2026-08-18T21:19:49,0.3252,,Quique
,CT20,SynologyDrive,09290316.JPG,CT20, 2025-09-29 07:14:17,edfb889a-96ab-4b2a-8c3a-1502b80a9107,,,,,false,,image/jpeg,,false,,6d958e81-91a9-4700-9a72-e658d5cbd7f2,,,,,animal,,Canis lupus familiaris,,,,,,,,,,,,,machine,CLIP zero-shot,2026-08-18T21:19:49,0.3291,,Perro
,CT20,SynologyDrive,09290318.JPG,CT20, 2025-09-29 07:14:39,20c1c3e9-2d4e-4a4c-94c2-1fe7f4bee89d,,,,,false,,image/jpeg,,false,,93ab07a2-d8eb-49be-8b67-52b1319dd5bd,,,,,animal,,Lycalopex culpaeus,,,,,,,,,,,,,machine,CLIP zero-shot,2026-08-18T21:19:49,0.3261,,Zorro culpeo
,CT20,SynologyDrive,09290319.JPG,CT20, 2025-09-29 07:14:40,14c1f080-cbdb-43a1-9626-a28c6e29c6c4,,,,,false,,image/jpeg,,false,,b0cd4c43-2186-4bc2-93e7-c4cc7cd37b11,,,,,animal,,Canis lupus familiaris,,,,,,,,,,,,,machine,CLIP zero-shot,2026-08-18T21:19:49,0.2811,,Perro
,CT20,SynologyDrive,10030321.JPG,CT20, 2025-10-03 00:40:19,d11c5e2c-0c70-47e9-8388-c933d8d336cb,,,,,false,,image/jpeg,,false,,98c1e3b5-a48e-4363-88e3-e1f83af5bc03,,,,,animal,,,,,,,,,,,,,,,machine,CLIP zero-shot,2026-08-18T21:19:49,0.2498,,No reconocible
,CT20,SynologyDrive,10220335.JPG,CT20, 2025-10-22 07:02:42,a77d251e-d644-454f-bc65-d49a24ddd2df,,,,,false,,image/jpeg,,false,,b2f4d737-36be-464f-aaeb-a89d40b1c05b,,,,,animal,,Pudu puda,,,,,,,,,,,,,machine,CLIP zero-shot,2026-08-18T21:19:49,0.3065,,Pudú
,CT20,SynologyDrive,10220336.JPG,CT20, 2025-10-22 07:02:43,f0bac0a1-3e58-4ed9-9e37-00b0c8440103,,,,,false,,image/jpeg,,false,,bf69ba15-794b-4650-bbed-1577a2460652,,,,,animal,,Canis lupus familiaris,,,,,,,,,,,,,machine,CLIP zero-shot,2026-08-18T21:19:49,0.3118,,Perro
,CT20,SynologyDrive,10220338.JPG,CT20, 2025-10-22 07:03:03,adb1217b-8160-4c4d-8815-7db7dca89404,,,,,false,,image/jpeg,,false,,0de4af2c-218d-4632-846d-9aeb73f7c917,,,,,animal,,,,,,,,,,,,,,,machine,CLIP zero-shot,2026-08-18T21:19:49,0.2774,,No reconocible
,CT20,SynologyDrive,10220341.JPG,CT20, 2025-10-22 07:06:00,858f9061-dc42-4f10-a735-c0d0bfc79eca,,,,,false,,image/jpeg,,false,,a9c8cdf9-125a-4da5-8b62-740a6ca12f1b,,,,,animal,,Lycalopex culpaeus,,,,,,,,,,,,,machine,CLIP zero-shot,2026-08-18T21:19:49,0.3124,,Zorro culpeo
,CT20,SynologyDrive,10220342.JPG,CT20, 2025-10-22 07:06:01,734da406-9acc-4782-a85a-0d8011ccec23,,,,,false,,image/jpeg,,false,,ec62c764-4fef-4d6f-8740-dbc9988d5944,,,,,animal,,Felis catus,,,,,,,,,,,,,machine,CLIP zero-shot,2026-08-18T21:19:49,0.2966,,Gato doméstico
,CT20,SynologyDrive,10300383.JPG,CT20, 2025-10-30 23:44:59,759bcac4-a77e-483a-a8ba-b90bb293946b,,,,,false,,image/jpeg,,false,,82bcde1e-916d-4418-8002-76821a56d675,,,,,animal,,Xolmis pyrope,,,,,,,,,,,,,machine,CLIP zero-shot,2026-08-18T21:19:49,0.3125,,Diucón
,CT20,SynologyDrive,11040387.JPG,CT20, 2025-11-04 01:12:19,4751f1ed-6fdb-44ef-b187-e8215fcb1020,,,,,false,,image/jpeg,,false,,73aa94ac-a306-4120-bf66-93fd2db6f45d,,,,,animal,,Xolmis pyrope,,,,,,,,,,,,,machine,CLIP zero-shot,2026-08-18T21:19:49,0.2989,,Diucón
,CT20,SynologyDrive,11140391.JPG,CT20, 2025-11-14 05:05:03,6a1d0863-6bf5-4b8f-9add-32751b79fbc3,,,,,false,,image/jpeg,,false,,37d1c221-d71f-4078-9b9e-018c86a639e6,,,,,animal,,Felis catus,,,,,,,,,,,,,machine,CLIP zero-shot,2026-08-18T21:19:49,0.326,,Gato doméstico
,CT20,SynologyDrive,11140392.JPG,CT20, 2025-11-14 05:05:04,219b3260-1039-4d22-b85c-87eba5a345ad,,,,,false,,image/jpeg,,false,,7e65a532-6e5f-4717-a086-48a13cb11ed9,,,,,animal,,,,,,,,,,,,,,,machine,CLIP zero-shot,2026-08-18T21:19:49,0.2689,,No reconocible
,CT21,SynologyDrive,06050001.JPG,CT21, 2025-06-05 13:47:49,d2fff629-de92-4a11-bd58-29df87de5b81,,,,,false,,image/jpeg,,false,,88dcca4c-c162-4e22-9a2a-c09d34c5ac2d,,,,,animal,,Abrothrix longipilis,,,,,,,,,,,,,machine,CLIP zero-shot,2026-08-18T21:19:49,0.3123,,Ratón cola larga
,CT21,SynologyDrive,07030010.JPG,CT21, 2025-07-03 09:34:50,a2fe0429-c682-432e-a3d1-c9d901d8e527,,,,,false,,image/jpeg,,false,,58ecaee2-9d28-4364-a642-827eb0ebbbcb,,,,,animal,,Sus scrofa,,,,,,,,,,,,,machine,CLIP zero-shot,2026-08-18T21:19:49,0.3074,,Jabalí
,CT21,SynologyDrive,07030011.JPG,CT21, 2025-07-03 09:34:51,fc333585-5d44-42fd-a1b4-4bb30692881c,,,,,false,,image/jpeg,,false,,7a599957-20b5-45dc-ac89-25afe5908c52,,,,,animal,,Sus scrofa,,,,,,,,,,,,,machine,CLIP zero-shot,2026-08-18T21:19:49,0.339,,Jabalí
,CT21,SynologyDrive,07030012.JPG,CT21, 2025-07-03 09:34:52,18340d4a-d3ea-409c-8dfb-2ec7f7b75916,,,,,false,,image/jpeg,,false,,cd8d9c42-7293-49de-8131-8c6310c4163b,,,,,animal,,Sus scrofa,,,,,,,,,,,,,machine,CLIP zero-shot,2026-08-18T21:19:49,0.3178,,Jabalí
,CT21,SynologyDrive,07030013.JPG,CT21, 2025-07-03 09:35:19,39edc87b-bcb2-401d-9fdd-13b9f6eb49e0,,,,,false,,image/jpeg,,false,,4a8fc24d-b3e1-41ea-af74-c043cc27eeb1,,,,,animal,,Sus scrofa,,,,,,,,,,,,,machine,CLIP zero-shot,2026-08-18T21:19:49,0.3147,,Jabalí
,CT21,SynologyDrive,07030014.JPG,CT21, 2025-07-03 09:35:20,664878da-fbd2-4330-86e8-74cb30ccb3b2,,,,,false,,image/jpeg,,false,,1682b2ac-9228-4d08-865d-5396260de27c,,,,,animal,,Sus scrofa,,,,,,,,,,,,,machine,CLIP zero-shot,2026-08-18T21:19:49,0.3031,,Jabalí
,CT21,SynologyDrive,07030015.JPG,CT21, 2025-07-03 09:35:20,374e0bc7-3f82-4804-b7d2-3c02fe5aa77c,,,,,false,,image/jpeg,,false,,9be8c497-56f7-4155-9f73-8980df1cc2d2,,,,,animal,,Sus scrofa,,,,,,,,,,,,,machine,CLIP zero-shot,2026-08-18T21:19:49,0.3377,,Jabalí
,CT21,SynologyDrive,07030016.JPG,CT21, 2025-07-03 09:35:24,44fa2f92-2510-4964-b851-f537a1095590,,,,,false,,image/jpeg,,false,,f4689053-52af-4f3d-8877-9f5f1f4d7862,,,,,animal,,Felis catus,,,,,,,,,,,,,machine,CLIP zero-shot,2026-08-18T21:19:49,0.2939,,Gato doméstico
,CT21,SynologyDrive,10020037.JPG,CT21, 2025-10-02 09:31:01,d05a5082-660c-451f-9a39-1a7ed3a1e587,,,,,false,,image/jpeg,,false,,a49cb155-b1d9-4110-a13a-7aacbba79d53,,,,,animal,,Sus scrofa,,,,,,,,,,,,,machine,CLIP zero-shot,2026-08-18T21:19:49,0.2996,,Jabalí
,CT23,SynologyDrive,08070418.JPG,CT23, 2025-08-07 19:42:06,aa7eb93f-c5b0-4c36-b7e1-63b1af0f8cfc,,,,,false,,image/jpeg,,false,,2624b04a-9844-455b-a41a-f27e7e1f1257,,,,,animal,,Strix rufipes,,,,,,,,,,,,,machine,CLIP zero-shot,2026-08-18T21:19:49,0.2835,,Concón
,CT23,SynologyDrive,08080481.JPG,CT23, 2025-08-08 00:14:52,e3ea4410-7e58-401c-b3e7-bc8cab728169,,,,,false,,image/jpeg,,false,,bf61e1f9-61a3-4987-a0c5-be4cda2d5aa6,,,,,animal,,,,,,,,,,,,,,,machine,CLIP zero-shot,2026-08-18T21:19:49,0.2774,,No reconocible
,CT23,SynologyDrive,08290582.JPG,CT23, 2025-08-29 15:37:14,0030996b-01c0-4364-8634-f5b3eb38a861,,,,,false,,image/jpeg,,false,,3bdc225b-a26e-467a-8fe8-ee20560abefd,,,,,animal,,Scelorchilus rubecula,,,,,,,,,,,,,machine,CLIP zero-shot,2026-08-18T21:19:49,0.3055,,Chucao
,CT23,SynologyDrive,09050683.JPG,CT23, 2025-09-05 01:55:22,2189c6be-b4c2-4ca7-8019-e2de8c0081f1,,,,,false,,image/jpeg,,false,,f2d43361-aecb-4c6e-82d2-2fcc3a04dcd4,,,,,animal,,,,,,,,,,,,,,,machine,CLIP zero-shot,2026-08-18T21:19:49,0.2743,,No reconocible
,CT23,SynologyDrive,09050689.JPG,CT23, 2025-09-05 02:24:25,e56acfbb-d605-4027-8cdd-36c88f9a698e,,,,,false,,image/jpeg,,false,,d6021bf8-9ae0-4c33-b52b-cb8bc6ea54c0,,,,,animal,,Strix rufipes,,,,,,,,,,,,,machine,CLIP zero-shot,2026-08-18T21:19:49,0.3113,,Concón
,CT23,SynologyDrive,11050115.JPG,CT23, 2025-11-05 05:49:46,1bd26c9e-f039-45f7-ae56-17b8ec59111f,,,,,false,,image/jpeg,,false,,2fadbc26-d3a6-4bd0-bd05-51800588a10c,,,,,animal,,,,,,,,,,,,,,,machine,CLIP zero-shot,2026-08-18T21:19:49,0.237,,No reconocible
,CT23,SynologyDrive,11080403.JPG,CT23, 2025-11-08 01:26:42,1071becc-2b1d-410e-b58b-18995e987401,,,,,false,,image/jpeg,,false,,cad41e3f-89d4-45a6-8d31-d459b29c36fa,,,,,animal,,Strix rufipes,,,,,,,,,,,,,machine,CLIP zero-shot,2026-08-18T21:19:49,0.319,,Concón
,CT23,SynologyDrive,11090666.JPG,CT23, 2025-11-09 04:37:26,e99db89d-00be-42dc-a3e0-b7c28cc813af,,,,,false,,image/jpeg,,false,,40dcf653-d372-4cd1-a651-5a041d4aaaad,,,,,animal,,,,,,,,,,,,,,,machine,CLIP zero-shot,2026-08-18T21:19:49,0.2427,,No reconocible
,CT23,SynologyDrive,11090749.JPG,CT23, 2025-11-09 08:02:02,fbf2b99f-fea5-4366-ae29-9edc1e45caa6,,,,,false,,image/jpeg,,false,,8c5d1bcf-2742-4d9f-9eb0-9e0a70b44b12,,,,,animal,,Strix rufipes,,,,,,,,,,,,,machine,CLIP zero-shot,2026-08-18T21:19:49,0.2979,,Concón
,CT23,SynologyDrive,11090815.JPG,CT23, 2025-11-09 10:10:47,96df2b61-4667-430f-a17a-6cc66313cb09,,,,,false,,image/jpeg,,false,,70e507c5-5977-49e3-b5f0-2cc8ad36f8f8,,,,,animal,,Turdus falcklandii,,,,,,,,,,,,,machine,CLIP zero-shot,2026-08-18T21:19:49,0.3124,,Zorzal
,CT23,SynologyDrive,12010953.JPG,CT23, 2025-12-01 15:24:28,b28888ae-7c36-40b9-b670-9afeb63acc59,,,,,false,,image/jpeg,,false,,c7c36c50-ee59-47a5-baf4-90b9ddff6d82,,,,,animal,,Leopardus guigna,,,,,,,,,,,,,machine,CLIP zero-shot,2026-08-18T21:19:49,0.3063,,Guiña
,CT23,SynologyDrive,12190053.JPG,CT23, 2025-12-19 11:00:02,636a00da-aedf-416c-9e14-c2a2b2d27d1d,,,,,false,,image/jpeg,,false,,e551daf0-fa1e-4d9d-9543-86262f74ff9f,,,,,animal,,Sephanoides sephaniodes,,,,,,,,,,,,,machine,CLIP zero-shot,2026-08-18T21:19:49,0.3233,,Picaflor
,CT23,SynologyDrive,12190064.JPG,CT23, 2025-12-19 11:36:50,0b926680-a9f4-42a9-a526-04fd388c1170,,,,,false,,image/jpeg,,false,,fbf638f7-c4fb-43b5-be4c-d958949159e1,,,,,animal,,Strix rufipes,,,,,,,,,,,,,machine,CLIP zero-shot,2026-08-18T21:19:49,0.3182,,Concón
,CT23,SynologyDrive,12300119.JPG,CT23, 2025-12-30 10:00:46,f2199441-9888-4474-b4d4-4b67403c2b6a,,,,,false,,image/jpeg,,false,,6fcab649-aa30-4370-b845-845e0d4cca5d,,,,,animal,,Sephanoides sephaniodes,,,,,,,,,,,,,machine,CLIP zero-shot,2026-08-18T21:19:49,0.3225,,Picaflor
,CT23,SynologyDrive,12300130.JPG,CT23, 2025-12-30 10:10:16,69dd0377-dc06-42d5-ac6c-7bf54e889fb5,,,,,false,,image/jpeg,,false,,930f6972-d50f-4812-ad78-9a23b6c9c49a,,,,,animal,,Sephanoides sephaniodes,,,,,,,,,,,,,machine,CLIP zero-shot,2026-08-18T21:19:49,0.3105,,Picaflor
,CT23,SynologyDrive,01030300.JPG,CT23, 2026-01-03 16:07:36,6a26ba6e-812a-439a-bd9d-e81089ec02ea,,,,,false,,image/jpeg,,false,,dbda0569-fe32-4ee2-b962-d33ff9878a52,,,,,animal,,Sephanoides sephaniodes,,,,,,,,,,,,,machine,CLIP zero-shot,2026-08-18T21:19:49,0.3216,,Picaflor
,CT24,SynologyDrive,06100003.JPG,CT24, 2025-06-10 13:06:16,7daa68c5-41f5-4361-a411-a2bca3bf8cb1,,,,,false,,image/jpeg,,false,,07e2bbef-0b2f-4d76-ab62-3a03800e46ad,,,,,animal,,Xolmis pyrope,,,,,,,,,,,,,machine,CLIP zero-shot,2026-08-18T21:19:49,0.3049,,Diucón
,CT24,SynologyDrive,06100004.JPG,CT24, 2025-06-10 13:06:20,cac1b208-982e-4ece-be1f-292aba05e688,,,,,false,,image/jpeg,,false,,895b2f95-c863-4a29-908c-3c22bedd8622,,,,,animal,,Felis catus,,,,,,,,,,,,,machine,CLIP zero-shot,2026-08-18T21:19:49,0.3114,,Gato doméstico
,CT24,SynologyDrive,06100005.JPG,CT24, 2025-06-10 13:06:21,ad926f3c-8684-4d67-946f-362a872dc4b3,,,,,false,,image/jpeg,,false,,84a497ef-58e6-4123-a410-2532b377c73b,,,,,animal,,Scelorchilus rubecula,,,,,,,,,,,,,machine,CLIP zero-shot,2026-08-18T21:19:49,0.3309,,Chucao
,CT24,SynologyDrive,06100006.JPG,CT24, 2025-06-10 13:06:23,85470e32-dd1b-42df-8b18-af994f71ba61,,,,,false,,image/jpeg,,false,,30307723-7521-4d75-9ad7-6fdda02c9fdb,,,,,animal,,Xolmis pyrope,,,,,,,,,,,,,machine,CLIP zero-shot,2026-08-18T21:19:49,0.3403,,Diucón
,CT24,SynologyDrive,08300028.JPG,CT24, 2025-08-30 03:05:10,bda79ad0-b1bf-4314-9c13-03becda187ff,,,,,false,,image/jpeg,,false,,721f277a-8047-4478-b841-9fea7d3d90b0,,,,,animal,,Pudu puda,,,,,,,,,,,,,machine,CLIP zero-shot,2026-08-18T21:19:49,0.3091,,Pudú
,CT24,SynologyDrive,08300029.JPG,CT24, 2025-08-30 03:05:11,587dc4a3-462c-4dd1-94ca-4d080ec34c31,,,,,false,,image/jpeg,,false,,6f3cc79b-86a3-4b32-a03a-220ee7e17739,,,,,animal,,Galictis cuja,,,,,,,,,,,,,machine,CLIP zero-shot,2026-08-18T21:19:49,0.3396,,Quique
,CT24,SynologyDrive,08300030.JPG,CT24, 2025-08-30 03:05:12,3b83d6e1-aa1a-4d54-b2a0-72de848cf0fc,,,,,false,,image/jpeg,,false,,9fb021d6-3a63-444f-9ddf-15ae2fb51b56,,,,,animal,,,,,,,,,,,,,,,machine,CLIP zero-shot,2026-08-18T21:19:49,0.2757,,No reconocible
,CT24,SynologyDrive,09240049.JPG,CT24, 2025-09-24 16:45:02,c0f99ca0-096a-46a2-8f7e-1db13acc7d66,,,,,false,,image/jpeg,,false,,15379e8d-2d82-4dd1-a90c-36b765b0be8e,,,,,animal,,Lycalopex culpaeus,,,,,,,,,,,,,machine,CLIP zero-shot,2026-08-18T21:19:49,0.3309,,Zorro culpeo
,CT24,SynologyDrive,09240050.JPG,CT24, 2025-09-24 16:45:03,80ea66bb-f881-451c-9fce-9273812db63d,,,,,false,,image/jpeg,,false,,cebcb0c1-ab77-4037-b605-f8d058498dbc,,,,,animal,,Lycalopex culpaeus,,,,,,,,,,,,,machine,CLIP zero-shot,2026-08-18T21:19:49,0.3299,,Zorro culpeo
,CT24,SynologyDrive,09240051.JPG,CT24, 2025-09-24 16:45:04,df5c375b-9fdb-49e8-b87b-770be1b5add9,,,,,false,,image/jpeg,,false,,64d9f379-3a49-4ebe-966a-f41fc7fef2bf,,,,,animal,,Lycalopex culpaeus,,,,,,,,,,,,,machine,CLIP zero-shot,2026-08-18T21:19:49,0.304,,Zorro culpeo
,CT24,SynologyDrive,10080106.JPG,CT24, 2025-10-08 13:18:42,a0c6cb71-0504-499e-99c0-c91bc4f2a231,,,,,false,,image/jpeg,,false,,2b138337-0d3f-464b-88d5-b4a4548cf5fe,,,,,animal,,Strix rufipes,,,,,,,,,,,,,machine,CLIP zero-shot,2026-08-18T21:19:49,0.3111,,Concón
,CT24,SynologyDrive,10220313.JPG,CT24, 2025-10-22 11:07:12,8c5c053f-2d93-4c3c-9df0-e42ab4f78148,,,,,false,,image/jpeg,,false,,cb886d12-9b7c-442b-8f60-4d512a786d09,,,,,animal,,Galictis cuja,,,,,,,,,,,,,machine,CLIP zero-shot,2026-08-18T21:19:49,0.3357,,Quique
,CT24,SynologyDrive,10270371.JPG,CT24, 2025-10-27 14:18:51,756964de-e14d-48b6-91bc-6ea80e45378c,,,,,false,,image/jpeg,,false,,667c0fec-a3ee-420b-a7ec-f330a9f0aa51,,,,,animal,,Scelorchilus rubecula,,,,,,,,,,,,,machine,CLIP zero-shot,2026-08-18T21:19:49,0.3451,,Chucao
,CT24,SynologyDrive,10300396.JPG,CT24, 2025-10-30 13:54:28,2999c33a-1b4a-4ffd-8b5d-626c366c82c1,,,,,false,,image/jpeg,,false,,84c23df7-02f7-4ebb-b899-68d3f5f9cfbc,,,,,animal,,Dromiciops gliroides,,,,,,,,,,,,,machine,CLIP zero-shot,2026-08-18T21:19:49,0.3254,,Monito del monte
,CT24,SynologyDrive,10300404.JPG,CT24, 2025-10-30 14:05:40,43560767-ac8c-494f-a49f-e707c610901d,,,,,false,,image/jpeg,,false,,560948cc-c9a5-474e-a565-127e8b374e0c,,,,,animal,,Dromiciops gliroides,,,,,,,,,,,,,machine,CLIP zero-shot,2026-08-18T21:19:49,0.2985,,Monito del monte
,CT24,SynologyDrive,10300410.JPG,CT24, 2025-10-30 14:08:36,46365fad-7cb8-4a22-a824-fc2687de5429,,,,,false,,image/jpeg,,false,,97125bc2-ecd7-4622-b6bc-9a285b792aa3,,,,,animal,,Dromiciops gliroides,,,,,,,,,,,,,machine,CLIP zero-shot,2026-08-18T21:19:49,0.3058,,Monito del monte
,CT24,SynologyDrive,11290417.JPG,CT24, 2025-11-29 14:00:59,612e84a7-074d-4906-a245-9e6ce9bab343,,,,,false,,image/jpeg,,false,,7a7f6163-dbda-4a9a-8f90-6fc881d44890,,,,,animal,,Phrygilus gayi,,,,,,,,,,,,,machine,CLIP zero-shot,2026-08-18T21:19:49,0.3181,,Cometocino
,CT24,SynologyDrive,01030433.JPG,CT24, 2026-01-03 11:55:12,b4439622-bf7d-4ef3-a44d-44bd928008bd,,,,,false,,image/jpeg,,false,,5d2adbed-e1a6-401f-8d3d-12e9e097b076,,,,,animal,,Abrothrix longipilis,,,,,,,,,,,,,machine,CLIP zero-shot,2026-08-18T21:19:49,0.3335,,Ratón cola larga
,CT24,SynologyDrive,01140442.JPG,CT24, 2026-01-14 10:19:03,1b055e32-1773-49f1-92ac-bdcd6a07bee8,,,,,false,,image/jpeg,,false,,42768b48-68a0-4c78-b9e6-9fb483846e97,,,,,animal,,,,,,,,,,,,,,,machine,CLIP zero-shot,2026-08-18T21:19:49,0.2098,,No reconocible
,CT25,SynologyDrive,06260001.JPG,CT25, 2025-06-26 02:51:11,1d68767c-a4dc-4a5c-8b03-657558658e50,,,,,false,,image/jpeg,,false,,7e4327d9-7ec7-4dc2-b11d-1c26c506f48f,,,,,animal,,,,,,,,,,,,,,,machine,CLIP zero-shot,2026-08-18T21:19:49,0.2669,,No reconocible
,CT25,SynologyDrive,08220006.JPG,CT25, 2025-08-22 02:04:15,0752cdf2-55b1-4f9b-a372-a9ba844030b9,,,,,false,,image/jpeg,,false,,a33dfa9b-6838-46a7-94cb-822137620936,,,,,animal,,,,,,,,,,,,,,,machine,CLIP zero-shot,2026-08-18T21:19:49,0.2438,,No reconocible
,CT25,SynologyDrive,09060016.JPG,CT25, 2025-09-06 20:46:05,b992a9d3-4cb2-45a2-a87f-ebdc3b519501,,,,,false,,image/jpeg,,false,,32a09ba6-40e8-4bdc-8ee6-9cf14e7b389c,,,,,animal,,Strix rufipes,,,,,,,,,,,,,machine,CLIP zero-shot,2026-08-18T21:19:49,0.2893,,Concón
,CT25,SynologyDrive,09070019.JPG,CT25, 2025-09-07 02:18:57,e5b98cbc-c94e-402b-8827-371ce338606a,,,,,false,,image/jpeg,,false,,5418648c-3db9-4ab4-b26a-58da55dc3fdd,,,,,animal,,Pteroptochos tectus,,,,,,,,,,,,,machine,CLIP zero-shot,2026-08-18T21:19:49,0.332,,Hued hued
,CT26,SynologyDrive,07070007.JPG,CT26, 2025-07-07 19:04:39,f9f08f2e-9e53-443c-a9be-bdbb993f933c,,,,,false,,image/jpeg,,false,,12693a42-68bd-43b2-ad61-b84724202660,,,,,animal,,Felis catus,,,,,,,,,,,,,machine,CLIP zero-shot,2026-08-18T21:19:49,0.3588,,Gato doméstico
,CT26,SynologyDrive,07180010.JPG,CT26, 2025-07-18 03:13:04,b03183a9-0c78-4a60-a847-bc1d3a0cddbe,,,,,false,,image/jpeg,,false,,04ff813d-0da7-4929-9a1c-6106a0796906,,,,,animal,,,,,,,,,,,,,,,machine,CLIP zero-shot,2026-08-18T21:19:49,0.2736,,No reconocible
